inventory_id,selection_basis,relevance,report_path_at_ebcdcad,report_section_locator,claim_or_cell_to_recheck,prior_pin,new_compatible_pin,source_delta_codes,current_source_observation,targeted_execution_needed,bounded_followup,required_local_tool_or_install,runtime_status,original_classification,original_cohort,source_relation
R003,metadata_or_cohort,direct_or_full_bundle,reports/aeneas-architecture-translation-pipeline-nightly-2026-06-03/REPORT.md,"## Summary; ### Types, globals, signatures, functions, traits, and impls have separate translation steps","At `AeneasVerif/aeneas@ac9f1bc5262a5e4ff1e24ca78617121382202727`, Aeneas is a staged compiler from Charon's serialized LLBC to a proof-assistant program. The normal path is not a direct LLBC-to-Lean printer. It is:",Aeneas ac9f1bc5 + Charon a535e914 + Lean 4.30.0-rc2 + Charon Rust nightly-2026-05-31 where those layers are in this report,Aeneas 0855ce1b + Charon e435e5f3 + Lean 4.31.0 + Charon Rust nightly-2026-09-17; standalone Charon 2804f2d is separate,"P0,A1,C1,A2,L1,A6,C2","The exact compatible Aeneas/Charon/Lean/Rust pins changed. Current Aeneas source adds optional `-emit-json`/`translation.json` and still parses one LLBC file. Paired Charon AST/extraction source changed, including `ItemMeta.started_from`. Current source defaults to Lean module-system output. Aeneas backend selects Lean 4.31.0. Lean support models and proof tactics changed. Paired Charon selects Rust nightly-2026-09-17. No new fixture, package, or runtime result was observed.",yes_for_new_runtime_or_package_claim,"Regenerate the prior model with the compatible bundle; rebuild all Lean 4.31 OLeans and replay the report’s exact batch/server goal, import or artifact cell.",Aeneas nightly-2026.09.30 macOS arm64 archive; paired Charon e435e5f; Rust nightly-2026-09-17 + rustc-dev/llvm-tools/rust-src/miri; Lean/Lake 4.31.0 for Lean output. OCaml/Dune only for library-API cells.,No newer Aeneas/Charon/Lean/Rust executable or package was run; source/release inspection only.,newer_version_recheck,Aeneas nightly-2026.06.03 + paired Charon (Lean 4.30.0-rc2 for output),direct_or_full_bundle
R004,metadata_or_cohort,direct_or_full_bundle,reports/aeneas-charon-compatibility-nightly-2026-06-03/REPORT.md,## Summary; ## Findings,"At `google/zerocopy@0eca5581c6d27aaeaba4c421f7bf2a26bdd50228`, Anneal's Nix toolchain assembly selects the Aeneas release `nightly-2026.06.03`. That Aeneas tag resolves to `AeneasVerif/aeneas@ac9f1bc5262a5e4ff1e24ca78617121382202727`. The four release assets selected by Anneal are identified below by their GitHub release SHA-256 digests, which equal the hashes encoded in `anneal/flake.nix` after converting Nix SRI form to hex.",Aeneas ac9f1bc5 + Charon a535e914 + Lean 4.30.0-rc2 + Charon Rust nightly-2026-05-31 where those layers are in this report,Aeneas 0855ce1b + Charon e435e5f3 + Lean 4.31.0 + Charon Rust nightly-2026-09-17; standalone Charon 2804f2d is separate,"P0,A2,L1,A7,C2,C1","The exact compatible Aeneas/Charon/Lean/Rust pins changed. Current source defaults to Lean module-system output. Aeneas backend selects Lean 4.31.0. Release asset/workflow source changed. Paired Charon selects Rust nightly-2026-09-17. Paired Charon AST/extraction source changed, including `ItemMeta.started_from`. No new fixture, package, or runtime result was observed.",yes_for_new_runtime_or_package_claim,"Inventory current release archive members, hashes, toolchain files and CLI help; then run one exact old/new offline smoke fixture in separate private roots.",Aeneas nightly-2026.09.30 macOS arm64 archive; paired Charon e435e5f; Rust nightly-2026-09-17 + rustc-dev/llvm-tools/rust-src/miri; Lean/Lake 4.31.0 for Lean output. OCaml/Dune only for library-API cells.,No newer Aeneas/Charon/Lean/Rust executable or package was run; source/release inspection only.,newer_version_recheck,Aeneas nightly-2026.06.03 + paired Charon (Lean 4.30.0-rc2 for output),direct_or_full_bundle
R005,metadata_or_cohort,direct_or_full_bundle,reports/aeneas-concurrent-generation-determinism-nightly-2026-06-03/REPORT.md,## Summary; ## Findings,"Four Aeneas processes translating the same fixed LLBC fixture with `-sequential -split-files -gen-lib-entry` wrote byte-identical three-file inventories to independent destinations. Three additional processes wrote to one precreated shared destination; all exited successfully and the final files matched the isolated-output hashes. A supplementary replay observed every child alive after the final spawn in each group, then reproduced those outcomes and hashes.",Aeneas ac9f1bc5 + Charon a535e914 + Lean 4.30.0-rc2 + Charon Rust nightly-2026-05-31 where those layers are in this report,Aeneas 0855ce1b + Charon e435e5f3 + Lean 4.31.0 + Charon Rust nightly-2026-09-17; standalone Charon 2804f2d is separate,"P0,A2,L1,C1,C2","The exact compatible Aeneas/Charon/Lean/Rust pins changed. Current source defaults to Lean module-system output. Aeneas backend selects Lean 4.31.0. Paired Charon AST/extraction source changed, including `ItemMeta.started_from`. Paired Charon selects Rust nightly-2026-09-17. No new fixture, package, or runtime result was observed.",yes_for_new_runtime_or_package_claim,"Repeat the report’s bounded single/dual worker control with isolated old/new bundles; compare normalized output bytes, process results and resource counters under the same host limits.",Aeneas nightly-2026.09.30 macOS arm64 archive; paired Charon e435e5f; Rust nightly-2026-09-17 + rustc-dev/llvm-tools/rust-src/miri; Lean/Lake 4.31.0 for Lean output. OCaml/Dune only for library-API cells.,No newer Aeneas/Charon/Lean/Rust executable or package was run; source/release inspection only.,newer_version_recheck,Aeneas nightly-2026.06.03 + paired Charon (Lean 4.30.0-rc2 for output),direct_or_full_bundle
R006,metadata_or_cohort,direct_or_full_bundle,reports/aeneas-external-models-nightly-2026-06-03/REPORT.md,## Summary; ### Missing external models have an explicit template workflow,"At `AeneasVerif/aeneas@ac9f1bc5262a5e4ff1e24ca78617121382202727`, external Rust definitions are handled through an explicit Rust-name-pattern-to-backend-definition registry. For Lean, model authors annotate Lean definitions with attributes such as `rust_type`, `rust_fun`, `rust_const`, `rust_trait`, and `rust_trait_impl`. A generator imports the Lean environment, collects those registrations, and regenerates `src/extract/ExtractBuiltinLean.ml`; Aeneas then uses the generated OCaml table during extraction to replace matched external Rust declarations with the registered Lean definitions.",Aeneas ac9f1bc5 + Charon a535e914 + Lean 4.30.0-rc2 + Charon Rust nightly-2026-05-31 where those layers are in this report,Aeneas 0855ce1b + Charon e435e5f3 + Lean 4.31.0 + Charon Rust nightly-2026-09-17; standalone Charon 2804f2d is separate,"P0,A1,C1,A2,L1,A3,A4,A5,A6","The exact compatible Aeneas/Charon/Lean/Rust pins changed. Current Aeneas source adds optional `-emit-json`/`translation.json` and still parses one LLBC file. Paired Charon AST/extraction source changed, including `ItemMeta.started_from`. Current source defaults to Lean module-system output. Aeneas backend selects Lean 4.31.0. Trait-method/signature translation source changed. Lean identifier escaping source changed. Borrow/loop/closure translation source has targeted fixes. Lean support models and proof tactics changed. No new fixture, package, or runtime result was observed.",yes_for_new_runtime_or_package_claim,"Replay the report’s smallest trait/closure/type fixture with old and compatible new Charon→Aeneas; compare LLBC item fields, generated signatures/names, optional JSON mapping and fresh Lean 4.31 compilation.",Aeneas nightly-2026.09.30 macOS arm64 archive; paired Charon e435e5f; Rust nightly-2026-09-17 + rustc-dev/llvm-tools/rust-src/miri; Lean/Lake 4.31.0 for Lean output. OCaml/Dune only for library-API cells.,No newer Aeneas/Charon/Lean/Rust executable or package was run; source/release inspection only.,newer_version_recheck,Aeneas nightly-2026.06.03 + paired Charon (Lean 4.30.0-rc2 for output),direct_or_full_bundle
R007,metadata_or_cohort,direct_or_full_bundle,reports/aeneas-extrinsic-termination-nightly-2026-06-03/REPORT.md,## Summary; ### Translation-time and proof-time termination answer different questions,"At `AeneasVerif/aeneas@ac9f1bc5262a5e4ff1e24ca78617121382202727`, there are two materially different ways to supply termination evidence around the Lean translation, and Anneal should not conflate them.",Aeneas ac9f1bc5 + Charon a535e914 + Lean 4.30.0-rc2 + Charon Rust nightly-2026-05-31 where those layers are in this report,Aeneas 0855ce1b + Charon e435e5f3 + Lean 4.31.0 + Charon Rust nightly-2026-09-17; standalone Charon 2804f2d is separate,"P0,A1,C1,A2,L1,A5","The exact compatible Aeneas/Charon/Lean/Rust pins changed. Current Aeneas source adds optional `-emit-json`/`translation.json` and still parses one LLBC file. Paired Charon AST/extraction source changed, including `ItemMeta.started_from`. Current source defaults to Lean module-system output. Aeneas backend selects Lean 4.31.0. Borrow/loop/closure translation source has targeted fixes. No new fixture, package, or runtime result was observed.",yes_for_new_runtime_or_package_claim,"Replay the exact boundary/failure fixture once per compatible bundle; record first failing stage, generated model and fresh Lean proof/axiom status. Preserve an independent old-pin control.",Aeneas nightly-2026.09.30 macOS arm64 archive; paired Charon e435e5f; Rust nightly-2026-09-17 + rustc-dev/llvm-tools/rust-src/miri; Lean/Lake 4.31.0 for Lean output. OCaml/Dune only for library-API cells.,No newer Aeneas/Charon/Lean/Rust executable or package was run; source/release inspection only.,newer_version_recheck,Aeneas nightly-2026.06.03 + paired Charon (Lean 4.30.0-rc2 for output),direct_or_full_bundle
R009,metadata_or_cohort,direct_or_full_bundle,reports/aeneas-generated-function-signatures-nightly-2026-06-03/REPORT.md,"## Summary; ### Generated value arguments come from the pure translated function, not the Rust surface signature verbatim","At `AeneasVerif/aeneas@ac9f1bc5262a5e4ff1e24ca78617121382202727`, the Lean backend generates executable/model function declarations, not a separate semantic specification theorem for each Rust function. The generated declaration's name is registered from the translated item's Rust/LLBC identity, subject to Aeneas rename, trait, implementation, builtin, and loop naming rules. Its value parameters come from the translated pure function body and signature; its return type is the translated forward result combined with any generated backward functions and then wrapped in the function's modeled effects.",Aeneas ac9f1bc5 + Charon a535e914 + Lean 4.30.0-rc2 + Charon Rust nightly-2026-05-31 where those layers are in this report,Aeneas 0855ce1b + Charon e435e5f3 + Lean 4.31.0 + Charon Rust nightly-2026-09-17; standalone Charon 2804f2d is separate,"P0,A1,C1,A2,L1,A3,A4,A5,A6,C2","The exact compatible Aeneas/Charon/Lean/Rust pins changed. Current Aeneas source adds optional `-emit-json`/`translation.json` and still parses one LLBC file. Paired Charon AST/extraction source changed, including `ItemMeta.started_from`. Current source defaults to Lean module-system output. Aeneas backend selects Lean 4.31.0. Trait-method/signature translation source changed. Lean identifier escaping source changed. Borrow/loop/closure translation source has targeted fixes. Lean support models and proof tactics changed. Paired Charon selects Rust nightly-2026-09-17. No new fixture, package, or runtime result was observed.",yes_for_new_runtime_or_package_claim,"Replay the report’s smallest trait/closure/type fixture with old and compatible new Charon→Aeneas; compare LLBC item fields, generated signatures/names, optional JSON mapping and fresh Lean 4.31 compilation.",Aeneas nightly-2026.09.30 macOS arm64 archive; paired Charon e435e5f; Rust nightly-2026-09-17 + rustc-dev/llvm-tools/rust-src/miri; Lean/Lake 4.31.0 for Lean output. OCaml/Dune only for library-API cells.,No newer Aeneas/Charon/Lean/Rust executable or package was run; source/release inspection only.,newer_version_recheck,Aeneas nightly-2026.06.03 + paired Charon (Lean 4.30.0-rc2 for output),direct_or_full_bundle
R010,metadata_or_cohort,direct_or_full_bundle,reports/aeneas-generated-function-specifications-nightly-2026-06-03/REPORT.md,## Summary; ### The generated function signature is assembled in two stages,"At `AeneasVerif/aeneas@ac9f1bc5262a5e4ff1e24ca78617121382202727`, the generated Lean interface for a Rust function is a pure functional interface, not a direct transcription of the Rust signature and not an automatically generated Hoare-logic theorem. Ordinary reference constructors disappear from the forward value types. Mutable-borrow behavior is represented by additional backward computations whose types are derived from Charon region groups. In the Lean output selected by current Anneal, those backward computations are ordinarily merged into the forward function's return value as closures.",Aeneas ac9f1bc5 + Charon a535e914 + Lean 4.30.0-rc2 + Charon Rust nightly-2026-05-31 where those layers are in this report,Aeneas 0855ce1b + Charon e435e5f3 + Lean 4.31.0 + Charon Rust nightly-2026-09-17; standalone Charon 2804f2d is separate,"P0,A1,C1,A2,L1,A3,A5,A6,C2","The exact compatible Aeneas/Charon/Lean/Rust pins changed. Current Aeneas source adds optional `-emit-json`/`translation.json` and still parses one LLBC file. Paired Charon AST/extraction source changed, including `ItemMeta.started_from`. Current source defaults to Lean module-system output. Aeneas backend selects Lean 4.31.0. Trait-method/signature translation source changed. Borrow/loop/closure translation source has targeted fixes. Lean support models and proof tactics changed. Paired Charon selects Rust nightly-2026-09-17. No new fixture, package, or runtime result was observed.",yes_for_new_runtime_or_package_claim,"Replay the report’s smallest trait/closure/type fixture with old and compatible new Charon→Aeneas; compare LLBC item fields, generated signatures/names, optional JSON mapping and fresh Lean 4.31 compilation.",Aeneas nightly-2026.09.30 macOS arm64 archive; paired Charon e435e5f; Rust nightly-2026-09-17 + rustc-dev/llvm-tools/rust-src/miri; Lean/Lake 4.31.0 for Lean output. OCaml/Dune only for library-API cells.,No newer Aeneas/Charon/Lean/Rust executable or package was run; source/release inspection only.,newer_version_recheck,Aeneas nightly-2026.06.03 + paired Charon (Lean 4.30.0-rc2 for output),direct_or_full_bundle
R011,metadata_or_cohort,direct_or_full_bundle,reports/aeneas-generated-lean-stability-near-nightly-2026-06-03/REPORT.md,## Summary; ### Textual generated-source stability and proof-environment stability are separate,"Aeneas's generated Lean is revision-sensitive across the neighboring nightly releases around the version selected by Anneal. The checked-in history provides direct examples where an unchanged Rust test produces different Lean after a Charon/toolchain update, including changes to generated declaration names and function structure. It also provides the converse: nearby Aeneas releases can leave those generated files byte-identical while changing the Lean proof library and tactic environment they depend on.",Aeneas ac9f1bc5 + Charon a535e914 + Lean 4.30.0-rc2 + Charon Rust nightly-2026-05-31 where those layers are in this report,Aeneas 0855ce1b + Charon e435e5f3 + Lean 4.31.0 + Charon Rust nightly-2026-09-17; standalone Charon 2804f2d is separate,"P0,A1,C1,A2,L1,A4,A6,A7,C2","The exact compatible Aeneas/Charon/Lean/Rust pins changed. Current Aeneas source adds optional `-emit-json`/`translation.json` and still parses one LLBC file. Paired Charon AST/extraction source changed, including `ItemMeta.started_from`. Current source defaults to Lean module-system output. Aeneas backend selects Lean 4.31.0. Lean identifier escaping source changed. Lean support models and proof tactics changed. Release asset/workflow source changed. Paired Charon selects Rust nightly-2026-09-17. No new fixture, package, or runtime result was observed.",yes_for_new_runtime_or_package_claim,"Inventory current release archive members, hashes, toolchain files and CLI help; then run one exact old/new offline smoke fixture in separate private roots.",Aeneas nightly-2026.09.30 macOS arm64 archive; paired Charon e435e5f; Rust nightly-2026-09-17 + rustc-dev/llvm-tools/rust-src/miri; Lean/Lake 4.31.0 for Lean output. OCaml/Dune only for library-API cells.,No newer Aeneas/Charon/Lean/Rust executable or package was run; source/release inspection only.,newer_version_recheck,Aeneas nightly-2026.06.03 + paired Charon (Lean 4.30.0-rc2 for output),direct_or_full_bundle
R012,metadata_or_cohort,direct_or_full_bundle,reports/aeneas-generated-source-determinism-nightly-2026-06-03/REPORT.md,## Summary; ### The upstream generated-output tests intentionally do not exercise default parallelism,"At `AeneasVerif/aeneas@ac9f1bc5262a5e4ff1e24ca78617121382202727` (`nightly-2026.06.03`), the generated Lean source path is deliberately structured to avoid several obvious sources of nondeterminism. Generated-file headers contain no wall-clock timestamp. The importer clears Charon `short_names` specifically to make printing more deterministic. Builtin memoized tables are forced before parallel work. Parallel function translation returns results in task-list order rather than completion order. Two previously identified shared-state races were fixed before this revision: fresh-variable generators became task-local, and SCC construction stopped using an ocamlgraph vertex type backed by a global mutable counter. Final extraction then emits declaration groups in the serialized LLBC `crate.declarations` order.",Aeneas ac9f1bc5 + Charon a535e914 + Lean 4.30.0-rc2 + Charon Rust nightly-2026-05-31 where those layers are in this report,Aeneas 0855ce1b + Charon e435e5f3 + Lean 4.31.0 + Charon Rust nightly-2026-09-17; standalone Charon 2804f2d is separate,"P0,A1,C1,A2,L1,A4,A5,A6,C2","The exact compatible Aeneas/Charon/Lean/Rust pins changed. Current Aeneas source adds optional `-emit-json`/`translation.json` and still parses one LLBC file. Paired Charon AST/extraction source changed, including `ItemMeta.started_from`. Current source defaults to Lean module-system output. Aeneas backend selects Lean 4.31.0. Lean identifier escaping source changed. Borrow/loop/closure translation source has targeted fixes. Lean support models and proof tactics changed. Paired Charon selects Rust nightly-2026-09-17. No new fixture, package, or runtime result was observed.",yes_for_new_runtime_or_package_claim,"Replay the exact source/LLBC fixture; compare Charon file/item/span fields and Aeneas generated files plus `-emit-json` declaration joins, then check a fresh Lean 4.31 consumer.",Aeneas nightly-2026.09.30 macOS arm64 archive; paired Charon e435e5f; Rust nightly-2026-09-17 + rustc-dev/llvm-tools/rust-src/miri; Lean/Lake 4.31.0 for Lean output. OCaml/Dune only for library-API cells.,No newer Aeneas/Charon/Lean/Rust executable or package was run; source/release inspection only.,newer_version_recheck,Aeneas nightly-2026.06.03 + paired Charon (Lean 4.30.0-rc2 for output),direct_or_full_bundle
R013,metadata_or_cohort,direct_or_full_bundle,reports/aeneas-generated-source-repeat-run-probe-nightly-2026-06-03/REPORT.md,## Summary; ### Proposed bounded follow-up probe,"Ten Aeneas Lean-generation runs on identical serialized LLBC emitted byte-identical source. Logs and filesystem mtimes varied. The result is limited to one input, binary, backend, and flag set.",Aeneas ac9f1bc5 + Charon a535e914 + Lean 4.30.0-rc2 + Charon Rust nightly-2026-05-31 where those layers are in this report,Aeneas 0855ce1b + Charon e435e5f3 + Lean 4.31.0 + Charon Rust nightly-2026-09-17; standalone Charon 2804f2d is separate,"P0,A1,C1,A2,L1,C2","The exact compatible Aeneas/Charon/Lean/Rust pins changed. Current Aeneas source adds optional `-emit-json`/`translation.json` and still parses one LLBC file. Paired Charon AST/extraction source changed, including `ItemMeta.started_from`. Current source defaults to Lean module-system output. Aeneas backend selects Lean 4.31.0. Paired Charon selects Rust nightly-2026-09-17. No new fixture, package, or runtime result was observed.",yes_for_new_runtime_or_package_claim,"Repeat the report’s bounded single/dual worker control with isolated old/new bundles; compare normalized output bytes, process results and resource counters under the same host limits.",Aeneas nightly-2026.09.30 macOS arm64 archive; paired Charon e435e5f; Rust nightly-2026-09-17 + rustc-dev/llvm-tools/rust-src/miri; Lean/Lake 4.31.0 for Lean output. OCaml/Dune only for library-API cells.,No newer Aeneas/Charon/Lean/Rust executable or package was run; source/release inspection only.,newer_version_recheck,Aeneas nightly-2026.06.03 + paired Charon (Lean 4.30.0-rc2 for output),direct_or_full_bundle
R014,metadata_or_cohort,direct_or_full_bundle,reports/aeneas-incremental-translation-feasibility-nightly-2026-06-03/REPORT.md,## Summary; ### The source's use of “incremental” inside the interpreter is unrelated to incremental crate translation,"Aeneas `nightly-2026.06.03` has useful declaration-local structure, but it does not expose an incremental translation protocol.",Aeneas ac9f1bc5 + Charon a535e914 + Lean 4.30.0-rc2 + Charon Rust nightly-2026-05-31 where those layers are in this report,Aeneas 0855ce1b + Charon e435e5f3 + Lean 4.31.0 + Charon Rust nightly-2026-09-17; standalone Charon 2804f2d is separate,"P0,A1,C1","The exact compatible Aeneas/Charon/Lean/Rust pins changed. Current Aeneas source adds optional `-emit-json`/`translation.json` and still parses one LLBC file. Paired Charon AST/extraction source changed, including `ItemMeta.started_from`. No new fixture, package, or runtime result was observed.",yes_for_new_runtime_or_package_claim,"Replay the exact source/LLBC fixture; compare Charon file/item/span fields and Aeneas generated files plus `-emit-json` declaration joins, then check a fresh Lean 4.31 consumer.",Aeneas nightly-2026.09.30 macOS arm64 archive; paired Charon e435e5f; Rust nightly-2026-09-17 + rustc-dev/llvm-tools/rust-src/miri; Lean/Lake 4.31.0 for Lean output. OCaml/Dune only for library-API cells.,No newer Aeneas/Charon/Lean/Rust executable or package was run; source/release inspection only.,newer_version_recheck,Aeneas nightly-2026.06.03 + paired Charon (Lean 4.30.0-rc2 for output),direct_or_full_bundle
R015,metadata_or_cohort,direct_or_full_bundle,reports/aeneas-infinite-diverging-execution-nightly-2026-06-03/REPORT.md,## Summary; ## Findings,"At `AeneasVerif/aeneas@ac9f1bc5262a5e4ff1e24ca78617121382202727` (`nightly-2026.06.03`), Aeneas has a real semantic representation for divergence in generated Lean, but it does not support every Rust source form that can diverge.",Aeneas ac9f1bc5 + Charon a535e914 + Lean 4.30.0-rc2 + Charon Rust nightly-2026-05-31 where those layers are in this report,Aeneas 0855ce1b + Charon e435e5f3 + Lean 4.31.0 + Charon Rust nightly-2026-09-17; standalone Charon 2804f2d is separate,"P0,A1,C1,A2,L1,A5","The exact compatible Aeneas/Charon/Lean/Rust pins changed. Current Aeneas source adds optional `-emit-json`/`translation.json` and still parses one LLBC file. Paired Charon AST/extraction source changed, including `ItemMeta.started_from`. Current source defaults to Lean module-system output. Aeneas backend selects Lean 4.31.0. Borrow/loop/closure translation source has targeted fixes. No new fixture, package, or runtime result was observed.",yes_for_new_runtime_or_package_claim,"Replay the exact boundary/failure fixture once per compatible bundle; record first failing stage, generated model and fresh Lean proof/axiom status. Preserve an independent old-pin control.",Aeneas nightly-2026.09.30 macOS arm64 archive; paired Charon e435e5f; Rust nightly-2026-09-17 + rustc-dev/llvm-tools/rust-src/miri; Lean/Lake 4.31.0 for Lean output. OCaml/Dune only for library-API cells.,No newer Aeneas/Charon/Lean/Rust executable or package was run; source/release inspection only.,newer_version_recheck,Aeneas nightly-2026.06.03 + paired Charon (Lean 4.30.0-rc2 for output),direct_or_full_bundle
R016,metadata_or_cohort,direct_or_full_bundle,reports/aeneas-lean-project-package-anatomy-nightly-2026-06-03/REPORT.md,## Summary; ### Upstream documentation expects the consumer to create a Lean project around generated files,"At `AeneasVerif/aeneas@ac9f1bc5262a5e4ff1e24ca78617121382202727`, the Lean side has two distinct layers that a consumer must keep separate: the checked-in Aeneas Lean package under `backends/lean`, and the crate-specific Lean files emitted by the Aeneas translator. Generated crate files depend on the checked-in package by importing the umbrella module `Aeneas`; they are not standalone translations.",Aeneas ac9f1bc5 + Charon a535e914 + Lean 4.30.0-rc2 + Charon Rust nightly-2026-05-31 where those layers are in this report,Aeneas 0855ce1b + Charon e435e5f3 + Lean 4.31.0 + Charon Rust nightly-2026-09-17; standalone Charon 2804f2d is separate,"P0,A1,C1,A2,L1,A6","The exact compatible Aeneas/Charon/Lean/Rust pins changed. Current Aeneas source adds optional `-emit-json`/`translation.json` and still parses one LLBC file. Paired Charon AST/extraction source changed, including `ItemMeta.started_from`. Current source defaults to Lean module-system output. Aeneas backend selects Lean 4.31.0. Lean support models and proof tactics changed. No new fixture, package, or runtime result was observed.",yes_for_new_runtime_or_package_claim,"Regenerate the prior model with the compatible bundle; rebuild all Lean 4.31 OLeans and replay the report’s exact batch/server goal, import or artifact cell.",Aeneas nightly-2026.09.30 macOS arm64 archive; paired Charon e435e5f; Rust nightly-2026-09-17 + rustc-dev/llvm-tools/rust-src/miri; Lean/Lake 4.31.0 for Lean output. OCaml/Dune only for library-API cells.,No newer Aeneas/Charon/Lean/Rust executable or package was run; source/release inspection only.,newer_version_recheck,Aeneas nightly-2026.06.03 + paired Charon (Lean 4.30.0-rc2 for output),direct_or_full_bundle
R017,metadata_or_cohort,direct_or_full_bundle,reports/aeneas-library-process-architecture-nightly-2026-06-03/REPORT.md,## Summary; ### The CLI is a thin process boundary around the public library,"Aeneas `nightly-2026.06.03` is both an installable OCaml library and a one-shot command-line program. Its Dune package exposes a public library named `aeneas` containing the parser, pre-passes, symbolic interpreter, pure translation, extraction machinery, configuration, error handling, and parallel helpers. The public `aeneas` executable is a single `Main` module linked against that library.",Aeneas ac9f1bc5 + Charon a535e914 + Lean 4.30.0-rc2 + Charon Rust nightly-2026-05-31 where those layers are in this report,Aeneas 0855ce1b + Charon e435e5f3 + Lean 4.31.0 + Charon Rust nightly-2026-09-17; standalone Charon 2804f2d is separate,"P0,A1,C1,A4,A7,C2","The exact compatible Aeneas/Charon/Lean/Rust pins changed. Current Aeneas source adds optional `-emit-json`/`translation.json` and still parses one LLBC file. Paired Charon AST/extraction source changed, including `ItemMeta.started_from`. Lean identifier escaping source changed. Release asset/workflow source changed. Paired Charon selects Rust nightly-2026-09-17. No new fixture, package, or runtime result was observed.",yes_for_new_runtime_or_package_claim,"Inventory current release archive members, hashes, toolchain files and CLI help; then run one exact old/new offline smoke fixture in separate private roots.",Aeneas nightly-2026.09.30 macOS arm64 archive; paired Charon e435e5f; Rust nightly-2026-09-17 + rustc-dev/llvm-tools/rust-src/miri; Lean/Lake 4.31.0 for Lean output. OCaml/Dune only for library-API cells.,No newer Aeneas/Charon/Lean/Rust executable or package was run; source/release inspection only.,newer_version_recheck,Aeneas nightly-2026.06.03 + paired Charon (Lean 4.30.0-rc2 for output),direct_or_full_bundle
R018,metadata_or_cohort,direct_or_full_bundle,reports/aeneas-loops-nightly-2026-06-03/REPORT.md,## Summary; ### Non-structural loops become `loop body initial_state`,"At Aeneas `nightly-2026.06.03`, a Rust loop does not survive as Rust-style control flow in the Lean output. Aeneas first symbolically executes the loop until the abstract interpreter reaches a stable loop-entry context. That context determines which symbolic values and borrow abstractions become loop state. A later pure-AST pipeline then extracts the loop into an auxiliary Lean definition and chooses between two shapes:",Aeneas ac9f1bc5 + Charon a535e914 + Lean 4.30.0-rc2 + Charon Rust nightly-2026-05-31 where those layers are in this report,Aeneas 0855ce1b + Charon e435e5f3 + Lean 4.31.0 + Charon Rust nightly-2026-09-17; standalone Charon 2804f2d is separate,"P0,A2,L1,A5","The exact compatible Aeneas/Charon/Lean/Rust pins changed. Current source defaults to Lean module-system output. Aeneas backend selects Lean 4.31.0. Borrow/loop/closure translation source has targeted fixes. No new fixture, package, or runtime result was observed.",yes_for_new_runtime_or_package_claim,"Replay the exact boundary/failure fixture once per compatible bundle; record first failing stage, generated model and fresh Lean proof/axiom status. Preserve an independent old-pin control.",Aeneas nightly-2026.09.30 macOS arm64 archive; paired Charon e435e5f; Rust nightly-2026-09-17 + rustc-dev/llvm-tools/rust-src/miri; Lean/Lake 4.31.0 for Lean output. OCaml/Dune only for library-API cells.,No newer Aeneas/Charon/Lean/Rust executable or package was run; source/release inspection only.,newer_version_recheck,Aeneas nightly-2026.06.03 + paired Charon (Lean 4.30.0-rc2 for output),direct_or_full_bundle
R019,metadata_or_cohort,direct_or_full_bundle,reports/aeneas-nested-borrow-flaky-repro-nightly-2026-06-03/REPORT.md,## Summary; ### The same pinned release still has explicit unsupported nested-borrow paths,"The historical Hermes nested-reference fixture in `google/zerocopy` issue #3227 does not establish that Anneal's current Aeneas pin is still flaky. The reported failure belonged to Hermes's April 2026 Aeneas revision, `42c0e90dacf486f7d3ed5b6cde3a9a81f04915a4`. Anneal now selects Aeneas `nightly-2026.06.03`, revision `ac9f1bc5262a5e4ff1e24ca78617121382202727`.",Aeneas ac9f1bc5 + Charon a535e914 + Lean 4.30.0-rc2 + Charon Rust nightly-2026-05-31 where those layers are in this report,Aeneas 0855ce1b + Charon e435e5f3 + Lean 4.31.0 + Charon Rust nightly-2026-09-17; standalone Charon 2804f2d is separate,"P0,A5","The exact compatible Aeneas/Charon/Lean/Rust pins changed. Borrow/loop/closure translation source has targeted fixes. No new fixture, package, or runtime result was observed.",yes_for_new_runtime_or_package_claim,"Replay the exact boundary/failure fixture once per compatible bundle; record first failing stage, generated model and fresh Lean proof/axiom status. Preserve an independent old-pin control.",Aeneas nightly-2026.09.30 macOS arm64 archive; paired Charon e435e5f; Rust nightly-2026-09-17 + rustc-dev/llvm-tools/rust-src/miri; Lean/Lake 4.31.0 for Lean output. OCaml/Dune only for library-API cells.,No newer Aeneas/Charon/Lean/Rust executable or package was run; source/release inspection only.,newer_version_recheck,Aeneas nightly-2026.06.03 + paired Charon (Lean 4.30.0-rc2 for output),direct_or_full_bundle
R020,metadata_or_cohort,direct_or_full_bundle,reports/aeneas-panic-error-unwind-nightly-2026-06-03/REPORT.md,## Summary; ### The pure translation turns the symbolic panic channel into `Result.fail`,"At `AeneasVerif/aeneas@ac9f1bc5262a5e4ff1e24ca78617121382202727`, ordinary Rust failure is translated into the pure `Result` monad rather than a Rust unwinding semantics. A generated Lean function can return `ok v`, `fail e`, or—when partial-function machinery is involved—`div`. The Lean support library distinguishes several `Error` tags, including `panic`, assertion failure, overflow, division by zero, and out-of-bounds, but those tags are not a lossless encoding of Rust failure causes.",Aeneas ac9f1bc5 + Charon a535e914 + Lean 4.30.0-rc2 + Charon Rust nightly-2026-05-31 where those layers are in this report,Aeneas 0855ce1b + Charon e435e5f3 + Lean 4.31.0 + Charon Rust nightly-2026-09-17; standalone Charon 2804f2d is separate,"P0,A1,C1,A2,L1,A5","The exact compatible Aeneas/Charon/Lean/Rust pins changed. Current Aeneas source adds optional `-emit-json`/`translation.json` and still parses one LLBC file. Paired Charon AST/extraction source changed, including `ItemMeta.started_from`. Current source defaults to Lean module-system output. Aeneas backend selects Lean 4.31.0. Borrow/loop/closure translation source has targeted fixes. No new fixture, package, or runtime result was observed.",yes_for_new_runtime_or_package_claim,"Replay the exact boundary/failure fixture once per compatible bundle; record first failing stage, generated model and fresh Lean proof/axiom status. Preserve an independent old-pin control.",Aeneas nightly-2026.09.30 macOS arm64 archive; paired Charon e435e5f; Rust nightly-2026-09-17 + rustc-dev/llvm-tools/rust-src/miri; Lean/Lake 4.31.0 for Lean output. OCaml/Dune only for library-API cells.,No newer Aeneas/Charon/Lean/Rust executable or package was run; source/release inspection only.,newer_version_recheck,Aeneas nightly-2026.06.03 + paired Charon (Lean 4.30.0-rc2 for output),direct_or_full_bundle
R021,metadata_or_cohort,direct_or_full_bundle,reports/aeneas-partial-functions-nightly-2026-06-03/REPORT.md,## Summary; ### Aeneas marks recursive Lean functions with `partial_fixpoint`,"Aeneas does not require every recursive Rust function or translated loop to come with a termination proof before it can emit Lean. At `AeneasVerif/aeneas@ac9f1bc5262a5e4ff1e24ca78617121382202727`, the Lean backend marks translated recursive function groups with Lean's `partial_fixpoint` mechanism by default. This gives the generated function a mathematical fixed-point definition that can represent nontermination, while still exposing equations that proofs can use.",Aeneas ac9f1bc5 + Charon a535e914 + Lean 4.30.0-rc2 + Charon Rust nightly-2026-05-31 where those layers are in this report,Aeneas 0855ce1b + Charon e435e5f3 + Lean 4.31.0 + Charon Rust nightly-2026-09-17; standalone Charon 2804f2d is separate,"P0,A1,C1,A2,L1,A5,A6","The exact compatible Aeneas/Charon/Lean/Rust pins changed. Current Aeneas source adds optional `-emit-json`/`translation.json` and still parses one LLBC file. Paired Charon AST/extraction source changed, including `ItemMeta.started_from`. Current source defaults to Lean module-system output. Aeneas backend selects Lean 4.31.0. Borrow/loop/closure translation source has targeted fixes. Lean support models and proof tactics changed. No new fixture, package, or runtime result was observed.",yes_for_new_runtime_or_package_claim,"Replay the exact boundary/failure fixture once per compatible bundle; record first failing stage, generated model and fresh Lean proof/axiom status. Preserve an independent old-pin control.",Aeneas nightly-2026.09.30 macOS arm64 archive; paired Charon e435e5f; Rust nightly-2026-09-17 + rustc-dev/llvm-tools/rust-src/miri; Lean/Lake 4.31.0 for Lean output. OCaml/Dune only for library-API cells.,No newer Aeneas/Charon/Lean/Rust executable or package was run; source/release inspection only.,newer_version_recheck,Aeneas nightly-2026.06.03 + paired Charon (Lean 4.30.0-rc2 for output),direct_or_full_bundle
R022,metadata_or_cohort,direct_or_full_bundle,reports/aeneas-post-monomorphization-errors-nightly-2026-06-03/REPORT.md,## Summary; ### The required Aeneas preset does not request full monomorphization,Zerocopy uses post-monomorphization errors (PMEs) as compile-time admission checks for some generic operations whose runtime implementation is only sound for particular concrete types. Its `static_assert!` macro deliberately evaluates a type-dependent condition after monomorphization and turns failure into a compile error. Callers can therefore rely on a property such as equal size or non-increasing alignment even when the generic Rust function has no trait bound that states that property.,Aeneas ac9f1bc5 + Charon a535e914 + Lean 4.30.0-rc2 + Charon Rust nightly-2026-05-31 where those layers are in this report,Aeneas 0855ce1b + Charon e435e5f3 + Lean 4.31.0 + Charon Rust nightly-2026-09-17; standalone Charon 2804f2d is separate,"P0,A3","The exact compatible Aeneas/Charon/Lean/Rust pins changed. Trait-method/signature translation source changed. No new fixture, package, or runtime result was observed.",yes_for_new_runtime_or_package_claim,"Replay the report’s smallest trait/closure/type fixture with old and compatible new Charon→Aeneas; compare LLBC item fields, generated signatures/names, optional JSON mapping and fresh Lean 4.31 compilation.",Aeneas nightly-2026.09.30 macOS arm64 archive; paired Charon e435e5f; Rust nightly-2026-09-17 + rustc-dev/llvm-tools/rust-src/miri; Lean/Lake 4.31.0 for Lean output. OCaml/Dune only for library-API cells.,No newer Aeneas/Charon/Lean/Rust executable or package was run; source/release inspection only.,newer_version_recheck,Aeneas nightly-2026.06.03 + paired Charon (Lean 4.30.0-rc2 for output),direct_or_full_bundle
R023,metadata_or_cohort,direct_or_full_bundle,reports/aeneas-raw-pointers-nightly-2026-06-03/REPORT.md,## Summary; ### Raw pointers survive type translation as marker types,"At Aeneas `nightly-2026.06.03` (`ac9f1bc5262a5e4ff1e24ca78617121382202727`), raw pointers are **representable at type and interface boundaries but do not have a general memory semantics**. Aeneas can carry Charon raw-pointer types into its pure AST and Lean output, and some library models mention raw pointers in their signatures. That support must not be confused with support for Rust raw-pointer execution.",Aeneas ac9f1bc5 + Charon a535e914 + Lean 4.30.0-rc2 + Charon Rust nightly-2026-05-31 where those layers are in this report,Aeneas 0855ce1b + Charon e435e5f3 + Lean 4.31.0 + Charon Rust nightly-2026-09-17; standalone Charon 2804f2d is separate,"P0,A2,L1,A3,A5,A6,C1,C2","The exact compatible Aeneas/Charon/Lean/Rust pins changed. Current source defaults to Lean module-system output. Aeneas backend selects Lean 4.31.0. Trait-method/signature translation source changed. Borrow/loop/closure translation source has targeted fixes. Lean support models and proof tactics changed. Paired Charon AST/extraction source changed, including `ItemMeta.started_from`. Paired Charon selects Rust nightly-2026-09-17. No new fixture, package, or runtime result was observed.",yes_for_new_runtime_or_package_claim,"Replay the report’s smallest trait/closure/type fixture with old and compatible new Charon→Aeneas; compare LLBC item fields, generated signatures/names, optional JSON mapping and fresh Lean 4.31 compilation.",Aeneas nightly-2026.09.30 macOS arm64 archive; paired Charon e435e5f; Rust nightly-2026-09-17 + rustc-dev/llvm-tools/rust-src/miri; Lean/Lake 4.31.0 for Lean output. OCaml/Dune only for library-API cells.,No newer Aeneas/Charon/Lean/Rust executable or package was run; source/release inspection only.,newer_version_recheck,Aeneas nightly-2026.06.03 + paired Charon (Lean 4.30.0-rc2 for output),direct_or_full_bundle
R024,metadata_or_cohort,direct_or_full_bundle,reports/aeneas-recursion-termination-nightly-2026-06-03/REPORT.md,## Summary; ### Recursive specification proofs have a separate Lean termination check,"At `AeneasVerif/aeneas@ac9f1bc5262a5e4ff1e24ca78617121382202727`, the Lean backend does not require ordinary translated Rust recursion to be proven terminating when it defines the translated program. It emits recursive Lean functions with `partial_fixpoint`. Aeneas gives its `Result` type a flat chain-complete partial order whose bottom element is `Result.div`, so Lean's `partial_fixpoint` machinery gives recursive translated computations a semantic divergence case rather than an unchecked total definition.",Aeneas ac9f1bc5 + Charon a535e914 + Lean 4.30.0-rc2 + Charon Rust nightly-2026-05-31 where those layers are in this report,Aeneas 0855ce1b + Charon e435e5f3 + Lean 4.31.0 + Charon Rust nightly-2026-09-17; standalone Charon 2804f2d is separate,"P0,A2,L1,A5","The exact compatible Aeneas/Charon/Lean/Rust pins changed. Current source defaults to Lean module-system output. Aeneas backend selects Lean 4.31.0. Borrow/loop/closure translation source has targeted fixes. No new fixture, package, or runtime result was observed.",yes_for_new_runtime_or_package_claim,"Replay the exact boundary/failure fixture once per compatible bundle; record first failing stage, generated model and fresh Lean proof/axiom status. Preserve an independent old-pin control.",Aeneas nightly-2026.09.30 macOS arm64 archive; paired Charon e435e5f; Rust nightly-2026-09-17 + rustc-dev/llvm-tools/rust-src/miri; Lean/Lake 4.31.0 for Lean output. OCaml/Dune only for library-API cells.,No newer Aeneas/Charon/Lean/Rust executable or package was run; source/release inspection only.,newer_version_recheck,Aeneas nightly-2026.06.03 + paired Charon (Lean 4.30.0-rc2 for output),direct_or_full_bundle
R025,metadata_or_cohort,direct_or_full_bundle,reports/aeneas-release-archive-anatomy-nightly-2026-06-03/REPORT.md,## Summary; ### The release archive does not bundle the Lean toolchain,"The Aeneas `nightly-2026.06.03` release publishes four platform-specific `tar.gz` archives: Linux and macOS, each for x86_64 and AArch64. The release workflow builds a common staged tree containing the `aeneas`, `charon`, and `charon-driver` executables, the full `backends/` source tree, and Charon's `rust-toolchain` file. It then precompiles the Lean backend in place before creating the final archive.",Aeneas ac9f1bc5 + Charon a535e914 + Lean 4.30.0-rc2 + Charon Rust nightly-2026-05-31 where those layers are in this report,Aeneas 0855ce1b + Charon e435e5f3 + Lean 4.31.0 + Charon Rust nightly-2026-09-17; standalone Charon 2804f2d is separate,"P0,A2,L1,A6,A7,C2,C1","The exact compatible Aeneas/Charon/Lean/Rust pins changed. Current source defaults to Lean module-system output. Aeneas backend selects Lean 4.31.0. Lean support models and proof tactics changed. Release asset/workflow source changed. Paired Charon selects Rust nightly-2026-09-17. Paired Charon AST/extraction source changed, including `ItemMeta.started_from`. No new fixture, package, or runtime result was observed.",yes_for_new_runtime_or_package_claim,"Inventory current release archive members, hashes, toolchain files and CLI help; then run one exact old/new offline smoke fixture in separate private roots.",Aeneas nightly-2026.09.30 macOS arm64 archive; paired Charon e435e5f; Rust nightly-2026-09-17 + rustc-dev/llvm-tools/rust-src/miri; Lean/Lake 4.31.0 for Lean output. OCaml/Dune only for library-API cells.,No newer Aeneas/Charon/Lean/Rust executable or package was run; source/release inspection only.,newer_version_recheck,Aeneas nightly-2026.06.03 + paired Charon (Lean 4.30.0-rc2 for output),direct_or_full_bundle
R026,metadata_or_cohort,direct_or_full_bundle,reports/aeneas-release-upgrade-checklist-nightly-2026-06-03/REPORT.md,## Summary; ### 5. Check the release artifact that Anneal will actually ship,"Changing Anneal's Aeneas release is not a single-version substitution. At the current baseline, Aeneas `nightly-2026.06.03` resolves to `AeneasVerif/aeneas@ac9f1bc5262a5e4ff1e24ca78617121382202727`; that source pins Charon `a535e914f74db4fd9e6be7048f4233270d8945c0`, whose rustc-private driver pins Rust `nightly-2026-05-31`; the Aeneas Lean backend pins `leanprover/lean4:v4.30.0-rc2` and a concrete Lake dependency closure. Current Anneal independently packages the matching May 31 Rust and Lean `v4.30.0-rc2` environment around the Aeneas release.",Aeneas ac9f1bc5 + Charon a535e914 + Lean 4.30.0-rc2 + Charon Rust nightly-2026-05-31 where those layers are in this report,Aeneas 0855ce1b + Charon e435e5f3 + Lean 4.31.0 + Charon Rust nightly-2026-09-17; standalone Charon 2804f2d is separate,"P0,A2,L1,A3,A7,C2,C1","The exact compatible Aeneas/Charon/Lean/Rust pins changed. Current source defaults to Lean module-system output. Aeneas backend selects Lean 4.31.0. Trait-method/signature translation source changed. Release asset/workflow source changed. Paired Charon selects Rust nightly-2026-09-17. Paired Charon AST/extraction source changed, including `ItemMeta.started_from`. No new fixture, package, or runtime result was observed.",yes_for_new_runtime_or_package_claim,"Inventory current release archive members, hashes, toolchain files and CLI help; then run one exact old/new offline smoke fixture in separate private roots.",Aeneas nightly-2026.09.30 macOS arm64 archive; paired Charon e435e5f; Rust nightly-2026-09-17 + rustc-dev/llvm-tools/rust-src/miri; Lean/Lake 4.31.0 for Lean output. OCaml/Dune only for library-API cells.,No newer Aeneas/Charon/Lean/Rust executable or package was run; source/release inspection only.,newer_version_recheck,Aeneas nightly-2026.06.03 + paired Charon (Lean 4.30.0-rc2 for output),direct_or_full_bundle
R027,metadata_or_cohort,direct_or_full_bundle,reports/aeneas-resource-semantics-nightly-2026-06-03/REPORT.md,## Summary; ### The existing lifetime result and this resource boundary are complementary,"At `AeneasVerif/aeneas@ac9f1bc5262a5e4ff1e24ca78617121382202727`, the ordinary functional translation selected by Anneal deliberately avoids a heap/resource model by relying on Rust's safe ownership discipline before translation. References become values, mutable-borrow effects become backward functions, `Box<T>` becomes `T`, and lifetime parameters disappear from the pure output language after they have guided region grouping and borrow translation.",Aeneas ac9f1bc5 + Charon a535e914 + Lean 4.30.0-rc2 + Charon Rust nightly-2026-05-31 where those layers are in this report,Aeneas 0855ce1b + Charon e435e5f3 + Lean 4.31.0 + Charon Rust nightly-2026-09-17; standalone Charon 2804f2d is separate,"P0,A1,C1,A2,L1,A5,A6","The exact compatible Aeneas/Charon/Lean/Rust pins changed. Current Aeneas source adds optional `-emit-json`/`translation.json` and still parses one LLBC file. Paired Charon AST/extraction source changed, including `ItemMeta.started_from`. Current source defaults to Lean module-system output. Aeneas backend selects Lean 4.31.0. Borrow/loop/closure translation source has targeted fixes. Lean support models and proof tactics changed. No new fixture, package, or runtime result was observed.",yes_for_new_runtime_or_package_claim,"Replay the exact boundary/failure fixture once per compatible bundle; record first failing stage, generated model and fresh Lean proof/axiom status. Preserve an independent old-pin control.",Aeneas nightly-2026.09.30 macOS arm64 archive; paired Charon e435e5f; Rust nightly-2026-09-17 + rustc-dev/llvm-tools/rust-src/miri; Lean/Lake 4.31.0 for Lean output. OCaml/Dune only for library-API cells.,No newer Aeneas/Charon/Lean/Rust executable or package was run; source/release inspection only.,newer_version_recheck,Aeneas nightly-2026.06.03 + paired Charon (Lean 4.30.0-rc2 for output),direct_or_full_bundle
R028,metadata_or_cohort,direct_or_full_bundle,reports/aeneas-rust-comment-preservation-nightly-2026-06-03/REPORT.md,## Summary; ### Charon item metadata is richer than Aeneas's generated comment surface,"At `AeneasVerif/aeneas@ac9f1bc5262a5e4ff1e24ca78617121382202727`, original Rust prose comments are not generally reproduced in generated Lean. Aeneas does emit Lean doc comments before generated declarations, but those are synthetic correspondence metadata constructed from the Rust item name, source span, optional external name pattern, and visibility.",Aeneas ac9f1bc5 + Charon a535e914 + Lean 4.30.0-rc2 + Charon Rust nightly-2026-05-31 where those layers are in this report,Aeneas 0855ce1b + Charon e435e5f3 + Lean 4.31.0 + Charon Rust nightly-2026-09-17; standalone Charon 2804f2d is separate,"P0,A1,C1,A2,L1,A4,A5","The exact compatible Aeneas/Charon/Lean/Rust pins changed. Current Aeneas source adds optional `-emit-json`/`translation.json` and still parses one LLBC file. Paired Charon AST/extraction source changed, including `ItemMeta.started_from`. Current source defaults to Lean module-system output. Aeneas backend selects Lean 4.31.0. Lean identifier escaping source changed. Borrow/loop/closure translation source has targeted fixes. No new fixture, package, or runtime result was observed.",yes_for_new_runtime_or_package_claim,"Replay the exact boundary/failure fixture once per compatible bundle; record first failing stage, generated model and fresh Lean proof/axiom status. Preserve an independent old-pin control.",Aeneas nightly-2026.09.30 macOS arm64 archive; paired Charon e435e5f; Rust nightly-2026-09-17 + rustc-dev/llvm-tools/rust-src/miri; Lean/Lake 4.31.0 for Lean output. OCaml/Dune only for library-API cells.,No newer Aeneas/Charon/Lean/Rust executable or package was run; source/release inspection only.,newer_version_recheck,Aeneas nightly-2026.06.03 + paired Charon (Lean 4.30.0-rc2 for output),direct_or_full_bundle
R029,metadata_or_cohort,direct_or_full_bundle,reports/aeneas-rust-lean-naming-nightly-2026-06-03/REPORT.md,"## Summary; ### Types, variants, fields, and constructors use Lean-specific naming rules","At Aeneas `nightly-2026.06.03`, generated Lean names are derived from Charon item identity rather than from source spelling alone. For an ordinary local item, Aeneas removes the leading local-crate component, simplifies the remaining Charon name, and joins its components with `.` for Lean. The generated file normally opens one outer namespace equal to the raw Rust crate name; `-namespace` can replace that outer namespace. Thus a local Rust item such as `crate::m::f` normally appears as `m.f` inside `namespace crate`, while an external name retains its crate component, as in `core.option.Option`.",Aeneas ac9f1bc5 + Charon a535e914 + Lean 4.30.0-rc2 + Charon Rust nightly-2026-05-31 where those layers are in this report,Aeneas 0855ce1b + Charon e435e5f3 + Lean 4.31.0 + Charon Rust nightly-2026-09-17; standalone Charon 2804f2d is separate,"P0,A1,C1,A2,L1,A4,C2","The exact compatible Aeneas/Charon/Lean/Rust pins changed. Current Aeneas source adds optional `-emit-json`/`translation.json` and still parses one LLBC file. Paired Charon AST/extraction source changed, including `ItemMeta.started_from`. Current source defaults to Lean module-system output. Aeneas backend selects Lean 4.31.0. Lean identifier escaping source changed. Paired Charon selects Rust nightly-2026-09-17. No new fixture, package, or runtime result was observed.",yes_for_new_runtime_or_package_claim,"Replay the exact source/LLBC fixture; compare Charon file/item/span fields and Aeneas generated files plus `-emit-json` declaration joins, then check a fresh Lean 4.31 consumer.",Aeneas nightly-2026.09.30 macOS arm64 archive; paired Charon e435e5f; Rust nightly-2026-09-17 + rustc-dev/llvm-tools/rust-src/miri; Lean/Lake 4.31.0 for Lean output. OCaml/Dune only for library-API cells.,No newer Aeneas/Charon/Lean/Rust executable or package was run; source/release inspection only.,newer_version_recheck,Aeneas nightly-2026.06.03 + paired Charon (Lean 4.30.0-rc2 for output),direct_or_full_bundle
R030,metadata_or_cohort,direct_or_full_bundle,reports/aeneas-rust-support-failure-matrix-nightly-2026-06-03/REPORT.md,"## Summary; ### Panic/failure is represented, but this report does not widen that into full unwind support","At `AeneasVerif/aeneas@ac9f1bc5262a5e4ff1e24ca78617121382202727`, the release selected by Anneal as `nightly-2026.06.03`, ""supported Rust"" is not a single yes/no property. The useful boundary has three layers:",Aeneas ac9f1bc5 + Charon a535e914 + Lean 4.30.0-rc2 + Charon Rust nightly-2026-05-31 where those layers are in this report,Aeneas 0855ce1b + Charon e435e5f3 + Lean 4.31.0 + Charon Rust nightly-2026-09-17; standalone Charon 2804f2d is separate,"P0,A7,C2","The exact compatible Aeneas/Charon/Lean/Rust pins changed. Release asset/workflow source changed. Paired Charon selects Rust nightly-2026-09-17. No new fixture, package, or runtime result was observed.",yes_for_new_runtime_or_package_claim,"Inventory current release archive members, hashes, toolchain files and CLI help; then run one exact old/new offline smoke fixture in separate private roots.",Aeneas nightly-2026.09.30 macOS arm64 archive; paired Charon e435e5f; Rust nightly-2026-09-17 + rustc-dev/llvm-tools/rust-src/miri; Lean/Lake 4.31.0 for Lean output. OCaml/Dune only for library-API cells.,No newer Aeneas/Charon/Lean/Rust executable or package was run; source/release inspection only.,newer_version_recheck,Aeneas nightly-2026.06.03 + paired Charon (Lean 4.30.0-rc2 for output),direct_or_full_bundle
R031,metadata_or_cohort,direct_or_full_bundle,reports/aeneas-rust-to-lean-translation-nightly-2026-06-03/REPORT.md,## Summary; ### Per-function Aeneas translation can fail instead of producing a pure declaration,"At `AeneasVerif/aeneas@ac9f1bc5262a5e4ff1e24ca78617121382202727`, the release selected by current Anneal, ordinary Rust references do not survive as Lean reference or heap objects. Aeneas functionalizes them. `&T` and `&mut T` both become the translated value for `T` in the forward value type; mutable-borrow effects are reconstructed with generated backward functions whose inputs and outputs are derived from region groups. A Rust function that returns a mutable borrow can therefore become a Lean function returning both a value and a function that later propagates the final borrowed value back to its original owners.",Aeneas ac9f1bc5 + Charon a535e914 + Lean 4.30.0-rc2 + Charon Rust nightly-2026-05-31 where those layers are in this report,Aeneas 0855ce1b + Charon e435e5f3 + Lean 4.31.0 + Charon Rust nightly-2026-09-17; standalone Charon 2804f2d is separate,"P0,A1,C1,A2,L1,A5,A7,C2","The exact compatible Aeneas/Charon/Lean/Rust pins changed. Current Aeneas source adds optional `-emit-json`/`translation.json` and still parses one LLBC file. Paired Charon AST/extraction source changed, including `ItemMeta.started_from`. Current source defaults to Lean module-system output. Aeneas backend selects Lean 4.31.0. Borrow/loop/closure translation source has targeted fixes. Release asset/workflow source changed. Paired Charon selects Rust nightly-2026-09-17. No new fixture, package, or runtime result was observed.",yes_for_new_runtime_or_package_claim,"Inventory current release archive members, hashes, toolchain files and CLI help; then run one exact old/new offline smoke fixture in separate private roots.",Aeneas nightly-2026.09.30 macOS arm64 archive; paired Charon e435e5f; Rust nightly-2026-09-17 + rustc-dev/llvm-tools/rust-src/miri; Lean/Lake 4.31.0 for Lean output. OCaml/Dune only for library-API cells.,No newer Aeneas/Charon/Lean/Rust executable or package was run; source/release inspection only.,newer_version_recheck,Aeneas nightly-2026.06.03 + paired Charon (Lean 4.30.0-rc2 for output),direct_or_full_bundle
R032,metadata_or_cohort,direct_or_full_bundle,reports/aeneas-rust-type-shapes-nightly-2026-06-03/REPORT.md,## Summary; ### The core Rust-to-Lean type map at this pin,"At `AeneasVerif/aeneas@ac9f1bc5262a5e4ff1e24ca78617121382202727`, Rust types do not cross into Lean by a layout-preserving encoding. Aeneas first maps Charon types into its pure type language and then prints those pure types as Lean. That pipeline deliberately erases some Rust structure and rejects some source types.",Aeneas ac9f1bc5 + Charon a535e914 + Lean 4.30.0-rc2 + Charon Rust nightly-2026-05-31 where those layers are in this report,Aeneas 0855ce1b + Charon e435e5f3 + Lean 4.31.0 + Charon Rust nightly-2026-09-17; standalone Charon 2804f2d is separate,"P0,A2,L1,C1,C2","The exact compatible Aeneas/Charon/Lean/Rust pins changed. Current source defaults to Lean module-system output. Aeneas backend selects Lean 4.31.0. Paired Charon AST/extraction source changed, including `ItemMeta.started_from`. Paired Charon selects Rust nightly-2026-09-17. No new fixture, package, or runtime result was observed.",yes_for_new_runtime_or_package_claim,"Regenerate the prior model with the compatible bundle; rebuild all Lean 4.31 OLeans and replay the report’s exact batch/server goal, import or artifact cell.",Aeneas nightly-2026.09.30 macOS arm64 archive; paired Charon e435e5f; Rust nightly-2026-09-17 + rustc-dev/llvm-tools/rust-src/miri; Lean/Lake 4.31.0 for Lean output. OCaml/Dune only for library-API cells.,No newer Aeneas/Charon/Lean/Rust executable or package was run; source/release inspection only.,newer_version_recheck,Aeneas nightly-2026.06.03 + paired Charon (Lean 4.30.0-rc2 for output),direct_or_full_bundle
R033,metadata_or_cohort,direct_or_full_bundle,reports/aeneas-semantic-omissions-unsafe-rust-nightly-2026-06-03/REPORT.md,## Summary; ### The advertised semantic domain excludes general unsafe and concurrent Rust,"At `AeneasVerif/aeneas@ac9f1bc5262a5e4ff1e24ca78617121382202727`, the ordinary functional backend selected by Anneal deliberately omits several operational dimensions that unsafe-Rust proofs can depend on. The most important are not hidden implementation details: Aeneas documents this backend as a translation of a subset of safe Rust and says unsafe and concurrent Rust require the developing separation-logic path.",Aeneas ac9f1bc5 + Charon a535e914 + Lean 4.30.0-rc2 + Charon Rust nightly-2026-05-31 where those layers are in this report,Aeneas 0855ce1b + Charon e435e5f3 + Lean 4.31.0 + Charon Rust nightly-2026-09-17; standalone Charon 2804f2d is separate,"P0,A1,C1,A2,L1,A5,A6","The exact compatible Aeneas/Charon/Lean/Rust pins changed. Current Aeneas source adds optional `-emit-json`/`translation.json` and still parses one LLBC file. Paired Charon AST/extraction source changed, including `ItemMeta.started_from`. Current source defaults to Lean module-system output. Aeneas backend selects Lean 4.31.0. Borrow/loop/closure translation source has targeted fixes. Lean support models and proof tactics changed. No new fixture, package, or runtime result was observed.",yes_for_new_runtime_or_package_claim,"Replay the exact boundary/failure fixture once per compatible bundle; record first failing stage, generated model and fresh Lean proof/axiom status. Preserve an independent old-pin control.",Aeneas nightly-2026.09.30 macOS arm64 archive; paired Charon e435e5f; Rust nightly-2026-09-17 + rustc-dev/llvm-tools/rust-src/miri; Lean/Lake 4.31.0 for Lean output. OCaml/Dune only for library-API cells.,No newer Aeneas/Charon/Lean/Rust executable or package was run; source/release inspection only.,newer_version_recheck,Aeneas nightly-2026.06.03 + paired Charon (Lean 4.30.0-rc2 for output),direct_or_full_bundle
R035,metadata_or_cohort,direct_or_full_bundle,reports/aeneas-trait-translation-nightly-2026-06-03/REPORT.md,## Summary; ### Dynamic trait evidence is rejected in the functional translation,"At `AeneasVerif/aeneas@ac9f1bc5262a5e4ff1e24ca78617121382202727`, Rust traits are translated to explicit dictionary records. For the Lean backend, an ordinary Rust trait becomes a Lean `structure`; a Rust trait bound becomes an explicit value parameter of that structure type; an implementation becomes a reducible `def` whose value fills the record fields; and generic method calls project through the explicit dictionary. Concrete dispatch can instead name the selected implementation directly. The generated Lean at this revision therefore does **not** use Lean's `class`/`instance` synthesis mechanism for ordinary translated traits, despite upstream overview documentation describing traits as Lean “type classes.”",Aeneas ac9f1bc5 + Charon a535e914 + Lean 4.30.0-rc2 + Charon Rust nightly-2026-05-31 where those layers are in this report,Aeneas 0855ce1b + Charon e435e5f3 + Lean 4.31.0 + Charon Rust nightly-2026-09-17; standalone Charon 2804f2d is separate,"P0,A1,C1,A2,L1,A3,A4","The exact compatible Aeneas/Charon/Lean/Rust pins changed. Current Aeneas source adds optional `-emit-json`/`translation.json` and still parses one LLBC file. Paired Charon AST/extraction source changed, including `ItemMeta.started_from`. Current source defaults to Lean module-system output. Aeneas backend selects Lean 4.31.0. Trait-method/signature translation source changed. Lean identifier escaping source changed. No new fixture, package, or runtime result was observed.",yes_for_new_runtime_or_package_claim,"Replay the report’s smallest trait/closure/type fixture with old and compatible new Charon→Aeneas; compare LLBC item fields, generated signatures/names, optional JSON mapping and fresh Lean 4.31 compilation.",Aeneas nightly-2026.09.30 macOS arm64 archive; paired Charon e435e5f; Rust nightly-2026-09-17 + rustc-dev/llvm-tools/rust-src/miri; Lean/Lake 4.31.0 for Lean output. OCaml/Dune only for library-API cells.,No newer Aeneas/Charon/Lean/Rust executable or package was run; source/release inspection only.,newer_version_recheck,Aeneas nightly-2026.06.03 + paired Charon (Lean 4.30.0-rc2 for output),direct_or_full_bundle
R036,metadata_or_cohort,direct_or_full_bundle,reports/aeneas-translation-correctness-obligations-nightly-2026-06-03/REPORT.md,## Summary; ### The ordinary functional backend's advertised domain limits the correctness claim,"At `AeneasVerif/aeneas@ac9f1bc5262a5e4ff1e24ca78617121382202727`, the ordinary Aeneas pipeline does not turn a successful Rust-to-Lean run into a self-certifying proof that the generated Lean has the same semantics as the Rust source. It consumes Charon LLBC, performs substantial LLBC preprocessing and symbolic execution, constructs and rewrites a pure intermediate program, and finally prints backend code. The generated Lean can then be checked by Lean and used in machine-checked proofs, but that target-side checking establishes facts about the generated Lean definitions and their assumptions. A Rust-level theorem additionally needs a justified source-to-target correspondence.",Aeneas ac9f1bc5 + Charon a535e914 + Lean 4.30.0-rc2 + Charon Rust nightly-2026-05-31 where those layers are in this report,Aeneas 0855ce1b + Charon e435e5f3 + Lean 4.31.0 + Charon Rust nightly-2026-09-17; standalone Charon 2804f2d is separate,"P0,A1,C1,A2,L1,A5,A6,C2","The exact compatible Aeneas/Charon/Lean/Rust pins changed. Current Aeneas source adds optional `-emit-json`/`translation.json` and still parses one LLBC file. Paired Charon AST/extraction source changed, including `ItemMeta.started_from`. Current source defaults to Lean module-system output. Aeneas backend selects Lean 4.31.0. Borrow/loop/closure translation source has targeted fixes. Lean support models and proof tactics changed. Paired Charon selects Rust nightly-2026-09-17. No new fixture, package, or runtime result was observed.",yes_for_new_runtime_or_package_claim,"Replay the exact boundary/failure fixture once per compatible bundle; record first failing stage, generated model and fresh Lean proof/axiom status. Preserve an independent old-pin control.",Aeneas nightly-2026.09.30 macOS arm64 archive; paired Charon e435e5f; Rust nightly-2026-09-17 + rustc-dev/llvm-tools/rust-src/miri; Lean/Lake 4.31.0 for Lean output. OCaml/Dune only for library-API cells.,No newer Aeneas/Charon/Lean/Rust executable or package was run; source/release inspection only.,newer_version_recheck,Aeneas nightly-2026.06.03 + paired Charon (Lean 4.30.0-rc2 for output),direct_or_full_bundle
R037,metadata_or_cohort,direct_or_full_bundle,reports/aeneas-trusted-base-nightly-2026-06-03/REPORT.md,## Summary; ### Charon and rustc are trusted for the Rust-to-LLBC bridge,"For a theorem proved over Lean generated by `AeneasVerif/aeneas@ac9f1bc5262a5e4ff1e24ca78617121382202727`, the trusted base depends on what conclusion is being claimed.",Aeneas ac9f1bc5 + Charon a535e914 + Lean 4.30.0-rc2 + Charon Rust nightly-2026-05-31 where those layers are in this report,Aeneas 0855ce1b + Charon e435e5f3 + Lean 4.31.0 + Charon Rust nightly-2026-09-17; standalone Charon 2804f2d is separate,"P0,A1,C1,A2,L1","The exact compatible Aeneas/Charon/Lean/Rust pins changed. Current Aeneas source adds optional `-emit-json`/`translation.json` and still parses one LLBC file. Paired Charon AST/extraction source changed, including `ItemMeta.started_from`. Current source defaults to Lean module-system output. Aeneas backend selects Lean 4.31.0. No new fixture, package, or runtime result was observed.",yes_for_new_runtime_or_package_claim,"Regenerate the prior model with the compatible bundle; rebuild all Lean 4.31 OLeans and replay the report’s exact batch/server goal, import or artifact cell.",Aeneas nightly-2026.09.30 macOS arm64 archive; paired Charon e435e5f; Rust nightly-2026-09-17 + rustc-dev/llvm-tools/rust-src/miri; Lean/Lake 4.31.0 for Lean output. OCaml/Dune only for library-API cells.,No newer Aeneas/Charon/Lean/Rust executable or package was run; source/release inspection only.,newer_version_recheck,Aeneas nightly-2026.06.03 + paired Charon (Lean 4.30.0-rc2 for output),direct_or_full_bundle
R038,metadata_or_cohort,direct_or_full_bundle,reports/aeneas-type-alias-handling-nightly-2026-06-03/REPORT.md,## Summary; ### Generated Lean for `OptNode` contains the underlying type and no alias declaration,"At `AeneasVerif/aeneas@ac9f1bc5262a5e4ff1e24ca78617121382202727`, ordinary Rust type aliases do not become Lean type aliases. The paired Charon revision, `AeneasVerif/charon@a535e914f74db4fd9e6be7048f4233270d8945c0`, preserves each selected alias declaration as a top-level `TypeDeclKind::Alias(Ty)`, but Rust/rustc has already made uses of an ordinary alias transparent: Charon's own AST documentation says alias declarations appear only in the top-level item list because rustc inlines alias uses elsewhere. Aeneas then deliberately removes those top-level alias declarations before concrete interpretation, borrow checking, or Rust-to-Lean translation.",Aeneas ac9f1bc5 + Charon a535e914 + Lean 4.30.0-rc2 + Charon Rust nightly-2026-05-31 where those layers are in this report,Aeneas 0855ce1b + Charon e435e5f3 + Lean 4.31.0 + Charon Rust nightly-2026-09-17; standalone Charon 2804f2d is separate,"P0,A1,C1,A2,L1,A3,A5,C2","The exact compatible Aeneas/Charon/Lean/Rust pins changed. Current Aeneas source adds optional `-emit-json`/`translation.json` and still parses one LLBC file. Paired Charon AST/extraction source changed, including `ItemMeta.started_from`. Current source defaults to Lean module-system output. Aeneas backend selects Lean 4.31.0. Trait-method/signature translation source changed. Borrow/loop/closure translation source has targeted fixes. Paired Charon selects Rust nightly-2026-09-17. No new fixture, package, or runtime result was observed.",yes_for_new_runtime_or_package_claim,"Replay the report’s smallest trait/closure/type fixture with old and compatible new Charon→Aeneas; compare LLBC item fields, generated signatures/names, optional JSON mapping and fresh Lean 4.31 compilation.",Aeneas nightly-2026.09.30 macOS arm64 archive; paired Charon e435e5f; Rust nightly-2026-09-17 + rustc-dev/llvm-tools/rust-src/miri; Lean/Lake 4.31.0 for Lean output. OCaml/Dune only for library-API cells.,No newer Aeneas/Charon/Lean/Rust executable or package was run; source/release inspection only.,newer_version_recheck,Aeneas nightly-2026.06.03 + paired Charon (Lean 4.30.0-rc2 for output),direct_or_full_bundle
R039,metadata_or_cohort,direct_or_full_bundle,reports/aeneas-wp-proof-tools-nightly-2026-06-03/REPORT.md,"## Summary; ### Preconditions are proof obligations, not assumptions silently granted by `step`","At `AeneasVerif/aeneas@ac9f1bc5262a5e4ff1e24ca78617121382202727`, the proof-facing interface is simpler than the phrase “generated weakest-precondition function” suggests. Aeneas translates a Rust function to a Lean function in the `Result` monad. A single generic predicate, `Aeneas.Std.WP.spec`, then states that this computation returns `.ok` and that its returned value satisfies a postcondition. Aeneas does not emit a separate WP definition or specification theorem for every translated Rust function.",Aeneas ac9f1bc5 + Charon a535e914 + Lean 4.30.0-rc2 + Charon Rust nightly-2026-05-31 where those layers are in this report,Aeneas 0855ce1b + Charon e435e5f3 + Lean 4.31.0 + Charon Rust nightly-2026-09-17; standalone Charon 2804f2d is separate,"P0,A1,C1,A2,L1,A3,A6","The exact compatible Aeneas/Charon/Lean/Rust pins changed. Current Aeneas source adds optional `-emit-json`/`translation.json` and still parses one LLBC file. Paired Charon AST/extraction source changed, including `ItemMeta.started_from`. Current source defaults to Lean module-system output. Aeneas backend selects Lean 4.31.0. Trait-method/signature translation source changed. Lean support models and proof tactics changed. No new fixture, package, or runtime result was observed.",yes_for_new_runtime_or_package_claim,"Regenerate the prior model with the compatible bundle; rebuild all Lean 4.31 OLeans and replay the report’s exact batch/server goal, import or artifact cell.",Aeneas nightly-2026.09.30 macOS arm64 archive; paired Charon e435e5f; Rust nightly-2026-09-17 + rustc-dev/llvm-tools/rust-src/miri; Lean/Lake 4.31.0 for Lean output. OCaml/Dune only for library-API cells.,No newer Aeneas/Charon/Lean/Rust executable or package was run; source/release inspection only.,newer_version_recheck,Aeneas nightly-2026.06.03 + paired Charon (Lean 4.30.0-rc2 for output),direct_or_full_bundle
R112,metadata_or_cohort,direct_or_full_bundle,reports/anneal-3730-acceptance-oracle-matrix-2026-09-29/REPORT.md,## Summary; ## Findings,"Seven disposable Lean fixtures separate proof-source compilation, a fixed expected-proposition consumer, imported-model identity, obligation presence, and reported axiom dependencies. A fresh process re-elaborated exact captured proof bytes with an identical imported `.olean`; a direct Lean server first showed an unsaved open goal and then `no goals` for the repaired bytes. A separately gated fresh consumer was killed after elaboration began: its status remained **interrupted/unknown** even though the local proof goal had been solved. Two runs agreed on these classifications.",Aeneas ac9f1bc5 + Charon a535e914 + Lean 4.30.0-rc2 + Charon Rust nightly-2026-05-31 where those layers are in this report,Aeneas 0855ce1b + Charon e435e5f3 + Lean 4.31.0 + Charon Rust nightly-2026-09-17; standalone Charon 2804f2d is separate,"P0,A1,C1,A2,L1,A6","The exact compatible Aeneas/Charon/Lean/Rust pins changed. Current Aeneas source adds optional `-emit-json`/`translation.json` and still parses one LLBC file. Paired Charon AST/extraction source changed, including `ItemMeta.started_from`. Current source defaults to Lean module-system output. Aeneas backend selects Lean 4.31.0. Lean support models and proof tactics changed. No new fixture, package, or runtime result was observed.",yes_for_new_runtime_or_package_claim,"Replay the exact source/LLBC fixture; compare Charon file/item/span fields and Aeneas generated files plus `-emit-json` declaration joins, then check a fresh Lean 4.31 consumer.",Aeneas nightly-2026.09.30 macOS arm64 archive; paired Charon e435e5f; Rust nightly-2026-09-17 + rustc-dev/llvm-tools/rust-src/miri; Lean/Lake 4.31.0 for Lean output. OCaml/Dune only for library-API cells.,No newer Aeneas/Charon/Lean/Rust executable or package was run; source/release inspection only.,newer_version_recheck,June 2026 Rust→Charon→Aeneas→Lean 4.30.0-rc2 bundle,direct_or_full_bundle
R113,metadata_or_cohort,direct_or_full_bundle,reports/anneal-3730-aeneas-handoff-memory-vs-files-2026-09-29/REPORT.md,opening paragraphs after H1,"Observed 2026-09-29 with pinned Charon, Aeneas and Lean 4.30.0-rc2 CLIs. A tiny Rust `inc` source produced a 6,851-byte LLBC file. The **file path** passed that LLBC directly to Aeneas; the **buffer path** read its exact bytes into Python, forced a copy, materialized a second `source.llbc`, then called the same one-shot Aeneas CLI. Both runs exited 0, generated three byte-identical Lean files, and fresh file-based Lean module builds plus proof consumers passed. The LLBC digest, output digests, Charon declaration span, and generated `Source:` comment are preserved in `support/results.json` and `support/work`.",Aeneas ac9f1bc5 + Charon a535e914 + Lean 4.30.0-rc2 + Charon Rust nightly-2026-05-31 where those layers are in this report,Aeneas 0855ce1b + Charon e435e5f3 + Lean 4.31.0 + Charon Rust nightly-2026-09-17; standalone Charon 2804f2d is separate,"P0,A1,C1,A2,L1,A6,C2","The exact compatible Aeneas/Charon/Lean/Rust pins changed. Current Aeneas source adds optional `-emit-json`/`translation.json` and still parses one LLBC file. Paired Charon AST/extraction source changed, including `ItemMeta.started_from`. Current source defaults to Lean module-system output. Aeneas backend selects Lean 4.31.0. Lean support models and proof tactics changed. Paired Charon selects Rust nightly-2026-09-17. No new fixture, package, or runtime result was observed.",yes_for_new_runtime_or_package_claim,"Reinspect current public API/CLI; replay one-shot file handoff and cancellation control. A genuine in-process OCaml comparison requires Dune/OCaml build, not the release CLI alone.",Aeneas nightly-2026.09.30 macOS arm64 archive; paired Charon e435e5f; Rust nightly-2026-09-17 + rustc-dev/llvm-tools/rust-src/miri; Lean/Lake 4.31.0 for Lean output. OCaml/Dune only for library-API cells.,No newer Aeneas/Charon/Lean/Rust executable or package was run; source/release inspection only.,newer_version_recheck,June 2026 Rust→Charon→Aeneas→Lean 4.30.0-rc2 bundle,direct_or_full_bundle
R114,metadata_or_cohort,direct_or_full_bundle,reports/anneal-3730-aeneas-identity-manifest-2026-09-29/REPORT.md,## Summary,"A seven-input, nine-option-control CLI matrix shows that exact Aeneas output ownership requires more than an LLBC filename or a Rust item text comparison. At the pinned Aeneas nightly, changing one Rust function, type shape, trait implementation, or one member of a recursive group changed the whole `Funs.lean` byte artifact. Namespace, split layout, and heartbeat flags changed output bytes; clearing LLBC `short_names` did not; a forged Charon schema version was rejected. A complete file and generated-declaration inventory made deletion visible. Successful mode changes in a reused destination left stale files, and a rejected translation overwrote `Funs.lean` with partial `sorry` output. An executable copy failed to start without its relative `libgmp` dependency, then produced identical output once that library was copied alongside it.",Aeneas ac9f1bc5 + Charon a535e914 + Lean 4.30.0-rc2 + Charon Rust nightly-2026-05-31 where those layers are in this report,Aeneas 0855ce1b + Charon e435e5f3 + Lean 4.31.0 + Charon Rust nightly-2026-09-17; standalone Charon 2804f2d is separate,"P0,A1,C1,A2,L1,A3,A4,A5,C2","The exact compatible Aeneas/Charon/Lean/Rust pins changed. Current Aeneas source adds optional `-emit-json`/`translation.json` and still parses one LLBC file. Paired Charon AST/extraction source changed, including `ItemMeta.started_from`. Current source defaults to Lean module-system output. Aeneas backend selects Lean 4.31.0. Trait-method/signature translation source changed. Lean identifier escaping source changed. Borrow/loop/closure translation source has targeted fixes. Paired Charon selects Rust nightly-2026-09-17. No new fixture, package, or runtime result was observed.",yes_for_new_runtime_or_package_claim,"Replay the report’s smallest trait/closure/type fixture with old and compatible new Charon→Aeneas; compare LLBC item fields, generated signatures/names, optional JSON mapping and fresh Lean 4.31 compilation.",Aeneas nightly-2026.09.30 macOS arm64 archive; paired Charon e435e5f; Rust nightly-2026-09-17 + rustc-dev/llvm-tools/rust-src/miri; Lean/Lake 4.31.0 for Lean output. OCaml/Dune only for library-API cells.,No newer Aeneas/Charon/Lean/Rust executable or package was run; source/release inspection only.,newer_version_recheck,June 2026 Rust→Charon→Aeneas→Lean 4.30.0-rc2 bundle,direct_or_full_bundle
R115,metadata_or_cohort,direct_or_full_bundle,reports/anneal-3730-aeneas-manifest-batch-oracle-2026-09-29/REPORT.md,## Summary; ## Findings,"On one new three-function Rust crate, pinned Charon and one-shot Aeneas generated Lean modules that the cached Lean 4.30.0-rc2 batch checker accepted. Changing only the body of `inc` from wrapping `+1` to wrapping `+2` changed the generated `Funs.lean` and the checked Lean results: `inc 0`/`twice 0` evaluated to `1`/`2` before and `2`/`4` after. Each matching theorem compiled, and each deliberately wrong result theorem failed with an `rfl` error. A forged LLBC `charon_version` marker was rejected by Aeneas before it emitted files. This extends the earlier Aeneas identity/manifest report with an independently authored small Rust input and a fresh Lean consumer; it does not establish Rust-level translation correctness beyond these selected executable examples.",Aeneas ac9f1bc5 + Charon a535e914 + Lean 4.30.0-rc2 + Charon Rust nightly-2026-05-31 where those layers are in this report,Aeneas 0855ce1b + Charon e435e5f3 + Lean 4.31.0 + Charon Rust nightly-2026-09-17; standalone Charon 2804f2d is separate,"P0,A1,C1,A2,L1,C2","The exact compatible Aeneas/Charon/Lean/Rust pins changed. Current Aeneas source adds optional `-emit-json`/`translation.json` and still parses one LLBC file. Paired Charon AST/extraction source changed, including `ItemMeta.started_from`. Current source defaults to Lean module-system output. Aeneas backend selects Lean 4.31.0. Paired Charon selects Rust nightly-2026-09-17. No new fixture, package, or runtime result was observed.",yes_for_new_runtime_or_package_claim,"Replay the exact source/LLBC fixture; compare Charon file/item/span fields and Aeneas generated files plus `-emit-json` declaration joins, then check a fresh Lean 4.31 consumer.",Aeneas nightly-2026.09.30 macOS arm64 archive; paired Charon e435e5f; Rust nightly-2026-09-17 + rustc-dev/llvm-tools/rust-src/miri; Lean/Lake 4.31.0 for Lean output. OCaml/Dune only for library-API cells.,No newer Aeneas/Charon/Lean/Rust executable or package was run; source/release inspection only.,newer_version_recheck,June 2026 Rust→Charon→Aeneas→Lean 4.30.0-rc2 bundle,direct_or_full_bundle
R116,metadata_or_cohort,direct_or_full_bundle,reports/anneal-3730-aeneas-namespace-move-proof-context-2026-09-29/REPORT.md,opening paragraphs after H1,## Result,Aeneas ac9f1bc5 + Charon a535e914 + Lean 4.30.0-rc2 + Charon Rust nightly-2026-05-31 where those layers are in this report,Aeneas 0855ce1b + Charon e435e5f3 + Lean 4.31.0 + Charon Rust nightly-2026-09-17; standalone Charon 2804f2d is separate,"P0,A1,C1,A2,L1,A4,A6","The exact compatible Aeneas/Charon/Lean/Rust pins changed. Current Aeneas source adds optional `-emit-json`/`translation.json` and still parses one LLBC file. Paired Charon AST/extraction source changed, including `ItemMeta.started_from`. Current source defaults to Lean module-system output. Aeneas backend selects Lean 4.31.0. Lean identifier escaping source changed. Lean support models and proof tactics changed. No new fixture, package, or runtime result was observed.",yes_for_new_runtime_or_package_claim,"Replay the exact source/LLBC fixture; compare Charon file/item/span fields and Aeneas generated files plus `-emit-json` declaration joins, then check a fresh Lean 4.31 consumer.",Aeneas nightly-2026.09.30 macOS arm64 archive; paired Charon e435e5f; Rust nightly-2026-09-17 + rustc-dev/llvm-tools/rust-src/miri; Lean/Lake 4.31.0 for Lean output. OCaml/Dune only for library-API cells.,No newer Aeneas/Charon/Lean/Rust executable or package was run; source/release inspection only.,newer_version_recheck,June 2026 Rust→Charon→Aeneas→Lean 4.30.0-rc2 bundle,direct_or_full_bundle
R117,metadata_or_cohort,direct_or_full_bundle,reports/anneal-3730-aeneas-process-contract-2026-09-29/REPORT.md,## Summary; ### Source API exposes translation stages but not a request-isolated host contract,"The selected Aeneas source exposes translation functions through a public Dune library, but the local release installation has only the CLI executable. This host has no OCaml/Dune toolchain or compiled Aeneas library objects, so **same-process sequential and concurrent request reuse was not run**. Source-level mutable configuration and error accumulators make reset and isolation an explicit adapter design question; they are not a measured same-process failure.",Aeneas ac9f1bc5 + Charon a535e914 + Lean 4.30.0-rc2 + Charon Rust nightly-2026-05-31 where those layers are in this report,Aeneas 0855ce1b + Charon e435e5f3 + Lean 4.31.0 + Charon Rust nightly-2026-09-17; standalone Charon 2804f2d is separate,"P0,A1,C1,A7,C2","The exact compatible Aeneas/Charon/Lean/Rust pins changed. Current Aeneas source adds optional `-emit-json`/`translation.json` and still parses one LLBC file. Paired Charon AST/extraction source changed, including `ItemMeta.started_from`. Release asset/workflow source changed. Paired Charon selects Rust nightly-2026-09-17. No new fixture, package, or runtime result was observed.",yes_for_new_runtime_or_package_claim,"Inventory current release archive members, hashes, toolchain files and CLI help; then run one exact old/new offline smoke fixture in separate private roots.",Aeneas nightly-2026.09.30 macOS arm64 archive; paired Charon e435e5f; Rust nightly-2026-09-17 + rustc-dev/llvm-tools/rust-src/miri; Lean/Lake 4.31.0 for Lean output. OCaml/Dune only for library-API cells.,No newer Aeneas/Charon/Lean/Rust executable or package was run; source/release inspection only.,newer_version_recheck,June 2026 Rust→Charon→Aeneas→Lean 4.30.0-rc2 bundle,direct_or_full_bundle
R118,metadata_or_cohort,direct_or_full_bundle,reports/anneal-3730-aeneas-restricted-reuse-2026-09-29/REPORT.md,## Summary; ### Observed output graph and reuse fence,"In a tiny pinned Rust→Charon→Aeneas→Lean fixture, changing a trait implementation body left generated `Types.lean` byte-identical while changing `Funs.lean`; changing the trait method signature changed both. An oracle-guided prototype reused the old compiled `Types.olean` only for the body edit, recompiled affected imports, and passed the same fresh Lean proof as full regeneration. Reusing stale `Funs.olean` after the body edit made the updated proof fail; reusing stale `Types.olean` after the signature edit made compilation fail with a type mismatch. This adds a concrete module-level invalidation and negative-control result beyond the earlier one-shot trait/reorder/shrink matrix.",Aeneas ac9f1bc5 + Charon a535e914 + Lean 4.30.0-rc2 + Charon Rust nightly-2026-05-31 where those layers are in this report,Aeneas 0855ce1b + Charon e435e5f3 + Lean 4.31.0 + Charon Rust nightly-2026-09-17; standalone Charon 2804f2d is separate,"P0,A1,C1,A2,L1,A3,A6,C2","The exact compatible Aeneas/Charon/Lean/Rust pins changed. Current Aeneas source adds optional `-emit-json`/`translation.json` and still parses one LLBC file. Paired Charon AST/extraction source changed, including `ItemMeta.started_from`. Current source defaults to Lean module-system output. Aeneas backend selects Lean 4.31.0. Trait-method/signature translation source changed. Lean support models and proof tactics changed. Paired Charon selects Rust nightly-2026-09-17. No new fixture, package, or runtime result was observed.",yes_for_new_runtime_or_package_claim,"Replay the report’s smallest trait/closure/type fixture with old and compatible new Charon→Aeneas; compare LLBC item fields, generated signatures/names, optional JSON mapping and fresh Lean 4.31 compilation.",Aeneas nightly-2026.09.30 macOS arm64 archive; paired Charon e435e5f; Rust nightly-2026-09-17 + rustc-dev/llvm-tools/rust-src/miri; Lean/Lake 4.31.0 for Lean output. OCaml/Dune only for library-API cells.,No newer Aeneas/Charon/Lean/Rust executable or package was run; source/release inspection only.,newer_version_recheck,June 2026 Rust→Charon→Aeneas→Lean 4.30.0-rc2 bundle,direct_or_full_bundle
R119,metadata_or_cohort,direct_or_full_bundle,reports/anneal-3730-aeneas-trait-output-shrink-matrix-2026-09-29/REPORT.md,"## Summary; ### Translation, output ownership, and fresh consumers","At the selected Charon/Aeneas CLI pins, a small Rust trait and external function produced four split Lean files. Reordering unchanged Rust declarations changed generated bytes and ranges while fresh Lean consumers still checked the selected trait caller. Removing the external call and an old function reduced the clean output set to three files and made their names unavailable to a fresh consumer; regenerating into a reused directory retained the old external template. A translation error exited nonzero but emitted Lean that compiled with `sorryAx`. These are one-shot CLI observations, not same-process Aeneas API or Anneal generation behavior.",Aeneas ac9f1bc5 + Charon a535e914 + Lean 4.30.0-rc2 + Charon Rust nightly-2026-05-31 where those layers are in this report,Aeneas 0855ce1b + Charon e435e5f3 + Lean 4.31.0 + Charon Rust nightly-2026-09-17; standalone Charon 2804f2d is separate,"P0,A1,C1,A2,L1,A3,A4,C2","The exact compatible Aeneas/Charon/Lean/Rust pins changed. Current Aeneas source adds optional `-emit-json`/`translation.json` and still parses one LLBC file. Paired Charon AST/extraction source changed, including `ItemMeta.started_from`. Current source defaults to Lean module-system output. Aeneas backend selects Lean 4.31.0. Trait-method/signature translation source changed. Lean identifier escaping source changed. Paired Charon selects Rust nightly-2026-09-17. No new fixture, package, or runtime result was observed.",yes_for_new_runtime_or_package_claim,"Replay the report’s smallest trait/closure/type fixture with old and compatible new Charon→Aeneas; compare LLBC item fields, generated signatures/names, optional JSON mapping and fresh Lean 4.31 compilation.",Aeneas nightly-2026.09.30 macOS arm64 archive; paired Charon e435e5f; Rust nightly-2026-09-17 + rustc-dev/llvm-tools/rust-src/miri; Lean/Lake 4.31.0 for Lean output. OCaml/Dune only for library-API cells.,No newer Aeneas/Charon/Lean/Rust executable or package was run; source/release inspection only.,newer_version_recheck,June 2026 Rust→Charon→Aeneas→Lean 4.30.0-rc2 bundle,direct_or_full_bundle
R120,metadata_or_cohort,contextual,reports/anneal-3730-agent-workflow-evaluation-v4-30-0-rc2/REPORT.md,## Summary; ### The complete agent path,"One Codex agent, identified for this task as GPT-6 Sol with high reasoning, repaired the same disposable Lean theorem twice: once after a versioned `lean --server` goal/context query, and once from fresh `lean --json` diagnostics. Both arms preserved the intended theorem, rejected one injected stale edit, and ended with the fixed consumer passing and `#print axioms claim` reporting no axioms. The first candidate in **both** arms compiled and satisfied the consumer but depended on `propext`; the agent corrected each after inspecting the axiom output. Under this small fixture, the batch diagnostic already exposed the hypothesis and target needed for the proof, so the exact goal path did not show a correctness advantage. This is a single sequential agent trial, not a statistically meaningful comparison or a human-user study.",Aeneas ac9f1bc5 + Charon a535e914 + Lean 4.30.0-rc2 + Charon Rust nightly-2026-05-31 where those layers are in this report,Aeneas 0855ce1b + Charon e435e5f3 + Lean 4.31.0 + Charon Rust nightly-2026-09-17; standalone Charon 2804f2d is separate,P0,"Aeneas is contextual to this report. The compatible bundle pins changed, but this inspection identifies no source-level change to its main claim. Aeneas runtime and package claims remain untested.",conditional_citation_only,No Aeneas replay for the main claim. Reinspect its cited Aeneas/Charon/Lean statement against current source; run the original component fixture only if that statement changes.,None for Aeneas source comparison; the main report’s own newer-version cohort may separately need its component tool.,No newer Aeneas/Charon/Lean/Rust executable or package was run; source/release inspection only.,newer_version_recheck,June 2026 Rust→Charon→Aeneas→Lean 4.30.0-rc2 bundle,context_only
R121,metadata_or_cohort,contextual,reports/anneal-3730-annotation-gap-probes-2026-09-29/REPORT.md,## Summary; ## Findings,"A small invented Rust-comment annotation fixture separates discovery from semantic attachment. Its scanner still located a complete annotation while the containing Rust source failed to compile, but it withheld projection after an unfinished closing marker or a malformed payload line. Regeneration from an unsaved source buffer retained exact authored proof spacing through a Rust-body change. A two-edit action was accepted only when both edits mapped to authored payload ranges under the same source version and projection digest; adding one synthetic-header edit rejected the entire action. Direct Lean 4.30.0-rc2 checks showed that helper order and namespace placement change whether otherwise simple proof fragments elaborate.",Aeneas ac9f1bc5 + Charon a535e914 + Lean 4.30.0-rc2 + Charon Rust nightly-2026-05-31 where those layers are in this report,Aeneas 0855ce1b + Charon e435e5f3 + Lean 4.31.0 + Charon Rust nightly-2026-09-17; standalone Charon 2804f2d is separate,P0,"Aeneas is contextual to this report. The compatible bundle pins changed, but this inspection identifies no source-level change to its main claim. Aeneas runtime and package claims remain untested.",conditional_citation_only,No Aeneas replay for the main claim. Reinspect its cited Aeneas/Charon/Lean statement against current source; run the original component fixture only if that statement changes.,None for Aeneas source comparison; the main report’s own newer-version cohort may separately need its component tool.,No newer Aeneas/Charon/Lean/Rust executable or package was run; source/release inspection only.,newer_version_recheck,June 2026 Rust→Charon→Aeneas→Lean 4.30.0-rc2 bundle,context_only
R122,metadata_or_cohort,contextual,reports/anneal-3730-annotation-subject-boundary-matrix-2026-09-29/REPORT.md,## Summary; ## Issue and #3730 B-row crosswalk,"A tiny Rust crate with five invented `//%` comment annotations, a shared Lean helper, namespaced claims, a build script, and an `include_str!` macro was run through actual rustc, Cargo, pinned Charon, and Lean. A deliberately small line-marker locator continued to discover complete annotation text when Rust parsing failed, but Charon could not produce a compiler-backed subject for that malformed source. An unfinished comment marker compiled as Rust yet remained incomplete in the locator and contributed no projected Lean text.",Aeneas ac9f1bc5 + Charon a535e914 + Lean 4.30.0-rc2 + Charon Rust nightly-2026-05-31 where those layers are in this report,Aeneas 0855ce1b + Charon e435e5f3 + Lean 4.31.0 + Charon Rust nightly-2026-09-17; standalone Charon 2804f2d is separate,P0,"Aeneas is contextual to this report. The compatible bundle pins changed, but this inspection identifies no source-level change to its main claim. Aeneas runtime and package claims remain untested.",conditional_citation_only,No Aeneas replay for the main claim. Reinspect its cited Aeneas/Charon/Lean statement against current source; run the original component fixture only if that statement changes.,None for Aeneas source comparison; the main report’s own newer-version cohort may separately need its component tool.,No newer Aeneas/Charon/Lean/Rust executable or package was run; source/release inspection only.,newer_version_recheck,June 2026 Rust→Charon→Aeneas→Lean 4.30.0-rc2 bundle,context_only
R126,metadata_or_cohort,direct_or_full_bundle,reports/anneal-3730-charon-aeneas-boundary-2026-09-29/REPORT.md,## Summary; ## Findings,"At the installed June 3 Charon/Aeneas pair, a small source A→comment-only C→body-changed B→A sequence produced the expected changed and restored generated Lean source. Three A extractions did not always have identical raw LLBC bytes: the observed differences were ordering of entries in serialized keyed `short_names`; sorting only keyed `short_names` and `item_names` maps made the A LLBC values equal, and their three-file Lean inventories were byte-identical. Comment-only C changed source provenance in LLBC while leaving generated Lean bytes identical; B changed `Funs.lean`.",Aeneas ac9f1bc5 + Charon a535e914 + Lean 4.30.0-rc2 + Charon Rust nightly-2026-05-31 where those layers are in this report,Aeneas 0855ce1b + Charon e435e5f3 + Lean 4.31.0 + Charon Rust nightly-2026-09-17; standalone Charon 2804f2d is separate,"P0,A1,C1,A2,L1,A4,A7,C2","The exact compatible Aeneas/Charon/Lean/Rust pins changed. Current Aeneas source adds optional `-emit-json`/`translation.json` and still parses one LLBC file. Paired Charon AST/extraction source changed, including `ItemMeta.started_from`. Current source defaults to Lean module-system output. Aeneas backend selects Lean 4.31.0. Lean identifier escaping source changed. Release asset/workflow source changed. Paired Charon selects Rust nightly-2026-09-17. No new fixture, package, or runtime result was observed.",yes_for_new_runtime_or_package_claim,"Inventory current release archive members, hashes, toolchain files and CLI help; then run one exact old/new offline smoke fixture in separate private roots.",Aeneas nightly-2026.09.30 macOS arm64 archive; paired Charon e435e5f; Rust nightly-2026-09-17 + rustc-dev/llvm-tools/rust-src/miri; Lean/Lake 4.31.0 for Lean output. OCaml/Dune only for library-API cells.,No newer Aeneas/Charon/Lean/Rust executable or package was run; source/release inspection only.,newer_version_recheck,June 2026 Rust→Charon→Aeneas→Lean 4.30.0-rc2 bundle,direct_or_full_bundle
R130,metadata_or_cohort,direct_or_full_bundle,reports/anneal-3730-charon-shortname-aeneas-impact-2026-09-29/REPORT.md,opening paragraphs after H1,"Observed 2026-09-29 with the locally pinned Aeneas CLI, Lean 4.30.0-rc2 and Lake 4.30.0-rc2. This is a direct component follow-up to R42, mapped to #3731 I079 and I148. R42 retained five source-unchanged LLBC files whose raw bytes differ only in `translated.short_names` entry order. R43 asks whether that order reached the generated Lean source or a fresh Lean/Lake consumer in this fixture.",Aeneas ac9f1bc5 + Charon a535e914 + Lean 4.30.0-rc2 + Charon Rust nightly-2026-05-31 where those layers are in this report,Aeneas 0855ce1b + Charon e435e5f3 + Lean 4.31.0 + Charon Rust nightly-2026-09-17; standalone Charon 2804f2d is separate,"P0,A1,C1,A2,L1,A4,C2","The exact compatible Aeneas/Charon/Lean/Rust pins changed. Current Aeneas source adds optional `-emit-json`/`translation.json` and still parses one LLBC file. Paired Charon AST/extraction source changed, including `ItemMeta.started_from`. Current source defaults to Lean module-system output. Aeneas backend selects Lean 4.31.0. Lean identifier escaping source changed. Paired Charon selects Rust nightly-2026-09-17. No new fixture, package, or runtime result was observed.",yes_for_new_runtime_or_package_claim,"Replay the exact source/LLBC fixture; compare Charon file/item/span fields and Aeneas generated files plus `-emit-json` declaration joins, then check a fresh Lean 4.31 consumer.",Aeneas nightly-2026.09.30 macOS arm64 archive; paired Charon e435e5f; Rust nightly-2026-09-17 + rustc-dev/llvm-tools/rust-src/miri; Lean/Lake 4.31.0 for Lean output. OCaml/Dune only for library-API cells.,No newer Aeneas/Charon/Lean/Rust executable or package was run; source/release inspection only.,newer_version_recheck,June 2026 Rust→Charon→Aeneas→Lean 4.30.0-rc2 bundle,direct_or_full_bundle
R136,metadata_or_cohort,contextual,reports/anneal-3730-cli-graceful-cancel-signals-2026-09-29/REPORT.md,opening paragraphs after H1,"Observed 2026-09-29 with pinned local Charon, one-shot Aeneas, Lake and Lean CLIs. `support/probe.py` creates tiny private fixtures and serially runs seven active-gate cases. `support/results.json.gz` preserves every command, elapsed time, stdout/stderr, PID, process-group membership and status, signal timeline, raw `lsof` output, advisory `flock` probe, artifact inventory and hash, retry, and fresh consumer. `python3 support/check.py` validates the retained evidence without rerunning CLIs.",Aeneas ac9f1bc5 + Charon a535e914 + Lean 4.30.0-rc2 + Charon Rust nightly-2026-05-31 where those layers are in this report,Aeneas 0855ce1b + Charon e435e5f3 + Lean 4.31.0 + Charon Rust nightly-2026-09-17; standalone Charon 2804f2d is separate,P0,"Aeneas is contextual to this report. The compatible bundle pins changed, but this inspection identifies no source-level change to its main claim. Aeneas runtime and package claims remain untested.",conditional_citation_only,No Aeneas replay for the main claim. Reinspect its cited Aeneas/Charon/Lean statement against current source; run the original component fixture only if that statement changes.,None for Aeneas source comparison; the main report’s own newer-version cohort may separately need its component tool.,No newer Aeneas/Charon/Lean/Rust executable or package was run; source/release inspection only.,newer_version_recheck,June 2026 Rust→Charon→Aeneas→Lean 4.30.0-rc2 bundle,context_only
R137,metadata_or_cohort,direct_or_full_bundle,reports/anneal-3730-combined-pipeline-concurrency-2026-09-29/REPORT.md,## Summary; ## Findings,"Two complete private-root Rust→Charon→Aeneas→Lean workflows passed both serially and concurrently on the pinned local macOS tool bundle. Every generated Lean text and selected compiled OLean hash matched across six units in each retained run; all three `rfl` proofs per unit passed without `sorryAx`. A 4,000,000 KiB **sampled group RSS** guard admitted two concurrent workflows and rejected the four-worker ramp before execution. In the lower-overhead run, two unconstrained workflows took 25.946 s as a group versus 44.276 s serially, but phase times varied substantially across repetitions and instrumentation. This is a bounded component scheduling measurement, not an Anneal scheduler result or a capacity estimate.",Aeneas ac9f1bc5 + Charon a535e914 + Lean 4.30.0-rc2 + Charon Rust nightly-2026-05-31 where those layers are in this report,Aeneas 0855ce1b + Charon e435e5f3 + Lean 4.31.0 + Charon Rust nightly-2026-09-17; standalone Charon 2804f2d is separate,"P0,A1,C1,A2,L1,A5,A6,C2","The exact compatible Aeneas/Charon/Lean/Rust pins changed. Current Aeneas source adds optional `-emit-json`/`translation.json` and still parses one LLBC file. Paired Charon AST/extraction source changed, including `ItemMeta.started_from`. Current source defaults to Lean module-system output. Aeneas backend selects Lean 4.31.0. Borrow/loop/closure translation source has targeted fixes. Lean support models and proof tactics changed. Paired Charon selects Rust nightly-2026-09-17. No new fixture, package, or runtime result was observed.",yes_for_new_runtime_or_package_claim,"Replay the exact boundary/failure fixture once per compatible bundle; record first failing stage, generated model and fresh Lean proof/axiom status. Preserve an independent old-pin control.",Aeneas nightly-2026.09.30 macOS arm64 archive; paired Charon e435e5f; Rust nightly-2026-09-17 + rustc-dev/llvm-tools/rust-src/miri; Lean/Lake 4.31.0 for Lean output. OCaml/Dune only for library-API cells.,No newer Aeneas/Charon/Lean/Rust executable or package was run; source/release inspection only.,newer_version_recheck,June 2026 Rust→Charon→Aeneas→Lean 4.30.0-rc2 bundle,direct_or_full_bundle
R138,metadata_or_cohort,contextual,reports/anneal-3730-compatible-bundle-upgrade-golden-2026-09-29/REPORT.md,opening paragraphs after H1,Observed 2026-09-29 on an AArch64 macOS host. This report addresses the locally executable M03/M04 upgrade replay in issue #3730's follow-up scope and investigation I158 in #3731. It also inventories the available Lean/Lake pins for F03. The experiment uses cached binaries and source only; it does not run an Anneal generator or service.,Aeneas ac9f1bc5 + Charon a535e914 + Lean 4.30.0-rc2 + Charon Rust nightly-2026-05-31 where those layers are in this report,Aeneas 0855ce1b + Charon e435e5f3 + Lean 4.31.0 + Charon Rust nightly-2026-09-17; standalone Charon 2804f2d is separate,P0,"Aeneas is contextual to this report. The compatible bundle pins changed, but this inspection identifies no source-level change to its main claim. Aeneas runtime and package claims remain untested.",conditional_citation_only,No Aeneas replay for the main claim. Reinspect its cited Aeneas/Charon/Lean statement against current source; run the original component fixture only if that statement changes.,None for Aeneas source comparison; the main report’s own newer-version cohort may separately need its component tool.,No newer Aeneas/Charon/Lean/Rust executable or package was run; source/release inspection only.,prior_comparison,June 2026 Charon/Aeneas revision pairs (prior comparison),context_only
R139,metadata_or_cohort,contextual,reports/anneal-3730-cross-layer-comparator-mutants-2026-09-29/REPORT.md,opening paragraphs after H1,## Result and subject,Aeneas ac9f1bc5 + Charon a535e914 + Lean 4.30.0-rc2 + Charon Rust nightly-2026-05-31 where those layers are in this report,Aeneas 0855ce1b + Charon e435e5f3 + Lean 4.31.0 + Charon Rust nightly-2026-09-17; standalone Charon 2804f2d is separate,P0,"Aeneas is contextual to this report. The compatible bundle pins changed, but this inspection identifies no source-level change to its main claim. Aeneas runtime and package claims remain untested.",conditional_citation_only,No Aeneas replay for the main claim. Reinspect its cited Aeneas/Charon/Lean statement against current source; run the original component fixture only if that statement changes.,None for Aeneas source comparison; the main report’s own newer-version cohort may separately need its component tool.,No newer Aeneas/Charon/Lean/Rust executable or package was run; source/release inspection only.,newer_version_recheck,June 2026 Rust→Charon→Aeneas→Lean 4.30.0-rc2 bundle,context_only
R140,metadata_or_cohort,contextual,reports/anneal-3730-cross-tool-active-cancellation-barriers-2026-09-29/REPORT.md,opening paragraphs after H1,"Observed on 2026-09-29 with pinned local Charon, one-shot Aeneas, Lean and Lake CLIs. The bounded fixture used one active process group at a time, tiny Rust/Lean sources, private output directories, deterministic FIFO or tactic barriers, a retry, and a fresh Lean consumer. `support/results.json` retains commands, stdout/stderr, exit codes, process-group members before/after termination, artifact inventories and hashes, oracle output, and event markers. `support/probe.py` recreates the run; `python3 support/check.py` checks the retained result without invoking the toolchains.",Aeneas ac9f1bc5 + Charon a535e914 + Lean 4.30.0-rc2 + Charon Rust nightly-2026-05-31 where those layers are in this report,Aeneas 0855ce1b + Charon e435e5f3 + Lean 4.31.0 + Charon Rust nightly-2026-09-17; standalone Charon 2804f2d is separate,P0,"Aeneas is contextual to this report. The compatible bundle pins changed, but this inspection identifies no source-level change to its main claim. Aeneas runtime and package claims remain untested.",conditional_citation_only,No Aeneas replay for the main claim. Reinspect its cited Aeneas/Charon/Lean statement against current source; run the original component fixture only if that statement changes.,None for Aeneas source comparison; the main report’s own newer-version cohort may separately need its component tool.,No newer Aeneas/Charon/Lean/Rust executable or package was run; source/release inspection only.,newer_version_recheck,June 2026 Rust→Charon→Aeneas→Lean 4.30.0-rc2 bundle,context_only
R141,metadata_or_cohort,direct_or_full_bundle,reports/anneal-3730-cross-tool-provenance-2026-09-29/REPORT.md,## Summary; ## Findings,"On five tiny, pinned Rust inputs and one authored Lean proof, the first failing stage could be identified from stage-local process results: invalid Rust failed rustc; rustc-valid `async fn` reached a Charon unsupported-coroutine panic under strict error policy; valid raw-pointer Rust reached Aeneas, which exited 1 while emitting partial Lean containing `sorry`; a supported A model compiled in Lean before a separate proof failed in Lean batch and server modes. A fresh source revision deleting `select` removed its LLBC item and generated Lean definition.",Aeneas ac9f1bc5 + Charon a535e914 + Lean 4.30.0-rc2 + Charon Rust nightly-2026-05-31 where those layers are in this report,Aeneas 0855ce1b + Charon e435e5f3 + Lean 4.31.0 + Charon Rust nightly-2026-09-17; standalone Charon 2804f2d is separate,"P0,A1,C1,A2,L1,A5,A6,C2","The exact compatible Aeneas/Charon/Lean/Rust pins changed. Current Aeneas source adds optional `-emit-json`/`translation.json` and still parses one LLBC file. Paired Charon AST/extraction source changed, including `ItemMeta.started_from`. Current source defaults to Lean module-system output. Aeneas backend selects Lean 4.31.0. Borrow/loop/closure translation source has targeted fixes. Lean support models and proof tactics changed. Paired Charon selects Rust nightly-2026-09-17. No new fixture, package, or runtime result was observed.",yes_for_new_runtime_or_package_claim,"Replay the exact boundary/failure fixture once per compatible bundle; record first failing stage, generated model and fresh Lean proof/axiom status. Preserve an independent old-pin control.",Aeneas nightly-2026.09.30 macOS arm64 archive; paired Charon e435e5f; Rust nightly-2026-09-17 + rustc-dev/llvm-tools/rust-src/miri; Lean/Lake 4.31.0 for Lean output. OCaml/Dune only for library-API cells.,No newer Aeneas/Charon/Lean/Rust executable or package was run; source/release inspection only.,newer_version_recheck,June 2026 Rust→Charon→Aeneas→Lean 4.30.0-rc2 bundle,direct_or_full_bundle
R142,metadata_or_cohort,paired_lean,reports/anneal-3730-cross-tool-stage-cancellation-cleanup-2026-09-29/REPORT.md,opening paragraphs after H1,## Direct component trials,Aeneas ac9f1bc5 + Charon a535e914 + Lean 4.30.0-rc2 + Charon Rust nightly-2026-05-31 where those layers are in this report,Aeneas 0855ce1b + Charon e435e5f3 + Lean 4.31.0 + Charon Rust nightly-2026-09-17; standalone Charon 2804f2d is separate,"P0,L1","Aeneas now pairs with Lean 4.31.0; module-system output applies only if Aeneas regenerates this model. No Lean server, Lake, OLean, or proof result was rerun.",yes_for_lean_cell_aeneas_regeneration_conditional,Replay the report’s exact Lean/Lake fixture with fresh Lean 4.31.0 OLeans. Regenerate Aeneas model source only if this cell consumes generated output; compare old/new model bytes separately.,Lean/Lake 4.31.0 and rebuilt Aeneas Lean library/OLeans; paired Aeneas/Charon/Rust only when regenerating model source.,No newer Aeneas/Charon/Lean/Rust executable or package was run; source/release inspection only.,newer_version_recheck,June 2026 Rust→Charon→Aeneas→Lean 4.30.0-rc2 bundle,paired_component
R147,metadata_or_cohort,direct_or_full_bundle,reports/anneal-3730-external-model-without-codegen-change-2026-09-29/REPORT.md,opening paragraphs after H1,"Observed 2026-09-29 with pinned Charon, one-shot Aeneas and Lean 4.30.0-rc2. A tiny Rust function calls an `extern ""C"" external_double`. One LLBC input was translated twice, before and after the external-model variants were prepared. Every generated Aeneas file, including the `FunsExternal_Template.lean`, had the same byte digest in both runs. The **actual** `Source/FunsExternal.lean` model is a separate Lean file supplied by this experiment, not an Aeneas compiled external registry or an Aeneas output overwritten by regeneration.",Aeneas ac9f1bc5 + Charon a535e914 + Lean 4.30.0-rc2 + Charon Rust nightly-2026-05-31 where those layers are in this report,Aeneas 0855ce1b + Charon e435e5f3 + Lean 4.31.0 + Charon Rust nightly-2026-09-17; standalone Charon 2804f2d is separate,"P0,A1,C1,A2,L1,A6,C2","The exact compatible Aeneas/Charon/Lean/Rust pins changed. Current Aeneas source adds optional `-emit-json`/`translation.json` and still parses one LLBC file. Paired Charon AST/extraction source changed, including `ItemMeta.started_from`. Current source defaults to Lean module-system output. Aeneas backend selects Lean 4.31.0. Lean support models and proof tactics changed. Paired Charon selects Rust nightly-2026-09-17. No new fixture, package, or runtime result was observed.",yes_for_new_runtime_or_package_claim,"Regenerate the prior model with the compatible bundle; rebuild all Lean 4.31 OLeans and replay the report’s exact batch/server goal, import or artifact cell.",Aeneas nightly-2026.09.30 macOS arm64 archive; paired Charon e435e5f; Rust nightly-2026-09-17 + rustc-dev/llvm-tools/rust-src/miri; Lean/Lake 4.31.0 for Lean output. OCaml/Dune only for library-API cells.,No newer Aeneas/Charon/Lean/Rust executable or package was run; source/release inspection only.,newer_version_recheck,June 2026 Rust→Charon→Aeneas→Lean 4.30.0-rc2 bundle,direct_or_full_bundle
R150,metadata_or_cohort,contextual,reports/anneal-3730-filesystem-sharing-apfs-v4-30-0-rc2/REPORT.md,## Summary; ## Findings,"On this Darwin 25.6.0 APFS host, a symlink and a hardlink to a writable producer `.olean` let a consumer overwrite the producer's bytes. A successful `/bin/cp -c` clone and an ordinary full copy gave separate files: the same consumer overwrite corrupted its own `.olean` but left the producer hash unchanged. Direct use of a producer file with mode `0444` allowed the initial read and rejected the tested in-place write. These are observations about one small artifact and one write path, not a general filesystem security or cache design guarantee.",Aeneas ac9f1bc5 + Charon a535e914 + Lean 4.30.0-rc2 + Charon Rust nightly-2026-05-31 where those layers are in this report,Aeneas 0855ce1b + Charon e435e5f3 + Lean 4.31.0 + Charon Rust nightly-2026-09-17; standalone Charon 2804f2d is separate,P0,"Aeneas is contextual to this report. The compatible bundle pins changed, but this inspection identifies no source-level change to its main claim. Aeneas runtime and package claims remain untested.",conditional_citation_only,No Aeneas replay for the main claim. Reinspect its cited Aeneas/Charon/Lean statement against current source; run the original component fixture only if that statement changes.,None for Aeneas source comparison; the main report’s own newer-version cohort may separately need its component tool.,No newer Aeneas/Charon/Lean/Rust executable or package was run; source/release inspection only.,newer_version_recheck,June 2026 Rust→Charon→Aeneas→Lean 4.30.0-rc2 bundle,context_only
R153,title_or_summary_only,paired_lean,reports/anneal-3730-full-lake-server-chain-2026-09-29/REPORT.md,opening paragraphs after H1,## Question and executed subject,Aeneas ac9f1bc5 + Charon a535e914 + Lean 4.30.0-rc2 + Charon Rust nightly-2026-05-31 where those layers are in this report,Aeneas 0855ce1b + Charon e435e5f3 + Lean 4.31.0 + Charon Rust nightly-2026-09-17; standalone Charon 2804f2d is separate,"P0,L1","Aeneas now pairs with Lean 4.31.0; module-system output applies only if Aeneas regenerates this model. No Lean server, Lake, OLean, or proof result was rerun.",yes_for_lean_cell_aeneas_regeneration_conditional,Replay the report’s exact Lean/Lake fixture with fresh Lean 4.31.0 OLeans. Regenerate Aeneas model source only if this cell consumes generated output; compare old/new model bytes separately.,Lean/Lake 4.31.0 and rebuilt Aeneas Lean library/OLeans; paired Aeneas/Charon/Rust only when regenerating model source.,No newer Aeneas/Charon/Lean/Rust executable or package was run; source/release inspection only.,newer_version_recheck,Lean/Lake v4.30.0-rc2,paired_component
R154,metadata_or_cohort,contextual,reports/anneal-3730-generated-history-retention-economics-2026-09-29/REPORT.md,opening paragraphs after H1,## Result,Aeneas ac9f1bc5 + Charon a535e914 + Lean 4.30.0-rc2 + Charon Rust nightly-2026-05-31 where those layers are in this report,Aeneas 0855ce1b + Charon e435e5f3 + Lean 4.31.0 + Charon Rust nightly-2026-09-17; standalone Charon 2804f2d is separate,P0,"Aeneas is contextual to this report. The compatible bundle pins changed, but this inspection identifies no source-level change to its main claim. Aeneas runtime and package claims remain untested.",conditional_citation_only,No Aeneas replay for the main claim. Reinspect its cited Aeneas/Charon/Lean statement against current source; run the original component fixture only if that statement changes.,None for Aeneas source comparison; the main report’s own newer-version cohort may separately need its component tool.,No newer Aeneas/Charon/Lean/Rust executable or package was run; source/release inspection only.,newer_version_recheck,Lean/Lake v4.30.0-rc2,context_only
R157,metadata_or_cohort,contextual,reports/anneal-3730-h08-project-switch-router-v4-30-0-rc2/REPORT.md,## Summary; ### The project route kept A's unsaved worker state when returning,"A small client-side router switched A→B→A between two private Lean 4.30.0-rc2 servers. A and B each had a same-named `Dep` module but defined `selected` as 11 and 22 respectively. A's unsaved version-2 edit made its `rfl` proof fail. After switching to B and back, routing to the original A process preserved that failing buffer and goal. B's proof remained valid under its own import. Closing A's server and reopening A from disk in a new server restored its saved valid proof; B remained live.",Aeneas ac9f1bc5 + Charon a535e914 + Lean 4.30.0-rc2 + Charon Rust nightly-2026-05-31 where those layers are in this report,Aeneas 0855ce1b + Charon e435e5f3 + Lean 4.31.0 + Charon Rust nightly-2026-09-17; standalone Charon 2804f2d is separate,P0,"Aeneas is contextual to this report. The compatible bundle pins changed, but this inspection identifies no source-level change to its main claim. Aeneas runtime and package claims remain untested.",conditional_citation_only,No Aeneas replay for the main claim. Reinspect its cited Aeneas/Charon/Lean statement against current source; run the original component fixture only if that statement changes.,None for Aeneas source comparison; the main report’s own newer-version cohort may separately need its component tool.,No newer Aeneas/Charon/Lean/Rust executable or package was run; source/release inspection only.,newer_version_recheck,June 2026 Rust→Charon→Aeneas→Lean 4.30.0-rc2 bundle,context_only
R162,metadata_or_cohort,direct_or_full_bundle,reports/anneal-3730-independent-vertical-reproduction-2026-09-29/REPORT.md,## Summary; ## Findings,"A second GPT-6 Sol High worker wrote a separate driver for the preserved vertical report's small Rust-comment → generated-Lean → live-goal → fresh-check procedure and ran it twice in new isolated temporary directories. The A and B source/model/proof hashes, their compiled model/proof artifact hashes, fresh fixed-consumer results, invalid F model exit, stale A proof failure under B, and final B selection agreed with the original. The live server showed A's unfinished `⊢ modelValue = 3`, then `no goals` after an unsaved edit; B showed `no goals`; the old A proof under B showed `⊢ modelValue = 3`. An old A build was paused before F failure and B publication, completed afterward, and was rejected by the new driver's revision fence. The comparison script found **33/33 expected-exact fields equal**, plus four intentional source-layout differences.",Aeneas ac9f1bc5 + Charon a535e914 + Lean 4.30.0-rc2 + Charon Rust nightly-2026-05-31 where those layers are in this report,Aeneas 0855ce1b + Charon e435e5f3 + Lean 4.31.0 + Charon Rust nightly-2026-09-17; standalone Charon 2804f2d is separate,"P0,A1,C1,A2,L1,A6","The exact compatible Aeneas/Charon/Lean/Rust pins changed. Current Aeneas source adds optional `-emit-json`/`translation.json` and still parses one LLBC file. Paired Charon AST/extraction source changed, including `ItemMeta.started_from`. Current source defaults to Lean module-system output. Aeneas backend selects Lean 4.31.0. Lean support models and proof tactics changed. No new fixture, package, or runtime result was observed.",yes_for_new_runtime_or_package_claim,"Replay the exact source/LLBC fixture; compare Charon file/item/span fields and Aeneas generated files plus `-emit-json` declaration joins, then check a fresh Lean 4.31 consumer.",Aeneas nightly-2026.09.30 macOS arm64 archive; paired Charon e435e5f; Rust nightly-2026-09-17 + rustc-dev/llvm-tools/rust-src/miri; Lean/Lake 4.31.0 for Lean output. OCaml/Dune only for library-API cells.,No newer Aeneas/Charon/Lean/Rust executable or package was run; source/release inspection only.,newer_version_recheck,June 2026 Rust→Charon→Aeneas→Lean 4.30.0-rc2 bundle,direct_or_full_bundle
R179,metadata_or_cohort,contextual,reports/anneal-3730-last-good-model-after-rust-failure-2026-09-29/REPORT.md,opening paragraphs after H1,"Observed 2026-09-29 with pinned Charon, one-shot Aeneas and Lean 4.30.0-rc2. The tiny saved Rust source first defined `inc(x: u32) = x + 1`. Charon and Aeneas succeeded, generated Lean modules compiled, and proof v1 of `last_good_probe.inc 0#u32 = .ok 1#u32` passed. The report records the exact source, LLBC, generated-file and proof hashes as **model A**.",Aeneas ac9f1bc5 + Charon a535e914 + Lean 4.30.0-rc2 + Charon Rust nightly-2026-05-31 where those layers are in this report,Aeneas 0855ce1b + Charon e435e5f3 + Lean 4.31.0 + Charon Rust nightly-2026-09-17; standalone Charon 2804f2d is separate,P0,"Aeneas is contextual to this report. The compatible bundle pins changed, but this inspection identifies no source-level change to its main claim. Aeneas runtime and package claims remain untested.",conditional_citation_only,No Aeneas replay for the main claim. Reinspect its cited Aeneas/Charon/Lean statement against current source; run the original component fixture only if that statement changes.,None for Aeneas source comparison; the main report’s own newer-version cohort may separately need its component tool.,No newer Aeneas/Charon/Lean/Rust executable or package was run; source/release inspection only.,newer_version_recheck,Rust/Cargo/rustc nightly-2026-05-31,context_only
R180,metadata_or_cohort,contextual,reports/anneal-3730-last-good-model-signature-recovery-2026-09-29/REPORT.md,opening paragraphs after H1,"Observed 2026-09-29 with pinned Charon, one-shot Aeneas and Lean 4.30.0-rc2 CLIs. The source moved through **A → failed revision → supported B** at one saved Rust pathname. The scripts and raw command/status/diagnostic transcript are in `support/`; all source and proof revisions, LLBC and generated Lean outputs are retained under `support/work`.",Aeneas ac9f1bc5 + Charon a535e914 + Lean 4.30.0-rc2 + Charon Rust nightly-2026-05-31 where those layers are in this report,Aeneas 0855ce1b + Charon e435e5f3 + Lean 4.31.0 + Charon Rust nightly-2026-09-17; standalone Charon 2804f2d is separate,P0,"Aeneas is contextual to this report. The compatible bundle pins changed, but this inspection identifies no source-level change to its main claim. Aeneas runtime and package claims remain untested.",conditional_citation_only,No Aeneas replay for the main claim. Reinspect its cited Aeneas/Charon/Lean statement against current source; run the original component fixture only if that statement changes.,None for Aeneas source comparison; the main report’s own newer-version cohort may separately need its component tool.,No newer Aeneas/Charon/Lean/Rust executable or package was run; source/release inspection only.,newer_version_recheck,June 2026 Rust→Charon→Aeneas→Lean 4.30.0-rc2 bundle,context_only
R201,metadata_or_cohort,paired_lean,reports/anneal-3730-m06-generated-lake-source-order-trace-2026-09-29/REPORT.md,opening paragraphs after H1,"Observed 2026-09-29 using the pinned local Lean 4.30.0-rc2, Lake 5.0.0-src+3dc1a08, and cached Aeneas Lean backend. This is executed component evidence for #3730 M06 and #3731 I100/I142. It extends R21's artifact-family inventory and R43's byte-identical generated-source replay with a **byte-different, real Aeneas-generated** module pair from the cross-layer comparator mutants.",Aeneas ac9f1bc5 + Charon a535e914 + Lean 4.30.0-rc2 + Charon Rust nightly-2026-05-31 where those layers are in this report,Aeneas 0855ce1b + Charon e435e5f3 + Lean 4.31.0 + Charon Rust nightly-2026-09-17; standalone Charon 2804f2d is separate,"P0,L1,A2","Aeneas now pairs with Lean 4.31.0; module-system output applies only if Aeneas regenerates this model. No Lean server, Lake, OLean, or proof result was rerun.",yes_for_lean_cell_aeneas_regeneration_conditional,Replay the report’s exact Lean/Lake fixture with fresh Lean 4.31.0 OLeans. Regenerate Aeneas model source only if this cell consumes generated output; compare old/new model bytes separately.,Lean/Lake 4.31.0 and rebuilt Aeneas Lean library/OLeans; paired Aeneas/Charon/Rust only when regenerating model source.,No newer Aeneas/Charon/Lean/Rust executable or package was run; source/release inspection only.,newer_version_recheck,Lean/Lake v4.30.0-rc2,paired_component
R207,metadata_or_cohort,contextual,reports/anneal-3730-nested-parallelism-budget-2026-09-29/REPORT.md,opening paragraphs after H1,"Observed 2026-09-29 on Darwin 25.6.0 arm64, 8 GiB RAM. This is a direct component experiment, not an Anneal scheduler or Mathlib capacity measurement. It fills part of J06/I115 by measuring simultaneous *outer* units and configured *inner* budgets for Charon's Cargo invocation and direct Lean servers.",Aeneas ac9f1bc5 + Charon a535e914 + Lean 4.30.0-rc2 + Charon Rust nightly-2026-05-31 where those layers are in this report,Aeneas 0855ce1b + Charon e435e5f3 + Lean 4.31.0 + Charon Rust nightly-2026-09-17; standalone Charon 2804f2d is separate,P0,"Aeneas is contextual to this report. The compatible bundle pins changed, but this inspection identifies no source-level change to its main claim. Aeneas runtime and package claims remain untested.",conditional_citation_only,No Aeneas replay for the main claim. Reinspect its cited Aeneas/Charon/Lean statement against current source; run the original component fixture only if that statement changes.,None for Aeneas source comparison; the main report’s own newer-version cohort may separately need its component tool.,No newer Aeneas/Charon/Lean/Rust executable or package was run; source/release inspection only.,newer_version_recheck,June 2026 Rust→Charon→Aeneas→Lean 4.30.0-rc2 bundle,context_only
R209,metadata_or_cohort,contextual,reports/anneal-3730-nested-unsaved-recovery-grid-v4-30-0-rc2/REPORT.md,## Summary; ## Findings,"In one direct Lean server, an unsaved nested syntax error made `$/lean/plainGoal` return JSON `null` at the malformed token and the following outer tactic, while a later theorem still exposed its ordinary goal. Replacing the error with an unknown nested tactic instead returned the unresolved outer target at the error token and `null` at the following tactic. Restoring the original unsaved text restored all seven queried positions and cleared diagnostics. These are versioned-wait observations for one tiny file, useful for #3731 I043 and #3730 C02; they do not validate an Anneal proof.",Aeneas ac9f1bc5 + Charon a535e914 + Lean 4.30.0-rc2 + Charon Rust nightly-2026-05-31 where those layers are in this report,Aeneas 0855ce1b + Charon e435e5f3 + Lean 4.31.0 + Charon Rust nightly-2026-09-17; standalone Charon 2804f2d is separate,P0,"Aeneas is contextual to this report. The compatible bundle pins changed, but this inspection identifies no source-level change to its main claim. Aeneas runtime and package claims remain untested.",conditional_citation_only,No Aeneas replay for the main claim. Reinspect its cited Aeneas/Charon/Lean statement against current source; run the original component fixture only if that statement changes.,None for Aeneas source comparison; the main report’s own newer-version cohort may separately need its component tool.,No newer Aeneas/Charon/Lean/Rust executable or package was run; source/release inspection only.,newer_version_recheck,June 2026 Rust→Charon→Aeneas→Lean 4.30.0-rc2 bundle,context_only
R211,metadata_or_cohort,contextual,reports/anneal-3730-partial-elaboration-queries-v4-30-0-rc2/REPORT.md,## Summary; ## Findings,"In four direct Lean 4.30.0-rc2 fixtures, a failed middle declaration did not prevent the server from exposing tactic goals in valid declarations both before and after it. Batch compilation still exited 1 in every case. The failure-position goal depended on the error: unfinished proof and unknown tactic yielded `⊢ True`; deterministic heartbeat timeout and recoverable syntax error yielded JSON `null`. `#print axioms after` reported that the later `after` theorem used no axioms in all four files. These local observations make reachable goal state useful for repair, while the diagnostics and batch exit code retain the whole-file failure.",Aeneas ac9f1bc5 + Charon a535e914 + Lean 4.30.0-rc2 + Charon Rust nightly-2026-05-31 where those layers are in this report,Aeneas 0855ce1b + Charon e435e5f3 + Lean 4.31.0 + Charon Rust nightly-2026-09-17; standalone Charon 2804f2d is separate,P0,"Aeneas is contextual to this report. The compatible bundle pins changed, but this inspection identifies no source-level change to its main claim. Aeneas runtime and package claims remain untested.",conditional_citation_only,No Aeneas replay for the main claim. Reinspect its cited Aeneas/Charon/Lean statement against current source; run the original component fixture only if that statement changes.,None for Aeneas source comparison; the main report’s own newer-version cohort may separately need its component tool.,No newer Aeneas/Charon/Lean/Rust executable or package was run; source/release inspection only.,newer_version_recheck,June 2026 Rust→Charon→Aeneas→Lean 4.30.0-rc2 bundle,context_only
R213,metadata_or_cohort,direct_or_full_bundle,reports/anneal-3730-pinned-cross-layer-navigation-boundary-2026-09-29/REPORT.md,opening paragraphs after H1; ## Executed navigation and goal observations,"Observed 2026-09-29 on AArch64 macOS. This report adds executable **component navigation evidence** for #3730 G15 and #3731 I066/I149 using the already retained R44 compatible-bundle full-pipeline fixture, the R12 reorder fixture, and fresh same-leaf-name and loop-helper fixtures. The manifests pin bytes cryptographically, but their Charon→Aeneas→obligation links are **derived name/span matches and fixture-authored choices**, not a producer-authenticated cross-layer identity. The requested actual Anneal agent navigation and usability trial remains unrun.",Aeneas ac9f1bc5 + Charon a535e914 + Lean 4.30.0-rc2 + Charon Rust nightly-2026-05-31 where those layers are in this report,Aeneas 0855ce1b + Charon e435e5f3 + Lean 4.31.0 + Charon Rust nightly-2026-09-17; standalone Charon 2804f2d is separate,"P0,A1,C1,A4,A5,C2","The exact compatible Aeneas/Charon/Lean/Rust pins changed. Current Aeneas source adds optional `-emit-json`/`translation.json` and still parses one LLBC file. Paired Charon AST/extraction source changed, including `ItemMeta.started_from`. Lean identifier escaping source changed. Borrow/loop/closure translation source has targeted fixes. Paired Charon selects Rust nightly-2026-09-17. No new fixture, package, or runtime result was observed.",yes_for_new_runtime_or_package_claim,"Replay the exact boundary/failure fixture once per compatible bundle; record first failing stage, generated model and fresh Lean proof/axiom status. Preserve an independent old-pin control.",Aeneas nightly-2026.09.30 macOS arm64 archive; paired Charon e435e5f; Rust nightly-2026-09-17 + rustc-dev/llvm-tools/rust-src/miri; Lean/Lake 4.31.0 for Lean output. OCaml/Dune only for library-API cells.,No newer Aeneas/Charon/Lean/Rust executable or package was run; source/release inspection only.,newer_version_recheck,June 2026 Rust→Charon→Aeneas→Lean 4.30.0-rc2 bundle,direct_or_full_bundle
R216,metadata_or_cohort,contextual,reports/anneal-3730-prefix-edit-cancellation-v4-30-0-rc2/REPORT.md,## Summary; ## Findings,"In one pinned Lean server run, an unsaved early definition edit entered a deterministic elaboration gate before its suffix commands. The client then sent a newer early edit, canceled the older diagnostics wait, and released the gate. The older wait returned `-32800`; only the newer version's suffix markers ran, and its goal query selected `⊢ generated = 3`. The unchanged leading marker did not rerun. This adds a bounded combined edit/cancel observation to #3731 I036; it does not establish a general cancellation guarantee or Anneal's generated-context behavior.",Aeneas ac9f1bc5 + Charon a535e914 + Lean 4.30.0-rc2 + Charon Rust nightly-2026-05-31 where those layers are in this report,Aeneas 0855ce1b + Charon e435e5f3 + Lean 4.31.0 + Charon Rust nightly-2026-09-17; standalone Charon 2804f2d is separate,P0,"Aeneas is contextual to this report. The compatible bundle pins changed, but this inspection identifies no source-level change to its main claim. Aeneas runtime and package claims remain untested.",conditional_citation_only,No Aeneas replay for the main claim. Reinspect its cited Aeneas/Charon/Lean statement against current source; run the original component fixture only if that statement changes.,None for Aeneas source comparison; the main report’s own newer-version cohort may separately need its component tool.,No newer Aeneas/Charon/Lean/Rust executable or package was run; source/release inspection only.,newer_version_recheck,June 2026 Rust→Charon→Aeneas→Lean 4.30.0-rc2 bundle,context_only
R219,metadata_or_cohort,contextual,reports/anneal-3730-projection-provenance-2026-09-29/REPORT.md,## Summary; ## Findings,"In frozen real tool output, Charon's macro-generated `generated` function had an item span inside the macro definition and no `source_text`; rustfmt moved that span from line 35 to lines 47–49 while preserving the function and its marker. Aeneas' generated Lean source named two Rust functions and printed source locations, but those comments only support lexical candidate links. Neither form identifies an exact editable Rust-hosted Lean range.",Aeneas ac9f1bc5 + Charon a535e914 + Lean 4.30.0-rc2 + Charon Rust nightly-2026-05-31 where those layers are in this report,Aeneas 0855ce1b + Charon e435e5f3 + Lean 4.31.0 + Charon Rust nightly-2026-09-17; standalone Charon 2804f2d is separate,P0,"Aeneas is contextual to this report. The compatible bundle pins changed, but this inspection identifies no source-level change to its main claim. Aeneas runtime and package claims remain untested.",conditional_citation_only,No Aeneas replay for the main claim. Reinspect its cited Aeneas/Charon/Lean statement against current source; run the original component fixture only if that statement changes.,None for Aeneas source comparison; the main report’s own newer-version cohort may separately need its component tool.,No newer Aeneas/Charon/Lean/Rust executable or package was run; source/release inspection only.,newer_version_recheck,Lean/Lake v4.30.0-rc2,context_only
R223,metadata_or_cohort,contextual,reports/anneal-3730-resource-economics-2026-09-29/REPORT.md,## Summary; ### Relation to remaining #3731 resource questions,"Two independent tiny Lake consumers built distinct same-name `Generated` modules successfully with a sampled peak of 2.10 GB **summed RSS** across four Lake/Lean processes. One no-change warm pair sampled two processes and 1.30 GB summed RSS. Four short edit rounds under two separate direct Lean servers kept value-7 and value-9 goal/diagnostic sentinels distinct; the two watchdogs plus two workers grew in sampled summed RSS from 1.04 to 1.39 GB and dropped to zero after clean shutdown. macOS `phys_footprint` samples were far below summed RSS for the server trees, illustrating why RSS sums are not unique physical memory. These small fixtures do not justify a production Anneal worker cap or high-worker extrapolation.",Aeneas ac9f1bc5 + Charon a535e914 + Lean 4.30.0-rc2 + Charon Rust nightly-2026-05-31 where those layers are in this report,Aeneas 0855ce1b + Charon e435e5f3 + Lean 4.31.0 + Charon Rust nightly-2026-09-17; standalone Charon 2804f2d is separate,P0,"Aeneas is contextual to this report. The compatible bundle pins changed, but this inspection identifies no source-level change to its main claim. Aeneas runtime and package claims remain untested.",conditional_citation_only,No Aeneas replay for the main claim. Reinspect its cited Aeneas/Charon/Lean statement against current source; run the original component fixture only if that statement changes.,None for Aeneas source comparison; the main report’s own newer-version cohort may separately need its component tool.,No newer Aeneas/Charon/Lean/Rust executable or package was run; source/release inspection only.,newer_version_recheck,June 2026 Rust→Charon→Aeneas→Lean 4.30.0-rc2 bundle,context_only
R224,metadata_or_cohort,contextual,reports/anneal-3730-resource-soak-contamination-2026-09-29/REPORT.md,## Summary; ## Findings,"On one 8 GiB arm64 macOS host, a direct Lean 4.30.0-rc2 server opened one, two, then four tiny imported files. All 25 exact-position goal queries retained their file-specific sentinels through three edits per cell. The four-worker cell was admitted only after a measured two-worker extrapolation. Its largest sampled process-tree summed RSS was 1,846,132,736 bytes, below the 3,355,443,200-byte guard. This is a small component workload, not evidence of Mathlib-scale capacity or an Anneal worker policy.",Aeneas ac9f1bc5 + Charon a535e914 + Lean 4.30.0-rc2 + Charon Rust nightly-2026-05-31 where those layers are in this report,Aeneas 0855ce1b + Charon e435e5f3 + Lean 4.31.0 + Charon Rust nightly-2026-09-17; standalone Charon 2804f2d is separate,P0,"Aeneas is contextual to this report. The compatible bundle pins changed, but this inspection identifies no source-level change to its main claim. Aeneas runtime and package claims remain untested.",conditional_citation_only,No Aeneas replay for the main claim. Reinspect its cited Aeneas/Charon/Lean statement against current source; run the original component fixture only if that statement changes.,None for Aeneas source comparison; the main report’s own newer-version cohort may separately need its component tool.,No newer Aeneas/Charon/Lean/Rust executable or package was run; source/release inspection only.,newer_version_recheck,June 2026 Rust→Charon→Aeneas→Lean 4.30.0-rc2 bundle,context_only
R225,metadata_or_cohort,direct_or_full_bundle,reports/anneal-3730-retained-full-chain-byte-timing-inventory-2026-09-29/REPORT.md,## Summary,"The earlier `anneal-3730-full-lake-server-chain-2026-09-29` report retained a successful single Rust→Charon→Aeneas→direct Lean→Lake→live Lean→fresh batch chain but did not group every retained local byte/inode. This read-only analysis inventoried that exact saved worker tree and extracted its recorded stage times. The 54 regular files and one symlink total 4,524,103 logical bytes and 4,698,112 `st_blocks × 512` bytes. Three generated Lean modules appear byte-identically in the generator output, direct consumer and Lake project, totaling 3,364 extra logical bytes over one copy of each. The symlink points to a shared cached dependency package tree that is deliberately excluded from these worker-local totals.",Aeneas ac9f1bc5 + Charon a535e914 + Lean 4.30.0-rc2 + Charon Rust nightly-2026-05-31 where those layers are in this report,Aeneas 0855ce1b + Charon e435e5f3 + Lean 4.31.0 + Charon Rust nightly-2026-09-17; standalone Charon 2804f2d is separate,"P0,A1,C1,A2,L1,C2","The exact compatible Aeneas/Charon/Lean/Rust pins changed. Current Aeneas source adds optional `-emit-json`/`translation.json` and still parses one LLBC file. Paired Charon AST/extraction source changed, including `ItemMeta.started_from`. Current source defaults to Lean module-system output. Aeneas backend selects Lean 4.31.0. Paired Charon selects Rust nightly-2026-09-17. No new fixture, package, or runtime result was observed.",yes_for_new_runtime_or_package_claim,"Reinspect current public API/CLI; replay one-shot file handoff and cancellation control. A genuine in-process OCaml comparison requires Dune/OCaml build, not the release CLI alone.",Aeneas nightly-2026.09.30 macOS arm64 archive; paired Charon e435e5f; Rust nightly-2026-09-17 + rustc-dev/llvm-tools/rust-src/miri; Lean/Lake 4.31.0 for Lean output. OCaml/Dune only for library-API cells.,No newer Aeneas/Charon/Lean/Rust executable or package was run; source/release inspection only.,newer_version_recheck,June 2026 Rust→Charon→Aeneas→Lean 4.30.0-rc2 bundle,direct_or_full_bundle
R228,metadata_or_cohort,direct_or_full_bundle,reports/anneal-3730-rust-charon-aeneas-lean-golden-vertical-2026-09-29/REPORT.md,opening paragraphs after H1,## Result and scope,Aeneas ac9f1bc5 + Charon a535e914 + Lean 4.30.0-rc2 + Charon Rust nightly-2026-05-31 where those layers are in this report,Aeneas 0855ce1b + Charon e435e5f3 + Lean 4.31.0 + Charon Rust nightly-2026-09-17; standalone Charon 2804f2d is separate,"P0,A2,L1,C1,C2","The exact compatible Aeneas/Charon/Lean/Rust pins changed. Current source defaults to Lean module-system output. Aeneas backend selects Lean 4.31.0. Paired Charon AST/extraction source changed, including `ItemMeta.started_from`. Paired Charon selects Rust nightly-2026-09-17. No new fixture, package, or runtime result was observed.",yes_for_new_runtime_or_package_claim,"Repeat the report’s bounded single/dual worker control with isolated old/new bundles; compare normalized output bytes, process results and resource counters under the same host limits.",Aeneas nightly-2026.09.30 macOS arm64 archive; paired Charon e435e5f; Rust nightly-2026-09-17 + rustc-dev/llvm-tools/rust-src/miri; Lean/Lake 4.31.0 for Lean output. OCaml/Dune only for library-API cells.,No newer Aeneas/Charon/Lean/Rust executable or package was run; source/release inspection only.,newer_version_recheck,June 2026 Rust→Charon→Aeneas→Lean 4.30.0-rc2 bundle,direct_or_full_bundle
R236,metadata_or_cohort,contextual,reports/anneal-3730-shared-cargo-consumer-ownership-2026-09-29/REPORT.md,opening paragraphs after H1,## Question and subject,Aeneas ac9f1bc5 + Charon a535e914 + Lean 4.30.0-rc2 + Charon Rust nightly-2026-05-31 where those layers are in this report,Aeneas 0855ce1b + Charon e435e5f3 + Lean 4.31.0 + Charon Rust nightly-2026-09-17; standalone Charon 2804f2d is separate,P0,"Aeneas is contextual to this report. The compatible bundle pins changed, but this inspection identifies no source-level change to its main claim. Aeneas runtime and package claims remain untested.",conditional_citation_only,No Aeneas replay for the main claim. Reinspect its cited Aeneas/Charon/Lean statement against current source; run the original component fixture only if that statement changes.,None for Aeneas source comparison; the main report’s own newer-version cohort may separately need its component tool.,No newer Aeneas/Charon/Lean/Rust executable or package was run; source/release inspection only.,newer_version_recheck,June 2026 Rust→Charon→Aeneas→Lean 4.30.0-rc2 bundle,context_only
R237,metadata_or_cohort,direct_or_full_bundle,reports/anneal-3730-shared-generator-batch-live-sinks-2026-09-29/REPORT.md,opening paragraphs after H1,## Result,Aeneas ac9f1bc5 + Charon a535e914 + Lean 4.30.0-rc2 + Charon Rust nightly-2026-05-31 where those layers are in this report,Aeneas 0855ce1b + Charon e435e5f3 + Lean 4.31.0 + Charon Rust nightly-2026-09-17; standalone Charon 2804f2d is separate,P0,"The exact compatible Aeneas/Charon/Lean/Rust pins changed. No new fixture, package, or runtime result was observed.",yes_for_new_runtime_or_package_claim,"Replay the exact boundary/failure fixture once per compatible bundle; record first failing stage, generated model and fresh Lean proof/axiom status. Preserve an independent old-pin control.",Aeneas nightly-2026.09.30 macOS arm64 archive; paired Charon e435e5f; Rust nightly-2026-09-17 + rustc-dev/llvm-tools/rust-src/miri; Lean/Lake 4.31.0 for Lean output. OCaml/Dune only for library-API cells.,No newer Aeneas/Charon/Lean/Rust executable or package was run; source/release inspection only.,newer_version_recheck,June 2026 Rust→Charon→Aeneas→Lean 4.30.0-rc2 bundle,direct_or_full_bundle
R239,metadata_or_cohort,direct_or_full_bundle,reports/anneal-3730-source-owned-projection-diagnostic-matrix-2026-09-29/REPORT.md,## Summary; ## Unicode and batch/live diagnostic comparison,"A pinned Rust→Charon→Aeneas→Lean run retained source bytes, LLBC, generated Lean, compiled model modules, and a projected proof document. Rustc located a deliberately wrong Rust expression at source bytes 156–163. Charon gave ordinary functions source spans/text but gave a macro-generated function a span inside the macro definition with no `source_text`. Aeneas printed all three names and source locations in generated Lean comments; those are lexical navigation candidates, not authenticated editable edges. A separate, explicitly illustrative copier mapped six projected proof segments to exact Rust doc-comment payload bytes. Only those copied bytes received source edit authority in the model.",Aeneas ac9f1bc5 + Charon a535e914 + Lean 4.30.0-rc2 + Charon Rust nightly-2026-05-31 where those layers are in this report,Aeneas 0855ce1b + Charon e435e5f3 + Lean 4.31.0 + Charon Rust nightly-2026-09-17; standalone Charon 2804f2d is separate,P0,"Aeneas is contextual to this report. The compatible bundle pins changed, but this inspection identifies no source-level change to the report’s main claim. Runtime and package claims remain untested.",yes_for_new_runtime_or_package_claim,No Aeneas replay for the main claim. Reinspect its cited Aeneas/Charon/Lean statement against current source; run the original component fixture only if that statement changes.,None for source comparison; only the original component’s newer tool if a citation-level runtime claim changes.,No newer Aeneas/Charon/Lean/Rust executable or package was run; source/release inspection only.,newer_version_recheck,Lean/Lake v4.30.0-rc2,direct_or_full_bundle
R242,metadata_or_cohort,direct_or_full_bundle,reports/anneal-3730-vertical-acceptance-v4-30-0-rc2/REPORT.md,## Summary; ## Findings,"A disposable prototype used one captured Rust comment annotation and a tiny generated Lean model to drive both a versioned Lean server edit/query path and fresh batch checks. For the A and B model generations, solved local goals agreed with fresh Lean compilation and a fixed proposition consumer. Three controls separated those meanings: an old proof failed against B's model, a weakened `True` theorem compiled but failed the fixed proposition consumer, and a theorem using `sorry` compiled and satisfied the proposition consumer while `#print axioms` exposed `sorryAx`.",Aeneas ac9f1bc5 + Charon a535e914 + Lean 4.30.0-rc2 + Charon Rust nightly-2026-05-31 where those layers are in this report,Aeneas 0855ce1b + Charon e435e5f3 + Lean 4.31.0 + Charon Rust nightly-2026-09-17; standalone Charon 2804f2d is separate,"P0,A1,C1,A2,L1,A6","The exact compatible Aeneas/Charon/Lean/Rust pins changed. Current Aeneas source adds optional `-emit-json`/`translation.json` and still parses one LLBC file. Paired Charon AST/extraction source changed, including `ItemMeta.started_from`. Current source defaults to Lean module-system output. Aeneas backend selects Lean 4.31.0. Lean support models and proof tactics changed. No new fixture, package, or runtime result was observed.",yes_for_new_runtime_or_package_claim,"Replay the exact source/LLBC fixture; compare Charon file/item/span fields and Aeneas generated files plus `-emit-json` declaration joins, then check a fresh Lean 4.31 consumer.",Aeneas nightly-2026.09.30 macOS arm64 archive; paired Charon e435e5f; Rust nightly-2026-09-17 + rustc-dev/llvm-tools/rust-src/miri; Lean/Lake 4.31.0 for Lean output. OCaml/Dune only for library-API cells.,No newer Aeneas/Charon/Lean/Rust executable or package was run; source/release inspection only.,newer_version_recheck,June 2026 Rust→Charon→Aeneas→Lean 4.30.0-rc2 bundle,direct_or_full_bundle
R243,metadata_or_cohort,direct_or_full_bundle,reports/anneal-3731-aeneas-declaration-block-diff-2026-09-29/REPORT.md,## Summary,"The published Aeneas identity-manifest report preserved seven successful source/LLBC inputs and their complete generated Lean output trees. It compared whole-file bytes and inventoried declaration heads, but did not compare the text of individual generated declaration blocks. This offline reanalysis compares the **lexically delimited head-through-body text** for every retained declaration in the six mutation outputs against the base output. It adds bounded textual evidence for #3731 **I083** and **I084**; #3730 **E11** is context for a possible finer-grained prototype, not a direct product result.",Aeneas ac9f1bc5 + Charon a535e914 + Lean 4.30.0-rc2 + Charon Rust nightly-2026-05-31 where those layers are in this report,Aeneas 0855ce1b + Charon e435e5f3 + Lean 4.31.0 + Charon Rust nightly-2026-09-17; standalone Charon 2804f2d is separate,"P0,A1,C1,A2,L1,A7,C2","The exact compatible Aeneas/Charon/Lean/Rust pins changed. Current Aeneas source adds optional `-emit-json`/`translation.json` and still parses one LLBC file. Paired Charon AST/extraction source changed, including `ItemMeta.started_from`. Current source defaults to Lean module-system output. Aeneas backend selects Lean 4.31.0. Release asset/workflow source changed. Paired Charon selects Rust nightly-2026-09-17. No new fixture, package, or runtime result was observed.",yes_for_new_runtime_or_package_claim,"Inventory current release archive members, hashes, toolchain files and CLI help; then run one exact old/new offline smoke fixture in separate private roots.",Aeneas nightly-2026.09.30 macOS arm64 archive; paired Charon e435e5f; Rust nightly-2026-09-17 + rustc-dev/llvm-tools/rust-src/miri; Lean/Lake 4.31.0 for Lean output. OCaml/Dune only for library-API cells.,No newer Aeneas/Charon/Lean/Rust executable or package was run; source/release inspection only.,newer_version_recheck,June 2026 Rust→Charon→Aeneas→Lean 4.30.0-rc2 bundle,direct_or_full_bundle
R244,metadata_or_cohort,paired_charon,reports/anneal-3731-charon-relocation-comment-provenance-2026-09-29/REPORT.md,## Summary; ### Relocation carries through both artifacts,"On one pinned macOS toolchain, moving identical Rust bytes between two roots changed exactly the local source-file path in a schema-aware LLBC comparison, and changed only the source-path documentation line in Aeneas's generated Lean. Appending a comment after the function changed the complete source contents embedded in LLBC but produced byte-identical Lean at the same path. A repeated original extraction had the same normalized LLBC and Lean as the first. These observations separate reusable model text from the provenance needed to associate it with an editor buffer.",Aeneas ac9f1bc5 + Charon a535e914 + Lean 4.30.0-rc2 + Charon Rust nightly-2026-05-31 where those layers are in this report,Aeneas 0855ce1b + Charon e435e5f3 + Lean 4.31.0 + Charon Rust nightly-2026-09-17; standalone Charon 2804f2d is separate,"P0,C1,C2",The Aeneas-paired Charon revision changed LLBC AST/extraction source and rustc pin. No LLBC or downstream Aeneas output was produced on the new bundle.,yes_for_charon_cell_aeneas_downstream_conditional,Run the report’s exact minimal Cargo/Charon fixture with Charon e435e5f and Rust nightly-2026-09-17; compare decoded LLBC fields and stage result. Run Aeneas/Lean only if the report claims downstream translation.,"Charon e435e5f build or compatible archive; Rust nightly-2026-09-17 with rustc-dev, llvm-tools, rust-src, miri; Aeneas Sep release and Lean 4.31 only for downstream cells.",No newer Aeneas/Charon/Lean/Rust executable or package was run; source/release inspection only.,newer_version_recheck,Charon 0.1.210 + Rust/Cargo nightly-2026-05-31,paired_component
R245,metadata_or_cohort,contextual,reports/anneal-3731-compiler-backed-coordinate-bridge-2026-09-29/REPORT.md,## Summary; ### Real coordinate specimens,"A tiny Rust file with CRLF, an emoji, a combining mark, and a tab produced a real rustc JSON error whose byte span and scalar column disagree numerically. A byte-for-byte copied Rust doc-comment payload produced a real Lean batch error and Lean LSP diagnostic on the same `missingLean` token. The bridge mapped both Lean ranges back to the exact Rust source bytes, round-tripped 28 valid scalar boundaries in the copied payload, and rejected seven invalid or unowned cases. The bridge is an explicit test harness, not Anneal V2's source map. This narrows #3731 I025; its actual Rust-hosted projection and editor encoding negotiation remain open.",Aeneas ac9f1bc5 + Charon a535e914 + Lean 4.30.0-rc2 + Charon Rust nightly-2026-05-31 where those layers are in this report,Aeneas 0855ce1b + Charon e435e5f3 + Lean 4.31.0 + Charon Rust nightly-2026-09-17; standalone Charon 2804f2d is separate,P0,"Aeneas is contextual to this report. The compatible bundle pins changed, but this inspection identifies no source-level change to its main claim. Aeneas runtime and package claims remain untested.",conditional_citation_only,No Aeneas replay for the main claim. Reinspect its cited Aeneas/Charon/Lean statement against current source; run the original component fixture only if that statement changes.,None for Aeneas source comparison; the main report’s own newer-version cohort may separately need its component tool.,No newer Aeneas/Charon/Lean/Rust executable or package was run; source/release inspection only.,newer_version_recheck,June 2026 Rust→Charon→Aeneas→Lean 4.30.0-rc2 bundle,context_only
R246,metadata_or_cohort,direct_or_full_bundle,reports/anneal-3731-embedded-proof-generated-model-vertical-v4-30-0-rc2/REPORT.md,## Summary; ### One live proof edit against a retained generated context,"A disposable driver joined a Rust-hosted, **unsaved** Lean comment to a **real prepared Charon/Aeneas generated model**. It projected the comment into Lean, opened and changed that document in Lean 4.30.0-rc2's actual language server, queried the initial goal and solved state, applied the proof change under a host/projection/version/model compare-and-swap guard, and checked the exact captured projected bytes in fresh batch Lean. A fixed proposition consumer accepted the theorem and `#print axioms` listed only `[propext, Classical.choice, Quot.sound]`. The saved Rust file and projected disk shadow remained unchanged during the live session.",Aeneas ac9f1bc5 + Charon a535e914 + Lean 4.30.0-rc2 + Charon Rust nightly-2026-05-31 where those layers are in this report,Aeneas 0855ce1b + Charon e435e5f3 + Lean 4.31.0 + Charon Rust nightly-2026-09-17; standalone Charon 2804f2d is separate,"P0,A1,C1,A2,L1,A6,C2","The exact compatible Aeneas/Charon/Lean/Rust pins changed. Current Aeneas source adds optional `-emit-json`/`translation.json` and still parses one LLBC file. Paired Charon AST/extraction source changed, including `ItemMeta.started_from`. Current source defaults to Lean module-system output. Aeneas backend selects Lean 4.31.0. Lean support models and proof tactics changed. Paired Charon selects Rust nightly-2026-09-17. No new fixture, package, or runtime result was observed.",yes_for_new_runtime_or_package_claim,"Replay the exact source/LLBC fixture; compare Charon file/item/span fields and Aeneas generated files plus `-emit-json` declaration joins, then check a fresh Lean 4.31 consumer.",Aeneas nightly-2026.09.30 macOS arm64 archive; paired Charon e435e5f; Rust nightly-2026-09-17 + rustc-dev/llvm-tools/rust-src/miri; Lean/Lake 4.31.0 for Lean output. OCaml/Dune only for library-API cells.,No newer Aeneas/Charon/Lean/Rust executable or package was run; source/release inspection only.,newer_version_recheck,June 2026 Rust→Charon→Aeneas→Lean 4.30.0-rc2 bundle,direct_or_full_bundle
R247,metadata_or_cohort,direct_or_full_bundle,reports/anneal-3731-full-chain-transient-workspace-accounting-2026-09-29/REPORT.md,## Summary; ## Findings,"One bounded replay of the existing tiny Rust→Charon→Aeneas→direct Lean→Lake→live server→fresh batch fixture recorded file-level snapshots at 24 stage boundaries and 331 intervening samples. The largest observed regular-file allocation in the disposable run directory was **4,825,088 bytes**. Cargo left **12 files, 5,838 logical bytes and 28,672 allocated bytes** in its target directory before the harness deleted it. The prior retained-file inventory could not count that temporary target. These are lower bounds on peak space and write activity, not an all-write trace.",Aeneas ac9f1bc5 + Charon a535e914 + Lean 4.30.0-rc2 + Charon Rust nightly-2026-05-31 where those layers are in this report,Aeneas 0855ce1b + Charon e435e5f3 + Lean 4.31.0 + Charon Rust nightly-2026-09-17; standalone Charon 2804f2d is separate,"P0,A2,L1,C1,C2","The exact compatible Aeneas/Charon/Lean/Rust pins changed. Current source defaults to Lean module-system output. Aeneas backend selects Lean 4.31.0. Paired Charon AST/extraction source changed, including `ItemMeta.started_from`. Paired Charon selects Rust nightly-2026-09-17. No new fixture, package, or runtime result was observed.",yes_for_new_runtime_or_package_claim,"Reinspect current public API/CLI; replay one-shot file handoff and cancellation control. A genuine in-process OCaml comparison requires Dune/OCaml build, not the release CLI alone.",Aeneas nightly-2026.09.30 macOS arm64 archive; paired Charon e435e5f; Rust nightly-2026-09-17 + rustc-dev/llvm-tools/rust-src/miri; Lean/Lake 4.31.0 for Lean output. OCaml/Dune only for library-API cells.,No newer Aeneas/Charon/Lean/Rust executable or package was run; source/release inspection only.,newer_version_recheck,June 2026 Rust→Charon→Aeneas→Lean 4.30.0-rc2 bundle,direct_or_full_bundle
R279,metadata_or_cohort,contextual,reports/anneal-3731-i092-malformed-manifest-preflight-2026-09-30/REPORT.md,opening paragraphs after H1,## Scope,Aeneas ac9f1bc5 + Charon a535e914 + Lean 4.30.0-rc2 + Charon Rust nightly-2026-05-31 where those layers are in this report,Aeneas 0855ce1b + Charon e435e5f3 + Lean 4.31.0 + Charon Rust nightly-2026-09-17; standalone Charon 2804f2d is separate,P0,"Aeneas is contextual to this report. The compatible bundle pins changed, but this inspection identifies no source-level change to its main claim. Aeneas runtime and package claims remain untested.",conditional_citation_only,No Aeneas replay for the main claim. Reinspect its cited Aeneas/Charon/Lean statement against current source; run the original component fixture only if that statement changes.,None for Aeneas source comparison; the main report’s own newer-version cohort may separately need its component tool.,No newer Aeneas/Charon/Lean/Rust executable or package was run; source/release inspection only.,newer_version_recheck,June 2026 Rust→Charon→Aeneas→Lean 4.30.0-rc2 bundle,context_only
R289,metadata_or_cohort,contextual,reports/anneal-3731-i147-syntax-equivalent-rebuild-2026-09-29/REPORT.md,## Summary,"On pinned Lean/Lake `v4.30.0-rc2`, the fixture changed `def selected : Nat := 7` to `def selected:Nat := 0x7`. Both are 24 source bytes and evaluate to 7. Lake rebuilt `Dep` after the edit: the OLean mtime changed, while its 4,616 bytes remained **byte identical** (SHA-256 `c363ec99438400519e766fea241aaee6b7bafc2d593f5db9fd740bb5b7e69f62`). The source SHA-256 changed from `a65f7080…` to `258b3e8a…`; the Lake trace and ILean bytes also changed. A resident server file, a newly opened file, the reopened file, a fresh server and fresh batch controls all agreed on the same proof result. **Basis: local execution.**",Aeneas ac9f1bc5 + Charon a535e914 + Lean 4.30.0-rc2 + Charon Rust nightly-2026-05-31 where those layers are in this report,Aeneas 0855ce1b + Charon e435e5f3 + Lean 4.31.0 + Charon Rust nightly-2026-09-17; standalone Charon 2804f2d is separate,P0,"Aeneas is contextual to this report. The compatible bundle pins changed, but this inspection identifies no source-level change to its main claim. Aeneas runtime and package claims remain untested.",conditional_citation_only,No Aeneas replay for the main claim. Reinspect its cited Aeneas/Charon/Lean statement against current source; run the original component fixture only if that statement changes.,None for Aeneas source comparison; the main report’s own newer-version cohort may separately need its component tool.,No newer Aeneas/Charon/Lean/Rust executable or package was run; source/release inspection only.,newer_version_recheck,June 2026 Rust→Charon→Aeneas→Lean 4.30.0-rc2 bundle,context_only
R291,metadata_or_cohort,contextual,reports/anneal-3731-i148-multifunction-translation-repeat-2026-09-29/REPORT.md,opening paragraphs after H1,"Observed on 2026-09-29 with the locally installed Charon 0.1.210, Rust/Cargo nightly-2026-05-31, Aeneas selected by Anneal's nightly-2026.06.03 bundle, and Lean 4.30.0-rc2. `support/results.json` records exact executable hashes and invocations. This is a local component experiment, not an Anneal V2 product run.",Aeneas ac9f1bc5 + Charon a535e914 + Lean 4.30.0-rc2 + Charon Rust nightly-2026-05-31 where those layers are in this report,Aeneas 0855ce1b + Charon e435e5f3 + Lean 4.31.0 + Charon Rust nightly-2026-09-17; standalone Charon 2804f2d is separate,P0,"Aeneas is contextual to this report. The compatible bundle pins changed, but this inspection identifies no source-level change to its main claim. Aeneas runtime and package claims remain untested.",conditional_citation_only,No Aeneas replay for the main claim. Reinspect its cited Aeneas/Charon/Lean statement against current source; run the original component fixture only if that statement changes.,None for Aeneas source comparison; the main report’s own newer-version cohort may separately need its component tool.,No newer Aeneas/Charon/Lean/Rust executable or package was run; source/release inspection only.,newer_version_recheck,June 2026 Rust→Charon→Aeneas→Lean 4.30.0-rc2 bundle,context_only
R301,metadata_or_cohort,contextual,reports/anneal-3731-reader-owned-generation-lease-v4-30-0-rc2/REPORT.md,## Summary; ## Findings,"Two independently spawned readers held their own shared leases on a retained real generated-model family. After selection changed from A to B, garbage collection deferred through one reader's forced death and the other reader's later Lean import. It reclaimed A only after the last reader exited. The published v20 audit had used a parent-held proxy lease; this is a distinct ownership and crash-lifetime cell for #3731 I121 and #3730 J11.",Aeneas ac9f1bc5 + Charon a535e914 + Lean 4.30.0-rc2 + Charon Rust nightly-2026-05-31 where those layers are in this report,Aeneas 0855ce1b + Charon e435e5f3 + Lean 4.31.0 + Charon Rust nightly-2026-09-17; standalone Charon 2804f2d is separate,P0,"Aeneas is contextual to this report. The compatible bundle pins changed, but this inspection identifies no source-level change to its main claim. Aeneas runtime and package claims remain untested.",conditional_citation_only,No Aeneas replay for the main claim. Reinspect its cited Aeneas/Charon/Lean statement against current source; run the original component fixture only if that statement changes.,None for Aeneas source comparison; the main report’s own newer-version cohort may separately need its component tool.,No newer Aeneas/Charon/Lean/Rust executable or package was run; source/release inspection only.,newer_version_recheck,Lean/Lake v4.30.0-rc2,context_only
R302,metadata_or_cohort,contextual,reports/anneal-3731-real-generation-gc-lease-v4-30-0-rc2/REPORT.md,## Summary; ### Shared lease retains A for a later import,"In a disposable fixture containing the retained seven-file Charon/Aeneas/Lean A and B model families, a shared advisory lease kept unselected A available for a **fresh Lean process started after B selection and a GC attempt**. The later A import accepted the A proof and rejected the B proof, while a fresh B import did the reverse. After the A server and gated reader exited and the lease was released, GC removed A; a new A import failed because `Current` was absent, and B still accepted its proof. In the unleased control, GC removed A before the gated Lean process started, and both attempted A imports failed. The A document already open in a Lean server continued to report `no goals` in both cases, so its cached answer alone was not a retention oracle.",Aeneas ac9f1bc5 + Charon a535e914 + Lean 4.30.0-rc2 + Charon Rust nightly-2026-05-31 where those layers are in this report,Aeneas 0855ce1b + Charon e435e5f3 + Lean 4.31.0 + Charon Rust nightly-2026-09-17; standalone Charon 2804f2d is separate,P0,"Aeneas is contextual to this report. The compatible bundle pins changed, but this inspection identifies no source-level change to its main claim. Aeneas runtime and package claims remain untested.",conditional_citation_only,No Aeneas replay for the main claim. Reinspect its cited Aeneas/Charon/Lean statement against current source; run the original component fixture only if that statement changes.,None for Aeneas source comparison; the main report’s own newer-version cohort may separately need its component tool.,No newer Aeneas/Charon/Lean/Rust executable or package was run; source/release inspection only.,newer_version_recheck,Lean/Lake v4.30.0-rc2,context_only
R303,metadata_or_cohort,contextual,reports/anneal-3731-real-generation-publication-v4-30-0-rc2/REPORT.md,## Summary; ### Staged publication and pinned old server,"A disposable gated publisher used two retained, **real** Charon LLBC, Aeneas Lean source, and Lean `.olean` generations for the same Rust fixture. It staged all seven B files privately, checked their exact set and hashes, ran fresh Lean proof and axiom oracles, then replaced one selected-generation symlink. Fresh readers saw complete A at every preparation gate and complete B after publication. An A language server opened before publication still returned `no goals` afterward under its pinned A import path. `SIGKILL` immediately before the pointer replacement left A selected; `SIGKILL` immediately after left B selected.",Aeneas ac9f1bc5 + Charon a535e914 + Lean 4.30.0-rc2 + Charon Rust nightly-2026-05-31 where those layers are in this report,Aeneas 0855ce1b + Charon e435e5f3 + Lean 4.31.0 + Charon Rust nightly-2026-09-17; standalone Charon 2804f2d is separate,P0,"Aeneas is contextual to this report. The compatible bundle pins changed, but this inspection identifies no source-level change to its main claim. Aeneas runtime and package claims remain untested.",conditional_citation_only,No Aeneas replay for the main claim. Reinspect its cited Aeneas/Charon/Lean statement against current source; run the original component fixture only if that statement changes.,None for Aeneas source comparison; the main report’s own newer-version cohort may separately need its component tool.,No newer Aeneas/Charon/Lean/Rust executable or package was run; source/release inspection only.,newer_version_recheck,Lean/Lake v4.30.0-rc2,context_only
R306,title_or_summary_only,contextual,reports/anneal-archive-read-only-behavior-main-41f5b37/REPORT.md,## Summary; ### Current test coverage does not prove every archive subtree is read-only after installation,"At `google/zerocopy@41f5b37afe7060fd9fe08c00b200672cd76d77b9`, Anneal's omnibus packager removes write permission bits from the entire staged `lean`, `rust`, and `aeneas` payload before creating the tar archive. The selected Exocrate installer then unpacks that archive into a staging directory and atomically renames the directory into place without adding write permission bits back. Anneal's v2 archive-cache test makes the intended consumer contract explicit: it recursively requires the installed `aeneas` subtree to have no write bits, then builds and checks a separate writable generated workspace that imports the installed Aeneas package without reconfiguring or rebuilding those read-only Lake artifacts.",Aeneas ac9f1bc5 + Charon a535e914 + Lean 4.30.0-rc2 + Charon Rust nightly-2026-05-31 where those layers are in this report,Aeneas 0855ce1b + Charon e435e5f3 + Lean 4.31.0 + Charon Rust nightly-2026-09-17; standalone Charon 2804f2d is separate,P0,"Aeneas is contextual to this report. The compatible bundle pins changed, but this inspection identifies no source-level change to its main claim. Aeneas runtime and package claims remain untested.",conditional_citation_only,No Aeneas replay for the main claim. Reinspect its cited Aeneas/Charon/Lean statement against current source; run the original component fixture only if that statement changes.,None for Aeneas source comparison; the main report’s own newer-version cohort may separately need its component tool.,No newer Aeneas/Charon/Lean/Rust executable or package was run; source/release inspection only.,source_revision_recheck,Anneal V1 / exocrate source 41f5b37,context_only
R308,metadata_or_cohort,contextual,reports/anneal-cross-tool-error-provenance-specimens-v4-30-0-rc2/REPORT.md,## Summary; ## Findings,"The preserved specimen set follows supported and unsupported Rust fixtures across rustc/Charon, Aeneas, and Lean, and keeps transport/setup errors separate from compiler diagnostics. Supported examples complete the intended stages; explicit unsupported pointer cases retain Aeneas error messages and Rust source locations. Lean batch JSON and LSP diagnostics can be compared after normalizing their coordinate bases, but cancellation and process failures are separate events and must not be fabricated into source diagnostics.",Aeneas ac9f1bc5 + Charon a535e914 + Lean 4.30.0-rc2 + Charon Rust nightly-2026-05-31 where those layers are in this report,Aeneas 0855ce1b + Charon e435e5f3 + Lean 4.31.0 + Charon Rust nightly-2026-09-17; standalone Charon 2804f2d is separate,P0,"Aeneas is contextual to this report. The compatible bundle pins changed, but this inspection identifies no source-level change to its main claim. Aeneas runtime and package claims remain untested.",conditional_citation_only,No Aeneas replay for the main claim. Reinspect its cited Aeneas/Charon/Lean statement against current source; run the original component fixture only if that statement changes.,None for Aeneas source comparison; the main report’s own newer-version cohort may separately need its component tool.,No newer Aeneas/Charon/Lean/Rust executable or package was run; source/release inspection only.,source_revision_recheck,Anneal V1 / exocrate source 41f5b37,context_only
R309,metadata_or_cohort,contextual,reports/anneal-error-provenance-classification-nightly-2026-06-03-v4-30-0-rc2/REPORT.md,"## Summary; ### Exit status is a stage-local fact, not a universal classification","At the exact toolchain revisions selected by current Anneal, there is no single exit code, severity field, or diagnostic string that reliably answers the cross-layer question “is this the user's error, an unsupported translation, or a tool failure?” The useful evidence is layer-specific.",Aeneas ac9f1bc5 + Charon a535e914 + Lean 4.30.0-rc2 + Charon Rust nightly-2026-05-31 where those layers are in this report,Aeneas 0855ce1b + Charon e435e5f3 + Lean 4.31.0 + Charon Rust nightly-2026-09-17; standalone Charon 2804f2d is separate,P0,"Aeneas is contextual to this report. The compatible bundle pins changed, but this inspection identifies no source-level change to its main claim. Aeneas runtime and package claims remain untested.",conditional_citation_only,No Aeneas replay for the main claim. Reinspect its cited Aeneas/Charon/Lean statement against current source; run the original component fixture only if that statement changes.,None for Aeneas source comparison; the main report’s own newer-version cohort may separately need its component tool.,No newer Aeneas/Charon/Lean/Rust executable or package was run; source/release inspection only.,source_revision_recheck,Anneal V1 / exocrate source 41f5b37,context_only
R310,metadata_or_cohort,contextual,reports/anneal-external-crate-diagnostic-source-recovery-nightly-2026-05-31-main-41f5b37/REPORT.md,## Summary; ### There are three materially different recovery cases,"The selected Rust compiler contains a real external-source recovery mechanism, but the selected Charon translation does not carry that mechanism across the LLBC boundary.",Aeneas ac9f1bc5 + Charon a535e914 + Lean 4.30.0-rc2 + Charon Rust nightly-2026-05-31 where those layers are in this report,Aeneas 0855ce1b + Charon e435e5f3 + Lean 4.31.0 + Charon Rust nightly-2026-09-17; standalone Charon 2804f2d is separate,P0,"Aeneas is contextual to this report. The compatible bundle pins changed, but this inspection identifies no source-level change to its main claim. Aeneas runtime and package claims remain untested.",conditional_citation_only,No Aeneas replay for the main claim. Reinspect its cited Aeneas/Charon/Lean statement against current source; run the original component fixture only if that statement changes.,None for Aeneas source comparison; the main report’s own newer-version cohort may separately need its component tool.,No newer Aeneas/Charon/Lean/Rust executable or package was run; source/release inspection only.,source_revision_recheck,Anneal V1 / exocrate source 41f5b37,context_only
R311,metadata_or_cohort,contextual,reports/anneal-host-platform-matrix-main-41f5b37/REPORT.md,## Summary; ### The upstream Aeneas release publishes the same four platform families,Current Anneal's packaged-toolchain host intersection is exactly four systems:,Aeneas ac9f1bc5 + Charon a535e914 + Lean 4.30.0-rc2 + Charon Rust nightly-2026-05-31 where those layers are in this report,Aeneas 0855ce1b + Charon e435e5f3 + Lean 4.31.0 + Charon Rust nightly-2026-09-17; standalone Charon 2804f2d is separate,P0,"Aeneas is contextual to this report. The compatible bundle pins changed, but this inspection identifies no source-level change to its main claim. Aeneas runtime and package claims remain untested.",conditional_citation_only,No Aeneas replay for the main claim. Reinspect its cited Aeneas/Charon/Lean statement against current source; run the original component fixture only if that statement changes.,None for Aeneas source comparison; the main report’s own newer-version cohort may separately need its component tool.,No newer Aeneas/Charon/Lean/Rust executable or package was run; source/release inspection only.,source_revision_recheck,Anneal V1 / exocrate source 41f5b37,context_only
R313,metadata_or_cohort,contextual,reports/anneal-interactive-pipeline-invalidation-graph-main-41f5b37/REPORT.md,## Summary; ### Current V2 supplies identities but not an implemented interactive pipeline,"An interactive Anneal pipeline cannot safely treat “the file changed” as one invalidation event. The selected stack has several independently cached state machines, and the current pins do not expose one end-to-end incremental protocol that composes them.",Aeneas ac9f1bc5 + Charon a535e914 + Lean 4.30.0-rc2 + Charon Rust nightly-2026-05-31 where those layers are in this report,Aeneas 0855ce1b + Charon e435e5f3 + Lean 4.31.0 + Charon Rust nightly-2026-09-17; standalone Charon 2804f2d is separate,P0,"Aeneas is contextual to this report. The compatible bundle pins changed, but this inspection identifies no source-level change to its main claim. Aeneas runtime and package claims remain untested.",conditional_citation_only,No Aeneas replay for the main claim. Reinspect its cited Aeneas/Charon/Lean statement against current source; run the original component fixture only if that statement changes.,None for Aeneas source comparison; the main report’s own newer-version cohort may separately need its component tool.,No newer Aeneas/Charon/Lean/Rust executable or package was run; source/release inspection only.,source_revision_recheck,Anneal V1 / exocrate source 41f5b37,context_only
R314,metadata_or_cohort,contextual,reports/anneal-linux-elf-relocation-main-41f5b37/REPORT.md,## Summary; ### The final archive deliberately performs its own Linux ELF rewrite,"At `google/zerocopy@41f5b37afe7060fd9fe08c00b200672cd76d77b9`, Anneal does not rely on Nix store ELF metadata surviving into the distributed Linux toolchain archive. The final `omnibus-tar` derivation copies the staged Lean, Rust, and Aeneas trees into a writable temporary tree and then performs a broad best-effort rewrite over executable 64-bit ELF files. For binaries that have an ELF interpreter, it replaces that interpreter with a conventional host loader path: `/lib64/ld-linux-x86-64.so.2` on x86-64 Linux or `/lib/ld-linux-aarch64.so.1` on AArch64 Linux. It then sets the RPATH to the empty string and strips the file.",Aeneas ac9f1bc5 + Charon a535e914 + Lean 4.30.0-rc2 + Charon Rust nightly-2026-05-31 where those layers are in this report,Aeneas 0855ce1b + Charon e435e5f3 + Lean 4.31.0 + Charon Rust nightly-2026-09-17; standalone Charon 2804f2d is separate,P0,"Aeneas is contextual to this report. The compatible bundle pins changed, but this inspection identifies no source-level change to its main claim. Aeneas runtime and package claims remain untested.",conditional_citation_only,No Aeneas replay for the main claim. Reinspect its cited Aeneas/Charon/Lean statement against current source; run the original component fixture only if that statement changes.,None for Aeneas source comparison; the main report’s own newer-version cohort may separately need its component tool.,No newer Aeneas/Charon/Lean/Rust executable or package was run; source/release inspection only.,source_revision_recheck,Anneal V1 / exocrate source 41f5b37,context_only
R315,metadata_or_cohort,contextual,reports/anneal-macos-macho-relocation-main-41f5b37/REPORT.md,## Summary; ### macOS dynamic loader,"Current Anneal does not perform a final Mach-O relocation or code-signing pass when it constructs the macOS omnibus archive. The final `omnibus-tar` stage copies the already-produced Lean, Rust, and Aeneas trees into `dist_staging`; its only binary-rewriting loop is guarded by `stdenv.isLinux` and operates on ELF files with `patchelf` and `strip`. On Darwin, the stage proceeds directly from the copies to trace-path checks, timestamp normalization, read-only permissions, and tar creation.",Aeneas ac9f1bc5 + Charon a535e914 + Lean 4.30.0-rc2 + Charon Rust nightly-2026-05-31 where those layers are in this report,Aeneas 0855ce1b + Charon e435e5f3 + Lean 4.31.0 + Charon Rust nightly-2026-09-17; standalone Charon 2804f2d is separate,P0,"Aeneas is contextual to this report. The compatible bundle pins changed, but this inspection identifies no source-level change to its main claim. Aeneas runtime and package claims remain untested.",conditional_citation_only,No Aeneas replay for the main claim. Reinspect its cited Aeneas/Charon/Lean statement against current source; run the original component fixture only if that statement changes.,None for Aeneas source comparison; the main report’s own newer-version cohort may separately need its component tool.,No newer Aeneas/Charon/Lean/Rust executable or package was run; source/release inspection only.,source_revision_recheck,Anneal V1 / exocrate source 41f5b37,context_only
R316,title_or_summary_only,contextual,reports/anneal-nix-fixed-output-downloads-main-41f5b37/REPORT.md,## Summary; ### `fetchurl` and recursive fixed-output derivations serve different shapes,"At `google/zerocopy@41f5b37afe7060fd9fe08c00b200672cd76d77b9`, Anneal deliberately puts its network-derived toolchain inputs behind fixed-output boundaries before ordinary compilation and repackaging. The fixed-output layer covers the upstream Aeneas release archive, the synthesized Rust sysroot, the extracted Lean toolchain, the downloaded `leantar` release archive, and Mathlib's downloaded cache/package-source state.",Aeneas ac9f1bc5 + Charon a535e914 + Lean 4.30.0-rc2 + Charon Rust nightly-2026-05-31 where those layers are in this report,Aeneas 0855ce1b + Charon e435e5f3 + Lean 4.31.0 + Charon Rust nightly-2026-09-17; standalone Charon 2804f2d is separate,P0,"Aeneas is contextual to this report. The compatible bundle pins changed, but this inspection identifies no source-level change to its main claim. Aeneas runtime and package claims remain untested.",conditional_citation_only,No Aeneas replay for the main claim. Reinspect its cited Aeneas/Charon/Lean statement against current source; run the original component fixture only if that statement changes.,None for Aeneas source comparison; the main report’s own newer-version cohort may separately need its component tool.,No newer Aeneas/Charon/Lean/Rust executable or package was run; source/release inspection only.,source_revision_recheck,Anneal V1 / exocrate source 41f5b37,context_only
R317,title_or_summary_only,contextual,reports/anneal-nix-ifd-version-extraction-main-41f5b37/REPORT.md,"## Summary; ### Rust version extraction is only round-tripped, not discovered","At `google/zerocopy@41f5b37afe7060fd9fe08c00b200672cd76d77b9`, Anneal contains one explicit import-from-derivation (IFD) probe: `packages.test-ifd`. Evaluation interpolates the output path of `packages.aeneas-unpacked` into `builtins.readFile`, reads the generated `metadata.json`, parses it with `builtins.fromJSON`, and uses those values to construct Rust and Lean toolchain derivations.",Aeneas ac9f1bc5 + Charon a535e914 + Lean 4.30.0-rc2 + Charon Rust nightly-2026-05-31 where those layers are in this report,Aeneas 0855ce1b + Charon e435e5f3 + Lean 4.31.0 + Charon Rust nightly-2026-09-17; standalone Charon 2804f2d is separate,P0,"Aeneas is contextual to this report. The compatible bundle pins changed, but this inspection identifies no source-level change to its main claim. Aeneas runtime and package claims remain untested.",conditional_citation_only,No Aeneas replay for the main claim. Reinspect its cited Aeneas/Charon/Lean statement against current source; run the original component fixture only if that statement changes.,None for Aeneas source comparison; the main report’s own newer-version cohort may separately need its component tool.,No newer Aeneas/Charon/Lean/Rust executable or package was run; source/release inspection only.,source_revision_recheck,Anneal V1 / exocrate source 41f5b37,context_only
R322,metadata_or_cohort,contextual,reports/anneal-toolchain-version-coupling-main-41f5b37/REPORT.md,## Summary; ### `packages.test-ifd` does not make the ordinary toolchain fully Aeneas-derived,"Current Anneal does not have one single version pin. It has several overlapping dependency graphs that happen to agree on the versions used by the ordinary runtime toolchain, while one separate Cargo dependency already demonstrates why repository-local release labels and semantic versions are not sufficient identities.",Aeneas ac9f1bc5 + Charon a535e914 + Lean 4.30.0-rc2 + Charon Rust nightly-2026-05-31 where those layers are in this report,Aeneas 0855ce1b + Charon e435e5f3 + Lean 4.31.0 + Charon Rust nightly-2026-09-17; standalone Charon 2804f2d is separate,P0,"Aeneas is contextual to this report. The compatible bundle pins changed, but this inspection identifies no source-level change to its main claim. Aeneas runtime and package claims remain untested.",conditional_citation_only,No Aeneas replay for the main claim. Reinspect its cited Aeneas/Charon/Lean statement against current source; run the original component fixture only if that statement changes.,None for Aeneas source comparison; the main report’s own newer-version cohort may separately need its component tool.,No newer Aeneas/Charon/Lean/Rust executable or package was run; source/release inspection only.,source_revision_recheck,Anneal V1 / exocrate source 41f5b37,context_only
R323,metadata_or_cohort,contextual,reports/anneal-v1-abs-end-to-end-fail-closed-controls-2026-09-28/REPORT.md,## Summary; ### Rust compilation errors and false specifications fail at different stages,"A small retained V1 `abs(i32)` example can complete the actual Rust → Charon LLBC → Aeneas Lean model → Anneal-generated specification → Lean checking path. The generated `abs.spec` theorem elaborates and reports only Lean's standard axioms (`propext`, `Classical.choice`, `Quot.sound`). Three controls separate pipeline failures: an ill-typed Rust body fails during Charon/rustc; a false postcondition fails during Lean proof checking; but misspelling the annotation marker causes `cargo-anneal verify` to exit successfully without running the pipeline. In that no-op case, artifacts from a previous successful run remain byte-identical. Callers therefore must check that a run actually selected annotated input and produced fresh outputs, not only that the process exited zero.",Aeneas ac9f1bc5 + Charon a535e914 + Lean 4.30.0-rc2 + Charon Rust nightly-2026-05-31 where those layers are in this report,Aeneas 0855ce1b + Charon e435e5f3 + Lean 4.31.0 + Charon Rust nightly-2026-09-17; standalone Charon 2804f2d is separate,P0,"Aeneas is contextual to this report. The compatible bundle pins changed, but this inspection identifies no source-level change to its main claim. Aeneas runtime and package claims remain untested.",conditional_citation_only,No Aeneas replay for the main claim. Reinspect its cited Aeneas/Charon/Lean statement against current source; run the original component fixture only if that statement changes.,None for Aeneas source comparison; the main report’s own newer-version cohort may separately need its component tool.,No newer Aeneas/Charon/Lean/Rust executable or package was run; source/release inspection only.,source_revision_recheck,Anneal V1 / exocrate source 41f5b37,context_only
R325,title_or_summary_only,paired_lean,reports/anneal-v1-clean-workspace-prebuilt-archive-41f5b37/REPORT.md,## Summary; ### The regression test begins from a genuinely fresh consumer workspace,"At `google/zerocopy@41f5b37afe7060fd9fe08c00b200672cd76d77b9`, retained Anneal V1 is designed to create a new, workspace-owned Lean project while consuming Aeneas and its transitive Lean dependencies directly from the installed prebuilt toolchain archive. The dependency side of that boundary is intended to remain immutable: Anneal generates a complete root `lake-manifest.json` whose Aeneas and inherited package entries are path dependencies relative to the final generated workspace, then runs Lake with `--old` so the archive's already-prepared build products remain reusable. The generated workspace owns the state that can change across verification runs.",Aeneas ac9f1bc5 + Charon a535e914 + Lean 4.30.0-rc2 + Charon Rust nightly-2026-05-31 where those layers are in this report,Aeneas 0855ce1b + Charon e435e5f3 + Lean 4.31.0 + Charon Rust nightly-2026-09-17; standalone Charon 2804f2d is separate,"P0,L1,A2","Aeneas now pairs with Lean 4.31.0; module-system output applies only if Aeneas regenerates this model. No Lean server, Lake, OLean, or proof result was rerun.",yes_for_lean_cell_aeneas_regeneration_conditional,Replay the report’s exact Lean/Lake fixture with fresh Lean 4.31.0 OLeans. Regenerate Aeneas model source only if this cell consumes generated output; compare old/new model bytes separately.,Lean/Lake 4.31.0 and rebuilt Aeneas Lean library/OLeans; paired Aeneas/Charon/Rust only when regenerating model source.,No newer Aeneas/Charon/Lean/Rust executable or package was run; source/release inspection only.,source_revision_recheck,Anneal V1 / exocrate source 41f5b37,paired_component
R326,metadata_or_cohort,contextual,reports/anneal-v1-contract-mutation-adequacy-2026-09-28/REPORT.md,## Summary; ### Mutation outcomes,"Retained Anneal V1 verified an impossible-precondition theorem whose postcondition is false on ordinary inputs, and it verified a function that always returns zero after the input/output equations were removed from its contract. These are logically valid proofs of the stated contracts, not evidence that the contracts adequately describe the intended `abs` behavior. With a satisfiable precondition, the false postcondition failed; when the original complete contract was attached to an identity function, Lean exposed the false obligations and verification failed. A successful `verify` exit therefore needs an independently reviewed precondition, postcondition, and attachment to the intended Rust item before it can support a behavioral claim.",Aeneas ac9f1bc5 + Charon a535e914 + Lean 4.30.0-rc2 + Charon Rust nightly-2026-05-31 where those layers are in this report,Aeneas 0855ce1b + Charon e435e5f3 + Lean 4.31.0 + Charon Rust nightly-2026-09-17; standalone Charon 2804f2d is separate,P0,"Aeneas is contextual to this report. The compatible bundle pins changed, but this inspection identifies no source-level change to its main claim. Aeneas runtime and package claims remain untested.",conditional_citation_only,No Aeneas replay for the main claim. Reinspect its cited Aeneas/Charon/Lean statement against current source; run the original component fixture only if that statement changes.,None for Aeneas source comparison; the main report’s own newer-version cohort may separately need its component tool.,No newer Aeneas/Charon/Lean/Rust executable or package was run; source/release inspection only.,source_revision_recheck,Anneal V1 / exocrate source 41f5b37,context_only
R328,title_or_summary_only,contextual,reports/anneal-v1-end-to-end-pipeline-41f5b37/REPORT.md,## Summary; ### `prepare_and_run` is the common pipeline spine,"Retained Anneal V1 is a staged Rust-to-Lean verification pipeline with two distinct views of the input program. Anneal first resolves Cargo packages and targets and scans Rust source for inline `anneal` annotations. That scan supplies the annotated items, source spans, and Charon entry points. Charon then compiles the selected target through Rust MIR and emits one LLBC file per selected annotated target; Aeneas translates that LLBC into Lean definitions; Anneal separately turns the scanned annotations into Lean specifications and proofs that import the Aeneas-generated definitions; Lake prepares the generated project; and `lean --json` checks each Anneal specification file. Lean diagnostics are mapped through Anneal-generated sidecar mappings back to the original Rust source.",Aeneas ac9f1bc5 + Charon a535e914 + Lean 4.30.0-rc2 + Charon Rust nightly-2026-05-31 where those layers are in this report,Aeneas 0855ce1b + Charon e435e5f3 + Lean 4.31.0 + Charon Rust nightly-2026-09-17; standalone Charon 2804f2d is separate,P0,"Aeneas is contextual to this report. The compatible bundle pins changed, but this inspection identifies no source-level change to its main claim. Aeneas runtime and package claims remain untested.",conditional_citation_only,No Aeneas replay for the main claim. Reinspect its cited Aeneas/Charon/Lean statement against current source; run the original component fixture only if that statement changes.,None for Aeneas source comparison; the main report’s own newer-version cohort may separately need its component tool.,No newer Aeneas/Charon/Lean/Rust executable or package was run; source/release inspection only.,source_revision_recheck,Anneal V1 / exocrate source 41f5b37,context_only
R329,metadata_or_cohort,paired_lean,reports/anneal-v1-generated-lean-abi-main-41f5b37/REPORT.md,## Summary; ### V1 carries concrete syntax-compatibility patches for generated Aeneas files,"Retained Anneal V1 does not discover the Lean interface produced by Aeneas and then generate proofs against that discovered interface. It predicts a substantial part of that interface independently from Rust syntax and naming conventions, then emits Lean which must elaborate against Aeneas's generated modules. That prediction boundary is the effective **generated-Lean ABI** between the two tools.",Aeneas ac9f1bc5 + Charon a535e914 + Lean 4.30.0-rc2 + Charon Rust nightly-2026-05-31 where those layers are in this report,Aeneas 0855ce1b + Charon e435e5f3 + Lean 4.31.0 + Charon Rust nightly-2026-09-17; standalone Charon 2804f2d is separate,"P0,L1,A2","Aeneas now pairs with Lean 4.31.0; module-system output applies only if Aeneas regenerates this model. No Lean server, Lake, OLean, or proof result was rerun.",yes_for_lean_cell_aeneas_regeneration_conditional,Replay the report’s exact Lean/Lake fixture with fresh Lean 4.31.0 OLeans. Regenerate Aeneas model source only if this cell consumes generated output; compare old/new model bytes separately.,Lean/Lake 4.31.0 and rebuilt Aeneas Lean library/OLeans; paired Aeneas/Charon/Rust only when regenerating model source.,No newer Aeneas/Charon/Lean/Rust executable or package was run; source/release inspection only.,source_revision_recheck,Anneal V1 / exocrate source 41f5b37,paired_component
R331,title_or_summary_only,contextual,reports/anneal-v1-integration-test-disk-amplification-f98458e/REPORT.md,## Summary; ### The observed disk failure was about the aggregate worker-cache architecture,"Anneal's April 2026 integration-test harness briefly isolated concurrent Lean tests by allocating a persistent worker cache to each active worker. Each worker owned a mutable copy-shaped view of Aeneas's Lean tree and `.lake` state. The implementation avoided copying many large immutable files by symlinking them, but it still replicated mutable metadata and filesystem structure per worker. The pool itself scaled with machine concurrency: it used roughly 1.5 times the available CPU parallelism, capped by an estimate of one worker per 2 GiB of available RAM.",Aeneas ac9f1bc5 + Charon a535e914 + Lean 4.30.0-rc2 + Charon Rust nightly-2026-05-31 where those layers are in this report,Aeneas 0855ce1b + Charon e435e5f3 + Lean 4.31.0 + Charon Rust nightly-2026-09-17; standalone Charon 2804f2d is separate,P0,"Aeneas is contextual to this report. The compatible bundle pins changed, but this inspection identifies no source-level change to its main claim. Aeneas runtime and package claims remain untested.",conditional_citation_only,No Aeneas replay for the main claim. Reinspect its cited Aeneas/Charon/Lean statement against current source; run the original component fixture only if that statement changes.,None for Aeneas source comparison; the main report’s own newer-version cohort may separately need its component tool.,No newer Aeneas/Charon/Lean/Rust executable or package was run; source/release inspection only.,source_revision_recheck,Anneal V1 source f98458e,context_only
R332,metadata_or_cohort,contextual,reports/anneal-v1-interactive-dependency-invalidation-2026-09-28/REPORT.md,"## Summary; ### The accepted result needs dependency identity, not only a document version","In a real generated V1 Lean workspace, a same-process LSP query still reported “no goals” after the generated dependency’s `.olean` was rebuilt with a changed definition. Reopening the same source in a fresh Lean process exposed the changed definition and reported the previously accepted `rfl` as failing. This is direct evidence that document versioning and a dependency file-change notification were insufficient to refresh this imported environment in the tested setup; dependency identity must invalidate or restart the worker before a goal result is reused.",Aeneas ac9f1bc5 + Charon a535e914 + Lean 4.30.0-rc2 + Charon Rust nightly-2026-05-31 where those layers are in this report,Aeneas 0855ce1b + Charon e435e5f3 + Lean 4.31.0 + Charon Rust nightly-2026-09-17; standalone Charon 2804f2d is separate,P0,"Aeneas is contextual to this report. The compatible bundle pins changed, but this inspection identifies no source-level change to its main claim. Aeneas runtime and package claims remain untested.",conditional_citation_only,No Aeneas replay for the main claim. Reinspect its cited Aeneas/Charon/Lean statement against current source; run the original component fixture only if that statement changes.,None for Aeneas source comparison; the main report’s own newer-version cohort may separately need its component tool.,No newer Aeneas/Charon/Lean/Rust executable or package was run; source/release inspection only.,source_revision_recheck,Anneal V1 / exocrate source 41f5b37,context_only
R337,metadata_or_cohort,contextual,reports/anneal-v1-orthogonal-progress-correctness-41f5b37/REPORT.md,## Summary; ### `wp_prove_orthogonal` decomposes one strong specification into progress plus conditional correctness,Retained Anneal V1 deliberately splits a function specification into two independent Lean obligations:,Aeneas ac9f1bc5 + Charon a535e914 + Lean 4.30.0-rc2 + Charon Rust nightly-2026-05-31 where those layers are in this report,Aeneas 0855ce1b + Charon e435e5f3 + Lean 4.31.0 + Charon Rust nightly-2026-09-17; standalone Charon 2804f2d is separate,P0,"Aeneas is contextual to this report. The compatible bundle pins changed, but this inspection identifies no source-level change to its main claim. Aeneas runtime and package claims remain untested.",conditional_citation_only,No Aeneas replay for the main claim. Reinspect its cited Aeneas/Charon/Lean statement against current source; run the original component fixture only if that statement changes.,None for Aeneas source comparison; the main report’s own newer-version cohort may separately need its component tool.,No newer Aeneas/Charon/Lean/Rust executable or package was run; source/release inspection only.,source_revision_recheck,Anneal V1 / exocrate source 41f5b37,context_only
R339,metadata_or_cohort,contextual,reports/anneal-v1-source-scanner-versus-rustc-main-41f5b37/REPORT.md,## Summary; ### Literal `#[path]` support is narrower than rustc module identity,"Retained Anneal V1 does not discover verification subjects from rustc's configured, macro-expanded program. It first parses Rust source text with `syn`, finds a restricted set of source-level items carrying Anneal documentation blocks, constructs textual Charon `--start-from` roots, and separately asks Charon/Cargo/rustc to compile the selected target.",Aeneas ac9f1bc5 + Charon a535e914 + Lean 4.30.0-rc2 + Charon Rust nightly-2026-05-31 where those layers are in this report,Aeneas 0855ce1b + Charon e435e5f3 + Lean 4.31.0 + Charon Rust nightly-2026-09-17; standalone Charon 2804f2d is separate,P0,"Aeneas is contextual to this report. The compatible bundle pins changed, but this inspection identifies no source-level change to its main claim. Aeneas runtime and package claims remain untested.",conditional_citation_only,No Aeneas replay for the main claim. Reinspect its cited Aeneas/Charon/Lean statement against current source; run the original component fixture only if that statement changes.,None for Aeneas source comparison; the main report’s own newer-version cohort may separately need its component tool.,No newer Aeneas/Charon/Lean/Rust executable or package was run; source/release inspection only.,source_revision_recheck,Anneal V1 / exocrate source 41f5b37,context_only
R340,metadata_or_cohort,contextual,reports/anneal-v1-unsafe-axiom-semantics-41f5b37/REPORT.md,"## Summary; ### `unsafe(axiom)` selects a distinct AST state, not a proof with relaxed checking","Historical Anneal V1's `unsafe(axiom)` annotation is an explicit trust boundary, not a relaxed proof mode. The parser converts the annotated function specification to `FunctionBlockInner::Axiom` and forbids a `proof context` or `proof` section. Anneal then tells Charon to treat that Rust function as opaque, accepts Aeneas's external declaration for the opaque function, and separately emits the user's specification as a Lean `axiom` asserting an `Aeneas.Std.WP.spec` proposition about that external function. The Rust implementation body is therefore not used to establish the asserted pre/postcondition relation.",Aeneas ac9f1bc5 + Charon a535e914 + Lean 4.30.0-rc2 + Charon Rust nightly-2026-05-31 where those layers are in this report,Aeneas 0855ce1b + Charon e435e5f3 + Lean 4.31.0 + Charon Rust nightly-2026-09-17; standalone Charon 2804f2d is separate,P0,"Aeneas is contextual to this report. The compatible bundle pins changed, but this inspection identifies no source-level change to its main claim. Aeneas runtime and package claims remain untested.",conditional_citation_only,No Aeneas replay for the main claim. Reinspect its cited Aeneas/Charon/Lean statement against current source; run the original component fixture only if that statement changes.,None for Aeneas source comparison; the main report’s own newer-version cohort may separately need its component tool.,No newer Aeneas/Charon/Lean/Rust executable or package was run; source/release inspection only.,source_revision_recheck,Anneal V1 / exocrate source 41f5b37,context_only
R342,title_or_summary_only,contextual,reports/anneal-v2-current-source-surface-main-bd0956b-2026-09-29/REPORT.md,## Summary; ## Findings,"The current Anneal redesign has a callable `setup` command and source-level scaffolding for target selection, LLBC path naming, toolchain paths, and directory locking. It does **not** yet expose a verification command or connect those helpers to Charon, Aeneas, Lean proof generation, an editor, or MCP. The v21 #3730/#3731 audit's description of product-gated verification work remains substantively correct, but a blanket statement that there is no current V2 implementation misses these concrete source surfaces. Source presence does not convert component experiments into product acceptance evidence.",Aeneas ac9f1bc5 + Charon a535e914 + Lean 4.30.0-rc2 + Charon Rust nightly-2026-05-31 where those layers are in this report,Aeneas 0855ce1b + Charon e435e5f3 + Lean 4.31.0 + Charon Rust nightly-2026-09-17; standalone Charon 2804f2d is separate,P0,"Aeneas is contextual to this report. The compatible bundle pins changed, but this inspection identifies no source-level change to its main claim. Aeneas runtime and package claims remain untested.",conditional_citation_only,No Aeneas replay for the main claim. Reinspect its cited Aeneas/Charon/Lean statement against current source; run the original component fixture only if that statement changes.,None for Aeneas source comparison; the main report’s own newer-version cohort may separately need its component tool.,No newer Aeneas/Charon/Lean/Rust executable or package was run; source/release inspection only.,source_revision_recheck,Anneal V2 source bd0956b,context_only
R350,metadata_or_cohort,paired_charon,reports/cargo-rust-charon-anneal-coverage-matrix-2026-09-28/REPORT.md,## Summary; ## Findings,"Cargo's workspace unit graph, actual rustc command capture, Charon output, and one Anneal V1 proof answer different coverage questions. In this fixture Cargo built 12 units for the workspace/all-targets path, but the successful V1 proof was only for the `coverage_app` library with `selected` enabled. Build-script output and a procedural-macro expansion appeared in that library's LLBC/model; a normal dependency stayed opaque, and a separate consumer's LLBC represented the proof-bearing library function as foreign. Cargo target coverage must therefore be tied to the exact selected extraction roots and emitted obligations, not inferred from what Cargo compiled.",Aeneas ac9f1bc5 + Charon a535e914 + Lean 4.30.0-rc2 + Charon Rust nightly-2026-05-31 where those layers are in this report,Aeneas 0855ce1b + Charon e435e5f3 + Lean 4.31.0 + Charon Rust nightly-2026-09-17; standalone Charon 2804f2d is separate,"P0,C1,C2",The Aeneas-paired Charon revision changed LLBC AST/extraction source and rustc pin. No LLBC or downstream Aeneas output was produced on the new bundle.,yes_for_charon_cell_aeneas_downstream_conditional,Run the report’s exact minimal Cargo/Charon fixture with Charon e435e5f and Rust nightly-2026-09-17; compare decoded LLBC fields and stage result. Run Aeneas/Lean only if the report claims downstream translation.,"Charon e435e5f build or compatible archive; Rust nightly-2026-09-17 with rustc-dev, llvm-tools, rust-src, miri; Aeneas Sep release and Lean 4.31 only for downstream cells.",No newer Aeneas/Charon/Lean/Rust executable or package was run; source/release inspection only.,newer_version_recheck,Cargo/rustc nightly-2026-05-31,paired_component
R353,title_or_summary_only,paired_charon,reports/charon-async-coroutines-0-1-210/REPORT.md,## Summary; ### `async fn` coverage cannot be inferred from successful translation of its callers,"At `AeneasVerif/charon@a535e914f74db4fd9e6be7048f4233270d8945c0` (0.1.210), Charon does **not** support Rust coroutine bodies end to end. The pinned translator rejects coroutine types, coroutine/coroutine-closure MIR aggregates, `Yield` and `CoroutineDrop` terminators, and coroutine-only resumed state assertions. It also refuses to register rustc's `SyntheticCoroutineBody` as an ordinary translated item.",Aeneas ac9f1bc5 + Charon a535e914 + Lean 4.30.0-rc2 + Charon Rust nightly-2026-05-31 where those layers are in this report,Aeneas 0855ce1b + Charon e435e5f3 + Lean 4.31.0 + Charon Rust nightly-2026-09-17; standalone Charon 2804f2d is separate,"P0,C1,C2",The Aeneas-paired Charon revision changed LLBC AST/extraction source and rustc pin. No LLBC or downstream Aeneas output was produced on the new bundle.,yes_for_charon_cell_aeneas_downstream_conditional,Run the report’s exact minimal Cargo/Charon fixture with Charon e435e5f and Rust nightly-2026-09-17; compare decoded LLBC fields and stage result. Run Aeneas/Lean only if the report claims downstream translation.,"Charon e435e5f build or compatible archive; Rust nightly-2026-09-17 with rustc-dev, llvm-tools, rust-src, miri; Aeneas Sep release and Lean 4.31 only for downstream cells.",No newer Aeneas/Charon/Lean/Rust executable or package was run; source/release inspection only.,newer_version_recheck,Charon 0.1.210 + Rust nightly-2026-05-31,paired_component
R354,title_or_summary_only,paired_charon,reports/charon-cli-invocation-modes-0-1-210/REPORT.md,## Summary; ### `charon cargo` delegates the actual build invocation to `cargo build`,"At `AeneasVerif/charon@a535e914f74db4fd9e6be7048f4233270d8945c0` (0.1.210), the two compiler-facing public modes share one rustc-driver implementation but delegate different parts of compilation setup.",Aeneas ac9f1bc5 + Charon a535e914 + Lean 4.30.0-rc2 + Charon Rust nightly-2026-05-31 where those layers are in this report,Aeneas 0855ce1b + Charon e435e5f3 + Lean 4.31.0 + Charon Rust nightly-2026-09-17; standalone Charon 2804f2d is separate,"P0,C1,C2",The Aeneas-paired Charon revision changed LLBC AST/extraction source and rustc pin. No LLBC or downstream Aeneas output was produced on the new bundle.,yes_for_charon_cell_aeneas_downstream_conditional,Run the report’s exact minimal Cargo/Charon fixture with Charon e435e5f and Rust nightly-2026-09-17; compare decoded LLBC fields and stage result. Run Aeneas/Lean only if the report claims downstream translation.,"Charon e435e5f build or compatible archive; Rust nightly-2026-09-17 with rustc-dev, llvm-tools, rust-src, miri; Aeneas Sep release and Lean 4.31 only for downstream cells.",No newer Aeneas/Charon/Lean/Rust executable or package was run; source/release inspection only.,newer_version_recheck,Charon 0.1.210 + Rust nightly-2026-05-31,paired_component
R355,title_or_summary_only,paired_charon,reports/charon-closures-0-1-210/REPORT.md,## Summary; ### Non-capturing closures can be translated to ordinary function-pointer targets,"At `AeneasVerif/charon@a535e914f74db4fd9e6be7048f4233270d8945c0` (0.1.210), Charon represents a Rust closure as an explicit state type plus the appropriate `FnOnce`/`FnMut`/`Fn` trait implementations and call methods. The state type is a struct whose anonymous fields are the compiler-reported capture types. A closure that captures shared references therefore carries shared reference fields; a closure that mutates through a capture carries a mutable reference field; and a consuming closure can carry a captured value directly.",Aeneas ac9f1bc5 + Charon a535e914 + Lean 4.30.0-rc2 + Charon Rust nightly-2026-05-31 where those layers are in this report,Aeneas 0855ce1b + Charon e435e5f3 + Lean 4.31.0 + Charon Rust nightly-2026-09-17; standalone Charon 2804f2d is separate,"P0,C1,C2",The Aeneas-paired Charon revision changed LLBC AST/extraction source and rustc pin. No LLBC or downstream Aeneas output was produced on the new bundle.,yes_for_charon_cell_aeneas_downstream_conditional,Run the report’s exact minimal Cargo/Charon fixture with Charon e435e5f and Rust nightly-2026-09-17; compare decoded LLBC fields and stage result. Run Aeneas/Lean only if the report claims downstream translation.,"Charon e435e5f build or compatible archive; Rust nightly-2026-09-17 with rustc-dev, llvm-tools, rust-src, miri; Aeneas Sep release and Lean 4.31 only for downstream cells.",No newer Aeneas/Charon/Lean/Rust executable or package was run; source/release inspection only.,newer_version_recheck,Charon 0.1.210 + Rust nightly-2026-05-31,paired_component
R356,metadata_or_cohort,paired_charon,reports/charon-closures-nightly-2026-06-03/REPORT.md,## Summary; ### Non-capturing closures can be translated to ordinary function-pointer targets,"At `AeneasVerif/charon@a535e914f74db4fd9e6be7048f4233270d8945c0` (0.1.210), Charon represents a Rust closure as an explicit state type plus the appropriate `FnOnce`/`FnMut`/`Fn` trait implementations and call methods. The state type is a struct whose anonymous fields are the compiler-reported capture types. A closure that captures shared references therefore carries shared reference fields; a closure that mutates through a capture carries a mutable reference field; and a consuming closure can carry a captured value directly.",Aeneas ac9f1bc5 + Charon a535e914 + Lean 4.30.0-rc2 + Charon Rust nightly-2026-05-31 where those layers are in this report,Aeneas 0855ce1b + Charon e435e5f3 + Lean 4.31.0 + Charon Rust nightly-2026-09-17; standalone Charon 2804f2d is separate,"P0,C1,C2",The Aeneas-paired Charon revision changed LLBC AST/extraction source and rustc pin. No LLBC or downstream Aeneas output was produced on the new bundle.,yes_for_charon_cell_aeneas_downstream_conditional,Run the report’s exact minimal Cargo/Charon fixture with Charon e435e5f and Rust nightly-2026-09-17; compare decoded LLBC fields and stage result. Run Aeneas/Lean only if the report claims downstream translation.,"Charon e435e5f build or compatible archive; Rust nightly-2026-09-17 with rustc-dev, llvm-tools, rust-src, miri; Aeneas Sep release and Lean 4.31 only for downstream cells.",No newer Aeneas/Charon/Lean/Rust executable or package was run; source/release inspection only.,newer_version_recheck,Charon nightly-2026.06.03 + paired Rust/Aeneas,paired_component
R357,title_or_summary_only,paired_charon,reports/charon-constants-statics-associated-constants-0-1-210/REPORT.md,## Summary; ### Trait declarations give associated constants typed slots with optional defaults,"At `AeneasVerif/charon@a535e914f74db4fd9e6be7048f4233270d8945c0` (0.1.210), named Rust constants and statics are not serialized as already-computed scalar values alone. Charon represents each as a `GlobalDecl` plus a separate initializer `FunDecl`. The global records its type, generic parameters, source context, global category, and initializer function ID. The initializer contains the translated computation when Charon can obtain and translate it. The same rustc definition can therefore have two Charon identities: one `Global` item for the constant/static and one `Fun` item for its initializer.",Aeneas ac9f1bc5 + Charon a535e914 + Lean 4.30.0-rc2 + Charon Rust nightly-2026-05-31 where those layers are in this report,Aeneas 0855ce1b + Charon e435e5f3 + Lean 4.31.0 + Charon Rust nightly-2026-09-17; standalone Charon 2804f2d is separate,"P0,C1,C2",The Aeneas-paired Charon revision changed LLBC AST/extraction source and rustc pin. No LLBC or downstream Aeneas output was produced on the new bundle.,yes_for_charon_cell_aeneas_downstream_conditional,Run the report’s exact minimal Cargo/Charon fixture with Charon e435e5f and Rust nightly-2026-09-17; compare decoded LLBC fields and stage result. Run Aeneas/Lean only if the report claims downstream translation.,"Charon e435e5f build or compatible archive; Rust nightly-2026-09-17 with rustc-dev, llvm-tools, rust-src, miri; Aeneas Sep release and Lean 4.31 only for downstream cells.",No newer Aeneas/Charon/Lean/Rust executable or package was run; source/release inspection only.,newer_version_recheck,Charon 0.1.210 + Rust nightly-2026-05-31,paired_component
R358,metadata_or_cohort,paired_charon,reports/charon-dependency-and-source-coverage-nightly-2026-06-03/REPORT.md,"## Summary; ### “Whole current crate” is structural coverage, not source-text coverage","At `AeneasVerif/charon@a535e914f74db4fd9e6be7048f4233270d8945c0` (0.1.210), Charon does not import Cargo dependencies wholesale into LLBC. Cargo supplies the selected crate's rustc invocation and compiled dependency metadata; Charon then starts from configured semantic entry points and recursively enqueues definitions that translation actually reaches. Under the default `crate` entry point, Charon traverses the current crate's transparent module tree, so the selected crate is covered structurally rather than only along its runtime call graph. Definitions in other crates enter when a translated item refers to them, when an explicitly selected foreign start pattern reaches them, or when translation of required type/trait/signature structure registers them.",Aeneas ac9f1bc5 + Charon a535e914 + Lean 4.30.0-rc2 + Charon Rust nightly-2026-05-31 where those layers are in this report,Aeneas 0855ce1b + Charon e435e5f3 + Lean 4.31.0 + Charon Rust nightly-2026-09-17; standalone Charon 2804f2d is separate,"P0,C1,C2",The Aeneas-paired Charon revision changed LLBC AST/extraction source and rustc pin. No LLBC or downstream Aeneas output was produced on the new bundle.,yes_for_charon_cell_aeneas_downstream_conditional,Run the report’s exact minimal Cargo/Charon fixture with Charon e435e5f and Rust nightly-2026-09-17; compare decoded LLBC fields and stage result. Run Aeneas/Lean only if the report claims downstream translation.,"Charon e435e5f build or compatible archive; Rust nightly-2026-09-17 with rustc-dev, llvm-tools, rust-src, miri; Aeneas Sep release and Lean 4.31 only for downstream cells.",No newer Aeneas/Charon/Lean/Rust executable or package was run; source/release inspection only.,newer_version_recheck,Charon nightly-2026.06.03 + paired Rust/Aeneas,paired_component
R359,title_or_summary_only,paired_charon,reports/charon-drop-destructor-semantics-0-1-210/REPORT.md,## Summary; ### A synthetic drop-glue body can include the user destructor and field destructors,"At `AeneasVerif/charon@a535e914f74db4fd9e6be7048f4233270d8945c0` (0.1.210), a Charon `Drop` is not one fixed operation. Its meaning depends first on the rustc MIR phase Charon extracted. Built/analysis-phase MIR becomes a **conditional** drop whose eventual runtime behavior may depend on moves, partial initialization, or later drop elaboration. Runtime MIR becomes a **precise** drop that denotes a concrete call to the selected `Destruct::drop_in_place` implementation. `--precise-drops` raises local extraction to at least elaborated MIR, adds explicit `Destruct` obligations, and asks Charon to recover drop glue.",Aeneas ac9f1bc5 + Charon a535e914 + Lean 4.30.0-rc2 + Charon Rust nightly-2026-05-31 where those layers are in this report,Aeneas 0855ce1b + Charon e435e5f3 + Lean 4.31.0 + Charon Rust nightly-2026-09-17; standalone Charon 2804f2d is separate,"P0,C1,C2",The Aeneas-paired Charon revision changed LLBC AST/extraction source and rustc pin. No LLBC or downstream Aeneas output was produced on the new bundle.,yes_for_charon_cell_aeneas_downstream_conditional,Run the report’s exact minimal Cargo/Charon fixture with Charon e435e5f and Rust nightly-2026-09-17; compare decoded LLBC fields and stage result. Run Aeneas/Lean only if the report claims downstream translation.,"Charon e435e5f build or compatible archive; Rust nightly-2026-09-17 with rustc-dev, llvm-tools, rust-src, miri; Aeneas Sep release and Lean 4.31 only for downstream cells.",No newer Aeneas/Charon/Lean/Rust executable or package was run; source/release inspection only.,newer_version_recheck,Charon 0.1.210 + Rust nightly-2026-05-31,paired_component
R360,metadata_or_cohort,paired_charon,reports/charon-entry-selection-opacity-0-1-210/REPORT.md,## Summary; ### Source annotations can only strengthen opacity relative to CLI matching,"At `AeneasVerif/charon@a535e914f74db4fd9e6be7048f4233270d8945c0` (Charon 0.1.210, the revision pinned by Aeneas `nightly-2026.06.03`), `--start-from` does not mean ""translate only these named functions."" It seeds a dependency-driven work queue. Each selected item can enqueue types, traits, functions, constants, impls, nested items, and other declarations that its translated representation refers to. Transparent modules additionally enqueue their contents. Opaque bodies and opaque modules stop some of those exploration edges. The resulting closure is therefore determined jointly by entry points, item opacity, and Charon's translation rules, including its demand-driven treatment of trait methods.",Aeneas ac9f1bc5 + Charon a535e914 + Lean 4.30.0-rc2 + Charon Rust nightly-2026-05-31 where those layers are in this report,Aeneas 0855ce1b + Charon e435e5f3 + Lean 4.31.0 + Charon Rust nightly-2026-09-17; standalone Charon 2804f2d is separate,"P0,C1,C2",The Aeneas-paired Charon revision changed LLBC AST/extraction source and rustc pin. No LLBC or downstream Aeneas output was produced on the new bundle.,yes_for_charon_cell_aeneas_downstream_conditional,Run the report’s exact minimal Cargo/Charon fixture with Charon e435e5f and Rust nightly-2026-09-17; compare decoded LLBC fields and stage result. Run Aeneas/Lean only if the report claims downstream translation.,"Charon e435e5f build or compatible archive; Rust nightly-2026-09-17 with rustc-dev, llvm-tools, rust-src, miri; Aeneas Sep release and Lean 4.31 only for downstream cells.",No newer Aeneas/Charon/Lean/Rust executable or package was run; source/release inspection only.,newer_version_recheck,Charon 0.1.210 + Rust nightly-2026-05-31,paired_component
R361,title_or_summary_only,paired_charon,reports/charon-enum-layout-0-1-210/REPORT.md,## Summary; ### The pinned layout test checks tagger/discriminator consistency for every inhabited variant,"At `AeneasVerif/charon@a535e914f74db4fd9e6be7048f4233270d8945c0` (0.1.210), Charon represents two different facts about a Rust enum and keeps them separate:",Aeneas ac9f1bc5 + Charon a535e914 + Lean 4.30.0-rc2 + Charon Rust nightly-2026-05-31 where those layers are in this report,Aeneas 0855ce1b + Charon e435e5f3 + Lean 4.31.0 + Charon Rust nightly-2026-09-17; standalone Charon 2804f2d is separate,"P0,C1,C2",The Aeneas-paired Charon revision changed LLBC AST/extraction source and rustc pin. No LLBC or downstream Aeneas output was produced on the new bundle.,yes_for_charon_cell_aeneas_downstream_conditional,Run the report’s exact minimal Cargo/Charon fixture with Charon e435e5f and Rust nightly-2026-09-17; compare decoded LLBC fields and stage result. Run Aeneas/Lean only if the report claims downstream translation.,"Charon e435e5f build or compatible archive; Rust nightly-2026-09-17 with rustc-dev, llvm-tools, rust-src, miri; Aeneas Sep release and Lean 4.31 only for downstream cells.",No newer Aeneas/Charon/Lean/Rust executable or package was run; source/release inspection only.,newer_version_recheck,Charon 0.1.210 + Rust nightly-2026-05-31,paired_component
R362,metadata_or_cohort,paired_charon,reports/charon-extraction-scaling-nightly-2026-06-03/REPORT.md,## Summary; ## Findings,"Sixteen bounded runs on a tiny three-function fixture measured whole-crate, one-root, many-root, and no-serialize modes. They establish a baseline only, not a scaling curve; the report defines controlled workload axes and coverage checks for larger Cargo and workspace studies.",Aeneas ac9f1bc5 + Charon a535e914 + Lean 4.30.0-rc2 + Charon Rust nightly-2026-05-31 where those layers are in this report,Aeneas 0855ce1b + Charon e435e5f3 + Lean 4.31.0 + Charon Rust nightly-2026-09-17; standalone Charon 2804f2d is separate,"P0,C1,C2",The Aeneas-paired Charon revision changed LLBC AST/extraction source and rustc pin. No LLBC or downstream Aeneas output was produced on the new bundle.,yes_for_charon_cell_aeneas_downstream_conditional,Run the report’s exact minimal Cargo/Charon fixture with Charon e435e5f and Rust nightly-2026-09-17; compare decoded LLBC fields and stage result. Run Aeneas/Lean only if the report claims downstream translation.,"Charon e435e5f build or compatible archive; Rust nightly-2026-09-17 with rustc-dev, llvm-tools, rust-src, miri; Aeneas Sep release and Lean 4.31 only for downstream cells.",No newer Aeneas/Charon/Lean/Rust executable or package was run; source/release inspection only.,newer_version_recheck,Charon nightly-2026.06.03 + paired Rust/Aeneas,paired_component
R363,metadata_or_cohort,paired_charon,reports/charon-incremental-capabilities-0-1-210/REPORT.md,"## Summary; ### Charon item IDs are allocated during the fresh traversal, not presented as a cross-run incremental identity","At `AeneasVerif/charon@a535e914f74db4fd9e6be7048f4233270d8945c0` (0.1.210), Charon has useful **within-run** demand-driven translation and caching, but the pinned extraction pipeline does not expose a **cross-run incremental Charon state** that can be updated after a source edit.",Aeneas ac9f1bc5 + Charon a535e914 + Lean 4.30.0-rc2 + Charon Rust nightly-2026-05-31 where those layers are in this report,Aeneas 0855ce1b + Charon e435e5f3 + Lean 4.31.0 + Charon Rust nightly-2026-09-17; standalone Charon 2804f2d is separate,"P0,C1,C2",The Aeneas-paired Charon revision changed LLBC AST/extraction source and rustc pin. No LLBC or downstream Aeneas output was produced on the new bundle.,yes_for_charon_cell_aeneas_downstream_conditional,Run the report’s exact minimal Cargo/Charon fixture with Charon e435e5f and Rust nightly-2026-09-17; compare decoded LLBC fields and stage result. Run Aeneas/Lean only if the report claims downstream translation.,"Charon e435e5f build or compatible archive; Rust nightly-2026-09-17 with rustc-dev, llvm-tools, rust-src, miri; Aeneas Sep release and Lean 4.31 only for downstream cells.",No newer Aeneas/Charon/Lean/Rust executable or package was run; source/release inspection only.,newer_version_recheck,Charon 0.1.210 + Rust nightly-2026-05-31,paired_component
R364,title_or_summary_only,paired_charon,reports/charon-intrinsics-0-1-210/REPORT.md,## Summary; ## Findings,"At `AeneasVerif/charon@a535e914f74db4fd9e6be7048f4233270d8945c0` (0.1.210), “intrinsic” does not correspond to one LLBC representation or one support rule. Charon receives intrinsic behavior through several different rustc/MIR paths, and a downstream verifier must distinguish them.",Aeneas ac9f1bc5 + Charon a535e914 + Lean 4.30.0-rc2 + Charon Rust nightly-2026-05-31 where those layers are in this report,Aeneas 0855ce1b + Charon e435e5f3 + Lean 4.31.0 + Charon Rust nightly-2026-09-17; standalone Charon 2804f2d is separate,"P0,C1,C2",The Aeneas-paired Charon revision changed LLBC AST/extraction source and rustc pin. No LLBC or downstream Aeneas output was produced on the new bundle.,yes_for_charon_cell_aeneas_downstream_conditional,Run the report’s exact minimal Cargo/Charon fixture with Charon e435e5f and Rust nightly-2026-09-17; compare decoded LLBC fields and stage result. Run Aeneas/Lean only if the report claims downstream translation.,"Charon e435e5f build or compatible archive; Rust nightly-2026-09-17 with rustc-dev, llvm-tools, rust-src, miri; Aeneas Sep release and Lean 4.31 only for downstream cells.",No newer Aeneas/Charon/Lean/Rust executable or package was run; source/release inspection only.,newer_version_recheck,Charon 0.1.210 + Rust nightly-2026-05-31,paired_component
R365,metadata_or_cohort,paired_charon,reports/charon-item-identity-spans-comments-nightly-2026-06-03/REPORT.md,## Summary; ### Item metadata carries source identity/provenance information separately,"At `AeneasVerif/charon@a535e914f74db4fd9e6be7048f4233270d8945c0`, Charon separates **item identity** from **human-readable names**. Within one `TranslatedCrate`, top-level semantic items are addressed by typed integer IDs (`TypeDeclId`, `FunDeclId`, `GlobalDeclId`, `TraitDeclId`, `TraitImplId`), wrapped by `ItemId`. The crate separately stores a `Name` for every registered item, including names for items whose translation failed. The source explicitly says those integer IDs uniquely disambiguate items and that Charon's names intentionally simplify rustc's more precise definition paths.",Aeneas ac9f1bc5 + Charon a535e914 + Lean 4.30.0-rc2 + Charon Rust nightly-2026-05-31 where those layers are in this report,Aeneas 0855ce1b + Charon e435e5f3 + Lean 4.31.0 + Charon Rust nightly-2026-09-17; standalone Charon 2804f2d is separate,"P0,C1,C2",The Aeneas-paired Charon revision changed LLBC AST/extraction source and rustc pin. No LLBC or downstream Aeneas output was produced on the new bundle.,yes_for_charon_cell_aeneas_downstream_conditional,Run the report’s exact minimal Cargo/Charon fixture with Charon e435e5f and Rust nightly-2026-09-17; compare decoded LLBC fields and stage result. Run Aeneas/Lean only if the report claims downstream translation.,"Charon e435e5f build or compatible archive; Rust nightly-2026-09-17 with rustc-dev, llvm-tools, rust-src, miri; Aeneas Sep release and Lean 4.31 only for downstream cells.",No newer Aeneas/Charon/Lean/Rust executable or package was run; source/release inspection only.,newer_version_recheck,Charon nightly-2026.06.03 + paired Rust/Aeneas,paired_component
R366,metadata_or_cohort,paired_charon,reports/charon-library-process-server-0-1-210/REPORT.md,## Summary; ### The current library/process split offers three different integration choices,"At `AeneasVerif/charon@a535e914f74db4fd9e6be7048f4233270d8945c0` (0.1.210), Charon has two materially different integration surfaces:",Aeneas ac9f1bc5 + Charon a535e914 + Lean 4.30.0-rc2 + Charon Rust nightly-2026-05-31 where those layers are in this report,Aeneas 0855ce1b + Charon e435e5f3 + Lean 4.31.0 + Charon Rust nightly-2026-09-17; standalone Charon 2804f2d is separate,"P0,C1,C2",The Aeneas-paired Charon revision changed LLBC AST/extraction source and rustc pin. No LLBC or downstream Aeneas output was produced on the new bundle.,yes_for_charon_cell_aeneas_downstream_conditional,Run the report’s exact minimal Cargo/Charon fixture with Charon e435e5f and Rust nightly-2026-09-17; compare decoded LLBC fields and stage result. Run Aeneas/Lean only if the report claims downstream translation.,"Charon e435e5f build or compatible archive; Rust nightly-2026-09-17 with rustc-dev, llvm-tools, rust-src, miri; Aeneas Sep release and Lean 4.31 only for downstream cells.",No newer Aeneas/Charon/Lean/Rust executable or package was run; source/release inspection only.,newer_version_recheck,Charon 0.1.210 + Rust nightly-2026-05-31,paired_component
R367,title_or_summary_only,paired_charon,reports/charon-library-wire-compatibility-0-1-210/REPORT.md,## Summary; ### The wire-version identifier is the Cargo package version,"At `AeneasVerif/charon@a535e914f74db4fd9e6be7048f4233270d8945c0` (0.1.210), the Rust `charon_lib` API and serialized LLBC are two interfaces over related data, not interchangeable stability boundaries.",Aeneas ac9f1bc5 + Charon a535e914 + Lean 4.30.0-rc2 + Charon Rust nightly-2026-05-31 where those layers are in this report,Aeneas 0855ce1b + Charon e435e5f3 + Lean 4.31.0 + Charon Rust nightly-2026-09-17; standalone Charon 2804f2d is separate,"P0,C1,C2",The Aeneas-paired Charon revision changed LLBC AST/extraction source and rustc pin. No LLBC or downstream Aeneas output was produced on the new bundle.,yes_for_charon_cell_aeneas_downstream_conditional,Run the report’s exact minimal Cargo/Charon fixture with Charon e435e5f and Rust nightly-2026-09-17; compare decoded LLBC fields and stage result. Run Aeneas/Lean only if the report claims downstream translation.,"Charon e435e5f build or compatible archive; Rust nightly-2026-09-17 with rustc-dev, llvm-tools, rust-src, miri; Aeneas Sep release and Lean 4.31 only for downstream cells.",No newer Aeneas/Charon/Lean/Rust executable or package was run; source/release inspection only.,newer_version_recheck,Charon 0.1.210 + Rust nightly-2026-05-31,paired_component
R368,metadata_or_cohort,paired_charon,reports/charon-llbc-output-goldens-and-revision-diffs-2026-09-27/REPORT.md,## Summary; ### Proposed revision-diff harness,A three-function macOS probe passed through Charon and Aeneas. Repeated raw LLBC JSON differed only in item-name map ordering in this sample; pretty LLBC and generated Lean were byte-identical. The report proposes a schema-aware golden corpus and revision-diff harness without treating textual stability as a correctness proof.,Aeneas ac9f1bc5 + Charon a535e914 + Lean 4.30.0-rc2 + Charon Rust nightly-2026-05-31 where those layers are in this report,Aeneas 0855ce1b + Charon e435e5f3 + Lean 4.31.0 + Charon Rust nightly-2026-09-17; standalone Charon 2804f2d is separate,"P0,C1,C2",The Aeneas-paired Charon revision changed LLBC AST/extraction source and rustc pin. No LLBC or downstream Aeneas output was produced on the new bundle.,yes_for_charon_cell_aeneas_downstream_conditional,Run the report’s exact minimal Cargo/Charon fixture with Charon e435e5f and Rust nightly-2026-09-17; compare decoded LLBC fields and stage result. Run Aeneas/Lean only if the report claims downstream translation.,"Charon e435e5f build or compatible archive; Rust nightly-2026-09-17 with rustc-dev, llvm-tools, rust-src, miri; Aeneas Sep release and Lean 4.31 only for downstream cells.",No newer Aeneas/Charon/Lean/Rust executable or package was run; source/release inspection only.,prior_comparison,June 2026 Charon/Aeneas revision pairs (prior comparison),paired_component
R369,title_or_summary_only,paired_charon,reports/charon-multi-target-cargo-behavior-0-1-210/REPORT.md,## Summary; ### Multi-target merge preserves the first crate name as the merged crate name,"At `AeneasVerif/charon@a535e914f74db4fd9e6be7048f4233270d8945c0` (0.1.210), two different multiplicities must be kept separate.",Aeneas ac9f1bc5 + Charon a535e914 + Lean 4.30.0-rc2 + Charon Rust nightly-2026-05-31 where those layers are in this report,Aeneas 0855ce1b + Charon e435e5f3 + Lean 4.31.0 + Charon Rust nightly-2026-09-17; standalone Charon 2804f2d is separate,"P0,C1,C2",The Aeneas-paired Charon revision changed LLBC AST/extraction source and rustc pin. No LLBC or downstream Aeneas output was produced on the new bundle.,yes_for_charon_cell_aeneas_downstream_conditional,Run the report’s exact minimal Cargo/Charon fixture with Charon e435e5f and Rust nightly-2026-09-17; compare decoded LLBC fields and stage result. Run Aeneas/Lean only if the report claims downstream translation.,"Charon e435e5f build or compatible archive; Rust nightly-2026-09-17 with rustc-dev, llvm-tools, rust-src, miri; Aeneas Sep release and Lean 4.31 only for downstream cells.",No newer Aeneas/Charon/Lean/Rust executable or package was run; source/release inspection only.,newer_version_recheck,Charon 0.1.210 + Rust nightly-2026-05-31,paired_component
R370,metadata_or_cohort,paired_charon,reports/charon-opaque-nightly-2026-06-03/REPORT.md,## Summary; ### `--opaque` patterns are prefix patterns,"At `AeneasVerif/charon@a535e914f74db4fd9e6be7048f4233270d8945c0` (0.1.210), `--opaque` is an **extraction-boundary control**, not a semantic model. For functions and globals, an opaque item retains its name/signature but Charon does not translate its body. For structs/enums/unions, opacity hides fields or variants. For modules, opacity stops module-content traversal, though a nested item referenced from elsewhere can still be reached and translated according to that nested item's own opacity. Charon's `ItemOpacity` lattice is `Transparent < Foreign < Opaque < Invisible`.",Aeneas ac9f1bc5 + Charon a535e914 + Lean 4.30.0-rc2 + Charon Rust nightly-2026-05-31 where those layers are in this report,Aeneas 0855ce1b + Charon e435e5f3 + Lean 4.31.0 + Charon Rust nightly-2026-09-17; standalone Charon 2804f2d is separate,"P0,C1,C2",The Aeneas-paired Charon revision changed LLBC AST/extraction source and rustc pin. No LLBC or downstream Aeneas output was produced on the new bundle.,yes_for_charon_cell_aeneas_downstream_conditional,Run the report’s exact minimal Cargo/Charon fixture with Charon e435e5f and Rust nightly-2026-09-17; compare decoded LLBC fields and stage result. Run Aeneas/Lean only if the report claims downstream translation.,"Charon e435e5f build or compatible archive; Rust nightly-2026-09-17 with rustc-dev, llvm-tools, rust-src, miri; Aeneas Sep release and Lean 4.31 only for downstream cells.",No newer Aeneas/Charon/Lean/Rust executable or package was run; source/release inspection only.,newer_version_recheck,Charon nightly-2026.06.03 + paired Rust/Aeneas,paired_component
R371,metadata_or_cohort,paired_charon,reports/charon-performance-and-revision-probes-2026-09-28/REPORT.md,## Summary; ### Charon revision comparison and golden normalization,"On one macOS arm64 host, Charon 0.1.210 extracted generated Rust crates containing 10, 100, and 1,000 independent small functions, and selected 1, 10, 100, and 1,000 roots from the same 1,000-function crate. All commands completed with `has_errors: false`; output size grew with selected declaration count. A matched three-function fixture run under Charon 0.1.208 and 0.1.210 produced equal schema-aware LLBC projections after excluding the destination path and canonicalizing only the keyed name maps. These are bounded probes, not large-workspace or dependency-chasing benchmarks.",Aeneas ac9f1bc5 + Charon a535e914 + Lean 4.30.0-rc2 + Charon Rust nightly-2026-05-31 where those layers are in this report,Aeneas 0855ce1b + Charon e435e5f3 + Lean 4.31.0 + Charon Rust nightly-2026-09-17; standalone Charon 2804f2d is separate,"P0,C1,C2",The Aeneas-paired Charon revision changed LLBC AST/extraction source and rustc pin. No LLBC or downstream Aeneas output was produced on the new bundle.,yes_for_charon_cell_aeneas_downstream_conditional,Run the report’s exact minimal Cargo/Charon fixture with Charon e435e5f and Rust nightly-2026-09-17; compare decoded LLBC fields and stage result. Run Aeneas/Lean only if the report claims downstream translation.,"Charon e435e5f build or compatible archive; Rust nightly-2026-09-17 with rustc-dev, llvm-tools, rust-src, miri; Aeneas Sep release and Lean 4.31 only for downstream cells.",No newer Aeneas/Charon/Lean/Rust executable or package was run; source/release inspection only.,newer_version_recheck,Charon nightly-2026.06.03 + paired Rust/Aeneas,paired_component
R372,title_or_summary_only,paired_charon,reports/charon-raw-pointers-unsafe-operations-0-1-210/REPORT.md,## Summary; ### Unsafe trait and unsafe impl qualifiers are absent from the semantic trait nodes,"At `AeneasVerif/charon@a535e914f74db4fd9e6be7048f4233270d8945c0` (0.1.210), raw pointers are first-class semantic values. Charon preserves raw-pointer pointee type and const/mut distinction, raw-borrow construction, raw-pointer dereference through places, pointer offset operations, fat-pointer metadata, raw-parts construction, and function-signature unsafety. Its checked-in outputs demonstrate those forms on the exact revision.",Aeneas ac9f1bc5 + Charon a535e914 + Lean 4.30.0-rc2 + Charon Rust nightly-2026-05-31 where those layers are in this report,Aeneas 0855ce1b + Charon e435e5f3 + Lean 4.31.0 + Charon Rust nightly-2026-09-17; standalone Charon 2804f2d is separate,"P0,C1,C2",The Aeneas-paired Charon revision changed LLBC AST/extraction source and rustc pin. No LLBC or downstream Aeneas output was produced on the new bundle.,yes_for_charon_cell_aeneas_downstream_conditional,Run the report’s exact minimal Cargo/Charon fixture with Charon e435e5f and Rust nightly-2026-09-17; compare decoded LLBC fields and stage result. Run Aeneas/Lean only if the report claims downstream translation.,"Charon e435e5f build or compatible archive; Rust nightly-2026-09-17 with rustc-dev, llvm-tools, rust-src, miri; Aeneas Sep release and Lean 4.31 only for downstream cells.",No newer Aeneas/Charon/Lean/Rust executable or package was run; source/release inspection only.,newer_version_recheck,Charon 0.1.210 + Rust nightly-2026-05-31,paired_component
R373,metadata_or_cohort,paired_charon,reports/charon-release-upgrade-checklist-0-1-210/REPORT.md,## Summary; ### 10. Separate same-revision determinism from upgrade drift,"Changing Anneal's Charon revision is not a version-string substitution. At the current baseline, Anneal selects Aeneas `nightly-2026.06.03`, whose source resolves to `AeneasVerif/aeneas@ac9f1bc5262a5e4ff1e24ca78617121382202727`. That Aeneas revision pins `AeneasVerif/charon@a535e914f74db4fd9e6be7048f4233270d8945c0`; Charon reports package version `0.1.210` and pins Rust `nightly-2026-05-31`. Aeneas's release construction copies `charon`, `charon-driver`, and Charon's `rust-toolchain` from that locked input into the release tree.",Aeneas ac9f1bc5 + Charon a535e914 + Lean 4.30.0-rc2 + Charon Rust nightly-2026-05-31 where those layers are in this report,Aeneas 0855ce1b + Charon e435e5f3 + Lean 4.31.0 + Charon Rust nightly-2026-09-17; standalone Charon 2804f2d is separate,"P0,C1,C2",The Aeneas-paired Charon revision changed LLBC AST/extraction source and rustc pin. No LLBC or downstream Aeneas output was produced on the new bundle.,yes_for_charon_cell_aeneas_downstream_conditional,Run the report’s exact minimal Cargo/Charon fixture with Charon e435e5f and Rust nightly-2026-09-17; compare decoded LLBC fields and stage result. Run Aeneas/Lean only if the report claims downstream translation.,"Charon e435e5f build or compatible archive; Rust nightly-2026-09-17 with rustc-dev, llvm-tools, rust-src, miri; Aeneas Sep release and Lean 4.31 only for downstream cells.",No newer Aeneas/Charon/Lean/Rust executable or package was run; source/release inspection only.,newer_version_recheck,Charon 0.1.210 + Rust nightly-2026-05-31,paired_component
R374,metadata_or_cohort,paired_charon,reports/charon-serialization-compatibility-api-0-1-210/REPORT.md,## Summary; ### Serialization can hash-cons repeated AST values without changing the semantic API,"At `AeneasVerif/charon@a535e914f74db4fd9e6be7048f4233270d8945c0` (0.1.210), serialized ULLBC and LLBC are deliberately version-gated rather than advertised as a generally forward- or backward-compatible wire protocol. Both representations use the same top-level `CrateData` envelope. It contains Charon's package version, the `TranslatedCrate`, and a `has_errors` bit. The Rust JSON/Postcard reader and the generated OCaml readers reject a file whose embedded Charon version differs from the reader's supported version by exact string equality.",Aeneas ac9f1bc5 + Charon a535e914 + Lean 4.30.0-rc2 + Charon Rust nightly-2026-05-31 where those layers are in this report,Aeneas 0855ce1b + Charon e435e5f3 + Lean 4.31.0 + Charon Rust nightly-2026-09-17; standalone Charon 2804f2d is separate,"P0,C1,C2",The Aeneas-paired Charon revision changed LLBC AST/extraction source and rustc pin. No LLBC or downstream Aeneas output was produced on the new bundle.,yes_for_charon_cell_aeneas_downstream_conditional,Run the report’s exact minimal Cargo/Charon fixture with Charon e435e5f and Rust nightly-2026-09-17; compare decoded LLBC fields and stage result. Run Aeneas/Lean only if the report claims downstream translation.,"Charon e435e5f build or compatible archive; Rust nightly-2026-09-17 with rustc-dev, llvm-tools, rust-src, miri; Aeneas Sep release and Lean 4.31 only for downstream cells.",No newer Aeneas/Charon/Lean/Rust executable or package was run; source/release inspection only.,newer_version_recheck,Charon 0.1.210 + Rust nightly-2026-05-31,paired_component
R375,metadata_or_cohort,paired_charon,reports/charon-start-from-nightly-2026-06-03/REPORT.md,## Summary; ### `--start-from` and `--start-from-if-exists` differ only in strictness after parsing,"At `AeneasVerif/charon@a535e914f74db4fd9e6be7048f4233270d8945c0` (Charon 0.1.210), `--start-from` changes the **entry points** of Charon's translation, not the opacity policy of the selected items and not merely the set of names printed at the end. Charon resolves each configured start pattern to compiler definitions, enqueues those definitions, and then performs the same dependency-driven translation used by the default whole-crate entry point. While translating a transparent item, references to new items enqueue those dependencies. Opaque/foreign items expose less structure, so dependencies reachable only through an unexamined body do not enter the queue.",Aeneas ac9f1bc5 + Charon a535e914 + Lean 4.30.0-rc2 + Charon Rust nightly-2026-05-31 where those layers are in this report,Aeneas 0855ce1b + Charon e435e5f3 + Lean 4.31.0 + Charon Rust nightly-2026-09-17; standalone Charon 2804f2d is separate,"P0,C1,C2",The Aeneas-paired Charon revision changed LLBC AST/extraction source and rustc pin. No LLBC or downstream Aeneas output was produced on the new bundle.,yes_for_charon_cell_aeneas_downstream_conditional,Run the report’s exact minimal Cargo/Charon fixture with Charon e435e5f and Rust nightly-2026-09-17; compare decoded LLBC fields and stage result. Run Aeneas/Lean only if the report claims downstream translation.,"Charon e435e5f build or compatible archive; Rust nightly-2026-09-17 with rustc-dev, llvm-tools, rust-src, miri; Aeneas Sep release and Lean 4.31 only for downstream cells.",No newer Aeneas/Charon/Lean/Rust executable or package was run; source/release inspection only.,newer_version_recheck,Charon nightly-2026.06.03 + paired Rust/Aeneas,paired_component
R376,metadata_or_cohort,paired_charon,reports/charon-support-and-unsoundness-nightly-2026-06-03/REPORT.md,"## Summary; ### A formerly documented bound-lifetime trait-resolution unsoundness is historical, not pinned-active evidence","At `AeneasVerif/charon@a535e914f74db4fd9e6be7048f4233270d8945c0`, the Charon revision pinned by Aeneas `nightly-2026.06.03`, Charon's support boundary is not a simple supported/unsupported feature list. The pinned source has three materially different failure classes:",Aeneas ac9f1bc5 + Charon a535e914 + Lean 4.30.0-rc2 + Charon Rust nightly-2026-05-31 where those layers are in this report,Aeneas 0855ce1b + Charon e435e5f3 + Lean 4.31.0 + Charon Rust nightly-2026-09-17; standalone Charon 2804f2d is separate,"P0,C1,C2",The Aeneas-paired Charon revision changed LLBC AST/extraction source and rustc pin. No LLBC or downstream Aeneas output was produced on the new bundle.,yes_for_charon_cell_aeneas_downstream_conditional,Run the report’s exact minimal Cargo/Charon fixture with Charon e435e5f and Rust nightly-2026-09-17; compare decoded LLBC fields and stage result. Run Aeneas/Lean only if the report claims downstream translation.,"Charon e435e5f build or compatible archive; Rust nightly-2026-09-17 with rustc-dev, llvm-tools, rust-src, miri; Aeneas Sep release and Lean 4.31 only for downstream cells.",No newer Aeneas/Charon/Lean/Rust executable or package was run; source/release inspection only.,newer_version_recheck,Charon nightly-2026.06.03 + paired Rust/Aeneas,paired_component
R377,metadata_or_cohort,paired_charon,reports/charon-toolchain-contract-0-1-210/REPORT.md,## Summary; ### `charon_lib` without rustc integration has a different toolchain requirement,"At `AeneasVerif/charon@a535e914f74db4fd9e6be7048f4233270d8945c0` (0.1.210), the rustc-facing Charon executable is deliberately coupled to one Rust nightly: `nightly-2026-05-31`. The repository records that channel in `charon/rust-toolchain`, and the `charon` wrapper embeds the complete file into its binary with `include_str!`. Normal non-Nix execution therefore does not ask the user's default `rustc` which version to use: it runs Cargo, rustc queries, and `charon-driver` through `rustup run nightly-2026-05-31 ...`.",Aeneas ac9f1bc5 + Charon a535e914 + Lean 4.30.0-rc2 + Charon Rust nightly-2026-05-31 where those layers are in this report,Aeneas 0855ce1b + Charon e435e5f3 + Lean 4.31.0 + Charon Rust nightly-2026-09-17; standalone Charon 2804f2d is separate,"P0,C1,C2",The Aeneas-paired Charon revision changed LLBC AST/extraction source and rustc pin. No LLBC or downstream Aeneas output was produced on the new bundle.,yes_for_charon_cell_aeneas_downstream_conditional,Run the report’s exact minimal Cargo/Charon fixture with Charon e435e5f and Rust nightly-2026-09-17; compare decoded LLBC fields and stage result. Run Aeneas/Lean only if the report claims downstream translation.,"Charon e435e5f build or compatible archive; Rust nightly-2026-09-17 with rustc-dev, llvm-tools, rust-src, miri; Aeneas Sep release and Lean 4.31 only for downstream cells.",No newer Aeneas/Charon/Lean/Rust executable or package was run; source/release inspection only.,newer_version_recheck,Charon 0.1.210 + Rust nightly-2026-05-31,paired_component
R378,metadata_or_cohort,paired_charon,reports/charon-toolchain-requirements-nightly-2026-06-03/REPORT.md,## Summary; ## Findings,"The Charon binary bundled by Aeneas `nightly-2026.06.03` is built from `AeneasVerif/charon@a535e914f74db4fd9e6be7048f4233270d8945c0`, and that exact Charon source pins Rust `nightly-2026-05-31`. The coupling is not merely documentation: `charon/src/bin/charon/toolchain.rs` embeds `charon/rust-toolchain` into the wrapper binary with `include_str!`, and `charon-driver` uses unstable `rustc_private` APIs and dynamically links rustc libraries. Charon therefore has an exact compiler-toolchain dependency at this revision.",Aeneas ac9f1bc5 + Charon a535e914 + Lean 4.30.0-rc2 + Charon Rust nightly-2026-05-31 where those layers are in this report,Aeneas 0855ce1b + Charon e435e5f3 + Lean 4.31.0 + Charon Rust nightly-2026-09-17; standalone Charon 2804f2d is separate,"P0,C1,C2",The Aeneas-paired Charon revision changed LLBC AST/extraction source and rustc pin. No LLBC or downstream Aeneas output was produced on the new bundle.,yes_for_charon_cell_aeneas_downstream_conditional,Run the report’s exact minimal Cargo/Charon fixture with Charon e435e5f and Rust nightly-2026-09-17; compare decoded LLBC fields and stage result. Run Aeneas/Lean only if the report claims downstream translation.,"Charon e435e5f build or compatible archive; Rust nightly-2026-09-17 with rustc-dev, llvm-tools, rust-src, miri; Aeneas Sep release and Lean 4.31 only for downstream cells.",No newer Aeneas/Charon/Lean/Rust executable or package was run; source/release inspection only.,newer_version_recheck,Charon nightly-2026.06.03 + paired Rust/Aeneas,paired_component
R379,metadata_or_cohort,paired_charon,reports/charon-traits-generics-nightly-2026-06-03/REPORT.md,## Summary; ### Trait aliases are represented as traits whose content is their implied clauses,"At `AeneasVerif/charon@a535e914f74db4fd9e6be7048f4233270d8945c0` (0.1.210), traits and generic constraints are represented as explicit semantic data rather than being left as source syntax or delegated to a downstream trait solver. A declaration's `GenericParams` separately records region, type, and const parameters; trait clauses; region-outlives and type-outlives predicates; and associated-type equality constraints. Generic arguments mirror those parameter classes and additionally carry concrete `TraitRef` values for required trait clauses.",Aeneas ac9f1bc5 + Charon a535e914 + Lean 4.30.0-rc2 + Charon Rust nightly-2026-05-31 where those layers are in this report,Aeneas 0855ce1b + Charon e435e5f3 + Lean 4.31.0 + Charon Rust nightly-2026-09-17; standalone Charon 2804f2d is separate,"P0,C1,C2",The Aeneas-paired Charon revision changed LLBC AST/extraction source and rustc pin. No LLBC or downstream Aeneas output was produced on the new bundle.,yes_for_charon_cell_aeneas_downstream_conditional,Run the report’s exact minimal Cargo/Charon fixture with Charon e435e5f and Rust nightly-2026-09-17; compare decoded LLBC fields and stage result. Run Aeneas/Lean only if the report claims downstream translation.,"Charon e435e5f build or compatible archive; Rust nightly-2026-09-17 with rustc-dev, llvm-tools, rust-src, miri; Aeneas Sep release and Lean 4.31 only for downstream cells.",No newer Aeneas/Charon/Lean/Rust executable or package was run; source/release inspection only.,newer_version_recheck,Charon nightly-2026.06.03 + paired Rust/Aeneas,paired_component
R380,metadata_or_cohort,paired_charon,reports/charon-ullbc-llbc-schema-nightly-2026-06-03/REPORT.md,"## Summary; ### ULLBC→LLBC reconstructs control flow, including loops and branch joins","At `AeneasVerif/charon@a535e914f74db4fd9e6be7048f4233270d8945c0`, the Charon revision pinned by Aeneas `nightly-2026.06.03`, Charon's exported crate is substantially richer than a list of function bodies. A `TranslatedCrate` contains target information, files and spans, stable-in-file item IDs and names, type/function/global declarations, trait declarations and implementations, and a reordered declaration graph. Function/global bodies share a MIR-derived expression/type vocabulary and can be represented in either ULLBC or LLBC.",Aeneas ac9f1bc5 + Charon a535e914 + Lean 4.30.0-rc2 + Charon Rust nightly-2026-05-31 where those layers are in this report,Aeneas 0855ce1b + Charon e435e5f3 + Lean 4.31.0 + Charon Rust nightly-2026-09-17; standalone Charon 2804f2d is separate,"P0,C1,C2",The Aeneas-paired Charon revision changed LLBC AST/extraction source and rustc pin. No LLBC or downstream Aeneas output was produced on the new bundle.,yes_for_charon_cell_aeneas_downstream_conditional,Run the report’s exact minimal Cargo/Charon fixture with Charon e435e5f and Rust nightly-2026-09-17; compare decoded LLBC fields and stage result. Run Aeneas/Lean only if the report claims downstream translation.,"Charon e435e5f build or compatible archive; Rust nightly-2026-09-17 with rustc-dev, llvm-tools, rust-src, miri; Aeneas Sep release and Lean 4.31 only for downstream cells.",No newer Aeneas/Charon/Lean/Rust executable or package was run; source/release inspection only.,newer_version_recheck,Charon nightly-2026.06.03 + paired Rust/Aeneas,paired_component
R381,title_or_summary_only,paired_charon,reports/charon-unions-0-1-210/REPORT.md,## Summary; ### Transparent unions have a first-class type-declaration kind,"At `AeneasVerif/charon@a535e914f74db4fd9e6be7048f4233270d8945c0` (0.1.210), Charon has a first-class union type declaration and preserves the field involved in ordinary runtime union construction and field access. A transparent Rust union becomes `TypeDeclKind::Union(fields)`. Constructing `U { field: value }` becomes `AggregateKind::Adt(type_ref, None, Some(field_id))`; projecting `u.field` uses the ordinary ADT field-projection node with the union's `TypeDeclId` and no enum variant. The checked-in `unions.rs` fixture at this exact revision shows those forms surviving into final LLBC.",Aeneas ac9f1bc5 + Charon a535e914 + Lean 4.30.0-rc2 + Charon Rust nightly-2026-05-31 where those layers are in this report,Aeneas 0855ce1b + Charon e435e5f3 + Lean 4.31.0 + Charon Rust nightly-2026-09-17; standalone Charon 2804f2d is separate,"P0,C1,C2",The Aeneas-paired Charon revision changed LLBC AST/extraction source and rustc pin. No LLBC or downstream Aeneas output was produced on the new bundle.,yes_for_charon_cell_aeneas_downstream_conditional,Run the report’s exact minimal Cargo/Charon fixture with Charon e435e5f and Rust nightly-2026-09-17; compare decoded LLBC fields and stage result. Run Aeneas/Lean only if the report claims downstream translation.,"Charon e435e5f build or compatible archive; Rust nightly-2026-09-17 with rustc-dev, llvm-tools, rust-src, miri; Aeneas Sep release and Lean 4.31 only for downstream cells.",No newer Aeneas/Charon/Lean/Rust executable or package was run; source/release inspection only.,newer_version_recheck,Charon 0.1.210 + Rust nightly-2026-05-31,paired_component
R382,metadata_or_cohort,paired_charon,reports/charon-zerocopy-library-repeat-order-nightly-2026-05-31/REPORT.md,## Summary; ## Findings,"Three serial, offline Charon 0.1.210 runs on the real `zerocopy --lib` target produced equal-length LLBC with different raw SHA-256 hashes. The only differences found were the requested output filename in `options.dest_file` and the order of 17,903 `short_names` entries. The entries had unique keys and an identical key/value multiset. After removing that one array and normalizing the one run-specific output path, every remaining LLBC byte matched across all three runs.",Aeneas ac9f1bc5 + Charon a535e914 + Lean 4.30.0-rc2 + Charon Rust nightly-2026-05-31 where those layers are in this report,Aeneas 0855ce1b + Charon e435e5f3 + Lean 4.31.0 + Charon Rust nightly-2026-09-17; standalone Charon 2804f2d is separate,"P0,C1,C2",The Aeneas-paired Charon revision changed LLBC AST/extraction source and rustc pin. No LLBC or downstream Aeneas output was produced on the new bundle.,yes_for_charon_cell_aeneas_downstream_conditional,Run the report’s exact minimal Cargo/Charon fixture with Charon e435e5f and Rust nightly-2026-09-17; compare decoded LLBC fields and stage result. Run Aeneas/Lean only if the report claims downstream translation.,"Charon e435e5f build or compatible archive; Rust nightly-2026-09-17 with rustc-dev, llvm-tools, rust-src, miri; Aeneas Sep release and Lean 4.31 only for downstream cells.",No newer Aeneas/Charon/Lean/Rust executable or package was run; source/release inspection only.,newer_version_recheck,Charon nightly-2026.06.03 + paired Rust/Aeneas,paired_component
R387,metadata_or_cohort,paired_charon,reports/cross-tool-diagnostic-path-normalization-2026-09-27/REPORT.md,"## Summary; ### When Charon cannot recover a local path, it uses rustc's macro-scope representation","At the revisions selected by Anneal, diagnostic paths are not one shared cross-tool identifier. Rustc, Charon, Aeneas, Lean batch mode, and Lean LSP each choose paths for different purposes, and relocation can change some of them without changing the source program.",Aeneas ac9f1bc5 + Charon a535e914 + Lean 4.30.0-rc2 + Charon Rust nightly-2026-05-31 where those layers are in this report,Aeneas 0855ce1b + Charon e435e5f3 + Lean 4.31.0 + Charon Rust nightly-2026-09-17; standalone Charon 2804f2d is separate,"P0,C1,C2",The Aeneas-paired Charon revision changed LLBC AST/extraction source and rustc pin. No LLBC or downstream Aeneas output was produced on the new bundle.,yes_for_charon_cell_aeneas_downstream_conditional,Run the report’s exact minimal Cargo/Charon fixture with Charon e435e5f and Rust nightly-2026-09-17; compare decoded LLBC fields and stage result. Run Aeneas/Lean only if the report claims downstream translation.,"Charon e435e5f build or compatible archive; Rust nightly-2026-09-17 with rustc-dev, llvm-tools, rust-src, miri; Aeneas Sep release and Lean 4.31 only for downstream cells.",No newer Aeneas/Charon/Lean/Rust executable or package was run; source/release inspection only.,newer_version_recheck,Rust nightly-2026-05-31 / Charon June 2026 / Lean 4.30.0-rc2 bundle,paired_component
R388,metadata_or_cohort,paired_charon,reports/cross-tool-utf8-span-columns-2026-09-27/REPORT.md,"## Summary; ### Rustc distinguishes byte positions, character columns, and display columns","The Anneal-selected toolchain does **not** use one common meaning for a source “column.” At the exact selected revisions, at least four coordinate systems matter:",Aeneas ac9f1bc5 + Charon a535e914 + Lean 4.30.0-rc2 + Charon Rust nightly-2026-05-31 where those layers are in this report,Aeneas 0855ce1b + Charon e435e5f3 + Lean 4.31.0 + Charon Rust nightly-2026-09-17; standalone Charon 2804f2d is separate,"P0,C1,C2",The Aeneas-paired Charon revision changed LLBC AST/extraction source and rustc pin. No LLBC or downstream Aeneas output was produced on the new bundle.,yes_for_charon_cell_aeneas_downstream_conditional,Run the report’s exact minimal Cargo/Charon fixture with Charon e435e5f and Rust nightly-2026-09-17; compare decoded LLBC fields and stage result. Run Aeneas/Lean only if the report claims downstream translation.,"Charon e435e5f build or compatible archive; Rust nightly-2026-09-17 with rustc-dev, llvm-tools, rust-src, miri; Aeneas Sep release and Lean 4.31 only for downstream cells.",No newer Aeneas/Charon/Lean/Rust executable or package was run; source/release inspection only.,newer_version_recheck,Rust nightly-2026-05-31 / Charon June 2026 / Lean 4.30.0-rc2 bundle,paired_component
R390,metadata_or_cohort,contextual,reports/diagnostic-format-controls-nightly-2026-05-31-v4-30-0-rc2/REPORT.md,"## Summary; ### `format.inputWidth` controls generated suggestion/edit text, not batch message width",The Anneal-selected Rust and Lean toolchains expose very different notions of “stable diagnostic formatting.”,Aeneas ac9f1bc5 + Charon a535e914 + Lean 4.30.0-rc2 + Charon Rust nightly-2026-05-31 where those layers are in this report,Aeneas 0855ce1b + Charon e435e5f3 + Lean 4.31.0 + Charon Rust nightly-2026-09-17; standalone Charon 2804f2d is separate,P0,"Aeneas is contextual to this report. The compatible bundle pins changed, but this inspection identifies no source-level change to its main claim. Aeneas runtime and package claims remain untested.",conditional_citation_only,No Aeneas replay for the main claim. Reinspect its cited Aeneas/Charon/Lean statement against current source; run the original component fixture only if that statement changes.,None for Aeneas source comparison; the main report’s own newer-version cohort may separately need its component tool.,No newer Aeneas/Charon/Lean/Rust executable or package was run; source/release inspection only.,newer_version_recheck,Rust nightly-2026-05-31 / Charon June 2026 / Lean 4.30.0-rc2 bundle,context_only
R392,metadata_or_cohort,contextual,reports/end-to-end-source-correspondence-nightly-2026-06-03-v4-30-0-rc2/REPORT.md,## Summary; ### Translation failures create correspondence holes before Lean diagnostics exist,"At the revisions selected by current Anneal, source correspondence is a chain of useful but different identities, not one end-to-end source map.",Aeneas ac9f1bc5 + Charon a535e914 + Lean 4.30.0-rc2 + Charon Rust nightly-2026-05-31 where those layers are in this report,Aeneas 0855ce1b + Charon e435e5f3 + Lean 4.31.0 + Charon Rust nightly-2026-09-17; standalone Charon 2804f2d is separate,P0,"Aeneas is contextual to this report. The compatible bundle pins changed, but this inspection identifies no source-level change to its main claim. Aeneas runtime and package claims remain untested.",conditional_citation_only,No Aeneas replay for the main claim. Reinspect its cited Aeneas/Charon/Lean statement against current source; run the original component fixture only if that statement changes.,None for Aeneas source comparison; the main report’s own newer-version cohort may separately need its component tool.,No newer Aeneas/Charon/Lean/Rust executable or package was run; source/release inspection only.,newer_version_recheck,Rust nightly-2026-05-31 / Charon June 2026 / Lean 4.30.0-rc2 bundle,context_only
R403,metadata_or_cohort,contextual,reports/generated-rust-visibility-nightly-2026-05-31/REPORT.md,## Summary; ### Included generated files can preserve a stronger filesystem provenance,"Build scripts and procedural macros both generate or select Rust code before Charon's translation, but they cross the compiler boundary in different ways.",Aeneas ac9f1bc5 + Charon a535e914 + Lean 4.30.0-rc2 + Charon Rust nightly-2026-05-31 where those layers are in this report,Aeneas 0855ce1b + Charon e435e5f3 + Lean 4.31.0 + Charon Rust nightly-2026-09-17; standalone Charon 2804f2d is separate,P0,"Aeneas is contextual to this report. The compatible bundle pins changed, but this inspection identifies no source-level change to its main claim. Aeneas runtime and package claims remain untested.",conditional_citation_only,No Aeneas replay for the main claim. Reinspect its cited Aeneas/Charon/Lean statement against current source; run the original component fixture only if that statement changes.,None for Aeneas source comparison; the main report’s own newer-version cohort may separately need its component tool.,No newer Aeneas/Charon/Lean/Rust executable or package was run; source/release inspection only.,newer_version_recheck,Rust nightly-2026-05-31 / Charon June 2026 / Lean 4.30.0-rc2 bundle,context_only
R415,metadata_or_cohort,paired_lean,reports/lake-behavior-upgrade-checklist-v4-30-0-rc2/REPORT.md,## Summary; ### 9. Revalidate `lake serve` and `lake setup-file` as a distinct interactive path,"Lake is part of Anneal's Lean toolchain contract, not just a command wrapper around `lean`. At the current baseline, Lake is the implementation shipped from `leanprover/lean4@3dc1a088b6d2d8eafe25a7cd7ec7b58d731bd7cc` (`v4.30.0-rc2`). It loads and materializes the Aeneas/Mathlib dependency graph, compiles package configuration, owns build keys and traces, decides when outputs are reusable, interacts with local and remote artifact caches, prepares language-server files, and chooses where several classes of mutable state live.",Aeneas ac9f1bc5 + Charon a535e914 + Lean 4.30.0-rc2 + Charon Rust nightly-2026-05-31 where those layers are in this report,Aeneas 0855ce1b + Charon e435e5f3 + Lean 4.31.0 + Charon Rust nightly-2026-09-17; standalone Charon 2804f2d is separate,"P0,L1","Aeneas now pairs with Lean 4.31.0; module-system output applies only if Aeneas regenerates this model. No Lean server, Lake, OLean, or proof result was rerun.",yes_for_lean_cell_aeneas_regeneration_conditional,Replay the report’s exact Lean/Lake fixture with fresh Lean 4.31.0 OLeans. Regenerate Aeneas model source only if this cell consumes generated output; compare old/new model bytes separately.,Lean/Lake 4.31.0 and rebuilt Aeneas Lean library/OLeans; paired Aeneas/Charon/Rust only when regenerating model source.,No newer Aeneas/Charon/Lean/Rust executable or package was run; source/release inspection only.,newer_version_recheck,Lean/Lake v4.30.0-rc2,paired_component
R431,metadata_or_cohort,paired_lean,reports/lake-package-tree-pruning-v4-30-0-rc2/REPORT.md,"## Summary; ### The safe pruning unit is a consumer contract, not a package directory","A Lean/Lake package tree cannot be pruned safely by classifying filenames as “source,” “build output,” and “metadata” in the abstract. At Lean/Lake `v4.30.0-rc2`, a loaded `Package` carries a configuration file, dependency declarations, target declarations, scripts, hooks, test/lint drivers, source and build-directory settings, README and license-file paths, and native/build settings. Lean libraries and executables may choose their own source roots. A Lean-authored `lakefile.lean` is executable Lean configuration rather than a declarative file list. Which files are dispensable therefore depends on the consumer operations that the pruned tree must continue to support.",Aeneas ac9f1bc5 + Charon a535e914 + Lean 4.30.0-rc2 + Charon Rust nightly-2026-05-31 where those layers are in this report,Aeneas 0855ce1b + Charon e435e5f3 + Lean 4.31.0 + Charon Rust nightly-2026-09-17; standalone Charon 2804f2d is separate,"P0,L1","Aeneas now pairs with Lean 4.31.0; module-system output applies only if Aeneas regenerates this model. No Lean server, Lake, OLean, or proof result was rerun.",yes_for_lean_cell_aeneas_regeneration_conditional,Replay the report’s exact Lean/Lake fixture with fresh Lean 4.31.0 OLeans. Regenerate Aeneas model source only if this cell consumes generated output; compare old/new model bytes separately.,Lean/Lake 4.31.0 and rebuilt Aeneas Lean library/OLeans; paired Aeneas/Charon/Rust only when regenerating model source.,No newer Aeneas/Charon/Lean/Rust executable or package was run; source/release inspection only.,newer_version_recheck,Lean/Lake v4.30.0-rc2,paired_component
R452,metadata_or_cohort,paired_lean,reports/lean-generated-file-interactive-workflows-v4-30-0-rc2/REPORT.md,## Summary; ### Interactive services need an explicit generated-package generation,"A generated Lean file has two different identities in an interactive workflow: the bytes written by the generator and the document state currently owned by the LSP client. Once a client sends `textDocument/didOpen`, LSP makes the client-managed text authoritative for that open document. Re-running Aeneas and replacing the file on disk therefore does not, by itself, replace the text that Lean is elaborating for an already-open document. The client must synchronize the regenerated text with `didChange`, or close the document and reopen the regenerated bytes.",Aeneas ac9f1bc5 + Charon a535e914 + Lean 4.30.0-rc2 + Charon Rust nightly-2026-05-31 where those layers are in this report,Aeneas 0855ce1b + Charon e435e5f3 + Lean 4.31.0 + Charon Rust nightly-2026-09-17; standalone Charon 2804f2d is separate,"P0,L1,A2","Aeneas now pairs with Lean 4.31.0; module-system output applies only if Aeneas regenerates this model. No Lean server, Lake, OLean, or proof result was rerun.",yes_for_lean_cell_aeneas_regeneration_conditional,Replay the report’s exact Lean/Lake fixture with fresh Lean 4.31.0 OLeans. Regenerate Aeneas model source only if this cell consumes generated output; compare old/new model bytes separately.,Lean/Lake 4.31.0 and rebuilt Aeneas Lean library/OLeans; paired Aeneas/Charon/Rust only when regenerating model source.,No newer Aeneas/Charon/Lean/Rust executable or package was run; source/release inspection only.,newer_version_recheck,Lean/Lake v4.30.0-rc2,paired_component
R459,metadata_or_cohort,paired_lean,reports/lean-lake-cross-platform-artifact-portability-v4-30-0-rc2/REPORT.md,## Summary; ### Lake's cache layers add additional platform fences,"At `leanprover/lean4@3dc1a088b6d2d8eafe25a7cd7ec7b58d731bd7cc` (`v4.30.0-rc2`), Lake does not provide one cross-platform portability guarantee for a prepared package tree. It has two materially different artifact classes.",Aeneas ac9f1bc5 + Charon a535e914 + Lean 4.30.0-rc2 + Charon Rust nightly-2026-05-31 where those layers are in this report,Aeneas 0855ce1b + Charon e435e5f3 + Lean 4.31.0 + Charon Rust nightly-2026-09-17; standalone Charon 2804f2d is separate,"P0,L1","Aeneas now pairs with Lean 4.31.0; module-system output applies only if Aeneas regenerates this model. No Lean server, Lake, OLean, or proof result was rerun.",yes_for_lean_cell_aeneas_regeneration_conditional,Replay the report’s exact Lean/Lake fixture with fresh Lean 4.31.0 OLeans. Regenerate Aeneas model source only if this cell consumes generated output; compare old/new model bytes separately.,Lean/Lake 4.31.0 and rebuilt Aeneas Lean library/OLeans; paired Aeneas/Charon/Rust only when regenerating model source.,No newer Aeneas/Charon/Lean/Rust executable or package was run; source/release inspection only.,newer_version_recheck,Lean/Lake v4.30.0-rc2,paired_component
R472,metadata_or_cohort,paired_lean,reports/lean-package-native-artifacts-v4-30-0-rc2/REPORT.md,## Summary; ### Native artifacts can live in Lake's artifact cache rather than only in the package tree,"At `leanprover/lean4@3dc1a088b6d2d8eafe25a7cd7ec7b58d731bd7cc` (`v4.30.0-rc2`), a Lake package can contain several distinct layers of compiled output. Lean's core module build emits `.olean`, `.ilean`, `.ir`, generated C, and optionally LLVM bitcode. Separate Lake facets compile C or bitcode into host object files, combine object files into static libraries, link shared libraries, and link executables. The defaults matter: a bare Lean-library target builds its `leanArts` facet, not its static or shared-library facet, while `precompileModules` is opt-in and causes per-module shared libraries to be loaded on import.",Aeneas ac9f1bc5 + Charon a535e914 + Lean 4.30.0-rc2 + Charon Rust nightly-2026-05-31 where those layers are in this report,Aeneas 0855ce1b + Charon e435e5f3 + Lean 4.31.0 + Charon Rust nightly-2026-09-17; standalone Charon 2804f2d is separate,"P0,L1","Aeneas now pairs with Lean 4.31.0; module-system output applies only if Aeneas regenerates this model. No Lean server, Lake, OLean, or proof result was rerun.",yes_for_lean_cell_aeneas_regeneration_conditional,Replay the report’s exact Lean/Lake fixture with fresh Lean 4.31.0 OLeans. Regenerate Aeneas model source only if this cell consumes generated output; compare old/new model bytes separately.,Lean/Lake 4.31.0 and rebuilt Aeneas Lean library/OLeans; paired Aeneas/Charon/Rust only when regenerating model source.,No newer Aeneas/Charon/Lean/Rust executable or package was run; source/release inspection only.,newer_version_recheck,Lean/Lake v4.30.0-rc2,paired_component
R476,metadata_or_cohort,paired_lean,reports/lean-release-upgrade-checklist-v4-30-0-rc2/REPORT.md,## Summary; ## Findings,"Changing Anneal's Lean release changes more than the proof checker executable. At the current baseline, Aeneas `nightly-2026.06.03` selects `leanprover/lean4:v4.30.0-rc2`, while Anneal independently downloads per-platform Lean `v4.30.0-rc2` archives under fixed hashes. The Aeneas Lean project also pins a concrete Lake dependency closure, including Mathlib `5450b53e5ddc75d46418fabb605edbf36bd0beb6`. Those identities together determine the environment in which generated Lean is parsed, elaborated, built, queried interactively, and checked.",Aeneas ac9f1bc5 + Charon a535e914 + Lean 4.30.0-rc2 + Charon Rust nightly-2026-05-31 where those layers are in this report,Aeneas 0855ce1b + Charon e435e5f3 + Lean 4.31.0 + Charon Rust nightly-2026-09-17; standalone Charon 2804f2d is separate,"P0,L1","Aeneas now pairs with Lean 4.31.0; module-system output applies only if Aeneas regenerates this model. No Lean server, Lake, OLean, or proof result was rerun.",yes_for_lean_cell_aeneas_regeneration_conditional,Replay the report’s exact Lean/Lake fixture with fresh Lean 4.31.0 OLeans. Regenerate Aeneas model source only if this cell consumes generated output; compare old/new model bytes separately.,Lean/Lake 4.31.0 and rebuilt Aeneas Lean library/OLeans; paired Aeneas/Charon/Rust only when regenerating model source.,No newer Aeneas/Charon/Lean/Rust executable or package was run; source/release inspection only.,newer_version_recheck,Lean/Lake v4.30.0-rc2,paired_component
R489,metadata_or_cohort,paired_lean,reports/lean-v1-concurrent-workspace-server-reuse-2026-09-28/REPORT.md,## Summary; ## Findings,"Two Lean 4.30.0-rc2 server processes served two separate copies of a small generated V1 workspace while sharing the same local immutable Aeneas/Mathlib dependency tree. Both maintained independent goal state across edits, and one could be stopped and reconstructed while the other remained live. Summed process-tree RSS peaked at 377,454,592 bytes in the sampled two-server run; system-reported free memory bottomed at 30% on an 8 GiB host. This extends the earlier bare-core four-server measurement to a generated-project dependency closure, but does not provide a production concurrency limit.",Aeneas ac9f1bc5 + Charon a535e914 + Lean 4.30.0-rc2 + Charon Rust nightly-2026-05-31 where those layers are in this report,Aeneas 0855ce1b + Charon e435e5f3 + Lean 4.31.0 + Charon Rust nightly-2026-09-17; standalone Charon 2804f2d is separate,"P0,L1","Aeneas now pairs with Lean 4.31.0; module-system output applies only if Aeneas regenerates this model. No Lean server, Lake, OLean, or proof result was rerun.",yes_for_lean_cell_aeneas_regeneration_conditional,Replay the report’s exact Lean/Lake fixture with fresh Lean 4.31.0 OLeans. Regenerate Aeneas model source only if this cell consumes generated output; compare old/new model bytes separately.,Lean/Lake 4.31.0 and rebuilt Aeneas Lean library/OLeans; paired Aeneas/Charon/Rust only when regenerating model source.,No newer Aeneas/Charon/Lean/Rust executable or package was run; source/release inspection only.,newer_version_recheck,Lean/Lake v4.30.0-rc2,paired_component
R491,metadata_or_cohort,paired_lean,reports/leantar-archive-format-v0-1-16-v0-1-19/REPORT.md,## Summary; ### `leantar` does not enforce extraction-path containment,"Current Anneal does not use one `leantar` binary consistently across its Mathlib-cache pipeline. The selected Lean `v4.30.0-rc2` source defaults to bundling `leantar` `v0.1.19`, and the pinned Mathlib cache code looks up `leantar` in that Lean sysroot. Anneal's later offline unpacking stage, however, deliberately ignores the toolchain copy and fetches `leantar` `v0.1.16` directly for every supported host. This split matters because `v0.1.16` and `v0.1.19` share the same LTAR-family framing but differ materially in extraction failure semantics: `v0.1.16` writes destination files directly and rolls them back only after an error, while `v0.1.19` first writes temporary files and publishes them after the archive has been decoded.",Aeneas ac9f1bc5 + Charon a535e914 + Lean 4.30.0-rc2 + Charon Rust nightly-2026-05-31 where those layers are in this report,Aeneas 0855ce1b + Charon e435e5f3 + Lean 4.31.0 + Charon Rust nightly-2026-09-17; standalone Charon 2804f2d is separate,"P0,L1,A2","Aeneas now pairs with Lean 4.31.0; module-system output applies only if Aeneas regenerates this model. No Lean server, Lake, OLean, or proof result was rerun.",yes_for_lean_cell_aeneas_regeneration_conditional,Replay the report’s exact Lean/Lake fixture with fresh Lean 4.31.0 OLeans. Regenerate Aeneas model source only if this cell consumes generated output; compare old/new model bytes separately.,Lean/Lake 4.31.0 and rebuilt Aeneas Lean library/OLeans; paired Aeneas/Charon/Rust only when regenerating model source.,No newer Aeneas/Charon/Lean/Rust executable or package was run; source/release inspection only.,prior_comparison,leantar v0.1.16 versus v0.1.19 (prior comparison),paired_component
R495,metadata_or_cohort,paired_lean,reports/mathlib-cache-artifact-format-v4-30-0-rc2/REPORT.md,## Summary; ### One cache object corresponds to one module and is named by Mathlib's cache hash,"At `leanprover-community/mathlib4@5450b53e5ddc75d46418fabb605edbf36bd0beb6`, Mathlib's cache is a per-module archive store. Each selected Lean module maps to one hash-named `.ltar` file. Packing requires a core set of Lake/Lean outputs for that module and includes several additional outputs when present.",Aeneas ac9f1bc5 + Charon a535e914 + Lean 4.30.0-rc2 + Charon Rust nightly-2026-05-31 where those layers are in this report,Aeneas 0855ce1b + Charon e435e5f3 + Lean 4.31.0 + Charon Rust nightly-2026-09-17; standalone Charon 2804f2d is separate,"P0,L1","Aeneas now pairs with Lean 4.31.0; module-system output applies only if Aeneas regenerates this model. No Lean server, Lake, OLean, or proof result was rerun.",yes_for_lean_cell_aeneas_regeneration_conditional,Replay the report’s exact Lean/Lake fixture with fresh Lean 4.31.0 OLeans. Regenerate Aeneas model source only if this cell consumes generated output; compare old/new model bytes separately.,Lean/Lake 4.31.0 and rebuilt Aeneas Lean library/OLeans; paired Aeneas/Charon/Rust only when regenerating model source.,No newer Aeneas/Charon/Lean/Rust executable or package was run; source/release inspection only.,newer_version_recheck,mathlib4 v4.30.0-rc2 + matching Lean/Lake,paired_component
R497,metadata_or_cohort,paired_lean,reports/mathlib-lake-exe-cache-protocol-v4-30-0-rc2/REPORT.md,"## Summary; ### The network protocol is simple enough to mirror, but cache correctness is local-state dependent","Anneal's selected Aeneas release does not consume a generic Lake remote cache for Mathlib. It selects Mathlib `v4.30.0-rc2`, resolved by Aeneas's checked-in manifest to `leanprover-community/mathlib4@5450b53e5ddc75d46418fabb605edbf36bd0beb6`, and that revision carries Mathlib's repository-specific `lake exe cache` implementation. The protocol computes a custom 64-bit key for each cached Lean module, names the corresponding transport object `<16-hex-digits>.ltar`, and downloads those objects into a local Mathlib cache before optionally asking `leantar` to restore their contents into build directories.",Aeneas ac9f1bc5 + Charon a535e914 + Lean 4.30.0-rc2 + Charon Rust nightly-2026-05-31 where those layers are in this report,Aeneas 0855ce1b + Charon e435e5f3 + Lean 4.31.0 + Charon Rust nightly-2026-09-17; standalone Charon 2804f2d is separate,"P0,L1","Aeneas now pairs with Lean 4.31.0; module-system output applies only if Aeneas regenerates this model. No Lean server, Lake, OLean, or proof result was rerun.",yes_for_lean_cell_aeneas_regeneration_conditional,Replay the report’s exact Lean/Lake fixture with fresh Lean 4.31.0 OLeans. Regenerate Aeneas model source only if this cell consumes generated output; compare old/new model bytes separately.,Lean/Lake 4.31.0 and rebuilt Aeneas Lean library/OLeans; paired Aeneas/Charon/Rust only when regenerating model source.,No newer Aeneas/Charon/Lean/Rust executable or package was run; source/release inspection only.,newer_version_recheck,mathlib4 v4.30.0-rc2 + matching Lean/Lake,paired_component
R498,metadata_or_cohort,paired_lean,reports/mathlib-release-cache-upgrade-checklist-v4-30-0-rc2/REPORT.md,## Summary; ### 3. Treat `lake exe cache` as a versioned Mathlib protocol,"Changing Anneal's Mathlib revision is not only a source-dependency update. At the current baseline, Aeneas `nightly-2026.06.03` resolves Mathlib input `v4.30.0-rc2` to `leanprover-community/mathlib4@5450b53e5ddc75d46418fabb605edbf36bd0beb6`; that Mathlib revision is paired with Lean `v4.30.0-rc2`, has its own locked Lake dependency graph, and supplies the repository-specific `lake exe cache` protocol that Anneal uses to materialize precompiled Mathlib state.",Aeneas ac9f1bc5 + Charon a535e914 + Lean 4.30.0-rc2 + Charon Rust nightly-2026-05-31 where those layers are in this report,Aeneas 0855ce1b + Charon e435e5f3 + Lean 4.31.0 + Charon Rust nightly-2026-09-17; standalone Charon 2804f2d is separate,"P0,L1","Aeneas now pairs with Lean 4.31.0; module-system output applies only if Aeneas regenerates this model. No Lean server, Lake, OLean, or proof result was rerun.",yes_for_lean_cell_aeneas_regeneration_conditional,Replay the report’s exact Lean/Lake fixture with fresh Lean 4.31.0 OLeans. Regenerate Aeneas model source only if this cell consumes generated output; compare old/new model bytes separately.,Lean/Lake 4.31.0 and rebuilt Aeneas Lean library/OLeans; paired Aeneas/Charon/Rust only when regenerating model source.,No newer Aeneas/Charon/Lean/Rust executable or package was run; source/release inspection only.,newer_version_recheck,mathlib4 v4.30.0-rc2 + matching Lean/Lake,paired_component
R525,metadata_or_cohort,contextual,reports/rust-drop-elaboration-nightly-2026-05-31/REPORT.md,## Summary; ### Drop elaboration computes initializedness from move paths,"Rust source semantics require destruction only for initialized values and initialized subobjects. The compiler does not encode that rule directly in newly built MIR. It first inserts `Drop` terminators at places where destruction may occur, including normal scope exits and cleanup paths. At `rust-lang/rust@14210df0e27ccd7d9e6a05b8085cbd438e4bbc65`, the mandatory `ElaborateDrops` pass combines move-path dataflow with generated drop flags and rewrites those potential drops into runtime control flow. It classifies each drop as dead, static, conditional, or open; open drops recursively destroy only the still-initialized subobjects. After elaboration, a remaining `Drop` terminator means an actual invocation of the type's drop glue rather than merely a possible source-level destruction point.",Aeneas ac9f1bc5 + Charon a535e914 + Lean 4.30.0-rc2 + Charon Rust nightly-2026-05-31 where those layers are in this report,Aeneas 0855ce1b + Charon e435e5f3 + Lean 4.31.0 + Charon Rust nightly-2026-09-17; standalone Charon 2804f2d is separate,P0,"Aeneas is contextual to this report. The compatible bundle pins changed, but this inspection identifies no source-level change to its main claim. Aeneas runtime and package claims remain untested.",conditional_citation_only,No Aeneas replay for the main claim. Reinspect its cited Aeneas/Charon/Lean statement against current source; run the original component fixture only if that statement changes.,None for Aeneas source comparison; the main report’s own newer-version cohort may separately need its component tool.,No newer Aeneas/Charon/Lean/Rust executable or package was run; source/release inspection only.,newer_version_recheck,Rust/Cargo/rustc nightly-2026-05-31,context_only
R527,metadata_or_cohort,contextual,reports/rust-extern-foreign-items-nightly-2026-05-31/REPORT.md,"## Summary; ### Charon marks foreign functions, but its extern string is not linker-complete","At `rust-lang/rust@14210df0e27ccd7d9e6a05b8085cbd438e4bbc65`, an item in an `extern` block is a Rust declaration with compiler identity, a Rust-visible type/signature, safety information, and an ABI boundary, but no Rust body. The Rust Reference describes these items as declarations of definitions provided elsewhere. A proof about Rust code can therefore rely on the Rust-side declaration only after making the foreign implementation's behavior an explicit model or trust assumption.",Aeneas ac9f1bc5 + Charon a535e914 + Lean 4.30.0-rc2 + Charon Rust nightly-2026-05-31 where those layers are in this report,Aeneas 0855ce1b + Charon e435e5f3 + Lean 4.31.0 + Charon Rust nightly-2026-09-17; standalone Charon 2804f2d is separate,P0,"Aeneas is contextual to this report. The compatible bundle pins changed, but this inspection identifies no source-level change to its main claim. Aeneas runtime and package claims remain untested.",conditional_citation_only,No Aeneas replay for the main claim. Reinspect its cited Aeneas/Charon/Lean statement against current source; run the original component fixture only if that statement changes.,None for Aeneas source comparison; the main report’s own newer-version cohort may separately need its component tool.,No newer Aeneas/Charon/Lean/Rust executable or package was run; source/release inspection only.,newer_version_recheck,Rust/Cargo/rustc nightly-2026-05-31,context_only
R529,metadata_or_cohort,contextual,reports/rust-inline-global-assembly-nightly-2026-05-31/REPORT.md,"## Summary; ### Global assembly is a separate compiler item, not a MIR inline-asm terminator","At `rust-lang/rust@14210df0e27ccd7d9e6a05b8085cbd438e4bbc65`, Rust inline assembly is an explicit semantic boundary rather than an opaque function call. `asm!` and `naked_asm!` reach MIR as `TerminatorKind::InlineAsm`, where rustc still records the assembly macro kind, template, typed operands, options, source-line spans, control-flow targets, and unwind action. `global_asm!` follows a different path: rustc keeps it as a module-level HIR item and later emits it as a `MonoItem::GlobalAsm`.",Aeneas ac9f1bc5 + Charon a535e914 + Lean 4.30.0-rc2 + Charon Rust nightly-2026-05-31 where those layers are in this report,Aeneas 0855ce1b + Charon e435e5f3 + Lean 4.31.0 + Charon Rust nightly-2026-09-17; standalone Charon 2804f2d is separate,P0,"Aeneas is contextual to this report. The compatible bundle pins changed, but this inspection identifies no source-level change to its main claim. Aeneas runtime and package claims remain untested.",conditional_citation_only,No Aeneas replay for the main claim. Reinspect its cited Aeneas/Charon/Lean statement against current source; run the original component fixture only if that statement changes.,None for Aeneas source comparison; the main report’s own newer-version cohort may separately need its component tool.,No newer Aeneas/Charon/Lean/Rust executable or package was run; source/release inspection only.,newer_version_recheck,Rust/Cargo/rustc nightly-2026-05-31,context_only
R532,metadata_or_cohort,direct_or_full_bundle,reports/rust-lifetimes-charon-aeneas-nightly-2026-05-31/REPORT.md,## Summary; ### Signature lifetimes are converted into region groups and parent relationships,"At Anneal's pinned 2026-05-31 Rust/Charon toolchain and Aeneas `nightly-2026.06.03`, lifetime information changes representation several times rather than disappearing at one compiler boundary.",Aeneas ac9f1bc5 + Charon a535e914 + Lean 4.30.0-rc2 + Charon Rust nightly-2026-05-31 where those layers are in this report,Aeneas 0855ce1b + Charon e435e5f3 + Lean 4.31.0 + Charon Rust nightly-2026-09-17; standalone Charon 2804f2d is separate,"P0,A7,C2,C1","The exact compatible Aeneas/Charon/Lean/Rust pins changed. Release asset/workflow source changed. Paired Charon selects Rust nightly-2026-09-17. Paired Charon AST/extraction source changed, including `ItemMeta.started_from`. No new fixture, package, or runtime result was observed.",yes_for_new_runtime_or_package_claim,"Inventory current release archive members, hashes, toolchain files and CLI help; then run one exact old/new offline smoke fixture in separate private roots.",Aeneas nightly-2026.09.30 macOS arm64 archive; paired Charon e435e5f; Rust nightly-2026-09-17 + rustc-dev/llvm-tools/rust-src/miri; Lean/Lake 4.31.0 for Lean output. OCaml/Dune only for library-API cells.,No newer Aeneas/Charon/Lean/Rust executable or package was run; source/release inspection only.,newer_version_recheck,Rust/Cargo/rustc nightly-2026-05-31,direct_or_full_bundle
R533,metadata_or_cohort,direct_or_full_bundle,reports/rust-llbc-lean-golden-and-aeneas-revision-probes-2026-09-28/REPORT.md,## Summary; ### Relation to deterministic-output probes,"A compact execution suite linked Rust fixture classes through Charon LLBC and Aeneas-generated Lean, and a paired-release comparison found the same baseline `Baseline.lean` bytes when each Aeneas release was used with its pinned Charon. The important constraint is that Aeneas June 1 accepts its Charon 0.1.208 pair and June 3 accepts Charon 0.1.210; cross-pairing fails the explicit version compatibility check. This is paired-bundle evidence, not an Aeneas-only comparison on identical LLBC input.",Aeneas ac9f1bc5 + Charon a535e914 + Lean 4.30.0-rc2 + Charon Rust nightly-2026-05-31 where those layers are in this report,Aeneas 0855ce1b + Charon e435e5f3 + Lean 4.31.0 + Charon Rust nightly-2026-09-17; standalone Charon 2804f2d is separate,"P0,A1,C1,A2,L1,A5,A7,C2","The exact compatible Aeneas/Charon/Lean/Rust pins changed. Current Aeneas source adds optional `-emit-json`/`translation.json` and still parses one LLBC file. Paired Charon AST/extraction source changed, including `ItemMeta.started_from`. Current source defaults to Lean module-system output. Aeneas backend selects Lean 4.31.0. Borrow/loop/closure translation source has targeted fixes. Release asset/workflow source changed. Paired Charon selects Rust nightly-2026-09-17. No new fixture, package, or runtime result was observed.",yes_for_new_runtime_or_package_claim,"Inventory current release archive members, hashes, toolchain files and CLI help; then run one exact old/new offline smoke fixture in separate private roots.",Aeneas nightly-2026.09.30 macOS arm64 archive; paired Charon e435e5f; Rust nightly-2026-09-17 + rustc-dev/llvm-tools/rust-src/miri; Lean/Lake 4.31.0 for Lean output. OCaml/Dune only for library-API cells.,No newer Aeneas/Charon/Lean/Rust executable or package was run; source/release inspection only.,prior_comparison,June 2026 Charon/Aeneas revision pairs (prior comparison),direct_or_full_bundle
R537,metadata_or_cohort,contextual,reports/rust-nightly-upgrade-checklist-nightly-2026-05-31/REPORT.md,"## Summary; ### 5. Treat MIR and LLBC behavior as part of the upgrade, not merely process compatibility","A Rust-nightly change in current Anneal is not an isolated compiler-version bump. The normal runtime Charon path is built around the Rust nightly required by the Charon revision pinned by Aeneas. At the examined baseline, Aeneas `nightly-2026.06.03` pins Charon `a535e914…`, and that Charon source embeds `nightly-2026-05-31`. Anneal separately hard-codes the same date in `anneal/flake.nix`, packages that Rust sysroot, and invokes the Aeneas-bundled Charon with `CHARON_TOOLCHAIN_IS_IN_PATH=1`. In that mode Charon trusts Anneal's `PATH` and dynamic-library environment; it does not compare the supplied rustc against its embedded channel.",Aeneas ac9f1bc5 + Charon a535e914 + Lean 4.30.0-rc2 + Charon Rust nightly-2026-05-31 where those layers are in this report,Aeneas 0855ce1b + Charon e435e5f3 + Lean 4.31.0 + Charon Rust nightly-2026-09-17; standalone Charon 2804f2d is separate,P0,"Aeneas is contextual to this report. The compatible bundle pins changed, but this inspection identifies no source-level change to its main claim. Aeneas runtime and package claims remain untested.",conditional_citation_only,No Aeneas replay for the main claim. Reinspect its cited Aeneas/Charon/Lean statement against current source; run the original component fixture only if that statement changes.,None for Aeneas source comparison; the main report’s own newer-version cohort may separately need its component tool.,No newer Aeneas/Charon/Lean/Rust executable or package was run; source/release inspection only.,newer_version_recheck,Rust/Cargo/rustc nightly-2026-05-31,context_only
R540,metadata_or_cohort,contextual,reports/rust-panic-unwind-abort-divergence-nightly-2026-05-31/REPORT.md,## Summary; ### `panic=abort` changes the MIR unwind graph through a required pass,"At `rust-lang/rust@14210df0e27ccd7d9e6a05b8085cbd438e4bbc65`, the Rust outcomes that all fail to return normally are not interchangeable. A computation can return normally, unwind, terminate the process, execute undefined behavior, or fail to terminate. Rust's type-level notion of divergence deliberately groups several of those possibilities: an expression of type `!` never completes normal execution, but that fact alone does not say whether it panics, aborts, loops forever, or otherwise cannot return.",Aeneas ac9f1bc5 + Charon a535e914 + Lean 4.30.0-rc2 + Charon Rust nightly-2026-05-31 where those layers are in this report,Aeneas 0855ce1b + Charon e435e5f3 + Lean 4.31.0 + Charon Rust nightly-2026-09-17; standalone Charon 2804f2d is separate,P0,"Aeneas is contextual to this report. The compatible bundle pins changed, but this inspection identifies no source-level change to its main claim. Aeneas runtime and package claims remain untested.",conditional_citation_only,No Aeneas replay for the main claim. Reinspect its cited Aeneas/Charon/Lean statement against current source; run the original component fixture only if that statement changes.,None for Aeneas source comparison; the main report’s own newer-version cohort may separately need its component tool.,No newer Aeneas/Charon/Lean/Rust executable or package was run; source/release inspection only.,newer_version_recheck,Rust/Cargo/rustc nightly-2026-05-31,context_only
R550,metadata_or_cohort,contextual,reports/rust-source-span-provenance-nightly-2026-05-31/REPORT.md,## Summary; ### Full macro provenance cannot be reconstructed from Charon span metadata alone,"At `rust-lang/rust@14210df0e27ccd7d9e6a05b8085cbd438e4bbc65`, a compiler `Span` carries two kinds of information that must not be conflated: a source location and a hygiene/expansion context. `SpanData` stores byte positions plus a `SyntaxContext`; the syntax context links to expansion data that records macro call sites, definition sites, transparency, macro identity, and nested expansion ancestry. The public procedural-macro API exposes the same separation directly: `resolved_at` changes name-resolution behavior without moving the source location, while `located_at` moves the source location without changing resolution behavior.",Aeneas ac9f1bc5 + Charon a535e914 + Lean 4.30.0-rc2 + Charon Rust nightly-2026-05-31 where those layers are in this report,Aeneas 0855ce1b + Charon e435e5f3 + Lean 4.31.0 + Charon Rust nightly-2026-09-17; standalone Charon 2804f2d is separate,P0,"Aeneas is contextual to this report. The compatible bundle pins changed, but this inspection identifies no source-level change to its main claim. Aeneas runtime and package claims remain untested.",conditional_citation_only,No Aeneas replay for the main claim. Reinspect its cited Aeneas/Charon/Lean statement against current source; run the original component fixture only if that statement changes.,None for Aeneas source comparison; the main report’s own newer-version cohort may separately need its component tool.,No newer Aeneas/Charon/Lean/Rust executable or package was run; source/release inspection only.,newer_version_recheck,Rust/Cargo/rustc nightly-2026-05-31,context_only
R563,metadata_or_cohort,paired_charon,reports/rustc-mir-before-charon-nightly-2026-05-31/REPORT.md,## Summary; ### Charon's rustc flags suppress major optimization-only unreachable propagation,"At the Charon revision pinned by Aeneas for Anneal's 2026-05-31 Rust toolchain, Charon does **not** consume a literal transcription of Rust source and does **not** normally consume rustc's optimized MIR for the current crate. Charon's default MIR level is `Promoted`; the `Aeneas` preset does not override that choice. For a local function, Charon therefore requests `tcx.mir_promoted`: MIR after THIR-to-MIR lowering, rustc's initial CFG simplification, constant promotion, and a second CFG simplification, but before borrow checking's post-analysis cleanup, drop elaboration, runtime lowering, and the main MIR optimization pipeline.",Aeneas ac9f1bc5 + Charon a535e914 + Lean 4.30.0-rc2 + Charon Rust nightly-2026-05-31 where those layers are in this report,Aeneas 0855ce1b + Charon e435e5f3 + Lean 4.31.0 + Charon Rust nightly-2026-09-17; standalone Charon 2804f2d is separate,"P0,C1,C2",The Aeneas-paired Charon revision changed LLBC AST/extraction source and rustc pin. No LLBC or downstream Aeneas output was produced on the new bundle.,yes_for_charon_cell_aeneas_downstream_conditional,Run the report’s exact minimal Cargo/Charon fixture with Charon e435e5f and Rust nightly-2026-09-17; compare decoded LLBC fields and stage result. Run Aeneas/Lean only if the report claims downstream translation.,"Charon e435e5f build or compatible archive; Rust nightly-2026-09-17 with rustc-dev, llvm-tools, rust-src, miri; Aeneas Sep release and Lean 4.31 only for downstream cells.",No newer Aeneas/Charon/Lean/Rust executable or package was run; source/release inspection only.,newer_version_recheck,Rust/Cargo/rustc nightly-2026-05-31,paired_component
R566,metadata_or_cohort,contextual,reports/salsa-rustc-query-granularity-2016-2026/REPORT.md,## Summary; ### rustc mechanism and history,"Salsa and rustc show why a fine-grained query graph can make repeated compiler work fast, but they also show the price of making that graph trustworthy. The useful unit is not “an item” by default. It is the smallest computation for which the host can give a stable key, expose every semantically relevant input through the query boundary, define result equality, and afford the retained dependency state. Red-green validation and projection queries then let unchanged results stop invalidation from spreading.",Aeneas ac9f1bc5 + Charon a535e914 + Lean 4.30.0-rc2 + Charon Rust nightly-2026-05-31 where those layers are in this report,Aeneas 0855ce1b + Charon e435e5f3 + Lean 4.31.0 + Charon Rust nightly-2026-09-17; standalone Charon 2804f2d is separate,P0,"Aeneas is contextual to this report. The compatible bundle pins changed, but this inspection identifies no source-level change to its main claim. Aeneas runtime and package claims remain untested.",conditional_citation_only,No Aeneas replay for the main claim. Reinspect its cited Aeneas/Charon/Lean statement against current source; run the original component fixture only if that statement changes.,None for Aeneas source comparison; the main report’s own newer-version cohort may separately need its component tool.,No newer Aeneas/Charon/Lean/Rust executable or package was run; source/release inspection only.,source_revision_recheck,Salsa a7f8c558 + rustc query docs 8ae6c255,context_only
R581,metadata_or_cohort,contextual,reports/zerocopy-rust-intrinsics-nightly-2026-05-31/REPORT.md,## Summary; ### Zerocopy has no direct unstable-intrinsics import boundary,"At `google/zerocopy@41f5b37afe7060fd9fe08c00b200672cd76d77b9`, the production `zerocopy` source does not import `core::intrinsics`, `std::intrinsics`, or the `rust-intrinsic` ABI directly. That absence does **not** mean that zerocopy avoids compiler intrinsics. Its unsafe and layout-sensitive code deliberately calls stable or semi-stable `core` APIs whose implementations at the Rust revision behind Anneal's pinned Charon toolchain lower directly to compiler intrinsics.",Aeneas ac9f1bc5 + Charon a535e914 + Lean 4.30.0-rc2 + Charon Rust nightly-2026-05-31 where those layers are in this report,Aeneas 0855ce1b + Charon e435e5f3 + Lean 4.31.0 + Charon Rust nightly-2026-09-17; standalone Charon 2804f2d is separate,P0,"Aeneas is contextual to this report. The compatible bundle pins changed, but this inspection identifies no source-level change to its main claim. Aeneas runtime and package claims remain untested.",conditional_citation_only,No Aeneas replay for the main claim. Reinspect its cited Aeneas/Charon/Lean statement against current source; run the original component fixture only if that statement changes.,None for Aeneas source comparison; the main report’s own newer-version cohort may separately need its component tool.,No newer Aeneas/Charon/Lean/Rust executable or package was run; source/release inspection only.,newer_version_recheck,Rust/Cargo/rustc nightly-2026-05-31,context_only
