repository,path,status,old_blob_sha,new_blob_sha
aeneas,.github/ISSUE_TEMPLATE/bug_report.md,added,,fa5cc46d24eea6cfb72deed3a4f8419c30183c41
aeneas,.github/ISSUE_TEMPLATE/config.yml,added,,d12a0231d0fb049c3bca2aa2769be5822861b30f
aeneas,.github/ISSUE_TEMPLATE/feature_request.md,added,,846eb54a06b79fbe7262551e93736a41856175d6
aeneas,.github/ISSUE_TEMPLATE/other.md,added,,123155257a402d30d04d7605cfccb6ac756fcc13
aeneas,.github/workflows/ci.yml,modified,81486e92e2b804876c04b5bab799e6ca1c7a2d99,c6c666f5a06f1619f19899c7b525b66d58891683
aeneas,.github/workflows/gh-pages.yml,modified,4b13c1a37b356146f87ab97881cb4e25ad8dd99c,c5c4ebc7da28097575c6dd2c61448fb47a0f3757
aeneas,.github/workflows/release.yml,modified,e248e9fdbecb3809f54ef58456db3faee448175f,321e8094a1d75bba70346cef47af736c35d3c476
aeneas,.github/workflows/select-runner.yml,added,,6ee43551fdc453d0a64c93d30ae99d2b3968f35c
aeneas,Makefile,modified,b547c69dd21e85de6a5eca44690cca6ba4d949d1,6fffed2d210577295a52cc8ace33131b4883d17d
aeneas,README.md,modified,f331650bd4291d27ba6cee736ce51cf31da9cac1,7326e8ea5223171dec810a0cb669b8683c48eddc
aeneas,backends/coq/Primitives.v,modified,afde98e4baf8ac4a963676e03863708bfc40abca,fcc56570e4d1e9c50a3837bb41ac4d22c0c909a4
aeneas,backends/fstar/Primitives.fst,modified,c76fab8c18bb0339bbb2279b7782f9261fe5d92b,0c208dbfe2f57cb94e55fc84b338e028c841c471
aeneas,backends/lean/Aeneas.lean,modified,6fc8d91f1d1fcead6971b6e0aad88eb889a6f370,45ba4ca89d0e056a52e6b7920d390718b5d253b4
aeneas,backends/lean/Aeneas/Command.lean,modified,dc50083d6aad72e0ccd9e2bc840b7fa296cae6c7,750416ad9182a2fee0f4cbfd60328e9a869f9f4e
aeneas,backends/lean/Aeneas/Command/Decompose.lean,modified,526a1d8e9cfb7bd756e3cab720e58ac649369846,7809b5b2558f7ddb69c124b09782d5da2412c231
aeneas,backends/lean/Aeneas/Command/Decompose/Tests.lean,modified,8e6f10626a58513a82eb324cba578090361e324d,628d049cf954dfeaf1faa0fa972ba78818955409
aeneas,backends/lean/Aeneas/Command/Decompose/TestsBig.lean,modified,fa24aab0d1aa2388d2e67110435b1a134c888795,dad6dacb4601e38e1fc60887cd7fc3d0561d7d17
aeneas,backends/lean/Aeneas/Command/Decompose/TestsRec.lean,modified,d30f0aa9aeec2e6918fd1d323b5cfad736079d54,0ac542bd46a74b7a8f31852acdc2535d21f17c5d
aeneas,backends/lean/Aeneas/Data.lean,modified,825cb5c009818b011433120a935c0b6beb0df8ef,3ed32d8fe937e7f69cfae7f5afbeb830c107ef82
aeneas,backends/lean/Aeneas/Data/Array.lean,modified,0930b95b8eabaf0145fc3f33c56ddf63fc6307f4,63938a02e8bda6324f393362e86de1ac6541e87b
aeneas,backends/lean/Aeneas/Data/BitVec.lean,modified,f7bc57109569cdd0fb0c3323021c73673dcfcd33,dfe5e51cff1a47ef30c05e53889f9d36c422600f
aeneas,backends/lean/Aeneas/Data/Byte.lean,modified,88e2aa7ac0672da09525d2b8be346b193ac13bea,2e2c15be23876374d3c6230c7a4b18e23fcfa44c
aeneas,backends/lean/Aeneas/Data/Coinductive/CoInd.lean,added,,73d8af22d105092e87adea667f710881c1522c33
aeneas,backends/lean/Aeneas/Data/Coinductive/Effect.lean,added,,0015e858c1ebd2a923435be811082fa655bf531f
aeneas,backends/lean/Aeneas/Data/Coinductive/ITree.lean,added,,0674c6ffafa146f91f7f1b8ced10428d2f148a25
aeneas,backends/lean/Aeneas/Data/Coinductive/LICENSE,added,,7128627fd883d117c3cecd7c98e63af1e9292a87
aeneas,backends/lean/Aeneas/Data/Coinductive/README,added,,d1aed87def13ad147771673797e4a10ba50c49ac
aeneas,backends/lean/Aeneas/Data/Discriminant.lean,modified,8a8b38f2bfa3d2e251392bad374e27aa6e656d3d,b7467d9ed86c1e3641913c557f933968ded3b032
aeneas,backends/lean/Aeneas/Data/Fin.lean,modified,649a61b43079893fc1a2bcc6a20cef8e032bb480,23bc91c82f790a1e7f01d26405052bb9b40cba1a
aeneas,backends/lean/Aeneas/Data/Int.lean,modified,53d7c58964025ca395c157e23f3524e330713d22,163df43af552940aaacb62417461fb268938848a
aeneas,backends/lean/Aeneas/Data/List.lean,modified,54754e95b82211ad1b79bb62c41a5c592859ec08,c17937f7b0992291d0cdbdbc3b88af36fdab5fdc
aeneas,backends/lean/Aeneas/Data/List/List.lean,modified,1a5a66ce3fcf1b90c25abe68bf6465e3b61f32fc,d08f6d5c615f8c28ca5ae9563cdc1a753685f9a8
aeneas,backends/lean/Aeneas/Data/ListN.lean,added,,13efd5aae70bddde2356dfff732b90d08e52a7cf
aeneas,backends/lean/Aeneas/Data/Nat.lean,modified,c7fb0494eef5caed9a46360dc85adc987a56adc7,df8844a94aa493ac2eab1aadb9beb0f239d0a1b4
aeneas,backends/lean/Aeneas/Data/Range.lean,modified,218c7244c7db39a985c67e614754d8d306aee79e,ce1632c78d7cd5dc3882fd4f01b76be86def0b43
aeneas,backends/lean/Aeneas/Data/Range/DivRange.lean,modified,6490b61b6b81e515cb3ed18a8ce81a0b8fa78ffb,36341f254a0fe70c4f771e589e03d942e03a2714
aeneas,backends/lean/Aeneas/Data/Range/DivRange/Basic.lean,modified,287f0dc8e722b7dd60309fe0da3a647cb1054bad,5317bca96199dc35a210d56603e20ade70d13f86
aeneas,backends/lean/Aeneas/Data/Range/DivRange/Lemmas.lean,modified,25c593cf8f10d934acadfee1ff7ab93ec05571a2,fb0f56efc85b3c43d725f000e4dc1732a6fff3fa
aeneas,backends/lean/Aeneas/Data/Range/DivRange/Notations.lean,modified,d40172d78ecd759f722941f4f68764d501f1f375,66642d6e48c16fc7268d185fae71264d8f847031
aeneas,backends/lean/Aeneas/Data/Range/Lemmas.lean,modified,85c62a91026998906df2b5d1e395575adfe83c3f,e0072288db8f26d3a86cac7cbb9f44caea14c64a
aeneas,backends/lean/Aeneas/Data/Range/MulRange.lean,modified,60a8c6aa214d79094bf8f47ebe6e0457b6176978,8e7b8297b9540d8eff5f91dfde7bf006b3f9704d
aeneas,backends/lean/Aeneas/Data/Range/MulRange/Basic.lean,modified,44b394d543bc54a29f6c2f0bb90b8fe1bb9255bf,67caf3748a403f9ef9be44c8de351513b2bbfb66
aeneas,backends/lean/Aeneas/Data/Range/MulRange/Lemmas.lean,modified,6ebb6446eef6678cfb3a10fdf1ff6aab024dff6e,54ea86a18f490432dccca922c3aeef9c8369dec9
aeneas,backends/lean/Aeneas/Data/Range/MulRange/Notations.lean,modified,e4efb7c46abbb22fe50c46b2a538096ede29c6ee,d1ed9359412f25c5b4fe0af564e04612afefc955
aeneas,backends/lean/Aeneas/Data/Range/Notations.lean,modified,1629f4c6e8f46784fc3f7464a2ffc2421b1d0898,6a0cf3c60e688c47237f48006f9bdd813c6b9e3c
aeneas,backends/lean/Aeneas/Data/Range/SRRange.lean,modified,cbb7fe788185f3002a17bc3f25aa421ba4190a7e,20eabd3d6aaa26a770e36db925b8f9aa27d0b6ee
aeneas,backends/lean/Aeneas/Data/Range/SRRange/Basic.lean,modified,d827e8a41d2178f11359c5ef14ce3989510e79ff,4dd834677c708ff294e36a2706debc9f75143b0b
aeneas,backends/lean/Aeneas/Data/Range/SRRange/Lemmas.lean,modified,db5bf61b841e390bc237727acadf21113e75f933,dad30fa5b32e8aa66fc03ab4c305a3523067d125
aeneas,backends/lean/Aeneas/Data/Range/SRRange/Notations.lean,modified,efb3c5bdcdccac12927ea21d599a0396043acbe0,b4228934cb750626dfed608611c28bc0adbf61d7
aeneas,backends/lean/Aeneas/Data/Tuples.lean,modified,be92328966b48f5e6d588de90cc9b95151b5c4ba,336235ce7ebcd813c3e859a8a004508de9f4db8b
aeneas,backends/lean/Aeneas/Data/Vector.lean,modified,42118e3bbee8a47689029fa325e6153adafea385,bf260fb315707acfb540d9bbb00f0074257de757
aeneas,backends/lean/Aeneas/Do.lean,modified,8cd4a8403eaf6e0cf70e944bbcbb74d34953d638,b304455e5bdcec4073ec7b15c4146e0e28a9c2f9
aeneas,backends/lean/Aeneas/Do/Delab.lean,modified,50e22ba33e0f51471c6ac75e0dc277e33c50b8a5,f777f7a1effd83f09b6420fb169d2598bd6a0a13
aeneas,backends/lean/Aeneas/Do/Elab.lean,modified,b29fa40b80904e558481a8ebf6f4f85ff58ffddb,e0beddcc33840b40985b7bf78222481d271a39a3
aeneas,backends/lean/Aeneas/Do/Tests.lean,modified,9b8a227ae6d561b5d4399d0740360be31318642d,f862de06269048547f22ed42d9ea573aeafa6e3f
aeneas,backends/lean/Aeneas/Extract.lean,modified,b8b88568546d9050c91158cec337cb2567e9b731,493c3770809ce365447b242df2e4411ab529452d
aeneas,backends/lean/Aeneas/Extract/Extract.lean,modified,377130a8db02017dd17af1096b025c3a17e63088,d922887ec355369413357219dd4df269dac2c659
aeneas,backends/lean/Aeneas/Std.lean,modified,565950fb36d3da1618a12866e0e5e3db2cc3be33,19e5d842450d4ed2df711a83b3b3c5a863f1f2a8
aeneas,backends/lean/Aeneas/Std/Alloc.lean,modified,e11492cd5ea472a4a0ea62fbb0f7dfbf66d30c23,9bc1bf8047d5e9f27f780b99d14dcb5fda01fa30
aeneas,backends/lean/Aeneas/Std/Array.lean,modified,d854befd147f3da1ac511ba3713a95d72480fd8f,ace0a7553441fd9dcab147df2036cffcd91f96f1
aeneas,backends/lean/Aeneas/Std/Array/Array.lean,modified,8ca6173c25dd470d6cef9957d42215c56f709d7c,4dabdf3be600abcfb3cf2dc64fc5b806bf91a377
aeneas,backends/lean/Aeneas/Std/Array/ArrayDebug.lean,added,,64492a6ee4273867c9d7d39b58cf6e2baff9b608
aeneas,backends/lean/Aeneas/Std/Array/ArraySlice.lean,modified,3f1aa504dcdfe72801d31d8e2bdea81ee0b1104e,0e9a6af018790e18f694b9af3f043748176d4ffb
aeneas,backends/lean/Aeneas/Std/Array/Core.lean,modified,9d2cdf0445652e7ce88940e116f84229e143f834,8232a1fc6671aa4763b76cb7f62504d9d80f2f39
aeneas,backends/lean/Aeneas/Std/Core.lean,modified,39b9f53408051447b11b67cd04854fe50493c369,70e42d66b93d9f2a67d398e8091f49c052e24ad5
aeneas,backends/lean/Aeneas/Std/Core/Atomic.lean,modified,d686f3154fe6da9c2b4c1d6694764a1005332958,e2f874341d25057f7b67ed60281827f69888f0fa
aeneas,backends/lean/Aeneas/Std/Core/Cmp.lean,modified,42c5cf7c5ee6dc6263c1e10843cc1c6cab9a4bf7,4bc2e4be549be8767aada60e08f39359b8e8782a
aeneas,backends/lean/Aeneas/Std/Core/Convert.lean,modified,84a973ea5a8bdc7f3ac8458ede9657df128a2b41,07cb492fa5da792bd7dc1c0efcafe666c9926d7c
aeneas,backends/lean/Aeneas/Std/Core/Core.lean,modified,54d65b9fda5dbca5746c1405b109e1163825404f,b93e6aa1407436afad4366d0549ed09a799c3b23
aeneas,backends/lean/Aeneas/Std/Core/CoreOption.lean,modified,5a22429d781bc63b6b64cb307c6ecfc5b3d162e0,3e10545580ecac899e0612fd1ab3b35ecb4283c6
aeneas,backends/lean/Aeneas/Std/Core/CoreResult.lean,added,,af1e613c0ff63cb35363176d4468206375826216
aeneas,backends/lean/Aeneas/Std/Core/Default.lean,modified,a4d55bc3bed04619cdab1e111cac2f1726186908,e449f34a176d56591a4f9dc216858a2f0ade5662
aeneas,backends/lean/Aeneas/Std/Core/Discriminant.lean,modified,cb8b0e383bbc00c26d9afa1b82f3e1e81ff98f3a,9f08db19eda060a0a5ac46107f59597295ea1b80
aeneas,backends/lean/Aeneas/Std/Core/Error.lean,modified,62d6350f9b701b99a2fe2937a80db25cd5ebd20b,a9b6052b3337140073d887311a926a4bbc13a076
aeneas,backends/lean/Aeneas/Std/Core/Fmt.lean,modified,0192e8acbb6d51c080abbc3a7addc61ecd24ec8e,1d167e1a26a8de35e3bb6816fd644fa7ab0b1471
aeneas,backends/lean/Aeneas/Std/Core/FmtWithSlice.lean,modified,c6cac0bc6c5dd64ab227eddf4dd705c8ab238408,64d18df51fbc95ea210d79e7948f97a25012c499
aeneas,backends/lean/Aeneas/Std/Core/Hash.lean,modified,21c79d10814108ff624f63a31eabdf04b16674b2,62e38c8ce4e3bc40a3a9974c12164deb80706736
aeneas,backends/lean/Aeneas/Std/Core/Iter.lean,modified,d9b4479602ec804bcd3cc5dea43fe172d95498be,2a25bf82aa89ffc41cc5f5b03763d74fc39ce3ca
aeneas,backends/lean/Aeneas/Std/Core/Marker.lean,modified,0888b0328f4766dad9049ecf65ebf848193eeb6f,845b6d180e4864efa0030778c7cf3c902a6947a5
aeneas,backends/lean/Aeneas/Std/Core/Ops.lean,modified,40ac140e2e037228620c37b1a0fa6ea64b37fec7,f93fe1ba7aec8fb4c507bb21672b31753a623fea
aeneas,backends/lean/Aeneas/Std/Core/Panic.lean,modified,9b68b34206d1df98cd2c2f9e11ab6667a3d1fbda,5291e23ba8ce5b17aaa0ce2d220c4274f071fb25
aeneas,backends/lean/Aeneas/Std/Core/Pin.lean,modified,6b9986ee9d37bb9d91cd4d4c313d58577d407f77,3fcc53330661517e5fcc9aae752c879577eb247e
aeneas,backends/lean/Aeneas/Std/Core/Ptr.lean,modified,d7207d7f1194f013979f70c6878493ae48306484,7e824e1ddd63ddb5a472426a08a398105b093bd0
aeneas,backends/lean/Aeneas/Std/Core/Result.lean,modified,e7cd9f5c74061bcbb54461b17ca21b37aa33bfb2,26eaa357c77532efe10be69732ffb98d4d4f06c1
aeneas,backends/lean/Aeneas/Std/Delab.lean,modified,2efc1cd10d95f1989a36e1cafeafd37dd211ef18,b8df08cac233ca737cf1badf5dfbe2d7f600b572
aeneas,backends/lean/Aeneas/Std/Global.lean,modified,a2922f2e64a4d2b4d22895643dbbd3bd5ea08ff2,52e111df8424cc3cba7aba04b5c78525233245aa
aeneas,backends/lean/Aeneas/Std/Primitives.lean,modified,bb730a91a4172fa5bd162f13c3e50bb8e9282b1f,b5cb07e5f19b9a5e1b39d373ca157ce5ae3627b3
aeneas,backends/lean/Aeneas/Std/PrimitivesLemmas.lean,modified,079f45dd31948ef32b5ce2abeed745653f29197f,035abd51738d43e383460f59ddbf54bc0b3251c8
aeneas,backends/lean/Aeneas/Std/Range.lean,modified,69f4b82688abbcdf0eb5867017bc2520d3de2d41,cc27ea739a139a6a264ef51d106105bedef326a4
aeneas,backends/lean/Aeneas/Std/RangeIter.lean,added,,04c647f60228e303d3b53eb0ccb188e099f1bd79
aeneas,backends/lean/Aeneas/Std/RawPtr.lean,modified,ebe8e092c58ef009a41af3048742914390f7610e,79de0729e3f3f755e10852c33de2d5f4e60f6124
aeneas,backends/lean/Aeneas/Std/Scalar.lean,modified,20b82839ecf04119bc4b06c8b0bab602597a7547,5c6f3879490025b9858ff1cf52acaea7b48f1230
aeneas,backends/lean/Aeneas/Std/Scalar/Bitwise.lean,modified,d3eb5022efc22d1d6c3ac055965f612c7f2fbca9,efde6d5a77fb190dd3496e6b357aaaf94be4a566
aeneas,backends/lean/Aeneas/Std/Scalar/BvComp.lean,modified,d95679d05838b66dbbcc2368876cad39b185807a,2dceb64e0d2a9c1e51778b3cc6abc26b42a35789
aeneas,backends/lean/Aeneas/Std/Scalar/Casts.lean,modified,c03ef150211dc3821f808028d383ced3cc1185cb,5047d34876b38b9c9443f4a906501e27dc58ac99
aeneas,backends/lean/Aeneas/Std/Scalar/CheckedOps.lean,modified,a33a03f72577ccf6682d146f374dda2554381d12,c782654393fbe07f7747d8d52cbf3b7a56f40163
aeneas,backends/lean/Aeneas/Std/Scalar/CheckedOps/Add.lean,modified,8bf6c9a9dedd9bce920067679b0763181c95c179,c89c78dac53759073d7e6fd6545cef4de39f5e22
aeneas,backends/lean/Aeneas/Std/Scalar/CheckedOps/Div.lean,modified,eb367b327582fba1e5d80d768a55642529242a1b,78005628b3a37d9dd196f1895faf0832e6a0096a
aeneas,backends/lean/Aeneas/Std/Scalar/CheckedOps/Mul.lean,modified,45988ed41a24906c01ef95735075579f060a8eca,2203a735b08fbdb3738f4e0dd103c93cc31777a4
aeneas,backends/lean/Aeneas/Std/Scalar/CheckedOps/Rem.lean,modified,a2717ad5146948734196f32b8647eb757b6051e5,a6867998e82e482fe456fb3bf9871c3d68a2c6f4
aeneas,backends/lean/Aeneas/Std/Scalar/CheckedOps/Sub.lean,modified,8e7a316fcb44acd294ab0e69346f1bec40044f81,2b3edc1a3ea3695ac0f30830c0b2ec3350943853
aeneas,backends/lean/Aeneas/Std/Scalar/CloneCopy.lean,modified,da58fafc66d8227e86713b6dc8d0885affa7f5f5,62997afc2115eeda0bfbbcbc3173542cbce44c7f
aeneas,backends/lean/Aeneas/Std/Scalar/Core.lean,modified,f8582928fe49a0ce75e143b46bb0a8826d7fddae,e066fff573f3bc51b18c26a8c770c79ea67b7173
aeneas,backends/lean/Aeneas/Std/Scalar/CoreConvertNum.lean,modified,c4b47a80c772e6d92c0a8d09ee37e5f80beebf2b,91b4d1d7b6dd64c2fe3273e72603238654233932
aeneas,backends/lean/Aeneas/Std/Scalar/Default.lean,modified,c1eb33b2ed2605a12d1668c414bab7f6d4259915,94392c65385da292e2cf0f20f89944518bb5d98b
aeneas,backends/lean/Aeneas/Std/Scalar/Display.lean,modified,952ea4e3e57eae08a91aa0a580b39687c0affabb,9a840960a6789efe2fedabab5a6eb70680406a39
aeneas,backends/lean/Aeneas/Std/Scalar/Elab.lean,modified,b594ced139359e437745fa745b056240c3becdba,e210727a3eed3ee555bdd04dc93e10fd64cec76f
aeneas,backends/lean/Aeneas/Std/Scalar/EqOrd.lean,modified,fe4caa7f2d6ffcbf7c584d4312e28ecd494db289,e12ea7d4360916cdd1ed558f3041d13b21f41c65
aeneas,backends/lean/Aeneas/Std/Scalar/Fmt.lean,modified,c856f6b470962e255861bde94762dc593e1eaff6,90d14f0f9f65b1e7bb3ed3810bc867d13a80b189
aeneas,backends/lean/Aeneas/Std/Scalar/LeadingZeros.lean,modified,2fc31d0ed0ae7c8b590c60c914c689219a2379b3,ad4543802d5f7d2550e31d535fd2d27327ac88df
aeneas,backends/lean/Aeneas/Std/Scalar/Misc.lean,modified,e39496764a2b12b4fd96604af672d60b082010ee,de0360e5076e8dbea30a2df369a132e269e34fb4
aeneas,backends/lean/Aeneas/Std/Scalar/Notations.lean,modified,f8b068e3e8230545e2e2da74547cf339102ba188,f0d0d152d352e8975bd1a1a5ea89df7a56f73a96
aeneas,backends/lean/Aeneas/Std/Scalar/Ops.lean,modified,5cc473da030bbd2ac55fa35b4cce0fc5c825cbe9,9e34259bc4fd24f6547db1672065c7d6cb8afaa8
aeneas,backends/lean/Aeneas/Std/Scalar/Ops/Add.lean,modified,a4e909a1c4d07b233bd8a82bc668f84533ce5ccd,ba4fc07e68d8db5d2ee5b466e4dedbff0740ddc0
aeneas,backends/lean/Aeneas/Std/Scalar/Ops/Div.lean,modified,44a7301938bf127025b9527b6b7a4ce8bc616c80,7a99c7e89c5778956ec4d4d2c62b8f5326dcc7e4
aeneas,backends/lean/Aeneas/Std/Scalar/Ops/Mul.lean,modified,fc1ab6f6197fc32372c15996abb79019b157bfd9,6356d0e86c90d50c3da80103b9608355f0ca52f2
aeneas,backends/lean/Aeneas/Std/Scalar/Ops/Neg.lean,modified,6b72d5ada1edbe902c354b188be665886965a562,508439e424e80980313d9a6daa8b0945a2072359
aeneas,backends/lean/Aeneas/Std/Scalar/Ops/Rem.lean,modified,460262a56c6db26042df0564b0969ebfec759286,095b46f5d83e5a6a0f7f48725c42f2d6edd278b7
aeneas,backends/lean/Aeneas/Std/Scalar/Ops/Sub.lean,modified,060181a6c6c504735a5e539b69d477d670d95793,92eb798b64ac33c23d2372183cc504eef047efa0
aeneas,backends/lean/Aeneas/Std/Scalar/OverflowingOps.lean,modified,76389133274a7458f150c3491764c16e3223dc0e,eda072f3a2209f58b5a289104ef9bcaab2cbcc0c
aeneas,backends/lean/Aeneas/Std/Scalar/OverflowingOps/Add.lean,modified,b872aaf41664ee6446feffbf700fb0b7419f2e07,37effc07d16127ba445537108497bf87f4bbd380
aeneas,backends/lean/Aeneas/Std/Scalar/OverflowingOps/Div.lean,modified,6119bd94b7dbe5b5f627d591bbb04b3208c680a0,a65f66848aa66d2443744ccfae61d3e45f6864c7
aeneas,backends/lean/Aeneas/Std/Scalar/OverflowingOps/Mul.lean,modified,0f4b6be2d8ba2beafa35883ae45c3d4c8f1a4381,725333733b961486f59a6494ffaa73727822c543
aeneas,backends/lean/Aeneas/Std/Scalar/OverflowingOps/Sub.lean,modified,db4ed5990bdc649a00282ea8860ca25ef4ef0e0b,577626490e93fe819dfdcba7b8a6ca4b67dd443a
aeneas,backends/lean/Aeneas/Std/Scalar/Pow.lean,modified,3e48e8b50146916a37fe027a4a5e5710fac7ed7d,d5fc0747ca64cd64856a3fd69906b7f58edac005
aeneas,backends/lean/Aeneas/Std/Scalar/Rotate.lean,modified,398dc2009fa1071dd05027daa07d110ff964e9ca,8c2c82dc600111ee48e229aa06db68080b26b64a
aeneas,backends/lean/Aeneas/Std/Scalar/SaturatingOps.lean,modified,e0bd93daccd893f96e8f9849a7d23baf5d2e73cb,fad4eed08e31022d318cd7781cead4723b063655
aeneas,backends/lean/Aeneas/Std/Scalar/WrappingOps.lean,modified,3dfb5f1b34784cbfc857278f463072e8dddfc951,2be4d0f3cafe4b773e8c3b99fdbb6bce63efaab7
aeneas,backends/lean/Aeneas/Std/Scalar/WrappingOps/Add.lean,modified,2b051daaf22f86356bb88b53e78f453216908ae6,92c6d3a4f466bd997858e4433aff7b5051bbf4d0
aeneas,backends/lean/Aeneas/Std/Scalar/WrappingOps/Mul.lean,modified,3aacdb0a14355f370b64a7995a49c1bea3d925ae,9dbe7a7c933e41725590fd33d773a2ede668df8a
aeneas,backends/lean/Aeneas/Std/Scalar/WrappingOps/Shl.lean,modified,b3e9fec1d571c17c1699ed331ad6352c3e6b3935,720a29a35df5ae020695b7dd52fd4661aca3bc30
aeneas,backends/lean/Aeneas/Std/Scalar/WrappingOps/Shr.lean,modified,0211b82df171fc859fba65f55966dc153310feeb,0149e989fd182f3236738404e54ffac042d5bb75
aeneas,backends/lean/Aeneas/Std/Scalar/WrappingOps/Sub.lean,modified,37397ef7487b73ed84ad8d32a227974e5e0289a3,8d016d4b588dcedd0d9d204b494c63c83bc43a15
aeneas,backends/lean/Aeneas/Std/Slice.lean,modified,cab42e4f6ab768e97df8f5d3d9a5de73079a785c,b3cb9f36456165f6a68086bf68b3623e15d9ae93
aeneas,backends/lean/Aeneas/Std/SliceDef.lean,added,,815690948dd4a6649d0749a5fcc5dd5df567ce69
aeneas,backends/lean/Aeneas/Std/SliceIter.lean,modified,877170a000373a4745ea8ff59505d4769e8faf5b,a8d54805969939356ab08c82957838cb388f39d6
aeneas,backends/lean/Aeneas/Std/Spec.lean,added,,84f7f99e38b530629bbd2cd0e0fa486d57918211
aeneas,backends/lean/Aeneas/Std/Std.lean,modified,eb8a13f68f2494efc858ac0fffffde4da43cbf9b,ea50d934e0d10d4f9d29e98ba70521138bd093af
aeneas,backends/lean/Aeneas/Std/Std/Io.lean,modified,c32f89b32297e472aa0128509b572e76cf72a523,39d4e03fe4243bc9bfcf7a42b45ecb3b5266d40e
aeneas,backends/lean/Aeneas/Std/String.lean,modified,d9877769663edf1aa9728843736351006969b076,548ab2e00cded1d34fec72d7052627b4ded183be
aeneas,backends/lean/Aeneas/Std/StringDef.lean,added,,57ecbc0393b8b6a3a6f9afb4d39934a8d1cb6ebf
aeneas,backends/lean/Aeneas/Std/StringIter.lean,modified,775bb710a3deadf499318e7d83a0a48fc07fe308,98d0b08d6caa2a861f120915c399ca5c76e87df0
aeneas,backends/lean/Aeneas/Std/Target.lean,added,,2ed084207c82fdff39c81b8912e1377a17223c82
aeneas,backends/lean/Aeneas/Std/Vec.lean,modified,2ca7c7f2041b7f902822b288f6f8a42ea4102cea,32b4d4f48f3f1ef19ea836b13912db9869596e70
aeneas,backends/lean/Aeneas/Std/VecIter.lean,modified,97e9394e841808a109bd7f525db76b0444753fc8,64a6575e62ccfafcaa8f6c2623c08325cdb09869
aeneas,backends/lean/Aeneas/Std/WP.lean,modified,018c456bcab5374de0b09b17eda0df1a48e2288b,5ae648343c53f1feb291613fc2abe2668da10d03
aeneas,backends/lean/Aeneas/Tactic.lean,modified,fc7a52a9fa77b762628de83a685f31cd0e98a273,5bf51f50c3b330341a1738214683a4ead36d2c62
aeneas,backends/lean/Aeneas/Tactic/Conv.lean,modified,099667ddad9de64af1f0835ab1d42b2d8ccde86a,a674d97757e0e23287161c81c056b87ffd0a72d4
aeneas,backends/lean/Aeneas/Tactic/Conv/Bvify.lean,modified,17f56b714b82175d16f42da4300987f51d6f5eb1,9b8228af7412be680c0fefaa15f625919332cb50
aeneas,backends/lean/Aeneas/Tactic/Conv/Bvify/Bvify.lean,modified,9f8233c24e60d571b539ca0377b0dbc5e9ba0b39,ecb6e7a2a61f77f93fa2617c5e8d9e50bc18f4dc
aeneas,backends/lean/Aeneas/Tactic/Conv/Bvify/Init.lean,modified,12a6990216b171f7d6306d3ce71335ac016f0dd9,23e523eb78c5678941256f3280c5e0c30158d7d4
aeneas,backends/lean/Aeneas/Tactic/Conv/Bvify/Lemmas.lean,modified,484328360dc99e83f59243f534369c79a09d730e,c1db76d6c4f3a1467e43623cad70b00a7e53e337
aeneas,backends/lean/Aeneas/Tactic/Conv/Bvify/Tests.lean,modified,0b0fd0afcd87079609a29edc00bdfa64850ac5ad,4754cf34b97edc0572cb211d0b312bbca135dc4c
aeneas,backends/lean/Aeneas/Tactic/Conv/Natify.lean,modified,75abc336d9f8acd035df1655253fc13c96773a56,6ce50c1a9390a6d4123d8eb64bfd708480558f36
aeneas,backends/lean/Aeneas/Tactic/Conv/Natify/Init.lean,modified,ddf8f552c3018e90477cb3041bbbf2e8641dc202,c275ddb183442df46b8c551b551ed63003e383b0
aeneas,backends/lean/Aeneas/Tactic/Conv/Natify/Natify.lean,modified,c67eafb2801887758b2e5493712bfde62cbf3726,35437736c357599e889333d184dff7d26863bc3c
aeneas,backends/lean/Aeneas/Tactic/Conv/ZModify.lean,modified,3000dabe0cee0bc08f9c4d55672228e665fd2cba,e354ecb33db895e042e68f7383be2f34bf6675f8
aeneas,backends/lean/Aeneas/Tactic/Conv/ZModify/Init.lean,modified,c4d331f46c2ab0fcd1e443a0155fedb2afccb5ba,01e275fec8083a6bc4fdf28dcf1ba3bf4070816a
aeneas,backends/lean/Aeneas/Tactic/Conv/ZModify/ZModify.lean,modified,d4847fc4cdcb882b655b51851948fe167fda056f,7b882bd597db4fa274d67c77bff6b0e28d7528ca
aeneas,backends/lean/Aeneas/Tactic/Conv/Zify.lean,modified,70887492531b349ff0fffa5d1d850de295b17073,e2d437b08def2003edf3ad5595bad8b036f6ac09
aeneas,backends/lean/Aeneas/Tactic/Elab.lean,modified,7c2d0b259a31ee5a525c6eb8693bbcf36f50df95,c056a906b2cb85fe075cb9f2a5c2e048063640de
aeneas,backends/lean/Aeneas/Tactic/Elab/TraitDefault.lean,modified,a3c1309bc321b40afba4f7680aab9d5a4e2c07d8,a976559d9ff9c918c27b691a03f1a7992e5b141d
aeneas,backends/lean/Aeneas/Tactic/Elab/TraitDefault/Init.lean,modified,67ea7400f4a882a535ef495f1870065f4247304f,cd82fa8e2cd5e5b0c41d343017ae85d2fa912c7e
aeneas,backends/lean/Aeneas/Tactic/Elab/TraitDefault/Test.lean,modified,81a2b4d724114ca51a78b1b59ca1bfc39c8117b8,35226651086321d27aa3b80fda4d051325d4e9c6
aeneas,backends/lean/Aeneas/Tactic/Misc.lean,modified,3d41c4de9f9fc29070743ae74e40012c12cbd0ba,e3f488553ff9f5048b7368631211fdc7e31a748d
aeneas,backends/lean/Aeneas/Tactic/Misc/FApplyExact.lean,added,,d676c6e222decb94078c3b9980098e21786184a0
aeneas,backends/lean/Aeneas/Tactic/Misc/FCongr.lean,modified,1df3c68e2d4f13463b9d431b602cb5f3a1426656,43707aedffb62f13f1d723dccb4b94454297cd97
aeneas,backends/lean/Aeneas/Tactic/Misc/FCongr/FCongr.lean,modified,0fbb5aed81f56d3ac43e40a1a1f7d97b356d2b5c,a8719bf8a6d8956ccd5e00681de679dd250e79ae
aeneas,backends/lean/Aeneas/Tactic/Misc/Let.lean,modified,c9884135bb2da63e5f8e30ba3eb92c0c6e1a57a8,6fcee18d8808f3d1956c5b7d272cf9c7ae119812
aeneas,backends/lean/Aeneas/Tactic/Misc/Let/Let.lean,modified,4c363fa2080039772f10cd2917f9830a5b6c2028,10d3951ec28a4ea524806f9c3fc7a4b4b952845c
aeneas,backends/lean/Aeneas/Tactic/RustAttributes.lean,modified,0ae77372d43724b42a47dbaa69bb687eb61c788c,1f10841209087160edaf9c707dc02d908a0579a2
aeneas,backends/lean/Aeneas/Tactic/Setup.lean,modified,96752bcbb186663eeacb203d236eabcba1c0dd31,c1b4cb02e3ef2fdad3c1f955686fe66af5506fac
aeneas,backends/lean/Aeneas/Tactic/Simp.lean,modified,7d220579e81c16fef56efc98a01dc3770abf9518,aadca546debaa157530966d4131bc4150aa5412b
aeneas,backends/lean/Aeneas/Tactic/Simp/RingEqNF.lean,modified,e296fdf868500ff6e6cc74fe3f44d2c7ec01bfbc,c0b2ee747232aacb5be112ccb30e03904766b3ff
aeneas,backends/lean/Aeneas/Tactic/Simp/RingEqNF/Tactic.lean,modified,70d0abeb94b5c7ed491656e07277f4735e88211a,7e007be76cd8844932f18f97c911772147b87c2b
aeneas,backends/lean/Aeneas/Tactic/Simp/RingEqNF/Tests.lean,modified,6e18b48eef1b14de8eec0ec9d7d57e02897ed501,884df4d8010e6eed7a09e077384141ea962bd36b
aeneas,backends/lean/Aeneas/Tactic/Simp/SimpBoolProp.lean,modified,7a338703ce8fdd90d4ff2bcdf08a3d244635da4f,33fee64d19723215a86d731bcdfcf59ce05a9cf2
aeneas,backends/lean/Aeneas/Tactic/Simp/SimpBoolProp/Init.lean,modified,f654f8693d43f544981d9e57ce1e0a45d0b090ac,db49b31b9041f0a1aa23adc391948e1493209b55
aeneas,backends/lean/Aeneas/Tactic/Simp/SimpBoolProp/SimpBoolProp.lean,modified,cd51d5427bd3a5b1faa5290efb23d0561b66da75,cbfb10e3c89a6a459d20a605367feacefad13577
aeneas,backends/lean/Aeneas/Tactic/Simp/SimpIfs.lean,modified,7a338703ce8fdd90d4ff2bcdf08a3d244635da4f,33fee64d19723215a86d731bcdfcf59ce05a9cf2
aeneas,backends/lean/Aeneas/Tactic/Simp/SimpIfs/Init.lean,modified,fbb6d424e2f879bd94c63df61a5c7d677ef4b791,334f9f9faa947687140c4fce5421131de66974fd
aeneas,backends/lean/Aeneas/Tactic/Simp/SimpIfs/SimpIfs.lean,modified,25333b8bd7ece6a0d5307a65f335bac699258c6f,73858f8c79611806924f3e89088deab326c6e358
aeneas,backends/lean/Aeneas/Tactic/Simp/SimpLemmas.lean,modified,7723733ac3ea7ebf4e5b1292ae4a6506f1f15319,190c54594c594e3621b7d18b18d97a4116cdd8e3
aeneas,backends/lean/Aeneas/Tactic/Simp/SimpLists.lean,modified,0a4c8525768d8d35262629c9a6747f3a1c19eed6,4b3ce40f5fb2e2ebc66680fa6dee2afc88ae0d5b
aeneas,backends/lean/Aeneas/Tactic/Simp/SimpLists/Init.lean,modified,8fe26066e0beaee64ae1b650f099888b515cd2a3,2541067582397c7ffbeb6de018cb3ae2a0247d58
aeneas,backends/lean/Aeneas/Tactic/Simp/SimpLists/SimpLists.lean,modified,ed6699f5cc5bf30e2599c40d3e31c2a9cb08d791,138e7fee8a09ee87c1a87438848c49c02a38e0f5
aeneas,backends/lean/Aeneas/Tactic/Simp/SimpLists/Tests.lean,modified,bdff74b39754c9a2f11dbb578025980db9e5af9f,f638d417d4c5d6aed4e3c73acdafc85b0e27d87a
aeneas,backends/lean/Aeneas/Tactic/Simp/SimpListsScalar.lean,modified,fab81a2623bc6fe0b393f1f5e38ec39defad3876,e23f3ebc67b9a809643ded92939cdc60469b938f
aeneas,backends/lean/Aeneas/Tactic/Simp/SimpScalar.lean,modified,5b74adc5a22728a45b440c11a9d8df5bcc9f5dba,67fec18a55d198667ce3ca3338d6b863ac9c48ab
aeneas,backends/lean/Aeneas/Tactic/Simp/SimpScalar/Init.lean,modified,6931828b1c8dc8364e86abcb379f7fe2b42ae816,9f4393beca189ff05c3de3c2b52e252d3ec61a5d
aeneas,backends/lean/Aeneas/Tactic/Simp/SimpScalar/Lemmas.lean,modified,b8e88f9213fddf5384af70ee9812e2583a2aff05,f121a17b2e613ee7843c68dc6fb2385dd3d0d91e
aeneas,backends/lean/Aeneas/Tactic/Simp/SimpScalar/SimpScalar.lean,modified,9d89458e4458fde8adecc84535fb436a6905069d,275e00f37002a694574edc9fc1c58419dfaa47fa
aeneas,backends/lean/Aeneas/Tactic/Simp/SimpScalar/Tests.lean,modified,ed5c8e96b29f1a99918d63154a4495073cba79ba,302966bbe1859b5b9255714b55188fc5a52f34e7
aeneas,backends/lean/Aeneas/Tactic/Simproc.lean,modified,7a0fef770468543df7c810b309e0e73a5c1be99d,a1b5ab08d3fdbe897b3c054e37941bb496360c24
aeneas,backends/lean/Aeneas/Tactic/Simproc/BvSimprocs.lean,modified,bec9ee42aa44f7a88a385cc05f2d8c280b2d9454,a0ed16814f00ea6b3fd5c02509c34971e08332d9
aeneas,backends/lean/Aeneas/Tactic/Simproc/ReduceFin.lean,modified,39b7e8d59955e7d02a9667479225eb2c86ceec20,f74a1f37e7459bb3db5c0d3be0095123b00d85a1
aeneas,backends/lean/Aeneas/Tactic/Simproc/ReduceFin/Init.lean,modified,62618b5476b4f4d4db084b151e4e2b8ce9a95ccf,d91a2b937b7193fe95fb4c4659741144301efab4
aeneas,backends/lean/Aeneas/Tactic/Simproc/ReduceFin/ReduceFin.lean,modified,752b5ef528198042656fe954ccbc4aff444ed1a0,a758d8b89d941094093543e80ab9db198ff7596b
aeneas,backends/lean/Aeneas/Tactic/Simproc/ReduceNat.lean,modified,4214f4c6b4c407d0d8276439723e369bf382e2b6,d64cb30a4f6d0a8281418ac88d4a937b1a76bb39
aeneas,backends/lean/Aeneas/Tactic/Simproc/ReduceZMod.lean,modified,89f8065fb310ad9348787bd322a093c969727448,06b22289be2393cb3fa622b4ae61e376121c7f8a
aeneas,backends/lean/Aeneas/Tactic/Simproc/ReduceZMod/Init.lean,modified,181550bda1d63d7443fc06d84adb7c8c01d1b533,f811bd3975b1d9cb341782d9d2c34f4dc23552ff
aeneas,backends/lean/Aeneas/Tactic/Simproc/ReduceZMod/ReduceZMod.lean,modified,4e63f80b2f467181cf783ccfe65e153d8c354344,c8ec82cf8df5983d84c657c9b03ede7f356373ed
aeneas,backends/lean/Aeneas/Tactic/Solver.lean,modified,18d80fd2a8deb64f06a993e0ea6a498784c8a6c9,decb6fbce4ba194c6050ec35123e317908ede24b
aeneas,backends/lean/Aeneas/Tactic/Solver/Arith.lean,modified,42010f12afceb631a8bc611c8998dba1a786dcfa,48155cba8484fdd4eece40297c7d1212f7390680
aeneas,backends/lean/Aeneas/Tactic/Solver/Arith/Lemmas.lean,modified,f55a0301b59937123d301e3472c5f640d8975c70,b918c1c1e000c522e10245e0fd0f9b8dff24f7ad
aeneas,backends/lean/Aeneas/Tactic/Solver/BvTac.lean,modified,8ee13a48d7d88d05662b72632d4b024b44bf1129,a67b82f9588f9a7feaaa85e70ef58ae1550c4f3f
aeneas,backends/lean/Aeneas/Tactic/Solver/BvTac/BvTac.lean,modified,65d1fca3967700632483cb846def9ea457a528a6,4f24de479ced70125dfcfaf9129d38c99b048268
aeneas,backends/lean/Aeneas/Tactic/Solver/BvTac/Init.lean,modified,76e1b3ea25d547a572aa61e3d0ee0cb0267b9e49,15255b313c1d4f8fefcc16f8cf1dcf3846dd6ff1
aeneas,backends/lean/Aeneas/Tactic/Solver/BvTac/Lemmas.lean,modified,b7cf133035be82dc206c78b6b6d59b64740222e2,119f7add734c3342ff9109d95f42893e9da80a69
aeneas,backends/lean/Aeneas/Tactic/Solver/BvTac/Tests.lean,modified,138fab2e4d0395b0215d9a18157795b0f2fd7873,be09033999a8bffe6582cc515b1ef954204508ce
aeneas,backends/lean/Aeneas/Tactic/Solver/Grind.lean,modified,f1c9adef5044e6771bb2f918e1add6c1c979c0cd,3b4a756e779822e46abee42885a6e8fb4afb0a44
aeneas,backends/lean/Aeneas/Tactic/Solver/Grind/Attribute.lean,modified,fd2042f778a7097ad5eab616ed93e97a7ff408a0,78bf8b7c96a5627f098312da11add08598beeaf1
aeneas,backends/lean/Aeneas/Tactic/Solver/Grind/Init.lean,modified,354029e6aa4711aadf8ef597dd3b0c4f2cd2758a,3b5e5373feca3bf8ed01a4f25796f8019f822c84
aeneas,backends/lean/Aeneas/Tactic/Solver/Grind/Tests.lean,added,,f70dded4cac260832899754ec5a930fe918e2618
aeneas,backends/lean/Aeneas/Tactic/Solver/ScalarDecrTac.lean,modified,878bb3b4262bf85ba4cdeaf66b0b0aa5ecc1b573,b1bf7c07947d59fb6c0eecfd99d8008a65963c46
aeneas,backends/lean/Aeneas/Tactic/Solver/ScalarTac.lean,modified,38a7226fa67bdef3002f6d5bbc7a19e5d1dd4141,36ce2c453fc4af52946103dfd07d77ae02e96156
aeneas,backends/lean/Aeneas/Tactic/Solver/ScalarTac/CondSimpTac.lean,modified,5514a46fd84b23a08b4258aa54b592aa11d28d35,b496f387b51920b49c449bcf750d5cb9ad5dea82
aeneas,backends/lean/Aeneas/Tactic/Solver/ScalarTac/Core.lean,modified,8da79eaf0a5b10d39245361110bd636b426e44c2,3c9aa2d8f14e4d292cf5af3dfb1f1685a934e51b
aeneas,backends/lean/Aeneas/Tactic/Solver/ScalarTac/Init.lean,modified,df9e4e4e94164acf34c85aa4649a32fe3cdc51d8,82439e27c5803fa823d2459a7528abea3fa04215
aeneas,backends/lean/Aeneas/Tactic/Solver/ScalarTac/Lemmas.lean,modified,11350f1077c014be16320df26724cff9d49791c3,1431c3ea1da58298d637b700204032fa2c08ebd1
aeneas,backends/lean/Aeneas/Tactic/Solver/ScalarTac/ScalarTac.lean,modified,e3946a0e6d59050c71f5715ecb291b0c219562ec,ed592ea02e900e9f8f7c7ae3b37b1be956ecf4ad
aeneas,backends/lean/Aeneas/Tactic/Solver/ScalarTac/Tests.lean,modified,23b49907bb19e32376b3982fd869408a462ea092,1338a2b61892177f7570a61345e75f8055ec19c7
aeneas,backends/lean/Aeneas/Tactic/Step.lean,modified,785da8dcbc4ae17a3d80d503f17fe6099bc9f4d3,f38c94efe800ef5cae5a3cebcd0c438caa4ec1f8
aeneas,backends/lean/Aeneas/Tactic/Step/Deprecated.lean,modified,7808c2a941ba4f45b19c3a6f407d9c3873fc9eee,12557027ff202ae3b796ea98154f413cb795caba
aeneas,backends/lean/Aeneas/Tactic/Step/DspecInduction.lean,added,,e6ec1c0439185a679233464bde17d74ca123ea26
aeneas,backends/lean/Aeneas/Tactic/Step/GrindState.lean,modified,73c918d99f0c820482190f47d06adf1f243a37f8,14e35f9e051fbd0c0ddd7aa0dda889d393c3df8e
aeneas,backends/lean/Aeneas/Tactic/Step/InferPost.lean,modified,1de2fa4219832273f750b82abf3118c006aeeab6,3ce7ad7368ddd767ea2107cd1ce07395a6f6d73d
aeneas,backends/lean/Aeneas/Tactic/Step/Init.lean,modified,afaa4f2243a4d6bfcf08b36eff282886ed175ef2,072f07bafccbb564273150c3d2726fd69f36bc3a
aeneas,backends/lean/Aeneas/Tactic/Step/Step.lean,modified,7939a977951e96143cda58b27094db0274c89ed2,039f3f9c55791363d98922960375e56eb2dbb20a
aeneas,backends/lean/Aeneas/Tactic/Step/StepArraySpec.lean,modified,715196f73527376cbf48da7ddbd40bbbec43bb03,251e9637669f6291a81cf46a0a83b64349a7623e
aeneas,backends/lean/Aeneas/Tactic/Step/StepStar.lean,modified,710371a5675e053ce59c0d961ab5465ff0633738,5f01b63af9cad16a247f48f9363cbe1fd9b360a8
aeneas,backends/lean/Aeneas/Tactic/Step/Tests.lean,modified,f5003b29ead1ed679b8328fe37a8d670a006dac0,3c6bbeb43d5ba9f4ecf4053751304453b8bc89a8
aeneas,backends/lean/Aeneas/Tactic/Step/Tests/Coin.lean,added,,4d314b62eecd21c202abd198325d7a01effe2cfb
aeneas,backends/lean/Aeneas/Tactic/Step/Tests/DspecInduction.lean,added,,c08a37d1cc7ff2813859f55bbb53df4abbfee0e3
aeneas,backends/lean/Aeneas/Tactic/Step/Tests/HigherOrder.lean,modified,fb4e60f155c8713960212818f9ba51b51698e4ac,40fc5ea46c01cad6264247fb37c388be0b46a454
aeneas,backends/lean/Aeneas/Tactic/Step/Tests/IntroOutputs.lean,added,,775b645db6de91b886255412710f918e2e2cbfda
aeneas,backends/lean/Aeneas/Tactic/Step/Tests/MaxRecDepthMetavar.lean,added,,68a38dc512197b4428b772f198fc4bb92a83794a
aeneas,backends/lean/Aeneas/Tactic/Step/Tests/MvcgenSpec.lean,added,,14196a64bc4ef57a209e14e3f7f1daaf00f7e824
aeneas,backends/lean/Aeneas/Tactic/Step/Tests/SpecParameters.lean,added,,cdf852c7ed130b503adef7d9e999f63e4f7636c5
aeneas,backends/lean/Aeneas/Tactic/Step/Tests/Triple.lean,added,,af674153793bf4a15c79499e419230c978c94786
aeneas,backends/lean/Aeneas/Tactic/Step/Tests/TupleDestruct.lean,modified,9908be5b964ed09fb6e54b8fde1b65e9c49c6a4d,5536f668a8261e4ccacb1de9336cef8b6183224e
aeneas,backends/lean/Aeneas/Tactic/Step/Tests/UncurryBind.lean,modified,030453bec074e978e65df3cc5a31f1260054badb,a48549e882ffe2d85ebb93fcbab6a3ea7ad78e54
aeneas,backends/lean/Aeneas/Tactic/Step/Trace.lean,modified,c6eb80fa0ff77277cc0a7bddbd41d6630ccf4266,f496b7c968b0f277d7e48db0ed0848c5e310c69d
aeneas,backends/lean/Aeneas/Tactic/Tests.lean,modified,9c6f01d2682e240f6e5782b0cc33f5e28ae380cb,a765fb3d7a8f39a65b0fb8860337672cf3059486
aeneas,backends/lean/AeneasExtract.lean,modified,8982440660888eeb671bda0e726adf5b31c4ec2d,11a78e5a325205036a16230beaa17d55bd57a09b
aeneas,backends/lean/AeneasMeta.lean,modified,c12cdc64f9b6f8b4457759e703a76c048f9fb106,75e6098b49a6dd35ca56778b8ae8cf80d3b7315c
aeneas,backends/lean/AeneasMeta/Async.lean,modified,659e801b660a5179c7fa0b6b089f3e325e2daf4e,79da0c95cfa8ca2281cbb682784edba0fd5ef463
aeneas,backends/lean/AeneasMeta/Async/Async.lean,modified,80eff56b8596b9873ef2b62c7a4bbbdcd03ea2a0,d952a2edf971b56b466d01eef9261047ff8777c7
aeneas,backends/lean/AeneasMeta/Async/Test.lean,modified,c83ed7b55ffba25a1556b7464eca11e52b85e81e,52c88c541202bd5654d0093e1b2fccc8c444e8bc
aeneas,backends/lean/AeneasMeta/Async/TestTactics.lean,modified,0bf08c6791a02b1cf5f4bcf2f9a64890e0657fba,85b73874b89736867a42dc959257389e29bfed11
aeneas,backends/lean/AeneasMeta/BvEnumToBitVec.lean,added,,c900236a10fb3ed67351c71c20bbdcbda8da5104
aeneas,backends/lean/AeneasMeta/Extensions.lean,modified,33a25095d31625704752f5d47c30c01d73841ccf,a180359dfc58113beddb1f3d64619284a7e2e11e
aeneas,backends/lean/AeneasMeta/OptionConfig.lean,modified,6a91fa6ab813abbe6d47380e71539d1cc817e04a,a346f149dea30068e1b4c9a80354be6db5049dfc
aeneas,backends/lean/AeneasMeta/Saturate.lean,modified,5ea9564f1fae6a716b3fc25217e832e86088d41e,d49f7054bf74391d8b833495e820789cdec8feb2
aeneas,backends/lean/AeneasMeta/Saturate/Attribute.lean,modified,6a5f750c6f61b92831457c1845fe78699c5ab629,5fc3a4782a5379027c235ca5a150333e4f678400
aeneas,backends/lean/AeneasMeta/Saturate/Tactic.lean,modified,d5e4c7a5c6d65d80d53f2b2a591b45f755bb5353,7d2ce70f8445a3f83a7f08d7c43c751611c982f0
aeneas,backends/lean/AeneasMeta/Simp.lean,modified,ebf0e8845fee7865bfb9866561a987da9b6ceefe,987e8e2d907ac4d3be7d48143f9d0ca2b69c7917
aeneas,backends/lean/AeneasMeta/Simp/RegisterCommand.lean,modified,1c3c250f5885dc90b16a69df28b5f474ba90f17b,71a133dd0d54a919e8ff78a887fc0cc347a40175
aeneas,backends/lean/AeneasMeta/Simp/Simp.lean,modified,322ea73a566080979750baef1518ed802b2c5ee6,493fa59c12911f66577dd620cb03de52d10e48ba
aeneas,backends/lean/AeneasMeta/Simp/SimpAllAssumptions.lean,modified,a799324be3df51698722f6aba272179ef477dd19,8559d41dbdc562ff3ba46530d1b9b5adf2323c8a
aeneas,backends/lean/AeneasMeta/Split.lean,modified,44a892040612f542cebb32cddb4930c31d8e0ebc,3b4cd0ac9920c94e5ed7290f7dfc870581763410
aeneas,backends/lean/AeneasMeta/Utils.lean,modified,c8ac2767e50962cc40b95cd7a4c57d260eceb4b3,dcbb77039c37e60594386a6c55d2933945de13e2
aeneas,backends/lean/AeneasMeta/UtilsCore.lean,modified,15d9caaca0511e4cb031eee8b75da5a50391a401,0f5fd425784ad8168f47fa4855008851d23a1083
aeneas,backends/lean/ExtractLeanKeywords.lean,added,,d5fb0c5828ddd6f7d0fc9de722b306077b33b879
aeneas,backends/lean/lake-manifest.json,modified,1a5af703163d8b39f4311aafe22ae171788179ee,276c521fef1e0953ab029aee601a577b0b97ab3b
aeneas,backends/lean/lakefile.lean,modified,c32062866e2f88d2eb768b904745e7104edddb0d,a5fe60e574fd863f67a4d3bb53cd61f185785453
aeneas,backends/lean/lean-toolchain,modified,6c7e31fffe3e03be3e0d7021acd9cd848e44db26,18640c8b066b182147f324d3aefd8ee48ee45238
aeneas,charon-pin,modified,06dbe0dbf1d5b7f1e6f2a21889ab6bf770e89de6,d264cdda0bc0dde25315757f50b7dc1719210c41
aeneas,documentation/emit-json.md,added,,b5d33300c53dca2f9bb107d7f401980a3475b5a7
aeneas,flake.lock,modified,d6862b6ef779bf72dd7ec5b787f4e3b97b472a6d,8368cffd8bbba9a20b2519742e24317b26d0311e
aeneas,flake.nix,modified,05e71549416ac622d6f12edc1fc7c74e338949ba,5ee81df370e486824a600bc290095eab124b5668
aeneas,scripts/ci-precompile-lean.sh,modified,36287bb77a71c66326bcd3816ada526d41a5dee2,05fbc61d3c140201533bdf1d0f8d1a20dbc37763
aeneas,scripts/ci-release-message.py,added,,4d2a86c8980ccdc62cfefaa550e319a40250287c
aeneas,src/Config.ml,modified,99a9eba5ae67dde20dbfd8d835cdc2900fc60355,6ac7f87ac268041a0c92cdcf47b3540c919a8da5
aeneas,src/EmitJson.ml,added,,38cee5905009220fc919691f29f1a7c5e8aafe56
aeneas,src/Logging.ml,modified,4d7341125ac640b6b35818b724608762b25e747e,4de88201eb6a19f233fe3fa2bb7ad0a75711c4ef
aeneas,src/Main.ml,modified,b3f373f8c449eeae0f9a50bb0ce2d2963903eddc,3ba4be5805e6d394efab73e774eccac3f1cf6839
aeneas,src/Parallel.ml,modified,08f055cf2e87e0164bb3d02dc9f8dde2fc84034c,183e7fd97dbed91c3610fe8fe9e8e6cce7dc70b8
aeneas,src/PrePasses.ml,modified,dc0ab803c26dafb14caf0da1bcc73e3499716835,1cdeca670d6bb44621918b1c15ae827ee499cd88
aeneas,src/Translate.ml,modified,8376e580b542bf3ee28cc9e3d4c170a17b23d379,2b9c4b5f8db404d2250b0ba2fe7e9b3ea1914c46
aeneas,src/dune,modified,4152c9de6d84484bf501da543553f3e6af324f9a,d123693a8336add2df3eb17eeb99b91fd1d84ebb
aeneas,src/extract/Extract.ml,modified,52754e4fdb25b50fce63abe2d2184751d69632e8,de0a81f6433881ba6b0a1d53e6a9677b8d555124
aeneas,src/extract/ExtractBase.ml,modified,4fc8a3f35643ba66555f0889790d50993feef1b9,30ab22040bbe89b16db34150184881f4fbff4e02
aeneas,src/extract/ExtractBuiltin.ml,modified,6e28b984b6392fd49601aac6903604248f464955,8d959753f8ef73467971f2c6a61ebf82cd5aeef8
aeneas,src/extract/ExtractBuiltinLean.ml,modified,433e0fd178f785ec26a9de9b717600c5d2c7a991,f8cf6b5312550c4b78fa203c38857726ad5a249d
aeneas,src/extract/ExtractName.ml,modified,294499309f9492bf74f9a5fc95261556fcdb76a6,c1a4094bfd01f5ad6d6c155dd51af76d349e45c7
aeneas,src/extract/ExtractTypes.ml,modified,371717638f4298cc9c488b31a597608f9bf5089c,983e0ccb644cfa24b286e02e8ce691fc93b00d35
aeneas,src/extract/LeanKeywords.ml,added,,8c93d7008af9be9dc716e693bb3b50451fdd6384
aeneas,src/interp/Interp.ml,modified,7b06ee4d1bdd302d9cbd85fc2e822c1f5324c1e5,6b6f110c9d38f892fe77685bb2c2fb4c9ab60e3d
aeneas,src/interp/InterpAbs.ml,modified,0f67ceffc1584d0a801dde84aee953737f2d187e,184c563e5b8465ebc2efa0aa87625be2d1a323e7
aeneas,src/interp/InterpBorrowsCore.ml,modified,9232a193ed20fbeb989624187663f2ef464a3406,798b2a54ccf6540fceee64f7711b9bdbf432681e
aeneas,src/interp/InterpExpansion.ml,modified,52b94675231f68d3ef99195d0ebf716589e3dee3,7e88ebd542485db4b31cdc24edf4e936eb186b73
aeneas,src/interp/InterpExpansion.mli,modified,6fab8d842642f336251f31843d6bf70c4fe8df39,d011357c49557cc6295655d7e4608529b52e41d6
aeneas,src/interp/InterpExpressions.ml,modified,45fddae6eb4e46edb23a98c790c7edf17c586afa,a296a7988763de73f27b6c2d5422f4ef43055621
aeneas,src/interp/InterpJoin.ml,modified,f39530bd39a348bbbc63466e1a111b2d49bc82a1,bd48e0bc4ad4e12b59e68be399b2bad9c0cf6458
aeneas,src/interp/InterpJoin.mli,modified,5ab8e52dd6171379eaf9963619c08d924ff05751,45ff4fdbaa2efeccd4fc9d44e0f65e0571fa28c7
aeneas,src/interp/InterpJoinCore.ml,modified,909e481bd770b18f88815e4ea83234f2ee532a16,b1928d751e3639d706ea4b7c1764bcb5b2b46b85
aeneas,src/interp/InterpLoopsFixedPoint.ml,modified,b7ac0ca5c8a6f08d05ee52cbe215bfc3cb0c9853,2c11a26c754228d8afc3c7c627ac775cc142223f
aeneas,src/interp/InterpMatchCtxs.ml,modified,d08501b3b99fcad436aab8ebce1956c0f4a01f97,a71f925efc7a73b957503e414a65fe6223572add
aeneas,src/interp/InterpPaths.ml,modified,ec23375a5ca0680500daea0248d2372c9901156e,3197a7b0367f2037611f20456d781b2ebb0739e0
aeneas,src/interp/InterpProjectors.ml,modified,56f8b94dc1b2a80190e9a65b006edd4ac2f6fb9c,09565fef6ba22413f6385ad3a2defa09b39532d5
aeneas,src/interp/InterpReduceCollapse.ml,modified,379bcd2d4904abf5e76a2f28877b2e293cf5f4e3,b8a4c68cb10564899851f821074c797d0e091ead
aeneas,src/interp/InterpStatements.ml,modified,97452f658bbd773c16386592d31b0bf61da8891f,e35c5bcab01e8aecad1b47780495033b21bc8a62
aeneas,src/interp/InterpUtils.ml,modified,764af6eba46af5a6290a853c64dd70df24c1fb4f,7efd62d3d6d90497e1a3af42e14f3cfb91680506
aeneas,src/interp/Invariants.ml,modified,3b67d1e21b165013ed503a3b8b9ceb5ca636a2a4,a13a9d1c7c6e8e41d81c0cfdb4e82ed8e3693ac6
aeneas,src/llbc/Builtin.ml,deleted,fec847925d30e0236f4bd5a83b18b270577f7918,
aeneas,src/llbc/Contexts.ml,modified,0da60571ce9656b5ea5a0121c3958fa4b277bb80,aa3f20e9f0386cd5508403c5240dbe244e8b626f
aeneas,src/llbc/FunsAnalysis.ml,modified,a2678ba12e8baaaf14fc99c3f061b10edae2da86,7bf693caa8eb8c4dd58cf37b678f792a79dfe3e2
aeneas,src/llbc/LlbcAst.ml,modified,9853fcb3fb4ced5bd41480974b6791fd843bea3d,8c64cd830b0dc14adf590a425583f95173469aef
aeneas,src/llbc/LlbcAstUtils.ml,modified,9034b676c467bd136d91446284ab7e54cdb01b51,ab80d1aac00f8b6fcceedc0e93bec1fc8c0dcc2e
aeneas,src/llbc/PrintBase.ml,modified,68f55d94766295f3722c07b4b37e5856ef0f0398,5c4ec294efe215e9bbe9dd948c62d2d151d51cde
aeneas,src/llbc/RegionsHierarchy.ml,modified,aa1db67d0a4557f34b21cb2e113cf22cfa8fc9eb,fa85151c72e2d26c8411340d1b1581030872d789
aeneas,src/llbc/Substitute.ml,modified,5cf79adc1ee5d77a9936e72b086447851ea2ab99,fbd7f00373fe8febc349875967cf11bd4dcb6d27
aeneas,src/llbc/Types.ml,modified,58d9698deb129b32394c3637af3a113a6de22a42,7acd505294186a4b1ef2e55f134eb88b7d2286bb
aeneas,src/llbc/TypesAnalysis.ml,modified,4b80030bddd0fc7d044894a85fe332c8d3bdb5d9,9faf36883ba9088d0f080828aed87eae4c4e782d
aeneas,src/llbc/TypesUtils.ml,modified,c40ef4fccfefed3d18f0d934a852e56515e3af65,21bc3fb344a1bf107a424132a0c653962f533a48
aeneas,src/llbc/Values.ml,modified,6f7e8bb746adb2fbc6612a1c442100b3c7a39389,d32d7b8e09891e31115c00e506a038e295a984c7
aeneas,src/llbc/ValuesUtils.ml,modified,a959f8dc22e79c17fbe52c02c9b7442c2837d1d2,42c18b59aadf1770af39306cb3b8fd97d60a90fe
aeneas,src/pure/PrintPure.ml,modified,35930dffdfe9971ac3d3d08827e0586609010f35,7fd7c3187fbe9d8b2c1867ec5d71c6c1d79c9af2
aeneas,src/pure/Pure.ml,modified,acde8579d6861a08efae086c72f3156283110342,b4d7f338fb7e6b650c57b3ef9f9667f24bc2b092
aeneas,src/pure/PureMicroPasses.ml,modified,e0662ab3153f3c401b44cbe6c0cad4e17157f063,5b4c81b149c7675ad85e79a1100a86babc5aa394
aeneas,src/pure/PureMicroPassesAnnots.ml,modified,5a33cab104c7de8ee498117b1b929a3736e0723a,d85cc0fc5750f9c0f98030ee31dd9af0f2169845
aeneas,src/pure/PureMicroPassesGeneral.ml,modified,32d37b2363a69b9cf8a765b6446deb753aadc27b,6dcf0f5887c8b4079bce1a1f55e0d1f9380bca16
aeneas,src/pure/PureMicroPassesLoops.ml,modified,b3f8e918290569a0a36e8f84d07a11eef80e0507,c4f20ed85a47b328f2a54a86bc8f4df74679c886
aeneas,src/pure/PureMicroPassesPrettyNames.ml,modified,68e2b3163c3862aaf817c5322644cad3b8fd2f25,00628d5c49bb63d2791c889219a3189498ea3c77
aeneas,src/pure/PureTypeCheck.ml,modified,e9a07a43c2b77a1f71ca894af824ad23497e7fe0,dea95ecb5bbbc6129e42c824b60de829fa7a2257
aeneas,src/pure/PureUtils.ml,modified,b676348a9cbaf34ebe54688f64a1d3f8308c0d85,31ed458722ad51d2d985f19b7858be3d56b97d11
aeneas,src/pure/ReorderDecls.ml,modified,0d8183ad34b6a431246b3331ffb740386c42e15c,0aea4e4dad7636b07196bacde9b9ebdf87c65d29
aeneas,src/symbolic/PrintSymbolicAst.ml,modified,64eff289be230fe52bdcebd07470d8cd2ad7f917,ef24ac366a8d81a9fbd0ccfcec572fb7f7da06e8
aeneas,src/symbolic/SymbolicAst.ml,modified,18e0c85837b0282f21929da59dbef32bcf8a9a84,6493df016b9cfea39d6be5a63e4eb732b346d77c
aeneas,src/symbolic/SymbolicToPure.ml,modified,95ba91f539e48009efa420dfa956c4c55581cb3a,2524d966b9d14afb8291deb46484ccc3d490b1fa
aeneas,src/symbolic/SymbolicToPureCore.ml,modified,2f2b34275b8d7313733b146218bc6ed26716a7be,c5130fc7a86badc25aa2960a8ff250c0ed69a61b
aeneas,src/symbolic/SymbolicToPureExpressions.ml,modified,b24d12a8a8403a5bc8aae7b55c35ce0259b75bc8,5d575dfd639cfb243c32a467759c5482c165a1cf
aeneas,src/symbolic/SymbolicToPureTypes.ml,modified,d35b6d67a65af220fdb56614ab1b51edc029b06f,4d6ae7f34e43913c570128052e30a18a1c5cd6e5
aeneas,src/symbolic/SymbolicToPureValues.ml,modified,5da7630a187bd4b19b33aad967591d4effa8524c,ac2f57666790bc486a029dd10cda8fc969fa637b
aeneas,src/symbolic/SynthesizeSymbolic.ml,modified,1f8e416e316649aab13060431b0d4f63d660f234,6ca1aa0ae8c02b0bcea1a0e938595c9cf15e4ed7
aeneas,src/utils/Deps.ml,modified,7400faada207eaef51d8a741c63c4b79d03b4954,8eb90ef8214f975032dd9a45dd36412eecdb7614
aeneas,tests/coq/arrays/Arrays.v,modified,64820960caa0e14f7a40d1fc432a32aa9ac65854,6ca403313e9326f94a024943f4da3e1769d58019
aeneas,tests/coq/arrays/Primitives.v,modified,afde98e4baf8ac4a963676e03863708bfc40abca,fcc56570e4d1e9c50a3837bb41ac4d22c0c909a4
aeneas,tests/coq/demo/Demo.v,modified,ac8debe2c1ccfd84405446bac6f941a2a6dacf24,919c99e652653ff9775f777b14661beabd192ae1
aeneas,tests/coq/demo/Primitives.v,modified,afde98e4baf8ac4a963676e03863708bfc40abca,fcc56570e4d1e9c50a3837bb41ac4d22c0c909a4
aeneas,tests/coq/hashmap/Hashmap_Funs.v,deleted,7a007a5bf9058ecce1a0aa3b8ea00c747e137614,
aeneas,tests/coq/hashmap/Hashmap_Types.v,deleted,a9565e17faab2335cc99a1a2e10bee1156a7fd35,
aeneas,tests/coq/hashmap/Makefile,deleted,1a5aee4a301e0a2cf796b64b5e222cce742c767e,
aeneas,tests/coq/hashmap/Primitives.v,deleted,afde98e4baf8ac4a963676e03863708bfc40abca,
aeneas,tests/coq/hashmap/_CoqProject,deleted,5d98662ac0cd77ec38b42a4a9f4deef0bea36725,
aeneas,tests/coq/misc/Bitwise.v,modified,6f0e19d14c18df795f4572b1dfbd18f1425975ee,51f8bab08d5870319fefd10ffe9be8b7c3e6c25c
aeneas,tests/coq/misc/BlanketImpl.v,modified,cbae5c3c43b50b899794ec5c428eaa55c912316a,c31e10ed2cf76dff34a123563e409ba45c97aae0
aeneas,tests/coq/misc/DefaultedMethod.v,deleted,2bff5e9411cc58fcae10bedc7c66f61248a25f7c,
aeneas,tests/coq/misc/Primitives.v,modified,afde98e4baf8ac4a963676e03863708bfc40abca,fcc56570e4d1e9c50a3837bb41ac4d22c0c909a4
aeneas,tests/coq/misc/RenameAttribute.v,modified,6c7662c7472edf93a036b17dc39fa2443082e272,faeeb055c6f0625145f3fe8d78377038e968f39b
aeneas,tests/coq/misc/Traits.v,modified,ec053e330c57d7ea33a9f32704aaf56e4dfa5c4d,a4df22ba17ee5d1fad915c580cf04a2de9bbb86c
aeneas,tests/coq/misc/_CoqProject,modified,e610cc65c0cd58ee3b7110e4b578411cc04622ed,1ccc78501c9265cfa63c993b13bb038c6627eed0
aeneas,tests/fstar/arrays/Arrays.Clauses.Template.fst,modified,5aed231154988144c494e6833b06c7a71725ede4,2d594fcba1a0b1032c312374f8c268fd717d57e1
aeneas,tests/fstar/arrays/Arrays.Funs.fst,modified,f16859050a3d7cdf5f98e422925905685d65a8b8,f74c60809a1ab890d9a7b678b7dfcf359cc0c61d
aeneas,tests/fstar/arrays/Arrays.Types.fst,modified,ec372b45702e0b7a4649619afb200dc5fb06eae5,66c4d2a0cd07aa2d93a856f7f8b5bf1a8be933d6
aeneas,tests/fstar/arrays/Primitives.fst,modified,c76fab8c18bb0339bbb2279b7782f9261fe5d92b,0c208dbfe2f57cb94e55fc84b338e028c841c471
aeneas,tests/fstar/demo/Demo.fst,modified,b9c77846f02015b84066a93ace61689e38a01ba5,96019b9f00402a383df5b101d2906c6cad8a2efa
aeneas,tests/fstar/demo/Primitives.fst,modified,c76fab8c18bb0339bbb2279b7782f9261fe5d92b,0c208dbfe2f57cb94e55fc84b338e028c841c471
aeneas,tests/fstar/hashmap/Hashmap.Clauses.Template.fst,deleted,5d9d7acb8ccf205149cb58025b9698df49841625,
aeneas,tests/fstar/hashmap/Hashmap.Clauses.fst,deleted,ae28c3c701ca1eb848af149d2c78cd389aa931d8,
aeneas,tests/fstar/hashmap/Hashmap.Funs.fst,deleted,8fb17d20f629e814cae75bbf3537b64f4a37ed7b,
aeneas,tests/fstar/hashmap/Hashmap.Types.fst,deleted,d4b5366eb3f1bd8580ba760ce947593340f3b523,
aeneas,tests/fstar/hashmap/Makefile,deleted,fa7d1f3656db2ad6bb574b315b351edbaf73c6d5,
aeneas,tests/fstar/hashmap/Primitives.fst,deleted,c76fab8c18bb0339bbb2279b7782f9261fe5d92b,
aeneas,tests/fstar/misc/Bitwise.fst,modified,1341b02ebe1024a12b04211d822ea0eb6cd95a6d,1026212a3cee24e466f9d3a62f3b6560668f6ced
aeneas,tests/fstar/misc/BlanketImpl.fst,modified,2ef6a8d0c71f3b44b1455114abf4a4f85cf54d64,9851eef56b25f1b0465c9cf52ee8e3cfe2e673e6
aeneas,tests/fstar/misc/DefaultedMethod.fst,deleted,1c46a357a8a1207f89cf381cfe7bed3033fc44e3,
aeneas,tests/fstar/misc/NoNestedBorrows.fst,deleted,4125b0703d909c53b6412f1caac5440de22285a6,
aeneas,tests/fstar/misc/Paper.fst,modified,de9d24c6d256caf854095496d2bb0585573141d9,cddb1275b142f72a49e94be887dd5b2bec3846a2
aeneas,tests/fstar/misc/Primitives.fst,modified,c76fab8c18bb0339bbb2279b7782f9261fe5d92b,0c208dbfe2f57cb94e55fc84b338e028c841c471
aeneas,tests/fstar/misc/RenameAttribute.Funs.fst,modified,e9b5830d17615ffef8097eef5f144a88706c7233,7fc78bddd9e869d623668ed9dae86bb075a62df4
aeneas,tests/fstar/misc/Traits.fst,modified,33a38a180884beab5ce53d1cf0c6f94a07e40c00,bf333f901561df8ecd454682ecbb4c14205f44c7
aeneas,tests/lean/Adt.lean,modified,f99cbd9c162d060dc55ea2614d7d0b8bfa32ca9e,4242568d7618e483c838702ab8e6900c6fc891fe
aeneas,tests/lean/AdtBorrows.lean,modified,617f0c2f9c6ca8740521c8a78b509ff3a00c4122,0d644be302d3b837ad078ec7c4e9d0a2b17e6dd7
aeneas,tests/lean/ArraySliceIndex.lean,modified,51415b4322e3d3ccca10c2f1a28df61a3b3d9646,f60aeb0e540da7d21f52b8858ec1bde03218cf3c
aeneas,tests/lean/Arrays.lean,modified,00b7716b63b41c4747889b42f2dee3796d3ab12d,7d9fa2574bb198b25b91faac58e6171edeb63f85
aeneas,tests/lean/ArraysDefs.lean,modified,66725b3bffd26aa9ec9c93dda187fcd83e23b5d8,562ed7d1d1667e7bd4a2c1f1b906ba22ad9cf1a8
aeneas,tests/lean/AsMut.lean,modified,cc5610961057dbc215ff40f52b53f0fb47f6e0e5,d08076e2ef3b206b765d89c26f655ea7e8169b6a
aeneas,tests/lean/AssertCfg.lean,modified,06bfb83fd276770f72509993b9fe5ac731e3d24d,07b02ac15be3ed933a46aadcc9c0719f45670f9e
aeneas,tests/lean/Avl/Funs.lean,modified,34be2c16a95a5ab7c59ebccc9cb54bb0bb84d38c,39150d6f9997cbdfe1088d5d6eb5719944fa4228
aeneas,tests/lean/Avl/Types.lean,modified,3e5ad7260c9193434f73bd4d0b858794855e12f2,970d34c23874fbc718f5ec48358f9d4009fccbca
aeneas,tests/lean/BaseTutorial.lean,modified,52a9947feab2f607729e23c10dfc9e12bba02d41,b7397542c52d95756e7cbf4096b92949cd64e39f
aeneas,tests/lean/Bitwise.lean,modified,da7a8921d94ac4c5a8bea143ba53cd265a911d14,5729d35409e8e6d3ec7873e86c0e2d04cd6368fb
aeneas,tests/lean/BlanketImpl.lean,modified,082b6b3fedc726c59b1f0932f1cf4fc8070e88d0,e9b601b8ca305c6c9a6b726c4f02b54a99be3c84
aeneas,tests/lean/BoolCmp.lean,added,,dd2ccf6922dcd2830aecc7d35b1bc65631b02fde
aeneas,tests/lean/Bst/Funs.lean,modified,546e7d74ce622a9a9091940d963b358a02ad8bcf,7b229349df7253f4a7cd24936873e63997ac9437
aeneas,tests/lean/Bst/Types.lean,modified,396756db9393a0fd025117b28ed1aa0814a28e46,4ca443cea7a7e350f76402d28e11977d41c9be32
aeneas,tests/lean/Builtin.lean,modified,14f1a5446f0fc4445707da2475b8d1f347e84766,76bd4f007657c20ad5a2b61c380e5b6348bd5686
aeneas,tests/lean/BuiltinAuto.lean,modified,674dd52f2613f2f2ea30a5f00aff7bafb05f3e90,85f74fdbec4f9ea52aba01369326ce83a8496475
aeneas,tests/lean/CastSigned.lean,added,,63bfcd5f611b83b5ad124906e093ad60f6dd493d
aeneas,tests/lean/ChunksExact.lean,modified,4e6dab516106ff7e2ac980a34018a9498313feb8,1ee407d5b7c84225a19cedb6baf79e2b6fea5f81
aeneas,tests/lean/Closures.lean,modified,e60021de5406f9f21dacf6e994cbea1fb9264fa4,e356f006c995d089569b4434add707dd72dd6e41
aeneas,tests/lean/ConstShadow.lean,modified,4e90520346c4fa343ef92f502342d436185b28f4,71b9fdf44f8b349b8ee62d2578cdc575c4c79ed1
aeneas,tests/lean/Constants.lean,modified,9c6e588633544daa10581bd363eabba0fea52b70,025069d0126d27373c32219f77c825efced833d7
aeneas,tests/lean/ConstantsLean.lean,modified,ac9fc5fef4f04b3cbb3b1e9afea1256e6d8acc88,ab5dbb4d7e4c86043b59dad4ad788641592aba24
aeneas,tests/lean/Curve25519/Curve25519.lean,modified,c8e93ba8e95f70d308afa80d8b21dd29a1807022,3dd8db8e730b0e90e021d671e741c825c21616b4
aeneas,tests/lean/Default.lean,modified,5f2d36dd1e563d043cb19dee1a8f35544a375fe6,2dba6895d71d4ab9f7236be52d2ca2c7f1fefa84
aeneas,tests/lean/DefaultedMethod.lean,modified,fc0df4cb544e7a84a204e0f0ef0e805c7accf4f3,5e13156eda884596639b74bf43b4c3cae8d88150
aeneas,tests/lean/Demo/Demo.lean,modified,f4d1c0d294b7ff7bc91148b7be55004902f278d9,54b05ba14393d21e78b7444f76ad616164bfdc44
aeneas,tests/lean/Deref.lean,modified,af02ef13ed1c1821c821feaa02320b0531395a67,6991e0a5fc27c276f41bbc04852d695853201a8d
aeneas,tests/lean/Derive.lean,modified,cdca874f74333722d8a36ea727f31b5891774058,b4d28b12a7268d6b87293b8792f26ca3c2c3b493
aeneas,tests/lean/Discriminant.lean,modified,262f00653af217d91fa5586d19b35177fd4751d4,910419c5513909a7bf4aceacdfd083f07121ca7e
aeneas,tests/lean/Drop.lean,modified,a0119232ebcddb64b81d919fa9c363cc56f8ba0b,78eb18d393af9a648d6357ce8d81a8a449c1d32e
aeneas,tests/lean/DropBug.lean,modified,450aeadaf4cdee55b5b0be280200ab3b5b9f008e,6a27b2f0142abdd2aa1d198d57a4321a71ff7835
aeneas,tests/lean/Dyn.lean,modified,1ca9dd626eea93ec47dee2094febb8541d41c2c3,784dc1ddbb5cd9ab7b661087eec3ce12c9a4e46d
aeneas,tests/lean/DynamicSize.lean,modified,152bd575a02ea69af9ef5fa1502d5a5e722f8de7,ef8221bb2fd9ac3aff150c93ec5a334725377ecc
aeneas,tests/lean/FromTo.lean,modified,9ea0f6c7d2c6a79e42202af20832b115f8186a84,6ef13c027e802ae0d38025542d51d2f97b8ff4f7
aeneas,tests/lean/GenericUnitOutput.lean,added,,834d25d3bc0ed7e62d25f6656b9404c139eac2be
aeneas,tests/lean/Hashmap/Funs.lean,modified,5c5753c33552fed45c5415023fd836e979f8b053,3bffbcb28907cbb97190d8cc2da02a07824333da
aeneas,tests/lean/Hashmap/Properties.lean,modified,6561875775fd35689d164258fe7242bb050de49c,a237f171075138d89773113e26f742c834123a9e
aeneas,tests/lean/Hashmap/Types.lean,modified,57fd95233a6b5e6fef75ab00e04e9673ef7a085a,2d208e1e961e5332d7fe3961a01209c660801356
aeneas,tests/lean/HigherRankedTraitBounds.lean,added,,396d284d9737e65012272d7c989355dd5ba6daa2
aeneas,tests/lean/Into.lean,modified,67c45af902e1c7a2c269ff2890ad05a70703e22c,65d83fd2648dbb31d82603863cdc2ae44167247a
aeneas,tests/lean/Issue1043IteratorMethods.lean,added,,2c7d6704ec5f56a0bb284fc661cbabae0e925115
aeneas,tests/lean/Issue1044OpaqueTuple.lean,modified,b1964742bf266d7bf789cb43eb1239389e704cb5,24254cfb1af826f55505c5fc602021128a6c149f
aeneas,tests/lean/Issue1138SlicePositivity.lean,added,,f8acb7a77d5b31fd881da9828c6b41c0583c3ab0
aeneas,tests/lean/Issue1140GlobalLoop.lean,added,,5ae359dfcb16abed972fae54ea8fa8bc573c02a9
aeneas,tests/lean/Issue1141ImplFnRef.lean,added,,24cae10dea1d907455cfe03b443d096f6622acff
aeneas,tests/lean/Issue1206LoopBreak.lean,added,,f834c1a65a84b349b6b6505831681997aa0d7899
aeneas,tests/lean/Issue1207ClosureSignatureRegions.lean,added,,c91c09707a508995d12761038afb69c95fd06af6
aeneas,tests/lean/Issue1250AnonymousConst.lean,added,,f6bb8409721760fa158182b1e6b9c581131291e3
aeneas,tests/lean/Issue1260EliminateSharedLoans.lean,added,,738fefeba7425f20a4b244f52ade53aa3aef726f
aeneas,tests/lean/Issue134LoopSharedBorrows.lean,modified,9a9f81078c0afe7df2f3c10afddb150175c70ce9,006e62e16a62be06f16ebdf38562eb7b464dedc8
aeneas,tests/lean/Issue194RecursiveStructProjector.lean,modified,f91052e01630db49eba1f0a841f79d613831f6c9,4d43ebb3b1a7af74d3e64f30892c1b5a1566417d
aeneas,tests/lean/Issue270LoopList.lean,modified,727f5732a6a802d3b49bfcff4f750d7a479a71e8,c2d34bc74efadaa853c9c13cbb8c6ec9e6d8b2fa
aeneas,tests/lean/Issue440TypeError.lean,modified,f1779dba86b0ee15be717da7c490cea52af38e93,c05e12e65d2e273654d2a3f79c25febbab78c295
aeneas,tests/lean/Issue765HrtbConditionalNegate.lean,added,,b70cb5efba8e81081d4d81a14fcbdcfce70154ae
aeneas,tests/lean/Issue767AdtConstructor.lean,added,,f377b9fb35199d7087677fa0a312986256648f28
aeneas,tests/lean/Issue789LoopCtxMatch.lean,modified,7b0a9735160fd92f0834ee1d4108301474b32be4,4e7124e3a9237ba93468260d13a4a7648f0beae8
aeneas,tests/lean/Issue801Hrtb.lean,added,,f45ad2b3dfb001eb68531a4a264891fc2cb24f24
aeneas,tests/lean/Issue803SelfInArray.lean,modified,642bc23761fb015f7c3284b69c61904b6b3ea9bb,1cabda1fcb43c48c54ab06f7abbeb4b212300d6d
aeneas,tests/lean/Issue804ClosureReturnRef.lean,modified,023c657f9a500d0680d3858aab6e9c39f98a0dcd,d0617d0114fba3220942b6226e6ca7d9e2555e2b
aeneas,tests/lean/Issue807MissingSymbolicValue.lean,modified,4e0f074a3539f13e481dbd584b8834a4f09fd47c,7e67e4b680c0e0cf3231753638d4689292cd1d71
aeneas,tests/lean/Issue815GlobalReferencingFallibleGlobal.lean,modified,af6ed30646dbb0b27d3c98f9f857202181cdcc06,a8a37b39b7ae0b4e23bf28cd4a326e780ec75f5a
aeneas,tests/lean/IssueCharon1172.lean,modified,3ee1e31cd40c3db013b402a0ef1140fbd4a8f3e2,389a7de08955712471d240c0708ae14ba4759264
aeneas,tests/lean/IterAdapters.lean,added,,4161e8f06a7d6a54733407690e1446886369b847
aeneas,tests/lean/Iterators.lean,modified,ccf8b3ac5032ac34302dcb31a39ba7d33b5a5ffe,d96657f62c51fd14163dd682881cb412bc3ec6fa
aeneas,tests/lean/IteratorsArray.lean,modified,e259e9d2108a8873e2953108a591e35f294757c7,62b605ac6b349a7572cb6e61f5574f02c84cbd2c
aeneas,tests/lean/IteratorsScalar.lean,modified,f1cd2ce7af125dd656c7251fb8eaa133615c960d,3986e742f76a3aff9ec4c28577b86a4dafe1ed76
aeneas,tests/lean/JoinDuplicate.lean,modified,94f3b3d28fff8660528820312606c9f8cf111184,f8bcb0179bbce83e9877ffca256b5502b9172f3e
aeneas,tests/lean/Joins.lean,modified,4fad829e18b4c605993da9fcd4065ac149f770f5,9726d61cd585fa2f7df1fbfec3d59e6810bf65e6
aeneas,tests/lean/LeanKeywords.lean,added,,2d3f47986a25a70189635079c185eca507903dca
aeneas,tests/lean/LeanKeywordsClash.lean,added,,cf3c4e72e9e325b874a92aac220c85f4c9c48d75
aeneas,tests/lean/ListBorrows.lean,modified,d0b9358cb49e2980cd1091bfd80b50806247cfef,0b35941072032401e3b32eeb009df69a70c81d1c
aeneas,tests/lean/LoopSharedBorrowProj.lean,added,,84f60aed48f17ed4c9da6b74c09aafaf8ea22c87
aeneas,tests/lean/LoopSharedLoanInJoin.lean,modified,aab74d80656084f7274289553b601021c65323eb,629f460242f7745feaef1bcbda439ae1ee8387e4
aeneas,tests/lean/Loops.lean,modified,73df255602485533462c214cd011d66867f6b04f,929c3eade139c3037311c61cc8f98d7e88b9c07a
aeneas,tests/lean/LoopsAdts.lean,modified,5e3d80e40b0f81dc31953d3946a8cfb3304a6010,a080590465ef7b81742a1cf236f0d04050a2f2c9
aeneas,tests/lean/LoopsIssues.lean,modified,5481ad755e3035e5b84e8bbca50d12e0b1e381cd,bfd5bd10bb8ced93da50966d05aa3b5d3783130a
aeneas,tests/lean/LoopsNested.lean,modified,8c6a6b06ed9171c41b69d70e2a1b5faf773a4194,169ecd8993a02e9491eed057e67ad19ed602124f
aeneas,tests/lean/LoopsNestedRec.lean,modified,9d07a8bf664c43fc8dcbbc4d0560d2c6bf3185d2,318f8c3204aaad2f44b39946474ae5aa7b0e4a57
aeneas,tests/lean/LoopsRec.lean,modified,c895c2a7ca59ed5ded07e4bb498218297d9f88c4,ca6f4fe2a87a11bccdc68713f5c71cc41b0ed3c0
aeneas,tests/lean/LoopsSequences.lean,modified,beda7f8d0b43fef526d0d1371002e16f5ae24b26,9f73750f31de7a09f3d3b5e95b56fca44cb5b88d
aeneas,tests/lean/MiniTree.lean,modified,ae54d4543872edac62862c999a2f91a227489b2f,6468f9ae0db96343018c413ee0c00db7d67090b2
aeneas,tests/lean/MultiTarget.lean,modified,7a6c9b273ffe98328d79776d53a37dd9af422ff2,3e5a8308276e765665e5a4d00fee25722f0ee2c5
aeneas,tests/lean/MutBorrowInSharedBorrow.lean,modified,7b017f9058263fe6aaf59472602266d1223f5eb5,2727a44985e5799b50fc597f736b433966edfe11
aeneas,tests/lean/Names.lean,modified,ff03c177c059ef63cb890038957b1b1626e89c6a,de982628b7fde623459f9e69430ff4b42e33c9e2
aeneas,tests/lean/NestedBorrows.lean,modified,61b3b2b31e50555182867a5b73fa510d05106e22,1c02f12d5559fec415a639295861a3e692054f86
aeneas,tests/lean/NestedSharedBorrows.lean,added,,59f63bbf754a10a6ef38b81f9adbd87d5b115606
aeneas,tests/lean/NoNestedBorrows.lean,modified,e2a706b744e2e9a105e305cf8a2b353354209dae,fad803a296d74c27f821e770cdc9c84599ec125e
aeneas,tests/lean/OpaqueMutRegion.lean,modified,bfa1e8ffdd93114fadccea713f1f285a02d5686c,224dfc67e28cc0dfc1dd32eaff8422b8113621a3
aeneas,tests/lean/Options.lean,modified,4de39313dfda08cda0ecc4ace9248d4d5e3d6325,48f50757b51ba3c67dfba3600cc0fb34b68bf1ee
aeneas,tests/lean/Order.lean,modified,ad3a94ea207a91c963aff302598899a945abfbc3,1e39c9b8c2d3680cc7824a3508c20cd7d5ba8e36
aeneas,tests/lean/OverflowingOps.lean,modified,341c93ba4a059d08f82f55c69c5e819a5b29eb2a,52810b1bcb3d559b8e95233675a0fd66e78f12cf
aeneas,tests/lean/Paper.lean,modified,0f014237789136959e21a617f9711ebb5cce5f05,7086e518a42f5c4745bff010227ba6bc582978e7
aeneas,tests/lean/PoloniusList.lean,modified,716f3e159a80b1f2fbfa0b37404b6081789246e5,0d4bf951ca3d3f3196f6ed0b41d93aeab458360f
aeneas,tests/lean/Print.lean,modified,a65dfb9c120f2839af7054ff03f77e82f3551f9c,930271be62d4bc597ddbb4947396a68a871d1a08
aeneas,tests/lean/Range.lean,modified,f27d35a7ee8dfa25b88b20fc49dbfbec27b39d8b,6e252b720617d923f0805ae53c694da284f9c001
aeneas,tests/lean/RenameAttribute.lean,modified,76b08a33172229d237825cc6171832d319f76d5f,a55ea227d9df9c0253ce0d0a75d010c6da193602
aeneas,tests/lean/RustBorrowCheckIssues.lean,modified,c2d0c0cc13e542d788a14efebce6db142dad76a5,b3d67fe61ac3cd5262b282d4711f484f2650574c
aeneas,tests/lean/Scalars.lean,modified,a3f4d2be02d9ead24aa5a234febb490602573821,884387ac0403ed00858180ef9f2bb411511ca634
aeneas,tests/lean/Slices.lean,modified,f294e70359a20cf3db5022529204fc1102e7aa51,bb1d60f87443d6cb7a0eaed2888e6ce854b38559
aeneas,tests/lean/Static.lean,modified,9d31798665d488b70730ea60c928e82c790d308b,d4e94c538dd2353eb89ec5eef4ef35a6977759bd
aeneas,tests/lean/StepBy.lean,modified,35097ffec0e76508954ad0edeeb27b4c3de92073,977e4bc1e4bdf030305aea3ac22f1c9582f1927a
aeneas,tests/lean/StepOverflowing.lean,added,,28a57cc0c8de1702e528e2dfe60b7e53467b906d
aeneas,tests/lean/StringChars.lean,modified,453f46c656987e4a85ff04913692ba2745e8ccb5,543e7c5e306ad01112cf8ae917902f00fcbafa96
aeneas,tests/lean/SwitchTest.lean,modified,2bde1187c12a63b8bfc6b2dc6c8262c290ce657f,ff210a067f80d66a0d7a585f672dde9fd83903df
aeneas,tests/lean/TargetFeatures.lean,added,,af632510ed5295abc4aafb8278d4ed951fb973dc
aeneas,tests/lean/Traits.lean,modified,d234936b72231024fbccf0030a08023836e5eb6e,6d51164033ed757ba54513de9bde6d48fe323354
aeneas,tests/lean/Tutorial/Exercises.lean,modified,6db5aeffbaec39f5d3a335995b948e2d72ca1f07,e66f1efebf96a9d58bfb46f14c8b5ec5bb1d79e2
aeneas,tests/lean/Tutorial/Solutions.lean,modified,1a4838a5447660df2577f121c73fe5e95865f57a,14571b756e76f77912d935fa9c759f49175c37ff
aeneas,tests/lean/Tutorial/Tutorial.lean,modified,4513b4db1863ea7f3f55fb597ed3b94eb9c770a3,d61c765505e3de270fef7509d3929d05e8f7d412
aeneas,tests/lean/Vec.lean,modified,dd72bcf13ea9692cd74065fc083cb431464fc484,7e1ec02e61715a5956ab3547be581526ae865123
aeneas,tests/lean/VecIter.lean,added,,f91e81cf467a5077beb833f479274df97f32a11e
aeneas,tests/lean/lake-manifest.json,modified,8846cdc8b8bbd20ce3c404c90decf6f19cab30f2,316a46c9a19d61afbf989c1fbba6cd0782a1420c
aeneas,tests/lean/lakefile.lean,modified,936ca23067e20c2f05bee88f77bbc00cc2b3b04e,fbf1fe76369483907266b4881bcd084a73dc87a7
aeneas,tests/lean/lean-toolchain,modified,635bb9534e5a211d17a7d660a07dd31d1d64c450,18640c8b066b182147f324d3aefd8ee48ee45238
aeneas,tests/lean/script.sh,modified,6b7b582c538f7f64d496f95cd662115bf88debb9,40845808f328d9d1d4f08bfb8cd8f70610ee5937
aeneas,tests/src/arrays.rs,modified,478af7171452826436f56f12c88493debac8e0d0,b4cb187652bc769fdf9c4fad3e7dbb60b4af4cba
aeneas,tests/src/avl/src/avl.rs,modified,5a09404b96ff6730594573fdd56f03064d5c2664,4a7b519721b0ef2906ca216e48d3a1bbddede851
aeneas,tests/src/bitwise.rs,modified,8426cc46abb900a8d7ad38107faa82bfd653d55b,7f308aaeff36e7a18ebeb9305a02aef7fa50eabd
aeneas,tests/src/bool-cmp.rs,added,,92cb79bb2b09374e9a56d729c9bc7e620c1a338e
aeneas,tests/src/borrow-check-negative.borrow-check.out,modified,27434454927616c7c7372f421533ed5a0976879a,44ba342aa6240814d7ea0786a4c3765cf46277b3
aeneas,tests/src/builtin.rs,modified,6190ae93469ba094244298b202855e1ac364ba40,2de9f9463475a0f1ddc8197de3a2434e0492ca5b
aeneas,tests/src/cast_signed.rs,added,,d6b286ecaec6cac2d3f0ca6a708f2f71219faadf
aeneas,tests/src/constants-lean.rs,modified,16c80c3b2857ef40d80b313c40e3c37a0f9b8714,7e0b79bfa808b534d3d14cc98713403ff9e9ff04
aeneas,tests/src/defaulted_method.rs,modified,01c5dcc1d46bf5e3e784b9f45349ec928b39f1d9,431acbb44ab7526babd39b6dcd82a15b48d3595a
aeneas,tests/src/generic_unit_output.rs,added,,35dcf14c35191cd8d73feaff7cfb73d5ca2f7822
aeneas,tests/src/hashmap.rs,modified,fc18963eba56b3228132126c8ea985a04b2ea46f,4472d1b58e633536eaa13617b3e5a63e0d6e06d2
aeneas,tests/src/higher_ranked_implied_bounds_borrow.lean.out,added,,b75ce9028b00640a959eeceeb9f3fad24d318dd3
aeneas,tests/src/higher_ranked_implied_bounds_borrow.rs,added,,c5e9ae94e06a880eb89a679846e7d25e757430c6
aeneas,tests/src/higher_ranked_implied_bounds_regions.lean.out,added,,60db5abe900cce014a08c8c72a8f842ea1497957
aeneas,tests/src/higher_ranked_implied_bounds_regions.rs,added,,37f8a88ed92954d11023f5a32a899fd2a8349bf0
aeneas,tests/src/higher_ranked_implied_bounds_types.lean.out,added,,f45292a619ff09cc85fed09e993c5bf06e6affe3
aeneas,tests/src/higher_ranked_implied_bounds_types.rs,added,,d1856f01e02b8684601bfbdb01682468f67dba15
aeneas,tests/src/higher_ranked_trait_bounds.rs,added,,d5f96a7a4f163657a70271dd8e2fbfe0b4c47421
aeneas,tests/src/issue-1043-iterator-methods.rs,added,,3a9c79815fbc6aa973eb21eb01be19cfd91d7bec
aeneas,tests/src/issue-1138-slice-positivity.rs,added,,bd57bd5e54959a08da32c666116d8950f80c6569
aeneas,tests/src/issue-1140-global-loop.rs,added,,543d99ff26963e9e92f0c1eab8d7062e0d050406
aeneas,tests/src/issue-1141-impl-fn-ref.rs,added,,df22f6e147860a924eabad74d04e31338904367d
aeneas,tests/src/issue-1192.rs,added,,b4ccd532962612d88e27ff033fa13a9b08c9fc87
aeneas,tests/src/issue-1206-loop-break.rs,added,,dd5951ba18a2ffeb480dc2ba39aba3812834f917
aeneas,tests/src/issue-1207-closure-signature-regions.rs,added,,422b0ceb4b72e7ef02a40f397a727445c9844c70
aeneas,tests/src/issue-1250-anonymous-const.rs,added,,3f09d1e60faea09d1626513a0a9f6693f6ac2f06
aeneas,tests/src/issue-1260-eliminate-shared-loans.rs,added,,8e5e9ebc457fc6e54d0cc91917d8a2fad20a6d8c
aeneas,tests/src/issue-765-hrtb-conditional-negate.rs,added,,6a58348d8f403932803d90819bbf0a293d1fc866
aeneas,tests/src/issue-767-adt-constructor.rs,added,,d4fc3957c119bf4a752a1a09d3389119069b5018
aeneas,tests/src/issue-801-hrtb.rs,added,,0a3fafd11c815cefd5ea5cbe0ae36c0687ccb091
aeneas,tests/src/iter_adapters.rs,added,,c82ab3a323fd69112eb64490c4e5f0e39f8cfea5
aeneas,tests/src/join-duplicate.rs,modified,dc4497c417eb8bbda8fcec2308e6825e0069c1fe,55791ecd1731a196850906cbd06b0bdb837c0e18
aeneas,tests/src/lean-keywords-clash.rs,added,,a8c418f8c731a524774e6ec65847dc88b179cef3
aeneas,tests/src/lean-keywords.rs,added,,2b2132959294c00c519141ea4e8688778c57b40d
aeneas,tests/src/loop-shared-borrow-proj.rs,added,,aed515331dfe6042cff7a6f824e85b73d1c7c94f
aeneas,tests/src/loops-borrow-check-negative.borrow-check.out,modified,a1510b50eeeb8855bcb2649d1983bda0418c6694,1c99d1ab6b021f7a32a2f264957cb5c54341a586
aeneas,tests/src/mutually-recursive-traits.lean.out,modified,d7d6c54d81761d6020aa8627592340ef43cc78f4,f85928c5db6676f472c67db8b6d275460c48cc54
aeneas,tests/src/nested-shared-borrows.rs,added,,90bfb04cb5333cf67ffd269ff95d5adc02f2a513
aeneas,tests/src/no_nested_borrows.rs,modified,707f7d6e1201d1220380dd565a4178806cf3a9ec,65e92bcf43423e47ffe87c941d7deb5ec505b3d7
aeneas,tests/src/order.rs,modified,3ffd618cb4c4dc6d1aed7b7c9675962a17863910,f8dd0bb2dd26bf349ef621de69a3b3980c45bc07
aeneas,tests/src/raw_pointers.lean.out,modified,74eb81fcad39eaa685249c66d129e6b01ba5a883,f02b6e2e192feaaccd77d64245b527bb208b49e9
aeneas,tests/src/scalars.rs,modified,4901accdd5350d23e244208eba767f8488afcc3b,d82e3cf1063f9f6df94eef6ad04d09c25df4d854
aeneas,tests/src/slices.rs,modified,13bfe864372318725d41e33a4179a74fcfdf1feb,4bf5b3a441277fc23d00ebab29698cbc2ee2f43b
aeneas,tests/src/step_overflowing.rs,added,,6704b06959747374aee39662681c3d20c5690a28
aeneas,tests/src/target-features.rs,added,,904bdbcbb2851d41142b4c0b3d389b9951dc59a6
aeneas,tests/src/tutorial/src/lib.rs,modified,f826062aad9479bb525e280fead69c458a3068cb,d856d4b6557772947edc9a9703606bc297d57a2a
aeneas,tests/src/vec-iter.rs,added,,8dbc1838149ba55e8ea995a182b20eeecf71804d
charon,.github/index.html,modified,c9f783f464b0339147d1cc5fdde2c8b45fd1756a,6287751336b0ed5ed9a715b7b63c540e2e4630bd
charon,.github/workflows/ci.yml,modified,a0611df9ddaae53926210fb7ade7242e3c57fc15,a8f1b2ac0dc01951435804693cf3cc913034e56f
charon,.github/workflows/doc.yml,modified,86cc68154a256ecb228a98c48b977965d81f5f0f,9fbc5eba55199811092035ec44fa8e924196fe14
charon,.github/workflows/release.yml,modified,6fb37440be5a89f199f7e00198e8f88bc1b6d91d,0e26afe5ff363d79d2aebf32b7a7087573d9c8dd
charon,.github/workflows/runner-heartbeat.yml,added,,a75fa8c534bf798df69de367a324e507c9f54fab
charon,.github/workflows/rustc-tests.yml,modified,2303345d1f08a95ec1688b729ce48506c42c4f69,0cdf1432320f6ae327ed48bed89d7200bd9b1ad6
charon,.github/workflows/select-runner.yml,added,,c6a1500a04fd256c38ebbd0e2fb17db494625a82
charon,.gitignore,modified,787bf11ac8e59809a5da10010f48f01747ee7b64,a779d005bbb7d86ae523369d5b51785783b2c33c
charon,AGENTS.md,modified,2aaeaaff1c5cfab4f01d81133ed6a37b7f175455,92854d2711f8713fcef49a9e9fe0888df6f22fe9
charon,CONTRIBUTING.md,modified,294e9b90c8310938b5755154010db1a0717c2633,4d6c53d5941a270fd2aaad3157358c956121433b
charon,Makefile,modified,f30b43029e000c0ae4f6f263fb256df2cc94e369,3f7b39fa356dbe3f5c8f477b4bcdcdffaf44d7bb
charon,README.md,modified,6470a71c857dcb64be248cdb5dfe67576d914c99,02e39bf174d9a3596daa95c0881483aa33b10e20
charon,charon-ml/name_matcher_parser/Ast.ml,modified,40463259f8dca57ce3fc806426a9f6693c30041b,14bdd60a8c9b692e57cc910a65b90fe78599759c
charon,charon-ml/name_matcher_parser/Lexer.mll,modified,8d1be6cf63c2bf35be564b492c3b88ea94dfcdb1,dd9fc573ec42d9f1715d82f3fd94d5e0f63ad946
charon,charon-ml/name_matcher_parser/Parser.mly,modified,e2c5161935e81c9ab8ab32a4de62a1064e19ebae,c9f34be99bce98ac9b1c13c7aecfc4a4caa44e00
charon,charon-ml/src/CharonVersion.ml,modified,ea6a2833a3432b63eb95b1bda95dc333f60d6b4b,56fb246e1100444f4181297356aa970407e60a0f
charon,charon-ml/src/DeserializationCtx.ml,added,,b29cd66d16ea7db9f7d26d7834f0bdcfff319567
charon,charon-ml/src/GAst.ml,modified,b65399c604bccf7bc86d4fae650e12bede763094,44111c42ea098cb152df2a6589e302f4bce21958
charon,charon-ml/src/GAstUtils.ml,modified,febac3768e86bb5872978de6d19580ec341e4148,1e83e92d88ca8fdd202c7b49e59c172787be7c4a
charon,charon-ml/src/LlbcAst.ml,modified,a3c5233fbe4b6e526b61d46d3cd8e0a37100032d,f66785c9bf70b45e2daccec355e651f067b378dc
charon,charon-ml/src/LlbcAstUtils.ml,modified,34cd4a53ec4edefdc99dc77ce124d551ac871d6e,768e00913d1dab15182f5bfcdb245bce6b2385ee
charon,charon-ml/src/Logging.ml,modified,9e46ad1b1c4cba581ed554930a74e5e4418e7b47,cde30814699af495b0e97c952c9129be88fcfd0b
charon,charon-ml/src/NameMatcher.ml,modified,cd4a71da9d071b1d75ea8fd99a3a08544f53b14d,1b2449af63093089d51bc860991968d51cd6b2d9
charon,charon-ml/src/OfJson.ml,modified,a30706a384a78d51cf5a2fe566028ba3e902d0a0,02b77216e638713535122e5b96e49b3abe9b1c5b
charon,charon-ml/src/OfPostcard.ml,modified,3236393ad4aaac8c3ec3648cc3f38fe6f248d86b,b82cd55418d00e2eaff5d749fb8e7934e74f1d98
charon,charon-ml/src/Print.ml,modified,54ef7ee52ee8d2710eac68a204efb696c2d2e8ee,b1194c6f0980719be0fa381e2b84e2a02bb6140c
charon,charon-ml/src/PrintFmt.ml,modified,d7948b2446482c43ddefe3a2409973c3c056918a,4d03176bf83daf798c34304c676e493f4337f381
charon,charon-ml/src/PrintUtils.ml,modified,e70516f2a8f98e557a02ca32ea1664811ba65013,739802bf248f7277551fb2e247cda318d8de563a
charon,charon-ml/src/Scalars.ml,modified,cb9136e7d050153b04748cfd827f966ba0830a80,91dd5335851fdca6e09ba46daabda7890d2997f2
charon,charon-ml/src/Substitute.ml,modified,8401f01a6a6f0ebb5fbfa23c842ed1ae41dbe2c7,53ba7b8f783f64d8953549bf23f0cafbc3df9e1e
charon,charon-ml/src/TypesUtils.ml,modified,8557bf05d2b1b965bccab29fe0cb26d0775e3213,4706b9e0a654429df1bfe90e57391854ce8355cb
charon,charon-ml/src/ValuesUtils.ml,modified,566af68f60dfabb8fcbeb173e0f3ee1c75115330,f2001d7a1bd6f9c1519bfbd2e5993444fa2101ad
charon,charon-ml/src/dune,modified,9951adbdc45e1db405b5cf5f5861dbb845a5a895,79c7820c34efcaffcd1d6374588386c75855fd75
charon,charon-ml/src/generated/Generated_Expressions.ml,modified,54e06530f09eccd1b9a9247c0683bce914d66baa,baff422ba2121396c2c63c6b4758e28d8c4fb53f
charon,charon-ml/src/generated/Generated_FullAst.ml,modified,86b1f46dd785315149f7e048f7143d7914fae228,9de27f2a8f0c21e43253dc386f2340072d06575a
charon,charon-ml/src/generated/Generated_GAst.ml,modified,ead90bf6c88f76bf949adabdc68cb0d7256e694c,11bcee0ca82778faf889b8250ecdf11b968855f5
charon,charon-ml/src/generated/Generated_LlbcAst.ml,modified,2a9a9aa71ae863fb3178eaee9f790de16a9f28ea,128b51e80103d1bc943a6f6fbc956335c92a6376
charon,charon-ml/src/generated/Generated_Meta.ml,modified,faf4e82b87ac6b63b461e93876f1445f5aa1d1a8,0fb887e4504728ced35a0365a4db2415830846ac
charon,charon-ml/src/generated/Generated_OfJson.ml,modified,b82b3475b953c231e39fb63ca93bc3adb9e0aa81,24cbf6118d4218fc8179f071b3a44dcb9f1277de
charon,charon-ml/src/generated/Generated_OfPostcard.ml,modified,0dc08b558440f3e31d864263147d6d2146324774,aac9134dd90dd1ab3c55483e5a02558335a31b75
charon,charon-ml/src/generated/Generated_Types.ml,modified,69aad6059931c8b365f7d1abb800e5716aec8ad5,f3f256b824d2c0d65be59e0670efaded79579d13
charon,charon-ml/src/generated/Generated_UllbcAst.ml,modified,da5a1d137a20111915bd00478fa9eaa2c5935f42,8a5856bf0d135ecc9332a66157f812a7ee763387
charon,charon-ml/src/generated/Generated_Values.ml,modified,6e0acac09247d06cc5a06258530db5eaeded11f2,d3cf1cc7924591c4d51cdd314ac2c42e14b7356f
charon,charon-ml/tests/Test_Deserialize.ml,modified,57e649bdfcb71d516a30ae739fb8612d7baae317,8d3d67f8f03135a1bfdfe10c7581aadec8b90d94
charon,charon-ml/tests/Test_NameMatcher.ml,modified,f4304bf5bcca5c72b3025243f72b618d92af4842,359c072d9408af036d7c5246a0d86a122dfd68c8
charon,charon-ml/tests/Tests.ml,modified,1d8bc2588381469eb809834a5dcf50bce0773542,0bbaed9d67566cc3f4087b49e649393283b62bae
charon,charon-ml/tests/dune,modified,48d8cf11bcc2529f1580f9a076c7c120adf79289,03930bbdf8a8e697b7f2df9ace9109b694f83d05
charon,charon.opam,modified,c89fe9b782aa105e2d647f208108066766c6a654,a68fc68b8af09bbb2e1211812db4f2ffc7a5a48b
charon,charon/Cargo.lock,modified,b623c6c4c3558f441ec2bc5281cec61080126c0c,0c3f07ea5752752a19f84168b2c65e60f1041b14
charon,charon/Cargo.toml,modified,8c9936202e7bdbdaaefbc19305363da1ab6c0084,b71eb55e7589f9c3d72dad8268fba5c548194a8a
charon,charon/Makefile,modified,393962a0a948776b8c8db4d374f556968a0cc34e,65432173ae459b462bba47dbbde51ac8d3607d3c
charon,charon/adt-into/tests/lib.rs,modified,efe14789d434990a3a78cf429fbaa1cadee9d0d1,6d4c9a09e136c33c538d7cf8a4674ae0869a545c
charon,charon/build.rs,added,,e326690f2364c6555353d5f88a92ed1a2ed6a227
charon,charon/examples/common/mod.rs,added,,e11d580a0d7f031c6408e86f9707d41a8920717d
charon,charon/examples/detect_threads/input.rs,added,,35f80fa1239b8e91321bd31a0b86596a3965a8ed
charon,charon/examples/detect_threads/main.rs,added,,ca225e34791e3ac51d54ba9c8cf1467fc2ba678f
charon,charon/examples/detect_threads/output.txt,added,,6fc53919af36b8f82058f3be7f9f9801eb1ce79c
charon,charon/examples/transpile_u128_to_python/input.rs,added,,13c543cf721e72599063a8184216b48a6434b31a
charon,charon/examples/transpile_u128_to_python/main.rs,added,,2d7f1fd3eca13e82d968aea72f2ae55612fa5b60
charon,charon/examples/transpile_u128_to_python/output.py,added,,427e0c0c0112ac0209737795c233e256ef735a22
charon,charon/rust-toolchain,modified,3c98116ae62afb83263fa1654037badaf569e1c1,e71f64d93e30c15c7ad9644124a493fa240cb9a7
charon,charon/rustc_trait_elaboration/src/ctx.rs,modified,f23fe250c49d6cffa32ba3125d1e88b1798a0ba4,a18084075747657f3068ca6f6616f9d39a5b4647
charon,charon/rustc_trait_elaboration/src/elaboration.rs,modified,af6a290c212be198c880d8a0f23313fa9fc9cf7b,27960a47c0fbb3dfd059001bf0f3f31733e3ef84
charon,charon/rustc_trait_elaboration/src/item_ref.rs,modified,0330969dc4c2cdac100bd226e36ee2239e41ae93,3dacb35361966dd2326eddfef6311c015c679de0
charon,charon/rustc_trait_elaboration/src/lib.rs,modified,e251b1b540e3abb17445694a3425be5b1d195d95,3128bf7d63280e48278e14fe1eef784577bef61c
charon,charon/rustc_trait_elaboration/src/predicates.rs,modified,ca662dab1939d61ccfce2aac9238ad23e50405ff,70967c6f5561bdaa7a4ccb8155dc320c98204ef7
charon,charon/rustc_trait_elaboration/src/utils.rs,modified,07c93e779f9fc64c2e9659644358422698fae0f4,604dc1cf6afdf28d87272890bf54e8a98a849c7b
charon,charon/rustfmt.toml,modified,3501136812cb639f6f93412fc9ef5bb7ce177a64,27eb4ba28b0b8e9b140994dd73713f8686ddaa53
charon,charon/src/ast/bodies.rs,added,,4980fe5a26393fe4d38a4956b7fdbc18338d48b3
charon,charon/src/ast/bodies/expressions.rs,added,,9bb3f0fa8217edb163938e22366947f73373dcda
charon,charon/src/ast/bodies/places.rs,added,,eaf71d41d077f52806a5656988fbc100263aa260
charon,charon/src/ast/bodies/structured.rs,added,,575b2556bf88277076dfe2bbe25d63e5bb8196bc
charon,charon/src/ast/bodies/unstructured.rs,added,,ae8c80c474f672fb14f6974434a03029334f455a
charon,charon/src/ast/bodies/values.rs,added,,a6318cf2cd005c94288a1d72e1846954a0190c8e
charon,charon/src/ast/builtins.rs,deleted,3d14a4898d8cc682e790f480e6f52acb6886b73d,
charon,charon/src/ast/expressions.rs,deleted,eeb2143c714ee8b429a59c2aaf9f097afb18a940,
charon,charon/src/ast/expressions_utils.rs,deleted,17d5b756a067506a41babbe14f107d15e974f7d3,
charon,charon/src/ast/from_rustc.rs,added,,5ad36d005e368741d1d075feb5109c057cbdfa78
charon,charon/src/ast/gast.rs,deleted,23044319a8f763d241912c5d693ed94cf597682f,
charon,charon/src/ast/gast_utils.rs,deleted,933f798d38f4188cfeb64c52cf82d34d482c5213,
charon,charon/src/ast/hash_cons.rs,deleted,5d2e55e6845f5dc16c7ffe59c2ff79f688a411fd,
charon,charon/src/ast/items.rs,added,,c87246760b1eabe8db47ba17f5383f09d31b0719
charon,charon/src/ast/items/fun_decl.rs,added,,d67f1c3b0b6272c6c4a9e9b2fc25d0e8672cccef
charon,charon/src/ast/items/global_decl.rs,added,,a4f86749f3418fd507e7a613d5789f56301173ef
charon,charon/src/ast/items/item_ids.rs,added,,2cd7bedf7d40317b9fd56171a8c6658534ed6ba4
charon,charon/src/ast/items/layout.rs,added,,23c502d758c39ed2d4978ce94fa4c14e2932cafb
charon,charon/src/ast/items/layout_guarantees.rs,added,,a9648d8e2b1a1d16b69d010ed79dc55454d355ee
charon,charon/src/ast/items/trait_decl.rs,added,,ab6a9a86752c3afae8b37ebc9e584754f6931c9e
charon,charon/src/ast/items/trait_impl.rs,added,,9877d5d21509428728a509473296f4492eda5f24
charon,charon/src/ast/items/type_decl.rs,added,,54d75cc4d20e3de02adf67277559b397aca90e9f
charon,charon/src/ast/krate.rs,modified,fabd29106ded9cc2116ce508cbae7ccfbaef4070,cfb83a859c403bdae6962110932d68bcf73800e5
charon,charon/src/ast/llbc_ast.rs,deleted,40f29f8a4b19f98e929b5fe82b8a009d813120ad,
charon,charon/src/ast/llbc_ast_utils.rs,deleted,541d610f012c69b1d25851846a99370d75312d35,
charon,charon/src/ast/meta.rs,modified,7a80a92ea1b3f3eaff1758554001e32019473237,a81b6bcc5b8de7e4397c93645541675dd25c7911
charon,charon/src/ast/meta/attrs.rs,added,,990e9867ecee98218b8dc9478cb1c5d202e411a7
charon,charon/src/ast/meta/names.rs,added,,71e5bd9adf8990c034946cfca5e170c143a8d5ab
charon,charon/src/ast/meta/spans.rs,added,,f16e0d950cf96e4ceb15181082a0aca425d2ad55
charon,charon/src/ast/meta_utils.rs,deleted,795723c998cf03c930d7c88200577786297f79e6,
charon,charon/src/ast/mod.rs,modified,c9004d68f0295823a11654947e77a1fc9c525c02,84a34a665621a0ce0f3c26a32e263d5a6c12dbf9
charon,charon/src/ast/names.rs,deleted,30441a758993d4f8f280702d175a2a6c7dc574b9,
charon,charon/src/ast/names_utils.rs,deleted,a3ba82382e4b9f4a77faf5a0620f39bb586c0d60,
charon,charon/src/ast/type_level.rs,added,,e0d986625867bc93d7596bb42d9c65a0674871e4
charon,charon/src/ast/type_level/regions.rs,added,,c20dadb4463f2de25dc5dd3b9bded02cfb57ebdf
charon,charon/src/ast/type_level/substitute.rs,added,,90e94b5e0c7ae2ca64d4d3201217cb89850efbe7
charon,charon/src/ast/type_level/trait_proofs.rs,added,,3c0e3641a5579ce9144b87b86f4e126a0b2322af
charon,charon/src/ast/type_level/type_info.rs,added,,ec3a73ddf6930712fed670994ee759306fff99a2
charon,charon/src/ast/type_level/types.rs,added,,5c12249b0f33b68565d8e7e92d7d62a32f268887
charon,charon/src/ast/type_level/vars.rs,added,,dd832b79eb41c954407c70f6936aab540a7f1f00
charon,charon/src/ast/types.rs,deleted,548be29762fdc4f4d1cd652537db6f54065ff6ee,
charon,charon/src/ast/types/vars.rs,deleted,cfbbf5b68602b60374efaa6721f5b3cf7da3bbc1,
charon,charon/src/ast/types_utils.rs,deleted,fbbe1caab444ad99d04aa31a5694a3e76c5204e5,
charon,charon/src/ast/ullbc_ast.rs,deleted,3c6179f10742b2ee82c8ca07e6d51be6c8dc7694,
charon,charon/src/ast/ullbc_ast_utils.rs,deleted,daa5cc00fbe857f67ee14592ad177b1532fb5bce,
charon,charon/src/ast/values.rs,deleted,3d1e0447f02b41f99254fd8e2eb32677f0bf2644,
charon,charon/src/ast/values_utils.rs,deleted,f6c930ea098bee29fd4f73569fcd0880de07b961,
charon,charon/src/ast/visitor.rs,modified,2c2970384e5ad6a06b26f21984c9d8e3b7d8bbab,02089ee8c456302905c3df79844cd620aa8a8443
charon,charon/src/bin/charon-driver/driver.rs,modified,3f90a7a31857aed462694066e5ffaa6e28b9dcfa,e8ad902cd513eb5308a422772c1b3fed6bb1eab1
charon,charon/src/bin/charon-driver/hax/constant_utils.rs,modified,522aee5f47feec33e1cd3fc45cb6f9be5d90aebe,a34d253313d70c245990700304e049d47877f814
charon,charon/src/bin/charon-driver/hax/constant_utils/uneval.rs,modified,d913bf83ae332dacdbb3752fb48f1cf6cc2886a2,bbd06651656e40d44f6c7e19ccaa6ecf4cac47e3
charon,charon/src/bin/charon-driver/hax/index_vec.rs,modified,1833907234a3f7f982f0a102afbc62fa08a869f3,dc110e365e7c729fcd2ada9ee6b81769a3c92d4b
charon,charon/src/bin/charon-driver/hax/mod.rs,modified,bf4e21dfd8bb09f9ab520ac2b87dadcf24c697f7,c4d20d99dfd515694e4461c3811f23f2672c4947
charon,charon/src/bin/charon-driver/hax/prelude.rs,modified,2e0f84778ee28076b4867ee4d085524596ca5d99,600a12e52194cfd16d0726c76b154a9419f7f034
charon,charon/src/bin/charon-driver/hax/rustc_utils.rs,modified,88c2155261916541911c1eb13412b60d56d9ea16,35f2a4e0ef9d707b0ae51584e80afb85c7b7591d
charon,charon/src/bin/charon-driver/hax/sinto.rs,modified,760cd26ef3a63a3d4483fa8ff6f78b1ab9f845bc,81d011f39b23a93c1a747847fedb2213cb893754
charon,charon/src/bin/charon-driver/hax/state.rs,modified,63fc236effb5b581582a8bf10f3c5934d857d6eb,15c19ac0000bd2871f220a961f51b2c1a1ad33bd
charon,charon/src/bin/charon-driver/hax/traits.rs,modified,be1944fcd4dd176c66d906ebbba96060253bc7c9,c167dcbc70c25b9644759e485cdad0e986d1697d
charon,charon/src/bin/charon-driver/hax/types/def_id.rs,modified,cb028715dca038d22b789951d7881b71d6223034,dd6578bb94990d3e2e94b1d107f5935452fa260b
charon,charon/src/bin/charon-driver/hax/types/mir.rs,modified,7a070ef9a443160773cf17335a2f3c1c41edd8cb,c7247f8a415fa3190237e0ef3b204bcd47622e76
charon,charon/src/bin/charon-driver/hax/types/new/full_def.rs,modified,3589b2d6586a709384a1b870bb2184d3e97a401b,43081c19728d2ea3bd56d7096ee80bd75ede5e85
charon,charon/src/bin/charon-driver/hax/types/new/item_ref.rs,modified,41be572af8e251a1cead6efc70212207447f0bea,192b412ef3331744ccabbf37126378c3574877d6
charon,charon/src/bin/charon-driver/hax/types/new/synthetic_items.rs,modified,7f8cba9f3f426fe2e858ae6ee3c5e8e16c081b22,f6e762ed14076e8796e582485260bfd37cbb1d96
charon,charon/src/bin/charon-driver/hax/types/ty.rs,modified,470ed2ff4d992efe30f8c4a09a3676111f304003,bca43c444f8f3ea251e29dd5de7f5aa84249519e
charon,charon/src/bin/charon-driver/main.rs,modified,ab74f3f3d12a869bd8c3c94083b93b7dee1c2482,5cc9c017abbabcd9e1a279bd02cf6724435988e8
charon,charon/src/bin/charon-driver/translate/get_mir.rs,modified,a1cd9ba131a1362dda55e85c25f29f4a9e28df69,84cdc67bbd56e4c51b4434cff57e0ebd1cf6e679
charon,charon/src/bin/charon-driver/translate/mod.rs,modified,fd9f32641a7e521ebd5a03510ce21d8241d72311,511c9a8dbd01dbcab5f844bebca6e5029a7e89a3
charon,charon/src/bin/charon-driver/translate/translate_bodies.rs,modified,c03ca8077f131a2ef701e9d27eaa9e69bb617124,d17b2d1f754ea12b0015284193b10a922060e9d1
charon,charon/src/bin/charon-driver/translate/translate_closures.rs,modified,2081ec4748d1073dd5af306fcacf7829c5596d0c,3e1aa52111d7e8b04c13def11102bf46c1aab1df
charon,charon/src/bin/charon-driver/translate/translate_constants.rs,modified,e0b037b340b3ef1b5316f7af472cd7632ba5e89b,74c7b083df213305b69efb3899edd99618240673
charon,charon/src/bin/charon-driver/translate/translate_crate.rs,modified,53536c6df6e241c9655840f6b1f8a4aca2113f90,76147551f62b083d5228ab65ab56d1fd8f86e0df
charon,charon/src/bin/charon-driver/translate/translate_ctx.rs,modified,e7e10ceb5c6d8ee1834ad2d11d021c92b1f5f6ec,aca1d4a707a4f629a351111f5ad0264db0c7b703
charon,charon/src/bin/charon-driver/translate/translate_drops.rs,modified,948ac38b6de14f5a8d97036a41eb02ec14df0b98,c8be9fb3cf2801c5c467ee8a6795c71cc4e199f0
charon,charon/src/bin/charon-driver/translate/translate_from_rustc.rs,added,,ee0a1f2578c8adcb07dfad62aaff39d3e1feeeb1
charon,charon/src/bin/charon-driver/translate/translate_functions.rs,modified,73e2379e7a2e2fd3a7ec5a9ea985a7abb5091078,e0184b701ac9d1afda74601e7c066bb7535ad2a7
charon,charon/src/bin/charon-driver/translate/translate_generics.rs,modified,7475da93f6e6b54cddce6df15a9af467d05afad1,764d63162566be6cbdce94200c76735234d164e1
charon,charon/src/bin/charon-driver/translate/translate_items.rs,modified,7964644be017856c6d165545a67bd6ef06e0c85c,4f618c627548c96e670aecc790ad48a5ad27a2b9
charon,charon/src/bin/charon-driver/translate/translate_meta.rs,modified,187a703dff83687f369f1903c6646aabdff259d3,4ea2927e25bb47cf8b294ba084b767934724ad9f
charon,charon/src/bin/charon-driver/translate/translate_predicates.rs,modified,97ca285fb2573c0abb02d7ac0e8e6c2014e24379,2959ac06f64b61fe3a9ab2db232d50d369f20a13
charon,charon/src/bin/charon-driver/translate/translate_trait_objects.rs,modified,5bd6335059df4f1a028dd124045b257c550ac75e,d05b8f6412efa4e7ac347a18ac65c68c21abe8e1
charon,charon/src/bin/charon-driver/translate/translate_types.rs,modified,35bef6ea79992c65ea934413765fa95f631274e6,7859c711600a1b6faf582d5e78fd307fdd4622f8
charon,charon/src/bin/charon/cli.rs,modified,3580a74c6079079510aba318949810bc1a95a15f,ac57c3a555f86fd286de7b5c16d166e3fd0c73f3
charon,charon/src/bin/charon/main.rs,modified,b4460ce4cd3baa32308718e79b6e194860b042a6,a5aa2c459ccde69502093dcf6988f2a5d314c7d3
charon,charon/src/bin/charon/toml_config.rs,modified,7bf93adcd601d300180b89315190591643de5e8e,dcc85aa6fe977363ee97fdd1d0b0904998724e6d
charon,charon/src/bin/charon/toolchain.rs,modified,b35d1d0236cd7e1c5f68ad5b80b3371b82f2e784,d3d76688dea846c1384a934cb72874316c981b82
charon,charon/src/bin/charon/ui_test.rs,modified,d1c9a662d11d5ca8a214d8b5bc2ab1ed32db8d85,2565d7af327b6119837c2b0b90f45e87eabfc886
charon,charon/src/bin/generate-asts/generate_ml.rs,added,,1910691fe966ee821df8fa9b108d2bb10c0f6817
charon,charon/src/bin/generate-asts/generate_ml/of_json.rs,added,,78474aef2ce0672138722db61e6cd92125d6d79b
charon,charon/src/bin/generate-asts/generate_ml/of_postcard.rs,added,,155b20be1ac9d36ee413b62e689dd66fab915912
charon,charon/src/bin/generate-asts/generate_ml/templates/.ocamlformat-ignore,added,,7166b260b6b69a7f802d21a925805e633ce7b30a
charon,charon/src/bin/generate-asts/generate_ml/templates/Expressions.ml,added,,d28e116b0a45007ccce7375333e574d16636dce2
charon,charon/src/bin/generate-asts/generate_ml/templates/FullAst.ml,added,,7ede34f0cddd42a81d5e017baac3b6ca665cdbab
charon,charon/src/bin/generate-asts/generate_ml/templates/GAst.ml,added,,88b05fd8110118a2a7b7fd0460a12ea8f78be319
charon,charon/src/bin/generate-asts/generate_ml/templates/LlbcAst.ml,added,,90194ea09b52a1aa6aa526f3d86bcea5c2c952de
charon,charon/src/bin/generate-asts/generate_ml/templates/Meta.ml,added,,8f3c41ff6bf46a359476baf56873c448ebc3778d
charon,charon/src/bin/generate-asts/generate_ml/templates/OfJson.ml,added,,2e40c03f7e21966fc5fa03cb61365b109d4dc2a5
charon,charon/src/bin/generate-asts/generate_ml/templates/OfPostcard.ml,added,,4cbc91ca5d4fa7b0a5a5fd8e918da071f65a8701
charon,charon/src/bin/generate-asts/generate_ml/templates/Types.ml,added,,7de0b2b4ca4f8048ca2b3f61606bddab0ad78589
charon,charon/src/bin/generate-asts/generate_ml/templates/UllbcAst.ml,added,,f5290323527fccca5a9c7de65a2705f989af1c92
charon,charon/src/bin/generate-asts/generate_ml/templates/Values.ml,added,,d5209a80c143e6b914656ca49f69e7c66e3775b7
charon,charon/src/bin/generate-asts/generate_ml/to_ocaml_ty.rs,added,,0feadeb59e4b49a71c8c0d8322ae7a02a037cefd
charon,charon/src/bin/generate-asts/generate_ml/util.rs,added,,ba686efbc3974ee36efb2bb37c4930a5a784b13c
charon,charon/src/bin/generate-asts/generate_rust.rs,added,,7f73a5f36e31122dc7b32334f9c251a9911844d6
charon,charon/src/bin/generate-asts/generate_rust/ast.rs,added,,4493cc13f6d7b768d5a797fb656c233bb2fd0dc9
charon,charon/src/bin/generate-asts/generate_rust/translation.rs,added,,d11119b21f5896d8912dfae3d37d22fc3e26a775
charon,charon/src/bin/generate-asts/main.rs,added,,3dc148b5db1c538601af64c5ffaaa46166817f8d
charon,charon/src/bin/generate-ml/main.rs,deleted,9684c62f85afe8b5ce5d15acbfe355517ceb4409,
charon,charon/src/bin/generate-ml/of_json.rs,deleted,839ef3d5397fa36d84711776e46eadb075875f9c,
charon,charon/src/bin/generate-ml/of_postcard.rs,deleted,6e0c9a98ddd4488960ecc6feaabd39c79525e84a,
charon,charon/src/bin/generate-ml/templates/.ocamlformat-ignore,deleted,7166b260b6b69a7f802d21a925805e633ce7b30a,
charon,charon/src/bin/generate-ml/templates/Expressions.ml,deleted,76d7a1fb13c0fb7008332bc02c87516abbc4dfb5,
charon,charon/src/bin/generate-ml/templates/FullAst.ml,deleted,5473917929e4473e3a5039c9126867b0b7b52330,
charon,charon/src/bin/generate-ml/templates/GAst.ml,deleted,deb6f8735d54403bffa3cf2045620eb89f8a595e,
charon,charon/src/bin/generate-ml/templates/LlbcAst.ml,deleted,d917ab9e4cc83582cdd7e7e2f92a00b1936602ef,
charon,charon/src/bin/generate-ml/templates/Meta.ml,deleted,da665f2762a1f7c9bba34558e8253b9e54c48ad5,
charon,charon/src/bin/generate-ml/templates/OfJson.ml,deleted,07a3873eb793d3d3fb07a6eae39ce2da0e3d43b6,
charon,charon/src/bin/generate-ml/templates/OfPostcard.ml,deleted,6bfd460489e640e8cbc9d9be6d7596ff0d2c6562,
charon,charon/src/bin/generate-ml/templates/Types.ml,deleted,1f43aa4e885032e7a851571b62699f3f208c5b1f,
charon,charon/src/bin/generate-ml/templates/UllbcAst.ml,deleted,f5290323527fccca5a9c7de65a2705f989af1c92,
charon,charon/src/bin/generate-ml/templates/Values.ml,deleted,d5209a80c143e6b914656ca49f69e7c66e3775b7,
charon,charon/src/bin/generate-ml/to_ocaml_ty.rs,deleted,98d5caa792afd85494473edebf0b1d762f660aa7,
charon,charon/src/bin/generate-ml/util.rs,deleted,81be674ef88d871f0361a1e6cd231e16065f4969,
charon,charon/src/common.rs,deleted,d3952477550fd57ef46f616f6f8aca96133edf35,
charon,charon/src/errors.rs,modified,e4107c6deb5741d523d2220820d1ee0355adb3c0,d45dfad1144e7a9a4f90df27e77b6dc50aef69d5
charon,charon/src/export.rs,modified,d5428958eb870f9f8531a8d193385c6be782338a,825319eeb8317127c61de7da83aaaeda05364518
charon,charon/src/export/multi_target.rs,modified,a5e3516521e1c107db5800fd7e806b20c2c7e6df,0b3841e6b7b2fde481079f8cf5fc0bad35c78e51
charon,charon/src/ids/generator.rs,modified,12d1922f4d444536e63d6904fa0d9301f3d3c6f0,16dcae85024b1cd82822c12ea2b73ab60c89a371
charon,charon/src/ids/index_map.rs,modified,2b0096acc7e1da2f897d590d3ff92a66d56d809c,47c5194341c4b7d8348a1587bf6d26bf47b90517
charon,charon/src/ids/index_vec.rs,modified,64a4c4249fa410b96b96f3a62c8542b88c1ca157,b59141bd2a623345ad669e11e15773e459ba5624
charon,charon/src/ids/mod.rs,modified,b507cdcc1ba413057544870cf77434c5ec2b33b8,9218619b76ec726d0c4e58cc82f35530f7f0cf09
charon,charon/src/lib.rs,modified,a5530a1778d231297d8e480cf11531b141125a4f,c8203882503c4dc8ee7e0cdcae46f746e3608ef9
charon,charon/src/logger.rs,modified,2984a9c63e80302e1568a322a78b8e1d2aa263ba,9d1ebde8bafe0f54845d12ef62923397ffe62db8
charon,charon/src/name_matcher/mod.rs,modified,17d2683ee660595a75a56104c61d3ab162f54a6c,8d3d46d7a0aa47d57795080c3ea9c66e8277555a
charon,charon/src/name_matcher/parser.rs,modified,fc5f292ba4f7038190c168070f5a3bf40d1f9014,fbe6082f437b378b53d0664f3a626f60d22dd507
charon,charon/src/options.rs,modified,f08f8bae08d7fb5f38773c0be038d925fe80cb4c,60d58003c5125fe5008c16a299f1364cdfb458eb
charon,charon/src/pretty/fmt_with_ctx.rs,modified,7ac86f64f25d08094451ca755b399615cfe05c55,63ea2263e10564f62c4dff993303e7b3a61f52d9
charon,charon/src/pretty/formatter.rs,modified,3d03cc1195b2153de89a95368822e6454fde0b98,21a722913feca4a0d4b50d1006a23c21886a1f2d
charon,charon/src/timing.rs,added,,f81d7f67aa350ee62b297d788db1896f3c014889
charon,charon/src/transform/add_missing_info/add_implied_outlives.rs,added,,746e9c832eb2398336b9df4d2686e66c9d59453e
charon,charon/src/transform/add_missing_info/add_missing_alias_clauses.rs,modified,ce8ad412edd7a95c612020c97c37bbd2796a8f49,c31618ddc79c85c5f6e15a9de947dd25887e7e4a
charon,charon/src/transform/add_missing_info/compute_layout_guarantees.rs,added,,2548fcbcdb4a83a02a067fa73812cc918fea4ee5
charon,charon/src/transform/add_missing_info/compute_short_names.rs,modified,1a502b53b2d1909c1000ccf5ca04fb835452fdf6,919c772ae6404abe7d49c66c1d9f815213234f66
charon,charon/src/transform/add_missing_info/detect_drop_flags.rs,added,,f7a0192e245b243f32026771a82502d5e9f82eb4
charon,charon/src/transform/add_missing_info/link_specs.rs,added,,655f81395881db92b58d6a20b93e165c720e734f
charon,charon/src/transform/add_missing_info/recover_body_comments.rs,modified,d1defb3d5b552c4f1309f9b7990b0ce1cca492c0,100fd9031b211d48fbd5dc13eb052767966cc12f
charon,charon/src/transform/add_missing_info/reorder_decls.rs,modified,256a7143194c31b22fb2809637d3991253f5d3ae,3802cb1126d2031dc53bcfc6eff6985f0f2ae762
charon,charon/src/transform/add_missing_info/sccs.rs,modified,8319246f62a38b1d58a34cef50b5d35838716a23,b4d180c1fa30a6fecf4c69853a1405c8081a5a37
charon,charon/src/transform/control_flow/duplicate_return.rs,modified,3c8f3ccf71cb9327673b187e7194ddfeeb50641d,3464b3435cfd10a8d525d8262be6416d60b7cdff
charon,charon/src/transform/control_flow/merge_goto_chains.rs,modified,a3eb103ef198ba61374be1e8c77dbae26c4fa184,e218a376466968ffe303fba778ff49346cf41997
charon,charon/src/transform/control_flow/prettify_cfg.rs,modified,d70bce97ec067bd9bcbeee10e031d9a142c474a7,bf3699fa5a7d322f34334c831ab18b4cb19870d1
charon,charon/src/transform/control_flow/ullbc_to_llbc.rs,modified,07322359e92f92a4d8b55865a67257bedacb0a62,afe6f71e27ce3172c27cf68d91a26ef5525079b6
charon,charon/src/transform/ctx.rs,modified,e0b36673fb9b60142109b5f4a882dcb402f025ff,f6d2c8b0f6c2cb035d30a19c849caaa630eee014
charon,charon/src/transform/finish_translation/insert_storage_lives.rs,deleted,62a67c0d0e2f836d4855b2370697da13bdf8a843,
charon,charon/src/transform/finish_translation/insert_storage_statements.rs,added,,51b89c118f2aca3adfcae0680b05ce1ebbfab7f7
charon,charon/src/transform/mod.rs,modified,8d9ec016c3b6e42ba0cbac180546551d4a52587a,6fc5af78e919be7c23f882d0a250a9735326117f
charon,charon/src/transform/normalize/desugar_drops.rs,modified,b84f1d30fce1a74a21f7b9abd449657e9227954f,37e4a4e48d122b9de96c3093e76ae86d113b1d31
charon,charon/src/transform/normalize/expand_associated_types.rs,modified,04c0d0c3ec2d883be87845ae30f198ff0372dd33,7f8c3f26f6e24176d22b341e546c73389a80f89d
charon,charon/src/transform/normalize/filter_unreachable_blocks.rs,modified,f50201cba1822f1c87e16ee5e301139f4c0ce828,9ff328a5adc5fbd33db692e0e1e5ee2bb3a77429
charon,charon/src/transform/normalize/normalize_trait_refs.rs,added,,03d4af2c5107f8093517c3b94a0b3b8fae18f344
charon,charon/src/transform/normalize/partial_monomorphization.rs,modified,a724e4e5080992e7771de1aaa1fb98f1443ff333,08e2c56382579af48ac2db33c808bc3885fc784b
charon,charon/src/transform/normalize/skip_trait_refs_when_known.rs,modified,f2c5afb45727e7ed3a8973cf78a4ad11d7f7bc5f,29567b0f5ed9ef7c982fd0004f10adcf23c07200
charon,charon/src/transform/normalize/transform_dyn_trait_calls.rs,modified,2d8bebcb0338bca47c66db19e3d970083c8f872d,818e87a0ecce4b01ca9056f684dc2a203702bbf5
charon,charon/src/transform/resugar/reconstruct_asserts.rs,modified,79dc0d235779b929d3e74c41ea770dfe7754a55b,1402250e59e615fe56f1d864b0afbe2b7647d62a
charon,charon/src/transform/resugar/reconstruct_box_derefs.rs,added,,ba6a54bffacab0cc34292802f3c68fcee9ef4c3b
charon,charon/src/transform/resugar/reconstruct_fallible_operations.rs,modified,8f9fbd4b1b33e7eb9240ce9f2ab64e9b6129548d,0c142d997250db6afd6c711b684a5d56ba13693b
charon,charon/src/transform/resugar/reconstruct_intrinsics.rs,modified,f13ec694f9802a02080abd98cb1155a51387c24d,1269838e436f4c5387f793e1ad0e57c1e5993f9e
charon,charon/src/transform/resugar/reconstruct_matches.rs,modified,c81d3bc0c43dc47948b8d7edd1bbea906f4ae5e8,1a787e86663429d99757dbd9c77da21419bbadac
charon,charon/src/transform/resugar/reconstruct_vec_boxes.rs,modified,585b7e74707d70dcb738ee6d7a58b5c45485e242,9246cf621ebb7a40bd5fa2e4b5f5a17e4730793e
charon,charon/src/transform/resugar/resugar_drops.rs,added,,f7639eb8cf0d91b6775ce163033f6ae8914f3813
charon,charon/src/transform/simplify_output/anon_const_to_call.rs,modified,4031c5c2d0ae324e9faaebfa4961ea2b5639e5ec,2e945886ebc529d65ceedf41f4a75560bfeba8bd
charon,charon/src/transform/simplify_output/builtins_to_function_calls.rs,added,,87ff3da337dfc598773da71aeeacc6e12fb3444e
charon,charon/src/transform/simplify_output/duplicate_defaulted_methods.rs,added,,dba912918ce3f25a5787ac20c6c55e3db90afc78
charon,charon/src/transform/simplify_output/filter_trivial_drops.rs,modified,0ca1b0cdcdce96ba0b846f96ed458b3b1fec8d37,6269fa2ae9d420bc01d405db2de686d11544635c
charon,charon/src/transform/simplify_output/hide_allocator_param.rs,modified,23fc33355d0561024a1479cfd139837685d9103c,fc7058b301f552b9b5ffd64805e6e0f8aa76152f
charon,charon/src/transform/simplify_output/index_intermediate_assigns.rs,modified,8607169327d2a1e706d29771d1d4c8c4c7e7d266,8b79ae36729e1038caa2b097b411f23803db136d
charon,charon/src/transform/simplify_output/index_to_function_calls.rs,deleted,c607033ba44022839f159c322c40c2d07010208b,
charon,charon/src/transform/simplify_output/inline_selected_functions.rs,modified,3b219ae290896e4d59323c0d21820fae7e7ed7ce,15d981976cc3028c3b0df69c6f2ac640d17b354e
charon,charon/src/transform/simplify_output/lift_associated_item_clauses.rs,modified,6cdde6df0b3e792baf069fe8500d3707c2843c8d,3e5aa1c5ad8b2d5b03624debf340daec681459a3
charon,charon/src/transform/simplify_output/ops_to_function_calls.rs,deleted,5f8ae571538eeef5fa91fa2c3a914c1ca94f1c52,
charon,charon/src/transform/simplify_output/remove_adt_clauses.rs,modified,e142b647f0c568ac2776859ff409da86b9b1a708,3cb85042107304e4513d41a550fd558e05f532ae
charon,charon/src/transform/simplify_output/remove_nops.rs,modified,b332fbfa11114461147625933affd5b5be4d71f2,da8db8c252017f1489dec971ce4259be8e20033d
charon,charon/src/transform/simplify_output/remove_unit_locals.rs,modified,c025484d83939fc5e8ea6396bbb6bf01890fd87e,7bfce6153383c5857dfdb38c1272411bd8789b3f
charon,charon/src/transform/simplify_output/remove_unused_clauses.rs,added,,f3b4046a840590998df2b8dcb9040d731fb87163
charon,charon/src/transform/simplify_output/remove_unused_locals.rs,modified,45d38b00c5628cae815d5285f0dedc5c895e9046,8bf1c90f98dd94c7a99c320a82c40cdfcc89af38
charon,charon/src/transform/simplify_output/remove_unused_self_clause.rs,deleted,bce4d85213512f57043bd9c4a9b45aa1947f78c8,
charon,charon/src/transform/simplify_output/simplify_constants.rs,modified,bceb3adb006a643352a2e8933eddacb0a2cfd531,ea21ba3b113687f93899615fb0fdcb87e3bd0960
charon,charon/src/transform/simplify_output/unbind_item_vars.rs,modified,21916c3c33c546e53041796ce3ab9fd44a8d137a,82722cc0bd05900b7ddde70275cfea6b073555f6
charon,charon/src/transform/simplify_output/update_block_indices.rs,modified,52b74bdb19b050bcfb3e103db3d0e7e88c7798f9,52bf95143fa89c99f1ca6a0d2411787a1640942f
charon,charon/src/transform/typecheck_and_unify.rs,modified,85e84037b6990534c41f0b396fb8b9011d761a2c,8e1cacf69ae3f304d3e44764298925228866a18a
charon,charon/src/transform/utils.rs,modified,b43a73a615cff9051931bbd9cb702dbee4bce104,47f300fa7881d466bb922f8dd03de45d462f9737
charon,charon/src/utils.rs,added,,44ddfa8aa7d78185c34c24d8ae699b18e22eaf53
charon,charon/src/utils/dedup.rs,added,,f4c36647f0106816810c9a18c27897d22278951c
charon,charon/src/utils/hash_cons.rs,added,,f19dbc083767253846600119fd239105f6126ba5
charon,charon/tests/bench-popular-crates.rs,added,,1659cac397a43ba766cce1b3e308a462cd300345
charon,charon/tests/cargo.rs,modified,7f2076f3c042a07ae39d52265106062867a83349,6c064a9b889231283739e99d300971a76eefaac2
charon,charon/tests/cargo/build-script.out,modified,6b4c8406979a3cd02c6e6c0af8523a62145302d0,17510ef3cb4902260d37b5d38cbdd9decc1dfa5d
charon,charon/tests/cargo/dependencies.out,modified,742691c9cd803ae12b0fd9bc019f7ac9a0b94f8a,c3fecac55f25f893cc0a3d95bf92dba9319242ff
charon,charon/tests/cargo/error-dependencies/src/main.rs,modified,ea3a78146649753fb99ea7ae24adf6f966494fb5,729338ebafe49e2f62bfdfc51b29b9b1c386de04
charon,charon/tests/cargo/issue-1298-absolute-path-for-generated-files.out,added,,b742f3bd5648956163b8acfe61ca145ce8daa202
charon,charon/tests/cargo/issue-1298-absolute-path-for-generated-files/Cargo.lock,added,,1a856d63248ade78ff2503791fb8b3d1f21293ad
charon,charon/tests/cargo/issue-1298-absolute-path-for-generated-files/Cargo.toml,added,,7f571fe22d2851dfcfeb9acf094eb9e0b7d476d8
charon,charon/tests/cargo/issue-1298-absolute-path-for-generated-files/build.rs,added,,f22cc4821bfb542b6925585591cec33a055351fc
charon,charon/tests/cargo/issue-1298-absolute-path-for-generated-files/src/lib.rs,added,,5dce76e78691ee0c99b4cb1851f29fcc3ee88687
charon,charon/tests/cargo/issue-396-lib-bin.out,modified,c126d8ee0dc37b5046f9e18ecfef96c96f98eacd,581940fa1fbd5aa3d297ed90963de74501a25549
charon,charon/tests/cargo/issue-412-dup-deps.out,modified,e5834b7364c27e866a892bcca74296dcd5b1f035,839e6f19265ef6243618936579b4cc6c30f55030
charon,charon/tests/cargo/multi-targets.out,modified,ef98e938d5d6614f3e4ce62dee5593b554d7473f,2a7a473fc140eabe2cfa555cfd1edc9d40adc60e
charon,charon/tests/cargo/test-attributes.out,added,,77b75d2cbdfedfbe1a07fcf9ae1d08c263cbede6
charon,charon/tests/cargo/test-attributes/Cargo.lock,added,,a2b5a111653578c7a6e404da380bfc2d03728b75
charon,charon/tests/cargo/test-attributes/Cargo.toml,added,,492e70babbe3d6be761ea4f63d8631ba33c0c02e
charon,charon/tests/cargo/test-attributes/src/lib.rs,added,,958d6b2c393b8950b7cef052fa3ecd403b5775a5
charon,charon/tests/cargo/toml.out,modified,943622a32a134d32cb0909143a5b7e0431e62d58,303f1e9b0af23c1387656c8d359a8cc81486571b
charon,charon/tests/cargo/unsafe_.out,modified,c552f00b03a3fd7a6ff7c6d175bb9b36e11367a4,39ca5f05238085d2ae309ad6d3ce30e43230f6bc
charon,charon/tests/cargo/workspace.out,modified,d07a1ec644adcfcd70c394eb2775e2dc19d04ab3,5e677f3c1b9148cad63a128db7ed28791570bf96
charon,charon/tests/cli.rs,modified,bfb2b328d0f390e0d926796a67c3574a73520f77,3445ee22af03463d30512a72243f9a723a2d1bc9
charon,charon/tests/crate_data.rs,modified,a40232f9411696e47cf5bbebad393c17baa45d57,de47b66dd16912206b4e216870441b44db7e2603
charon,charon/tests/dynamic-sized-type-info.rs,modified,89c03c7882de6e93b32c6c33e7c8c6c36d15a7c8,c6b9ee11c8f1fc1535c8cb0c1f8cb37f1f36f817
charon,charon/tests/fuzz_layout.rs,added,,89a96388b3e389d93d98eb3e65d6cf70074524fd
charon,charon/tests/help-output.txt,modified,dd724b5aa48efaee9a36fb29159a9956d31e4a9b,3330cdade571caa596e35f010819594816632e35
charon,charon/tests/layout.json,deleted,3bc14852304b384e56e7bc3313643b2b9b9eff13,
charon,charon/tests/layout.rs,modified,521847f0d98fa5503f6fd4a13efe94d040d23c29,f07860fa35923892df733b08ecebb82f594e1fae
charon,charon/tests/layout.txt,added,,f5b9bb5edd72728ae766aa95b445f0db9654c2d8
charon,charon/tests/popular-crates.rs,modified,c19c7315753cbdf0288df67b28a3f0548c468ae7,23fcc8866fc00293df2e67dabfee6cb0295e1922
charon,charon/tests/ptr-metadata.json,modified,793c01d15e4271c31cccceb9459b61e210eb94a7,45b1ee603e05d996ec9114585d310711492d5163
charon,charon/tests/test-rust-name-matcher.rs,modified,35f033ef4bf86791fb7f75317bfa182450792882,23734fcc41a9d687c7c5b30ce1d4036748e56d36
charon,charon/tests/ui.rs,modified,b3355604e37cf2d026a68c77aae17f3a57e65f3b,16d2e59bd87bd7e784f2ba4d69838f13d413817d
charon,charon/tests/ui/advanced-const-generics.out,modified,4cfa6ed2154cad1ee304f842d72de4ead967d4ab,a77f6602be614f7cdfbff4e50067d6e8c828d67a
charon,charon/tests/ui/arrays.out,modified,36d7231246e9b757fbec0228c098d05005a49cea,999426a7f3e839b10bb10cc760bc19cda4f0d248
charon,charon/tests/ui/arrays_const_generics.out,modified,2c3eb89220d44e821ad69858529a1d5f0a15b14f,25b018713723d9e5d665955dd55497a795653eec
charon,charon/tests/ui/assert-kinds-reconstruct-fallible.out,modified,a995988558e2f5068d59e59ae57b70c26799d22c,3d710e85447104258e0d4c70d0e3e628f3fd9681
charon,charon/tests/ui/assert-kinds-reconstruct-fallible.rs,modified,603081696eca6d2515cc54ef8e83c10daf8529da,bc775b525d7c0a684dc65dad9507f293d63a45e3
charon,charon/tests/ui/assert-kinds.out,modified,db0348e43c3a956e142730702ec69cf76e9d5252,4e88763ae32ff92501970cddf32103f3837814c8
charon,charon/tests/ui/assert-kinds.rs,modified,7842e26942b462228a12665095cffbaadc064daf,670dbb29082446a7feba3c6cea10ac85ae34355e
charon,charon/tests/ui/assoc-const-with-generics.out,modified,30d515f82a9965131a61dfcbc5dd99375349e732,e1b3894b3d254bdd2ea85fd4820487ab8fd6068f
charon,charon/tests/ui/associated_types/assoc-constraint-on-assoc-ty-nested.out,modified,9dee3ccb25a6b0a5d8401f3550d8c84a5c81e9ea,ed0bb3443c6e38e06041905bc7a4cb5dfc07e2b8
charon,charon/tests/ui/associated_types/assoc-constraint-on-assoc-ty.2.out,modified,3ce43e0b99d3b25b1de6a6dbb8ec4bef5d4ea160,0da07305b9488a3a3e195793e59f42e4e4943a69
charon,charon/tests/ui/associated_types/assoc-constraint-on-assoc-ty.out,modified,87ab23d313cad7e92e7d27df884e0bf7435a7d3f,897d5148a04b7eb2d9cf7ec2d80f9075baed8360
charon,charon/tests/ui/associated_types/assoc-ty-bound-refers-to-assoc-ty.out,modified,2121caf7fb223f18521a420bd39b8e2e93dc5221,3903078511cff4582c68cbd9c7448ff263d95364
charon,charon/tests/ui/associated_types/assoc-ty-default-with-self-bound.out,modified,d54507a0c5a39a881290f1dd47ed357f7600d321,e5ba9afba6eb509bdb15fe5320bc26db8047e17d
charon,charon/tests/ui/associated_types/assoc-ty-via-supertrait-and-bounds.out,modified,9e4d2c447083e8b75851302eaf735a002eb3019f,240f90321678bc443788bf38f6e36e169f822306
charon,charon/tests/ui/associated_types/assoc-type-with-fn-bound.out,modified,d41bdeda9e97b6f7102a50b34afe68728f8ddfae,5e5b20f6be13078a65259bfc70db41040a5a31d4
charon,charon/tests/ui/associated_types/associated-types.out,modified,4658c0e57acdd9287d41984bf0d73bba60320a16,b04b09460cd569cca97f34e26a3bf1b51b2caf9a
charon,charon/tests/ui/associated_types/closure-inside-impl-with-bound-with-assoc-ty.out,modified,2d5cf91ac33af1359ae75168bfa9c995b3ad7154,98b7a61e5f527dcf93d102d559f74f339d02ac24
charon,charon/tests/ui/associated_types/dictionary_passing_style_woes.out,modified,48f32a3477edbf23f03d336d22320b6e54bacf95,b322ad831c79d688ed894ae0ec1301bbf3fd7893
charon,charon/tests/ui/associated_types/gat-used-in-method.out,modified,5744c7b2debe34de275eb4b3e468bdae1053d8ad,5c99a3176a987ecbb7b207a74502d583766baed9
charon,charon/tests/ui/associated_types/generic-impl-with-defaulted-method-with-clause-with-assoc-ty.out,modified,8a83f7c0dfc901a111875a2cefb2f637c5559e84,c46b57308548d811bd3c6ae4367459a72d37ba9e
charon,charon/tests/ui/associated_types/impl-with-dyn-assoc-ty.out,modified,5734b707f105c2af2104ace1069d28079bcbd1b8,bebe08433722e73a8379944dcf83244fdbd3bcdc
charon,charon/tests/ui/associated_types/issue-1036-failed-assoc-ty-lifting.out,modified,261ee470c2df7ee2542255eca89ab6dac2a1fdb2,722c1894834b4dd5f8159b054bf967f86a122a4d
charon,charon/tests/ui/associated_types/issue-1068-double-visit.out,modified,98b64b6e070d89f0eb3c9c9182a02c40ccc05a7e,f764512d0e7eeb1d645165165cf5d29f06517a03
charon,charon/tests/ui/associated_types/issue-1068-gat-with-assoc-ty.out,modified,33ff822d38c5cc7dc5f425ed20fe0ef21bd9a7b2,92b06af767fbe37991282429badd35a125ffad5e
charon,charon/tests/ui/associated_types/issue-1078-default-assoc-ty-self-ref-clause.default.out,added,,f2f9bb5f9b1a1c988836b17b33d3fb9661111db1
charon,charon/tests/ui/associated_types/issue-1078-default-assoc-ty-self-ref-clause.out,deleted,f83435b138d3c1a38c8c88d7fd9b304d6c930218,
charon,charon/tests/ui/associated_types/issue-1078-default-assoc-ty-self-ref-clause.remove-assoc.out,added,,2fa53c9155df6c907341d9c3567eaef92bbe2f93
charon,charon/tests/ui/associated_types/issue-1078-default-assoc-ty-self-ref-clause.rs,modified,28655652f9b8fefba64876f8bcd6a2d5730c6767,7bce7c0789bf4ca14fbcda365080a11c99861271
charon,charon/tests/ui/associated_types/issue-1260-self-ref-assoc-const.out,added,,62e514e10a4d135a806db37b7e5006786d69f223
charon,charon/tests/ui/associated_types/issue-1260-self-ref-assoc-const.rs,added,,ab1aa3a616db431eb0b77e41963fb62877a4878c
charon,charon/tests/ui/associated_types/issue-1326-assoc-through-supertrait.out,added,,83a5851ea2851cd5eb356a035bf5df0641c609f3
charon,charon/tests/ui/associated_types/issue-1326-assoc-through-supertrait.rs,added,,0e61031370757c6560e6dceaf775fdcad7e72ec4
charon,charon/tests/ui/associated_types/issue-968-default-assoc-const.out,modified,5d792de541fa222720d81ab1cb1c985409514f4b,d9a53335659887b1132b7359b725a5ade142ac21
charon,charon/tests/ui/associated_types/iter-empty.out,added,,fc6868d3e088130714d5c5b8c7b5e66dea1cbc22
charon,charon/tests/ui/associated_types/iter-empty.rs,added,,c50b78334c5a568938ce6a51f7072d1f292067d3
charon,charon/tests/ui/associated_types/lift-assoc-ty-in-alias.out,modified,37885333c8011fcab23fb647a7b2668ca6740db6,afe6368ba872afd1065c4a3f909ed2983718cfb8
charon,charon/tests/ui/associated_types/mem-discriminant-from-derive.out,modified,1aa476afd1d46c00debe4e64a57358d41846c2d1,0349f0d0c8f7891da9e90c3a13d926b773a6851d
charon,charon/tests/ui/associated_types/method-with-assoc-type-constraint.out,modified,0879fe23812274c2b6374e8e77c3da71a55e21c3,f21a4b704384831c35b28131c9658f8e2ff470ae
charon,charon/tests/ui/associated_types/pointee_metadata.out,modified,508d32f4f20f1793d1ee06a18995211a595e0f22,fec72d4a9f9ec6218aad8ae2007433822c8eed6b
charon,charon/tests/ui/associated_types/quantified-trait-type-constraint.out,modified,3a687dc21c774177699da4581f0fba2b49ad6a02,d5c06a7967aaf30d720deac834712c785bf78f60
charon,charon/tests/ui/associated_types/supertrait-item-bound-has-assoc-ty.out,modified,91bb6a9c98a8d636fd9b21c44e1dcdfcda65e954,61d3f0af1058c30ab1dadbbc9e82822bbc3a3c9b
charon,charon/tests/ui/associated_types/try-trait.out,modified,3005bbac7dec291c40b3bc16c8e28a904503eb9d,5eebb77422a30bf8768ae1ae48fb5278f4d59a6e
charon,charon/tests/ui/bitwise.out,modified,8cd1ba919f9a5bcd17192d244b1ac39f40a14bb3,c45d6449bb5d7305368d2116034438324ea715bf
charon,charon/tests/ui/borrowck-statements.out,added,,2d356f21f8dee1f4e97c5ce5e79b591f996c9c22
charon,charon/tests/ui/borrowck-statements.rs,added,,fdf39264b1ff61df1d85154658ee91fdf92eb4a0
charon,charon/tests/ui/call-to-known-trait-method.out,modified,34e83eeab0d6da738a3ba2dfa04954856a5e4db4,99d86f9f3764bc723751f5b82b9fba5be082f91c
charon,charon/tests/ui/closure-as-fn.out,modified,ab5667ddbf5b01f4df5ace7e326c2fc054ed0754,3cecda53d938fa667092476cda9f1070e9a12e2a
charon,charon/tests/ui/closure-as-fn.rs,modified,a117c96b160d2f0c395dc8a1e8c856d1d5d40e13,317654ad7abad6e72ac0eed62ae4b789c6465e44
charon,charon/tests/ui/closures.out,modified,3a4127016fb0b49dcfdae475bd143897c5fe86df,dee2541df302a251857fbb66d89e044427a34b8b
charon,charon/tests/ui/closures_with_where.out,modified,04bc1d58f0c5df90afba5c46d4c1ab4a8b699ef9,07a8476ffb031d8c7e733d5c3ba8ecd90948b583
charon,charon/tests/ui/comments.out,modified,4a3136c16e9f2a4e6b2621688a071d37fdc081ff,4308f1792f1414ee80aebd66e6878a44ca57ff79
charon,charon/tests/ui/constants.out,modified,ec8e151a643fa7a68a4b7413e0404d6235ef7a22,3b93704dc04f0448f554792c02f2379c45d097ee
charon,charon/tests/ui/constructor-ref.out,added,,b2442d33d9863ba9eb91068c7f7870dac1cb40d8
charon,charon/tests/ui/constructor-ref.rs,added,,ee942e6c2bf39a5d573fe93826a84eaabf019253
charon,charon/tests/ui/consts/anon-alloc-align.out,added,,5430ab493b531ba91a9b4cffc5de1b5235e4b685
charon,charon/tests/ui/consts/anon-alloc-align.rs,added,,335f0f8b2f11f6a8504620f07251e23d958a12c1
charon,charon/tests/ui/consts/evaluate-consts-inline.out,added,,0624c9f1c8b4e803fe041dbe5630213209527ac5
charon,charon/tests/ui/consts/evaluate-consts-inline.rs,added,,dd268cc0f4b636013cbfb29fae6abde3f4663e9d
charon,charon/tests/ui/consts/evaluate-consts-mono.out,added,,97d3800aa576c67d38fa1b004c1f72c2ba21c865
charon,charon/tests/ui/consts/evaluate-consts-mono.rs,added,,5516345fab4e0dfd55ce2d2eb8e393aeb3c5b140
charon,charon/tests/ui/consts/evaluate-consts-recursive-static.out,added,,2b759bcaf3a0ef3a7978da6aa015467212425dfe
charon,charon/tests/ui/consts/evaluate-consts-recursive-static.rs,added,,65b25156e8a852fa4d70b0b2bc22bcfb2910caf2
charon,charon/tests/ui/consts/evaluate-consts.out,added,,f6f6c5b80952d7a3e22d327d9cd48b52a195c85f
charon,charon/tests/ui/consts/evaluate-consts.rs,added,,33af227cc5d342a3eafaa3559bc87bbbafefb36b
charon,charon/tests/ui/consts/issue-1413-nested-static.out,added,,746727090d759a3b6dd22bee8c8227969daa8d3d
charon,charon/tests/ui/consts/issue-1413-nested-static.rs,added,,4c79ea766bf03843cb22da1eebecd58f7b5b4e6b
charon,charon/tests/ui/consts/pointer-cast-const-pattern.out,added,,ca8d742e7bcc2223e67ff717227f72f47621d159
charon,charon/tests/ui/consts/pointer-cast-const-pattern.rs,added,,4e53bba738aec79013ae8d2daffc9e54415ac0be
charon,charon/tests/ui/consts/ptr-null-constevalval.out,added,,079c360a40c9b63201f6fec5e5b0124ab60ecde5
charon,charon/tests/ui/consts/ptr-null-constevalval.rs,added,,d4bbfcc1d5da6ea607efa5dce7462becdcdda182
charon,charon/tests/ui/consts/ref-constant.out,added,,f73892770328fd98cf1325c4e0efd21ed5e14baa
charon,charon/tests/ui/consts/ref-constant.rs,added,,f8dd415c96a2083f6e7ef217247c06e2f9eab604
charon,charon/tests/ui/consts/static-interior-ptr.out,added,,32c81f5c24b000019aa5b0fc9bc8604d6d1a0a0f
charon,charon/tests/ui/consts/static-interior-ptr.rs,added,,577a9834baa99611332f1175a4f01081a8c83bd5
charon,charon/tests/ui/consts/string-new-constevalval.out,added,,29ff57582dad159bfe4ed01fe8c66a2e94f1f0fd
charon,charon/tests/ui/consts/string-new-constevalval.rs,added,,04abb6ac753e6ceefbe0f42c4181000b98d60c55
charon,charon/tests/ui/consts/unions.out,added,,6f16ec6c6b009eb69c097cd8f346c2a759c99111
charon,charon/tests/ui/consts/unions.rs,added,,d7262e4b8004637036f2358ddf3c482a19299b94
charon,charon/tests/ui/contracts.out,added,,d2d55f35b46679a3e7d9a20996c6342fa04590a9
charon,charon/tests/ui/contracts.rs,added,,5a1ae113235ed088e231dbb7a7bf9ad8aa6ac5cd
charon,charon/tests/ui/control-flow/ambiguous-loop-exit.out,modified,d17f2c2d5fcf2488a991213d1f035c641cf0aa48,f356d7f0bc45e867cb130be490e214537902cbc0
charon,charon/tests/ui/control-flow/duplicated-statement.out,modified,467fbcc9aa030af7ef3615c4e0114aabf7896809,db1c91282dbc41da9dacadb940a638b543b1b270
charon,charon/tests/ui/control-flow/empty-loop.out,modified,3e9ac23fbca4463ed8691450d360947cf66bd0d6,d9a5922d477c10d53019105f7853f6dd65795109
charon,charon/tests/ui/control-flow/issue-1051-missing-loop-jump.out,added,,716830c86d2de9f8b262b509dbe9d16352c5d550
charon,charon/tests/ui/control-flow/issue-1051-missing-loop-jump.rs,added,,80ab4de80250eede1bf6b0fc4427c1850c009aa7
charon,charon/tests/ui/control-flow/issue-1051-return-break.out,added,,77d6bc602b81b2192fff1b9d6aada1d6b58671a5
charon,charon/tests/ui/control-flow/issue-1051-return-break.rs,added,,4d628aab77156dec5fde2efc74a64ae1acefc3e0
charon,charon/tests/ui/control-flow/issue-297-cfg.out,modified,eb4d893f2df4979d0a578230b349cf1653477dc1,dd2ffe5c9338fe52ff2fea9b961cffd89e10586e
charon,charon/tests/ui/control-flow/issue-507-cfg.out,modified,6bc26537ce40f4ee24036f6b03104f6c3b00d98b,e1116772e1348d60ffc1382064c080e64fd00f59
charon,charon/tests/ui/control-flow/issue-899-forward-jump-incorrectly-reconstructed.out,modified,a46f7a37ec64d4f51db6cbafbf3b893b97b0fb6a,e258c35708cabadf4ae70c0757d70d7f0297d98d
charon,charon/tests/ui/control-flow/lazy-boolean-op-in-if.out,modified,deb4fc5ea3661e1db1e2b8de24074114f00edaf0,f93f30e132ad3efe8b289698f135aa2c90e05624
charon,charon/tests/ui/control-flow/loop-break.out,modified,aba3ea84e29ace9b7a6e6533598794d2a1048076,a348f157fb5857caf6e62c383beedcdbb65303ea
charon,charon/tests/ui/control-flow/loops.out,modified,2d8e2220573de49b258261c83f084ceb16855761,e9cd4cafb56a8ace02a07e7d41ed57169961eeb9
charon,charon/tests/ui/control-flow/simple-fallthrough.out,modified,9e27f1774134ef1db068df6196538e7e345ffdd4,8f6ba4294eb88ad40b2dbcba00caae106a114293
charon,charon/tests/ui/control-flow/ullbc-control-flow.out,modified,a26f3255706bb7a468cbca4899b3d8201feb5b24,bbad25d136aac15223714722a9377bb5d82f9534
charon,charon/tests/ui/copy_nonoverlapping.out,modified,db553749c8afe8dae724a664dc7f5b71c2b95b07,001ca644a81814b1374a20db2867b19f3586b718
charon,charon/tests/ui/cross_compile_32_bit.out,modified,2bd12593dde699d967ece9588d5cb4f67c62d9db,c76756f549c924dfceb45e733e168eeab12121ab
charon,charon/tests/ui/cross_compile_big_endian.out,modified,342f2eb5eadeab56a15a84ee13a0af6d89109c53,76a804895d9ddd9780ce6eeab344b6bf230d22eb
charon,charon/tests/ui/deallocate-all-locals.out,added,,2bb68c464d57338bf8653b18985a5ff3935cbc75
charon,charon/tests/ui/deallocate-all-locals.rs,added,,c010f616a51073c0402749a3683e44635d5e7373
charon,charon/tests/ui/demo.out,modified,ae81aee545187e8bf4ff1ee9424bbf8a1b2f8a6e,46d9686516d07b266a673abdec0920ddb2089c0c
charon,charon/tests/ui/desugar_drops_to_calls.mono.out,added,,72b706bd5ce436c5f7b7e976e04dee03e6deed5d
charon,charon/tests/ui/desugar_drops_to_calls.out,deleted,a712096b45a69a39508242fc7636fc9a7232c39d,
charon,charon/tests/ui/desugar_drops_to_calls.poly.out,added,,933fc9565eba23ec018895e51c8a3638f6913c8e
charon,charon/tests/ui/desugar_drops_to_calls.rs,modified,bb377ca2fe5e86e7c810361e21a4f39150ecc662,5e08b828c55c46203a6f998480d3385c49eb2585
charon,charon/tests/ui/desugar_drops_to_calls_mono.out,deleted,6047f59ae4fffd7a82d02a6383f245af77669d13,
charon,charon/tests/ui/desugar_drops_to_calls_mono.rs,deleted,2b5729075e489bb2d35535aff3054cbbaa0c24d7,
charon,charon/tests/ui/detect-drop-flags.out,added,,c0372e8e8af35a64beb9e4164974c8ddf0a26f2e
charon,charon/tests/ui/detect-drop-flags.rs,added,,adf0b0fcdc0579f16d78d9c4aef37774fe942137
charon,charon/tests/ui/disambiguator.out,modified,1d9c1822ef3955d82471d37e184a97f71dd6df61,c89e40f03bef6bdad70c30199b5aecb29cf4ffb1
charon,charon/tests/ui/diverging.out,modified,34240af75ff9885ef13d49dc0ce33dfa19d71a4f,95f294c6555b0824bdc4e8ac4e9e4867e17ceedc
charon,charon/tests/ui/drop_after_overflow.out,modified,5b0e52a7003bb1574c001beda3b9601c3182d1e7,c731a7afd62c61b681f485522b9f53244cbeff0b
charon,charon/tests/ui/drop_after_overflow.rs,modified,acb626efe4dc9ee41ec8a93bf0bdfd8b2cdd17b7,758303d248fbd25ffc6f5d42f2ade16767db3283
charon,charon/tests/ui/dyn-trait.out,deleted,644c5721e3c19dc37c9514b0e175d503a99bedc0,
charon,charon/tests/ui/dyn-trait.rs,deleted,2444a88d42d4447cd36f9f75b6ca76b9e27ed8a8,
charon,charon/tests/ui/dyn-with-diamond-supertraits.out,deleted,8c2ed1718602073de9d00f5e2448d7d1a3c5c7b0,
charon,charon/tests/ui/dyn-with-diamond-supertraits.rs,deleted,00c3bda55eb930e71a2d5815dbe556d725eb5614,
charon,charon/tests/ui/dyn/box-dyn-fnonce-raw.out,added,,be19646121e64e4effafcd882a469736bdbdf2ff
charon,charon/tests/ui/dyn/box-dyn-fnonce-raw.rs,added,,1698b84c9282fc4a2e2e4556f0c5adffffeb92e1
charon,charon/tests/ui/dyn/box-dyn-fnonce.out,added,,35c3563b03f767b9fa17fccd1caf1eab150e2e81
charon,charon/tests/ui/dyn/box-dyn-fnonce.rs,added,,c4fe37f26ff9ecf5d9e2ddcd9ae886b129e53e8a
charon,charon/tests/ui/dyn/builtin-vtables.out,added,,4131e8b212c43d067ffdad8afe36fdd2edac0845
charon,charon/tests/ui/dyn/builtin-vtables.rs,added,,1df805c49ff8f8c3af291af3e09ba609b9091f13
charon,charon/tests/ui/dyn/by-value-self-vtable.mono.out,added,,92f143471ec3d244423b1f40309748efcbae0732
charon,charon/tests/ui/dyn/by-value-self-vtable.poly.out,added,,708e25c467ed897e6c9ef6403ba91038d003c41a
charon,charon/tests/ui/dyn/by-value-self-vtable.rs,added,,bc46498799a80d6941388560d2bb0c1faaad7aec
charon,charon/tests/ui/dyn/closure-nested-dyn-ice.out,added,,33c1ca906fb0be0fc491792545700686754e3f1e
charon,charon/tests/ui/dyn/closure-nested-dyn-ice.rs,added,,d7c24d20e9584f45063a110cc0cd995f3330b695
charon,charon/tests/ui/dyn/dyn-broken-assoc-type-constraint.out,added,,0189bf6de5a5018edf11bb5c4f7eb4dbe05c1419
charon,charon/tests/ui/dyn/dyn-broken-assoc-type-constraint.rs,added,,cc58199d187c718ec680150613318a301d05c56d
charon,charon/tests/ui/dyn/dyn-cast-to-supertrait.out,added,,e116e06f739dfed8f6bc55b15c9b5824a1282866
charon,charon/tests/ui/dyn/dyn-cast-to-supertrait.rs,added,,5d8783131e752ade8d9ed61464afd43e0484d66b
charon,charon/tests/ui/dyn/dyn-drop-glue-through-vtable-mono.out,added,,dd07241e471bb97a05295f704d223021cb887e1b
charon,charon/tests/ui/dyn/dyn-drop-glue-through-vtable-mono.rs,added,,e76b5cafe40f043c9381df399528dedd7f30d2fd
charon,charon/tests/ui/dyn/dyn-drop-glue-through-vtable.out,added,,9437f21caeb606a2b5957e9713455421ca989140
charon,charon/tests/ui/dyn/dyn-drop-glue-through-vtable.rs,added,,c124c4e9d8dcd6abe0285a8332a8a6a86af5fb4d
charon,charon/tests/ui/dyn/dyn-field.out,added,,1e0da65852101b07bdadac68e789ff73406bcc8c
charon,charon/tests/ui/dyn/dyn-field.rs,added,,407b711af6b86322678ccba7346658bce7f8576d
charon,charon/tests/ui/dyn/dyn-fn.out,added,,deaac24537818eae64245c0a86bf9e658a74e8ac
charon,charon/tests/ui/dyn/dyn-fn.rs,added,,cd823299477422298e81d56a42a9936b6b93b19d
charon,charon/tests/ui/dyn/dyn-hrtb-ice.out,added,,97c6e92927e00290d7399b4f37f7b184cc9f57dc
charon,charon/tests/ui/dyn/dyn-hrtb-ice.rs,added,,58828155c05908c1ddd44d6db6ff7d27688b568b
charon,charon/tests/ui/dyn/dyn-method-with-early-bound-lifetimes.out,added,,2ebaa8788762eace67ccfd824a6ee829eba76729
charon,charon/tests/ui/dyn/dyn-method-with-early-bound-lifetimes.rs,added,,d3b2004b62f193cf77b6170e8acbbb336ed4d7ac
charon,charon/tests/ui/dyn/dyn-predicate-outer-bound-region.out,added,,d8d8a4326f43b08f2c7632d35f771370d30b45d1
charon,charon/tests/ui/dyn/dyn-predicate-outer-bound-region.rs,added,,294d05137d7d151c2e63541328fb259bf22aa77c
charon,charon/tests/ui/dyn/dyn-sized.out,added,,28edcf1fc509fbd670624f48cfbe3282a5625877
charon,charon/tests/ui/dyn/dyn-sized.rs,added,,a0d1688734bbaecec3dd7736a313acf9f94857e4
charon,charon/tests/ui/dyn/dyn-supertrait-projection-vtable.out,added,,a3ac86497e3548f94b635dec840aadd2e5641c7e
charon,charon/tests/ui/dyn/dyn-supertrait-projection-vtable.rs,added,,d0755492e79ac1e2ee59134673c620c4e44b4ac1
charon,charon/tests/ui/dyn/dyn-trait-non-wf.out,added,,edebb9c93f7a98fe493824a55311287080c8d9d3
charon,charon/tests/ui/dyn/dyn-trait-non-wf.rs,added,,36ce1175809f155ab328e92d9a7533251d6053ac
charon,charon/tests/ui/dyn/dyn-trait.out,added,,3c8f2d668af53139582996254302f0665ebced5c
charon,charon/tests/ui/dyn/dyn-trait.rs,added,,2444a88d42d4447cd36f9f75b6ca76b9e27ed8a8
charon,charon/tests/ui/dyn/dyn-with-diamond-supertraits.out,added,,b44c54315ebeff74ef5256ed2803e94eaf93f6a7
charon,charon/tests/ui/dyn/dyn-with-diamond-supertraits.rs,added,,00c3bda55eb930e71a2d5815dbe556d725eb5614
charon,charon/tests/ui/dyn/eager-vtables.out,added,,dcf5b141ebf2d7a1542f9aa566d53305938af10e
charon,charon/tests/ui/dyn/eager-vtables.rs,added,,53615b4cb1b8b57f451823c85613fec2052d76f8
charon,charon/tests/ui/dyn/generic-cast-to-dyn.out,added,,cfd69e757062c96d421b31276e396f481c4d5167
charon,charon/tests/ui/dyn/generic-cast-to-dyn.rs,added,,1e76fcc15417db7f1e5315a5cec7fc0232c7a02a
charon,charon/tests/ui/dyn/higher-ranked-dyn-trait-region.out,added,,ca750d8072d0429b7bbd08eefbeace6fae5d34f4
charon,charon/tests/ui/dyn/higher-ranked-dyn-trait-region.rs,added,,e08cd4ab2bc6c72fce2d595fcfc09ce7d7ca982b
charon,charon/tests/ui/dyn/issue-1074-vtable-supertrait.out,added,,b8c8a9d7b6d100c02f66fedee49e3e7d05a46483
charon,charon/tests/ui/dyn/issue-1074-vtable-supertrait.rs,added,,9238a27fcc9857b233f4c61e67adbcbff476f958
charon,charon/tests/ui/dyn/issue-1236-vtable-fn-ptr.out,added,,0070ea2136b6d46d154d1cea0827d3bbe8c34ec5
charon,charon/tests/ui/dyn/issue-1236-vtable-fn-ptr.rs,added,,da9ff419452e67f1d166f3ad9596d51d9e1ac728
charon,charon/tests/ui/dyn/issue-1242-dyn-send-supertrait.out,added,,61dcc8148c9cdaeb08faea044f5f3ec73c20afa7
charon,charon/tests/ui/dyn/issue-1242-dyn-send-supertrait.rs,added,,49da4ba0c9b7b957f579c4111a62ae78ecf1e8cc
charon,charon/tests/ui/dyn/issue-1264-builtin-vtable.mono.out,added,,378ceb2b84ddd835812e230c26e4d5a3b3f30bf0
charon,charon/tests/ui/dyn/issue-1264-builtin-vtable.poly.out,added,,322de635447596b41d5baa8466a342d59b7b0a48
charon,charon/tests/ui/dyn/issue-1264-builtin-vtable.rs,added,,945758834a5e66378c09fd66a75db116d42a0edd
charon,charon/tests/ui/dyn/issue-1264-closure-vtable.mono.out,added,,c1aa467e28b04f35056152098a34f0870ee982f8
charon,charon/tests/ui/dyn/issue-1264-closure-vtable.poly.out,added,,d1d1a7ff244b5717f1dca88cee9be3d31ffdd9fc
charon,charon/tests/ui/dyn/issue-1264-closure-vtable.rs,added,,f4d04965b758c05317a5d15444258f69e0d0670e
charon,charon/tests/ui/dyn/issue-1285-supertrait-method-call.out,added,,fb722aac530db6792ffd5b35ad31aa759eba2a71
charon,charon/tests/ui/dyn/issue-1285-supertrait-method-call.rs,added,,bbca492d94f61ae5dab3df04aa8e94dea7806b03
charon,charon/tests/ui/dyn/mono-dyn-call-by-value.out,added,,8b0fb2ab59be0f40218b975a3048948c0171e1bd
charon,charon/tests/ui/dyn/mono-dyn-call-by-value.rs,added,,18a247144dc51fda6a6cb38e9fa6e9cf98f20935
charon,charon/tests/ui/dyn/mono-vtable-blanket-impl.out,added,,808b082fe4189b9663749eeef244c4877d23696c
charon,charon/tests/ui/dyn/mono-vtable-blanket-impl.rs,added,,ede55dcdf4f501d50862ef293ee9de583845c2d4
charon,charon/tests/ui/dyn/mono-vtable-lifetime-impl.out,added,,0fa0388abc57c348e16fce5f501921047059d9b5
charon,charon/tests/ui/dyn/mono-vtable-lifetime-impl.rs,added,,45436f80441718600c3409a19eddf1a79f082efd
charon,charon/tests/ui/dyn/mono-vtable-ref-impl.out,added,,524670d8457ad98568688ed602c8a2c6c935e34e
charon,charon/tests/ui/dyn/mono-vtable-ref-impl.rs,added,,b90ab18e13adf3dd8ace8d1ae02e6b7979f6adef
charon,charon/tests/ui/dyn/opaque-vtable.out,added,,17dd57a3d049129df029318cb136964859b658aa
charon,charon/tests/ui/dyn/opaque-vtable.rs,added,,98d7df8fe88e53e59f71f7215cab83428bcee245
charon,charon/tests/ui/dyn/vtable-default-method.mono.out,added,,22c2d49ef584109e1a4871c65b44414fb382ff3a
charon,charon/tests/ui/dyn/vtable-default-method.poly.out,added,,6482339fc5d968df8dc03beb4607c43e33e97b41
charon,charon/tests/ui/dyn/vtable-default-method.rs,added,,4648a092981bd41ebb7304eb434d24d95467602f
charon,charon/tests/ui/dyn/vtable-simple.out,added,,ece669406e9118e82a3c42a332781f94b9478a17
charon,charon/tests/ui/dyn/vtable-simple.rs,added,,f202100925e5c958cace2925f548b0c1b598a2d8
charon,charon/tests/ui/dyn/vtable_drop.out,added,,54ae33590c1ca491761ad63191f0f33b9d27da9f
charon,charon/tests/ui/dyn/vtable_drop.rs,added,,d41b9de1435b9d5c73c49292c157b767162e87f0
charon,charon/tests/ui/dyn/vtables.out,added,,b5238d9a58d7341c3f3cf1fc5b49e99ab3a0bbf5
charon,charon/tests/ui/dyn/vtables.rs,added,,9393d084bd37c4eaac4c2d06ff76ffec70f0ec24
charon,charon/tests/ui/erase-body-lifetimes.out,added,,ac2b700ceabff7f8b0744be7d7bd1df559ff5fa1
charon,charon/tests/ui/erase-body-lifetimes.rs,added,,bfb06c461352f1268afb4a75050e0f91bb75bc1b
charon,charon/tests/ui/explicit-drop-bounds.out,modified,4c24700cc207f45d8e408d42fc72613bf2aee771,e35792a5257fa1144b9dedd4f7ed3613c35302d9
charon,charon/tests/ui/extern-abi-fn-pointer.out,modified,fd6a23b46d3412067e4fb6a76e14bc05772bbc86,806b35594908f527e1bf7aabc0486810976c5797
charon,charon/tests/ui/external.out,modified,cb6497a978a2317f3c99b1d148e3077058fa77ae,6a93225ab43181bea6b1b3d86932d20a9d68e206
charon,charon/tests/ui/filtering/inner-items.out,modified,1f17ef7a5a962eaccbdf7b5f4acc28cc5ea15dfb,a7238169de297f363c270686529386a0b9139e9e
charon,charon/tests/ui/filtering/issue-1270-start-from-pub-skip-foreign-pub.out,added,,bc22b62d0932612c7ae71bedaf69e31516cccd68
charon,charon/tests/ui/filtering/issue-1270-start-from-pub-skip-foreign-pub.rs,added,,4fc2ee0ab8adca7db0a2addabcd62722c773088d
charon,charon/tests/ui/filtering/issue-1484-start-from-inherent.out,added,,743b2ae01abdadec1737fad7fb74321face26e6c
charon,charon/tests/ui/filtering/issue-1484-start-from-inherent.rs,added,,9cc91de6e65cb2c43c76df59808630bfb72146f0
charon,charon/tests/ui/filtering/match_on_opaque_enum.out,modified,33aef9c93a2462abc44966534a9dc36d97b57a7b,a725a6bbd2cac325b8323826f751f116db95f249
charon,charon/tests/ui/filtering/opacity.out,modified,5429afa54236e0fc0d82e7aaaf348b5d6442b4f0,9eb6908843266c444bc65fa27171b7577dda8fd6
charon,charon/tests/ui/filtering/opaque-trait.out,modified,d6649d54d89eb6f59c2f81008e3f8627763d84fd,3fc6f991e1ffdbb8dedd96dcc2318e955fbbe49b
charon,charon/tests/ui/filtering/opaque_attribute.out,modified,9d25497b70aad9abb11206a8f1fa850a9497a430,780b902f1b9d7b6890cc72944d36c3344f403026
charon,charon/tests/ui/filtering/start-from-if-exists.out,modified,a2b4de68cea3772348b2fb7e0758d1dd80aa8449,217ec15d7388d1af64b094d9db243382c9809eb1
charon,charon/tests/ui/filtering/start_from.out,modified,d643755caf24befb41d0357ee1001b3f683505dd,f2a915fc1101476defd3fda55ff7b12b15c36ad5
charon,charon/tests/ui/filtering/start_from_attribute.out,modified,87c541ab61b34f0fa9557c67f3c6d2a569da254b,19109ea99c5572d1efa1fff00adb9d796dda8fac
charon,charon/tests/ui/filtering/start_from_attribute.rs,modified,41000f22198cbd4086d4eb2614f354fa5197d81e,5ad8a9a67934600cd826b142f1f9d45c08c023c2
charon,charon/tests/ui/filtering/start_from_errors.out,modified,86ed12614ddb23d6eaba12266dd71154b1d1cb31,74f4b14bc184c9d4c9d46cbbf8dd6d381a3a74cd
charon,charon/tests/ui/filtering/start_from_pub.out,modified,85327d35d3bf512af881574ba52369148aa11bb8,95d04a20c0450a5def021c237fdaed9208263972
charon,charon/tests/ui/find-sized-clause.out,modified,a27f68f8acfdb964898283888f3588b2eaa82a92,6a07715fbef0e87e7293f4c9b06cd4084a85832d
charon,charon/tests/ui/float.out,modified,eec32015687a3df3a8b09e758e62e3414d1f2245,5ac7b8b58e887b82ab5402632e80875ca8ce9cdd
charon,charon/tests/ui/fn-ptr-fn-traits.mono.out,added,,aae87ffe31b0f7ed628f0ca6c0b2933fa96cc02a
charon,charon/tests/ui/fn-ptr-fn-traits.poly.out,added,,9e0d30c91145fd80e9d51f4c4f59143df78fb513
charon,charon/tests/ui/fn-ptr-fn-traits.rs,added,,51ec119d7291aee706972e38fb53163e03bb78a5
charon,charon/tests/ui/fndef-with-bound-vars.out,added,,c76fbcf0f22a8d0e90a7eff3cfcd1ea903b55332
charon,charon/tests/ui/fndef-with-bound-vars.rs,added,,3648d4291accb5affa058bd9e3288d4e432a0fb2
charon,charon/tests/ui/foreign-constant.out,modified,c1922db9b1316978cc31c64cd1a69d7514e11d5f,219d04063804a4a5986cdb6c92c8e9b372c55633
charon,charon/tests/ui/foreign-type-alias.out,modified,ec74e6387dc52aecb18c1ff83fb0a8e1bde4370d,bbdc088acac5f8f4fd87d236a7b3c7c3f4224416
charon,charon/tests/ui/gat-causes-unhandled-ty-clause.out,modified,b82f59d63c7a995f6002b98f91984d248ffe9478,849ac4e302ee0702dc2e04cfe7b94ec065fd4b1e
charon,charon/tests/ui/gosim-demo.out,modified,541e6de31f0f4ca0699698b1d1df5f2b9cefe75e,9778fdacf79a24d7bfe5f775805b60f7673179ec
charon,charon/tests/ui/hide-marker-traits.out,modified,05606b608e67f1980a6ddfe7b2a2ac2e0de73c2e,ab96def6245df75e10f8c3ec6f55bb35db942841
charon,charon/tests/ui/impl-trait.out,modified,6d196cb11b8b45e0a2c899e73f76cf60488f268d,a7121389bc4904c706dedf043c1eb72fe8d6e7a5
charon,charon/tests/ui/issue-1041-shift-through-index-mut.out,added,,5f391a0d3c7c2dacbd47c39bf607cfcc05f89373
charon,charon/tests/ui/issue-1041-shift-through-index-mut.rs,added,,f0ec736eabfe95a61aef684412621e14aed59abc
charon,charon/tests/ui/issue-114-opaque-bodies.out,modified,89ea5450be1172432a167391c5cdf7a03a99f6e0,e9480db0946dca039f2b87e890e7b20e0c939930
charon,charon/tests/ui/issue-118-generic-copy.out,modified,cd88aa02882c0a011edd7114d682225c46fe43b5,10a130389e29202676696c543e8c4e8b7bc15057
charon,charon/tests/ui/issue-120-bare-discriminant-read.out,modified,85c7c2dfcbf1f70cb152b5e411d7d463d09425b7,dc8ff202379f23aa968b9712dbbf7d8b1e4aa839
charon,charon/tests/ui/issue-1409-anonymous-method-lifetime.out,added,,69a9ada8a0b5e14083f8b8874848632c51e21db0
charon,charon/tests/ui/issue-1409-anonymous-method-lifetime.rs,added,,a82c1a5917bdc291b4ec4fd52ed1d7d250c0db8a
charon,charon/tests/ui/issue-159-heterogeneous-recursive-definitions.out,modified,1a62ba72103a46892e736dfd3a0513f5057844a9,64e0a2fc43c081cef258c5d78141e1106d2d19f3
charon,charon/tests/ui/issue-165-vec-macro.out,modified,771328ca1c3abe30b8115f06fdd72b6e6522332e,f602f35cd118072c2a16dbed90d5344f0d07a19a
charon,charon/tests/ui/issue-166-self-constructors.out,modified,80ecbb606925fefa58bbe8036e2a58e41c6ede87,b61650ff02a852ba0c6f6763331db9e70dd32ca3
charon,charon/tests/ui/issue-320-slice-pattern.out,modified,0ad07f796ff1b4fa85d441371d3af5533a33aaf0,b8798119a00d975f688872d3db376bf1ce9d38b6
charon,charon/tests/ui/issue-322-macro-disambiguator.out,modified,69d24f18cef8f84232896d0084ca1023a504ef32,d4115b0c9d9e093dc9e5a0336fddd9d4fb105c94
charon,charon/tests/ui/issue-323-closure-borrow.out,modified,aab2b576cf887e1816ceb6f2c1b1c7b17a76b682,72c9f5c4943050c4ef3caf8204d3efe704964e06
charon,charon/tests/ui/issue-369-mismatched-genericparams.out,modified,a70249f2115506a5d164bedf0e1d4c4b99a6d049,c797a5c7250b13faacda015a14c2ce88560f2d2a
charon,charon/tests/ui/issue-372-type-param-out-of-range.out,modified,a1cfc66d570643b684d13e43b2c637a050226076,bd080c3c97482b583f09b6787ca5bbf0b3f9f687
charon,charon/tests/ui/issue-378-ctor-as-fn.out,modified,515990d4a2312d351d337a0ec141be5687c17408,996427de11d0dad396f258c65672c453e95b94ea
charon,charon/tests/ui/issue-394-rpit-with-lifetime.out,modified,0e9730e3ab4ab130af1240208393a351326f5de1,9ec2a889444e1417316d9497af84db12bfdf6b68
charon,charon/tests/ui/issue-395-failed-to-normalize.out,modified,0fd678541b9c51aa81a123793d56cda629c32665,dc37e95a9732ba760db9d45f64c1ad148b95f12b
charon,charon/tests/ui/issue-4-slice-try-into-array.out,modified,5cd5c2628794a7775936f13715f94fda67b45d3f,bbdfe371225c6944637521d7264709182b05301f
charon,charon/tests/ui/issue-4-traits.out,modified,f52b7d3eb3be1e7750c9c0b7853dc0af664ba284,840217b44d077daa5479f9c1f6eb8acb562e898c
charon,charon/tests/ui/issue-45-misc.out,modified,afce269c87e43154c93cf44c8468e91749b51b1a,68a5cb29615985bd40d9687d4561788222eed51a
charon,charon/tests/ui/issue-70-override-provided-method.2.default.out,added,,2f749e09e2eeed28aa303b175780ee81f841032d
charon,charon/tests/ui/issue-70-override-provided-method.2.nodup.out,added,,e47b9d40f4edaa877c946bdc5b7e12cf1e3aec38
charon,charon/tests/ui/issue-70-override-provided-method.2.out,deleted,9f7e4a264d7e2571896075e902b0e89d2edcc0df,
charon,charon/tests/ui/issue-70-override-provided-method.2.rs,modified,cea8411068ab1e38266585c11a8dc9eec7a13fff,123bc18bce31214be076ca935a6b3d43d567c254
charon,charon/tests/ui/issue-70-override-provided-method.3.out,modified,f9074f27ed73e3d8e566e7fec26f2686f44541e5,43839ee3f1e56ada4159c4a365f2c26d721ca90a
charon,charon/tests/ui/issue-70-override-provided-method.out,modified,2acb37737494b33c5bc42a5eb56d3914e91cbb5a,c118c3ab7ab6de29c97d7a9d3b4f2a92db939331
charon,charon/tests/ui/issue-72-hash-missing-impl.out,modified,6eeff1bd145da53d2553d53dd6fb64afe445d574,80cd367eeeee411e4c6ed1eecdd161f5907f5022
charon,charon/tests/ui/issue-73-extern.out,modified,80528ad566dd40630cb27531eb8da8e900337358,5470731944c98ed0c9ab320a01829c583c337b3a
charon,charon/tests/ui/issue-91-enum-to-discriminant-cast.out,modified,f0cbe6bafeba9b0c8f24d4724285f08dfc5dc0b2,38e6fbaafda42445aa5e5f1d267f484e1c6fcf04
charon,charon/tests/ui/issue-92-nonpositive-variant-indices.out,modified,888f96d0289e9d3fafd60dfc9113cbdddb259558,c7ba889ee960d2c6b4d06e02dad0f7f4d8a815de
charon,charon/tests/ui/issue-93-recursive-traits-with-assoc-types.out,modified,f8d679352727993365895cb715fad13266d6cf7b,8759c88b98a07cbb9a852bc91c55222b560d8891
charon,charon/tests/ui/issue-94-recursive-trait-defns.out,modified,e61f17d4bb1af4726577c135017403144320b17a,165e3cab41a2dd2956c8383eecacd14af589e12d
charon,charon/tests/ui/issue-97-missing-parent-item-clause.out,modified,73fcbbc4d8df4964fb822e540d00c2c8a67969e9,657000009b85712e37a239216e16ed94964400e2
charon,charon/tests/ui/iterator.out,modified,3d254fcc2657f6bbec4bb0a123fe517a71640849,0defe8e1e369af50ce0bef1befc5c0c246868e5f
charon,charon/tests/ui/layout_examples.rs,added,,4999deb20334e7720d3df3ebc40132fd458e8d0e
charon,charon/tests/ui/lifetime-mutability.out,modified,0d3fb7905da1953a77bae72714aa6e21ee88dfb4,07d98436c2e7e6eeaacd7608b980b0f9005a646f
charon,charon/tests/ui/matches.out,modified,dd9f0467fdfb91f06c9f3a6f0c7c705c423cacdc,65dd39938666ed210a377c83c18905d5ebd552e3
charon,charon/tests/ui/max_char.out,modified,4323953d51b0f562c36d530b3a2602c2decd05fd,6d8f7733873c50dae6af68dc32e6c2099dcaa246
charon,charon/tests/ui/method-impl-generalization.out,modified,c7d206a7f6347916a19feefc23828a259f1be39b,d0b0ce2f9ecd662b381cf6814e098837c5badae0
charon,charon/tests/ui/method-ref.out,modified,030bc3b4cc822bf04ee4e5c6f5361c796ad53609,82840720cb12131f584ca9c7f1c9523f87c4add1
charon,charon/tests/ui/method-ref.rs,modified,e417fc36a22bcc994ac030e0b96736fa8e25af80,5de4f333df124878d53ef8590280710f1abfbeeb
charon,charon/tests/ui/ml-mono-name-matcher-tests.out,modified,560a8314ba1c89fabd6663c918846ff354abe179,12d41e86273ffee2bb6e3aafcac75fe97f779ea4
charon,charon/tests/ui/ml-mono-name-matcher-tests.rs,modified,957a8b88aaa6eec7ca1ffe475bf417ecb24b6d62,3cc90c2477c2f5fc81af412f0e6f767fd2e77c7a
charon,charon/tests/ui/ml-multi-target-name-matcher-tests.out,modified,78e49498bc021daf1b2a2bbbfbbb6a4d0c6343ce,8da1a5ea45668de082d52e704e6389afffec3445
charon,charon/tests/ui/ml-name-matcher-tests.out,modified,4aee4f5bb3662e40f9a7ec1825991c6dfc812c2e,2cd90a8380cce233828902bd7b3b3af5351b53ca
charon,charon/tests/ui/ml-name-matcher-tests.rs,modified,bf60bf0b8d50182c536b9d5389aec2f7d49dcc6e,0c769f128af5d2e2dcffd41086ee12a3e15b3740
charon,charon/tests/ui/ml-partial-mono-name-matcher-tests.out,modified,3e569b2ac37a24284192e95366007d379926d651,a22ff02468808faceda2f8ab076a76d54cadf71c
charon,charon/tests/ui/monomorphization/adt_proj.out,modified,37a6676305f2fddc8cb55c958fccaccb93b8e8bc,e9fb6b3425ec0907cc3197c6afe06b4283770816
charon,charon/tests/ui/monomorphization/bound_lifetime.out,modified,0b5e76c662301a4ca2c0ef26c0d6274c45f7a054,b374ea76c84222f9e01a51db30a4f7059f85b99a
charon,charon/tests/ui/monomorphization/closure-fn.out,deleted,dbe5c028fa652400336bb600052d639da1f68454,
charon,charon/tests/ui/monomorphization/closure-fn.rs,deleted,6323947cc0ee8ef6103a169c555b4b4b25d34812,
charon,charon/tests/ui/monomorphization/closure-fnonce.out,deleted,a980380fadae659500308e518d72af0d5a08ddf1,
charon,charon/tests/ui/monomorphization/closure-fnonce.rs,deleted,01f60da8945f5e72828fbb979979a019ac303f40,
charon,charon/tests/ui/monomorphization/closure-method-calls.out,added,,bfb6038bdb5807e9c6e3572699c878e5db8f5a04
charon,charon/tests/ui/monomorphization/closure-method-calls.rs,added,,e2513aec138d10ca7e651a48ce0639a1799e45d6
charon,charon/tests/ui/monomorphization/closures.out,modified,8092ab1e0988e736c7e6006ccf75d75d2c834e81,85001041cb75f3efb9bb55f27bd11bf306b4d981
charon,charon/tests/ui/monomorphization/dyn-trait.out,modified,a60d013cd15d2b4088dc71997abd858cbd832eec,b739f5f92c075d79eb8d61dd9ffdc358884b640a
charon,charon/tests/ui/monomorphization/fn_ptr_generics.out,modified,84172dd972b0331a2764379d1632fc5cb3643abf,a8748610e918c03897eb6d0920f0ff266a247baa
charon,charon/tests/ui/monomorphization/fndefs-casts.out,modified,78ad9eecc74dba33523b11178d23160cf0c91c16,c35c0d3c3bfe611d68be6cda0c8af43719d29721
charon,charon/tests/ui/monomorphization/generic-method.out,modified,33e22daa541ecabbf8f1656646f6703f925a035d,5e162bfa5370ac7f2037d717673f585217b83976
charon,charon/tests/ui/monomorphization/global_with_generics.out,modified,6dc9708337add74bdad3be864e67b56569d03957,e897c1d75abd8c36d8db333593252c6ed560d2f3
charon,charon/tests/ui/monomorphization/issue-1159-assoc-const.out,modified,424cd693e9d675f2296d764793b9ff46fc2da850,f0910da4d74e777aafcee166926d70135f14b902
charon,charon/tests/ui/monomorphization/issue-1262-defaulted-method-indirection.out,added,,942683992600c9c481fc9b95a794935b1618254c
charon,charon/tests/ui/monomorphization/issue-1262-defaulted-method-indirection.rs,added,,65eda1f691decb4da38e07e149704b25745ee07d
charon,charon/tests/ui/monomorphization/issue-722-poly-items-in-names.out,modified,83854e6da8e3e4cf031941458e0ba45584d79b67,8d65583214e0f02dd6fa09e0d007dc17e29eacb5
charon,charon/tests/ui/monomorphization/issue-917-inline-const-with-poly-type.out,modified,43e0e3ed93faa2db02235511d9aba6aafbecbca0,ef1d3d749100d2528b969e6a20ff520e9d77cdcf
charon,charon/tests/ui/monomorphization/issue-922-assoc-const-with-default.out,modified,20bbdd38751d775297ce73dbb5decd7c9ee1fe12,9a0c7a930025e8048d3fca4d5a809709275f4143
charon,charon/tests/ui/monomorphization/lifetime-bound-call.out,modified,351a33272e54c7f4acc3ff449b5f05e6ab245c67,3aa4e397e1b49a653a995e53737def7ce77b31f6
charon,charon/tests/ui/monomorphization/rec-adt.out,modified,a04f7eb89c6a4633e89e2d6fb22a09c5316b2556,ce333ff74f5f8205cf94cb44cb5614d83acab6b4
charon,charon/tests/ui/monomorphization/simpl-trait-assoc-types-2.out,modified,fe86b96300375c068deae4f7996f82fddd5a9002,b92c31e28ea2ba1ff6accb9e52be4ad6f0e0aca0
charon,charon/tests/ui/monomorphization/simple-trait-assoc-types-3.out,modified,bad7b5bd84c70569ff1ef06b49f3bf806d6e1765,d6289287347fbe9880f28c463b7d78877c1a1b9e
charon,charon/tests/ui/monomorphization/simple-trait-assoc-types.out,modified,49a451569bb1d24a867c9427f71e5cdf30a571bd,ff77c212619cbad13e96e726d1198e2a87001218
charon,charon/tests/ui/monomorphization/simple-trait-generics-2.out,modified,5d905cf549a2d354fbdfeacf571bc1cdbbae8896,16bb91a759c1e0bc5d04e23c4a5a8ec8be9c2d33
charon,charon/tests/ui/monomorphization/simple-trait-generics-assoc-2.out,modified,5d3c7d5105023bbbf8d208db76cdd947d5c9825c,114cd579d1653e0785c9b8affeb920cfa51d2c80
charon,charon/tests/ui/monomorphization/simple-trait-generics-assoc.out,modified,3d78864071a6f1b03fe8c6750959ea9191784a65,d4e97cc23a54c16f97786bb8f936a9e69dc079f7
charon,charon/tests/ui/monomorphization/simple-trait-generics.out,modified,9303a53f079ddba5a6c8cd32bc85f893efd7e2bc,bd90498847f3a1dc967f081cf827063992a55d3f
charon,charon/tests/ui/monomorphization/simple-trait-two-methods.out,modified,719d16b4e04769854064f98b1db57cecd29e2531,708fa6c2f8a97c21939b689753b292c1abad7c76
charon,charon/tests/ui/monomorphization/simple_trait.out,modified,40705986b07be3d1419300ef44b4c17ad22fb265,b52d1a34dffc801b7446664206b574550241240c
charon,charon/tests/ui/monomorphization/simple_trait_with_trait_alias.out,modified,e80fabf58b61a3f69b3487908d2f3d4f6a94fb4f,706c202ee55ea799f3b6099d17066ab56f0ffe99
charon,charon/tests/ui/monomorphization/simple_trait_with_trait_alias_generics.out,modified,bfe8b3848e93418462b09184146eed81aa690abe,e276d24097fa40f011b71001a884752a4bec064d
charon,charon/tests/ui/monomorphization/trait_impls.out,modified,86ecb15968d6624783aae1f1100142455451cc0b,bebc3ffeb3da9f25771437ef4de0b57f41052ae7
charon,charon/tests/ui/monomorphization/trait_impls_ullbc.out,modified,c319f9c4f47c1013ffe42f4cf1c6414513d8bc27,559333f4c223c56d489de34b32460ac0d97934ce
charon,charon/tests/ui/monomorphization/unsatisfied-method-bounds.out,modified,ed61561dab6e7973f8c2256b41bac3aeac0103c3,f2a678d1f0fa7dc36f6ac49889d161dd6b086414
charon,charon/tests/ui/monomorphization/vtable-blanket-impl.out,deleted,1aeed082e81b79324facf0dc5a77f03eb56f8af8,
charon,charon/tests/ui/monomorphization/vtable-blanket-impl.rs,deleted,ede55dcdf4f501d50862ef293ee9de583845c2d4,
charon,charon/tests/ui/monomorphization/vtable-lifetime-impl.out,deleted,35e8b0132ce30068316f5e288fa41f9291fd4464,
charon,charon/tests/ui/monomorphization/vtable-lifetime-impl.rs,deleted,45436f80441718600c3409a19eddf1a79f082efd,
charon,charon/tests/ui/monomorphization/vtable-ref-impl.out,deleted,21855331e292b142b3672a4b21b60618b1ca3446,
charon,charon/tests/ui/monomorphization/vtable-ref-impl.rs,deleted,b90ab18e13adf3dd8ace8d1ae02e6b7979f6adef,
charon,charon/tests/ui/monomorphize-mut-no-types.out,modified,ea56b54570d777f1b843980947e4da44e437cc00,76bf327f3b28b494ecbc490052340f2fb7d02e43
charon,charon/tests/ui/monomorphize-mut.out,modified,46c412dbcc9a2963a0715e3315e3cf19b80f1fe5,9be7c94d73edd691c1fdccf6ab03637aa8415718
charon,charon/tests/ui/multi-target/cstr.out,modified,aff75fb8ea09d790de95ecc56a370cb2c595255c,42273a88438726a5f19cd217c8a2f768a8b354b7
charon,charon/tests/ui/multi-target/default-trait-assoc-const.out,modified,63e429bb7879aaaed9fe6a7fb347b61fbb7c9885,93982fddb26235692169aae1a8898eb9fa3fb91a
charon,charon/tests/ui/multi-target/evaluate-consts-size-of.out,added,,533208827f56480dfb6b10d646795362a087ec59
charon,charon/tests/ui/multi-target/evaluate-consts-size-of.rs,added,,ee27cac05b4c3f19b7ce00fa5f8f32301184ceae
charon,charon/tests/ui/multi-target/issue-1133-assoc-const.out,modified,2196510e7134fee1d86493806a856fdffb63c517,8f54a8e0057888d71a468f2cb888caa0fad938e7
charon,charon/tests/ui/multi-target/issue-1157-single-target-suffix.out,modified,33dcc8854100ca9d2b2b6026f730ac17c90fbcd3,06dbd9d1776b99a6e9c3d47bcb9d5fff6de06a44
charon,charon/tests/ui/multi-target/issue-1158-partial-dedup.out,modified,423c51a2b61926f7961c2fb6284aa16968c837b9,28b08f36ba8a48773aeb1aedbff1a6498bae85af
charon,charon/tests/ui/multi-target/issue-1182-dedup-impls.out,modified,41238992de735b34f0f0dcdb8370041cb4715547,be8939169ec048ed0babd100db428f63df692287
charon,charon/tests/ui/multi-target/issue-1185-1-inline-const.out,modified,6c8c63874f7f7b85f1213f9aacd6376cf33f23ef,a24df1838a82def3c1d038fba9e17e4bdf6abb1e
charon,charon/tests/ui/multi-target/issue-1185-2-generic-make.out,modified,70c1bba8d4fa7d0722f81ef1f861cdd8a02b0f8e,49627d00815e473fa08de3750aca3381b159fe13
charon,charon/tests/ui/multi-target/issue-1185-3-box-drop-glue.out,modified,32dd3da8be6b191616e0a16576b22c2a7e907a17,f4e10d84eeba8e998f6a9c2f08cdbf78f0bc0336
charon,charon/tests/ui/multi-target/issue-1185-4-wrapping-add.out,modified,16e8da983b182ab58c34e450f0458b5c97479bda,3da80bb3b16eafba340a197551a67d788d5e7aa1
charon,charon/tests/ui/multi-target/issue-1186-conditional-repr.out,modified,998307cbf9f049cbe545c67855037da3b69684bb,2e841cf4e11292c84c36169dd9b516f0a558ca6a
charon,charon/tests/ui/multi-target/issue-1213-merge-methods-when-missing-simple.out,modified,8b4c22603de40418318fc9c9f491e46ad05b813c,f3bffb9111f49b64df8fe696441d1c807c8308c2
charon,charon/tests/ui/multi-target/issue-1213-merge-methods-when-missing.out,modified,f2f889254bf0a7f444a39b33cde98a667a80a1e2,9d63155a9340fef06813cbcb197d3d7324f436b6
charon,charon/tests/ui/multi-target/issue-1248-const-initializers.out,added,,5a75ed148cac3048ed60b3f61b4c8564a7853397
charon,charon/tests/ui/multi-target/issue-1248-const-initializers.rs,added,,2798a71f2dfaf667b7dce9a6d69d5542db632b42
charon,charon/tests/ui/multi-target/issue-1307-required-method.out,added,,76bbed25aca9737986d04d796eb4d92d2aeb132b
charon,charon/tests/ui/multi-target/issue-1307-required-method.rs,added,,d1ea2efc52bb65c6d52ea0616f6eb453347018fc
charon,charon/tests/ui/multi-target/multi-target-from-symcrypt.out,modified,85e93272141bb73c0afb01393dc8882c192d570b,32d65ae6296b7a622ca3299b8854561a97d3ed80
charon,charon/tests/ui/multi-target/multi-targets-3-dedup.out,modified,6416f82ba865b6dc045e912ef385d43a807835b5,b06887ca651a048a9b8d1caa3d03d9fa7bc1c8da
charon,charon/tests/ui/multi-target/multi-targets-file-ids.out,modified,bc843ea2f151e567535990c72061e91b12dc1c07,d893d85507007e8c4d433333de72bc57115c2923
charon,charon/tests/ui/multi-target/multi-targets.out,modified,8fb3fa5bbffa38e6b2a7831c0feaee9d72de6d58,35eba24e69e26ae1efd4add85b6a46dc5545e657
charon,charon/tests/ui/multi-target/sysroot.out,added,,8adcab7416aa9852f00281ca08717ba7abb5d20f
charon,charon/tests/ui/multi-target/sysroot.rs,added,,fc739b13518a3d05e2f5377795c0a90df7e097e2
charon,charon/tests/ui/no-gen-tuple-structs.out,added,,5cc288be0d10ef9899f81b9242181434d581274e
charon,charon/tests/ui/no-gen-tuple-structs.rs,added,,83fac443f68d2b31649fe725c18a0074968fd0b8
charon,charon/tests/ui/no_nested_borrows.out,modified,050ab54e0401a64cfa01f48a4f5f83eda440904f,3bdc072b02debe92f6031e90b7395ba9d9599776
charon,charon/tests/ui/nondiverging-intrinsics.out,added,,b691dbda2cef2d446a30e9b107c8123016db9e24
charon,charon/tests/ui/nondiverging-intrinsics.rs,added,,828d48f1f7cbb784911c5a7cabdecb212584e2bf
charon,charon/tests/ui/panics.out,modified,2c3868510bb7d66f2e6a294378f58dac899ea060,3c10d27cf93757cc6a0cb837aa048dc21d39bc0d
charon,charon/tests/ui/params.out,modified,dc3089fabe3a42229d66d9190cce1f7aebb98c79,c743b40db14bb9af48201b3f795644787ef507d2
charon,charon/tests/ui/partial-monomorphization/issue-1204-partial-mono-tuples.out,modified,10ab6d52cb6ad0faa7557b37f43cb24d463a895e,d4b63e0ec4d80e67f429a939512fbc4525c2f768
charon,charon/tests/ui/partial-monomorphization/mono-mut-tuple.out,added,,de317be7f3768c705fb60e35740a88b171c7c84d
charon,charon/tests/ui/partial-monomorphization/mono-mut-tuple.rs,added,,eeaac33f587e9dbd867e71e6e694087d3acd38d6
charon,charon/tests/ui/pattern-types.out,modified,02d7aeb1250bc6c3da4ce4a877a67e8fd1a26aad,37c89de852518bb892944bc584eb0bc57909be20
charon,charon/tests/ui/plain-panic-str.out,modified,a19f1282e010f3fd8da96e97b839a4954ecff496,2931add6299e8e940df74e8b728c2eeb47653129
charon,charon/tests/ui/pointers-in-consts-no-warns.out,deleted,ee79db1c5a3ef2167e111015b9ea1fd5bd4737a0,
charon,charon/tests/ui/pointers-in-consts-no-warns.rs,deleted,9c6b6cd37aa2a148b15f71d2ac970e5b0600f4c4,
charon,charon/tests/ui/pointers-in-consts.default.out,added,,537014d8d0579c61fd2e68e77c14325dea43276f
charon,charon/tests/ui/pointers-in-consts.no-warns.out,added,,537014d8d0579c61fd2e68e77c14325dea43276f
charon,charon/tests/ui/pointers-in-consts.out,deleted,bac2eb0b3afc0d06c5beb250544c7c36148e911d,
charon,charon/tests/ui/pointers-in-consts.rs,modified,b46d1308ea8ba1146c51e36b3690be673845dc6e,dff22ddf2de55b5b4a9734bbb885cda6431c3b35
charon,charon/tests/ui/polonius_map.out,modified,6c5b9cd8514d191094e9f816e8c5ab433a293070,8650888206585c8f5a569d7ecb0bd40b771ffb79
charon,charon/tests/ui/predicates-on-late-bound-vars.out,modified,3f268d5124209d8ce85f01d4a9a89a492ac3050f,e193a213c067bf68943df6600a173be40b6b0837
charon,charon/tests/ui/projection-index-from-end.out,modified,d0e28b553de34c7873f7f6f19e8bfe523946e34c,79584f1d936018efb09d98a43500ba7c34635efd
charon,charon/tests/ui/ptr-offset.out,modified,2a506d150c09c9f247fddc010ebdf7ff0b159b6d,865ddc585765c59f104c9a4c66eabea461f1b660
charon,charon/tests/ui/ptr_no_provenance.out,modified,c5541c18e3b8fd54a6d00e6db21bcb6c83ad9bce,4bbe4614cbca8d2536bcbcea4875f5e232ba55e9
charon,charon/tests/ui/quantified-clause.out,modified,2b846a96d65765c660df02454195c54eeb506133,b6b96513e29aff5b24096480edbcb4e541b7f92b
charon,charon/tests/ui/raw-boxes.out,modified,10094263c5206cbea4e4723d952c19900fb0c8e5,f1e77bd077bae180d53f0c49baae7bae6b7dc9a6
charon,charon/tests/ui/raw-boxes.rs,modified,bc5624a87b68273b5921b0aef07e9059e110464e,5fb4fd123d8c03f14c72450bcc0565f0984332e3
charon,charon/tests/ui/reconstruct_early_return.out,modified,718d6d24aaf1137886be58da2880f95aeadd071b,59e3d6e7deb8a3bf4b6e5c1e1874cf676f5210fd
charon,charon/tests/ui/recursive-fn-item-opaque.out,added,,be0ff48da81ed4d350a13b0e36ccb2c944ccdea9
charon,charon/tests/ui/recursive-fn-item-opaque.rs,added,,b8d8825d0e818ce19f6b152b909691e0e5d18a69
charon,charon/tests/ui/region-inference-vars.out,modified,045b7553eae433b9e3f4ca3b7a41321bed371c76,680f6a25a214b4d0eecc8e2ce04df77c11fb71bf
charon,charon/tests/ui/regressions/closure-fn-ptr-in-raw-memory.out,added,,c59d3eeaf25374f47b76b6eb30699619895e6ad3
charon,charon/tests/ui/regressions/closure-fn-ptr-in-raw-memory.rs,added,,a4bb641a183732beb2b58758a2f1e3beb25485fd
charon,charon/tests/ui/regressions/extern-static-no-initializer-aux.rs,added,,a0c06fea0d66c3c568514a4820c12881b4deee1d
charon,charon/tests/ui/regressions/extern-static-no-initializer.out,added,,e78adbcf85df8dd91f03722b12cfd7a71224bc62
charon,charon/tests/ui/regressions/extern-static-no-initializer.rs,added,,fc8ba0ee18b51509c539d2f349a0165bab8745fe
charon,charon/tests/ui/regressions/generic-fn-item-with-closure.out,added,,c30a30a4b00270b0c5ae285d0099e8388a3a0e64
charon,charon/tests/ui/regressions/generic-fn-item-with-closure.rs,added,,c8483f04f24c1f6f4a64ac8c68b6f66f08088374
charon,charon/tests/ui/regressions/inline-const-fn-item.out,added,,77660e6c9b9108afedb9f04fe60ea0f8a683e750
charon,charon/tests/ui/regressions/inline-const-fn-item.rs,added,,0fc6b5d452270d274105f53c052ad7f425a37122
charon,charon/tests/ui/regressions/inline-const-nonnull.out,added,,0c87609a7ca18c26cb7b6585b8f0b00ab862281b
charon,charon/tests/ui/regressions/inline-const-nonnull.rs,added,,c9a818fd3203c05fecbe9a26005a1e523dd98fdf
charon,charon/tests/ui/regressions/inline-const-opaque.out,added,,7f8a076a99cba380dc31641945af584bf64c6103
charon,charon/tests/ui/regressions/inline-const-opaque.rs,added,,7a402b1ea9f918b95cfe4ebd950d6717fdbe20bf
charon,charon/tests/ui/regressions/inline-const-repeat.out,added,,9a1bcc27c53cc2907a811850e553e4675671df6b
charon,charon/tests/ui/regressions/inline-const-repeat.rs,added,,2dc2c9f5fe891819916b1744500f19bbfbf17382
charon,charon/tests/ui/regressions/invalid-reconstruct-assert.out,modified,3435c2b0ffb5634eedc810e3600d959faf0588ee,9b63e470df6b578471e5b5b75174fdd4142635a1
charon,charon/tests/ui/regressions/invalid-reconstruct-assert.rs,modified,6efcc82560f3bc740cc2b37974069a9c65711ea8,6a4c4faa3dbc461619dca912cc8a274a5f27c398
charon,charon/tests/ui/regressions/issue-1010-missing-lifetime.out,modified,cdb942b8452432c2e5252cf313f3d478fb364cff,e1ecadfd922a3f5fd88b7092f077cafb7d60ce58
charon,charon/tests/ui/regressions/issue-1067-filename-ice.out,modified,3ca5621212186eb3643af8a7e1b4cf357c2d042e,2edc257b91b1861c866135e55d686b7db1bba2af
charon,charon/tests/ui/regressions/issue-1073-out-of-bounds-body-region.out,modified,5d446f159afeac60217adda6630cffde0fda129c,923e06e4b817b434e154963ffe84b2dc5570373f
charon,charon/tests/ui/regressions/issue-1074-vtable-supertrait.out,deleted,3c7ae473b41c29c8bfe668c44af3d5628d40e7a7,
charon,charon/tests/ui/regressions/issue-1074-vtable-supertrait.rs,deleted,9238a27fcc9857b233f4c61e67adbcbff476f958,
charon,charon/tests/ui/regressions/issue-1089-inline-const-precise-drops.out,modified,d69676076b52dd29b18bf8e3c4a97a54f6d2c30c,b2dc8afdf21159c7d404cb0140e43bb07fc80778
charon,charon/tests/ui/regressions/issue-1233-foreign-static.out,added,,4532b42fb99888deea54e5ce2f8d2ee586ac0bce
charon,charon/tests/ui/regressions/issue-1233-foreign-static.rs,added,,398c67fce4b47bc754e585f790365e30bb1a65e2
charon,charon/tests/ui/regressions/issue-1294-remove-clause-underflow.out,added,,b090c96ceab371a7cacf415fcc073b3fb85f014c
charon,charon/tests/ui/regressions/issue-1294-remove-clause-underflow.rs,added,,1f8ce6bef3ffa500eb3da390acc93edd50960e5d
charon,charon/tests/ui/regressions/issue-1296-exclude-needed-builtin-ty.out,added,,d7ea08974079b00ad8f3e4da3cac4568ccd62bfe
charon,charon/tests/ui/regressions/issue-1296-exclude-needed-builtin-ty.rs,added,,821042d68be5ae1f37b9a82cb6ff225dc425440c
charon,charon/tests/ui/regressions/issue-1297-box-new-allocator-ty.out,added,,e09673a77fc9bf71da074c44c82a94d45f8b7ff8
charon,charon/tests/ui/regressions/issue-1297-box-new-allocator-ty.rs,added,,43c0313ef07cb09022f216e7bafaaeb810ee80b2
charon,charon/tests/ui/regressions/issue-1391-duplicate-dyn-types.out,added,,e56e1c1cbd4f5ac3543161f98d24c703aab27531
charon,charon/tests/ui/regressions/issue-1391-duplicate-dyn-types.rs,added,,deb3e5cb1e7df749c7a43c7c2df5837744dc99b9
charon,charon/tests/ui/regressions/issue-1393-foreign-static-aux.rs,added,,a74ffe162efbdcb4726d90cb55ffb7380b6812b7
charon,charon/tests/ui/regressions/issue-1393-foreign-static.out,added,,a9291186a4a4685f23030ca9af2671099c7d0a26
charon,charon/tests/ui/regressions/issue-1393-foreign-static.rs,added,,38dd8fd0a6cd1a8038ea5c73d7d97f11977d7050
charon,charon/tests/ui/regressions/issue-1394-box-self-dyn-mono.out,added,,fcd15e5aefc1c3bbc745fc42bd92d904338fd519
charon,charon/tests/ui/regressions/issue-1394-box-self-dyn-mono.rs,added,,a52aacadf1f609c912c467754ee937667ea7440b
charon,charon/tests/ui/regressions/issue-393-vec-with-control-flow.out,modified,6ad5a6c8f6264f96e28454b20e62fae0170d78a0,2b72f27ab86b7a091209407e0b86bff9dce705bd
charon,charon/tests/ui/regressions/issue-792-trait-ref-panic-when-tracing.out,modified,46a036a7f02c02978829a002cda65f3bbeaabcad,5bc11a86accfa903d2ffc0ab96b1657a8b05b24b
charon,charon/tests/ui/regressions/issue-967-assoc-type-coherence.out,modified,efa7379ee1d6ec2047603e9fb466c1df3734ec6a,1dc7cdcbad6ad84c9c58761fac0513e671e5c857
charon,charon/tests/ui/regressions/reconstruct-fallible.out,added,,b990639e5291f67098146ee42844b9b9dde98edd
charon,charon/tests/ui/regressions/reconstruct-fallible.rs,added,,257277e13ef78fa371dda0ba60ded2777d64a43f
charon,charon/tests/ui/regressions/static-closure.out,added,,3e760cdd4511bc99d5b1a58847ff94e14a264293
charon,charon/tests/ui/regressions/static-closure.rs,added,,92b1ae53c4c34e8ff028e082204796d85d9e4774
charon,charon/tests/ui/remove-dynamic-checks.out,modified,ac1344e955a55930a913cee3d825d05a8cb7b208,c2bfbb6e1d61efaa2d3310183f076602254df3b8
charon,charon/tests/ui/rename_attribute.out,modified,6a15fdea3c4bee1f1b99e63a3593673af52595fc,80c57ece24d26997adca64e8517dab1ab1e743cc
charon,charon/tests/ui/resugar-drops.out,added,,f2696f9bb46f2d729f780d4dfca3afafabcbb0c8
charon,charon/tests/ui/resugar-drops.rs,added,,31ca676d0bdd0ece360943af3c0f1a1b765a9b27
charon,charon/tests/ui/result-unwrap.out,modified,1683db2862af1b767392d78f7d210c0d6764cade,1aeb75ee11040a25d07b85154610e512c15275ed
charon,charon/tests/ui/result-unwrap.rs,modified,e6c515bb8e963226de15b8b77d6f5162488fb438,a6d8582df1c99f82a1e94355ba13770e4967c5b5
charon,charon/tests/ui/rust-name-matcher-tests.out,modified,82e9f6e864f9e855b19fa7931cfd1529c082613d,7c0bc04de1bbba5b1d43677c1b6f81746b6a8daa
charon,charon/tests/ui/rust-name-matcher-tests.rs,modified,65eb1601487d4bccd5368462aa8a7a2d75f596fe,56e864694b31afb73999f6cc87b6e3b9e1612b2f
charon,charon/tests/ui/rvalues.out,modified,36cb9e3f313bc9547d813abf720dfe6c55b42bc7,00ff18e550b3b431c6ea42c0e3d1bc0ecca3f7a2
charon,charon/tests/ui/scopes.out,modified,dd3cab0728faa9f9aacb3da43d99afde42080d28,921187e38b1820436eadb0f25772ac3bd97a74f7
charon,charon/tests/ui/send_bound.out,modified,0a42894d82775f5e5fe3ad2f65035dfbceaf0b17,3bba69b60f8614344d47308451b7489527bbc0b0
charon,charon/tests/ui/simple-cmp.out,modified,52b39bb4c7a3bc01f3d22a57e16bf5cb553faa20,3b307d4f5cfb76c63d267b7398ee9faa1d8bf79a
charon,charon/tests/ui/simple/addition.out,modified,1dfd631e661c9ee40b7fe96ff4ac14b8262a8819,94ff1d85f050a1be63d20755640d963148a46e66
charon,charon/tests/ui/simple/additions.out,modified,5c815f8ceb926dc9c56de6c76504ee76872a8f58,820357796030daa1ca385f1fd80a7401cca44e05
charon,charon/tests/ui/simple/alias-ty-missing-hrtb.out,modified,f5295f9b667024f608fade978606df31707d1ced,e5464a0ccdc92fcd605396420bbe6fccd820f7c1
charon,charon/tests/ui/simple/alias-ty-missing-hrtb.rs,modified,63d4c701961f6249e27d8e3b20c0b4e7cdca2437,5608899d53e8b0c5816d2c98d4f4d17dd1ed1271
charon,charon/tests/ui/simple/array_index.out,modified,49d0514093c15bea5be2d2832edaa6d5ab5054a3,5179f810cc035f940844b7ecc6fcd30dfc011aba
charon,charon/tests/ui/simple/array_index.rs,modified,6866fad9e185dddedc73540be955f72ea98e164a,e3663f374878681bfd6bf05fbcf4b8575dcedde1
charon,charon/tests/ui/simple/assoc-const-with-self-clause.out,modified,3a649f2229a45522b2f1ebea037a1f016ba995ab,b65217406d9732674b013a39b9188179169ca356
charon,charon/tests/ui/simple/basic-mono.out,modified,ddb728eb1582fac4c20b4aecaa3438f98fd44971,25f91faf01b6f5cf2ef338a11f08cefcc52caeed
charon,charon/tests/ui/simple/box-deref.elaborated.out,added,,551b511f3f6233af791f65fa798ccefdf2f9bb26
charon,charon/tests/ui/simple/box-deref.optimized.out,added,,551b511f3f6233af791f65fa798ccefdf2f9bb26
charon,charon/tests/ui/simple/box-deref.rs,added,,64b871dc9418bcadc25093f9949abfee440ab0c7
charon,charon/tests/ui/simple/box-dyn-fnonce-raw.out,deleted,46033c95deada03904ce6f28150aac5ec21cc63f,
charon,charon/tests/ui/simple/box-dyn-fnonce-raw.rs,deleted,1698b84c9282fc4a2e2e4556f0c5adffffeb92e1,
charon,charon/tests/ui/simple/box-dyn-fnonce.out,deleted,39181177c0a957b46bb6d828a129d7ddce521a9b,
charon,charon/tests/ui/simple/box-dyn-fnonce.rs,deleted,c4fe37f26ff9ecf5d9e2ddcd9ae886b129e53e8a,
charon,charon/tests/ui/simple/box-into-inner.out,modified,0ec8f235badbb8258f425f45f3aa71a893bdb663,e1c80bb81721e61bcac3d2391781c5186e9fa815
charon,charon/tests/ui/simple/box-into-inner.rs,deleted,b18ae497eff429222a93db29d7346841f23de433,
charon,charon/tests/ui/simple/box-new.out,modified,5da0c871e8977560cdd49ee9f8d81f538eb3871b,86d3eab0248b1435eb1ec8327a523ce61ab0fdad
charon,charon/tests/ui/simple/builtin-drop-mono.out,deleted,a63d2f17a73cdea05e667a9d2d1c99264bc0cd0c,
charon,charon/tests/ui/simple/builtin-drop-mono.rs,deleted,5acf691a0f19fa57615d9fb07de38bcb8be16e90,
charon,charon/tests/ui/simple/builtin-drop.mono.out,added,,c202600c54416ccc36ad7ff3200099e3d562d7b1
charon,charon/tests/ui/simple/builtin-drop.out,deleted,73addc5ea179c4c365b84aab6cf059fbde405037,
charon,charon/tests/ui/simple/builtin-drop.poly.out,added,,c77b1f36073e7a04f1cc092e89f66ab502aa45ff
charon,charon/tests/ui/simple/builtin-drop.rs,modified,486d52dc1bd274f99feea9f617a3edaaa84c055b,f53a441320f43dc1b3a807d183ce1b65c5ca5d1a
charon,charon/tests/ui/simple/call-foreign-defaulted-method.out,modified,8591499753b3ce9dd8aedb39c8304be544ddd018,2be06a5619d6c2f088d2730d5268499431346d45
charon,charon/tests/ui/simple/call-foreign-defaulted-method.rs,modified,a31cee633c8fe03798d3e8bb5577df21ad67706d,cea265adf1a64aa59f253d4c3f42bb2647360d29
charon,charon/tests/ui/simple/call-inherent-method-with-trait-bound.out,modified,1fd646ccf2162ae77284bc30a98f7e7b920c3151,47e9ee1524d710aec6f36f5cd2a1f6a008d255c5
charon,charon/tests/ui/simple/call-method-via-supertrait-bound.out,modified,9b650e668d9d6ca0c0e2d2b78ca0d757b475733a,40f86ab46cf78732646166196406247ae9fc6bbf
charon,charon/tests/ui/simple/catch-unwind.out,modified,fa472fdc5c58be7e6040c260492208a77eb07697,0513ec3f6d568194abb678d3b6be86ac4f0966e0
charon,charon/tests/ui/simple/closure-capture-ref-by-move.out,modified,2100f8ddfd12acd72ae9ed4e2ab4e65de2a0b762,ec0e247eb259079b1d68d37c26247ee80ce7f3a3
charon,charon/tests/ui/simple/closure-fn.mono.out,added,,9cacd5dc42e5aedfdb37a9f5d9bc5f3cddd26696
charon,charon/tests/ui/simple/closure-fn.out,deleted,226ced674eb6b1c024ea68681c372479dfb92d58,
charon,charon/tests/ui/simple/closure-fn.poly.out,added,,65eb3fe22a8e00b59c8caedd3c4c5aab2ed59b3f
charon,charon/tests/ui/simple/closure-fn.rs,modified,36192da46944f1adffced595896bfce975a28fb0,c9742a9b1145b4c2df136be348f9a483de01022b
charon,charon/tests/ui/simple/closure-fnmut.out,modified,77daed76a5ed02317de011a1a9af4163ee56c6dd,4b34a7d2ab9d048aa41038715eb48ac25bb51ec1
charon,charon/tests/ui/simple/closure-fnonce.mono.out,added,,c7c08fd717268d040981bd86b0da301658bf3034
charon,charon/tests/ui/simple/closure-fnonce.out,deleted,152baeb93b819637c8012fbb33d28e35de090b9f,
charon,charon/tests/ui/simple/closure-fnonce.poly.out,added,,1aeebd18806b4e3addbbc867fe386cba5a6a15c0
charon,charon/tests/ui/simple/closure-fnonce.rs,modified,083fc57b18c04084e1d93fd945d9af9b7face11a,43729db5fdec92f8bb263d08e4241e09b10208c0
charon,charon/tests/ui/simple/closure-inside-impl.out,modified,b09c21afa31591750945fd4231c9c1c45e2266ab,4789afcb44f1aedf39e14b29cd9ad94e7ef1d90f
charon,charon/tests/ui/simple/closure-inside-inline-const.out,modified,032cea238def63fb2d8810b94a0b20e00947bd77,7bec308444f830b0ea865094144b8261caf8e2ca
charon,charon/tests/ui/simple/closure-uses-ambient-self-clause.out,modified,db34080acfdbb627d07546824208ceb0a617963e,9948d13e4aff2739284187a48882ec1c8ce3fd0e
charon,charon/tests/ui/simple/closure-with-drops.out,modified,3e696b7cd7c68cc0d1abc5f5e8463845f3abe863,5a4f429f86e0b282a64d7231539bb1bf2ba9dc99
charon,charon/tests/ui/simple/closure-with-non-upvar-lifetime.out,modified,2986e54b8b82cc96119de44bf204c3436dc1c342,ef31b0c2ce7bf4a4c57e43e4811a2165bf87b421
charon,charon/tests/ui/simple/closure-with-remove-adt-clauses.out,modified,55c5f347c4005860513875cce9ddd408d9002ffc,21b0ea3a4a96dd571a6eaef4be7a812d174cf6ff
charon,charon/tests/ui/simple/coinductive-perfect-derive.out,modified,737af99b6d07aa383db5fcf8ca88825bdf7875cd,9a22236d486eae2d9992e73a81968852d4bba0f8
charon,charon/tests/ui/simple/comma-delimited-start-from.out,modified,899c645976adc5176126d402bd7b37372959df18,ea32ed6109527b975bcc0a6d637feb565aef6fa4
charon,charon/tests/ui/simple/conditional-drop.out,modified,7756b7f034da81c048427c7ff07fa99ad7a8f4ca,4a33a6f976a765d2ba2238a4c06f5934efe8ad5c
charon,charon/tests/ui/simple/const-subslice.out,modified,91dcc00883dc4d5e71fe899a7e543d82f2e85e1b,e53350a519a2b8edbf43deb4fb3b965d258ad58a
charon,charon/tests/ui/simple/const_pat_value.out,modified,3225547e0339f95ab2f0245afbbf0b78a64167c2,cc045e9f835299f30164b4a4b98b5e1064aca91b
charon,charon/tests/ui/simple/default-method-with-clause-and-marker-trait.default.out,added,,924a550f44eb39ac4a2a2972bf446381981bcfff
charon,charon/tests/ui/simple/default-method-with-clause-and-marker-trait.no-default.out,added,,fe0f60ce3d77a6f251c4b07044c6334234b25190
charon,charon/tests/ui/simple/default-method-with-clause-and-marker-trait.out,deleted,8cf8a5f2be84e6125983b787ee3961e2b49b1a2a,
charon,charon/tests/ui/simple/default-method-with-clause-and-marker-trait.rs,modified,4b50348623a10495941a27be107d95c2bb4ae3d2,ecaf9d88fb668fd5a1c7d9bf4b8a3d199da3f61f
charon,charon/tests/ui/simple/defaulted-rpitit.2.out,modified,b02c5aead61210aba1b649629d41ef871997ee86,bc1ed54b49f2dc72e9439b35e494980ff6270429
charon,charon/tests/ui/simple/defaulted-rpitit.3.out,modified,a61a96b9a3c963e097c49bccf65dbf6e13993a5c,236f54482dd8d56deec8d5ce08dc247234016cd1
charon,charon/tests/ui/simple/defaulted-rpitit.out,modified,793d2b866e873e130e8127338df11b1fc232f825,9a61e02ce23f8321eeaefae403691304a3037c02
charon,charon/tests/ui/simple/double-promotion.out,modified,07a1999583e74278fa96dd97095cb6f18b13303d,0deaf3af8b58fd0854f49b981c5382d6b3e823a6
charon,charon/tests/ui/simple/drop-cow.out,modified,2af7fd24eb35ae485695ad00ac19d5ec06f24a1f,1e094f05903ee6a93d4f87a4b607ff9756a40f9d
charon,charon/tests/ui/simple/drop-glue-with-const-generic-silenced.out,deleted,1d918066cde472e436aa96818da2d516137b7ca0,
charon,charon/tests/ui/simple/drop-glue-with-const-generic-silenced.rs,deleted,4fdbd005344d9c8cc3754b32649b0b3144d2c306,
charon,charon/tests/ui/simple/drop-glue-with-const-generic.default.out,added,,1ff17224baadbaae50d066b223ddcbdb7f52d4fb
charon,charon/tests/ui/simple/drop-glue-with-const-generic.out,deleted,8b380a1eec00a66074e2d72c43d13e652f09c077,
charon,charon/tests/ui/simple/drop-glue-with-const-generic.rs,modified,5b09c5133a10582baff5f6e23c3ec82e518dd94c,13121f99e3466c5a229ab1c01fdf49238f44d12c
charon,charon/tests/ui/simple/drop-glue-with-const-generic.silenced.out,added,,db42a91ed3cded1984636486b385eb3219bd3501
charon,charon/tests/ui/simple/drop-string-desugar.out,modified,2377ec0645600d2ef390053d379c7deaf21bc350,c169d81968faf94d635fa347e87c31b149934da1
charon,charon/tests/ui/simple/drop-string.out,modified,0c4749a8d0020d07ea1d508fbf575744c9238835,90c3d647989eece786151e7cc99d9334bce8eba6
charon,charon/tests/ui/simple/dyn-broken-assoc-type-constraint.out,deleted,728dfa08c7d90a19c51a38af0d18bc613e507905,
charon,charon/tests/ui/simple/dyn-broken-assoc-type-constraint.rs,deleted,cc58199d187c718ec680150613318a301d05c56d,
charon,charon/tests/ui/simple/dyn-cast-to-supertrait.out,deleted,9868413539e6669d20400ec18972b9496ca9e35e,
charon,charon/tests/ui/simple/dyn-cast-to-supertrait.rs,deleted,de92a631eecf1d0539aa4c3a9db8ef7a75bafc9a,
charon,charon/tests/ui/simple/dyn-field.out,deleted,af918aa874b172724163897dd49875bd60c48a98,
charon,charon/tests/ui/simple/dyn-field.rs,deleted,407b711af6b86322678ccba7346658bce7f8576d,
charon,charon/tests/ui/simple/dyn-fn.out,deleted,bb3abef83e63c4eaaee26c809efee212938289ac,
charon,charon/tests/ui/simple/dyn-fn.rs,deleted,cd823299477422298e81d56a42a9936b6b93b19d,
charon,charon/tests/ui/simple/dyn-method-with-early-bound-lifetimes.out,deleted,94a95fc37407af7c3b03a4fa707900e4cf0f6e67,
charon,charon/tests/ui/simple/dyn-method-with-early-bound-lifetimes.rs,deleted,d3b2004b62f193cf77b6170e8acbbb336ed4d7ac,
charon,charon/tests/ui/simple/explicit_destruct_bound.out,modified,9b56ca9be89635815f94d073c261f16767ddf464,3f6ae52c8d702c4dbb3cac75c1d6f62534aa165a
charon,charon/tests/ui/simple/extern-same-name-across-modules.out,modified,f2ddf0e8c01885fb27e0bf9343cbde631625c112,49f54fab4dfdb0bb6a542b2db2a7d7d2f342c3d3
charon,charon/tests/ui/simple/fewer-clauses-in-method-impl.2.out,modified,fad499f48fb8e63f0fb0a93929f359db9c5e18f2,0b3a4a321897f4ed88ef212d0534201e5f2bad9f
charon,charon/tests/ui/simple/fewer-clauses-in-method-impl.out,modified,e43658b0b5492f54a555dc298e2adb617cbc549f,086860f0a3705bc4262629a97b12302e761fb7e6
charon,charon/tests/ui/simple/fn-ptr.out,modified,85483afeba7df6c30285ed487cf5aba400068239,9ae415c42707fc9470322f156b80c09e556c6a9f
charon,charon/tests/ui/simple/fn_ptr_trait.out,modified,853ae540f5b36a3eeb2772a1ff8c643d65fb978d,aa9ce24c16baabcdd624e4fa4392321c2bb6e02e
charon,charon/tests/ui/simple/fn_ptr_trait.rs,modified,aea282a5ce12ac4102fef6194f9a958ba586f30f,730f05bf027c806f5d9c27638156e092e542a31e
charon,charon/tests/ui/simple/foreign-inline-const.out,modified,5ccf2f5281d15b152cad7200b88819b3df25c4ff,a95aaaa24b05f36047bc55e134c8692cf160b750
charon,charon/tests/ui/simple/gat-check-binder-levels.out,modified,e5bbbe6952824c4be39ad500d15b0482e241d58f,15bf023afc102ab8cc278e230c01e38e2994f7a5
charon,charon/tests/ui/simple/gat-complex-lifetimes.out,modified,ed1f8b086c452c9b57bd6daba3176793fda5de49,ef6b7d00da8540d63a7e630e5527ce67c5f06ea6
charon,charon/tests/ui/simple/gat-default.out,modified,22f7f15dfe43e50f8804f9384abef82492da7bdc,0a1906444951b7217d79429b1495b77121cd4f87
charon,charon/tests/ui/simple/gat-implied-clause.out,modified,7b00036e76c6c74b28f55f3e0155edf87b200b58,1ae9873d1a815a47d0c5852734e4bd0bf6777ebe
charon,charon/tests/ui/simple/gat-implied-clause.rs,modified,c769453c8000dbf3c287e564ca8cd84ff1e8a5fc,0dace5435e42f810a55cbc69b5a6d47e734b3db3
charon,charon/tests/ui/simple/generic-cast-to-dyn.out,deleted,3d7074bf525af743c50667525383f709059ac6ca,
charon,charon/tests/ui/simple/generic-cast-to-dyn.rs,deleted,1e76fcc15417db7f1e5315a5cec7fc0232c7a02a,
charon,charon/tests/ui/simple/generic-discriminant.out,modified,e88aed055fa33c980f5bb3aa1be4714e5482cdda,7567fea3cc9e2a0be1f6d4c6782d87f2c7f4c58d
charon,charon/tests/ui/simple/generic-impl-with-defaulted-method.out,modified,d79429952effd784a40f876d77051a1dae8789ce,c0b05b5136552e1d5fdb176b652bfd2e1597fc5c
charon,charon/tests/ui/simple/generic-impl-with-method.out,modified,c89561072d036b45c5853b728903278431bcc55f,0316c68370ba4b3745d3ae11aae14a5b06f6c4c2
charon,charon/tests/ui/simple/generic-offset-of.out,modified,82a3518cf2f4fb655bae8a6987ea8b4b1c2e03cc,28a68f39d7a08756874730f4885c47773b6c8533
charon,charon/tests/ui/simple/hello-world.out,modified,ce7c87eec345845cc9372ba7e61c95d4d6bb8b4b,55d69c79ef1c92482fa533abf0fc08dfbd052e88
charon,charon/tests/ui/simple/hide-drops.out,modified,16190f5f342832cb6f4ff602a5d4fca59c1f17be,3a5de630c0d84e1b42301c251bbb7e989750c793
charon,charon/tests/ui/simple/impl-trait-in-arg.out,modified,308aca4237232c3b91672525d038b3c98efccb41,dca3631b9f4c8af982042e1a9b10d5e1cbc2f357
charon,charon/tests/ui/simple/inline-asm.out,modified,a29efd2474c6130bac0272287a8685eb5450df4b,d2c0c7d2dcbb42a8491e9e18b1d6706025d9e6fd
charon,charon/tests/ui/simple/intrinsic-same-name-across-modules.out,modified,b153bf0902a8f5b862ad553bb652cb35895bc2d8,57a61a16f9eca84495073ed8e56a4fc787da1223
charon,charon/tests/ui/simple/issue-1040-closure-upvar-lifetime.out,modified,ce238526591aa0904dc21fb21ed0a65451be5608,a3fc54aeee751442747da89206619bb10bcabd31
charon,charon/tests/ui/simple/issue-988-closure-outlives.out,modified,af17a1f88862e7822353affa9b2ee308c4c07bb4,90cf79ec4df90b1016b2f25822333a6ba8cb3645
charon,charon/tests/ui/simple/lending-iterator-gat.out,modified,e05199b30a3f7ddc1fae29a48a234e2e7e25a00b,cd72ed409420db291f6c670d2de418b047fa06cf
charon,charon/tests/ui/simple/lifetime-unification-from-trait-impl.out,modified,169bbe2f1e057038bfa375c4f48fdbbcfd81dbf4,74befa498389585557e9155e585cd023378d74c7
charon,charon/tests/ui/simple/manual-drop-impl.out,modified,c68cc6bd2876cb1ccedfd59fedb36e48ce2e3d05,5361e6bd02dc2b3c34a98b7625fc49353d1947d3
charon,charon/tests/ui/simple/match-on-char.out,modified,b16eae3cd5f135491594061cfc8b6851aa1728d2,d2d265ff60fe7d76dea57cbc6e570c56d9d78896
charon,charon/tests/ui/simple/match-on-float.out,modified,03c1b17efd19cb1b362599375c4cd3019e17ada1,25e2fa58142fc6c15d23a8edbf31d19bd6c10def
charon,charon/tests/ui/simple/metadata-without-marker-trait.out,modified,477004973ba8111f6afe421122847bc82cf081cc,84b96ddc4e05a3ab0479863c21e134655fc219ca
charon,charon/tests/ui/simple/min.out,modified,d09ca19b3ce6ddfc97f3bece2623db6fcf34ade4,51ff7fdc5c00c574b419b4208353f154b3a5f35c
charon,charon/tests/ui/simple/mono-enum-with-single-variant.out,modified,b45b14cd5299d12d6a82e2be3a6d6ad83b551cac,4803cec5632d8eaff60fd7cba914129a76e740aa
charon,charon/tests/ui/simple/mono-enum-with-single-variant.rs,modified,da430ca00fcc3091aedb6fdd237ffcc60e335394,5bd3563557f5070c4e3cfef96413ed35c1b97fac
charon,charon/tests/ui/simple/monomorphized-intrinsic.out,modified,57a82afc1e7f23a13abb6ab6dda91d5949889526,1c1db6efd7bfc7b410489cafc3fe6fde970ba24b
charon,charon/tests/ui/simple/multiple-promoteds.out,modified,b8f1b7b5d66a5ba6c9786d2b043ba8508356e747,57f108e5587b96c3c6cb8bcb5a26dee054cd284e
charon,charon/tests/ui/simple/nested-closure-lifetime.out,modified,cd4fb52e0a89eeff1330123e96aa98544bbc9814,429b83f12e11da4bd858b7994117f7db505fc61b
charon,charon/tests/ui/simple/nested-closure-trait-ref.out,modified,c449558c58d996fef383e0bc2234222a29ebe7c0,f8fb70b84a291133537c7659786b6e29fe61d4c3
charon,charon/tests/ui/simple/nested-closure.out,modified,4820c0c8f4f8efbc5c45f12b3c3007f1321f5ca3,5066cfee2fc4a9f2cc3ec9537a2f4d0d449f27dc
charon,charon/tests/ui/simple/nested-inline-const.out,modified,692ac7be926626398d4d53eabe6fee1452bcfd17,a3003ef0d45d8e49dbfe0ba6ac98d65c77b3a859
charon,charon/tests/ui/simple/non-lifetime-gats.out,modified,2698f5bda5e21edc06fcab73d772a0313e4b2841,73c12819e662bc9da13e98c1ec80e0e312efe206
charon,charon/tests/ui/simple/offset-of.out,modified,144c0a7aa093e58cd9f8ed4b6c0f32fd5b820766,91cdbc8795ac553e175784f4d04dfaca4faf6cc2
charon,charon/tests/ui/simple/opaque-trait-with-clause-in-method.out,modified,e7f14b6226e09195acb5b23f417b06128311a479,e4c3bfac7b46367d1b09d805e033ef4da2ff18c0
charon,charon/tests/ui/simple/opaque-vtable.out,deleted,16a87c6567389b37d53f4495688867faed01bc5e,
charon,charon/tests/ui/simple/opaque-vtable.rs,deleted,98d7df8fe88e53e59f71f7215cab83428bcee245,
charon,charon/tests/ui/simple/partial-drop.out,modified,18fd3c81d126a7f34ed86d0e82428a5fcc56d994,0fa4ba2dbeb7212b6b7dfe4cedbf5ca00019f767
charon,charon/tests/ui/simple/pass-higher-kinded-fn-item-as-closure.out,modified,d874a8c7a8113537828eb04f84945b7f324b8793,3ae1f1c5a548448eb9504dc88af7ac1af3196b66
charon,charon/tests/ui/simple/place_mention.out,modified,c1103028f093dbb05d5968a12d2b062d1f7c6802,528c62d0cae8dd7c4685e3c6ac0e6cb7684cbf01
charon,charon/tests/ui/simple/promoted-closure-no-warns.out,deleted,2aa0a559395e89cc22403123d1d4304ac7cc252e,
charon,charon/tests/ui/simple/promoted-closure-no-warns.rs,deleted,6a14de89d1330148632af027d3a46d502bf673b9,
charon,charon/tests/ui/simple/promoted-closure.default.out,added,,ecc3baeefc65d52cf2c3dcd6bb94e1e5f9c6dda1
charon,charon/tests/ui/simple/promoted-closure.no-warns.out,added,,ecc3baeefc65d52cf2c3dcd6bb94e1e5f9c6dda1
charon,charon/tests/ui/simple/promoted-closure.out,deleted,2aa0a559395e89cc22403123d1d4304ac7cc252e,
charon,charon/tests/ui/simple/promoted-closure.rs,modified,8947eb20c15f3188af216861c9c808d753c0340e,d870211ffd365a4db00abb310216becd821dce3b
charon,charon/tests/ui/simple/promoted-in-generic-fn.out,modified,f7e433d23ba2776b6f66024eb7476feefd7d4066,e4c0ed544ce45a1d6631eab46681436634332fae
charon,charon/tests/ui/simple/promoted-inside-impl.out,modified,61348eb8dc2dcc226f8f1bf2e298bce43bb25e46,894ced94e5779c7323c1949bb9a40ff821fb6657
charon,charon/tests/ui/simple/promoted-literal-addition-overflow.out,modified,fdc046a17f39bfac9464e66554bd4f7abf1089f9,e71441435cc0272d54d12a430af76b37460550c1
charon,charon/tests/ui/simple/promoted-literal-addition.out,modified,49f8f59091b3feea5ee9569daaedeb4ebd1206e9,fdfed8bc8e59bc539abfd492ef507acbcbf14119
charon,charon/tests/ui/simple/promoted-u32-slice.out,modified,18cad351420fc053ceab8ec78dd078f3ac400c6b,54aeb10e5fa0192232496f6793062370241f3101
charon,charon/tests/ui/simple/promoted.out,added,,60014de3621bc98cb9149a006667e482457f591e
charon,charon/tests/ui/simple/promoted.rs,added,,30460d6ac852c299a8ea42aa56c1f6a7caca691a
charon,charon/tests/ui/simple/promoted_in_closure.out,modified,acbe6f7e4b7baf3da66fb3b4caca579541174dce,53fada1edb62a1a439b885868b811759a0f722af
charon,charon/tests/ui/simple/promoted_in_default_method.out,modified,d732752344cd41335768c78ab82923988e8db8a8,1e750504eab73c60d2bb49e7b5d33d38febab586
charon,charon/tests/ui/simple/ptr-from-raw-parts.out,modified,a60250a0c8a9db76af0b6d76ad125b130c36299e,d6ffd97877254f4ea6dc8d7e620db3b33e426b7e
charon,charon/tests/ui/simple/ptr_metadata.out,modified,3f885dd4ca04a0f9ce0b1e9076e835e106dda4ad,b1353e15b73137ab82027835fc2115f83ddd9a12
charon,charon/tests/ui/simple/ptr_to_promoted.out,modified,4a994387ad06331a3f03cfd63d820e3facdea361,925656b235bf6dbab3b567a765f16cd7131b8e9d
charon,charon/tests/ui/simple/range-iter.out,modified,bd9a89d80e8e5176818523ab69f56a6b3c6058b9,d78c01e2b0f42e57cb77a5d19e806dd7d1dd50ec
charon,charon/tests/ui/simple/ref-in-const.out,modified,3702de5611388dce8f54ad421c697e099a59ed47,d05ab21e39d6554ebb2b89148f6b8bd95356f452
charon,charon/tests/ui/simple/remove-adt-clauses-closure-keep-assoc.out,modified,660f01434c31a56650075757107ec0aa19b5cda0,8a9dc9bc1268dbaa61f91f672e2b1dd922065d22
charon,charon/tests/ui/simple/remove-adt-clauses-closure-keep-assoc.rs,modified,47aa718ed5281bc6e70d37f119e62d665aee862d,6a678d43748a28e8262596f400afc9ab7efa1d4d
charon,charon/tests/ui/simple/remove-adt-clauses-keep-assoc.out,modified,a651a2305af02062ca28b4e65d2b9529f887762b,9a388f1d4169d89eec7031298d455d19cafc51aa
charon,charon/tests/ui/simple/remove-adt-clauses-supertrait.out,modified,8df116a719c8059395eed942823f422d7fec9ea6,be67092231171cb64f5ba8b27bd9d98c0de06b62
charon,charon/tests/ui/simple/remove-adt-clauses.out,modified,5d7131232832708ab607d2c8ad9ea4ed875634b2,e69cc8eddcd3514b35cbd6650db23bfdc1356027
charon,charon/tests/ui/simple/rpitit-with-const-generic.out,modified,927b52920d418caede3c89c3cdd1d86e2f1e3bca,e0b941ba8301e4a20b53e793a4a5ff354fe40bff
charon,charon/tests/ui/simple/rpitit-with-lifetime-bound.out,modified,8c33823b117d88cf83bebbd145b26e8d129984b7,766b881e51a092d397947a6bba509ce84fc7c50a
charon,charon/tests/ui/simple/rpitit-with-lifetime.out,modified,6aefc51a177e0e92ebfcd611c894c0ce9f4c1c0a,84250d8de74db21b9414ccdb36f5c6933a6c1855
charon,charon/tests/ui/simple/rpitit.out,modified,19dfd3cdecd7768d0cef1fb357dd34c910bc2b73,de1637e9da4fcc0a29981ea2f3eabb52375a8848
charon,charon/tests/ui/simple/single-variant-enum-drop-glue.out,modified,0851d50e8977ccd0a331c83e3d600280c210393b,4055730411850b850f5f5a37600820946c01b82e
charon,charon/tests/ui/simple/slice_increment.out,modified,1933a176ef27dae31a4772fb7bebed648982ae15,98f89d841c48e6d3c6a0cc744bc2ddf4f9ac89b4
charon,charon/tests/ui/simple/slice_index.out,modified,d217d72fee10aa447054d53cf77ceb4576d59655,0e31f59ac04a31ddd3da3987dc86c639023374a6
charon,charon/tests/ui/simple/slice_index_range.out,modified,cbf2beef7340c7aa511600edc766704be63be939,906bf3d8282ba4e0276a3ea9759e11ecef5f5019
charon,charon/tests/ui/simple/slice_index_range.rs,modified,f43b8267d9dfce7d4e241eccc7813093348b4290,43c96f5a4a5a13239f69193bd43f90780c89f721
charon,charon/tests/ui/simple/struct-with-drops.out,modified,d1695e829ba638b99ba84f868dde018903b49e15,0816dd84ecd540e0480e03f7875527fb571b31c2
charon,charon/tests/ui/simple/supertrait-impl-with-assoc-type-constraint.out,modified,a8b40929133ecb7215a5a5b0295c49bfea09226c,6f4f6a7091c13b975ffd067f633f2d8e8e661c01
charon,charon/tests/ui/simple/thread-local.out,modified,c17ae3337189b0e65da0cc3c217d2403d07481cc,532fe28028af605af11d50ebc01ab6ce247966d7
charon,charon/tests/ui/simple/trait-alias.out,modified,8754643021d310fe45232bf99a8bf9e2c53a4518,081cc2d49601a7cdfd5f65708c2015fb42084a56
charon,charon/tests/ui/simple/trait-default-const-cross-crate.out,modified,b9e36f72394fc23f03bb7d0ddb84b80443b08a87,2e7371cfc54a9c9d6e89ab123b4e6c026bc5ac09
charon,charon/tests/ui/simple/trait-default-const.out,modified,a68f06677570a38515a5562a01f5f0b2f6e8991e,2711d2b03a1d2aa590dbec064a8fe7f5280349ff
charon,charon/tests/ui/simple/trivial_generic_function.out,modified,63c7ed281cf7013dc02c24cbc20ada8648f4c82d,16e19f4c5efd3f1fc18c90774bb5281230fc12c1
charon,charon/tests/ui/simple/uncheck-ops.out,modified,e52cbdfbeb1c99ac253fbecfccb926b597549b40,eef65c0ae61eed94a19dd3ab4cbe8bb254a0d04f
charon,charon/tests/ui/simple/vec-push.out,modified,e273aa0354a801387b56503605d1266e0b63195d,9f00567b006ce6528fb6ddc0ebf750f47c9fcb0f
charon,charon/tests/ui/simple/vec-push.rs,modified,175d740b42f17c6d6288cd7244aa4f4d9a6231c3,a9a45e4f40b464e42914ccdd21510a2c4664437b
charon,charon/tests/ui/simple/vec-with-capacity.out,modified,92b1e948eabd72ecf7938c2399735fba97bc6192,3d5766a10380650a5a12694acd67cd7549635eef
charon,charon/tests/ui/simple/well-formedness-bound.out,modified,6446a84eef09558d7e4781ff594cce10ee547d98,9c14b77d56e5957077104e1fe5549d6c9503ee29
charon,charon/tests/ui/simple/wrapping-ops.out,modified,6c1dae78457f0ac774bf9761e75e305eeb79c7f3,70a77cabb5d7a006cd304e7a404f35a5752e37d7
charon,charon/tests/ui/skip-borrowck.out,modified,e2fc7f5c711aa018affba593bb27d237c21a4402,47663263de3eb0f8007f70d171162be270ed8448
charon,charon/tests/ui/slice-index-range.out,modified,03063b624507ebf89b60d72ed81ca7ecaa7aebae,1152cee1ccf1cbb896ab46605db713811b5c8936
charon,charon/tests/ui/statics.out,modified,d5ba9f4f77cc45fd54fd8fa08edd48217b562ab5,94dae3823ac4e49ca88c795b908b7606e0b198c1
charon,charon/tests/ui/stealing.out,modified,673bebd18a659bd8deafac4be4bcd4dc7aafdf76,77e7b5bae90616c2b63424f06a439b9f1a8f7dba
charon,charon/tests/ui/string-literal.out,deleted,5b718481db5361cfa7088efdc0ef4a6607bb7f09,
charon,charon/tests/ui/string-literal.rs,modified,158ae9f2d03247158fbeff7c11aa6fc7b4c001d4,ba8cf16853554e714948215180d5cd53e62bdd1e
charon,charon/tests/ui/string-literal.sized.out,added,,576219f2414a7f7481417ce5777d9e4059b6069d
charon,charon/tests/ui/string-literal.unsized.out,added,,d721404abbf9472190a8e293fd716301aabc874e
charon,charon/tests/ui/traits.out,modified,e9a173d85a5925d935b10cb085a7bdc869efdd19,fca62acf2b5362bf499e978f468fde0853565878
charon,charon/tests/ui/traits/default-method-with-item-bound.2.out,modified,4f06dcf02c5c7a33bce22a40896311c14fc4acd0,e264a7999989857a0477d4f12720db5bb4d7be81
charon,charon/tests/ui/traits/default-method-with-item-bound.3.out,modified,eba3508d1af97f294ee2a2deff2280b0c55c76ef,7906885d2bba9307c6ae522a96be3735889427e3
charon,charon/tests/ui/traits/default-method-with-item-bound.4.out,modified,9df93eafca47fa1a12c95e5b3ebef2d5fc8ca8c5,43c44b4e475fa103f4342770f55e62523706fbf3
charon,charon/tests/ui/traits/default-method-with-item-bound.5.out,modified,7d5e1eac6761d7602427227789d9f232857b6939,35a1599c2fbabe0c7deb374561e5ad160db337b6
charon,charon/tests/ui/traits/default-method-with-item-bound.6.out,modified,508660cc051e068b7a74fb935f4e547d8c4a95b7,2610416ea6940d7f7e3dafa8798c65929f3ef56a
charon,charon/tests/ui/traits/default-method-with-item-bound.out,modified,8ba0ad71075d53e7acfa33e2780e6db30dcf1dc6,cb974597632d8b11df2a45fe748649e64c8053fd
charon,charon/tests/ui/traits/impossible-recursive-trait-proof.out,added,,d0640e603bc848b8f70db27650b90cd896bddb0a
charon,charon/tests/ui/traits/impossible-recursive-trait-proof.rs,added,,537b2a34f2c7f4ceab8f9f8704b9f6aedf907850
charon,charon/tests/ui/traits/issue-1403-default-method-with-item-constraint.out,added,,3512d3335d0cfa213dcb64a6226195a2a009565f
charon,charon/tests/ui/traits/issue-1403-default-method-with-item-constraint.rs,added,,ca4b85cc67685111fff1d6c299c558e50f8e5047
charon,charon/tests/ui/traits/issue-513-gat-clause-mismatch-use-clause.out,modified,f316dbf07d26d3f8cf5db7692daf52052f8553df,0f02e3c2e4497e6f759605b7213cbabc47226737
charon,charon/tests/ui/traits/issue-513-gat-clause-mismatch.out,modified,69352d94bb10f44a426db1b1ee90ce007d21c7be,e602a3425c4662bcec2fd06da5161bf592a8e0ce
charon,charon/tests/ui/traits/issue-513-method-clause-mismatch-and-default-call.out,modified,fded2436deb116800d1f34c4563907ba01c1e835,d17458ea6f61eb078661745708d8cfb27a33d3d0
charon,charon/tests/ui/traits/issue-513-method-clause-mismatch.out,modified,23afcda53f935afbea1acbeab9909976a5ca2c86,e9aef878204ef5033e33f95d83e8d1bac4cce7cb
charon,charon/tests/ui/traits/issue-513-method-late-bound-mismatch.out,modified,105d5156a78ba2489345f58abce52f0634f2db99,abdce0692250dc5a53802fb33d9d2a6570587d7d
charon,charon/tests/ui/traits/pointee-metadata-bounds.out,modified,1e7058d198cded5a0a07415588b5370840fcaecc,50ea8ac0a2e99cb1a257f8d741e4e2625b639da9
charon,charon/tests/ui/traits/recursive-projection-normalization-overflow.out,added,,de6299644fc3da5a598bef344ae2cdcfd9bdb1e4
charon,charon/tests/ui/traits/recursive-projection-normalization-overflow.rs,added,,6e5826bf0af7698a1b9a23cfa15bf7f3634875d2
charon,charon/tests/ui/traits/recursive-projection-overflow.out,added,,85a852614a17001f97205340aef780170fa10e5d
charon,charon/tests/ui/traits/recursive-projection-overflow.rs,added,,f1d501aa65a7d7554c4dde95c2afcfcc36bd7adf
charon,charon/tests/ui/traits/remove-self-clause-on-closure.out,added,,aee123f308c5b49eb9323adb750f2ee0327109eb
charon,charon/tests/ui/traits/remove-self-clause-on-closure.rs,added,,fb1d51b5543e1a211feef114525413ef31b54daa
charon,charon/tests/ui/traits/remove-unused-clauses.out,added,,2a9d74a361b5ef01e71bd4c0544d5e2a6f9b9bda
charon,charon/tests/ui/traits/remove-unused-clauses.rs,added,,068457f0ff11c83bfa5ed4b6861b1934543f3fcc
charon,charon/tests/ui/traits_special.out,modified,fae32a9bd39884f1b267d98885c37e5a1c751f19,a7324406e66f2fe24a82c90f93770d34bb40201c
charon,charon/tests/ui/type-id.out,modified,b1528d2b3c2cb0659ed88983f33766212803c32c,3acdb02e1c9ceb6cf71023aacc19c16674a22738
charon,charon/tests/ui/type_alias.out,modified,04e65e6cfb82c40be7451432b41244d28ce47434,57219c4867fdfdca548af2d1f96e3f7e30544067
charon,charon/tests/ui/type_inference_is_order_dependent.out,modified,00648d7f4b0d32d7eac4735b8c145a7f05b90621,40f7fbc70fca54a85190c0679f32da0552885fd1
charon,charon/tests/ui/typenum.out,modified,1800c26189d228968993060e1f34626305dcf18e,318bfdbe82ed31d0b0c481c9fb65c0dc9855b5e4
charon,charon/tests/ui/u128-multiplication.out,added,,52325be59432bc94118d681f2f5f921fda55cb31
charon,charon/tests/ui/u128-multiplication.rs,added,,d73f76dbb2f6dc6a671ef31be7762212e6cb40f4
charon,charon/tests/ui/unions.out,modified,28d372db8e5f00d11c5fc7f9e1a58156a98ecc85,dd50a688deeac0d49012f18e71e337e357988f45
charon,charon/tests/ui/unsafe-impl-send.out,modified,124ba19aa6f3947b18c20e93f631af66a48b6d55,e974df543e419a7fc9f079815d64b4d8e3e27cf4
charon,charon/tests/ui/unsafe.out,modified,cdc2bd8abaeb1c0b75f2a35bc6854d36d282ed5a,3ae6c1324ec91213148ad0604033fc817489e36d
charon,charon/tests/ui/unsize.out,modified,02557461f6d7112118b3393d552d6f76fb453c18,e37afc70f37681159b7754e4c038a3f753231c7d
charon,charon/tests/ui/unsize.rs,modified,984b8a3e2e22779b51f8647fd2238e1cdfa6c66e,8ed465f09a7833689bb6926f3b8333d33d207f24
charon,charon/tests/ui/unsized-string-consts.out,deleted,1d59f99462c70e5de08d041bdec6f078dc93c56a,
charon,charon/tests/ui/unsized-string-consts.rs,deleted,f4b08e805029262e283da5bcbea3c6fa182f11f6,
charon,charon/tests/ui/unsupported/issue-79-bound-regions.out,modified,fe796cb243d80af27e45a095e81c18d568276870,f3f699681633d32e774cb65081144e27f292a2db
charon,charon/tests/ui/unsupported/unbound-lifetime.out,modified,a67bcea9da7689cbfb744b6c511f02e3c3fd840a,d259946ddbd4d6e2463bf90b358dc0a896e09c54
charon,charon/tests/ui/unwind-llbc.out,added,,c48d6f1492711dacb8692305dedb9e43872c12d1
charon,charon/tests/ui/unwind-llbc.rs,added,,ab97e4880eddc222a5700e1c66cca59fc3a76b92
charon,charon/tests/ui/variadics.out,added,,58e36f3303be13503070db91de7431fe4dd10616
charon,charon/tests/ui/variadics.rs,added,,7e49e0d671d65ec02e545b620958d20f392a8e14
charon,charon/tests/ui/vec-reconstruct-move-values.out,modified,1d3432aa43784efb314dcc035ec9aef46b0a3594,2626e1c3f59aad5803c60c6b523e5fc787855ce0
charon,charon/tests/ui/vec-reconstruct-multiple-adjacent.out,modified,15434189d36f67bf20607f3e489054e1854c3fe7,8880355a3d53c2205738f8686919ee49203f4584
charon,charon/tests/ui/vec-reconstruct-nested.out,modified,a1b5fd9a466c9db4717e61c3b3408fb7183c60b3,bc2bac200df96fa39b73f2d818de898b6ccf15b2
charon,charon/tests/ui/vtable-simple.out,deleted,f2f483bcc25faa933a3d5fc7089502bb88182a4a,
charon,charon/tests/ui/vtable-simple.rs,deleted,f202100925e5c958cace2925f548b0c1b598a2d8,
charon,charon/tests/ui/vtable_drop.out,deleted,767ddd045e9a813ccb19c2d07c8dedc302a41da9,
charon,charon/tests/ui/vtable_drop.rs,deleted,d41b9de1435b9d5c73c49292c157b767162e87f0,
charon,charon/tests/ui/vtables.out,deleted,fb2450f69a694d5ba54bbda77dbdee6527a94a2a,
charon,charon/tests/ui/vtables.rs,deleted,9393d084bd37c4eaac4c2d06ff76ffec70f0ec24,
charon,charon/tests/util/mod.rs,modified,ab5b2427d3fd0c757e4cce47ac6e9fa5d02fab4b,c650d2134f60b08e5ca8d5dd8fee679e718adb62
charon,charon/tests/util/popular_crates.rs,added,,e26f3c6d3b1e35912953e40c9dc0ec493df4dae2
charon,docs/SUMMARY.md,added,,b7c0b83b3dbb66cdb9ab8272389b85f665a92a1f
charon,docs/book.toml,added,,db2c5fbe892ffb0b671ac13ae7bd4d6f72109c84
charon,docs/faq.md,added,,67ee94a0fb1b8205b9d4d9f3553efc0253f89e50
charon,docs/installation.md,added,,9cba245f701a8f209498a66c0ebc40fbccc78266
charon,docs/internals.md,added,,c3b807dd81ca76ad22e5a2636ee0d7adf8bcb0ac
charon,docs/internals/charon-transformations.md,added,,9e722a72c64fd39eaaa464dd03ce7fd9199161f0
charon,docs/internals/charon-translation.md,added,,da607c388b1d151d6b7f9fc97b3650bc53a108ec
charon,docs/internals/charon_lib.md,added,,5b83f452f5191e09c148c780c5f90be2b5d94235
charon,docs/internals/hax.md,added,,49c5be90f00e01c8e0f84025826f9aa22c4b6d04
charon,docs/internals/rustc_trait_elaboration.md,added,,66da4bd30ef924e69c31ba082270915d29dc4652
charon,docs/internals/translating-generics.md,added,,2d37520e4bd5441678fb863c8b89329d5376e040
charon,docs/introduction.md,added,,91244ec4ba5f6dad4d93f778129300894345ad58
charon,docs/limitations.md,modified,34b20af95cdbe733f9094ded613ed23f42691de6,1af0d9dd3e1043a733e67788f62aef0f52e2fcca
charon,docs/rust_for_linux.md,added,,9a6c1d64ef2732411b744b411e53a8a7c33b25b1
charon,docs/usage.md,modified,8731e44a3caa5ca3fc54c001ce2579b1a3ad4bde,7a82fd66a76f958f98ae0c282ae8a1bec1f0538b
charon,docs/versioning.md,added,,e36bc5c42605ba33d91e0f7eddf40b2bcd9ab1a2
charon,docs/what_charon_does_for_you.md,modified,b0e9b32a11b78f106c7edf953bb0f60967de8cb2,48736e01e7ddceea1cbdbb95132917e072f3a396
charon,dune-project,modified,52d2a0a5d85dccdbefa2f66caa83693738178eff,686ca7be9b19f8ca4da5e2bd8e2efa143b7c510d
charon,flake.lock,modified,a30ebd303c0b7d2d66a5ecd3fc4956dad4a7ded4,448d74ac200bc4ef15883ecc5055dafc2308a744
charon,flake.nix,modified,844a2ca996e86acb053bbecd52ff251134341da8,a0dc7362c704292fb80e19f12c865f077b7597a2
charon,name_matcher_parser.opam,modified,1080bdfa76c18a4861a9408ce771ed76efe32d75,f3e06c4c1916f98379be0532ff44ec3a8a57dd86
charon,nix/charon-ml.nix,modified,b7ed70d881d4323733f544add5121c88f62b01ab,4a9d3f41a0cce3ac75680400190073f3b651af0a
charon,nix/charon.nix,modified,82d0823239e2b5cada213f8db51a02a09f4e9c3c,c4c88e2e9aca3edaf38dfca07bf48384d5c4a500
charon,nix/full-mir-sysroots.nix,added,,449795cf8ced239496b6f9b6d660b80e0635e493
charon,nix/polyfill-glibc.nix,added,,50c0a5c3099e9c536e5dd8abd53231909246dbe2
charon,nix/rustc-tests.nix,modified,c3a8ee0b46c85d978c480e3d13c3b8a5aa716c88,a6ae99dda825e2e8c65f5832f54f4bbf5dce9924
charon,nix/rustc-tests.py,added,,d9ffa032d8df20028df3844a98d768b586579f42
charon,nix/zulip_bot.nix,added,,54fc946dea2337903114bbf714c0f731d76c1002
charon,rebase-fix.diff,added,,058d8df5675daca8fd3e4d6bfe2c2b28f01632e9
charon,scripts/ci-release-message.py,added,,618828351b323df5d42d0a838b324ec37c3fd369
