id,original_heading,consolidation_title,requested_text_sha256,requested_text,destinations,v24_status,audit_status,entire_requested_scope_supported,scope_assessment,new_evidence_relation,cached_only_decision,remaining_gate,next_prerequisite,cited_packages
A01,Define the minimum sufficient interactive generation identity [S/X],Minimum sufficient generation identity,8d315160a6907eb7194c878c4299fe4356a2d68bc4269083deeeae6493b4dad9,"### A01. Define the minimum sufficient interactive generation identity [S/X]

Determine the smallest state tuple that prevents stale results across Rust, LLBC, generated Lean, Lake artifacts, and Lean workers.

Candidate dimensions include:

- Cargo compilation-subject identity;
- Rust source snapshot identity;
- Charon configuration/tool identity;
- LLBC digest/generation;
- Aeneas configuration/tool identity;
- generated-Lean tree digest/generation;
- Lake workspace/prepared-environment identity;
- relevant import artifact traces/hashes;
- projected Lean document URI/version/hash;
- Lean server generation;
- Lean file-worker incarnation;
- RPC-session incarnation.

Use mutation experiments to remove one dimension at a time and find counterexamples.

**Design impact:** defines the internal key carried by diagnostics, tactic states, verification results, caches, and agent handles.",I145,partial,partial,false,Cited experiments cover bounded components; the entire requested original method is not supported.,v24 I076→I145 cross-slice witness only,No distinct remaining cached-only trial identified for this exact scope after cited component review.,Full Cargo-through-MCP identity ablation and freshness routing require the Anneal pipeline; R25 is only a Lean-level stale-proof control. The I076 same-name sibling-crate LLBC witness independently rejects serialized crate/function names as a sufficient compilation-subject key; complete cross-layer product identity remains open.,"Implemented Anneal V2 pipeline, archive or service with the item's stated integration contract.",anneal-3730-174-row-crosswalk-reaudit-2026-09-29;anneal-3730-five-original-packages-rereview-2026-09-29;anneal-3730-identity-state-mutation-model-2026-09-29;anneal-3730-last-good-model-signature-recovery-2026-09-29;anneal-3731-i054-i106-postpublication-residual-audit-2026-09-29;anneal-v2-current-source-surface-main-bd0956b-2026-09-29
A02,Distinguish locator identity from semantic generation across every stage [S/X],Locators versus semantic generations,1e4c26723ca2992829e11089a1f08fe99bff2dcd24f903372bf51fc7c7e28eb5,"### A02. Distinguish locator identity from semantic generation across every stage [S/X]

Construct cases where paths/names stay constant while contents change:

- same Cargo target slug, changed Rust;
- same `.llbc` pathname, changed LLBC;
- same generated `.lean` pathname, changed Aeneas output;
- same `.olean` pathname, changed imported environment;
- same proof URI/version reset after reopen;
- same MCP workspace handle after server restart.

Record where stable locators are useful and where treating them as freshness tokens fails.

**Design impact:** prevents stable path/name APIs from accidentally becoming cache-validity APIs.",I011;I034;I079;I145,partial,partial,false,Cited experiments cover bounded components; the entire requested original method is not supported.,v24 I076→I145 cross-slice witness only,No distinct remaining cached-only trial identified for this exact scope after cited component review.,"Existing ABA model, direct URI history, and Charon short-name controls cover local mechanisms; locator-to-generation policy requires Anneal handles and keys. The I076 same-name sibling-crate LLBC witness independently rejects serialized crate/function names as a sufficient compilation-subject key; complete cross-layer product identity remains open.","Implemented Anneal V2 pipeline, archive or service with the item's stated integration contract.",anneal-3730-174-row-crosswalk-reaudit-2026-09-29;anneal-3730-charon-build-closure-control-2026-09-29;anneal-3730-charon-concurrency-interruption-2026-09-29;anneal-3730-charon-scaling-subject-closure-2026-09-29;anneal-3730-charon-shortname-aeneas-impact-2026-09-29;anneal-3730-charon-subject-output-phase-matrix-2026-09-29;anneal-3730-charon-warm-noop-byte-diff-2026-09-29;anneal-3730-charon-warm-target-controls-2026-09-29;anneal-3730-cross-tool-active-cancellation-barriers-2026-09-29;anneal-3730-cross-tool-stage-cancellation-cleanup-2026-09-29;anneal-3730-five-original-packages-rereview-2026-09-29;anneal-3730-identity-state-mutation-model-2026-09-29;anneal-3730-last-good-model-signature-recovery-2026-09-29;anneal-3730-saved-vs-private-rust-overlay-2026-09-29;anneal-3731-i054-i106-postpublication-residual-audit-2026-09-29;anneal-v2-current-source-surface-main-bd0956b-2026-09-29
A03,Mixed-generation race matrix [X],Mixed-generation race matrix,92e5cf1b50884dc013fd499567302083a00425ba6fa1ef48662e366b0ed6754f,"### A03. Mixed-generation race matrix [X]

Deliberately overlap:

- Rust edit while Charon is running;
- LLBC replacement while Aeneas is running;
- generated-Lean publication while Lake is building;
- Lake rebuild while Lean is elaborating;
- proof edit while dependency regeneration completes;
- MCP goal request while any upstream generation advances.

Require that every returned result is attributable to one coherent generation or explicitly stale/cancelled.

**Design impact:** validates the proposed snapshot/revision fence rather than relying on best-effort cancellation.",I013;I051;I134;I138,partial,partial,false,Cited experiments cover bounded components; the entire requested original method is not supported.,I005/I127 have no direct #3730 destination; no new linked component,No distinct remaining cached-only trial identified for this exact scope after cited component review.,"The real seven-file in-place control exposed four mixed A/B inventories where old Lean proof still passed; staged publication avoided selected mixed inventories in this fixture. A full Anneal race matrix across generation, diagnostics, cache insertion and concurrent owners remains untested.","Implemented Anneal V2 pipeline, archive or service with the item's stated integration contract.",anneal-3730-174-row-crosswalk-reaudit-2026-09-29;anneal-3730-acceptance-oracle-matrix-2026-09-29;anneal-3730-cli-graceful-cancel-signals-2026-09-29;anneal-3730-cross-tool-active-cancellation-barriers-2026-09-29;anneal-3730-cross-tool-stage-cancellation-cleanup-2026-09-29;anneal-3730-five-original-packages-rereview-2026-09-29;anneal-3730-generation-recovery-2026-09-29;anneal-3730-identity-state-mutation-model-2026-09-29;anneal-3730-large-tree-coherent-capture-2026-09-29;anneal-3730-last-good-model-signature-recovery-2026-09-29;anneal-3730-scratch-tactic-concurrency-crash-2026-09-29;anneal-3731-embedded-proof-generated-model-vertical-v4-30-0-rc2;anneal-3731-real-generation-publication-v4-30-0-rc2
A04,Old-result publication after cancellation [X],Late publication after cancellation,a8c093c4e4f501478c022cf64b88be0957fc92f6a95dd2f8c7faa9c3aa3571a5,"### A04. Old-result publication after cancellation [X]

Force each stage to complete after cancellation or supersession:

- Charon child process;
- Aeneas process/library call;
- Lake build/setup;
- Lean LSP request;
- MCP task.

Verify that late completion cannot overwrite current state.

**Design impact:** establishes whether cancellation is an optimization or mistakenly part of correctness.",I053;I106,partial,partial,false,Cited experiments cover bounded components; the entire requested original method is not supported.,I005/I127 have no direct #3730 destination; no new linked component,No distinct remaining cached-only trial identified for this exact scope after cited component review.,"A synthetic late child already proves the publication hazard; separate real backend outputs, diagnostics and cache insertion need the product publication fence.","Implemented Anneal V2 pipeline, archive or service with the item's stated integration contract.",anneal-3730-174-row-crosswalk-reaudit-2026-09-29;anneal-3730-five-original-packages-rereview-2026-09-29;anneal-3730-generation-recovery-2026-09-29
A05,Snapshot retention versus recomputation [X],Snapshot retention versus recomputation,4ff3b15b0086ba2c4c240303e262e9acc84c476603028e8390afdd25c240bbda,"### A05. Snapshot retention versus recomputation [X]

Measure the cost of retaining:

- source text only;
- source + projected Lean;
- generated Lean tree;
- Lake workspace-local state;
- live Lean worker;
- compiled generated-module artifacts.

Evaluate 1/2/4/8/16 retained generations.

**Design impact:** informs whether historical-query support is practical or whether old generations should normally expire.",I047;I146,partial,partial,false,Cited experiments cover bounded components; the entire requested original method is not supported.,I005/I127 have no direct #3730 destination; no new linked component,No distinct remaining cached-only trial identified for this exact scope after cited component review.,"Eight-proof direct/Lake stale-import waves and a new 1/2/4 cached Aeneas generated-history byte/goal sweep exist; an Anneal historical broker, expiry and matched realistic retention/recompute economics remain.","Implemented Anneal V2 pipeline, archive or service with the item's stated integration contract. Guarded representative workload and sufficient measured RAM/disk/headroom; this host has 8 GiB physical RAM.",anneal-3730-174-row-crosswalk-reaudit-2026-09-29;anneal-3730-eight-proof-live-stale-oracle-fanout-2026-09-29;anneal-3730-five-original-packages-rereview-2026-09-29;anneal-3730-generated-history-retention-economics-2026-09-29;anneal-3730-lean-launch-refresh-matrix-v4-30-0-rc2;anneal-3730-lean-multiminute-restart-resource-soak-2026-09-29;anneal-3730-lean-rpc-lifetimes-v4-30-0-rc2;anneal-3730-lean-server-soak-context-rpc-2026-09-29;anneal-3730-lean-transitive-import-rpc-matrix-2026-09-29;anneal-3730-lean-uri-history-import-boundaries-2026-09-29;anneal-3730-resource-economics-2026-09-29
A06,Historical query semantics [S/X],Historical query semantics,0070f4392e00d82d652ff794987b9fd34c55581c732288d523d3518c6a19a0ce,"### A06. Historical query semantics [S/X]

Test whether Anneal should support “goal at revision N” after revision N+1 exists.

Compare:

- retaining the old worker;
- reconstructing an old projected document against old imports;
- restarting a worker against retained old artifacts;
- refusing historical queries.

**Design impact:** determines whether MCP revision handles are durable snapshot handles or merely optimistic guards for the current generation.",I047;I146,partial,partial,false,Cited experiments cover bounded components; the entire requested original method is not supported.,I005/I127 have no direct #3730 destination; no new linked component,No distinct remaining cached-only trial identified for this exact scope after cited component review.,"Same-URI latest, separate old-URI and sequential retained generated-history goals exist; exact-revision start/completion semantics still require an Anneal service envelope and lifecycle.","Implemented Anneal V2 pipeline, archive or service with the item's stated integration contract.",anneal-3730-174-row-crosswalk-reaudit-2026-09-29;anneal-3730-five-original-packages-rereview-2026-09-29;anneal-3730-generated-history-retention-economics-2026-09-29;anneal-3730-lean-launch-refresh-matrix-v4-30-0-rc2;anneal-3730-lean-multiminute-restart-resource-soak-2026-09-29;anneal-3730-lean-rpc-lifetimes-v4-30-0-rc2;anneal-3730-lean-server-soak-context-rpc-2026-09-29;anneal-3730-lean-transitive-import-rpc-matrix-2026-09-29;anneal-3730-lean-uri-history-import-boundaries-2026-09-29;anneal-3730-resource-economics-2026-09-29
A07,Cross-process reconstruction of one generation [X],Cross-process reconstruction,6ab5ab36f751de44a1fc87605c5677bed2db2a35c297291bd1b38ac8d60b939d,"### A07. Cross-process reconstruction of one generation [X]

Create an interactive generation, destroy all live processes, then reconstruct the same claimed generation from retained state.

Compare diagnostics, goals, imported identities, and batch checking.

**Design impact:** tests whether semantic identity is encoded in explicit state rather than hidden process history.",I016;I110,partial,partial,false,Cited experiments cover bounded components; the entire requested original method is not supported.,I005/I127 have no direct #3730 destination; no new linked component,No distinct remaining cached-only trial identified for this exact scope after cited component review.,Saved Lean restart and filesystem cleanup are covered; unsaved editor buffers and authoritative imported generations require Anneal reconstruction.,"Implemented Anneal V2 pipeline, archive or service with the item's stated integration contract.",anneal-3730-174-row-crosswalk-reaudit-2026-09-29;anneal-3730-charon-scaling-subject-closure-2026-09-29;anneal-3730-five-original-packages-rereview-2026-09-29;anneal-3730-generation-recovery-2026-09-29;anneal-3730-identity-state-mutation-model-2026-09-29;anneal-3730-lean-pool-failure-isolation-2026-09-29;anneal-3730-scratch-tactic-concurrency-crash-2026-09-29
A08,Content-hash versus monotonic-revision identity [S/X],Hashes versus monotonic revisions,5b32cb1bd5ad9e1351f7212c1847fdedc335dc1fd3b36f4fc15ce7fc75ceffc3,"### A08. Content-hash versus monotonic-revision identity [S/X]

Create edit sequences that:

- change and revert text;
- produce byte-identical generated Lean from different upstream histories;
- produce semantically equivalent but byte-different generated Lean;
- preserve proof text while changing imports.

Determine which uses need monotonic causality, which can use content identity, and where both are required.

**Design impact:** informs cache keys and stale-result fencing.

---

# B. Embedded Lean annotation projection and editing",I011;I079;I097;I145,partial,partial,false,Cited experiments cover bounded components; the entire requested original method is not supported.,v24 I076→I145 cross-slice witness only,No distinct remaining cached-only trial identified for this exact scope after cited component review.,"Selected ABA, Charon ordering, and cache-key controls exist; complete source/model/tool/flag/path consumer identity needs cross-layer Anneal routing. The I076 same-name sibling-crate LLBC witness independently rejects serialized crate/function names as a sufficient compilation-subject key; complete cross-layer product identity remains open.","Implemented Anneal V2 pipeline, archive or service with the item's stated integration contract.",anneal-3730-174-row-crosswalk-reaudit-2026-09-29;anneal-3730-charon-build-closure-control-2026-09-29;anneal-3730-charon-concurrency-interruption-2026-09-29;anneal-3730-charon-scaling-subject-closure-2026-09-29;anneal-3730-charon-shortname-aeneas-impact-2026-09-29;anneal-3730-charon-subject-output-phase-matrix-2026-09-29;anneal-3730-charon-warm-noop-byte-diff-2026-09-29;anneal-3730-charon-warm-target-controls-2026-09-29;anneal-3730-cross-tool-active-cancellation-barriers-2026-09-29;anneal-3730-cross-tool-stage-cancellation-cleanup-2026-09-29;anneal-3730-five-original-packages-rereview-2026-09-29;anneal-3730-identity-state-mutation-model-2026-09-29;anneal-3730-lake-cache-publication-atomicity-2026-09-29;anneal-3730-lake-dynamic-config-identity-2026-09-29;anneal-3730-lake-key-artifact-family-matrix-2026-09-29;anneal-3730-lake-plugin-combined-family-mix-2026-09-29;anneal-3730-lake-prepared-contract-2026-09-29;anneal-3730-lake-same-key-artifact-writers-2026-09-29;anneal-3730-last-good-model-signature-recovery-2026-09-29;anneal-3730-saved-vs-private-rust-overlay-2026-09-29;anneal-3731-i054-i106-postpublication-residual-audit-2026-09-29;anneal-v2-current-source-surface-main-bd0956b-2026-09-29
B01,Specify the exact projection model [S],Exact projection model,afc2a0b1c5e25bf5f18aa61566eb344331a9955ae068068c8d68503c2df823e4,"### B01. Specify the exact projection model [S]

Enumerate all transformations from Rust-hosted annotation text to the Lean document:

- doc-comment prefixes;
- block comments;
- indentation normalization;
- fence removal;
- escaping/unescaping;
- inserted namespace/import/scaffolding text;
- concatenation of multiple annotation regions;
- line-ending normalization.

For each, classify it as lossless, invertible, partially invertible, or synthetic.

**Design impact:** defines the contract for cursor mapping and edits.",I026,partial,partial,false,Cited experiments cover bounded components; the entire requested original method is not supported.,I005/I127 have no direct #3730 destination; no new linked component,No distinct remaining cached-only trial identified for this exact scope after cited component review.,Invented projection maps cannot establish actual annotation stripping and editable-range policy.,"Implemented Anneal V2 pipeline, archive or service with the item's stated integration contract.",anneal-3730-174-row-crosswalk-reaudit-2026-09-29;anneal-3730-lean-lsp-projection-code-actions-2026-09-29;anneal-3730-projection-macro-doccomment-patch-matrix-2026-09-29;anneal-3730-projection-provenance-2026-09-29;anneal-3730-source-owned-projection-diagnostic-matrix-2026-09-29
B02,Executed round-trip projection corpus [X],Executed round-trip corpus,7c34316318474c0738e407e0fcf7ef9c77d5694811ba557b93813d80ce8785c5,"### B02. Executed round-trip projection corpus [X]

Build a fixture corpus covering:

- ASCII;
- multibyte UTF-8;
- combining characters;
- wide characters;
- tabs;
- CRLF;
- blank lines;
- nested Markdown fences;
- Lean comments containing fence-like text;
- escaped Rust doc strings;
- block documentation attributes.

For every source position in user Lean text, round-trip Rust → projected Lean → Rust.

**Design impact:** validates exact edit mapping independently of Charon/Aeneas source spans.",I025;I026;I032,partial,partial,false,Cited experiments cover bounded components; the entire requested original method is not supported.,I005/I127 have no direct #3730 destination; no new linked component,No distinct remaining cached-only trial identified for this exact scope after cited component review.,Synthetic round trips and real compiler coordinates exist; actual Rust-hosted Anneal grammar/map round trips remain.,"Implemented Anneal V2 pipeline, archive or service with the item's stated integration contract.",anneal-3730-174-row-crosswalk-reaudit-2026-09-29;anneal-3730-five-original-packages-rereview-2026-09-29;anneal-3730-lean-lsp-projection-code-actions-2026-09-29;anneal-3730-projection-macro-doccomment-patch-matrix-2026-09-29;anneal-3730-projection-provenance-2026-09-29;anneal-3730-source-owned-projection-diagnostic-matrix-2026-09-29
B03,LSP UTF-16 conversion stress test [X],UTF-16 stress tests,eb7372e7ad8995a3775368c003ad4235916b2663c598c3a3e042a3785aad1cb0,"### B03. LSP UTF-16 conversion stress test [X]

Exercise source positions before/inside/after surrogate-pair characters and combining sequences.

Compare:

- Rust byte offsets;
- projected Lean byte offsets;
- Lean internal raw positions;
- LSP UTF-16 positions;
- returned diagnostic/goal positions.

**Design impact:** prevents subtle cursor/edit corruption from cross-coordinate conversion.",I025;I062,partial,partial,false,Cited experiments cover bounded components; the entire requested original method is not supported.,I005/I127 have no direct #3730 destination; no new linked component,No distinct remaining cached-only trial identified for this exact scope after cited component review.,The Unicode map fixture lacks negotiated real editor clients through Anneal projection.,"Implemented Anneal V2 pipeline, archive or service with the item's stated integration contract.",anneal-3730-174-row-crosswalk-reaudit-2026-09-29;anneal-3730-five-original-packages-rereview-2026-09-29;anneal-3730-lean-lsp-multifile-actions-hints-2026-09-29;anneal-3730-lean-lsp-navigation-edit-operations-2026-09-29;anneal-3730-lean-lsp-projection-code-actions-2026-09-29;anneal-3730-multiclient-editor-contract-2026-09-29;anneal-3730-projection-macro-doccomment-patch-matrix-2026-09-29;anneal-3730-projection-provenance-2026-09-29;anneal-3730-source-owned-projection-diagnostic-matrix-2026-09-29
B04,Incremental projection update algorithm [S/X],Incremental projection algorithm,4bc7ee9449601d5639f5f12ca74d6cc34c673a0b7804a3aaf83666399c4e78db,"### B04. Incremental projection update algorithm [S/X]

Compare full-document regeneration with range-local projection updates for proof-only edits.

Measure:

- correctness;
- generated edit ranges;
- Lean incremental reuse;
- implementation complexity;
- behavior around edits that change annotation delimiters or indentation.

**Design impact:** decides whether initial interactive mode should always send full-content `didChange` or support fine-grained changes.",I032,partial,partial,false,Cited experiments cover bounded components; the entire requested original method is not supported.,I005/I127 have no direct #3730 destination; no new linked component,No distinct remaining cached-only trial identified for this exact scope after cited component review.,The invented 80-step map benchmark is already done; the real incremental algorithm requires the annotation grammar and production document sizes.,"Implemented Anneal V2 pipeline, archive or service with the item's stated integration contract.",anneal-3730-174-row-crosswalk-reaudit-2026-09-29;anneal-3730-five-original-packages-rereview-2026-09-29;anneal-3730-lean-lsp-projection-code-actions-2026-09-29;anneal-3730-projection-macro-doccomment-patch-matrix-2026-09-29;anneal-3730-source-owned-projection-diagnostic-matrix-2026-09-29
B05,Projection invalidation after edits outside the annotation [X],Host-only edits shift source positions,c299b55f0ee932fe573f9b78ad4eb017cd9521c15695fd856602eaa5df29a3e3,"### B05. Projection invalidation after edits outside the annotation [X]

Change Rust text before an unchanged Lean annotation so all physical source positions shift.

Verify:

- projected Lean contents stay stable;
- Rust↔Lean mapping updates correctly;
- in-flight tactic-state results are rejected or remapped safely.

**Design impact:** separates proof-content identity from host-file coordinate identity.",I029;I032,partial,partial,false,Cited experiments cover bounded components; the entire requested original method is not supported.,I005/I127 have no direct #3730 destination; no new linked component,No distinct remaining cached-only trial identified for this exact scope after cited component review.,Synthetic shifted-host patches cannot replace source-owned editor transactions under real Anneal positions.,"Implemented Anneal V2 pipeline, archive or service with the item's stated integration contract.",anneal-3730-174-row-crosswalk-reaudit-2026-09-29;anneal-3730-five-original-packages-rereview-2026-09-29;anneal-3730-lean-lsp-projection-code-actions-2026-09-29;anneal-3730-projection-macro-doccomment-patch-matrix-2026-09-29;anneal-3730-projection-provenance-2026-09-29;anneal-3730-source-owned-projection-diagnostic-matrix-2026-09-29
B06,Annotation delimiter corruption and partial syntax [X],Delimiter corruption and partial syntax,73fcbf61e25e70e904ab29e5dbbcf5371c2142d71d691e3cbbb0f9a0bfaf6b8c,"### B06. Annotation delimiter corruption and partial syntax [X]

Interactively edit opening/closing fences, doc-comment markers, or structural annotation syntax until the Lean payload becomes temporarily undiscoverable.

Determine what state remains queryable and what diagnostics should survive.

**Design impact:** defines editor behavior during ordinary half-typed states.",I017;I046,partial,partial,false,Cited experiments cover bounded components; the entire requested original method is not supported.,I005/I127 have no direct #3730 destination; no new linked component,No distinct remaining cached-only trial identified for this exact scope after cited component review.,Direct Lean partial-file classes are complete for I046; unfinished host annotation parsing remains an Anneal implementation gap.,"Implemented Anneal V2 pipeline, archive or service with the item's stated integration contract.",anneal-3730-174-row-crosswalk-reaudit-2026-09-29;anneal-3730-annotation-subject-boundary-matrix-2026-09-29;anneal-3730-lean-launch-refresh-matrix-v4-30-0-rc2;anneal-3730-lean-server-soak-context-rpc-2026-09-29;anneal-3730-lean-transitive-import-rpc-matrix-2026-09-29;anneal-3730-partial-elaboration-queries-v4-30-0-rc2
B07,Multiple Lean annotations in one Rust item/file [S/X],Multiple-annotation document granularity,b1e1ec86157c819dbd1bbcb5a92f621aacab639c6e5c999f760ab4e78d430eee,"### B07. Multiple Lean annotations in one Rust item/file [S/X]

Test whether projected documents should:

- compose all annotations into one module;
- use one virtual document per annotation;
- use one per Rust item;
- use one per Cargo target.

Measure cross-annotation references and invalidation scope.

**Design impact:** determines virtual-document granularity.",I022;I035,partial,partial,false,Cited experiments cover bounded components; the entire requested original method is not supported.,I005/I127 have no direct #3730 destination; no new linked component,No distinct remaining cached-only trial identified for this exact scope after cited component review.,The three Lean layouts and five-marker helper are approximations; real multi-annotation parsing/grouping remains.,"Implemented Anneal V2 pipeline, archive or service with the item's stated integration contract.",anneal-3730-174-row-crosswalk-reaudit-2026-09-29;anneal-3730-annotation-subject-boundary-matrix-2026-09-29;anneal-3730-lean-artifact-layouts-v4-30-0-rc2
B08,Cross-annotation name visibility and namespaces [X],Name visibility and namespaces,d5c0fa47fa2a75e1593ea58aea791fd21d2ab8c514914ea3bb69a65e06af31c2,"### B08. Cross-annotation name visibility and namespaces [X]

Create annotations that depend on declarations from earlier/later annotations, local namespaces, opened namespaces, section variables, and generated helper names.

**Design impact:** tests whether independently projected fragments can preserve batch semantics.",I022;I037,partial,partial,false,Cited experiments cover bounded components; the entire requested original method is not supported.,I005/I127 have no direct #3730 destination; no new linked component,No distinct remaining cached-only trial identified for this exact scope after cited component review.,Direct Lean wrapper context controls are already executed; generated wrappers and Rust subject/claim attestation are missing.,"Implemented Anneal V2 pipeline, archive or service with the item's stated integration contract.",anneal-3730-174-row-crosswalk-reaudit-2026-09-29;anneal-3730-annotation-subject-boundary-matrix-2026-09-29;anneal-3730-lean-wrapper-context-prefix-reuse-v4-30-0-rc2
B09,Lean import-header ownership for embedded annotations [S/X],Embedded import-header ownership,833235565ec1a6122f07d40a406eed46a23766c1728ffed05b313d8cf3d3ad8b,"### B09. Lean import-header ownership for embedded annotations [S/X]

Determine whether users may author imports/options inside annotations and, if so, how those interact with Anneal-generated imports and Lake `setup-file`.

Test unsaved changes to import headers.

**Design impact:** determines whether a proof-only edit can alter prepared-environment requirements.",I018;I022;I091,partial,partial,false,Cited experiments cover bounded components; the entire requested original method is not supported.,I005/I127 have no direct #3730 destination; no new linked component,No distinct remaining cached-only trial identified for this exact scope after cited component review.,Cargo comment-read and one setup report exist; authored versus generated import-header authority needs Anneal parser and loaded-import witness.,"Implemented Anneal V2 pipeline, archive or service with the item's stated integration contract.",anneal-3730-174-row-crosswalk-reaudit-2026-09-29;anneal-3730-annotation-subject-boundary-matrix-2026-09-29;anneal-3730-identity-state-mutation-model-2026-09-29;anneal-3730-lake-cache-publication-atomicity-2026-09-29;anneal-3730-lake-dynamic-config-identity-2026-09-29;anneal-3730-lake-key-artifact-family-matrix-2026-09-29;anneal-3730-lake-plugin-combined-family-mix-2026-09-29;anneal-3730-lake-prepared-contract-2026-09-29;anneal-3730-lake-same-key-artifact-writers-2026-09-29;anneal-3730-lean-launch-refresh-matrix-v4-30-0-rc2;anneal-3730-lean-transitive-import-rpc-matrix-2026-09-29
B10,User edits versus generated scaffolding edits [S/X],Authored versus generated edits,91b6e41096fb6a25b08f0d0e95f3af50ecc3dd1ce2748f251684b8ddc121f91f,"### B10. User edits versus generated scaffolding edits [S/X]

Probe editor/MCP operations whose Lean range crosses:

- user-authored source;
- synthetic Anneal scaffolding;
- Aeneas-generated code.

Define which transformations are accepted, split, or rejected.

**Design impact:** ensures a generated-code responsibility anchor never silently authorizes a source edit.",I026;I027;I030;I069,partial,partial,false,Cited experiments cover bounded components; the entire requested original method is not supported.,I005/I127 have no direct #3730 destination; no new linked component,No distinct remaining cached-only trial identified for this exact scope after cited component review.,Synthetic ownership and direct Lean edit controls exist; generated-to-authored edit authority requires Anneal projection.,"Implemented Anneal V2 pipeline, archive or service with the item's stated integration contract.",anneal-3730-174-row-crosswalk-reaudit-2026-09-29;anneal-3730-lean-lsp-multifile-actions-hints-2026-09-29;anneal-3730-lean-lsp-navigation-edit-operations-2026-09-29;anneal-3730-lean-lsp-projection-code-actions-2026-09-29;anneal-3730-multiclient-editor-contract-2026-09-29;anneal-3730-projection-macro-doccomment-patch-matrix-2026-09-29;anneal-3730-projection-provenance-2026-09-29;anneal-3730-source-owned-projection-diagnostic-matrix-2026-09-29
B11,Code actions and rename through projection [S/X],Code actions and rename,bd7899eb21b787bb185ebd1dc3c38cdf14db49c4bf297773cb7d42c77c6058f9,"### B11. Code actions and rename through projection [S/X]

Exercise Lean:

- code actions;
- rename;
- completion insertion;
- import suggestions;
- go-to-definition.

Determine which returned edits can be safely projected back to Rust-hosted Lean.

**Design impact:** scopes future LSP feature support beyond goals/diagnostics.",I030;I059;I060,partial,partial,false,Cited experiments cover bounded components; the entire requested original method is not supported.,I005/I127 have no direct #3730 destination; no new linked component,No distinct remaining cached-only trial identified for this exact scope after cited component review.,Direct Lean navigation/rename/action replies exist; source-map routing and real multi-file editor transaction through Anneal are absent.,"Implemented Anneal V2 pipeline, archive or service with the item's stated integration contract.",anneal-3730-174-row-crosswalk-reaudit-2026-09-29;anneal-3730-lean-lsp-multifile-actions-hints-2026-09-29;anneal-3730-lean-lsp-navigation-edit-operations-2026-09-29;anneal-3730-lean-lsp-projection-code-actions-2026-09-29;anneal-3730-projection-macro-doccomment-patch-matrix-2026-09-29;anneal-3730-projection-provenance-2026-09-29;anneal-3730-source-owned-projection-diagnostic-matrix-2026-09-29
B12,Hover/completion/semantic-token projection [X],Hover/completion/tokens/signature help/inlay hints,3191cee8075a684c2059b4f191234fffb83bf8bb337cd65a496b0c1677c975ba,"### B12. Hover/completion/semantic-token projection [X]

Compare projected positions and ranges for:

- hover;
- completion;
- signature help;
- semantic tokens;
- inlay hints;
- references.

**Design impact:** determines whether the same mapping abstraction suffices for all editor features or whether some need feature-specific rules.",I030;I059;I062,partial,partial,false,Cited experiments cover bounded components; the entire requested original method is not supported.,I005/I127 have no direct #3730 destination; no new linked component,No distinct remaining cached-only trial identified for this exact scope after cited component review.,Direct Lean LSP feature specimens are captured; mapped responses and client capability fallbacks need Anneal projection and clients.,"Implemented Anneal V2 pipeline, archive or service with the item's stated integration contract.",anneal-3730-174-row-crosswalk-reaudit-2026-09-29;anneal-3730-lean-lsp-multifile-actions-hints-2026-09-29;anneal-3730-lean-lsp-navigation-edit-operations-2026-09-29;anneal-3730-lean-lsp-projection-code-actions-2026-09-29;anneal-3730-multiclient-editor-contract-2026-09-29;anneal-3730-projection-macro-doccomment-patch-matrix-2026-09-29;anneal-3730-projection-provenance-2026-09-29;anneal-3730-source-owned-projection-diagnostic-matrix-2026-09-29
B13,Diagnostic responsibility versus editable correspondence [S/X],Diagnostic responsibility versus editability,3cdd5da461b09b2b05214c9b7a4634d2baedc41cb74e1ce79f2196c2355b827b,"### B13. Diagnostic responsibility versus editable correspondence [S/X]

Construct diagnostics in:

- copied user Lean;
- Anneal-generated theorem names;
- generated binders;
- generated tactics;
- Aeneas-generated terms;
- imported models.

Record which can map exactly to Rust bytes and which only admit a responsibility anchor.

**Design impact:** validates separate “editable projection” and “diagnostic provenance” abstractions.",I027;I031,partial,partial,false,Cited experiments cover bounded components; the entire requested original method is not supported.,I005/I127 have no direct #3730 destination; no new linked component,No distinct remaining cached-only trial identified for this exact scope after cited component review.,Raw multi-tool diagnostics and illustrative map exist; actual diagnostic ownership and editability need production provenance.,"Implemented Anneal V2 pipeline, archive or service with the item's stated integration contract.",anneal-3730-174-row-crosswalk-reaudit-2026-09-29;anneal-3730-lean-lsp-projection-code-actions-2026-09-29;anneal-3730-projection-macro-doccomment-patch-matrix-2026-09-29;anneal-3730-projection-provenance-2026-09-29;anneal-3730-source-owned-projection-diagnostic-matrix-2026-09-29
B14,Macro-generated or transformed Rust annotations [S/X],Macro-generated annotations,aed87b841f53f7f0e625325b7e2b975e092b67d654131f9c9033529c6f648560,"### B14. Macro-generated or transformed Rust annotations [S/X]

Test annotations produced or modified through:

- `cfg_attr`;
- attribute macros;
- proc macros;
- `include!`;
- generated files.

Determine whether Anneal can offer an editable Lean projection when the source text is not a simple user-owned Rust span.

**Design impact:** defines when interactive editing is supported versus read-only or unavailable.",I019;I087,partial,partial,false,Cited experiments cover bounded components; the entire requested original method is not supported.,I005/I127 have no direct #3730 destination; no new linked component,No distinct remaining cached-only trial identified for this exact scope after cited component review.,Charon item spans are hints; macro-generated annotation attachment and authenticated one-to-many translation links need product instrumentation.,"Implemented Anneal V2 pipeline, archive or service with the item's stated integration contract.",anneal-3730-174-row-crosswalk-reaudit-2026-09-29;anneal-3730-aeneas-identity-manifest-2026-09-29;anneal-3730-aeneas-manifest-batch-oracle-2026-09-29;anneal-3730-aeneas-trait-output-shrink-matrix-2026-09-29;anneal-3730-annotation-subject-boundary-matrix-2026-09-29
B15,Unsaved Rust host buffer as the canonical proof source [X],Unsaved host as proof authority,3199bb6c36cbd0c675be2e5d3c9279debc1d322e23730aa3f892d45909967efc,"### B15. Unsaved Rust host buffer as the canonical proof source [X]

Keep the disk file old while the editor buffer contains a new Lean annotation.

Drive the projected Lean document entirely from the unsaved Rust buffer and verify that tactic state follows the buffer rather than disk.

**Design impact:** confirms that future LSP integration can support normal editor semantics without materializing Rust saves.

---

# C. Lean tactic-state, worker, and RPC semantics",I012;I068;I137;I155,partial,partial,false,Cited experiments cover bounded components; the entire requested original method is not supported.,I005/I127 have no direct #3730 destination; no new linked component,No distinct remaining cached-only trial identified for this exact scope after cited component review.,"An unsaved Rust host buffer fed one live Lean projected proof in the prototype; actual editor host authority through save/rename/close, client reconnect and Anneal hidden-document ownership remain untested.","Implemented Anneal V2 pipeline, archive or service with the item's stated integration contract.",anneal-3730-174-row-crosswalk-reaudit-2026-09-29;anneal-3730-multiclient-editor-contract-2026-09-29;anneal-3731-embedded-proof-generated-model-vertical-v4-30-0-rc2
C01,Version-bound goal wrapper protocol [X],Version-bound goal wrapper,ed47166d0cc7ff30c0be0d54f6fa65d006edde3c1baf56d0b3f920193a951045,"### C01. Version-bound goal wrapper protocol [X]

Prototype an Anneal wrapper around `plainGoal` / `getInteractiveGoals` that records:

- request-start document hash/version;
- worker incarnation;
- environment generation;
- response-time current state.

Exercise edits before, during, and after the Lean request.

**Design impact:** validates the proposed snapshot guard.",I041;I045;I048;I145,partial,partial,false,Cited experiments cover bounded components; the entire requested original method is not supported.,v24 I076→I145 cross-slice witness only,No distinct remaining cached-only trial identified for this exact scope after cited component review.,Direct Lean reply and stale-session controls exist; exact-version goal wrapper and loaded-import attestation need Anneal envelope plus trusted worker identity. The I076 same-name sibling-crate LLBC witness independently rejects serialized crate/function names as a sufficient compilation-subject key; complete cross-layer product identity remains open.,"Implemented Anneal V2 pipeline, archive or service with the item's stated integration contract. An upstream API/patch implementation or measured equivalent trusted adapter.",anneal-3730-174-row-crosswalk-reaudit-2026-09-29;anneal-3730-identity-state-mutation-model-2026-09-29;anneal-3730-last-good-model-signature-recovery-2026-09-29;anneal-3730-lean-launch-refresh-matrix-v4-30-0-rc2;anneal-3730-lean-multiminute-restart-resource-soak-2026-09-29;anneal-3730-lean-rpc-lifetimes-v4-30-0-rc2;anneal-3730-lean-server-soak-context-rpc-2026-09-29;anneal-3730-lean-transitive-import-rpc-matrix-2026-09-29;anneal-3730-partial-elaboration-queries-v4-30-0-rc2;anneal-3730-server-topology-v4-30-0-rc2;anneal-3731-i054-i106-postpublication-residual-audit-2026-09-29
C02,Rich RPC versus `plainGoal` stability [S/X],Rich RPC versus plainGoal,96ac38ae25d575b4314e2672f55370fa8f46d99128ed12862911bc68f77e5b47,"### C02. Rich RPC versus `plainGoal` stability [S/X]

Compare the two goal-query surfaces for:

- before/after tactic selection;
- nested tactics;
- term proofs;
- syntax errors;
- incomplete elaboration;
- worker restart;
- RPC reconnect.

**Design impact:** chooses whether MCP should expose the simple or rich surface internally.",I043;I044;I046,partial,partial,false,Cited experiments cover bounded components; the entire requested original method is not supported.,I005/I127 have no direct #3730 destination; no new linked component,No distinct remaining cached-only trial identified for this exact scope after cited component review.,The 28-position plainGoal grids are covered and a new macro-expanded tactic position/recovery grid adds direct Lean evidence; rich RPC on generated proofs and source projection still need Anneal context.,"Implemented Anneal V2 pipeline, archive or service with the item's stated integration contract.",anneal-3730-174-row-crosswalk-reaudit-2026-09-29;anneal-3730-lean-launch-refresh-matrix-v4-30-0-rc2;anneal-3730-lean-multiminute-restart-resource-soak-2026-09-29;anneal-3730-lean-rpc-lifetimes-v4-30-0-rc2;anneal-3730-lean-server-soak-context-rpc-2026-09-29;anneal-3730-lean-transitive-import-rpc-matrix-2026-09-29;anneal-3730-macro-tactic-position-recovery-v4-30-0-rc2;anneal-3730-nested-tactic-position-grid-v4-30-0-rc2;anneal-3730-nested-unsaved-recovery-grid-v4-30-0-rc2;anneal-3730-partial-elaboration-queries-v4-30-0-rc2;anneal-3730-rpc-idle-expiry-v4-30-0-rc2;anneal-3730-server-topology-v4-30-0-rc2
C03,Worker restart freshness barrier [X],Worker-restart freshness barrier,b64c583fe532600643f89d9fb0b635f9c551c9938ecea0132b237f7ef14a2419,"### C03. Worker restart freshness barrier [X]

After an imported dependency changes, test several refresh strategies:

- watched-file notification only;
- resend proof document;
- close/reopen proof;
- refresh dependencies;
- restart file worker;
- restart entire server;
- new workspace/server generation.

Compare each to fresh batch Lean.

**Design impact:** finds the minimum reliable dependency-change barrier.",I049,partial,partial,false,Cited experiments cover bounded components; the entire requested original method is not supported.,I005/I127 have no direct #3730 destination; no new linked component,No distinct remaining cached-only trial identified for this exact scope after cited component review.,"Watched import replacement plus identical-text and changed-text didChange left the pinned direct Lean worker stale; close/reopen, fresh server and batch saw the new import. The explicit file-worker supervisor reset, new workspace/server generation and full three-launch-mode refresh comparison remain open.","Exercise explicit file-worker supervisor restart and new workspace/server generation under matched imported-artifact transitions across the supported Lean/Lake launch modes, then compare each with fresh batch.",anneal-3730-174-row-crosswalk-reaudit-2026-09-29;anneal-3730-c03-proof-resend-refresh-2026-09-29;anneal-3730-lean-launch-refresh-matrix-v4-30-0-rc2;anneal-3730-lean-server-soak-context-rpc-2026-09-29;anneal-3730-lean-transitive-import-rpc-matrix-2026-09-29
C04,`lake serve` versus `lake env lean --server` invalidation behavior [X],Server launch-mode comparison,d5a17ea94fdec048991eec1bafcfc3aa3bdadf337c0932279a24bf8871e46bf3,"### C04. `lake serve` versus `lake env lean --server` invalidation behavior [X]

Repeat the stale-import experiment under both launch paths with identical generated projects.

**Design impact:** determines whether the V1 stale-state result is specific to one launch configuration.",I049,complete,complete,true,Original falsification/direct-tool method answered at its explicitly pinned fixture scope; no broader Anneal acceptance inferred.,I005/I127 have no direct #3730 destination; no new linked component,No distinct remaining cached-only trial identified for this exact scope after cited component review.,No remaining delta at the narrowly completed scope.,None for the narrowly completed scope.,anneal-3730-174-row-crosswalk-reaudit-2026-09-29;anneal-3730-lean-launch-refresh-matrix-v4-30-0-rc2;anneal-3730-lean-server-soak-context-rpc-2026-09-29;anneal-3730-lean-transitive-import-rpc-matrix-2026-09-29
C05,"Changed `.olean`, unchanged source [X]",Changed artifact with unchanged source,029357c74ab2cf2d7bb2d5418e30faf78d9b6e9fce21c78061afdca2d5dfa84a,"### C05. Changed `.olean`, unchanged source [X]

Replace an imported compiled artifact while leaving its source path and timestamp scenarios varied.

Test whether any server mechanism observes the new environment without worker replacement.

**Design impact:** clarifies whether artifact identity alone must force restart.",I147,partial,partial,false,Cited experiments cover bounded components; the entire requested original method is not supported.,I005/I127 have no direct #3730 destination; no new linked component,No distinct remaining cached-only trial identified for this exact scope after cited component review.,R33 fixed generated text while external model changed; actual producer generation/clock keys and product invalidation remain.,"Implemented Anneal V2 pipeline, archive or service with the item's stated integration contract.",anneal-3730-174-row-crosswalk-reaudit-2026-09-29;anneal-3730-cross-layer-comparator-mutants-2026-09-29;anneal-3730-external-model-without-codegen-change-2026-09-29;anneal-3730-identity-state-mutation-model-2026-09-29;anneal-3730-lean-cross-version-equivalence-v4-29-v4-30-rc2-2026-09-29;anneal-3730-lean-launch-refresh-matrix-v4-30-0-rc2;anneal-3730-lean-transitive-import-rpc-matrix-2026-09-29
C06,"Changed source, byte-identical rebuilt artifact [X]",Changed source with identical rebuilt artifact,7ae7caf9a9d181beefaed347e44234f2119b235283e06ea4337caf6164eb8b2f,"### C06. Changed source, byte-identical rebuilt artifact [X]

Create upstream changes that rebuild but produce byte-identical semantic artifacts.

Determine whether restarting is necessary for correctness or only conservatively triggered.

**Design impact:** informs future fine-grained environment equivalence.",I147,partial,partial,false,Cited experiments cover bounded components; the entire requested original method is not supported.,I005/I127 have no direct #3730 destination; no new linked component,No distinct remaining cached-only trial identified for this exact scope after cited component review.,R33 external-model control is narrower than actual source-change/identical-artifact handling through producer identities.,"Implemented Anneal V2 pipeline, archive or service with the item's stated integration contract.",anneal-3730-174-row-crosswalk-reaudit-2026-09-29;anneal-3730-cross-layer-comparator-mutants-2026-09-29;anneal-3730-external-model-without-codegen-change-2026-09-29;anneal-3730-identity-state-mutation-model-2026-09-29;anneal-3730-lean-cross-version-equivalence-v4-29-v4-30-rc2-2026-09-29;anneal-3730-lean-launch-refresh-matrix-v4-30-0-rc2;anneal-3730-lean-transitive-import-rpc-matrix-2026-09-29
C07,Import graph addition/removal/rename [X],Import additions/removals/renames,0f0a260b8c9fbd45e6a1296a975401384d2473b8c72b8ac320480f2ab123e64c,"### C07. Import graph addition/removal/rename [X]

Regenerate Aeneas output so modules appear, disappear, or move.

Test existing open proofs and server setup.

**Design impact:** validates package-generation replacement rather than file-by-file overwrite.",I051;I055,partial,partial,false,Cited experiments cover bounded components; the entire requested original method is not supported.,I005/I127 have no direct #3730 destination; no new linked component,No distinct remaining cached-only trial identified for this exact scope after cited component review.,Synthetic exact-file tree and direct import controls exist; actual generated LLBC/Lean/OLean deletion/rename publication remains.,"Implemented Anneal V2 pipeline, archive or service with the item's stated integration contract.",anneal-3730-174-row-crosswalk-reaudit-2026-09-29;anneal-3730-generation-recovery-2026-09-29
C08,RPC object lifetime and handle invalidation [X],RPC and handle lifetimes,424238c0b9d0254caedaba12fa322a050a530a5dc0c2fa351a9fb6ed0fd8ac6d,"### C08. RPC object lifetime and handle invalidation [X]

Exercise:

- worker restart;
- server restart;
- reconnect;
- document close/reopen;
- environment swap;
- idle timeout.

Record behavior of stale RPC references and session IDs.

**Design impact:** determines whether any Lean-side reference can escape as a durable MCP object.",I044;I045;I047;I122,partial,partial,false,Cited experiments cover bounded components; the entire requested original method is not supported.,I005/I127 have no direct #3730 destination; no new linked component,No distinct remaining cached-only trial identified for this exact scope after cited component review.,Prior direct rich RPC release/stale-session behaviors are covered and a new pinned idle-expiry run adds -32900/no-keep-alive recovery. Durable Anneal owner/reclaim and matched retention costs remain.,"Implemented Anneal V2 pipeline, archive or service with the item's stated integration contract.",anneal-3730-174-row-crosswalk-reaudit-2026-09-29;anneal-3730-generation-recovery-2026-09-29;anneal-3730-identity-state-mutation-model-2026-09-29;anneal-3730-lean-launch-refresh-matrix-v4-30-0-rc2;anneal-3730-lean-multiminute-restart-resource-soak-2026-09-29;anneal-3730-lean-rpc-lifetimes-v4-30-0-rc2;anneal-3730-lean-server-resource-drift-soak-2026-09-29;anneal-3730-lean-server-soak-context-rpc-2026-09-29;anneal-3730-lean-transitive-import-rpc-matrix-2026-09-29;anneal-3730-rpc-idle-expiry-v4-30-0-rc2;anneal-3730-server-topology-v4-30-0-rc2
C09,Multiple simultaneous goal queries in one document [X],Concurrent goal queries in one document,d91d7daa1b09b679e0a307fb78264a4b01ed238551bacdc100e190c1802a4e71,"### C09. Multiple simultaneous goal queries in one document [X]

Issue queries at many positions while edits occur.

Check ordering, cancellation, completion, and stale-response behavior.

**Design impact:** informs MCP concurrency limits and request bookkeeping.",I041;I134,partial,partial,false,Cited experiments cover bounded components; the entire requested original method is not supported.,I005/I127 have no direct #3730 destination; no new linked component,No distinct remaining cached-only trial identified for this exact scope after cited component review.,Duplicate-ID direct Lean schedule exists; Anneal envelope and current request/worker fence remain.,"Implemented Anneal V2 pipeline, archive or service with the item's stated integration contract.",anneal-3730-174-row-crosswalk-reaudit-2026-09-29;anneal-3730-acceptance-oracle-matrix-2026-09-29;anneal-3730-cli-graceful-cancel-signals-2026-09-29;anneal-3730-cross-tool-active-cancellation-barriers-2026-09-29;anneal-3730-cross-tool-stage-cancellation-cleanup-2026-09-29;anneal-3730-last-good-model-signature-recovery-2026-09-29;anneal-3730-lean-launch-refresh-matrix-v4-30-0-rc2;anneal-3730-lean-multiminute-restart-resource-soak-2026-09-29;anneal-3730-lean-rpc-lifetimes-v4-30-0-rc2;anneal-3730-lean-server-soak-context-rpc-2026-09-29;anneal-3730-lean-transitive-import-rpc-matrix-2026-09-29;anneal-3730-partial-elaboration-queries-v4-30-0-rc2;anneal-3730-scratch-tactic-concurrency-crash-2026-09-29
C10,Multiple open proof documents importing one generated model [X],Many proofs importing one model,d78deef50613f3251b305619267be96112c384958483b07416d8dae03f989946,"### C10. Multiple open proof documents importing one generated model [X]

Edit proofs independently, then mutate the shared model.

Verify all affected workers refresh correctly while unrelated workers remain valid.

**Design impact:** tests dependency fan-out invalidation.",I050;I056,partial,partial,false,Cited experiments cover bounded components; the entire requested original method is not supported.,I005/I127 have no direct #3730 destination; no new linked component,No distinct remaining cached-only trial identified for this exact scope after cited component review.,Eight distinct proofs in four two-worker waves are covered; simultaneous eight-worker scale and product scheduling require bounded resource-backed Anneal workload.,"Implemented Anneal V2 pipeline, archive or service with the item's stated integration contract. Guarded representative workload and sufficient measured RAM/disk/headroom; this host has 8 GiB physical RAM.",anneal-3730-174-row-crosswalk-reaudit-2026-09-29;anneal-3730-eight-proof-live-stale-oracle-fanout-2026-09-29;anneal-3730-external-model-without-codegen-change-2026-09-29;anneal-3730-imported-instance-notation-worker-split-v4-30-0-rc2;anneal-3730-lake-plugin-artifact-identity-v4-30-0-rc2;anneal-3730-lean-launch-refresh-matrix-v4-30-0-rc2;anneal-3730-lean-server-soak-context-rpc-2026-09-29;anneal-3730-lean-transitive-import-rpc-matrix-2026-09-29;anneal-3730-lean-uri-history-import-boundaries-2026-09-29
C11,One proof importing another live proof module [S/X],Importing another live proof,a1ad86781ee3b2d8f4066b8ce3769bc154a407fe44d0241434975507fd4ffef6,"### C11. One proof importing another live proof module [S/X]

Explore whether user-authored proof modules may import each other and what “unsaved upstream proof” should mean.

**Design impact:** decides whether live-document dependencies are supported or only compiled saved modules.",I038;I039,partial,partial,false,Cited experiments cover bounded components; the entire requested original method is not supported.,I005/I127 have no direct #3730 destination; no new linked component,No distinct remaining cached-only trial identified for this exact scope after cited component review.,Direct Lean compiled-versus-unsaved import and cycle controls exist; Anneal live proof imports and cycle policy remain.,"Implemented Anneal V2 pipeline, archive or service with the item's stated integration contract.",anneal-3730-174-row-crosswalk-reaudit-2026-09-29;anneal-3730-live-proof-import-state-2026-09-29
C12,Semantic-ready barrier alternatives [S/X],Semantic-readiness alternatives,bb39d4d8431a5c54611fdb89f0cf0a0674c80328e6fbfd527cd4d7f99aaeb2cb,"### C12. Semantic-ready barrier alternatives [S/X]

Compare:

- `waitForDiagnostics`;
- file-progress completion;
- RPC-specific readiness;
- command-snapshot completion;
- custom server RPC returning current document/environment identities.

**Design impact:** chooses the barrier used before agent actions.",I042;I048,partial,partial,false,Cited experiments cover bounded components; the entire requested original method is not supported.,I005/I127 have no direct #3730 destination; no new linked component,No distinct remaining cached-only trial identified for this exact scope after cited component review.,Direct wait/option controls cannot report complete loaded environment or product readiness states.,"Implemented Anneal V2 pipeline, archive or service with the item's stated integration contract. An upstream API/patch implementation or measured equivalent trusted adapter.",anneal-3730-174-row-crosswalk-reaudit-2026-09-29;anneal-3730-lean-launch-refresh-matrix-v4-30-0-rc2;anneal-3730-lean-multiminute-restart-resource-soak-2026-09-29;anneal-3730-lean-rpc-lifetimes-v4-30-0-rc2;anneal-3730-lean-server-soak-context-rpc-2026-09-29;anneal-3730-lean-transitive-import-rpc-matrix-2026-09-29
C13,Partial-file elaboration semantics [X],Partial-file elaboration,5359ab34c3f26943b9de459f3cd84c90ac32538c5b167fb9c6112e3d6eee7c04,"### C13. Partial-file elaboration semantics [X]

Query goals before the entire file has elaborated and while later commands are failing.

Determine which local states are valid for editing versus sufficient for verification claims.

**Design impact:** separates useful interactive feedback from terminal verification.",I046,complete,complete,true,Original falsification/direct-tool method answered at its explicitly pinned fixture scope; no broader Anneal acceptance inferred.,I005/I127 have no direct #3730 destination; no new linked component,No distinct remaining cached-only trial identified for this exact scope after cited component review.,No remaining delta at the narrowly completed scope.,None for the narrowly completed scope.,anneal-3730-174-row-crosswalk-reaudit-2026-09-29;anneal-3730-lean-launch-refresh-matrix-v4-30-0-rc2;anneal-3730-lean-server-soak-context-rpc-2026-09-29;anneal-3730-lean-transitive-import-rpc-matrix-2026-09-29;anneal-3730-partial-elaboration-queries-v4-30-0-rc2
C14,Diagnostics/goal disagreement cases [X],Diagnostics/goal disagreement,58a8e87d712415020e0117497e0bf4b4569cf215fc723fa4dc79e3b2ffdd5fd1,"### C14. Diagnostics/goal disagreement cases [X]

Construct cases where:

- the local goal looks solved but the file has errors elsewhere;
- diagnostics are stale but goal state is fresh;
- imports are out of date;
- theorem closes with warnings or admissions.

**Design impact:** prevents “no goals” from becoming verification success.",I058;I129,partial,partial,false,Cited experiments cover bounded components; the entire requested original method is not supported.,I005/I127 have no direct #3730 destination; no new linked component,No distinct remaining cached-only trial identified for this exact scope after cited component review.,Multi-tool diagnostic/status routing and stale clearing across rename require Anneal provenance and machine status.,"Implemented Anneal V2 pipeline, archive or service with the item's stated integration contract.",anneal-3730-174-row-crosswalk-reaudit-2026-09-29;anneal-3730-acceptance-oracle-matrix-2026-09-29;anneal-3730-cross-layer-comparator-mutants-2026-09-29;anneal-3730-multiclient-editor-contract-2026-09-29;anneal-3730-partial-elaboration-queries-v4-30-0-rc2;anneal-3730-rust-charon-aeneas-lean-golden-vertical-2026-09-29
C15,Crash recovery and retained open-document text [X],Crash recovery of unsaved text,1c3ddbe6f229e85325731e67c0de748254fc45e572aa6dacb8a7fd6d96af713a,"### C15. Crash recovery and retained open-document text [X]

Crash a file worker after unsaved proof edits.

Verify reconstruction from watchdog/client state and correct generation association.

**Design impact:** validates recovery semantics for long-lived agent sessions.

---

# D. Charon and Rust live-state boundary",I016;I110,partial,partial,false,Cited experiments cover bounded components; the entire requested original method is not supported.,I005/I127 have no direct #3730 destination; no new linked component,No distinct remaining cached-only trial identified for this exact scope after cited component review.,Saved Lean recovery is covered; unsaved text and selected imports require Anneal restart reconstruction.,"Implemented Anneal V2 pipeline, archive or service with the item's stated integration contract.",anneal-3730-174-row-crosswalk-reaudit-2026-09-29;anneal-3730-charon-scaling-subject-closure-2026-09-29;anneal-3730-generation-recovery-2026-09-29;anneal-3730-identity-state-mutation-model-2026-09-29;anneal-3730-lean-pool-failure-isolation-2026-09-29;anneal-3730-scratch-tactic-concurrency-crash-2026-09-29
D01,Saved-only Rust versus unsaved overlay feasibility [S/X],Saved Rust versus overlays,8d756af26b3be63de5112eb2141d9546c9eb0a9463b1bc5095b316a56f7e4a63,"### D01. Saved-only Rust versus unsaved overlay feasibility [S/X]

Compare three possible first interactive contracts:

1. Charon operates only on saved Rust;
2. Anneal materializes an overlay workspace;
3. Anneal integrates at a rustc/Charon API layer that can consume virtual source.

Test build scripts, proc macros, `include!`, path dependencies, and diagnostics.

**Design impact:** decides whether interactive Rust edits can be supported without a save boundary.",I073;I074,partial,partial,false,Cited experiments cover bounded components; the entire requested original method is not supported.,I005/I127 have no direct #3730 destination; no new linked component,No distinct remaining cached-only trial identified for this exact scope after cited component review.,Private materialized Cargo/Charon snapshots are covered; true unsaved Rust overlay extraction and faithful shadow policy need editor/compiler integration.,Implemented Anneal unsaved-Rust overlay/shadow consumer and selected Charon compilation route with matched saved/private source identities.,anneal-3730-174-row-crosswalk-reaudit-2026-09-29;anneal-3730-charon-build-closure-control-2026-09-29;anneal-3730-charon-concurrency-interruption-2026-09-29;anneal-3730-charon-scaling-subject-closure-2026-09-29;anneal-3730-charon-subject-output-phase-matrix-2026-09-29;anneal-3730-charon-warm-target-controls-2026-09-29;anneal-3730-cross-tool-active-cancellation-barriers-2026-09-29;anneal-3730-cross-tool-stage-cancellation-cleanup-2026-09-29;anneal-3730-saved-vs-private-rust-overlay-2026-09-29
D02,Overlay materialization path sensitivity [X],Overlay path sensitivity,8a32efe716d8cbbcb0085a7f805d37250a6ce71291c9f9bf5cf9b70b9798f751,"### D02. Overlay materialization path sensitivity [X]

If materializing snapshots, vary:

- workspace location;
- symlinks;
- `CARGO_MANIFEST_DIR`;
- `OUT_DIR`;
- relative include paths;
- build-script paths;
- proc-macro behavior.

**Design impact:** determines whether snapshot copies preserve the compiled program.",I074,partial,partial,false,Cited experiments cover bounded components; the entire requested original method is not supported.,I005/I127 have no direct #3730 destination; no new linked component,No distinct remaining cached-only trial identified for this exact scope after cited component review.,A warmed shared target gave one path-sensitive stale output; a general overlay/path policy remains product work.,"Implemented Anneal V2 pipeline, archive or service with the item's stated integration contract.",anneal-3730-174-row-crosswalk-reaudit-2026-09-29;anneal-3730-charon-build-closure-control-2026-09-29;anneal-3730-charon-subject-output-phase-matrix-2026-09-29;anneal-3730-charon-warm-target-controls-2026-09-29;anneal-3730-cross-tool-active-cancellation-barriers-2026-09-29;anneal-3730-cross-tool-stage-cancellation-cleanup-2026-09-29;anneal-3730-saved-vs-private-rust-overlay-2026-09-29
D03,Cargo incremental reuse under snapshot materialization [X],Cargo reuse with materialized snapshots,34597133d966ba113c28d591168b398239d820ad2800c43cf1d32281717bd1cb,"### D03. Cargo incremental reuse under snapshot materialization [X]

Measure whether isolated overlay workspaces can reuse Cargo/rustc incremental state without cross-generation corruption or huge disk growth.

**Design impact:** affects feasibility of unsaved-Rust support.",I075;I080,partial,partial,false,Cited experiments cover bounded components; the entire requested original method is not supported.,I005/I127 have no direct #3730 destination; no new linked component,No distinct remaining cached-only trial identified for this exact scope after cited component review.,Selected warm Cargo and private-target controls exist; complete producing-unit validation and parallel process resource economics require Anneal invocation policy.,"Implemented Anneal V2 pipeline, archive or service with the item's stated integration contract. Guarded representative workload and sufficient measured RAM/disk/headroom; this host has 8 GiB physical RAM.",anneal-3730-174-row-crosswalk-reaudit-2026-09-29;anneal-3730-charon-build-closure-control-2026-09-29;anneal-3730-charon-concurrency-interruption-2026-09-29;anneal-3730-charon-scaling-subject-closure-2026-09-29;anneal-3730-charon-subject-output-phase-matrix-2026-09-29;anneal-3730-charon-warm-target-controls-2026-09-29;anneal-3730-cli-graceful-cancel-signals-2026-09-29;anneal-3730-cross-tool-active-cancellation-barriers-2026-09-29;anneal-3730-cross-tool-stage-cancellation-cleanup-2026-09-29;anneal-3730-saved-vs-private-rust-overlay-2026-09-29;anneal-v2-current-source-surface-main-bd0956b-2026-09-29
D04,Charon process lifetime versus semantic state [X],Charon process lifetime,4f2c4d373b8dfcd83079e8b9107b3b002f08c6bd1432b2d7bee45db49a257d92,"### D04. Charon process lifetime versus semantic state [X]

Compare:

- one-shot process;
- reused wrapper process that launches rustc repeatedly;
- any usable in-process/library path.

Measure startup cost and detect process-global state leakage.

**Design impact:** chooses backend lifecycle without changing Anneal’s logical API.",I077;I118,partial,partial,false,Cited experiments cover bounded components; the entire requested original method is not supported.,I005/I127 have no direct #3730 destination; no new linked component,No distinct remaining cached-only trial identified for this exact scope after cited component review.,Isolated Charon processes are covered; same-process reset API and matched end-to-end latency need upstream/library access plus Anneal workload.,"Implemented Anneal V2 pipeline, archive or service with the item's stated integration contract. An upstream API/patch implementation or measured equivalent trusted adapter.",anneal-3730-174-row-crosswalk-reaudit-2026-09-29;anneal-3730-charon-build-closure-control-2026-09-29;anneal-3730-charon-concurrency-interruption-2026-09-29;anneal-3730-charon-subject-output-phase-matrix-2026-09-29;anneal-3730-charon-warm-target-controls-2026-09-29;anneal-3730-cross-tool-active-cancellation-barriers-2026-09-29;anneal-3730-cross-tool-stage-cancellation-cleanup-2026-09-29;anneal-3730-lean-multiminute-restart-resource-soak-2026-09-29;anneal-3730-lean-server-soak-context-rpc-2026-09-29;anneal-3730-resource-economics-2026-09-29;anneal-3730-resource-soak-contamination-2026-09-29;anneal-3730-retained-full-chain-byte-timing-inventory-2026-09-29;anneal-3730-saved-vs-private-rust-overlay-2026-09-29
D05,Charon full-snapshot determinism under concurrency [X],Charon concurrent determinism,3089d33220e0b0e864132fd6a56ed653b83cb5b04ddeb9fd8cd2cd60f6187a6e,"### D05. Charon full-snapshot determinism under concurrency [X]

Run identical translations repeatedly and concurrently.

Compare LLBC semantically and bytewise where meaningful.

**Design impact:** determines whether LLBC content hashes are stable cache identities.",I079;I148,partial,partial,false,Cited experiments cover bounded components; the entire requested original method is not supported.,I005/I127 have no direct #3730 destination; no new linked component,No distinct remaining cached-only trial identified for this exact scope after cited component review.,R42/R43 already isolate short-name ordering and identical Aeneas/Lean output; arbitrary flags/revisions and production identity remain outside this field-specific result.,"Implemented Anneal V2 pipeline, archive or service with the item's stated integration contract.",anneal-3730-174-row-crosswalk-reaudit-2026-09-29;anneal-3730-aeneas-identity-manifest-2026-09-29;anneal-3730-aeneas-manifest-batch-oracle-2026-09-29;anneal-3730-aeneas-trait-output-shrink-matrix-2026-09-29;anneal-3730-charon-build-closure-control-2026-09-29;anneal-3730-charon-concurrency-interruption-2026-09-29;anneal-3730-charon-scaling-subject-closure-2026-09-29;anneal-3730-charon-shortname-aeneas-impact-2026-09-29;anneal-3730-charon-subject-output-phase-matrix-2026-09-29;anneal-3730-charon-warm-noop-byte-diff-2026-09-29;anneal-3730-charon-warm-target-controls-2026-09-29;anneal-3730-cross-layer-comparator-mutants-2026-09-29;anneal-3730-cross-tool-active-cancellation-barriers-2026-09-29;anneal-3730-cross-tool-stage-cancellation-cleanup-2026-09-29;anneal-3730-saved-vs-private-rust-overlay-2026-09-29
D06,Charon cancellation/termination cleanup [X],Charon cancellation cleanup,64abee38558be32d08ced333a471e19dac043f56ac9d0d896296cda58329c1fc,"### D06. Charon cancellation/termination cleanup [X]

Terminate extraction at multiple phases.

Check for:

- partial LLBC files;
- stale temp files;
- corrupted shared Cargo state;
- later successful retries.

**Design impact:** informs staging and atomic-publication requirements.",I078;I080;I105,partial,partial,false,Cited experiments cover bounded components; the entire requested original method is not supported.,I005/I127 have no direct #3730 destination; no new linked component,No distinct remaining cached-only trial identified for this exact scope after cited component review.,"Partial LLBC and one Lean cancellation are covered; stage-wide cancellation, descendants, lock tracing and transactional publication need Anneal orchestration.","Implemented Anneal V2 pipeline, archive or service with the item's stated integration contract. Guarded representative workload and sufficient measured RAM/disk/headroom; this host has 8 GiB physical RAM.",anneal-3730-174-row-crosswalk-reaudit-2026-09-29;anneal-3730-charon-build-closure-control-2026-09-29;anneal-3730-charon-concurrency-interruption-2026-09-29;anneal-3730-charon-scaling-subject-closure-2026-09-29;anneal-3730-charon-subject-output-phase-matrix-2026-09-29;anneal-3730-charon-warm-target-controls-2026-09-29;anneal-3730-cli-graceful-cancel-signals-2026-09-29;anneal-3730-cross-tool-active-cancellation-barriers-2026-09-29;anneal-3730-cross-tool-stage-cancellation-cleanup-2026-09-29;anneal-3730-generation-recovery-2026-09-29;anneal-3730-lean-pool-failure-isolation-2026-09-29;anneal-3730-saved-vs-private-rust-overlay-2026-09-29;anneal-3730-scratch-tactic-concurrency-crash-2026-09-29;anneal-v2-current-source-surface-main-bd0956b-2026-09-29
D07,Compilation-subject invalidation matrix [X],Compilation-subject invalidation matrix,08e841c89bfbf2f64cddacf7b557c0793bbdb630b82e6e43f57f81a664fe18ab,"### D07. Compilation-subject invalidation matrix [X]

Change individually:

- Rust body;
- module;
- Cargo feature;
- target;
- profile;
- `cfg`;
- build-script output;
- proc macro;
- dependency version;
- toolchain.

Observe which Charon subjects actually change.

**Design impact:** validates the subject key used above the LLBC boundary.",I009;I020;I076,partial,partial,false,Cited experiments cover bounded components; the entire requested original method is not supported.,v24 I076 control directly linked,No distinct remaining cached-only trial identified for this exact scope after cited component review.,"The new I076 sibling libraries produce different LLBC bodies behind equal serialized crate/function names, supplementing the wrong-final-unit control. Complete compilation-unit identity, invalidation, and collision rejection through Anneal remain open.","Implement Anneal compilation-unit keys, output ownership, and dependency invalidation; exercise same-named sibling libraries, feature/host/target units, and concurrent producers.",anneal-3730-174-row-crosswalk-reaudit-2026-09-29;anneal-3730-annotation-subject-boundary-matrix-2026-09-29;anneal-3730-charon-build-closure-control-2026-09-29;anneal-3730-charon-concurrency-interruption-2026-09-29;anneal-3730-charon-scaling-subject-closure-2026-09-29;anneal-3730-charon-subject-output-phase-matrix-2026-09-29;anneal-3730-charon-warm-target-controls-2026-09-29;anneal-3730-cross-tool-active-cancellation-barriers-2026-09-29;anneal-3730-cross-tool-stage-cancellation-cleanup-2026-09-29;anneal-3730-identity-state-mutation-model-2026-09-29;anneal-3730-saved-vs-private-rust-overlay-2026-09-29;anneal-3731-i054-i106-postpublication-residual-audit-2026-09-29;anneal-v2-current-source-surface-main-bd0956b-2026-09-29
D08,Annotation-only host edits that should not rerun Charon [X],Annotation-only upstream bypass,ca6033de4782c2d8c422b197287abf95aa13c17d52a608c427f8fdcdc1219592,"### D08. Annotation-only host edits that should not rerun Charon [X]

Change only Lean annotation text in Rust comments/doc attributes.

Confirm whether rustc/Charon output is byte/semantic-identical and whether the compiler invocation can be skipped safely.

**Design impact:** validates the proof-only fast path at the Rust boundary.",I018,partial,partial,false,Cited experiments cover bounded components; the entire requested original method is not supported.,I005/I127 have no direct #3730 destination; no new linked component,No distinct remaining cached-only trial identified for this exact scope after cited component review.,Cargo comment-read counterexample defeats broad skip; a sound annotation-only bypass requires actual classifier.,"Implemented Anneal V2 pipeline, archive or service with the item's stated integration contract.",anneal-3730-174-row-crosswalk-reaudit-2026-09-29;anneal-3730-annotation-subject-boundary-matrix-2026-09-29;anneal-3730-identity-state-mutation-model-2026-09-29
D09,Annotation syntax that affects compilation [S/X],Compilation-affecting annotations,5dbb729f9d189aebad0e262406c6199f94fe647268ce3f27a5642eb96a80fba8,"### D09. Annotation syntax that affects compilation [S/X]

Identify cases where modifying an “annotation region” can indirectly change Rust compilation—for example via attributes/macros/doc processing assumptions.

**Design impact:** defines the proof-only classifier’s safety conditions.",I018;I019,partial,partial,false,Cited experiments cover bounded components; the entire requested original method is not supported.,I005/I127 have no direct #3730 destination; no new linked component,No distinct remaining cached-only trial identified for this exact scope after cited component review.,Compiled annotation effects and item attachment depend on Anneal grammar and compiler mapping.,"Implemented Anneal V2 pipeline, archive or service with the item's stated integration contract.",anneal-3730-174-row-crosswalk-reaudit-2026-09-29;anneal-3730-annotation-subject-boundary-matrix-2026-09-29;anneal-3730-identity-state-mutation-model-2026-09-29
D10,Stable semantic item correspondence across Rust edits [S/X],Stable item correspondence across edits,20297d047ab2dc7f562398ef1555db58f4295b1213a14b56666e3323719f8655,"### D10. Stable semantic item correspondence across Rust edits [S/X]

Track compiler-resolved items across whitespace, movement, module changes, renames, and macro expansion.

**Design impact:** determines whether source-level annotation ownership can survive edits without rerunning broad discovery.

---

# E. Aeneas translation and generated-model generations",I019;I021;I149,partial,partial,false,Cited experiments cover bounded components; the entire requested original method is not supported.,I005/I127 have no direct #3730 destination; no new linked component,No distinct remaining cached-only trial identified for this exact scope after cited component review.,Marker move/duplicate controls and lexical spans lack authenticated item correspondence through translation.,"Implemented Anneal V2 pipeline, archive or service with the item's stated integration contract.",anneal-3730-174-row-crosswalk-reaudit-2026-09-29;anneal-3730-aeneas-identity-manifest-2026-09-29;anneal-3730-aeneas-manifest-batch-oracle-2026-09-29;anneal-3730-aeneas-trait-output-shrink-matrix-2026-09-29;anneal-3730-annotation-subject-boundary-matrix-2026-09-29;anneal-3730-cross-layer-comparator-mutants-2026-09-29;anneal-3730-identity-state-mutation-model-2026-09-29
E01,Warm-process Aeneas latency without semantic reuse [X],Warm Aeneas without semantic reuse,7f3fd97a07a6f98b3deda84646a2da0c055a7d70feeecae213347a28b623838f,"### E01. Warm-process Aeneas latency without semantic reuse [X]

Measure repeated whole-crate translations while retaining only process/library initialization, not old semantic results.

**Design impact:** determines whether a daemon is worthwhile before incremental translation exists.",I081;I118,conditional,conditional,false,The original optional same-process method remains conditional on an unavailable callable Aeneas library surface.,I005/I127 have no direct #3730 destination; no new linked component,Same-process Aeneas runtime unavailable: no local OCaml/Dune/opam or callable library host.,"I081: OCaml/Dune/opam toolchain not installed; same-process Aeneas needs user-approved non-local dependency scope.; I118: Decompose complete Rust extraction, Aeneas, Lake, Lean and query latency under realistic edits; R16 measured direct warm Lean request medians only.","OCaml/Dune/opam or supplied callable same-process Aeneas runtime, followed by a matched Anneal latency study.",anneal-3730-174-row-crosswalk-reaudit-2026-09-29;anneal-3730-lean-multiminute-restart-resource-soak-2026-09-29;anneal-3730-lean-server-soak-context-rpc-2026-09-29;anneal-3730-resource-economics-2026-09-29;anneal-3730-resource-soak-contamination-2026-09-29;anneal-3730-retained-full-chain-byte-timing-inventory-2026-09-29
E02,Process-global state reset audit [S/X],Global-state reset audit,01c8da2f247e16edfa70dbb66bd1e630c3e332037c15fcec5584ee3dede8acf5,"### E02. Process-global state reset audit [S/X]

Exercise consecutive translations with different:

- backends/options;
- namespaces;
- output directories;
- crate names;
- error conditions.

Detect leaked module-global configuration or accumulators.

**Design impact:** determines whether one long-lived Aeneas process may safely serve multiple requests.",I081;I088,conditional,conditional,false,The original optional same-process method remains conditional on an unavailable callable Aeneas library surface.,I005/I127 have no direct #3730 destination; no new linked component,Same-process Aeneas runtime unavailable: no local OCaml/Dune/opam or callable library host.,I081: OCaml/Dune/opam toolchain not installed; same-process Aeneas needs user-approved non-local dependency scope.; I088: Test warning/crash/cancellation and repeated same-process translation error reset with structured cross-tool provenance; R09 one-shot unsupported-pointer exit 1 still emitted sorryAx-bearing Lean.,"OCaml/Dune/opam or supplied callable same-process Aeneas runtime, followed by repeated same-process failure and reset controls.",anneal-3730-174-row-crosswalk-reaudit-2026-09-29;anneal-3730-aeneas-identity-manifest-2026-09-29;anneal-3730-aeneas-manifest-batch-oracle-2026-09-29;anneal-3730-aeneas-trait-output-shrink-matrix-2026-09-29
E03,Aeneas concurrent-request safety [S/X],In-process concurrent Aeneas requests,839d68739ed6681df3c1588abe83b00659c8b460b93e70248bec33b007099562,"### E03. Aeneas concurrent-request safety [S/X]

Attempt parallel translations in one process/library context and in separate processes.

**Design impact:** decides whether the backend must serialize per-process requests.",I081,conditional,conditional,false,The original optional same-process method remains conditional on an unavailable callable Aeneas library surface.,I005/I127 have no direct #3730 destination; no new linked component,Same-process Aeneas runtime unavailable: no local OCaml/Dune/opam or callable library host.,I081: OCaml/Dune/opam toolchain not installed; same-process Aeneas needs user-approved non-local dependency scope.,OCaml/Dune/opam or supplied callable same-process Aeneas runtime before selecting a one-shot or resident architecture.,anneal-3730-174-row-crosswalk-reaudit-2026-09-29
E04,Generated-tree transactional replacement [X],Transactional generated-tree replacement,fc8d115e425af231ee291066182a41563f8019fda98ac3a2933e447e443732a7,"### E04. Generated-tree transactional replacement [X]

Interrupt Aeneas during split-file generation.

Compare:

- direct overwrite;
- temp-directory generation;
- atomic generation-pointer swap.

Check for stale declarations from the previous generation.

**Design impact:** selects the publication mechanism for generated models.",I051;I052;I085,partial,partial,false,Cited experiments cover bounded components; the entire requested original method is not supported.,I005/I127 have no direct #3730 destination; no new linked component,No distinct remaining cached-only trial identified for this exact scope after cited component review.,"The real seven-file family was privately staged and selected with one symlink replacement, while direct in-place writes exposed mixed states. Actual Anneal transactional generated-tree ownership, Lake setup/native/cache families and parallel consumers remain untested.","Implemented Anneal V2 pipeline, archive or service with the item's stated integration contract.",anneal-3730-174-row-crosswalk-reaudit-2026-09-29;anneal-3730-aeneas-identity-manifest-2026-09-29;anneal-3730-aeneas-manifest-batch-oracle-2026-09-29;anneal-3730-aeneas-trait-output-shrink-matrix-2026-09-29;anneal-3730-generation-recovery-2026-09-29;anneal-3731-real-generation-publication-v4-30-0-rc2
E05,Declaration deletion and rename [X],Declaration deletion and rename,ffb9b881112fae4300e9a910bded32b680c91c648c9b4b7911f952ae66ec372a,"### E05. Declaration deletion and rename [X]

Remove/rename Rust declarations and verify the new generated model contains no stale Lean declaration or stale import.

**Design impact:** validates whole-generation replacement semantics.",I055;I085,partial,partial,false,Cited experiments cover bounded components; the entire requested original method is not supported.,I005/I127 have no direct #3730 destination; no new linked component,No distinct remaining cached-only trial identified for this exact scope after cited component review.,Synthetic deletion and one-shot Aeneas clean output are narrower than selected real obligation-tree shrink/reuse policy.,"Implemented Anneal V2 pipeline, archive or service with the item's stated integration contract.",anneal-3730-174-row-crosswalk-reaudit-2026-09-29;anneal-3730-aeneas-identity-manifest-2026-09-29;anneal-3730-aeneas-manifest-batch-oracle-2026-09-29;anneal-3730-aeneas-trait-output-shrink-matrix-2026-09-29;anneal-3730-generation-recovery-2026-09-29
E06,Same-input generated-source determinism under parallel settings [X],Generated-source determinism,791a82d41aa548fa5688f5e196d51586437111eb3d71ca932d62429429dafdac,"### E06. Same-input generated-source determinism under parallel settings [X]

Extend existing determinism work to the exact options/layout Anneal intends to use interactively.

**Design impact:** informs generated-tree hashing and cache identity.",I148,partial,partial,false,Cited experiments cover bounded components; the entire requested original method is not supported.,I005/I127 have no direct #3730 destination; no new linked component,No distinct remaining cached-only trial identified for this exact scope after cited component review.,R42/R43 already compare field-specific LLBC churn with identical generated Lean; broader revisions/layouts and product trace policy remain.,"Implemented Anneal V2 pipeline, archive or service with the item's stated integration contract.",anneal-3730-174-row-crosswalk-reaudit-2026-09-29;anneal-3730-aeneas-identity-manifest-2026-09-29;anneal-3730-aeneas-manifest-batch-oracle-2026-09-29;anneal-3730-aeneas-trait-output-shrink-matrix-2026-09-29;anneal-3730-charon-concurrency-interruption-2026-09-29;anneal-3730-charon-shortname-aeneas-impact-2026-09-29;anneal-3730-charon-subject-output-phase-matrix-2026-09-29;anneal-3730-charon-warm-noop-byte-diff-2026-09-29;anneal-3730-cross-layer-comparator-mutants-2026-09-29
E07,Generated source semantically identical but textually unstable [X],Semantic sameness with textual instability,512dc62372243e57ea31e49d90502df6681a63f2e755e55ea9b87d76364d9423,"### E07. Generated source semantically identical but textually unstable [X]

Find benign changes in ordering/comments/formatting and test their impact on Lake and Lean incremental reuse.

**Design impact:** determines whether raw generated-source hashes are too coarse as environment identities.",I079;I084;I132;I148,partial,partial,false,Cited experiments cover bounded components; the entire requested original method is not supported.,I005/I127 have no direct #3730 destination; no new linked component,No distinct remaining cached-only trial identified for this exact scope after cited component review.,Selected short-name and reorder controls exist; semantic comparator across broader moves/signatures and cross-tool mutants needs authenticated Anneal obligations.,"Implemented Anneal V2 pipeline, archive or service with the item's stated integration contract.",anneal-3730-174-row-crosswalk-reaudit-2026-09-29;anneal-3730-acceptance-oracle-matrix-2026-09-29;anneal-3730-aeneas-identity-manifest-2026-09-29;anneal-3730-aeneas-manifest-batch-oracle-2026-09-29;anneal-3730-aeneas-namespace-move-proof-context-2026-09-29;anneal-3730-aeneas-trait-output-shrink-matrix-2026-09-29;anneal-3730-charon-build-closure-control-2026-09-29;anneal-3730-charon-concurrency-interruption-2026-09-29;anneal-3730-charon-scaling-subject-closure-2026-09-29;anneal-3730-charon-shortname-aeneas-impact-2026-09-29;anneal-3730-charon-subject-output-phase-matrix-2026-09-29;anneal-3730-charon-warm-noop-byte-diff-2026-09-29;anneal-3730-charon-warm-target-controls-2026-09-29;anneal-3730-cross-layer-comparator-mutants-2026-09-29;anneal-3730-cross-tool-active-cancellation-barriers-2026-09-29;anneal-3730-cross-tool-stage-cancellation-cleanup-2026-09-29;anneal-3730-lean-cross-version-equivalence-v4-29-v4-30-rc2-2026-09-29;anneal-3730-rust-charon-aeneas-lean-golden-vertical-2026-09-29;anneal-3730-saved-vs-private-rust-overlay-2026-09-29
E08,Aeneas output-to-model manifest [S/X],Output-to-model manifest,a0702d280be0fce4713b676d8310114f3a3e013787e748190d7b975a2810e978,"### E08. Aeneas output-to-model manifest [S/X]

Prototype a machine-readable generation manifest containing:

- crate/tool identities;
- source LLBC digest;
- generated file list;
- module/import graph;
- declaration identities;
- coarse source provenance.

Do not assume newer upstream `translation.json` exists at the pinned release.

**Design impact:** evaluates whether Anneal needs its own model-generation manifest.",I149,partial,partial,false,Cited experiments cover bounded components; the entire requested original method is not supported.,I005/I127 have no direct #3730 destination; no new linked component,No distinct remaining cached-only trial identified for this exact scope after cited component review.,Lexical links/manual manifest are not authenticated Rust-to-proof one-to-many provenance; producer instrumentation is needed.,"Implemented Anneal V2 pipeline, archive or service with the item's stated integration contract.",anneal-3730-174-row-crosswalk-reaudit-2026-09-29;anneal-3730-aeneas-identity-manifest-2026-09-29;anneal-3730-aeneas-manifest-batch-oracle-2026-09-29;anneal-3730-aeneas-trait-output-shrink-matrix-2026-09-29;anneal-3730-cross-layer-comparator-mutants-2026-09-29;anneal-v2-current-source-surface-main-bd0956b-2026-09-29
E09,Generated model versus user-maintained external models [X],Generated versus external-model ownership,2b85a36ed2ac96f266522bb6e614ca2aefc14e1b858e7799ff127f0e88de6ceb,"### E09. Generated model versus user-maintained external models [X]

Mutate each independently and verify ownership/invalidation behavior.

**Design impact:** prevents Aeneas regeneration from overwriting or misclassifying user source.",I024;I085,partial,partial,false,Cited experiments cover bounded components; the entire requested original method is not supported.,I005/I127 have no direct #3730 destination; no new linked component,No distinct remaining cached-only trial identified for this exact scope after cited component review.,Comment-marker preservation and output shrink controls do not implement authored/external model ownership during Anneal regeneration.,"Implemented Anneal V2 pipeline, archive or service with the item's stated integration contract.",anneal-3730-174-row-crosswalk-reaudit-2026-09-29;anneal-3730-aeneas-identity-manifest-2026-09-29;anneal-3730-aeneas-manifest-batch-oracle-2026-09-29;anneal-3730-aeneas-trait-output-shrink-matrix-2026-09-29;anneal-3730-annotation-subject-boundary-matrix-2026-09-29
E10,External-model change with unchanged generated source [X],External model changes without codegen changes,9da184346328feee441d0ef2a71c1ac3ef5dc14c70c14624c77bac514910d761,"### E10. External-model change with unchanged generated source [X]

Change a user model imported by generated Lean while Aeneas output remains byte-identical.

**Design impact:** proves generated-tree identity alone is insufficient as proof-environment identity.",I050;I082;I147,partial,partial,false,Cited experiments cover bounded components; the entire requested original method is not supported.,I005/I127 have no direct #3730 destination; no new linked component,No distinct remaining cached-only trial identified for this exact scope after cited component review.,R33 externally supplied model change is covered and the new pinned direct Lean run adds imported instance/notation changes with resident/new worker and fresh batch split. Compiled Aeneas registry/translator normalization and actual Anneal invalidation remain absent.,"Implemented Anneal V2 pipeline, archive or service with the item's stated integration contract.",anneal-3730-174-row-crosswalk-reaudit-2026-09-29;anneal-3730-aeneas-identity-manifest-2026-09-29;anneal-3730-aeneas-manifest-batch-oracle-2026-09-29;anneal-3730-aeneas-trait-output-shrink-matrix-2026-09-29;anneal-3730-cross-layer-comparator-mutants-2026-09-29;anneal-3730-external-model-without-codegen-change-2026-09-29;anneal-3730-identity-state-mutation-model-2026-09-29;anneal-3730-imported-instance-notation-worker-split-v4-30-0-rc2;anneal-3730-lake-plugin-artifact-identity-v4-30-0-rc2;anneal-3730-lean-cross-version-equivalence-v4-29-v4-30-rc2-2026-09-29;anneal-3730-lean-launch-refresh-matrix-v4-30-0-rc2;anneal-3730-lean-server-soak-context-rpc-2026-09-29;anneal-3730-lean-transitive-import-rpc-matrix-2026-09-29
E11,Finer-grained future Aeneas invalidation prototype [S/X],Restricted finer-grained Aeneas prototype,3f8e894423d8aad6a42059ddcd73ae0f6cec096429364d0cba80c0be0602a848,"### E11. Finer-grained future Aeneas invalidation prototype [S/X]

For one restricted class of body-only edits, experimentally reuse unaffected function translations while checking against clean whole-crate output.

**Design impact:** identifies the metadata a future incremental Aeneas API would require, without adopting it prematurely.",I083,partial,partial,false,Cited experiments cover bounded components; the entire requested original method is not supported.,I005/I127 have no direct #3730 destination; no new linked component,No distinct remaining cached-only trial identified for this exact scope after cited component review.,Restricted one-shot oracle-guided graph is covered; same-process item invalidation requires a reusable producer API and measured product economics.,"Implemented Anneal V2 pipeline, archive or service with the item's stated integration contract. An upstream API/patch implementation or measured equivalent trusted adapter.",anneal-3730-174-row-crosswalk-reaudit-2026-09-29;anneal-3730-aeneas-identity-manifest-2026-09-29;anneal-3730-aeneas-manifest-batch-oracle-2026-09-29;anneal-3730-aeneas-restricted-reuse-2026-09-29;anneal-3730-aeneas-trait-output-shrink-matrix-2026-09-29
E12,Aeneas failure mid-generation and old-generation visibility [X],Failure during generation and fallback,d6f058d98d0102aac89c402edf8ce184624dad38615bf2dd02ebf811204b344b,"### E12. Aeneas failure mid-generation and old-generation visibility [X]

Cause translation/extraction failures after a previous successful generation exists.

Verify that consumers either retain the complete prior generation as stale or observe no current generation—not a hybrid.

**Design impact:** validates fail-closed publication.

---

# F. Lake prepared-environment and cache contract",I054;I085;I088,partial,partial,false,Cited experiments cover bounded components; the entire requested original method is not supported.,I005/I127 have no direct #3730 destination; no new linked component,No distinct remaining cached-only trial identified for this exact scope after cited component review.,Synthetic kill matrix and one-shot unsupported-pointer failure exist; real stage rollback/status and same-process reset require implementation.,"Implemented Anneal V2 pipeline, archive or service with the item's stated integration contract.",anneal-3730-174-row-crosswalk-reaudit-2026-09-29;anneal-3730-aeneas-identity-manifest-2026-09-29;anneal-3730-aeneas-manifest-batch-oracle-2026-09-29;anneal-3730-aeneas-trait-output-shrink-matrix-2026-09-29;anneal-3730-generation-recovery-2026-09-29
F01,Exact “prepared environment” schema [S],Prepared-environment schema,ef1eb7f0b676504bccdbedf3e9c705a45111746c2f19baf2826f083955ccd51f,"### F01. Exact “prepared environment” schema [S]

Enumerate everything required for:

- batch build;
- `lake env lean --json`;
- `lake serve`;
- `setup-file`;
- InfoView/RPC;
- native plugins/dynlibs.

Separate immutable producer state from consumer-owned state.

**Design impact:** defines the environment identity Anneal can safely pool.",I090;I091;I150,partial,partial,false,Cited experiments cover bounded components; the entire requested original method is not supported.,I005/I127 have no direct #3730 destination; no new linked component,No distinct remaining cached-only trial identified for this exact scope after cited component review.,"Pinned tiny Lake identity/setup/replay controls exist; the remaining contract requires an actual prepared Anneal archive, generated consumer, or launcher. Specific residual: One pinned Lake producer frozen at dependency index 1 served a matching consumer without producer mutation; changed-index consumer failed on producer configuration lock until thawed, then rewrote config bytes. Complete multi-identity prepared archive schema and server/plugin consumers remain.","Implemented Anneal V2 pipeline, archive or service with the item's stated integration contract.",anneal-3730-174-row-crosswalk-reaudit-2026-09-29;anneal-3730-lake-cache-publication-atomicity-2026-09-29;anneal-3730-lake-consumer-identity-observability-2026-09-29;anneal-3730-lake-dynamic-config-identity-2026-09-29;anneal-3730-lake-frozen-index-collision-2026-09-29;anneal-3730-lake-key-artifact-family-matrix-2026-09-29;anneal-3730-lake-plugin-artifact-identity-v4-30-0-rc2;anneal-3730-lake-plugin-combined-family-mix-2026-09-29;anneal-3730-lake-prepared-contract-2026-09-29;anneal-3730-lake-same-key-artifact-writers-2026-09-29;anneal-3730-lean-launch-refresh-matrix-v4-30-0-rc2;anneal-3730-lean-transitive-import-rpc-matrix-2026-09-29;anneal-3730-pruned-lake-interactive-extension-v4-30-0-rc2;anneal-v2-current-source-surface-main-bd0956b-2026-09-29
F02,Real archive read-only server probe [X],Real read-only archive/server probe,b00dfbaee55f133d78f3ccdabc47d63a42ac1de345a7311374d8095c718c7b02,"### F02. Real archive read-only server probe [X]

Using the actual current Anneal omnibus archive, create a fresh consumer and run:

- build;
- `setup-file`;
- Lean server open/query;
- RPC goal query;
- dependency refresh.

Make the archive physically read-only and inventory all attempted writes.

**Design impact:** replaces synthetic evidence with the real consumer contract.",I089,partial,partial,false,Cited experiments cover bounded components; the entire requested original method is not supported.,I005/I127 have no direct #3730 destination; no new linked component,No distinct remaining cached-only trial identified for this exact scope after cited component review.,"The required actual archive or later compatible Lake toolchain is absent from the scoped local inventory. Specific residual: I089: R21 used one local two-package plugin fixture. Run actual Anneal prepared archive from empty home/cache with read-only dependencies, first-goal write tracing and producer removal.",Built real Anneal prepared archive and clean read-only consumer with first server goal and complete producer/write observations.,anneal-3730-174-row-crosswalk-reaudit-2026-09-29;anneal-3730-lake-cache-publication-atomicity-2026-09-29;anneal-3730-lake-dynamic-config-identity-2026-09-29;anneal-3730-lake-key-artifact-family-matrix-2026-09-29;anneal-3730-lake-plugin-combined-family-mix-2026-09-29;anneal-3730-lake-prepared-contract-2026-09-29;anneal-3730-lake-same-key-artifact-writers-2026-09-29;anneal-v2-current-source-surface-main-bd0956b-2026-09-29
F03,Current pinned Lake versus Lean 4.31+ ownership comparison [S/X],4.30 versus later Lake ownership,f91eb2880366be3b05e4ac00adea629a0eeb657f3ad354ed7017563567fb6b88,"### F03. Current pinned Lake versus Lean 4.31+ ownership comparison [S/X]

The corpus records a configuration-ownership change after 4.30. Execute the same Anneal-style consumer matrix under both revisions.

**Design impact:** identifies v2 workarounds that can disappear after a toolchain upgrade.",I094;I158,not-run,not-run,false,The distinguishing original method has no matching execution; cited work covers narrower components only.,I005/I127 have no direct #3730 destination; no new linked component,No cached Lean/Lake revision later than 4.30.0-rc2 for the requested comparison.,"Later-than-4.30 compatible Lean/Lake pin not cached; R44 changes Charon/Aeneas pairs under the same 4.30.0-rc2 Lean, so it cannot answer later Lake ownership.",A locally available later compatible Lean/Lake release tuple; none beyond 4.30.0-rc2 is cached for this prepared-consumer comparison.,anneal-3730-174-row-crosswalk-reaudit-2026-09-29;anneal-3730-aeneas-identity-manifest-2026-09-29;anneal-3730-cross-layer-comparator-mutants-2026-09-29;anneal-3730-lake-cache-publication-atomicity-2026-09-29;anneal-3730-lake-plugin-combined-family-mix-2026-09-29;anneal-3730-lake-prepared-contract-2026-09-29;anneal-3730-lake-same-key-artifact-writers-2026-09-29;anneal-3730-lean-cross-version-equivalence-v4-29-v4-30-rc2-2026-09-29;anneal-3730-rust-charon-aeneas-lean-golden-vertical-2026-09-29
F04,Manifest-before-first-load necessity in real archive [X],Real-archive missing-manifest control,4cdfa74029c0bbaf333e3a800711524d3b841f2f26dc2a5776f1cd7e229fe4c1,"### F04. Manifest-before-first-load necessity in real archive [X]

Repeat the synthetic missing-manifest failure against the actual Aeneas/Mathlib tree.

**Design impact:** decides whether manifest seeding is a hard consumer-construction invariant.",I089,not-run,not-run,false,The distinguishing original method has no matching execution; cited work covers narrower components only.,I005/I127 have no direct #3730 destination; no new linked component,No built actual Anneal omnibus archive in the scoped local-tools/checkout inventory.,"Scoped inventory found no built Anneal omnibus archive. One-module read-only Lake missing-manifest control ran, but actual archive, server first goal and producer removal at target scope remain.",A built Anneal omnibus archive with complete producer state and first-goal consumer run; no such archive exists in this checkout.,anneal-3730-174-row-crosswalk-reaudit-2026-09-29;anneal-3730-lake-cache-publication-atomicity-2026-09-29;anneal-3730-lake-dynamic-config-identity-2026-09-29;anneal-3730-lake-key-artifact-family-matrix-2026-09-29;anneal-3730-lake-plugin-combined-family-mix-2026-09-29;anneal-3730-lake-prepared-contract-2026-09-29;anneal-3730-lake-same-key-artifact-writers-2026-09-29;anneal-3730-real-archive-manifest-gate-2026-09-29;anneal-v2-current-source-surface-main-bd0956b-2026-09-29
F05,Prepared-environment identity collision matrix [X],Prepared-environment identity collisions,cc621e75e1115995547290662580ddfdbf71eafb60571b200774673f931c8fb7,"### F05. Prepared-environment identity collision matrix [X]

Create consumers that differ only by:

- assigned dependency name;
- package index;
- relative root;
- `-K` options;
- server options;
- platform;
- Lean hash.

Observe which prepared state can actually be shared.

**Design impact:** determines pool/cache key dimensions.",I090;I096;I145,partial,partial,false,Cited experiments cover bounded components; the entire requested original method is not supported.,v24 I076→I145 cross-slice witness only,No distinct remaining cached-only trial identified for this exact scope after cited component review.,"Pinned tiny Lake identity/setup/replay controls exist; the remaining contract requires an actual prepared Anneal archive, generated consumer, or launcher. Specific residual: Assigned name/index and wrapper-manifest choices affected compiled configuration state; a new frozen index-1 producer rejected a shifted-index consumer, while thawed shifted control rewrote config OLean/trace. Broader version/platform/tool/used-option collisions and product identity remain. The I076 same-name sibling-crate LLBC witness independently rejects serialized crate/function names as a sufficient compilation-subject key; complete cross-layer product identity remains open.","Implemented Anneal V2 pipeline, archive or service with the item's stated integration contract.",anneal-3730-174-row-crosswalk-reaudit-2026-09-29;anneal-3730-identity-state-mutation-model-2026-09-29;anneal-3730-lake-cache-publication-atomicity-2026-09-29;anneal-3730-lake-consumer-identity-observability-2026-09-29;anneal-3730-lake-dynamic-config-identity-2026-09-29;anneal-3730-lake-frozen-index-collision-2026-09-29;anneal-3730-lake-key-artifact-family-matrix-2026-09-29;anneal-3730-lake-plugin-combined-family-mix-2026-09-29;anneal-3730-lake-prepared-contract-2026-09-29;anneal-3730-lake-same-key-artifact-writers-2026-09-29;anneal-3730-last-good-model-signature-recovery-2026-09-29;anneal-3731-i054-i106-postpublication-residual-audit-2026-09-29;anneal-v2-current-source-surface-main-bd0956b-2026-09-29
F06,Server-specific artifact completeness [X],Server artifact completeness,74714dae3b7fa028b7dfd38ca2eb2d72b4f3f3283778ffdb6fae56f0c337da0a,"### F06. Server-specific artifact completeness [X]

Delete one class at a time:

- `.olean`;
- `.olean.server`;
- `.olean.private`;
- `.ilean`;
- native plugin;
- dynlib;
- trace/hash sidecar.

Compare batch build and interactive setup.

**Design impact:** defines what the archive must retain for interactive mode.",I098;I150,partial,partial,false,Cited experiments cover bounded components; the entire requested original method is not supported.,I005/I127 have no direct #3730 destination; no new linked component,No distinct remaining cached-only trial identified for this exact scope after cited component review.,"Pinned tiny Lake identity/setup/replay controls exist; the remaining contract requires an actual prepared Anneal archive, generated consumer, or launcher. Specific residual: I098: R21 showed one same-pin valid Lake-discovered setup/OLean/native plugin mix; copied v2 C was not executed. Test wider combinations in actual Anneal generated consumer, including incompatible families.; I150: R21 covers fresh lake serve/setup and direct batch in one tiny local graph. Complete operation-specific prepared archive inputs for build, JSON batch, InfoView/RPC and native plugin under read-only consumption.","Implemented Anneal V2 pipeline, archive or service with the item's stated integration contract.",anneal-3730-174-row-crosswalk-reaudit-2026-09-29;anneal-3730-lake-cache-publication-atomicity-2026-09-29;anneal-3730-lake-dynamic-config-identity-2026-09-29;anneal-3730-lake-key-artifact-family-matrix-2026-09-29;anneal-3730-lake-plugin-artifact-identity-v4-30-0-rc2;anneal-3730-lake-plugin-combined-family-mix-2026-09-29;anneal-3730-lake-prepared-contract-2026-09-29;anneal-3730-lake-same-key-artifact-writers-2026-09-29;anneal-3730-lake-writer-recovery-2026-09-29;anneal-3730-pruned-lake-interactive-extension-v4-30-0-rc2;anneal-v2-current-source-surface-main-bd0956b-2026-09-29
F07,`--no-build --no-cache` fail-closed semantics in real Anneal workspace [X],No-build/no-cache fail-closed path,40b67af257dd35caf98d25bd5baa26e11e4066730d10b56f018c576abcb82830,"### F07. `--no-build --no-cache` fail-closed semantics in real Anneal workspace [X]

Use Lean’s dependency-build-never path with deliberately stale imports.

Confirm that interactive queries fail rather than elaborate against stale or missing imports.

**Design impact:** tests whether Anneal can make the server a read-only semantic consumer while the scheduler owns builds.",I092,partial,partial,false,Cited experiments cover bounded components; the entire requested original method is not supported.,I005/I127 have no direct #3730 destination; no new linked component,No distinct remaining cached-only trial identified for this exact scope after cited component review.,"Pinned tiny Lake identity/setup/replay controls exist; the remaining contract requires an actual prepared Anneal archive, generated consumer, or launcher. Specific residual: I092: R21 setup and server left selected mixed hashes unchanged. Test full no-build/no-cache contract across generated archive/config/native/plugin/server operations.","Implemented Anneal V2 pipeline, archive or service with the item's stated integration contract.",anneal-3730-174-row-crosswalk-reaudit-2026-09-29;anneal-3730-lake-cache-publication-atomicity-2026-09-29;anneal-3730-lake-dynamic-config-identity-2026-09-29;anneal-3730-lake-key-artifact-family-matrix-2026-09-29;anneal-3730-lake-plugin-combined-family-mix-2026-09-29;anneal-3730-lake-prepared-contract-2026-09-29;anneal-3730-lake-same-key-artifact-writers-2026-09-29;anneal-3730-lake-writer-recovery-2026-09-29;anneal-v2-current-source-surface-main-bd0956b-2026-09-29
F08,Lake build completion versus server-readiness [X],Build completion versus server readiness,10edf489841f732a907faf080619dc566acd9cddc5a31bea3543b2d1aeba5d08,"### F08. Lake build completion versus server-readiness [X]

Build successfully, then immediately open/query through the server.

Find any additional preparation/rebuild that occurs.

**Design impact:** validates the two-layer “environment prepared / document prepared” model.",I042;I089;I091,partial,partial,false,Cited experiments cover bounded components; the entire requested original method is not supported.,I005/I127 have no direct #3730 destination; no new linked component,No distinct remaining cached-only trial identified for this exact scope after cited component review.,"Pinned tiny Lake identity/setup/replay controls exist; the remaining contract requires an actual prepared Anneal archive, generated consumer, or launcher. Specific residual: I042: Separate parse/import/elaboration/async readiness with causal barriers and current-position status; missing-import wait success adds a failure control only.; I089: R21 used one local two-package plugin fixture. Run actual Anneal prepared archive from empty home/cache with read-only dependencies, first-goal write tracing and producer removal.; I091: R21 named plugin/OLean paths and option for one saved file and observed value/initializer. Attest exact loaded imports and setup for unsaved current document/header changes.","Implemented Anneal V2 pipeline, archive or service with the item's stated integration contract.",anneal-3730-174-row-crosswalk-reaudit-2026-09-29;anneal-3730-lake-cache-publication-atomicity-2026-09-29;anneal-3730-lake-dynamic-config-identity-2026-09-29;anneal-3730-lake-key-artifact-family-matrix-2026-09-29;anneal-3730-lake-plugin-combined-family-mix-2026-09-29;anneal-3730-lake-prepared-contract-2026-09-29;anneal-3730-lake-same-key-artifact-writers-2026-09-29;anneal-3730-lean-launch-refresh-matrix-v4-30-0-rc2;anneal-3730-lean-multiminute-restart-resource-soak-2026-09-29;anneal-3730-lean-rpc-lifetimes-v4-30-0-rc2;anneal-3730-lean-server-soak-context-rpc-2026-09-29;anneal-3730-lean-transitive-import-rpc-matrix-2026-09-29;anneal-v2-current-source-surface-main-bd0956b-2026-09-29
F09,Unsaved import-header changes [X],Unsaved import changes,8271e3eca5f8afad2060c3f881d3e0dce8f96427119f7e2b853a1bbc11431c2b,"### F09. Unsaved import-header changes [X]

Change only an open proof’s import header in memory.

Observe `setup-file`, dependency building, worker restart, and cache behavior.

**Design impact:** classifies when a nominal proof edit ceases to be Lean-only.",I091,partial,partial,false,Cited experiments cover bounded components; the entire requested original method is not supported.,I005/I127 have no direct #3730 destination; no new linked component,No distinct remaining cached-only trial identified for this exact scope after cited component review.,"Pinned tiny Lake identity/setup/replay controls exist; the remaining contract requires an actual prepared Anneal archive, generated consumer, or launcher. Specific residual: I091: R21 named plugin/OLean paths and option for one saved file and observed value/initializer. Attest exact loaded imports and setup for unsaved current document/header changes.","Implemented Anneal V2 pipeline, archive or service with the item's stated integration contract.",anneal-3730-174-row-crosswalk-reaudit-2026-09-29;anneal-3730-lake-cache-publication-atomicity-2026-09-29;anneal-3730-lake-dynamic-config-identity-2026-09-29;anneal-3730-lake-key-artifact-family-matrix-2026-09-29;anneal-3730-lake-plugin-combined-family-mix-2026-09-29;anneal-3730-lake-prepared-contract-2026-09-29;anneal-3730-lake-same-key-artifact-writers-2026-09-29;anneal-3730-lean-launch-refresh-matrix-v4-30-0-rc2;anneal-3730-lean-transitive-import-rpc-matrix-2026-09-29
F10,Cache hit observability [S/X],Cache-hit and rebuild observability,9d0b131190e2d0afb1e4889065385d7f56c3501796757f89fe67045253ff340e,"### F10. Cache hit observability [S/X]

Determine how Anneal can know whether Lake:

- reused local artifact;
- restored artifact cache;
- rebuilt;
- reconfigured;
- resolved dependency;
- touched network;
- wrote shared state.

If no structured interface exists, quantify how reliable filesystem/process inference is.

**Design impact:** determines what regression tests can assert.",I095,partial,partial,false,Cited experiments cover bounded components; the entire requested original method is not supported.,I005/I127 have no direct #3730 destination; no new linked component,No distinct remaining cached-only trial identified for this exact scope after cited component review.,"Selected Lake libc-call provenance now exists: the unprivileged observer recorded a positive 88-byte lakefile.olean read, source/trace/hash opens and a transient-to-final OLean rename on a tiny private fixture. It omits direct syscalls, pread/mmap, other paths and complete absence proofs. A representative prepared Anneal consumer still needs complete process/read/write attempt tracing and parallelism controls.",Permitted complete file/process tracing or instrumented Lake/Anneal plus a representative prepared concurrent consumer; the unprivileged observer is incomplete.,anneal-3730-174-row-crosswalk-reaudit-2026-09-29;anneal-3730-lake-cache-publication-atomicity-2026-09-29;anneal-3730-lake-consumer-identity-observability-2026-09-29;anneal-3730-lake-dynamic-config-identity-2026-09-29;anneal-3730-lake-key-artifact-family-matrix-2026-09-29;anneal-3730-lake-plugin-combined-family-mix-2026-09-29;anneal-3730-lake-prepared-contract-2026-09-29;anneal-3730-lake-same-key-artifact-writers-2026-09-29;anneal-3730-lake-unprivileged-file-event-observability-2026-09-29
F11,Artifact-cache concurrent writer crash consistency [X],Artifact-cache writer crash consistency,b2f66fccc4a00b89adbba021ecb9ed66016934852d50f8550230a812f5b2cfe0,"### F11. Artifact-cache concurrent writer crash consistency [X]

Run many identical and different writers; kill writers during publication.

Validate subsequent readers and cache-map integrity.

**Design impact:** decides whether Anneal may share a writable artifact cache across integration tests.",I102,partial,partial,false,Cited experiments cover bounded components; the entire requested original method is not supported.,I005/I127 have no direct #3730 destination; no new linked component,No distinct remaining cached-only trial identified for this exact scope after cited component review.,"Shared artifact/package crash interleavings require a selected production writer, lock and recovery protocol; existing fixtures do not provide it. Specific residual: I102: Force simultaneous same-key writer/artifact/map interruption, recovery and power-loss durability; R19 valid metadata replacement had no interrupted write.","Implemented Anneal V2 pipeline, archive or service with the item's stated integration contract.",anneal-3730-174-row-crosswalk-reaudit-2026-09-29;anneal-3730-lake-cache-publication-atomicity-2026-09-29;anneal-3730-lake-dynamic-config-identity-2026-09-29;anneal-3730-lake-key-artifact-family-matrix-2026-09-29;anneal-3730-lake-plugin-combined-family-mix-2026-09-29;anneal-3730-lake-prepared-contract-2026-09-29;anneal-3730-lake-same-key-artifact-writers-2026-09-29;anneal-3730-lake-writer-recovery-2026-09-29
F12,Shared package-directory writer crash consistency [X],Shared package-directory writer crashes,8d8653b34a66fa7e29b502e9bb2b33c48c8af7b52d84a2f730cabe0c97074ed1,"### F12. Shared package-directory writer crash consistency [X]

Demonstrate the failure modes of concurrent writes to one package build directory under interruption.

**Design impact:** establishes a negative invariant against accidental shared writable package trees.",I108;I151,partial,partial,false,Cited experiments cover bounded components; the entire requested original method is not supported.,I005/I127 have no direct #3730 destination; no new linked component,No distinct remaining cached-only trial identified for this exact scope after cited component review.,"New two-writer same writable Lake package-tree reverse-kill experiment: when old writer survives after current source changes, its successful build leaves an old OLean that no-build rejects; ordinary retry repairs it. Artifact/trace syscall interruption remains untested. Specific residual: I108: Build actual preparation/cache/publication/restart/GC lock-order graph under conflicting writers; R19 ran one operation at a time.; I151: Force conflicting writers in a shared writable package tree and crash schedules with integrity/recovery oracles; R15 performed only one-command local replacement, and R10 private-root cache pairs remain distinct.","Implemented Anneal V2 pipeline, archive or service with the item's stated integration contract.",anneal-3730-174-row-crosswalk-reaudit-2026-09-29;anneal-3730-generation-recovery-2026-09-29;anneal-3730-lake-cache-publication-atomicity-2026-09-29;anneal-3730-lake-dynamic-config-identity-2026-09-29;anneal-3730-lake-key-artifact-family-matrix-2026-09-29;anneal-3730-lake-prepared-contract-2026-09-29;anneal-3730-lake-same-key-artifact-writers-2026-09-29;anneal-3730-lake-shared-tree-conflicting-writers-2026-09-29;anneal-3730-lake-writer-recovery-2026-09-29;anneal-3730-os-lock-fd-recovery-controls-2026-09-29;anneal-v2-current-source-surface-main-bd0956b-2026-09-29
F13,Read-only producer plus writable consumer stress [X],Read-only producer/many consumers,2976a2dde1f8de49fae4e4188799c72c8e07506c02ebddbfa1c1612d290cc130,"### F13. Read-only producer plus writable consumer stress [X]

Run 2/4/8/16/32 consumers concurrently against one real prepared dependency universe.

Measure writes, failures, rebuilds, latency, disk, and memory.

**Design impact:** validates the intended integration-test storage architecture.",I089;I114;I139,partial,partial,false,Cited experiments cover bounded components; the entire requested original method is not supported.,I005/I127 have no direct #3730 destination; no new linked component,No distinct remaining cached-only trial identified for this exact scope after cited component review.,"Pinned tiny Lake identity/setup/replay controls exist; the remaining contract requires an actual prepared Anneal archive, generated consumer, or launcher. Specific residual: I089: R21 used one local two-package plugin fixture. Run actual Anneal prepared archive from empty home/cache with read-only dependencies, first-goal write tracing and producer removal.; I114: R34 distinguished copy/symlink/hardlink/APFS-clone accounting, and R35 admitted 1/2/4/8 tiny direct Lean workers; realistic import, CPU/throughput/latency, peak physical memory and safe shared mutation across server/Lake topologies remain unmeasured.; I139: R38 admitted four independent tiny Lean servers, isolated one malformed buffer, killed/restarted one peer and verified the other peers; eight was denied by admission. Actual parallel Anneal generated-project tests with shared imports, model edit, scratch publication, cancellation, restart and budget/fence enforcement remain unrun.","Implemented Anneal V2 pipeline, archive or service with the item's stated integration contract.",anneal-3730-174-row-crosswalk-reaudit-2026-09-29;anneal-3730-lake-cache-publication-atomicity-2026-09-29;anneal-3730-lake-dynamic-config-identity-2026-09-29;anneal-3730-lake-key-artifact-family-matrix-2026-09-29;anneal-3730-lake-plugin-combined-family-mix-2026-09-29;anneal-3730-lake-prepared-contract-2026-09-29;anneal-3730-lake-same-key-artifact-writers-2026-09-29;anneal-3730-lean-pool-failure-isolation-2026-09-29;anneal-3730-lean-server-soak-context-rpc-2026-09-29;anneal-3730-per-worker-copied-byte-inventory-2026-09-29;anneal-3730-resource-economics-2026-09-29;anneal-3730-resource-soak-contamination-2026-09-29;anneal-3730-scratch-pool-scaling-2026-09-29
F14,Relocation after complete server preparation [X],Consumer/toolchain relocation separately and together,a5960152b10ca7161fd8b0e3947329d647b2210c033e0ba6e076f827712fafe5,"### F14. Relocation after complete server preparation [X]

Relocate:

1. consumer workspace only;
2. toolchain/archive only;
3. both together.

Then run batch and interactive setup/query.

**Design impact:** finds location-bearing state that prevents generation directories from being moved after preparation.",I101,partial,partial,false,Cited experiments cover bounded components; the entire requested original method is not supported.,I005/I127 have no direct #3730 destination; no new linked component,No distinct remaining cached-only trial identified for this exact scope after cited component review.,A producer-removed prepared Anneal archive is absent; local pair relocation retained its producer. Specific residual: I101: R21 copied a local producer/consumer pair but retained the producer. Relocate a producer-removed prepared Anneal archive with native/setup/server paths and retained workers.,"Built producer-removed Anneal prepared archive and consumer; separately relocate toolchain and consumer while checking setup, native imports and retained workers.",anneal-3730-174-row-crosswalk-reaudit-2026-09-29;anneal-3730-lake-cache-publication-atomicity-2026-09-29;anneal-3730-lake-dynamic-config-identity-2026-09-29;anneal-3730-lake-key-artifact-family-matrix-2026-09-29;anneal-3730-lake-plugin-combined-family-mix-2026-09-29;anneal-3730-lake-prepared-contract-2026-09-29;anneal-3730-lake-same-key-artifact-writers-2026-09-29
F15,Publish-in-final-location versus atomic rename [X],Final-location preparation versus rename,c2f057451a6f227c8f4c42be3bb0a0ae0bcc803653904793bf08aacae0a6276c,"### F15. Publish-in-final-location versus atomic rename [X]

Compare generation preparation at a final stable path with preparation in a staging path followed by rename.

**Design impact:** selects a transactional publication design compatible with Lake path-bearing metadata.",I052,partial,partial,false,Cited experiments cover bounded components; the entire requested original method is not supported.,I005/I127 have no direct #3730 destination; no new linked component,No distinct remaining cached-only trial identified for this exact scope after cited component review.,"A paired tiny Lake project built at final path versus staging then rename gave matching setup, server, batch and no-build observations, while Dep.trace retained staging paths. Real prepared Anneal archive, generated consumer, native paths and retained workers remain untested.","Built Anneal prepared archive and generated consumer for matched final-path versus moved-path setup, server, native import and retained-worker checks.",anneal-3730-174-row-crosswalk-reaudit-2026-09-29;anneal-3730-f15-final-versus-moved-lake-2026-09-29;anneal-3730-five-original-packages-rereview-2026-09-29;anneal-3730-generation-recovery-2026-09-29
F16,Network-denied consumer proof [X],Network-denied consumption,8789ee2f6997a523e247e22ae4f68b0876e1895eb43c546e2cd132bf79f2a377,"### F16. Network-denied consumer proof [X]

Use OS-level network denial, not only Lake flags.

Exercise batch and interactive paths.

**Design impact:** proves whether prepared environments are genuinely hermetic consumers.",I104,partial,partial,false,Cited experiments cover bounded components; the entire requested original method is not supported.,I005/I127 have no direct #3730 destination; no new linked component,No distinct remaining cached-only trial identified for this exact scope after cited component review.,"The earlier prepared-contract fixture already ran relocated no-build/setup/batch under sandbox-exec network denial and a loopback EPERM control. The new observer records selected private-root file calls only. Trace attempted network and all relevant filesystem access for producer and consumer, and test environmental closure of an actual Anneal archive.",Actual Anneal prepared archive and a controlled producer/consumer run with denied network plus attempted network/filesystem access tracing; the prior sandbox control and new file observer are partial.,anneal-3730-174-row-crosswalk-reaudit-2026-09-29;anneal-3730-lake-cache-publication-atomicity-2026-09-29;anneal-3730-lake-dynamic-config-identity-2026-09-29;anneal-3730-lake-key-artifact-family-matrix-2026-09-29;anneal-3730-lake-plugin-combined-family-mix-2026-09-29;anneal-3730-lake-prepared-contract-2026-09-29;anneal-3730-lake-same-key-artifact-writers-2026-09-29;anneal-3730-lake-unprivileged-file-event-observability-2026-09-29
F17,User cache contamination [X],User-cache contamination,1b68c3ecf3491893fa8b08e2f855978f31e7991f43a4a9a8f3b659770d446273,"### F17. User cache contamination [X]

Run with:

- empty HOME/XDG;
- populated unrelated Lake/Mathlib caches;
- deliberately incompatible caches.

Compare outcomes.

**Design impact:** identifies hidden global inputs to environment identity.",I096;I104,partial,partial,false,Cited experiments cover bounded components; the entire requested original method is not supported.,I005/I127 have no direct #3730 destination; no new linked component,No distinct remaining cached-only trial identified for this exact scope after cited component review.,"Pinned tiny Lake identity/setup/replay controls exist; the remaining contract requires an actual prepared Anneal archive, generated consumer, or launcher. Specific residual: I096: R21 exercised local Lake-discovered plugin target and one server. Attest executable/config discovery for CLI/editor/MCP/CI launch variants.; I104: R21 used local dependencies and disabled artifact cache downloads only. Enforce network denial and trace producer/consumer filesystem attempts.","Implemented Anneal V2 pipeline, archive or service with the item's stated integration contract.",anneal-3730-174-row-crosswalk-reaudit-2026-09-29;anneal-3730-lake-cache-publication-atomicity-2026-09-29;anneal-3730-lake-dynamic-config-identity-2026-09-29;anneal-3730-lake-key-artifact-family-matrix-2026-09-29;anneal-3730-lake-plugin-combined-family-mix-2026-09-29;anneal-3730-lake-prepared-contract-2026-09-29;anneal-3730-lake-same-key-artifact-writers-2026-09-29
F18,Mtime perturbation matrix [X],Timestamp perturbations,e6e9b82b29225130c6300abf8e60ee393ea43ba4dee8b2adb825085de28789d2,"### F18. Mtime perturbation matrix [X]

Alter source/config/artifact mtimes without changing bytes and vice versa.

Exercise `--old`, normal build, setup-file, and server startup.

**Design impact:** quantifies how much the current architecture still relies on timestamp conventions.",I100,partial,partial,false,Cited experiments cover bounded components; the entire requested original method is not supported.,I005/I127 have no direct #3730 destination; no new linked component,No distinct remaining cached-only trial identified for this exact scope after cited component review.,"Real generated small-graph no-op, mtime and byte-different comment controls already ran; remaining normalization choice needs the larger selected graph/policy. Specific residual: I100: R21 retained exact unchanged hashes for one valid mix. Extend mtime/source-order/trace normalization and family mix controls to realistic generated graphs.","Implemented Anneal V2 pipeline, archive or service with the item's stated integration contract.",anneal-3730-174-row-crosswalk-reaudit-2026-09-29;anneal-3730-lake-cache-publication-atomicity-2026-09-29;anneal-3730-lake-dynamic-config-identity-2026-09-29;anneal-3730-lake-key-artifact-family-matrix-2026-09-29;anneal-3730-lake-plugin-combined-family-mix-2026-09-29;anneal-3730-lake-prepared-contract-2026-09-29;anneal-3730-lake-same-key-artifact-writers-2026-09-29;anneal-3730-lean-cross-version-equivalence-v4-29-v4-30-rc2-2026-09-29
F19,Clean-build oracle for interactive setup [X],Clean oracle for interactive setup,d09a45d82bd4e86f460e96636bfccfd4fbd1327ef37ec242ac8937be8ee7557b,"### F19. Clean-build oracle for interactive setup [X]

Extend optimized-vs-clean equivalence beyond archive artifacts to:

- `ModuleSetup`;
- imported artifact paths/hashes;
- server options;
- diagnostics;
- goal queries;
- navigation/reference behavior.

**Design impact:** validates that a fast prepared environment behaves like an independently constructed clean one.",I099;I131;I132,partial,partial,false,Cited experiments cover bounded components; the entire requested original method is not supported.,I005/I127 have no direct #3730 destination; no new linked component,No distinct remaining cached-only trial identified for this exact scope after cited component review.,"Selected clean/prepared tiny controls exist; an independently constructed clean-build oracle for the actual prepared Anneal interface/archive and its assumptions, imports, goals and artifacts remains untested. Human participants are not required by this exact suggestion.",Frozen Anneal prepared interface/archive and a runnable clean-build consumer for an independently constructed oracle.,anneal-3730-174-row-crosswalk-reaudit-2026-09-29;anneal-3730-acceptance-oracle-matrix-2026-09-29;anneal-3730-cross-layer-comparator-mutants-2026-09-29;anneal-3730-lake-cache-publication-atomicity-2026-09-29;anneal-3730-lake-dynamic-config-identity-2026-09-29;anneal-3730-lake-key-artifact-family-matrix-2026-09-29;anneal-3730-lake-plugin-combined-family-mix-2026-09-29;anneal-3730-lake-prepared-contract-2026-09-29;anneal-3730-lake-same-key-artifact-writers-2026-09-29;anneal-3730-lean-cross-version-equivalence-v4-29-v4-30-rc2-2026-09-29;anneal-3730-rust-charon-aeneas-lean-golden-vertical-2026-09-29
F20,Generated-module rebuild isolation [X],Generated-module rebuild isolation,3afa936739a0cc21fedac5ead5f6ff034199502e53977525259ce48a229ec245,"### F20. Generated-module rebuild isolation [X]

Ensure rebuilding project-generated modules never writes into the immutable dependency universe.

**Design impact:** verifies the producer/consumer ownership boundary.

---

# G. MCP-facing architecture",I089;I113,partial,partial,false,Cited experiments cover bounded components; the entire requested original method is not supported.,I005/I127 have no direct #3730 destination; no new linked component,No distinct remaining cached-only trial identified for this exact scope after cited component review.,"Pinned tiny Lake identity/setup/replay controls exist; the remaining contract requires an actual prepared Anneal archive, generated consumer, or launcher. Specific residual: I089: R21 used one local two-package plugin fixture. Run actual Anneal prepared archive from empty home/cache with read-only dependencies, first-goal write tracing and producer removal.; I113: R34 classified each tiny direct Lean worker byte/inode and R40 compared APFS/overlayfs copy/clone/hardlink counters for a 2.15-MB fixture. Full Rust, LLBC, generated Lean, Lake cache, archive, outside-workspace writes, temporary peaks and exclusive overlayfs physical bytes in an Anneal integration test remain unmeasured.","Implemented Anneal V2 pipeline, archive or service with the item's stated integration contract.",anneal-3730-174-row-crosswalk-reaudit-2026-09-29;anneal-3730-apfs-overlayfs-resource-accounting-2026-09-29;anneal-3730-lake-cache-publication-atomicity-2026-09-29;anneal-3730-lake-dynamic-config-identity-2026-09-29;anneal-3730-lake-key-artifact-family-matrix-2026-09-29;anneal-3730-lake-plugin-combined-family-mix-2026-09-29;anneal-3730-lake-prepared-contract-2026-09-29;anneal-3730-lake-same-key-artifact-writers-2026-09-29;anneal-3730-lean-server-soak-context-rpc-2026-09-29;anneal-3730-per-worker-copied-byte-inventory-2026-09-29;anneal-3730-resource-economics-2026-09-29;anneal-3730-resource-soak-contamination-2026-09-29;anneal-3730-retained-full-chain-byte-timing-inventory-2026-09-29
G01,Stateless MCP workspace-handle prototype [S/X],Explicit transport-independent MCP handles,3930264fc91dc8f8a14b6926efd27ca5d801aaa60f61f3fbd93f15476d239294,"### G01. Stateless MCP workspace-handle prototype [S/X]

Prototype explicit operations such as:

- create/open workspace;
- publish/update source snapshot;
- query current generation;
- query goal;
- run verification;
- close/release handle.

Do not bind correctness to transport-session lifetime.

**Design impact:** validates compatibility with current stateless MCP semantics.",I065;I066;I145,partial,partial,false,Cited experiments cover bounded components; the entire requested original method is not supported.,v24 I076→I145 cross-slice witness only,No distinct remaining cached-only trial identified for this exact scope after cited component review.,"Wire/local models and selected Lean/CAS controls exist; closure requires an actual Anneal MCP broker, editor authority, subject identity and durable request lifecycle. Specific residual: I065: Executable MCP revision/capability negotiation and fallback for handles, progress, cancellation, and retrieval.; I066: A typed minimal proof-tool API exercised on actual subject/snapshot selection and verification.; I145: R25 showed an old A proof exit 0 after B publication would be stale under explicit model identity. Still perform full cross-layer identity ablation through actual Cargo→Charon→Aeneas→Lake→Lean→MCP responses and product freshness routing. The I076 same-name sibling-crate LLBC witness independently rejects serialized crate/function names as a sufficient compilation-subject key; complete cross-layer product identity remains open.","Implemented Anneal V2 pipeline, archive or service with the item's stated integration contract.",anneal-3730-174-row-crosswalk-reaudit-2026-09-29;anneal-3730-identity-state-mutation-model-2026-09-29;anneal-3730-last-good-model-signature-recovery-2026-09-29;anneal-3730-multiclient-editor-contract-2026-09-29;anneal-3731-i054-i106-postpublication-residual-audit-2026-09-29
G02,Handle expiry and stale-generation errors [X],Handle expiry and stale-generation failures,2b7e3babea324167ac8925a681f523481e0bdac998598c5068534bdd2a3bcb51,"### G02. Handle expiry and stale-generation errors [X]

Exercise:

- server restart;
- process crash;
- workspace GC;
- model regeneration;
- document replacement.

Ensure stale handles fail explicitly rather than being rebound to current state.

**Design impact:** defines durable versus ephemeral MCP identifiers.",I044;I047;I122;I145,partial,partial,false,Cited experiments cover bounded components; the entire requested original method is not supported.,v24 I076→I145 cross-slice witness only,No distinct remaining cached-only trial identified for this exact scope after cited component review.,"Wire/local models and selected Lean/CAS controls exist; closure requires an actual Anneal MCP broker, editor authority, subject identity and durable request lifecycle. Specific residual: I044: Measure many real rich RPC references across replacement, release, expiry and generation-specific context; one InfoWithCtx dereferenced after import transition and failed after release/stale session.; I047: Measure retained historical-goal storage, latency and expiry after rapid edits; a resident old worker is not an explicit historical-query service.; I122: R39's two direct Lean restarts were orderly and preserved one tiny proof source; R38's peer kill restarted a saved proof. Durable owner identity, repeated crash/restart cleanup, lease reconciliation and bounded orphan reclaim in an actual Anneal/Lake workspace remain untested.; I145: R25 showed an old A proof exit 0 after B publication would be stale under explicit model identity. Still perform full cross-layer identity ablation through actual Cargo→Charon→Aeneas→Lake→Lean→MCP responses and product freshness routing. The I076 same-name sibling-crate LLBC witness independently rejects serialized crate/function names as a sufficient compilation-subject key; complete cross-layer product identity remains open.","Implemented Anneal V2 pipeline, archive or service with the item's stated integration contract.",anneal-3730-174-row-crosswalk-reaudit-2026-09-29;anneal-3730-generation-recovery-2026-09-29;anneal-3730-identity-state-mutation-model-2026-09-29;anneal-3730-last-good-model-signature-recovery-2026-09-29;anneal-3730-lean-launch-refresh-matrix-v4-30-0-rc2;anneal-3730-lean-multiminute-restart-resource-soak-2026-09-29;anneal-3730-lean-rpc-lifetimes-v4-30-0-rc2;anneal-3730-lean-server-resource-drift-soak-2026-09-29;anneal-3730-lean-server-soak-context-rpc-2026-09-29;anneal-3730-lean-transitive-import-rpc-matrix-2026-09-29;anneal-3730-rpc-idle-expiry-v4-30-0-rc2;anneal-3730-server-topology-v4-30-0-rc2;anneal-3731-i054-i106-postpublication-residual-audit-2026-09-29
G03,MCP task semantics for long verification work [S/X],Long-running MCP tasks,2054502b563ea8eb2bc3ec76a59b1e1c08377c61d69cf7226d0a6a9b21aaf8c4,"### G03. MCP task semantics for long verification work [S/X]

Prototype long-running Charon/Aeneas/Lake verification as MCP tasks with cancellation/progress.

**Design impact:** decides what belongs in synchronous tools versus task-backed operations.",I065;I071,not-run,not-run,false,The distinguishing original method has no matching execution; cited work covers narrower components only.,I005/I127 have no direct #3730 destination; no new linked component,No installed real MCP SDK/client plus Anneal task broker; raw-wire toy is already covered.,"The stdlib 2026-07-28 wire model now has a real pinned Lean goal composition, including stale source, pre-start cancellation and forwarded in-flight Lean -32800; both bridges remain toy raw-client code with no existing MCP SDK/adapter, independent client interoperability or Anneal task service.","A real MCP SDK/client and Anneal task broker/adapter to test actual async task lifecycle and cancellation, beyond standard-library wire models.",anneal-3730-174-row-crosswalk-reaudit-2026-09-29;anneal-3730-mcp-2026-lean-goal-wire-composition-2026-09-29;anneal-3730-mcp-2026-task-wire-controls-2026-09-29;anneal-3730-mcp-shaped-async-task-lifecycle-2026-09-29;anneal-3730-multiclient-editor-contract-2026-09-29
G04,MCP subscription semantics for diagnostics/progress [S/X],Subscriptions for diagnostics/progress,f17918cb9ebe38c9a7788cccdff942f7e65b5c93af1d74099129d8a1b0f9c1ec,"### G04. MCP subscription semantics for diagnostics/progress [S/X]

Evaluate whether subscriptions are useful for:

- generation changes;
- diagnostics;
- proof readiness;
- verification completion.

**Design impact:** determines whether polling should remain the primary correctness path.",I152,partial,partial,false,Cited experiments cover bounded components; the entire requested original method is not supported.,I005/I127 have no direct #3730 destination; no new linked component,No distinct remaining cached-only trial identified for this exact scope after cited component review.,"Wire/local models and selected Lean/CAS controls exist; closure requires an actual Anneal MCP broker, editor authority, subject identity and durable request lifecycle. Specific residual: I152: Actual MCP subscriptions/listen versus polling under delayed/dropped delivery, reconnect and state reconciliation; new local event model is not MCP transport.","Implemented Anneal V2 pipeline, archive or service with the item's stated integration contract.",anneal-3730-174-row-crosswalk-reaudit-2026-09-29;anneal-3730-multiclient-editor-contract-2026-09-29
G05,Concurrent agents against one workspace [X],Concurrent agents in one workspace,472bbbfb3b1d3d440dea5b790c3161d74bff3c36d081ed3d8c5bcbf633c2a509,"### G05. Concurrent agents against one workspace [X]

Run two agents that:

- issue read-only queries;
- propose different proof edits;
- race edits;
- start verification simultaneously.

Define compare-and-swap or expected-revision behavior.

**Design impact:** prevents last-writer-wins corruption.",I014;I067;I068,partial,partial,false,Cited experiments cover bounded components; the entire requested original method is not supported.,I005/I127 have no direct #3730 destination; no new linked component,No distinct remaining cached-only trial identified for this exact scope after cited component review.,"Two-process CAS exists; four agents using one Anneal workspace and real MCP/editor authority require the broker. Specific residual: I014: R26 ran two Lean-backed local candidate processes against one pointer: one CAS winner and one stale loser. Still test four writers and actual Anneal workspace ownership, fork and lost-update policy across tool stages/hosts.; I067: Actual MCP transport-loss retries for edit/worker-create/check-start with durable bounded dedup expiry and CAS; local broker only models one edit response.; I068: One actual MCP/editor workspace authority with alternating unsaved edits, queries, and reconnect.","Implemented Anneal V2 pipeline, archive or service with the item's stated integration contract.",anneal-3730-174-row-crosswalk-reaudit-2026-09-29;anneal-3730-identity-state-mutation-model-2026-09-29;anneal-3730-multiclient-editor-contract-2026-09-29;anneal-3730-scratch-tactic-concurrency-crash-2026-09-29
G06,Agent proof patch transaction [X],Version-checked agent patch transaction,bd10caf45f798277261817bc1245b587c3bb259a2887dcc6bf764b12c16dd69a,"### G06. Agent proof patch transaction [X]

Implement:

1. query goal at snapshot G;
2. synthesize tactic;
3. apply patch only if G is still current;
4. wait for G+1;
5. re-query.

Inject unrelated edits between every step.

**Design impact:** validates the basic agent loop.",I029;I070;I137,partial,partial,false,Cited experiments cover bounded components; the entire requested original method is not supported.,I005/I127 have no direct #3730 destination; no new linked component,No distinct remaining cached-only trial identified for this exact scope after cited component review.,"One version/host/projection/model-checked proof replacement passed and stale controls failed; real editor WorkspaceEdit transaction, multi-file patching and competing clients remain untested.","Implemented Anneal V2 pipeline, archive or service with the item's stated integration contract.",anneal-3730-174-row-crosswalk-reaudit-2026-09-29;anneal-3730-lean-lsp-projection-code-actions-2026-09-29;anneal-3730-projection-macro-doccomment-patch-matrix-2026-09-29;anneal-3730-projection-provenance-2026-09-29;anneal-3730-scratch-tactic-cas-experiment-2026-09-29;anneal-3730-scratch-tactic-concurrency-crash-2026-09-29;anneal-3730-source-owned-projection-diagnostic-matrix-2026-09-29;anneal-3731-embedded-proof-generated-model-vertical-v4-30-0-rc2
G07,Scratch tactic trials against projected documents [X],Scratch tactic trials and reuse,5f02aa272d2f2ec7f2e0869e5023166d2a2cea86989b1772f1b8e919b8f60466,"### G07. Scratch tactic trials against projected documents [X]

Clone a projected proof into virtual scratch documents and test tactics without touching canonical source.

Measure warm-prefix reuse and cleanup.

**Design impact:** evaluates an Anneal equivalent of Lean MCP multi-attempt tools.",I040;I070;I116;I153,partial,partial,false,Cited experiments cover bounded components; the entire requested original method is not supported.,I005/I127 have no direct #3730 destination; no new linked component,No distinct remaining cached-only trial identified for this exact scope after cited component review.,"Local scratch/CAS experiments exist; authoritative fork/replay under exact imported environment requires Anneal. Specific residual: I040: R32's empty-LEAN_PATH control fails, but a real scratch fork still needs matched module identity, imports, options, surrounding commands and candidate replay against the authoritative generation.; I070: R26 added two-process CAS with one stale loser, candidate/import mutation rejection, four os._exit crash boundaries, pointer recovery and old-reader pinning. Still test real Anneal subject/proof IDs, projected annotations, long-lived RPC, full proposition/axiom oracle, GC lease/reclamation and production durable transaction.; I116: R39 extended a tiny direct Lean proof soak to 5.6 minutes across two orderly restarts, 63 edits/goals and 36 sampled footprint/tree/disk ledgers; sampled footprint plateaued after first elaboration. Hours-long realistic-import retention, cancellation/crash lifecycle, hard peaks and leak classification in an Anneal daemon remain unmeasured.; I153: R35 sampled direct Lean 1/2/4/8 scratch pools and physical-footprint charges; one-watchdog/N-server/MCP/product topology comparison with realistic project imports and hard peak/capacity measurements remains unrun.","Implemented Anneal V2 pipeline, archive or service with the item's stated integration contract.",anneal-3730-174-row-crosswalk-reaudit-2026-09-29;anneal-3730-lean-multiminute-restart-resource-soak-2026-09-29;anneal-3730-lean-server-resource-drift-soak-2026-09-29;anneal-3730-lean-server-soak-context-rpc-2026-09-29;anneal-3730-live-proof-import-state-2026-09-29;anneal-3730-resource-economics-2026-09-29;anneal-3730-resource-soak-contamination-2026-09-29;anneal-3730-scratch-pool-scaling-2026-09-29;anneal-3730-scratch-tactic-cas-experiment-2026-09-29;anneal-3730-scratch-tactic-concurrency-crash-2026-09-29;anneal-3730-server-topology-v4-30-0-rc2
G08,Scratch trial environment fidelity [X],Scratch environment fidelity,223bf2556e0b888b325fb2e60400d44294fdc1bf3a99dd1e8cfdbc7c49d830a6,"### G08. Scratch trial environment fidelity [X]

Verify scratch documents see exactly the same imports/options/models as the canonical proof.

**Design impact:** prevents successful experiments in a subtly different environment.",I040,partial,partial,false,Cited experiments cover bounded components; the entire requested original method is not supported.,I005/I127 have no direct #3730 destination; no new linked component,No distinct remaining cached-only trial identified for this exact scope after cited component review.,"Empty-LEAN_PATH negative exists; exact scratch module/import/options identity requires authoritative generation metadata. Specific residual: I040: R32's empty-LEAN_PATH control fails, but a real scratch fork still needs matched module identity, imports, options, surrounding commands and candidate replay against the authoritative generation.","Implemented Anneal V2 pipeline, archive or service with the item's stated integration contract.",anneal-3730-174-row-crosswalk-reaudit-2026-09-29;anneal-3730-live-proof-import-state-2026-09-29
G09,Read-only versus mutating MCP tool taxonomy [S/X],Read-only versus mutating tools,67fd7d1fd1cfd00d7a0c451c87df4c0e208c8b6cdf3226e5e121e3d923f90512,"### G09. Read-only versus mutating MCP tool taxonomy [S/X]

Classify:

- goal queries;
- diagnostics;
- scratch trials;
- proof edits;
- regeneration;
- verification;
- cache/environment preparation.

Test that read-only tools cannot trigger hidden source or shared-environment mutations.

**Design impact:** improves safety and agent composability.",I069;I126,partial,partial,false,Cited experiments cover bounded components; the entire requested original method is not supported.,"new native-plugin I126 control, directly linked",new bounded native-plugin control executed; entire G09 scope remains open,"The cached native-plugin initializer and Lake configuration now each wrote an owned outside-workspace marker when allowed and failed under targeted macOS write denial. Anneal MCP read/mutate tiers, user trust authorization before workspace execution, broad containment/resource limits, and generated-to-authored edit authority remain.",Implement actual Anneal MCP read/mutate tiers and untrusted-workspace authorization; enforce and test Cargo/Lake/Lean/native execution containment and resource limits.,anneal-3730-174-row-crosswalk-reaudit-2026-09-29;anneal-3730-acceptance-oracle-matrix-2026-09-29;anneal-3730-cross-layer-comparator-mutants-2026-09-29;anneal-3730-multiclient-editor-contract-2026-09-29;anneal-3730-rust-charon-aeneas-lean-golden-vertical-2026-09-29;anneal-3731-i107-i159-postpublication-residual-audit-2026-09-29
G10,MCP process multiplexing and isolation [X],MCP multiplexing/process isolation,f3c76f82a75e9af57d35b23fd2fd7a0b4b75c162956c99f73609d485e3cb4974,"### G10. MCP process multiplexing and isolation [X]

Measure one MCP server serving:

- many sessions for one Anneal environment;
- many Anneal environments;
- many independent repositories.

Map the process tree and resource ownership.

**Design impact:** determines whether MCP is one global daemon, one process per workspace, or a lightweight adapter over an external engine.",I004;I153,partial,partial,false,Cited experiments cover bounded components; the entire requested original method is not supported.,I005/I127 have no direct #3730 destination; no new linked component,No distinct remaining cached-only trial identified for this exact scope after cited component review.,"Wire/local models and selected Lean/CAS controls exist; closure requires an actual Anneal MCP broker, editor authority, subject identity and durable request lifecycle. Specific residual: I004: Repeat the one-shot/per-project/broker comparison with actual Charon/Aeneas/Lean work, matched isolation, startup, restart and physical-resource measurements; the new timing rank is toy-only.; I153: R35 sampled direct Lean 1/2/4/8 scratch pools and physical-footprint charges; one-watchdog/N-server/MCP/product topology comparison with realistic project imports and hard peak/capacity measurements remains unrun.","Implemented Anneal V2 pipeline, archive or service with the item's stated integration contract.",anneal-3730-174-row-crosswalk-reaudit-2026-09-29;anneal-3730-architecture-contracts-2026-09-29;anneal-3730-lean-multiminute-restart-resource-soak-2026-09-29;anneal-3730-lean-server-soak-context-rpc-2026-09-29;anneal-3730-resource-economics-2026-09-29;anneal-3730-resource-soak-contamination-2026-09-29;anneal-3730-scratch-pool-scaling-2026-09-29;anneal-3730-server-topology-v4-30-0-rc2
G11,Authorization boundary for agent edits [S],Edit/setup authorization taxonomy,42962b3a7dcfee3888ea700d2c3aa8fa44b3b109439670a5c1145f84b00f60a1,"### G11. Authorization boundary for agent edits [S]

Separate:

- proof-source edit;
- Rust-source edit;
- generated-file edit;
- environment rebuild;
- toolchain setup.

**Design impact:** ensures the protocol does not make generated/cache state appear user-editable.",I069,partial,partial,false,Cited experiments cover bounded components; the entire requested original method is not supported.,I005/I127 have no direct #3730 destination; no new linked component,No distinct remaining cached-only trial identified for this exact scope after cited component review.,"Wire/local models and selected Lean/CAS controls exist; closure requires an actual Anneal MCP broker, editor authority, subject identity and durable request lifecycle. Specific residual: I069: Executed tool access tiers and workspace/path isolation, especially generated-to-authored edit authority.","Implemented Anneal V2 pipeline, archive or service with the item's stated integration contract.",anneal-3730-174-row-crosswalk-reaudit-2026-09-29;anneal-3730-multiclient-editor-contract-2026-09-29
G12,MCP response provenance schema [S/X],Response provenance envelope,bac6f3c615b84e3c0ec12a5eb8ad9adc0bcc939823b9817db6df92c42984a34e,"### G12. MCP response provenance schema [S/X]

Prototype a result envelope that can carry:

- workspace/generation identity;
- source and projected positions;
- stale/current status;
- environment identity;
- diagnostic/goal payload;
- optional verification status.

**Design impact:** determines whether protocol adapters can remain thin over the engine.",I066;I145,partial,partial,false,Cited experiments cover bounded components; the entire requested original method is not supported.,v24 I076→I145 cross-slice witness only,No distinct remaining cached-only trial identified for this exact scope after cited component review.,"Wire/local models and selected Lean/CAS controls exist; closure requires an actual Anneal MCP broker, editor authority, subject identity and durable request lifecycle. Specific residual: I066: A typed minimal proof-tool API exercised on actual subject/snapshot selection and verification.; I145: R25 showed an old A proof exit 0 after B publication would be stale under explicit model identity. Still perform full cross-layer identity ablation through actual Cargo→Charon→Aeneas→Lake→Lean→MCP responses and product freshness routing. The I076 same-name sibling-crate LLBC witness independently rejects serialized crate/function names as a sufficient compilation-subject key; complete cross-layer product identity remains open.","Implemented Anneal V2 pipeline, archive or service with the item's stated integration contract.",anneal-3730-174-row-crosswalk-reaudit-2026-09-29;anneal-3730-identity-state-mutation-model-2026-09-29;anneal-3730-last-good-model-signature-recovery-2026-09-29;anneal-3730-multiclient-editor-contract-2026-09-29;anneal-3731-i054-i106-postpublication-residual-audit-2026-09-29
G13,MCP retry/idempotency behavior [X],Retry and idempotency,225d6a117284c3617575d0df8fdb432b1dd827cbd4656de68e7fe6429933597b,"### G13. MCP retry/idempotency behavior [X]

Retry identical goal, build, and mutation requests after dropped responses.

**Design impact:** identifies which operations need request IDs or compare-and-swap semantics.",I067,partial,partial,false,Cited experiments cover bounded components; the entire requested original method is not supported.,I005/I127 have no direct #3730 destination; no new linked component,No distinct remaining cached-only trial identified for this exact scope after cited component review.,"Wire/local models and selected Lean/CAS controls exist; closure requires an actual Anneal MCP broker, editor authority, subject identity and durable request lifecycle. Specific residual: I067: Actual MCP transport-loss retries for edit/worker-create/check-start with durable bounded dedup expiry and CAS; local broker only models one edit response.","Implemented Anneal V2 pipeline, archive or service with the item's stated integration contract.",anneal-3730-174-row-crosswalk-reaudit-2026-09-29;anneal-3730-multiclient-editor-contract-2026-09-29
G14,MCP cancellation races [X],MCP cancellation races,93820b3ea75ef237d8b602d5f5e4b0546f2b195ab8e79b4276128ce8c5065e2f,"### G14. MCP cancellation races [X]

Cancel before start, during Lean query, during Lake setup, during Aeneas, and immediately after completion.

**Design impact:** validates cleanup and late-result fencing.",I071;I105;I106,partial,partial,false,Cited experiments cover bounded components; the entire requested original method is not supported.,I005/I127 have no direct #3730 destination; no new linked component,No distinct remaining cached-only trial identified for this exact scope after cited component review.,"Lean cancellation forwarding and toy async lifecycle exist; MCP task cancellation across the real editor/scheduler is unimplemented. Specific residual: I071: Actual asynchronous MCP progress/result lifecycle with expiry, cancellation, and partial-failure responses.; I105: R38 sent one direct Lean cancellation request and then killed only that server group while peers stayed responsive; no cancellation acknowledgment/processed cancellation was observed. Still cancel every real Cargo/Charon/Aeneas/Lake/Lean/Anneal phase with descendant/lock tracing and product recovery.; I106: Queued real diagnostics/progress/exits after cancellation with request/worker correlation and publication fences; synthetic late completion is narrower.","Implemented Anneal V2 pipeline, archive or service with the item's stated integration contract.",anneal-3730-174-row-crosswalk-reaudit-2026-09-29;anneal-3730-charon-build-closure-control-2026-09-29;anneal-3730-charon-concurrency-interruption-2026-09-29;anneal-3730-charon-subject-output-phase-matrix-2026-09-29;anneal-3730-cli-graceful-cancel-signals-2026-09-29;anneal-3730-cross-tool-active-cancellation-barriers-2026-09-29;anneal-3730-cross-tool-stage-cancellation-cleanup-2026-09-29;anneal-3730-generation-recovery-2026-09-29;anneal-3730-lean-pool-failure-isolation-2026-09-29;anneal-3730-multiclient-editor-contract-2026-09-29;anneal-3730-scratch-tactic-concurrency-crash-2026-09-29
G15,Agent navigation across Rust ↔ Lean boundaries [X/U],Agent navigation Rust-to-Lean-and-back,b2bd95fc2143586d7c05888b47371e37d3115f709108603b8bfe75fe7100d396,"### G15. Agent navigation across Rust ↔ Lean boundaries [X/U]

Give an agent tools to move from:

- Rust annotation;
- projected Lean proof;
- generated Aeneas declaration;
- imported model;
- back to owning Rust item.

Measure whether the identity/provenance model is sufficient without exposing brittle filesystem details.

**Design impact:** tests the architecture as an actual agent interface.

---

# H. LSP/editor-facing architecture",I066;I140;I149,not-run,not-run,false,The distinguishing original method has no matching execution; cited work covers narrower components only.,I005/I127 have no direct #3730 destination; no new linked component,"No producer-authenticated map, Anneal navigation client, or consented agent task interface.","Hash-gated manually joined navigation covers reorder, ambiguous names, and actual generated-helper fanout; no producer-authenticated mapping, actual Anneal workspace or agent usability trial.",Producer-authenticated Rust→Charon→Aeneas→Lean item/range mapping and an Anneal navigation client; current names/hashes are manually joined.,anneal-3730-174-row-crosswalk-reaudit-2026-09-29;anneal-3730-aeneas-identity-manifest-2026-09-29;anneal-3730-aeneas-manifest-batch-oracle-2026-09-29;anneal-3730-aeneas-trait-output-shrink-matrix-2026-09-29;anneal-3730-cross-layer-comparator-mutants-2026-09-29;anneal-3730-multiclient-editor-contract-2026-09-29;anneal-3730-pinned-cross-layer-navigation-boundary-2026-09-29
H01,Virtual-document URI strategy [S/X],Virtual document URI strategy,23e5cf6bb9bf03039db0b166889efb5bcdc99804c351c82e59d16c9d22391339,"### H01. Virtual-document URI strategy [S/X]

Compare file URIs, custom `anneal:` URIs, hidden materialized files, and generated workspace files with Lean’s requirement that queried documents be opened.

**Design impact:** determines whether the Lean server can work directly with virtual projections or needs filesystem-backed paths for setup.",I033;I034;I155,partial,partial,false,Cited experiments cover bounded components; the entire requested original method is not supported.,I005/I127 have no direct #3730 destination; no new linked component,No distinct remaining cached-only trial identified for this exact scope after cited component review.,"Direct Lean URI/edit/cancel and local projection models exist; the remaining behavior is a real Rust editor host, Anneal projection, and shared scheduler. Specific residual: Direct and lake serve accepted the tested physical, absent-file, anneal and untitled URI forms for a tiny imported unsaved buffer. Product URI routing, regeneration and Rust editor lifecycle remain.","Implemented Anneal V2 pipeline, archive or service with the item's stated integration contract.",anneal-3730-174-row-crosswalk-reaudit-2026-09-29;anneal-3730-identity-state-mutation-model-2026-09-29;anneal-3730-lean-uri-history-import-boundaries-2026-09-29;anneal-3730-multiclient-editor-contract-2026-09-29
H02,Custom URI compatibility with Lake `setup-file` [X],Custom URI versus setup-file,79727de9a3656e0670d81ee66d18032f502f76643f5c8427c916c0665dcf14d6,"### H02. Custom URI compatibility with Lake `setup-file` [X]

Test whether Lean/Lake can prepare a non-file URI or whether Anneal must provide a real shadow path while exposing a virtual user-facing URI.

**Design impact:** may force a split between Lean’s internal URI/path and the editor-facing document identity.",I033;I155,partial,partial,false,Cited experiments cover bounded components; the entire requested original method is not supported.,I005/I127 have no direct #3730 destination; no new linked component,No distinct remaining cached-only trial identified for this exact scope after cited component review.,"Direct Lean URI/edit/cancel and local projection models exist; the remaining behavior is a real Rust editor host, Anneal projection, and shared scheduler. Specific residual: LSP goals worked for custom and absent-file URIs under cached Lake launch; lake setup-file still failed for an absent physical file. Product shadow-file/virtual-header strategy and mapped import setup remain.","Implemented Anneal V2 pipeline, archive or service with the item's stated integration contract.",anneal-3730-174-row-crosswalk-reaudit-2026-09-29;anneal-3730-lean-uri-history-import-boundaries-2026-09-29;anneal-3730-multiclient-editor-contract-2026-09-29
H03,Shadow-file synchronization without source-of-truth inversion [X],Shadow-file authority and recovery,71fe01e79519ed1ccbbf5550cd3bd88edcdba6aee949a18a8112e44e1016e343,"### H03. Shadow-file synchronization without source-of-truth inversion [X]

If filesystem backing is required, keep an unsaved annotation authoritative while mirroring projected Lean to a shadow file.

Test crash/restart and stale-shadow scenarios.

**Design impact:** prevents disk mirrors from accidentally becoming canonical.",I155,partial,partial,false,Cited experiments cover bounded components; the entire requested original method is not supported.,I005/I127 have no direct #3730 destination; no new linked component,No distinct remaining cached-only trial identified for this exact scope after cited component review.,"Direct Lean URI/edit/cancel and local projection models exist; the remaining behavior is a real Rust editor host, Anneal projection, and shared scheduler. Specific residual: I155: Actual Rust editor host open/change/save/rename/close through Anneal projection and hidden Lean cleanup; new invented //% host in a local broker tests only lifecycle shape.","Implemented Anneal V2 pipeline, archive or service with the item's stated integration contract.",anneal-3730-174-row-crosswalk-reaudit-2026-09-29;anneal-3730-multiclient-editor-contract-2026-09-29
H04,"One editor Rust document, hidden Lean document lifecycle [X]",Hidden Lean document lifecycle,a12cfd9c593833e9af033cecbafab9d6026c6bb11c56943da482fce21a689257,"### H04. One editor Rust document, hidden Lean document lifecycle [X]

Open/close/edit a Rust file and trace hidden Lean document creation, updates, server workers, and cleanup.

**Design impact:** validates practical LSP ownership.",I033;I064;I155,partial,partial,false,Cited experiments cover bounded components; the entire requested original method is not supported.,I005/I127 have no direct #3730 destination; no new linked component,No distinct remaining cached-only trial identified for this exact scope after cited component review.,"Direct Lean URI/edit/cancel and local projection models exist; the remaining behavior is a real Rust editor host, Anneal projection, and shared scheduler. Specific residual: Tiny direct/Lake unsaved imported URIs and close/reopen goal behavior ran. Actual hidden Lean document ownership, Rust editor open/change/save/rename/close and cleanup remain.","Implemented Anneal V2 pipeline, archive or service with the item's stated integration contract.",anneal-3730-174-row-crosswalk-reaudit-2026-09-29;anneal-3730-lean-uri-history-import-boundaries-2026-09-29;anneal-3730-multiclient-editor-contract-2026-09-29
H05,Multiple editor clients on one Anneal workspace [X],Different unsaved editor clients,f17332fed4c64611254ab3465341e8c567b911c55f1a366b986925c5dd0422b4,"### H05. Multiple editor clients on one Anneal workspace [X]

Connect two clients with different unsaved buffers.

Determine whether they require independent workspace snapshots rather than one shared “current document.”

**Design impact:** prevents cross-client buffer contamination.",I014;I068,partial,partial,false,Cited experiments cover bounded components; the entire requested original method is not supported.,I005/I127 have no direct #3730 destination; no new linked component,No distinct remaining cached-only trial identified for this exact scope after cited component review.,"Direct Lean URI/edit/cancel and local projection models exist; the remaining behavior is a real Rust editor host, Anneal projection, and shared scheduler. Specific residual: I014: R26 ran two Lean-backed local candidate processes against one pointer: one CAS winner and one stale loser. Still test four writers and actual Anneal workspace ownership, fork and lost-update policy across tool stages/hosts.; I068: One actual MCP/editor workspace authority with alternating unsaved edits, queries, and reconnect.","Implemented Anneal V2 pipeline, archive or service with the item's stated integration contract.",anneal-3730-174-row-crosswalk-reaudit-2026-09-29;anneal-3730-identity-state-mutation-model-2026-09-29;anneal-3730-multiclient-editor-contract-2026-09-29;anneal-3730-scratch-tactic-concurrency-crash-2026-09-29
H06,Editor save versus unsaved proof model generation [X],Save versus existing unsaved generation,c9c5c49b3f2aecbb32f4d22cb2ccdadaab544a4a5cf345f644b3a0a79bcc7ca6,"### H06. Editor save versus unsaved proof model generation [X]

Save the Rust host file while Lean projection already reflects the same or newer buffer.

Ensure no duplicate generation or version reversal occurs.

**Design impact:** defines filesystem watcher interactions.",I063,partial,partial,false,Cited experiments cover bounded components; the entire requested original method is not supported.,I005/I127 have no direct #3730 destination; no new linked component,No distinct remaining cached-only trial identified for this exact scope after cited component review.,"Direct Lean URI/edit/cancel and local projection models exist; the remaining behavior is a real Rust editor host, Anneal projection, and shared scheduler. Specific residual: I063: The I063 direct Lean LSP plus Python hash-poll watcher covered dirty buffer versus disk, failing save, external overwrite, reopen, real rustfmt marker stability, duplicate suppression, formatting, cancellation and retry. Still test actual editor and Anneal watcher/generator event ordering, multi-client ownership, mapped generated files and user-visible diagnostics.","Implemented Anneal V2 pipeline, archive or service with the item's stated integration contract.",anneal-3730-174-row-crosswalk-reaudit-2026-09-29;anneal-3730-editor-save-format-watch-loop-2026-09-29;anneal-3730-lean-lsp-multifile-actions-hints-2026-09-29;anneal-3730-lean-lsp-navigation-edit-operations-2026-09-29;anneal-3730-source-owned-projection-diagnostic-matrix-2026-09-29
H07,File rename/move with open proof state [X],Rename/move with open proof,07df774baeca70317778476f5ded304a65eebf29fb7f74f0f3e48ee3de3e9293,"### H07. File rename/move with open proof state [X]

Rename a Rust file or module while its annotation proof is open.

Track source maps, virtual document identity, imported module names, and worker reuse.

**Design impact:** determines whether document identity is path-based or logical.",I021;I034;I063;I155,partial,partial,false,Cited experiments cover bounded components; the entire requested original method is not supported.,I005/I127 have no direct #3730 destination; no new linked component,No distinct remaining cached-only trial identified for this exact scope after cited component review.,"Direct Lean URI/edit/cancel and local projection models exist; the remaining behavior is a real Rust editor host, Anneal projection, and shared scheduler. Specific residual: I021: Maintain real annotation identity across move, duplicate, split, reorder and delete while queries are pending; the marker locator and finite alias model give selected counterexamples.; I034: Compare stable URI and generation-path behavior with a real worker across regeneration/reopen; the finite response model has no document routing.; I063: The I063 direct Lean LSP plus Python hash-poll watcher covered dirty buffer versus disk, failing save, external overwrite, reopen, real rustfmt marker stability, duplicate suppression, formatting, cancellation and retry. Still test actual editor and Anneal watcher/generator event ordering, multi-client ownership, mapped generated files and user-visible diagnostics.; I155: Actual Rust editor host open/change/save/rename/close through Anneal projection and hidden Lean cleanup; new invented //% host in a local broker tests only lifecycle shape.","Implemented Anneal V2 pipeline, archive or service with the item's stated integration contract.",anneal-3730-174-row-crosswalk-reaudit-2026-09-29;anneal-3730-annotation-subject-boundary-matrix-2026-09-29;anneal-3730-editor-save-format-watch-loop-2026-09-29;anneal-3730-identity-state-mutation-model-2026-09-29;anneal-3730-lean-lsp-multifile-actions-hints-2026-09-29;anneal-3730-lean-lsp-navigation-edit-operations-2026-09-29;anneal-3730-multiclient-editor-contract-2026-09-29;anneal-3730-source-owned-projection-diagnostic-matrix-2026-09-29
H08,Workspace folder/project switch [X],Workspace-folder/project switch,30ac6a4c61436c76fcde162ae52e4f492a5e831c4acee6e6a5c256b3a461d29c,"### H08. Workspace folder/project switch [X]

Move/open files across Cargo/Lake workspace boundaries while an editor remains connected.

**Design impact:** tests server-pool routing and Lean’s lack of independent multi-workspace configuration inside one server.",I004;I057;I153,partial,partial,false,Cited experiments cover bounded components; the entire requested original method is not supported.,I005/I127 have no direct #3730 destination; no new linked component,No distinct remaining cached-only trial identified for this exact scope after cited component review.,"Direct Lean URI/edit/cancel and local projection models exist; the remaining behavior is a real Rust editor host, Anneal projection, and shared scheduler. Specific residual: A tiny A→B→A direct Lean router preserved unsaved A state; R48 added one full chain ending in a Lake-launched server. Actual editor workspace-folder switch, two-worker Lake/server capacity, Anneal pool and broker remain.","Implemented Anneal V2 pipeline, archive or service with the item's stated integration contract.",anneal-3730-174-row-crosswalk-reaudit-2026-09-29;anneal-3730-architecture-contracts-2026-09-29;anneal-3730-full-lake-server-chain-2026-09-29;anneal-3730-h08-project-switch-router-v4-30-0-rc2;anneal-3730-lean-multiminute-restart-resource-soak-2026-09-29;anneal-3730-lean-server-soak-context-rpc-2026-09-29;anneal-3730-multiclient-editor-contract-2026-09-29;anneal-3730-resource-economics-2026-09-29;anneal-3730-resource-soak-contamination-2026-09-29;anneal-3730-scratch-pool-scaling-2026-09-29;anneal-3730-server-topology-v4-30-0-rc2
H09,LSP cancellation mapping to Anneal scheduler [S/X],Editor cancellation through scheduler,216b35ee476f5a0dd1f3f2ac3ffa618b682af765b9f91cc0987dfdebb6f33ad1,"### H09. LSP cancellation mapping to Anneal scheduler [S/X]

Trace editor cancellation through:

- projection;
- Lean queries;
- upstream regeneration tasks.

**Design impact:** avoids over-canceling shared work when one editor request is abandoned.",I007;I105;I107,partial,partial,false,Cited experiments cover bounded components; the entire requested original method is not supported.,I005/I127 have no direct #3730 destination; no new linked component,No distinct remaining cached-only trial identified for this exact scope after cited component review.,"Direct Lean URI/edit/cancel and local projection models exist; the remaining behavior is a real Rust editor host, Anneal projection, and shared scheduler. Specific residual: Direct Lean returned processed -32800; R47 shared one real Cargo build between two toy owners with individual/last-owner cancellation and failure retry. Editor→Anneal shared scheduler cancellation remains.","Implemented Anneal V2 pipeline, archive or service with the item's stated integration contract.",anneal-3730-174-row-crosswalk-reaudit-2026-09-29;anneal-3730-architecture-contracts-2026-09-29;anneal-3730-charon-build-closure-control-2026-09-29;anneal-3730-charon-concurrency-interruption-2026-09-29;anneal-3730-charon-subject-output-phase-matrix-2026-09-29;anneal-3730-cli-graceful-cancel-signals-2026-09-29;anneal-3730-cross-tool-active-cancellation-barriers-2026-09-29;anneal-3730-cross-tool-stage-cancellation-cleanup-2026-09-29;anneal-3730-generation-recovery-2026-09-29;anneal-3730-h09-lsp-to-upstream-cancellation-boundaries-2026-09-29;anneal-3730-lean-pool-failure-isolation-2026-09-29;anneal-3730-scratch-tactic-concurrency-crash-2026-09-29;anneal-3730-shared-cargo-consumer-ownership-2026-09-29;anneal-v2-current-source-surface-main-bd0956b-2026-09-29
H10,Incremental diagnostics presentation during regeneration [X/U],Stale diagnostics during regeneration,b4b24d9814e0e53afae56f60beb0467dca7709fe4fbed6e809a94ef5382f6c0a,"### H10. Incremental diagnostics presentation during regeneration [X/U]

When Rust changes invalidate the model, compare UI states:

- retain old diagnostics as stale;
- hide them;
- show “model rebuilding”;
- show proof-only diagnostics against old model with explicit generation.

**Design impact:** informs semantics of interactive partial information.

---

# I. Batch/interactive equivalence and verification semantics",I054;I058;I141,partial,partial,false,Cited experiments cover bounded components; the entire requested original method is not supported.,I005/I127 have no direct #3730 destination; no new linked component,No distinct remaining cached-only trial identified for this exact scope after cited component review.,"Direct Lean URI/edit/cancel and local projection models exist; the remaining behavior is a real Rust editor host, Anneal projection, and shared scheduler. Specific residual: I054: Fail real extraction, translation, build and server stages with visible last-good/provisional state and rollback; the new kill matrix uses synthetic stages.; I058: Push/pull diagnostic multiplexing with rustc/Charon/Aeneas/Lean origins and stale clearing across rename.; I141: The validated study protocol has eight keyed scenarios and balanced empty assignments, but no rendered/frozen Anneal UI, consenting participants or outcome data; execute the human trial before classifying comprehension.","Implemented Anneal V2 pipeline, archive or service with the item's stated integration contract.",anneal-3730-174-row-crosswalk-reaudit-2026-09-29;anneal-3730-generation-recovery-2026-09-29;anneal-3730-human-freshness-study-protocol-2026-09-29;anneal-3730-multiclient-editor-contract-2026-09-29
I01,"Same proof, batch versus live server equivalence corpus [X]",Batch/fresh/warm/edited/restarted equivalence,24066bff047b4d010e48b27e703613c093e85d6018d92851e833680cefa2ae8c,"### I01. Same proof, batch versus live server equivalence corpus [X]

For a matrix of valid/invalid proofs, compare:

- batch Lean;
- fresh live server;
- warmed live server;
- server after proof edits;
- server after dependency changes/restart.

Normalize only presentation differences whose irrelevance is justified.

**Design impact:** provides the regression oracle for interactive correctness.",I001;I131;I132,partial,partial,false,Cited experiments cover bounded components; the entire requested original method is not supported.,I005/I127 have no direct #3730 destination; no new linked component,No distinct remaining cached-only trial identified for this exact scope after cited component review.,"Selected batch/fresh/warm/live controls and the disposable embedded-proof/generated-model vertical exist. Same-subject equivalence over the actual Anneal interface, archive, obligations, imports and assumptions remains untested; independent operator/machine confirmation follows a runnable product oracle.","Frozen Anneal interface, actual prepared archive and same-subject batch/live paths; then independently compare fresh, warm, edited and restarted results.",anneal-3730-174-row-crosswalk-reaudit-2026-09-29;anneal-3730-acceptance-oracle-matrix-2026-09-29;anneal-3730-architecture-contracts-2026-09-29;anneal-3730-cross-layer-comparator-mutants-2026-09-29;anneal-3730-lean-cross-version-equivalence-v4-29-v4-30-rc2-2026-09-29;anneal-3730-rust-charon-aeneas-lean-golden-vertical-2026-09-29;anneal-3731-embedded-proof-generated-model-vertical-v4-30-0-rc2
I02,"Same generated model, batch versus live import environment [X]",Actual batch/live import identity,8cdbb1dc7e672be6bab8b0dfd976f9036aec6726a88543fd09be1d194f743d60,"### I02. Same generated model, batch versus live import environment [X]

Record exact imported artifacts/options/plugins in both modes.

**Design impact:** checks that “same source” actually means same proof environment.",I048;I099;I131,partial,partial,false,Cited experiments cover bounded components; the entire requested original method is not supported.,I005/I127 have no direct #3730 destination; no new linked component,No distinct remaining cached-only trial identified for this exact scope after cited component review.,"Selected plugin/OLean setup and fresh controls exist; complete loaded import attestation requires worker API. Specific residual: I048: Expose worker-reported complete loaded OLean/options/plugin/source identity for a real project; setup-file paths, hashes, option diagnostic and initializer marker do not form an attestation API.; I099: R21 clean/mixed local controls cover one theorem, value and plugin marker. Compare clean/prepared declarations, assumptions, diagnostics, goals and loaded artifacts across actual Anneal workspaces.; I131: Independent operator/machine recheck with complete dependencies/toolchains, beyond fresh same-host local processes that still trust pinned translators and prebuilt Lean runtime.","Implemented Anneal V2 pipeline, archive or service with the item's stated integration contract.",anneal-3730-174-row-crosswalk-reaudit-2026-09-29;anneal-3730-acceptance-oracle-matrix-2026-09-29;anneal-3730-cross-layer-comparator-mutants-2026-09-29;anneal-3730-lake-cache-publication-atomicity-2026-09-29;anneal-3730-lake-dynamic-config-identity-2026-09-29;anneal-3730-lake-key-artifact-family-matrix-2026-09-29;anneal-3730-lake-plugin-combined-family-mix-2026-09-29;anneal-3730-lake-prepared-contract-2026-09-29;anneal-3730-lake-same-key-artifact-writers-2026-09-29;anneal-3730-lean-cross-version-equivalence-v4-29-v4-30-rc2-2026-09-29;anneal-3730-lean-launch-refresh-matrix-v4-30-0-rc2;anneal-3730-lean-server-soak-context-rpc-2026-09-29;anneal-3730-lean-transitive-import-rpc-matrix-2026-09-29;anneal-3730-rust-charon-aeneas-lean-golden-vertical-2026-09-29
I03,Interactive success followed by clean verification [X],Live acceptance followed by fresh verification,8463f1b4ec29b25cf8dfe139d49d609ca8c9b504c06253e9a2fd2f887ecb56b2,"### I03. Interactive success followed by clean verification [X]

Require every agent proof accepted interactively to pass a fresh batch verification of the same generation.

Classify mismatches.

**Design impact:** gives an end-to-end safety net during early interactive implementation.",I131;I137;I138,partial,partial,false,Cited experiments cover bounded components; the entire requested original method is not supported.,I005/I127 have no direct #3730 destination; no new linked component,No distinct remaining cached-only trial identified for this exact scope after cited component review.,Fresh batch checked captured proofs and old/new import combinations after live queries. Actual Anneal acceptance followed by an independently constructed fresh verification oracle remains untested; human participants are not required by this suggestion.,"Runnable Anneal live-acceptance path, exact captured subject and independently constructed fresh batch verification oracle.",anneal-3730-174-row-crosswalk-reaudit-2026-09-29;anneal-3730-acceptance-oracle-matrix-2026-09-29;anneal-3730-cross-layer-comparator-mutants-2026-09-29;anneal-3730-lean-cross-version-equivalence-v4-29-v4-30-rc2-2026-09-29;anneal-3730-rust-charon-aeneas-lean-golden-vertical-2026-09-29;anneal-3731-embedded-proof-generated-model-vertical-v4-30-0-rc2
I04,Batch success followed by interactive query [X],Batch acceptance followed by cold interactive use,a3d8166db6768adef043937d1faa6c2427e3c0335efc21918891399997368045,"### I04. Batch success followed by interactive query [X]

Open a freshly batch-verified generation and ensure the server reaches compatible goals/diagnostics without rebuilding shared immutable prerequisites unexpectedly.

**Design impact:** tests cold interactive startup.",I089;I091;I131,partial,partial,false,Cited experiments cover bounded components; the entire requested original method is not supported.,I005/I127 have no direct #3730 destination; no new linked component,No distinct remaining cached-only trial identified for this exact scope after cited component review.,"Actual archive is unavailable for cold interactive consumption after batch acceptance. Specific residual: I089: R21 used one local two-package plugin fixture. Run actual Anneal prepared archive from empty home/cache with read-only dependencies, first-goal write tracing and producer removal.; I091: R21 named plugin/OLean paths and option for one saved file and observed value/initializer. Attest exact loaded imports and setup for unsaved current document/header changes.; I131: Independent operator/machine recheck with complete dependencies/toolchains, beyond fresh same-host local processes that still trust pinned translators and prebuilt Lean runtime.",Built Anneal prepared archive and cold interactive consumer after a matched batch-accepted subject.,anneal-3730-174-row-crosswalk-reaudit-2026-09-29;anneal-3730-acceptance-oracle-matrix-2026-09-29;anneal-3730-cross-layer-comparator-mutants-2026-09-29;anneal-3730-lake-cache-publication-atomicity-2026-09-29;anneal-3730-lake-dynamic-config-identity-2026-09-29;anneal-3730-lake-key-artifact-family-matrix-2026-09-29;anneal-3730-lake-plugin-combined-family-mix-2026-09-29;anneal-3730-lake-prepared-contract-2026-09-29;anneal-3730-lake-same-key-artifact-writers-2026-09-29;anneal-3730-lean-cross-version-equivalence-v4-29-v4-30-rc2-2026-09-29;anneal-3730-lean-launch-refresh-matrix-v4-30-0-rc2;anneal-3730-lean-transitive-import-rpc-matrix-2026-09-29;anneal-3730-rust-charon-aeneas-lean-golden-vertical-2026-09-29
I05,Verification-result scope during live edits [S/X],Verification scope across live transitions,b601da2fdb0b293d99aea3669a4c8f486ac5183116dbe016f5da5d382ed07cd5,"### I05. Verification-result scope during live edits [S/X]

Define and test transitions among:

- verified generation G;
- current edited generation G+1 not yet rebuilt;
- G+1 Lean projection against stale model G;
- G+1 model prepared but proof incomplete;
- G+1 fully verified.

**Design impact:** determines which states can be surfaced without violating Anneal’s success semantics.",I129;I138;I144,partial,partial,false,Cited experiments cover bounded components; the entire requested original method is not supported.,I005/I127 have no direct #3730 destination; no new linked component,No distinct remaining cached-only trial identified for this exact scope after cited component review.,"The prototype labels old/provisional/new/stale contexts and shows cross-model proof failure; production per-claim verification status, obligations and accepted Rust results remain untested.","Implemented Anneal V2 pipeline, archive or service with the item's stated integration contract.",anneal-3730-174-row-crosswalk-reaudit-2026-09-29;anneal-3730-acceptance-oracle-matrix-2026-09-29;anneal-3730-architecture-contracts-2026-09-29;anneal-3730-cross-layer-comparator-mutants-2026-09-29;anneal-3730-partial-elaboration-queries-v4-30-0-rc2;anneal-3730-rust-charon-aeneas-lean-golden-vertical-2026-09-29;anneal-3731-embedded-proof-generated-model-vertical-v4-30-0-rc2;anneal-v2-current-source-surface-main-bd0956b-2026-09-29
I06,“No goals” versus theorem/file/project success [X],No goals versus theorem/file/project acceptance,926b5c4c14d31ed3bf1213bd23e58cfa98f06909b5caf186a1f83a23d754ce5e,"### I06. “No goals” versus theorem/file/project success [X]

Construct:

- solved local goal + error later in file;
- solved theorem + failing sibling theorem;
- solved proof + stale imported model;
- solved proof + admitted dependency;
- solved proof + unsupported upstream translation.

**Design impact:** formally prevents tactic state from being promoted into a verification result.",I129,partial,partial,false,Cited experiments cover bounded components; the entire requested original method is not supported.,I005/I127 have no direct #3730 destination; no new linked component,No distinct remaining cached-only trial identified for this exact scope after cited component review.,No-goals versus acceptance controls exist; authenticated theorem/file/project status requires Anneal machine state. Specific residual: I129: Implement Anneal machine status with authenticated source/model/obligation identities and interrupted verification states; R12 manual weaker/missing/sorry/stale/import controls show Lean exit 0 is insufficient.,"Implemented Anneal V2 pipeline, archive or service with the item's stated integration contract.",anneal-3730-174-row-crosswalk-reaudit-2026-09-29;anneal-3730-acceptance-oracle-matrix-2026-09-29;anneal-3730-cross-layer-comparator-mutants-2026-09-29;anneal-3730-partial-elaboration-queries-v4-30-0-rc2;anneal-3730-rust-charon-aeneas-lean-golden-vertical-2026-09-29;anneal-v2-current-source-surface-main-bd0956b-2026-09-29
I07,Trust/TCB identity under interactive reuse [S/X],TCB identity under reuse,c01cf07d86964036650e387c4a6d85372493ec0f4b43dc31f1ec06f513942115,"### I07. Trust/TCB identity under interactive reuse [S/X]

Change model libraries, toolchain, plugins, or trusted assumptions while proof text stays fixed.

Verify cached interactive results cannot survive a TCB-relevant environment change.

**Design impact:** integrates interactive state with the TCB audit model.",I130,partial,partial,false,Cited experiments cover bounded components; the entire requested original method is not supported.,I005/I127 have no direct #3730 destination; no new linked component,No distinct remaining cached-only trial identified for this exact scope after cited component review.,Selected sorry/axiom/native controls exist; claim-relative taint propagation under reuse requires product implementation. Specific residual: I130: Propagate claim-relative axiom/admission/native/external-model taint through callers and reused artifacts; R12 distinguishes external axiom versus concrete model and sorryAx in selected proofs only.,"Implemented Anneal V2 pipeline, archive or service with the item's stated integration contract.",anneal-3730-174-row-crosswalk-reaudit-2026-09-29;anneal-3730-acceptance-oracle-matrix-2026-09-29;anneal-3730-claim-relative-import-taint-2026-09-29;anneal-3730-cross-layer-comparator-mutants-2026-09-29;anneal-3730-rust-charon-aeneas-lean-golden-vertical-2026-09-29;anneal-v2-current-source-surface-main-bd0956b-2026-09-29
I08,Incremental/development-mode taint [S/X],Development/partial-result taint,a2b71fa4bc5a81029a8ea7094f2e758b7bd746c9feedeb85c0c89297b930b47c,"### I08. Incremental/development-mode taint [S/X]

If Anneal exposes stale-model proof editing or partial upstream regeneration for productivity, define explicit taint and test that it cannot be mistaken for ordinary success.

**Design impact:** aligns interactive UX with the design contract’s partial-information boundary.

---

# J. Parallel integration testing and resource scaling",I130;I141,partial,partial,false,Cited experiments cover bounded components; the entire requested original method is not supported.,I005/I127 have no direct #3730 destination; no new linked component,No distinct remaining cached-only trial identified for this exact scope after cited component review.,"Selected partial-result taint controls exist; actual UI and human comprehension trial are missing. Specific residual: I130: Propagate claim-relative axiom/admission/native/external-model taint through callers and reused artifacts; R12 distinguishes external axiom versus concrete model and sorryAx in selected proofs only.; I141: The validated study protocol has eight keyed scenarios and balanced empty assignments, but no rendered/frozen Anneal UI, consenting participants or outcome data; execute the human trial before classifying comprehension.",Frozen Anneal protocol and rendered running interface before consenting independent participants evaluate partial-result taint and failure states.,anneal-3730-174-row-crosswalk-reaudit-2026-09-29;anneal-3730-acceptance-oracle-matrix-2026-09-29;anneal-3730-claim-relative-import-taint-2026-09-29;anneal-3730-cross-layer-comparator-mutants-2026-09-29;anneal-3730-human-freshness-study-protocol-2026-09-29;anneal-3730-rust-charon-aeneas-lean-golden-vertical-2026-09-29;anneal-v2-current-source-surface-main-bd0956b-2026-09-29
J01,Realistic 1/2/4/8/16/32-worker generated-project disk scaling [X],Real generated-project disk scaling,060ac3e0c97e403b6cc5e08eb9145eef9e36f67d564b229d543e8b352b3f1139,"### J01. Realistic 1/2/4/8/16/32-worker generated-project disk scaling [X]

Use the actual prepared Anneal toolchain and generated projects.

Measure:

- physical disk allocated;
- logical apparent size;
- inode count;
- per-workspace `.lake`;
- generated sources;
- build outputs;
- shared cache growth.

**Design impact:** tests whether V2 actually avoids V1’s disk amplification.",I113;I114;I139,partial,partial,false,Cited experiments cover bounded components; the entire requested original method is not supported.,I005/I127 have no direct #3730 destination; no new linked component,No distinct remaining cached-only trial identified for this exact scope after cited component review.,"Tiny direct Lean/Cargo/Charon/Aeneas and filesystem fixtures already ran; the remaining measurements need representative integrated workloads, scheduler/GC, and guarded resource capacity. Specific residual: I113: R34 classified each tiny direct Lean worker byte/inode and R40 compared APFS/overlayfs copy/clone/hardlink counters for a 2.15-MB fixture. Full Rust, LLBC, generated Lean, Lake cache, archive, outside-workspace writes, temporary peaks and exclusive overlayfs physical bytes in an Anneal integration test remain unmeasured.; I114: R34 distinguished copy/symlink/hardlink/APFS-clone accounting, and R35 admitted 1/2/4/8 tiny direct Lean workers; realistic import, CPU/throughput/latency, peak physical memory and safe shared mutation across server/Lake topologies remain unmeasured.; I139: R38 admitted four independent tiny Lean servers, isolated one malformed buffer, killed/restarted one peer and verified the other peers; eight was denied by admission. Actual parallel Anneal generated-project tests with shared imports, model edit, scratch publication, cancellation, restart and budget/fence enforcement remain unrun.","Representative prepared Anneal workload and scheduler/consumer, plus the resource or platform controls already named in v22: Guarded representative workload and sufficient measured RAM/disk/headroom; this host has 8 GiB physical RAM.",anneal-3730-174-row-crosswalk-reaudit-2026-09-29;anneal-3730-apfs-overlayfs-resource-accounting-2026-09-29;anneal-3730-lean-pool-failure-isolation-2026-09-29;anneal-3730-lean-server-soak-context-rpc-2026-09-29;anneal-3730-per-worker-copied-byte-inventory-2026-09-29;anneal-3730-resource-economics-2026-09-29;anneal-3730-resource-soak-contamination-2026-09-29;anneal-3730-retained-full-chain-byte-timing-inventory-2026-09-29;anneal-3730-scratch-pool-scaling-2026-09-29
J02,Identify every per-worker copied byte [X],Every copied byte classified,fabfe4118a8533c6a8f2efd4e540b708f19a96874ec350f1a69e79267554d8a7,"### J02. Identify every per-worker copied byte [X]

For a representative test, classify workspace files as:

- unavoidable mutable state;
- generated test state;
- copy that could be shared immutable state;
- accidental duplicate cache/build product.

**Design impact:** turns disk optimization into an ownership audit rather than another cloning workaround.",I113,partial,partial,false,Cited experiments cover bounded components; the entire requested original method is not supported.,I005/I127 have no direct #3730 destination; no new linked component,No distinct remaining cached-only trial identified for this exact scope after cited component review.,"Tiny direct Lean/Cargo/Charon/Aeneas and filesystem fixtures already ran; the remaining measurements need representative integrated workloads, scheduler/GC, and guarded resource capacity. Specific residual: I113: R34 classified each tiny direct Lean worker byte/inode and R40 compared APFS/overlayfs copy/clone/hardlink counters for a 2.15-MB fixture. Full Rust, LLBC, generated Lean, Lake cache, archive, outside-workspace writes, temporary peaks and exclusive overlayfs physical bytes in an Anneal integration test remain unmeasured.","Representative prepared Anneal workload and scheduler/consumer, plus the resource or platform controls already named in v22: Guarded representative workload and sufficient measured RAM/disk/headroom; this host has 8 GiB physical RAM.",anneal-3730-174-row-crosswalk-reaudit-2026-09-29;anneal-3730-apfs-overlayfs-resource-accounting-2026-09-29;anneal-3730-lean-server-soak-context-rpc-2026-09-29;anneal-3730-per-worker-copied-byte-inventory-2026-09-29;anneal-3730-resource-economics-2026-09-29;anneal-3730-resource-soak-contamination-2026-09-29;anneal-3730-retained-full-chain-byte-timing-inventory-2026-09-29
J03,Concurrent Lean-server memory scaling with real Anneal imports [X],Real-import server memory scaling,bc3708aa9812e89ebdbf97359327dc3721fea35828c526e718b97d93f14b5152,"### J03. Concurrent Lean-server memory scaling with real Anneal imports [X]

Repeat 1/2/4/8/16 servers or independent workspaces using realistic Aeneas/Mathlib imports and proof files.

Measure peak RSS and, where possible, unique/private footprint.

**Design impact:** determines practical server-pool limits.",I114;I117;I153,partial,partial,false,Cited experiments cover bounded components; the entire requested original method is not supported.,I005/I127 have no direct #3730 destination; no new linked component,No distinct remaining cached-only trial identified for this exact scope after cited component review.,"Tiny direct Lean/Cargo/Charon/Aeneas and filesystem fixtures already ran; the remaining measurements need representative integrated workloads, scheduler/GC, and guarded resource capacity. Specific residual: I114: R34 distinguished copy/symlink/hardlink/APFS-clone accounting, and R35 admitted 1/2/4/8 tiny direct Lean workers; realistic import, CPU/throughput/latency, peak physical memory and safe shared mutation across server/Lake topologies remain unmeasured.; I117: Measure unique physical process-tree memory or Linux PSS for representative workers/plugins; R16 sampled summed RSS and sequential per-PID phys_footprint, neither unique tree bytes.; I153: R35 sampled direct Lean 1/2/4/8 scratch pools and physical-footprint charges; one-watchdog/N-server/MCP/product topology comparison with realistic project imports and hard peak/capacity measurements remains unrun.","Representative prepared Anneal workload and scheduler/consumer, plus the resource or platform controls already named in v22: Guarded representative workload and sufficient measured RAM/disk/headroom; this host has 8 GiB physical RAM.",anneal-3730-174-row-crosswalk-reaudit-2026-09-29;anneal-3730-lean-multiminute-restart-resource-soak-2026-09-29;anneal-3730-lean-server-soak-context-rpc-2026-09-29;anneal-3730-per-worker-copied-byte-inventory-2026-09-29;anneal-3730-resource-economics-2026-09-29;anneal-3730-resource-soak-contamination-2026-09-29;anneal-3730-scratch-pool-scaling-2026-09-29;anneal-3730-server-topology-v4-30-0-rc2
J04,One server with many proof files versus many servers [X],One watchdog/many documents versus many servers,8b7deb2a35eb4fa258493a0ae8af0c753a9a686ca5436d6351044154ee2d61c1,"### J04. One server with many proof files versus many servers [X]

For one prepared environment, compare N open files in one watchdog against N independent servers.

**Design impact:** determines where process reuse actually saves memory.",I153,partial,partial,false,Cited experiments cover bounded components; the entire requested original method is not supported.,I005/I127 have no direct #3730 destination; no new linked component,No distinct remaining cached-only trial identified for this exact scope after cited component review.,"Tiny direct Lean/Cargo/Charon/Aeneas and filesystem fixtures already ran; the remaining measurements need representative integrated workloads, scheduler/GC, and guarded resource capacity. Specific residual: I153: R35 sampled direct Lean 1/2/4/8 scratch pools and physical-footprint charges; one-watchdog/N-server/MCP/product topology comparison with realistic project imports and hard peak/capacity measurements remains unrun.","Representative prepared Anneal workload and scheduler/consumer, plus the resource or platform controls already named in v22: Guarded representative workload and sufficient measured RAM/disk/headroom; this host has 8 GiB physical RAM.",anneal-3730-174-row-crosswalk-reaudit-2026-09-29;anneal-3730-lean-multiminute-restart-resource-soak-2026-09-29;anneal-3730-lean-server-soak-context-rpc-2026-09-29;anneal-3730-resource-economics-2026-09-29;anneal-3730-resource-soak-contamination-2026-09-29;anneal-3730-scratch-pool-scaling-2026-09-29;anneal-3730-server-topology-v4-30-0-rc2
J05,Scratch-document pool scaling [X],Prewarmed scratch pool scaling,9fd4f18d591715866db3fd04db7a298dca047b39f88a549c0dd2d6b48ce401c0,"### J05. Scratch-document pool scaling [X]

Measure memory/latency for 1/2/4/8/... prewarmed scratch documents used for agent tactic trials.

**Design impact:** sizes agent proof-search concurrency.",I116;I153,partial,partial,false,Cited experiments cover bounded components; the entire requested original method is not supported.,I005/I127 have no direct #3730 destination; no new linked component,No distinct remaining cached-only trial identified for this exact scope after cited component review.,"Tiny direct Lean/Cargo/Charon/Aeneas and filesystem fixtures already ran; the remaining measurements need representative integrated workloads, scheduler/GC, and guarded resource capacity. Specific residual: I116: R39 extended a tiny direct Lean proof soak to 5.6 minutes across two orderly restarts, 63 edits/goals and 36 sampled footprint/tree/disk ledgers; sampled footprint plateaued after first elaboration. Hours-long realistic-import retention, cancellation/crash lifecycle, hard peaks and leak classification in an Anneal daemon remain unmeasured.; I153: R35 sampled direct Lean 1/2/4/8 scratch pools and physical-footprint charges; one-watchdog/N-server/MCP/product topology comparison with realistic project imports and hard peak/capacity measurements remains unrun.","Representative prepared Anneal workload and scheduler/consumer, plus the resource or platform controls already named in v22: Guarded representative workload and sufficient measured RAM/disk/headroom; this host has 8 GiB physical RAM.",anneal-3730-174-row-crosswalk-reaudit-2026-09-29;anneal-3730-lean-multiminute-restart-resource-soak-2026-09-29;anneal-3730-lean-server-resource-drift-soak-2026-09-29;anneal-3730-lean-server-soak-context-rpc-2026-09-29;anneal-3730-resource-economics-2026-09-29;anneal-3730-resource-soak-contamination-2026-09-29;anneal-3730-scratch-pool-scaling-2026-09-29;anneal-3730-server-topology-v4-30-0-rc2
J06,Nested parallelism budget [X],Nested parallelism budget,807d20f302da4dd3e38d411c87f09b4bcefd7b412adf858b4ea73e458bedaab1,"### J06. Nested parallelism budget [X]

Run many integration tests while allowing:

- Cargo jobs;
- Charon parallelism;
- Aeneas domains;
- Lake jobs;
- Lean workers;
- MCP scratch trials.

Measure oversubscription.

**Design impact:** informs a global scheduler/resource semaphore rather than independent stage-level parallelism.",I115,partial,partial,false,Cited experiments cover bounded components; the entire requested original method is not supported.,I005/I127 have no direct #3730 destination; no new linked component,No distinct remaining cached-only trial identified for this exact scope after cited component review.,"One full cached chain and two small chains ran; guarded memory admission skipped the two-worker full-chain cell. Specific residual: Two tiny Rust→Charon→Aeneas→batch Lean workflows ran under sampled guards; R48 extended one chain through Lake and live server, then skipped a two-worker cell by memory admission. No Anneal scheduler or hard peak.","Representative prepared Anneal workload and scheduler/consumer, plus the resource or platform controls already named in v22: Guarded representative workload and sufficient measured RAM/disk/headroom; this host has 8 GiB physical RAM.",anneal-3730-174-row-crosswalk-reaudit-2026-09-29;anneal-3730-apfs-overlayfs-resource-accounting-2026-09-29;anneal-3730-combined-pipeline-concurrency-2026-09-29;anneal-3730-full-lake-server-chain-2026-09-29;anneal-3730-lean-server-soak-context-rpc-2026-09-29;anneal-3730-nested-parallelism-budget-2026-09-29;anneal-3730-resource-economics-2026-09-29
J07,Cold-start versus warm-start latency decomposition [X],Cold/warm latency decomposition,927e2092f9e1bb18e213bdb8189365fc451f11571f52ffc073f38d580bd0f98c,"### J07. Cold-start versus warm-start latency decomposition [X]

Measure:

- workspace construction;
- Charon;
- Aeneas;
- generated-module build;
- server launch;
- `setup-file`;
- first goal;
- subsequent proof edit/goal.

**Design impact:** identifies which long-lived resources are worth retaining.",I118,partial,partial,false,Cited experiments cover bounded components; the entire requested original method is not supported.,I005/I127 have no direct #3730 destination; no new linked component,No distinct remaining cached-only trial identified for this exact scope after cited component review.,"Tiny direct Lean/Cargo/Charon/Aeneas and filesystem fixtures already ran; the remaining measurements need representative integrated workloads, scheduler/GC, and guarded resource capacity. Specific residual: I118: Decompose complete Rust extraction, Aeneas, Lake, Lean and query latency under realistic edits; R16 measured direct warm Lean request medians only.","Representative prepared Anneal workload and scheduler/consumer, plus the resource or platform controls already named in v22: Guarded representative workload and sufficient measured RAM/disk/headroom; this host has 8 GiB physical RAM.",anneal-3730-174-row-crosswalk-reaudit-2026-09-29;anneal-3730-lean-multiminute-restart-resource-soak-2026-09-29;anneal-3730-lean-server-soak-context-rpc-2026-09-29;anneal-3730-resource-economics-2026-09-29;anneal-3730-resource-soak-contamination-2026-09-29;anneal-3730-retained-full-chain-byte-timing-inventory-2026-09-29
J08,Test-fixture sharing granularity [X],Test/fixture/suite reuse granularity,5d9b1cb17b23886690ec5cabdf35f92b9abe30bbac6f29117e1e500f6bbf301c,"### J08. Test-fixture sharing granularity [X]

Compare one workspace per test, one per fixture with many phases, and one per logical suite.

**Design impact:** informs replacement of heavyweight independent sandboxes where isolation is unnecessary.",I154,partial,partial,false,Cited experiments cover bounded components; the entire requested original method is not supported.,I005/I127 have no direct #3730 destination; no new linked component,No distinct remaining cached-only trial identified for this exact scope after cited component review.,"Tiny direct Lean/Cargo/Charon/Aeneas and filesystem fixtures already ran; the remaining measurements need representative integrated workloads, scheduler/GC, and guarded resource capacity. Specific residual: I154: Test per-test/per-fixture/per-suite contamination across plugins, ordering, restarts and imported models; R16 checked file-specific and wrong-import sentinels within tiny direct Lean workers.","Representative prepared Anneal workload and scheduler/consumer, plus the resource or platform controls already named in v22: Guarded representative workload and sufficient measured RAM/disk/headroom; this host has 8 GiB physical RAM.",anneal-3730-174-row-crosswalk-reaudit-2026-09-29;anneal-3730-lean-multiminute-restart-resource-soak-2026-09-29;anneal-3730-lean-server-soak-context-rpc-2026-09-29;anneal-3730-plugin-reversal-worker-order-2026-09-29;anneal-3730-resource-economics-2026-09-29;anneal-3730-resource-soak-contamination-2026-09-29
J09,Concurrency under failure/interruption [X],Failures under high concurrency,c1f74769902c03941ea3060029d0995038fe26ca57428dbbe86234082e430789,"### J09. Concurrency under failure/interruption [X]

Kill random workers during a high-parallel run.

Check:

- shared dependency immutability;
- cache integrity;
- orphan process cleanup;
- subsequent tests;
- disk leaks.

**Design impact:** tests whether the architecture remains simple under CI failures.",I105;I110;I139,partial,partial,false,Cited experiments cover bounded components; the entire requested original method is not supported.,I005/I127 have no direct #3730 destination; no new linked component,No distinct remaining cached-only trial identified for this exact scope after cited component review.,"Tiny direct Lean/Cargo/Charon/Aeneas and filesystem fixtures already ran; the remaining measurements need representative integrated workloads, scheduler/GC, and guarded resource capacity. Specific residual: I105: R38 sent one direct Lean cancellation request and then killed only that server group while peers stayed responsive; no cancellation acknowledgment/processed cancellation was observed. Still cancel every real Cargo/Charon/Aeneas/Lake/Lean/Anneal phase with descendant/lock tracing and product recovery.; I110: R38 reconstructed one saved tiny proof in a fresh Lean server after a peer process-group kill; stale rejection was an experiment-side epoch/version/hash model. Still force actual Anneal and build-process restarts and reconcile authoritative imported generations and durable outputs.; I139: R38 admitted four independent tiny Lean servers, isolated one malformed buffer, killed/restarted one peer and verified the other peers; eight was denied by admission. Actual parallel Anneal generated-project tests with shared imports, model edit, scratch publication, cancellation, restart and budget/fence enforcement remain unrun.","Representative prepared Anneal workload and scheduler/consumer, plus the resource or platform controls already named in v22: Guarded representative workload and sufficient measured RAM/disk/headroom; this host has 8 GiB physical RAM.",anneal-3730-174-row-crosswalk-reaudit-2026-09-29;anneal-3730-charon-build-closure-control-2026-09-29;anneal-3730-charon-concurrency-interruption-2026-09-29;anneal-3730-charon-subject-output-phase-matrix-2026-09-29;anneal-3730-cli-graceful-cancel-signals-2026-09-29;anneal-3730-cross-tool-active-cancellation-barriers-2026-09-29;anneal-3730-cross-tool-stage-cancellation-cleanup-2026-09-29;anneal-3730-generation-recovery-2026-09-29;anneal-3730-lean-pool-failure-isolation-2026-09-29;anneal-3730-lean-server-soak-context-rpc-2026-09-29;anneal-3730-resource-economics-2026-09-29;anneal-3730-resource-soak-contamination-2026-09-29;anneal-3730-scratch-tactic-concurrency-crash-2026-09-29
J10,Long-running daemon resource drift [X],Long-lived daemon resource drift,c2b50a413ab93cc898ebe3adabb738f1068f0ad5d25a1edf77d96d254c5f70a7,"### J10. Long-running daemon resource drift [X]

Keep Lean/MCP/Anneal processes alive through hundreds or thousands of edits and generations.

Measure memory, file descriptors, temp files, process count, and cache growth.

**Design impact:** decides recycle policies.",I116;I122,partial,partial,false,Cited experiments cover bounded components; the entire requested original method is not supported.,I005/I127 have no direct #3730 destination; no new linked component,No distinct remaining cached-only trial identified for this exact scope after cited component review.,"Tiny direct Lean/Cargo/Charon/Aeneas and filesystem fixtures already ran; the remaining measurements need representative integrated workloads, scheduler/GC, and guarded resource capacity. Specific residual: I116: R39 extended a tiny direct Lean proof soak to 5.6 minutes across two orderly restarts, 63 edits/goals and 36 sampled footprint/tree/disk ledgers; sampled footprint plateaued after first elaboration. Hours-long realistic-import retention, cancellation/crash lifecycle, hard peaks and leak classification in an Anneal daemon remain unmeasured.; I122: R39's two direct Lean restarts were orderly and preserved one tiny proof source; R38's peer kill restarted a saved proof. Durable owner identity, repeated crash/restart cleanup, lease reconciliation and bounded orphan reclaim in an actual Anneal/Lake workspace remain untested.","Representative prepared Anneal workload and scheduler/consumer, plus the resource or platform controls already named in v22: Guarded representative workload and sufficient measured RAM/disk/headroom; this host has 8 GiB physical RAM.",anneal-3730-174-row-crosswalk-reaudit-2026-09-29;anneal-3730-generation-recovery-2026-09-29;anneal-3730-lean-multiminute-restart-resource-soak-2026-09-29;anneal-3730-lean-server-resource-drift-soak-2026-09-29;anneal-3730-lean-server-soak-context-rpc-2026-09-29;anneal-3730-resource-economics-2026-09-29;anneal-3730-resource-soak-contamination-2026-09-29;anneal-3730-scratch-pool-scaling-2026-09-29
J11,Generation GC correctness [X],Generation collection with live readers,e4a78db00053a126d67960f8e727ff07d24cf7fb388107f7cc00936fdbf0495a,"### J11. Generation GC correctness [X]

Delete old generated workspaces/artifacts while unrelated workers and current generation remain live.

**Design impact:** establishes safe cleanup ownership.",I121,partial,partial,false,Cited experiments cover bounded components; the entire requested original method is not supported.,I005/I127 have no direct #3730 destination; no new linked component,No distinct remaining cached-only trial identified for this exact scope after cited component review.,"Reader-owned cooperative lease/GC behavior across one worker crash is covered at fixture level. Closure still needs Anneal-owned reader leases and collector, pending-query and scratch-fork lifetime policy, replay identity, supervisor restart reconciliation, durability, and portability checks in the product.","Implemented Anneal V2 pipeline, archive or service with the item's stated integration contract.",anneal-3730-174-row-crosswalk-reaudit-2026-09-29;anneal-3730-generation-recovery-2026-09-29;anneal-3730-live-lean-artifact-unlink-2026-09-29;anneal-3730-scratch-tactic-concurrency-crash-2026-09-29;anneal-3731-reader-owned-generation-lease-v4-30-0-rc2;anneal-3731-real-generation-gc-lease-v4-30-0-rc2
J12,Cross-test contamination sentinel [X],Cross-test contamination sentinels,72f273ba9e3a68635768fa5453fb9493c09b63272e770b6132a89555376104b9,"### J12. Cross-test contamination sentinel [X]

Give each test a unique model definition or option whose accidental reuse is obvious.

Run heavily in parallel.

**Design impact:** detects incorrect environment/server pooling.",I135;I154,partial,partial,false,Cited experiments cover bounded components; the entire requested original method is not supported.,I005/I127 have no direct #3730 destination; no new linked component,No distinct remaining cached-only trial identified for this exact scope after cited component review.,"Tiny direct Lean/Cargo/Charon/Aeneas and filesystem fixtures already ran; the remaining measurements need representative integrated workloads, scheduler/GC, and guarded resource capacity. Specific residual: I135: Run pairwise/higher-order source/import/cache/lifecycle mutants in integrated Anneal with request identities; R12 hand-assembled pinned vertical covers selected mutants only.; I154: Test per-test/per-fixture/per-suite contamination across plugins, ordering, restarts and imported models; R16 checked file-specific and wrong-import sentinels within tiny direct Lean workers.","Representative prepared Anneal workload and scheduler/consumer, plus the resource or platform controls already named in v22: Guarded representative workload and sufficient measured RAM/disk/headroom; this host has 8 GiB physical RAM.",anneal-3730-174-row-crosswalk-reaudit-2026-09-29;anneal-3730-acceptance-oracle-matrix-2026-09-29;anneal-3730-cross-layer-comparator-mutants-2026-09-29;anneal-3730-lean-cross-version-equivalence-v4-29-v4-30-rc2-2026-09-29;anneal-3730-lean-multiminute-restart-resource-soak-2026-09-29;anneal-3730-lean-server-soak-context-rpc-2026-09-29;anneal-3730-plugin-reversal-worker-order-2026-09-29;anneal-3730-resource-economics-2026-09-29;anneal-3730-resource-soak-contamination-2026-09-29;anneal-3730-rust-charon-aeneas-lean-golden-vertical-2026-09-29
J13,High-parallel cache miss storm [X],Concurrent identical cache misses,5c78689d760f2b61353b4e05609c46e841da76ca6569bdc561c02b1fcb5b75c7,"### J13. High-parallel cache miss storm [X]

Start many fresh consumers that all discover the same missing cache artifact.

Compare:

- shared cache writer behavior;
- serialized producer build;
- isolated build then publish.

**Design impact:** determines the correct cold-cache coordination mechanism.",I102;I107,partial,partial,false,Cited experiments cover bounded components; the entire requested original method is not supported.,I005/I127 have no direct #3730 destination; no new linked component,No distinct remaining cached-only trial identified for this exact scope after cited component review.,"Lake same-key writer and shared Cargo controls exist; integrated shared publication and cancellation protocol remains absent. Specific residual: I102: Force simultaneous same-key writer/artifact/map interruption, recovery and power-loss durability; R19 valid metadata replacement had no interrupted write.; I107: Shared actual build with multiple consumers, one cancellation and one failure plus reference-count/fan-out; synthetic ownership model alone is insufficient.","Implemented Anneal V2 pipeline, archive or service with the item's stated integration contract.",anneal-3730-174-row-crosswalk-reaudit-2026-09-29;anneal-3730-generation-recovery-2026-09-29;anneal-3730-lake-cache-publication-atomicity-2026-09-29;anneal-3730-lake-dynamic-config-identity-2026-09-29;anneal-3730-lake-key-artifact-family-matrix-2026-09-29;anneal-3730-lake-plugin-combined-family-mix-2026-09-29;anneal-3730-lake-prepared-contract-2026-09-29;anneal-3730-lake-same-key-artifact-writers-2026-09-29;anneal-3730-lake-writer-recovery-2026-09-29;anneal-v2-current-source-surface-main-bd0956b-2026-09-29
J14,Filesystem-specific scaling [X],Filesystem-specific resource scaling,25a9e331278fab21a3dbab95380deaca3c9c860a0c121b3572731582f3d0f1dd,"### J14. Filesystem-specific scaling [X]

Where CI supports it, compare APFS, ext4, overlay/container filesystems, and networked/remote runners for cloning, hardlinks, reflinks, and shared read-only trees.

**Design impact:** avoids relying on a storage optimization unavailable on supported CI hosts.",I119;I124,partial,partial,false,Cited experiments cover bounded components; the entire requested original method is not supported.,I005/I127 have no direct #3730 destination; no new linked component,No distinct remaining cached-only trial identified for this exact scope after cited component review.,"APFS/overlayfs small-tree counters exist; ext4/XFS and real prepared-tree exclusive extent accounting need independent platform/workload. Specific residual: I119: R40 demonstrated divergent APFS/overlayfs copy, reflink, hardlink and mutation accounting for a tiny file tree. Actual Anneal prepared-tree sharing under concurrent consumer writes, exclusive overlayfs extent bytes, representative load and immutable-boundary enforcement remain unverified.; I124: R40 compares host APFS with cached Ubuntu Docker overlayfs copy/clone/hardlink counters, supplementing prior open-file/rename probes. Native ext4/XFS, Windows/network filesystems, mapped live Lean artifacts and filesystem-specific Anneal worker cleanup remain untested; overlayfs exclusive physical extents were not measured.","Representative prepared Anneal workload and scheduler/consumer, plus the resource or platform controls already named in v22: A permitted complete OS-level tracing or independent target filesystem/host surface appropriate to the item.",anneal-3730-174-row-crosswalk-reaudit-2026-09-29;anneal-3730-apfs-overlayfs-resource-accounting-2026-09-29;anneal-3730-lean-server-soak-context-rpc-2026-09-29;anneal-3730-platform-filesystem-boundary-2026-09-29;anneal-3730-real-lean-filesystem-lifetimes-2026-09-29;anneal-3730-resource-economics-2026-09-29
J15,Resource limits as correctness tests [X],Resource limits and stale-success fallback,fb8018148866cc0cf67a0120c8f3be787dae97f709e1fa3ea5a495281bdb2438,"### J15. Resource limits as correctness tests [X]

Run under deliberate low:

- disk;
- inode;
- memory;
- file-descriptor;
- process limits.

Verify clean failure rather than stale-success fallback.

**Design impact:** strengthens fail-closed behavior under resource exhaustion.

---

# K. Source/model provenance for interactive tooling",I109;I129,partial,partial,false,Cited experiments cover bounded components; the entire requested original method is not supported.,I005/I127 have no direct #3730 destination; no new linked component,No distinct remaining cached-only trial identified for this exact scope after cited component review.,Preflight limits and manual stale-success status controls exist; actual exhaustion fallback requires Anneal machine state. Specific residual: I109: Inject memory/disk/fd/process exhaustion with product last-good recovery; R19 only used preflight and command timeouts.; I129: Implement Anneal machine status with authenticated source/model/obligation identities and interrupted verification states; R12 manual weaker/missing/sorry/stale/import controls show Lean exit 0 is insufficient.,"Implemented Anneal V2 pipeline, archive or service with the item's stated integration contract.",anneal-3730-174-row-crosswalk-reaudit-2026-09-29;anneal-3730-acceptance-oracle-matrix-2026-09-29;anneal-3730-cross-layer-comparator-mutants-2026-09-29;anneal-3730-generation-recovery-2026-09-29;anneal-3730-lake-cache-publication-atomicity-2026-09-29;anneal-3730-lake-dynamic-config-identity-2026-09-29;anneal-3730-lake-key-artifact-family-matrix-2026-09-29;anneal-3730-lake-same-key-artifact-writers-2026-09-29;anneal-3730-lake-writer-recovery-2026-09-29;anneal-3730-os-lock-fd-recovery-controls-2026-09-29;anneal-3730-partial-elaboration-queries-v4-30-0-rc2;anneal-3730-rust-charon-aeneas-lean-golden-vertical-2026-09-29
K01,Exact user-proof source map independent of Charon spans [S/X],Exact pre-compiler proof-range sidecar,83f6568ccb2c770cc564689a436f957eb026690743c233c9f9a88e1c04e7af4a,"### K01. Exact user-proof source map independent of Charon spans [S/X]

Prototype a sidecar that stores exact Rust byte ranges for user-authored Lean before any compiler translation.

**Design impact:** avoids depending on Charon’s lossy display-column representation for proof edits.",I025;I026;I149,partial,partial,false,Cited experiments cover bounded components; the entire requested original method is not supported.,I005/I127 have no direct #3730 destination; no new linked component,No distinct remaining cached-only trial identified for this exact scope after cited component review.,Exact position sidecar needs the real Rust-hosted projection and authenticated producer links; current coordinate and manual map fixtures remain illustrative.,"Implemented Anneal V2 pipeline, archive or service with the item's stated integration contract.",anneal-3730-174-row-crosswalk-reaudit-2026-09-29;anneal-3730-aeneas-identity-manifest-2026-09-29;anneal-3730-aeneas-manifest-batch-oracle-2026-09-29;anneal-3730-aeneas-trait-output-shrink-matrix-2026-09-29;anneal-3730-cross-layer-comparator-mutants-2026-09-29;anneal-3730-five-original-packages-rereview-2026-09-29;anneal-3730-lean-lsp-projection-code-actions-2026-09-29;anneal-3730-projection-macro-doccomment-patch-matrix-2026-09-29;anneal-3730-projection-provenance-2026-09-29;anneal-3730-source-owned-projection-diagnostic-matrix-2026-09-29
K02,Cross-layer declaration identity manifest [S/X],Cross-layer declaration manifest,6cae0885d0ccd2179b05e7cd89167c706ca882c3c3875947baab6c1bc84fe0e3,"### K02. Cross-layer declaration identity manifest [S/X]

Relate:

- compiler-resolved Rust item;
- Charon declaration;
- Aeneas pure declaration;
- generated Lean declaration;
- Anneal proof obligation.

Include one-to-many generated helpers.

**Design impact:** supports navigation and invalidation without path/name heuristics.",I149,partial,partial,false,Cited experiments cover bounded components; the entire requested original method is not supported.,I005/I127 have no direct #3730 destination; no new linked component,No distinct remaining cached-only trial identified for this exact scope after cited component review.,The cross-layer declaration manifest is still manual; producer-authenticated Charon/Aeneas/obligation joins need implementation.,"Implemented Anneal V2 pipeline, archive or service with the item's stated integration contract.",anneal-3730-174-row-crosswalk-reaudit-2026-09-29;anneal-3730-aeneas-identity-manifest-2026-09-29;anneal-3730-aeneas-manifest-batch-oracle-2026-09-29;anneal-3730-aeneas-trait-output-shrink-matrix-2026-09-29;anneal-3730-cross-layer-comparator-mutants-2026-09-29;anneal-v2-current-source-surface-main-bd0956b-2026-09-29
K03,Provenance after macro expansion [S/X],Macro provenance/edit responsibility,feeb656fc6052e0dee3acff5fa6017e2bd4e778c75960fb2cf8e1bc0925a55ec,"### K03. Provenance after macro expansion [S/X]

Test user annotations attached to macro-generated/transformed items and identify what exact source location can responsibly own diagnostics and edits.

**Design impact:** defines interactive limits around macros.",I019;I031,partial,partial,false,Cited experiments cover bounded components; the entire requested original method is not supported.,I005/I127 have no direct #3730 destination; no new linked component,No distinct remaining cached-only trial identified for this exact scope after cited component review.,Compiler macro-origin specimens exist; attachment to actual Anneal annotations and diagnostic ownership map is absent.,"Implemented Anneal V2 pipeline, archive or service with the item's stated integration contract.",anneal-3730-174-row-crosswalk-reaudit-2026-09-29;anneal-3730-annotation-subject-boundary-matrix-2026-09-29;anneal-3730-lean-lsp-projection-code-actions-2026-09-29;anneal-3730-projection-macro-doccomment-patch-matrix-2026-09-29;anneal-3730-projection-provenance-2026-09-29;anneal-3730-source-owned-projection-diagnostic-matrix-2026-09-29
K04,Generated scaffolding blame policy evaluation [X/U],Synthetic-scaffolding blame evaluation,2642bee8ea39a753315f6df7dfcca3ce3dbabb9d9ebf805ff0363fdb6ec40acd,"### K04. Generated scaffolding blame policy evaluation [X/U]

Create controlled failures in different synthetic constructs and compare candidate Rust-facing blame anchors.

**Design impact:** informs diagnostics without pretending synthetic text is directly editable source.",I031;I141,partial,partial,false,Cited experiments cover bounded components; the entire requested original method is not supported.,I005/I127 have no direct #3730 destination; no new linked component,No distinct remaining cached-only trial identified for this exact scope after cited component review.,Synthetic blame/diagnostic cases exist; actual UI rendering and consented comprehension trial are missing.,"A frozen interface/protocol and consenting independent participants or operators. Implemented Anneal V2 pipeline, archive or service with the item's stated integration contract.",anneal-3730-174-row-crosswalk-reaudit-2026-09-29;anneal-3730-human-freshness-study-protocol-2026-09-29;anneal-3730-lean-lsp-projection-code-actions-2026-09-29;anneal-3730-projection-macro-doccomment-patch-matrix-2026-09-29;anneal-3730-projection-provenance-2026-09-29;anneal-3730-source-owned-projection-diagnostic-matrix-2026-09-29
K05,Path normalization and relocation in interactive diagnostics [X],Relocation and normalized diagnostic identities,068a63d1c44d24106eb85e305852c63e84ca3e480976bde246ca47703474ab99,"### K05. Path normalization and relocation in interactive diagnostics [X]

Move workspace/toolchain paths and compare diagnostics/navigation/source-map identity.

**Design impact:** prevents absolute generated paths from leaking into persistent handles.",I059;I101;I123,partial,partial,false,Cited experiments cover bounded components; the entire requested original method is not supported.,I005/I127 have no direct #3730 destination; no new linked component,No distinct remaining cached-only trial identified for this exact scope after cited component review.,APFS direct Lean relocation/URI probes exist; Rust-host navigation and producer-removed archive identity need Anneal; other filesystems unavailable.,"A permitted complete OS-level tracing or independent target filesystem/host surface appropriate to the item. Implemented Anneal V2 pipeline, archive or service with the item's stated integration contract.",anneal-3730-174-row-crosswalk-reaudit-2026-09-29;anneal-3730-lake-cache-publication-atomicity-2026-09-29;anneal-3730-lake-dynamic-config-identity-2026-09-29;anneal-3730-lake-key-artifact-family-matrix-2026-09-29;anneal-3730-lake-plugin-combined-family-mix-2026-09-29;anneal-3730-lake-prepared-contract-2026-09-29;anneal-3730-lake-same-key-artifact-writers-2026-09-29;anneal-3730-lean-lsp-multifile-actions-hints-2026-09-29;anneal-3730-lean-lsp-navigation-edit-operations-2026-09-29;anneal-3730-lean-lsp-projection-code-actions-2026-09-29;anneal-3730-real-lean-filesystem-lifetimes-2026-09-29;anneal-3730-source-owned-projection-diagnostic-matrix-2026-09-29
K06,Deleted source range while old query is in flight [X],Owning range deleted during query,1d40eda1bb359985e5cc5fd20af4bf5be74498485fbdf2b8b6a846759ece20c3,"### K06. Deleted source range while old query is in flight [X]

Delete or restructure the annotation owning a query position before the response arrives.

**Design impact:** validates stale-response rejection when no valid reverse mapping remains.",I021;I029,partial,partial,false,Cited experiments cover bounded components; the entire requested original method is not supported.,I005/I127 have no direct #3730 destination; no new linked component,No distinct remaining cached-only trial identified for this exact scope after cited component review.,Finite stale/delete/move marker model exists; actual editor transaction and pending-query annotation identity are absent.,"Implemented Anneal V2 pipeline, archive or service with the item's stated integration contract.",anneal-3730-174-row-crosswalk-reaudit-2026-09-29;anneal-3730-annotation-subject-boundary-matrix-2026-09-29;anneal-3730-identity-state-mutation-model-2026-09-29;anneal-3730-lean-lsp-projection-code-actions-2026-09-29;anneal-3730-projection-macro-doccomment-patch-matrix-2026-09-29;anneal-3730-projection-provenance-2026-09-29;anneal-3730-source-owned-projection-diagnostic-matrix-2026-09-29
K07,Source map under formatter/rustfmt changes [X],Rustfmt and proof-map stability,a20f7519362c95cccb3c776626d5e0b9bd21906d776f446770866a9db5add7b4,"### K07. Source map under formatter/rustfmt changes [X]

Run rustfmt or otherwise reflow doc-comment indentation while preserving Lean content.

**Design impact:** tests whether content identity can preserve proof state across host formatting changes.",I032;I063,partial,partial,false,Cited experiments cover bounded components; the entire requested original method is not supported.,I005/I127 have no direct #3730 destination; no new linked component,No distinct remaining cached-only trial identified for this exact scope after cited component review.,Rustfmt marker and invented incremental projector probes exist; actual annotation grammar/indexed map at size needs product.,"Implemented Anneal V2 pipeline, archive or service with the item's stated integration contract.",anneal-3730-174-row-crosswalk-reaudit-2026-09-29;anneal-3730-editor-save-format-watch-loop-2026-09-29;anneal-3730-lean-lsp-multifile-actions-hints-2026-09-29;anneal-3730-lean-lsp-navigation-edit-operations-2026-09-29;anneal-3730-lean-lsp-projection-code-actions-2026-09-29;anneal-3730-projection-macro-doccomment-patch-matrix-2026-09-29;anneal-3730-source-owned-projection-diagnostic-matrix-2026-09-29
K08,Provenance persistence across generated-model regeneration [X],Stable proof identity through model regeneration,e50a6b1469ba53703518d5c6ba68bd07fc49ee0e3c7a0f0b4e9f7ff0791eb220,"### K08. Provenance persistence across generated-model regeneration [X]

Regenerate Aeneas output while user proof text stays unchanged.

Ensure proof-source identity remains stable while environment generation changes.

**Design impact:** keeps authoring state independent from generated-model state.

---

# L. Backend API and implementation-boundary validation",I024;I034;I056;I155,partial,partial,false,Cited experiments cover bounded components; the entire requested original method is not supported.,I005/I127 have no direct #3730 destination; no new linked component,No distinct remaining cached-only trial identified for this exact scope after cited component review.,URI and live proof/body model probes exist; stable proof identity through actual Anneal model regeneration remains.,"Implemented Anneal V2 pipeline, archive or service with the item's stated integration contract.",anneal-3730-174-row-crosswalk-reaudit-2026-09-29;anneal-3730-annotation-subject-boundary-matrix-2026-09-29;anneal-3730-identity-state-mutation-model-2026-09-29;anneal-3730-multiclient-editor-contract-2026-09-29
L01,Prototype structured stage result types [S/X],Structured stage results,e9d19b65281e0c98ed5f361d32f877f4013d23f6e2bd6510fdd5288f78de8f9f,"### L01. Prototype structured stage result types [S/X]

Build a thin experimental API for Charon/Aeneas/Lake stages that returns:

- output identity;
- diagnostics;
- provenance;
- timing/resource metadata;
- cancellation/stale status.

Keep CLI rendering outside it.

**Design impact:** tests whether the proposed engine/backend separation fits real component behavior.",I006;I145,partial,partial,false,Cited experiments cover bounded components; the entire requested original method is not supported.,v24 I076→I145 cross-slice witness only,No distinct remaining cached-only trial identified for this exact scope after cited component review.,Structured stage result/progress fixture exists; a common real backend adapter across Cargo/Charon/Aeneas/Lean/MCP is not implemented. The I076 same-name sibling-crate LLBC witness independently rejects serialized crate/function names as a sufficient compilation-subject key; complete cross-layer product identity remains open.,"A real protocol adapter/client rather than a standard-library model. Implemented Anneal V2 pipeline, archive or service with the item's stated integration contract.",anneal-3730-174-row-crosswalk-reaudit-2026-09-29;anneal-3730-architecture-contracts-2026-09-29;anneal-3730-identity-state-mutation-model-2026-09-29;anneal-3730-last-good-model-signature-recovery-2026-09-29;anneal-3731-i054-i106-postpublication-residual-audit-2026-09-29
L02,Filesystem side effects inventory per backend call [X],Backend filesystem-effects inventory,e662cfe24cfa30778638227d2b7a2f554a2f93658a536d73401300f863c393d1,"### L02. Filesystem side effects inventory per backend call [X]

Run each backend in an instrumented temporary environment and record every write.

**Design impact:** determines what must be staged/owned by Anneal versus hidden global state.",I006;I113,partial,partial,false,Cited experiments cover bounded components; the entire requested original method is not supported.,I005/I127 have no direct #3730 destination; no new linked component,No distinct remaining cached-only trial identified for this exact scope after cited component review.,"The retained full-chain worker tree now has a byte/inode inventory, but transient writes and actual adapter filesystem effects remain untraced.","Implemented Anneal V2 pipeline, archive or service with the item's stated integration contract.",anneal-3730-174-row-crosswalk-reaudit-2026-09-29;anneal-3730-apfs-overlayfs-resource-accounting-2026-09-29;anneal-3730-architecture-contracts-2026-09-29;anneal-3730-lean-server-soak-context-rpc-2026-09-29;anneal-3730-per-worker-copied-byte-inventory-2026-09-29;anneal-3730-resource-economics-2026-09-29;anneal-3730-resource-soak-contamination-2026-09-29;anneal-3730-retained-full-chain-byte-timing-inventory-2026-09-29
L03,Progress reporting without backend-owned UI [S/X],Progress independent of UI,ad4fee016037ddec0b6950cd0bc16e5d55908cc195108bc64601d4e130a37a03,"### L03. Progress reporting without backend-owned UI [S/X]

Capture structured progress from each stage or derive it safely.

**Design impact:** ensures future CLI/LSP/MCP adapters can share the engine without stage code depending on progress bars or stderr.",I006;I095,partial,partial,false,Cited experiments cover bounded components; the entire requested original method is not supported.,I005/I127 have no direct #3730 destination; no new linked component,No distinct remaining cached-only trial identified for this exact scope after cited component review.,Selected Lake paths and progress markers exist; UI-independent product stage progress and prepared-scale process traces remain.,"A real protocol adapter/client rather than a standard-library model. Implemented Anneal V2 pipeline, archive or service with the item's stated integration contract.",anneal-3730-174-row-crosswalk-reaudit-2026-09-29;anneal-3730-architecture-contracts-2026-09-29;anneal-3730-lake-cache-publication-atomicity-2026-09-29;anneal-3730-lake-dynamic-config-identity-2026-09-29;anneal-3730-lake-key-artifact-family-matrix-2026-09-29;anneal-3730-lake-plugin-combined-family-mix-2026-09-29;anneal-3730-lake-prepared-contract-2026-09-29;anneal-3730-lake-same-key-artifact-writers-2026-09-29
L04,Backend cancellation abstraction fit [X],Cancellation abstraction fit,b7f8fc9f30ef6401d6a895e70a2bd7a5cab926d56f6441f8ec03abc47976160c,"### L04. Backend cancellation abstraction fit [X]

Map one Anneal cancellation token to:

- child-process kill;
- process-group kill;
- Lean JSON-RPC cancellation;
- task cancellation.

**Design impact:** tests whether one logical interface is expressive enough without pretending all backends cancel identically.",I007;I105,partial,partial,false,Cited experiments cover bounded components; the entire requested original method is not supported.,I005/I127 have no direct #3730 destination; no new linked component,No distinct remaining cached-only trial identified for this exact scope after cited component review.,R47 Cargo owner/cancel and direct Lean cancellation controls exist; cancellation abstraction across real Anneal backend stages is absent.,"A real protocol adapter/client rather than a standard-library model. Implemented Anneal V2 pipeline, archive or service with the item's stated integration contract.",anneal-3730-174-row-crosswalk-reaudit-2026-09-29;anneal-3730-architecture-contracts-2026-09-29;anneal-3730-charon-build-closure-control-2026-09-29;anneal-3730-charon-concurrency-interruption-2026-09-29;anneal-3730-charon-subject-output-phase-matrix-2026-09-29;anneal-3730-cli-graceful-cancel-signals-2026-09-29;anneal-3730-cross-tool-active-cancellation-barriers-2026-09-29;anneal-3730-cross-tool-stage-cancellation-cleanup-2026-09-29;anneal-3730-generation-recovery-2026-09-29;anneal-3730-lean-pool-failure-isolation-2026-09-29;anneal-3730-scratch-tactic-concurrency-crash-2026-09-29
L05,Backend crash/restart state recovery [X],Backend crash/retry reconstruction,00cc11542a8a3b8a6a952b89def0cedbd6e1b2b096daf1aa42f8cff5edeb1cac,"### L05. Backend crash/restart state recovery [X]

Crash each backend and retry the same request.

Verify no hidden state is required for semantic correctness.

**Design impact:** validates replaceable process/library implementations.",I077;I081;I110,partial,partial,false,Cited experiments cover bounded components; the entire requested original method is not supported.,I005/I127 have no direct #3730 destination; no new linked component,No distinct remaining cached-only trial identified for this exact scope after cited component review.,Direct Lean restart and Charon fresh processes are covered; same-process Aeneas requires OCaml/Dune/opam not installed and Anneal owner is absent.,"The exact compatible external dependency or callable upstream API identified in the item; OCaml/Dune/opam are absent locally. Implemented Anneal V2 pipeline, archive or service with the item's stated integration contract.",anneal-3730-174-row-crosswalk-reaudit-2026-09-29;anneal-3730-charon-build-closure-control-2026-09-29;anneal-3730-charon-concurrency-interruption-2026-09-29;anneal-3730-charon-subject-output-phase-matrix-2026-09-29;anneal-3730-charon-warm-target-controls-2026-09-29;anneal-3730-cross-tool-active-cancellation-barriers-2026-09-29;anneal-3730-cross-tool-stage-cancellation-cleanup-2026-09-29;anneal-3730-generation-recovery-2026-09-29;anneal-3730-lean-pool-failure-isolation-2026-09-29;anneal-3730-saved-vs-private-rust-overlay-2026-09-29;anneal-3730-scratch-tactic-concurrency-crash-2026-09-29
L06,Backend version/capability negotiation [S/X],Backend version/capability negotiation,e73d02892699eb5f54c97802ff5b53a46e946fde94ca596de1847316bdb1ff87,"### L06. Backend version/capability negotiation [S/X]

Prototype explicit capabilities such as:

- accepts unsaved source;
- supports concurrent requests;
- supports cancellation;
- deterministic output;
- requires filesystem materialization;
- supports persistent process;
- supports fine-grained invalidation.

**Design impact:** prevents the engine from assuming future backend capabilities prematurely.",I156,partial,partial,false,Cited experiments cover bounded components; the entire requested original method is not supported.,I005/I127 have no direct #3730 destination; no new linked component,No distinct remaining cached-only trial identified for this exact scope after cited component review.,CLI help/version and local broker descriptors cannot replace executable adapter capability negotiation/fallback.,"A real protocol adapter/client rather than a standard-library model. Implemented Anneal V2 pipeline, archive or service with the item's stated integration contract.",anneal-3730-174-row-crosswalk-reaudit-2026-09-29;anneal-3730-aeneas-identity-manifest-2026-09-29;anneal-3730-multiclient-editor-contract-2026-09-29
L07,Batch shell over the same engine [X],Batch shell over shared engine,1983b6915b86ed3b5c2d9d2a7ef5e7558eecd15be7c6b31f088322a69c6d09ba,"### L07. Batch shell over the same engine [X]

Implement a minimal batch runner over the structured engine and compare against the current CLI behavior.

**Design impact:** confirms batch need not remain a separate pipeline.",I157,partial,partial,false,Cited experiments cover bounded components; the entire requested original method is not supported.,I005/I127 have no direct #3730 destination; no new linked component,No distinct remaining cached-only trial identified for this exact scope after cited component review.,"V2 currently exposes setup and unconnected helpers, but no verify command or shared Anneal engine for a batch shell; Python shells remain illustrative.","Implemented Anneal V2 pipeline, archive or service with the item's stated integration contract.",anneal-3730-174-row-crosswalk-reaudit-2026-09-29;anneal-3730-multiclient-editor-contract-2026-09-29;anneal-v2-current-source-surface-main-bd0956b-2026-09-29
L08,Interactive shell over the same engine [X],Transport-free interactive shell,fe75cd1e17d73617acc636e783075931a9ee14a645429c27b6d079c1f5fa70db,"### L08. Interactive shell over the same engine [X]

Implement a minimal in-process driver that repeatedly edits one proof and queries goals without an MCP/LSP transport.

**Design impact:** isolates engine correctness from protocol adapters.",I157,partial,partial,false,Cited experiments cover bounded components; the entire requested original method is not supported.,I005/I127 have no direct #3730 destination; no new linked component,No distinct remaining cached-only trial identified for this exact scope after cited component review.,"V2 currently exposes setup and unconnected helpers, but no shared Anneal engine for a transport-free live shell; Python shells remain illustrative.","Implemented Anneal V2 pipeline, archive or service with the item's stated integration contract.",anneal-3730-174-row-crosswalk-reaudit-2026-09-29;anneal-3730-multiclient-editor-contract-2026-09-29;anneal-v2-current-source-surface-main-bd0956b-2026-09-29
L09,Direct Lean backend versus external Lean-MCP bridge [S/X],Direct Lean backend versus MCP delegation,b71dac827f4bfc0ee0aa779c7c2ec0a07f3b09e1e9ec45a164c930007b965c95,"### L09. Direct Lean backend versus external Lean-MCP bridge [S/X]

Compare Anneal speaking Lean LSP/RPC itself with delegating Lean-specific operations to an existing MCP bridge.

Evaluate state identity, cancellation, source projection, environment ownership, and observability.

**Design impact:** determines whether Lean MCP should be a dependency, inspiration, or irrelevant implementation detail.",I072,not-run,not-run,false,The distinguishing original method has no matching execution; cited work covers narrower components only.,I005/I127 have no direct #3730 destination; no new linked component,No existing Lean MCP adapter and two real clients; raw bridge is already covered.,"No existing Lean MCP adapter was found; stdlib wire/Lean LSP bridge is a toy, not the real two-client adapter.",An actual Lean MCP adapter and at least two real clients against an implemented Anneal workspace; current raw client/stdio bridge is synthetic.,anneal-3730-174-row-crosswalk-reaudit-2026-09-29;anneal-3730-lean-mcp-adapter-availability-probe-2026-09-29
L10,Aeneas library embedding prototype [X],Aeneas library embedding,05227693a49133bf742d357f9a89650a0e5bc795f39c2e5a3f86bc7b82613f9b,"### L10. Aeneas library embedding prototype [X]

If feasible on a capable surface, call the Aeneas library repeatedly in one host process and compare with the executable.

**Design impact:** informs whether subprocess isolation is merely convenient or currently necessary.

---

# M. Upgrade and revalidation strategy",I081;I086,conditional,conditional,false,The original optional same-process method remains conditional on an unavailable callable Aeneas library surface.,I005/I127 have no direct #3730 destination; no new linked component,Same-process Aeneas runtime unavailable: no local OCaml/Dune/opam or callable library host.,Same-process Aeneas library route is conditional; OCaml/Dune/opam is not installed and the existing one-shot CLI already supplies component controls.,"OCaml/Dune/opam or a supplied same-process Aeneas runtime to make the optional library route executable, then an architecture decision.",anneal-3730-174-row-crosswalk-reaudit-2026-09-29;anneal-3730-aeneas-handoff-memory-vs-files-2026-09-29;anneal-3730-aeneas-identity-manifest-2026-09-29;anneal-3730-aeneas-manifest-batch-oracle-2026-09-29;anneal-3730-aeneas-trait-output-shrink-matrix-2026-09-29
M01,Re-run all interactive invariants on Lean 4.31/current candidate [S/X],Interactive invariants on upgraded Lean/Lake,d6309fcec290594139e8e657b94b4149c93e3a0b649c8e9452d049afdb7516ba,"### M01. Re-run all interactive invariants on Lean 4.31/current candidate [S/X]

Focus on:

- config-cache ownership;
- server workspace behavior;
- dependency refresh;
- goal versioning;
- server setup;
- cache artifacts.

**Design impact:** prevents V2 from encoding 4.30-specific workarounds unnecessarily.",I094;I136;I158,partial,partial,false,Cited experiments cover bounded components; the entire requested original method is not supported.,I005/I127 have no direct #3730 destination; no new linked component,No distinct remaining cached-only trial identified for this exact scope after cited component review.,Two cached Charon/Aeneas tuples already replayed; later Lean/Lake prepared archive migration and independent host need unavailable pins/environment.,"An independent host, later compatible release or remote environment as the item requires. Implemented Anneal V2 pipeline, archive or service with the item's stated integration contract.",anneal-3730-174-row-crosswalk-reaudit-2026-09-29;anneal-3730-aeneas-identity-manifest-2026-09-29;anneal-3730-cross-layer-comparator-mutants-2026-09-29;anneal-3730-independent-vertical-reproduction-2026-09-29;anneal-3730-lake-cache-publication-atomicity-2026-09-29;anneal-3730-lake-plugin-combined-family-mix-2026-09-29;anneal-3730-lake-prepared-contract-2026-09-29;anneal-3730-lake-same-key-artifact-writers-2026-09-29;anneal-3730-lean-cross-version-equivalence-v4-29-v4-30-rc2-2026-09-29;anneal-3730-rust-charon-aeneas-lean-golden-vertical-2026-09-29
M02,Minimal interactive upgrade checklist [S],Minimal interactive upgrade checklist,0e3f4149536ae2a132ba8c00ab64532c28131c302477590ae49b090151898367,"### M02. Minimal interactive upgrade checklist [S]

Extract the small set of properties that must be revalidated whenever Lean/Lake changes.

**Design impact:** makes toolchain upgrades cheaper and safer.",I158,partial,partial,false,Cited experiments cover bounded components; the entire requested original method is not supported.,I005/I127 have no direct #3730 destination; no new linked component,No distinct remaining cached-only trial identified for this exact scope after cited component review.,The minimal checklist is drafted and paired tuple control exists; actual Anneal upgrade acceptance/workaround deletion remains.,"Implemented Anneal V2 pipeline, archive or service with the item's stated integration contract.",anneal-3730-174-row-crosswalk-reaudit-2026-09-29;anneal-3730-aeneas-identity-manifest-2026-09-29;anneal-3730-cross-layer-comparator-mutants-2026-09-29;anneal-3730-lean-cross-version-equivalence-v4-29-v4-30-rc2-2026-09-29;anneal-3730-rust-charon-aeneas-lean-golden-vertical-2026-09-29
M03,Charon upgrade invalidation checklist for interactive mode [S/X],Charon upgrade checklist,f102a6316304b6db76050a0e08357f85fbd0835832707c31f37b49b4a8270da8,"### M03. Charon upgrade invalidation checklist for interactive mode [S/X]

Check:

- LLBC schema;
- source-span units;
- process/server behavior;
- deterministic output;
- translation subject identity.

**Design impact:** protects snapshot/cache assumptions across Charon upgrades.",I158,partial,partial,false,Cited experiments cover bounded components; the entire requested original method is not supported.,I005/I127 have no direct #3730 destination; no new linked component,No distinct remaining cached-only trial identified for this exact scope after cited component review.,R44 executed two compatible cached Charon/Aeneas pairs on four tiny cases; larger corpus and release upgrade/workaround deletion remain.,A larger matched corpus or actual product workload with protected resource budget.,anneal-3730-174-row-crosswalk-reaudit-2026-09-29;anneal-3730-aeneas-identity-manifest-2026-09-29;anneal-3730-compatible-bundle-upgrade-golden-2026-09-29;anneal-3730-cross-layer-comparator-mutants-2026-09-29;anneal-3730-lean-cross-version-equivalence-v4-29-v4-30-rc2-2026-09-29;anneal-3730-rust-charon-aeneas-lean-golden-vertical-2026-09-29
M04,Aeneas upgrade invalidation checklist for interactive mode [S/X],Aeneas upgrade checklist,f07b54d6373554852753bfa63cd06306a0eaaff6a7aebe7c625d2abb8e91bcd1,"### M04. Aeneas upgrade invalidation checklist for interactive mode [S/X]

Check:

- global mutable state;
- generated package layout;
- naming;
- source provenance;
- determinism;
- incremental/library APIs.

**Design impact:** protects generated-model and daemon assumptions.",I158,partial,partial,false,Cited experiments cover bounded components; the entire requested original method is not supported.,I005/I127 have no direct #3730 destination; no new linked component,No distinct remaining cached-only trial identified for this exact scope after cited component review.,R44 executed two compatible cached Charon/Aeneas pairs on four tiny cases; larger corpus and release upgrade/workaround deletion remain.,A larger matched corpus or actual product workload with protected resource budget.,anneal-3730-174-row-crosswalk-reaudit-2026-09-29;anneal-3730-aeneas-identity-manifest-2026-09-29;anneal-3730-compatible-bundle-upgrade-golden-2026-09-29;anneal-3730-cross-layer-comparator-mutants-2026-09-29;anneal-3730-lean-cross-version-equivalence-v4-29-v4-30-rc2-2026-09-29;anneal-3730-rust-charon-aeneas-lean-golden-vertical-2026-09-29
M05,Golden replay suite across toolchain tuple upgrades [X],Golden replay across toolchain tuples,5043b35f47ab5be849b47e89409b30e7f21baae780cac108e2debe99fc5418fb,"### M05. Golden replay suite across toolchain tuple upgrades [X]

Take a small set of retained interactive transcripts and replay them on candidate toolchain tuples.

**Design impact:** catches protocol/invalidation drift before upgrading Anneal.",I136;I158,partial,partial,false,Cited experiments cover bounded components; the entire requested original method is not supported.,I005/I127 have no direct #3730 destination; no new linked component,No distinct remaining cached-only trial identified for this exact scope after cited component review.,Same-host paired tuples are local evidence; independent host and later compatible cross-tool tuple remain unavailable.,"An independent host, later compatible release or remote environment as the item requires.",anneal-3730-174-row-crosswalk-reaudit-2026-09-29;anneal-3730-aeneas-identity-manifest-2026-09-29;anneal-3730-cross-layer-comparator-mutants-2026-09-29;anneal-3730-independent-vertical-reproduction-2026-09-29;anneal-3730-lean-cross-version-equivalence-v4-29-v4-30-rc2-2026-09-29;anneal-3730-rust-charon-aeneas-lean-golden-vertical-2026-09-29
M06,Detect obsolete Lake workarounds [S/X],Probes for deleting obsolete workarounds,1f1ff07e289095532576a575deee54cff934ff915dcae591c4f8a52216a63408,"### M06. Detect obsolete Lake workarounds [S/X]

For every Anneal-side manifest/trace/mtime/rewrite workaround, maintain the exact upstream behavior that currently requires it and a probe for deletion.

**Design impact:** prevents V1-era cache complexity from becoming permanent folklore.

---

# N. Architectural falsification experiments

These should be treated as deliberate attempts to disprove the leading design.",I100;I142;I158,partial,partial,false,Cited experiments cover bounded components; the entire requested original method is not supported.,I005/I127 have no direct #3730 destination; no new linked component,No distinct remaining cached-only trial identified for this exact scope after cited component review.,Nine actual Aeneas-generated Lake replay/rebuild traces exist; deletion of a product workaround needs V2 workload economics.,"Implemented Anneal V2 pipeline, archive or service with the item's stated integration contract.",anneal-3730-174-row-crosswalk-reaudit-2026-09-29;anneal-3730-aeneas-identity-manifest-2026-09-29;anneal-3730-architecture-contracts-2026-09-29;anneal-3730-cross-layer-comparator-mutants-2026-09-29;anneal-3730-lake-cache-publication-atomicity-2026-09-29;anneal-3730-lake-dynamic-config-identity-2026-09-29;anneal-3730-lake-key-artifact-family-matrix-2026-09-29;anneal-3730-lake-plugin-combined-family-mix-2026-09-29;anneal-3730-lake-prepared-contract-2026-09-29;anneal-3730-lake-same-key-artifact-writers-2026-09-29;anneal-3730-lean-cross-version-equivalence-v4-29-v4-30-rc2-2026-09-29;anneal-3730-m06-generated-lake-source-order-trace-2026-09-29;anneal-3730-rust-charon-aeneas-lean-golden-vertical-2026-09-29
N01,Try to make path identity sufficient [X],Challenge path-only identity,5e5b798e2d42e26a17338de360fc97aec126df1e1113d370beb4ea8cf652209a,"### N01. Try to make path identity sufficient [X]

Construct the strongest plausible path-based cache scheme and find the smallest counterexample.",I159,partial,partial,false,Cited experiments cover bounded components; the entire requested original method is not supported.,I005/I127 have no direct #3730 destination; no new linked component,No distinct remaining cached-only trial identified for this exact scope after cited component review.,Path-only identity falsification already has component controls; matched service alternative comparison needs Anneal.,"Implemented Anneal V2 pipeline, archive or service with the item's stated integration contract.",anneal-3730-174-row-crosswalk-reaudit-2026-09-29;anneal-3730-acceptance-oracle-matrix-2026-09-29;anneal-3730-architecture-contracts-2026-09-29;anneal-3730-cross-layer-comparator-mutants-2026-09-29;anneal-3730-five-original-packages-rereview-2026-09-29;anneal-3730-generated-lean-canonical-source-challenge-2026-09-29;anneal-3730-lean-cross-version-equivalence-v4-29-v4-30-rc2-2026-09-29;anneal-3730-lean-launch-refresh-matrix-v4-30-0-rc2;anneal-3730-rust-charon-aeneas-lean-golden-vertical-2026-09-29;anneal-v2-current-source-surface-main-bd0956b-2026-09-29
N02,Try to make document version sufficient [X],Challenge document-version-only identity,e603aaf6a65c6f6ea8457e497abfa3b4ee5ff4293b864dbf7a01b2f03f9e4797,"### N02. Try to make document version sufficient [X]

Attempt to key all interactive queries only by URI/version and use dependency mutations as adversarial controls.

Expected current evidence suggests this should fail; retain the minimal counterexample.",I159,partial,partial,false,Cited experiments cover bounded components; the entire requested original method is not supported.,I005/I127 have no direct #3730 destination; no new linked component,No distinct remaining cached-only trial identified for this exact scope after cited component review.,Document-version-only identity falsification already has Lean protocol controls; matched service comparison needs Anneal.,"Implemented Anneal V2 pipeline, archive or service with the item's stated integration contract.",anneal-3730-174-row-crosswalk-reaudit-2026-09-29;anneal-3730-acceptance-oracle-matrix-2026-09-29;anneal-3730-architecture-contracts-2026-09-29;anneal-3730-cross-layer-comparator-mutants-2026-09-29;anneal-3730-five-original-packages-rereview-2026-09-29;anneal-3730-generated-lean-canonical-source-challenge-2026-09-29;anneal-3730-lean-cross-version-equivalence-v4-29-v4-30-rc2-2026-09-29;anneal-3730-lean-launch-refresh-matrix-v4-30-0-rc2;anneal-3730-rust-charon-aeneas-lean-golden-vertical-2026-09-29;anneal-v2-current-source-surface-main-bd0956b-2026-09-29
N03,Try to avoid worker restart after imported changes [X],Try supported refresh without restart,da4303e74a555329258040457a48b92e6577fe794843fa7957453a811547dc7a,"### N03. Try to avoid worker restart after imported changes [X]

Explore every supported refresh mechanism before adopting restart as the baseline.

If one is reliable, characterize its exact preconditions.",I159,partial,partial,false,Cited experiments cover bounded components; the entire requested original method is not supported.,I005/I127 have no direct #3730 destination; no new linked component,No distinct remaining cached-only trial identified for this exact scope after cited component review.,Direct Lean refresh probes exist; evaluating supported refresh across actual Anneal model regeneration needs product.,"Implemented Anneal V2 pipeline, archive or service with the item's stated integration contract.",anneal-3730-174-row-crosswalk-reaudit-2026-09-29;anneal-3730-acceptance-oracle-matrix-2026-09-29;anneal-3730-architecture-contracts-2026-09-29;anneal-3730-cross-layer-comparator-mutants-2026-09-29;anneal-3730-generated-lean-canonical-source-challenge-2026-09-29;anneal-3730-lean-cross-version-equivalence-v4-29-v4-30-rc2-2026-09-29;anneal-3730-lean-launch-refresh-matrix-v4-30-0-rc2;anneal-3730-rust-charon-aeneas-lean-golden-vertical-2026-09-29;anneal-v2-current-source-surface-main-bd0956b-2026-09-29
N04,Try to share one Lean server across two independent Lake workspaces [X],Try one server for conflicting workspaces,b921885e86c474216b147b18905c099146ac0511f7d84a0933156e2c5d0ebc3c,"### N04. Try to share one Lean server across two independent Lake workspaces [X]

Use intentionally conflicting definitions/options/plugins so accidental success is impossible.",I159,partial,partial,false,Cited experiments cover bounded components; the entire requested original method is not supported.,I005/I127 have no direct #3730 destination; no new linked component,No distinct remaining cached-only trial identified for this exact scope after cited component review.,Shared/conflicting Lean workspace probes exist; matched one-server Anneal topology comparison needs product.,"Implemented Anneal V2 pipeline, archive or service with the item's stated integration contract.",anneal-3730-174-row-crosswalk-reaudit-2026-09-29;anneal-3730-acceptance-oracle-matrix-2026-09-29;anneal-3730-architecture-contracts-2026-09-29;anneal-3730-cross-layer-comparator-mutants-2026-09-29;anneal-3730-generated-lean-canonical-source-challenge-2026-09-29;anneal-3730-lean-cross-version-equivalence-v4-29-v4-30-rc2-2026-09-29;anneal-3730-lean-launch-refresh-matrix-v4-30-0-rc2;anneal-3730-rust-charon-aeneas-lean-golden-vertical-2026-09-29;anneal-v2-current-source-surface-main-bd0956b-2026-09-29
N05,Try to share one writable generated build directory across consumers [X],Try shared writable generated build state,2c774e1f901f53dd58d63b4e1ed32ae6386f15d7729c70b2044c3bcd9ee9f511,"### N05. Try to share one writable generated build directory across consumers [X]

Stress and interrupt it.

Retain the negative result if unsafe.",I159,partial,partial,false,Cited experiments cover bounded components; the entire requested original method is not supported.,I005/I127 have no direct #3730 destination; no new linked component,No distinct remaining cached-only trial identified for this exact scope after cited component review.,R10 shared cache and new I151 conflicting same writable Lake tree expose failure modes; matched Anneal topology comparison remains.,"Implemented Anneal V2 pipeline, archive or service with the item's stated integration contract.",anneal-3730-174-row-crosswalk-reaudit-2026-09-29;anneal-3730-acceptance-oracle-matrix-2026-09-29;anneal-3730-architecture-contracts-2026-09-29;anneal-3730-cross-layer-comparator-mutants-2026-09-29;anneal-3730-generated-lean-canonical-source-challenge-2026-09-29;anneal-3730-lake-shared-tree-conflicting-writers-2026-09-29;anneal-3730-lean-cross-version-equivalence-v4-29-v4-30-rc2-2026-09-29;anneal-3730-lean-launch-refresh-matrix-v4-30-0-rc2;anneal-3730-rust-charon-aeneas-lean-golden-vertical-2026-09-29;anneal-v2-current-source-surface-main-bd0956b-2026-09-29
N06,Try to make the Lake artifact cache alone reconstruct the environment [X],Try artifact-cache-only reconstruction,4f42cb17890b7014185a8ada53df01f66988f67c6f03a67fa0c059ab54377811,"### N06. Try to make the Lake artifact cache alone reconstruct the environment [X]

Start with only sources/control-plane minimum plus cache and identify every missing class.",I159,partial,partial,false,Cited experiments cover bounded components; the entire requested original method is not supported.,I005/I127 have no direct #3730 destination; no new linked component,No distinct remaining cached-only trial identified for this exact scope after cited component review.,Lake cache false-hit/reconstruction controls exist; actual Anneal prepared archive/cache-only alternative remains.,"Implemented Anneal V2 pipeline, archive or service with the item's stated integration contract.",anneal-3730-174-row-crosswalk-reaudit-2026-09-29;anneal-3730-acceptance-oracle-matrix-2026-09-29;anneal-3730-architecture-contracts-2026-09-29;anneal-3730-cross-layer-comparator-mutants-2026-09-29;anneal-3730-generated-lean-canonical-source-challenge-2026-09-29;anneal-3730-lean-cross-version-equivalence-v4-29-v4-30-rc2-2026-09-29;anneal-3730-lean-launch-refresh-matrix-v4-30-0-rc2;anneal-3730-rust-charon-aeneas-lean-golden-vertical-2026-09-29;anneal-v2-current-source-surface-main-bd0956b-2026-09-29
N07,Try to publish a generated generation by renaming a prepared directory [X],Try renaming a prepared generation,9a06b3b5f41969282ca16f2591d29cd77619aef02f5f01b5b74cda4a9c522a5b,"### N07. Try to publish a generated generation by renaming a prepared directory [X]

Use relocation-sensitive metadata to find whether this is actually valid.",I159,partial,partial,false,Cited experiments cover bounded components; the entire requested original method is not supported.,I005/I127 have no direct #3730 destination; no new linked component,No distinct remaining cached-only trial identified for this exact scope after cited component review.,APFS/Lake relocation controls exist; actual prepared generation identity/routing after rename remains.,"Implemented Anneal V2 pipeline, archive or service with the item's stated integration contract.",anneal-3730-174-row-crosswalk-reaudit-2026-09-29;anneal-3730-acceptance-oracle-matrix-2026-09-29;anneal-3730-architecture-contracts-2026-09-29;anneal-3730-cross-layer-comparator-mutants-2026-09-29;anneal-3730-five-original-packages-rereview-2026-09-29;anneal-3730-generated-lean-canonical-source-challenge-2026-09-29;anneal-3730-lean-cross-version-equivalence-v4-29-v4-30-rc2-2026-09-29;anneal-3730-lean-launch-refresh-matrix-v4-30-0-rc2;anneal-3730-rust-charon-aeneas-lean-golden-vertical-2026-09-29;anneal-v2-current-source-surface-main-bd0956b-2026-09-29
N08,Try to use generated Lean as the canonical proof source [X],Try generated Lean as canonical proof source,991d25f0659a66633b8cd03ce3d5e215a27e23db34b783c695eaf6e57595e460,"### N08. Try to use generated Lean as the canonical proof source [X]

Regenerate after user proof edits and demonstrate whether user state is preserved or lost.",I159,partial,partial,false,Cited experiments cover bounded components; the entire requested original method is not supported.,I005/I127 have no direct #3730 destination; no new linked component,No distinct remaining cached-only trial identified for this exact scope after cited component review.,R41 tested a synthetic canonical-generated-Lean alternative; real Anneal source authority comparison remains.,"Implemented Anneal V2 pipeline, archive or service with the item's stated integration contract.",anneal-3730-174-row-crosswalk-reaudit-2026-09-29;anneal-3730-acceptance-oracle-matrix-2026-09-29;anneal-3730-architecture-contracts-2026-09-29;anneal-3730-cross-layer-comparator-mutants-2026-09-29;anneal-3730-generated-lean-canonical-source-challenge-2026-09-29;anneal-3730-lean-cross-version-equivalence-v4-29-v4-30-rc2-2026-09-29;anneal-3730-lean-launch-refresh-matrix-v4-30-0-rc2;anneal-3730-rust-charon-aeneas-lean-golden-vertical-2026-09-29;anneal-v2-current-source-surface-main-bd0956b-2026-09-29
N09,Try to infer editable Rust ranges from Charon/Aeneas spans alone [X],Try span-only editable-range recovery,85f4cb5ec9e1190b0d170db1e9e62d5de28e91b777d9af2f913d22899900a2e5,"### N09. Try to infer editable Rust ranges from Charon/Aeneas spans alone [X]

Use Unicode, macros, and generated scaffolding as adversarial cases.",I159,partial,partial,false,Cited experiments cover bounded components; the entire requested original method is not supported.,I005/I127 have no direct #3730 destination; no new linked component,No distinct remaining cached-only trial identified for this exact scope after cited component review.,Span-only editable range counterexamples exist; real Anneal projected editor routing remains.,"Implemented Anneal V2 pipeline, archive or service with the item's stated integration contract.",anneal-3730-174-row-crosswalk-reaudit-2026-09-29;anneal-3730-acceptance-oracle-matrix-2026-09-29;anneal-3730-architecture-contracts-2026-09-29;anneal-3730-cross-layer-comparator-mutants-2026-09-29;anneal-3730-five-original-packages-rereview-2026-09-29;anneal-3730-generated-lean-canonical-source-challenge-2026-09-29;anneal-3730-lean-cross-version-equivalence-v4-29-v4-30-rc2-2026-09-29;anneal-3730-lean-launch-refresh-matrix-v4-30-0-rc2;anneal-3730-rust-charon-aeneas-lean-golden-vertical-2026-09-29;anneal-v2-current-source-surface-main-bd0956b-2026-09-29
N10,Try to make proof-only edits always bypass upstream stages [X],Challenge universal proof-only bypass,ce0a658245a86323ccc461349e0f70d61e3dde1a09a814c7ddb671110911dbe2,"### N10. Try to make proof-only edits always bypass upstream stages [X]

Find the boundary cases—especially import/configuration-affecting annotation edits—where this classification becomes false.",I159,partial,partial,false,Cited experiments cover bounded components; the entire requested original method is not supported.,I005/I127 have no direct #3730 destination; no new linked component,No distinct remaining cached-only trial identified for this exact scope after cited component review.,Selected proof-only bypass counterexamples exist; exhaustive product import/obligation/freshness matrix remains.,"Implemented Anneal V2 pipeline, archive or service with the item's stated integration contract.",anneal-3730-174-row-crosswalk-reaudit-2026-09-29;anneal-3730-acceptance-oracle-matrix-2026-09-29;anneal-3730-architecture-contracts-2026-09-29;anneal-3730-cross-layer-comparator-mutants-2026-09-29;anneal-3730-generated-lean-canonical-source-challenge-2026-09-29;anneal-3730-lean-cross-version-equivalence-v4-29-v4-30-rc2-2026-09-29;anneal-3730-lean-launch-refresh-matrix-v4-30-0-rc2;anneal-3730-rust-charon-aeneas-lean-golden-vertical-2026-09-29;anneal-v2-current-source-surface-main-bd0956b-2026-09-29
N11,Try to use “no goals” as an agent success condition [X],Challenge no-goals-as-success,d92d244ef2318ac879291a72f477416cee5450a1c3b8c09f90bf0e749e38a147,"### N11. Try to use “no goals” as an agent success condition [X]

Create counterexamples involving stale imports, later file errors, admissions, and failed upstream coverage.",I159,complete,complete,true,Original falsification/direct-tool method answered at its explicitly pinned fixture scope; no broader Anneal acceptance inferred.,I005/I127 have no direct #3730 destination; no new linked component,No distinct remaining cached-only trial identified for this exact scope after cited component review.,No remaining delta at the narrowly completed scope.,None for the narrowly completed scope.,anneal-3730-174-row-crosswalk-reaudit-2026-09-29;anneal-3730-acceptance-oracle-matrix-2026-09-29;anneal-3730-architecture-contracts-2026-09-29;anneal-3730-cross-layer-comparator-mutants-2026-09-29;anneal-3730-generated-lean-canonical-source-challenge-2026-09-29;anneal-3730-lean-cross-version-equivalence-v4-29-v4-30-rc2-2026-09-29;anneal-3730-lean-launch-refresh-matrix-v4-30-0-rc2;anneal-3730-rust-charon-aeneas-lean-golden-vertical-2026-09-29;anneal-v2-current-source-surface-main-bd0956b-2026-09-29
N12,Try to make cancellation alone prevent stale state [X],Challenge cancellation-only freshness,71d9374250b2e7e541e73a63703116c4fc6b9c1a517ddc7803521b06d3371517,"### N12. Try to make cancellation alone prevent stale state [X]

Force canceled tasks to complete late and demonstrate whether revision fencing remains necessary.

---

# O. Synthesis reports after the probes

These reports are worth writing only after enough component investigations above have execution evidence.",I159,partial,partial,false,Cited experiments cover bounded components; the entire requested original method is not supported.,I005/I127 have no direct #3730 destination; no new linked component,No distinct remaining cached-only trial identified for this exact scope after cited component review.,Cancellation and late-completion counterexamples exist; actual Anneal publication fence remains.,"Implemented Anneal V2 pipeline, archive or service with the item's stated integration contract.",anneal-3730-174-row-crosswalk-reaudit-2026-09-29;anneal-3730-acceptance-oracle-matrix-2026-09-29;anneal-3730-architecture-contracts-2026-09-29;anneal-3730-cross-layer-comparator-mutants-2026-09-29;anneal-3730-five-original-packages-rereview-2026-09-29;anneal-3730-generated-lean-canonical-source-challenge-2026-09-29;anneal-3730-lean-cross-version-equivalence-v4-29-v4-30-rc2-2026-09-29;anneal-3730-lean-launch-refresh-matrix-v4-30-0-rc2;anneal-3730-rust-charon-aeneas-lean-golden-vertical-2026-09-29;anneal-v2-current-source-surface-main-bd0956b-2026-09-29
O01,Anneal interactive state machine,Synthesize state machine and invariants,f986268523f46154e707512aaced5717ddbbf0564dc081246ca848159eb0e69d,"### O01. Anneal interactive state machine

Produce one explicit state machine covering:

- source snapshots;
- generated-model generations;
- prepared environments;
- open projected documents;
- Lean workers;
- verification states;
- stale/tainted states.

Include legal transitions and invariants.",I144,partial,partial,false,Cited experiments cover bounded components; the entire requested original method is not supported.,I005/I127 have no direct #3730 destination; no new linked component,No distinct remaining cached-only trial identified for this exact scope after cited component review.,State-machine candidate invariants are specified; adopting one requires implemented service and owner decision.,"A selected architecture/workaround policy and acceptance threshold. Implemented Anneal V2 pipeline, archive or service with the item's stated integration contract.",anneal-3730-174-row-crosswalk-reaudit-2026-09-29;anneal-3730-acceptance-oracle-matrix-2026-09-29;anneal-3730-architecture-contracts-2026-09-29
O02,Anneal invalidation matrix,Synthesize invalidation matrix,1eccdc249abd9e15bcd638cf5718791ce113b3b5c932eae5326dfb4f9c353486,"### O02. Anneal invalidation matrix

For every relevant change class, record which stages are:

- unchanged;
- reusable;
- invalidated;
- rebuilt;
- restarted;
- reverified.

Base this on executed evidence, not architectural preference.",I144,partial,partial,false,Cited experiments cover bounded components; the entire requested original method is not supported.,I005/I127 have no direct #3730 destination; no new linked component,No distinct remaining cached-only trial identified for this exact scope after cited component review.,Invalidation matrix candidates are specified; product policy and regression acceptance remain.,"A selected architecture/workaround policy and acceptance threshold. Implemented Anneal V2 pipeline, archive or service with the item's stated integration contract.",anneal-3730-174-row-crosswalk-reaudit-2026-09-29;anneal-3730-acceptance-oracle-matrix-2026-09-29;anneal-3730-architecture-contracts-2026-09-29
O03,Anneal interactive identity model,Synthesize stable/ephemeral identity model,3110d7b0787f7ecb6114ef8f6ec7e1cc5e3930d1deab6c8419db8ab64b979445,"### O03. Anneal interactive identity model

Define all user-visible and internal identities:

- workspace;
- source snapshot;
- artifact subject;
- model generation;
- environment;
- document;
- worker;
- verification result.

State which are stable and which are ephemeral.",I144;I145,partial,partial,false,Cited experiments cover bounded components; the entire requested original method is not supported.,v24 I076→I145 cross-slice witness only,No distinct remaining cached-only trial identified for this exact scope after cited component review.,Identity model candidates and manual manifests exist; authenticated full-chain product keys remain. The I076 same-name sibling-crate LLBC witness independently rejects serialized crate/function names as a sufficient compilation-subject key; complete cross-layer product identity remains open.,"A selected architecture/workaround policy and acceptance threshold. Implemented Anneal V2 pipeline, archive or service with the item's stated integration contract.",anneal-3730-174-row-crosswalk-reaudit-2026-09-29;anneal-3730-acceptance-oracle-matrix-2026-09-29;anneal-3730-architecture-contracts-2026-09-29;anneal-3730-identity-state-mutation-model-2026-09-29;anneal-3730-last-good-model-signature-recovery-2026-09-29;anneal-3731-i054-i106-postpublication-residual-audit-2026-09-29
O04,Anneal generated-source ownership and projection contract,Synthesize ownership/projection contract,cafd70e9fc0811a593ebc09380d3c31349cb3ed13c72867e87a19f28c68ce10c,"### O04. Anneal generated-source ownership and projection contract

Document:

- canonical user source;
- generated source;
- projected source;
- editable mappings;
- diagnostic responsibility mappings;
- persistence/regeneration rules.",I144,partial,partial,false,Cited experiments cover bounded components; the entire requested original method is not supported.,I005/I127 have no direct #3730 destination; no new linked component,No distinct remaining cached-only trial identified for this exact scope after cited component review.,Projection/ownership candidate contract exists; real annotation/editor host implementation remains.,"A selected architecture/workaround policy and acceptance threshold. Implemented Anneal V2 pipeline, archive or service with the item's stated integration contract.",anneal-3730-174-row-crosswalk-reaudit-2026-09-29;anneal-3730-acceptance-oracle-matrix-2026-09-29;anneal-3730-architecture-contracts-2026-09-29
O05,Anneal prepared-toolchain producer/consumer contract,Synthesize prepared producer/consumer contract,a24cbc90b5e6d26673527586fc1d0d8825defc8feff3f50b15d688b646968952,"### O05. Anneal prepared-toolchain producer/consumer contract

Specify what setup prepares once, what every consumer owns, what is read-only, what may be shared writable, and what operations must fail closed.",I144;I150,partial,partial,false,Cited experiments cover bounded components; the entire requested original method is not supported.,I005/I127 have no direct #3730 destination; no new linked component,No distinct remaining cached-only trial identified for this exact scope after cited component review.,Lake operation probes including new pruning exist; prepared producer/consumer archive contract needs service packaging.,"A selected architecture/workaround policy and acceptance threshold. Implemented Anneal V2 pipeline, archive or service with the item's stated integration contract.",anneal-3730-174-row-crosswalk-reaudit-2026-09-29;anneal-3730-acceptance-oracle-matrix-2026-09-29;anneal-3730-architecture-contracts-2026-09-29;anneal-3730-lake-cache-publication-atomicity-2026-09-29;anneal-3730-lake-plugin-artifact-identity-v4-30-0-rc2;anneal-3730-lake-plugin-combined-family-mix-2026-09-29;anneal-3730-lake-prepared-contract-2026-09-29;anneal-3730-pruned-lake-interactive-extension-v4-30-0-rc2
O06,Anneal interactive proof-query contract,Synthesize exact proof-query contract,e121936922f0a8f8bb207e318eccb7568fbf382623bf40a661d531e99ccf8aa3,"### O06. Anneal interactive proof-query contract

Specify what an answer to “goal at this Rust position” means, including snapshot/environment identity and stale-result behavior.",I144,partial,partial,false,Cited experiments cover bounded components; the entire requested original method is not supported.,I005/I127 have no direct #3730 destination; no new linked component,No distinct remaining cached-only trial identified for this exact scope after cited component review.,Lean exact-query component contract exists; product worker-version response envelope remains.,"A selected architecture/workaround policy and acceptance threshold. Implemented Anneal V2 pipeline, archive or service with the item's stated integration contract.",anneal-3730-174-row-crosswalk-reaudit-2026-09-29;anneal-3730-acceptance-oracle-matrix-2026-09-29;anneal-3730-architecture-contracts-2026-09-29
O07,Anneal MCP semantic API,Synthesize MCP semantic API,e326a6e36835129bfddc2e9d5fea16504cec11159706d34c5aa04756745f7660,"### O07. Anneal MCP semantic API

Describe MCP operations in terms of the engine’s explicit state model rather than Lean/Lake process details.",I144,partial,partial,false,Cited experiments cover bounded components; the entire requested original method is not supported.,I005/I127 have no direct #3730 destination; no new linked component,No distinct remaining cached-only trial identified for this exact scope after cited component review.,Toy MCP wire/Tasks bridges exist; actual adapter/semantic API decision remains.,"A selected architecture/workaround policy and acceptance threshold. Implemented Anneal V2 pipeline, archive or service with the item's stated integration contract.",anneal-3730-174-row-crosswalk-reaudit-2026-09-29;anneal-3730-acceptance-oracle-matrix-2026-09-29;anneal-3730-architecture-contracts-2026-09-29
O08,Anneal LSP semantic API,Synthesize LSP semantic API,d716a4534865f12c2509d6844bc7ef45674f52319979f0379637671f723bbeeb,"### O08. Anneal LSP semantic API

Describe how ordinary editor document lifecycle maps to the same engine and where virtual Lean documents are internal implementation state.",I144,partial,partial,false,Cited experiments cover bounded components; the entire requested original method is not supported.,I005/I127 have no direct #3730 destination; no new linked component,No distinct remaining cached-only trial identified for this exact scope after cited component review.,Direct LSP component probes exist; real projected host/hidden-document API choice remains.,"A selected architecture/workaround policy and acceptance threshold. Implemented Anneal V2 pipeline, archive or service with the item's stated integration contract.",anneal-3730-174-row-crosswalk-reaudit-2026-09-29;anneal-3730-acceptance-oracle-matrix-2026-09-29;anneal-3730-architecture-contracts-2026-09-29
O09,Anneal integration-test resource architecture,Synthesize measured test-resource architecture,3d622d142f7e98d5330a5825d0826a71946cfbcc0e075fc9e539bc8cb0df39f4,"### O09. Anneal integration-test resource architecture

Specify the intended sharing/isolation model and measured scaling envelope for disk, memory, processes, and nested parallelism.",I144,partial,partial,false,Cited experiments cover bounded components; the entire requested original method is not supported.,I005/I127 have no direct #3730 destination; no new linked component,No distinct remaining cached-only trial identified for this exact scope after cited component review.,Tiny worker and one full-chain resource results exist; representative product scheduling economics remain.,"A selected architecture/workaround policy and acceptance threshold. Implemented Anneal V2 pipeline, archive or service with the item's stated integration contract.",anneal-3730-174-row-crosswalk-reaudit-2026-09-29;anneal-3730-acceptance-oracle-matrix-2026-09-29;anneal-3730-architecture-contracts-2026-09-29
O10,Batch/interactive equivalence contract,Synthesize batch/live equivalence contract,aad49433abf9c7ad7b6ce47466142aab9c952c3ad31202b33693ae4390bdbe72,"### O10. Batch/interactive equivalence contract

State which observations must agree between batch and live operation, which differences are intentional, and which clean-build or fresh-process oracle detects stale state.",I144,partial,partial,false,Cited experiments cover bounded components; the entire requested original method is not supported.,I005/I127 have no direct #3730 destination; no new linked component,No distinct remaining cached-only trial identified for this exact scope after cited component review.,Batch/live contract dimensions specified; same-subject Anneal equivalence remains.,"A selected architecture/workaround policy and acceptance threshold. Implemented Anneal V2 pipeline, archive or service with the item's stated integration contract.",anneal-3730-174-row-crosswalk-reaudit-2026-09-29;anneal-3730-acceptance-oracle-matrix-2026-09-29;anneal-3730-architecture-contracts-2026-09-29
