package,relative_file,bytes,sha256,inspection,detail
anneal-3730-apfs-overlayfs-resource-accounting-2026-09-29,REPORT.json,1145,51b91844557531f2638636d2e8da176142cb7cba7b170acd23467802ebf295a4,json,parsed
anneal-3730-apfs-overlayfs-resource-accounting-2026-09-29,REPORT.md,5766,245cf606a7508c8f405d75a098c462828d8374901cc5848819e5dcc0a6796a95,utf8,43 lines
anneal-3730-apfs-overlayfs-resource-accounting-2026-09-29,support/fixture/Dep.olean,4552,7ae5507721d0d228cfdb0c2399d6ef858bc918e48376470954b3600e40862cb3,binary,opaque
anneal-3730-apfs-overlayfs-resource-accounting-2026-09-29,support/fixture/Plugin.olean,45272,24d1cf9fcaa36b2d918eb2985e517153a537958e7f4393bfbf768966a2084bbc,binary,opaque
anneal-3730-apfs-overlayfs-resource-accounting-2026-09-29,support/probe.py,8779,5a3a9f4547dcdb451242c2cc708a3ca52fefd52906a11b0128e985698638a971,utf8,129 lines
anneal-3730-apfs-overlayfs-resource-accounting-2026-09-29,support/results.json,101381,aa3264d28a83d784d863983d01b62e33146961dfb04f32b970beeb979dc4c263,json,parsed
anneal-3730-apfs-overlayfs-resource-accounting-2026-09-29,support/verify.py,3022,f28aee12b1b6e03e25ee7ec2b53ce0b4abb336227a21d8db90b4de5847bee992,utf8,43 lines
anneal-3730-charon-shortname-aeneas-impact-2026-09-29,REPORT.json,565,95672163c08b58c48eeb2593cd688f67105540c07cc481e0886eca477ed79e26,json,parsed
anneal-3730-charon-shortname-aeneas-impact-2026-09-29,REPORT.md,6298,a5f93c2c9b203ec26fd398cbd2d83e61dea822d1d52a52a3b6aec4123fdf5815,utf8,36 lines
anneal-3730-charon-shortname-aeneas-impact-2026-09-29,support/check.py,3581,b09e288633cbf41f6b692ddbe37b4085604b50e51ed8894793f99783a183175b,utf8,69 lines
anneal-3730-charon-shortname-aeneas-impact-2026-09-29,support/logs/incremental_no-write.stderr,0,e3b0c44298fc1c149afbf4c8996fb92427ae41e4649b934ca495991b7852b855,utf8,0 lines
anneal-3730-charon-shortname-aeneas-impact-2026-09-29,support/logs/incremental_no-write.stdout,3347898,c9403dd6df1b02e0b058c26575c7c2ccef6fd7c7b1546e0792e8b1de381a00b2,utf8,3224 lines
anneal-3730-charon-shortname-aeneas-impact-2026-09-29,support/logs/incremental_run-2.stderr,0,e3b0c44298fc1c149afbf4c8996fb92427ae41e4649b934ca495991b7852b855,utf8,0 lines
anneal-3730-charon-shortname-aeneas-impact-2026-09-29,support/logs/incremental_run-2.stdout,3347886,29158140b9a33b0f5d510ab0725a2da08c611685fbc37523d14d27ff644a85cc,utf8,3224 lines
anneal-3730-charon-shortname-aeneas-impact-2026-09-29,support/logs/incremental_run-3.stderr,0,e3b0c44298fc1c149afbf4c8996fb92427ae41e4649b934ca495991b7852b855,utf8,0 lines
anneal-3730-charon-shortname-aeneas-impact-2026-09-29,support/logs/incremental_run-3.stdout,3347883,06e142e505d9b94b0207e2f18bbdde2e331af2f757be6355a7f5b6973b0f9ccd,utf8,3224 lines
anneal-3730-charon-shortname-aeneas-impact-2026-09-29,support/logs/incremental_run-4.stderr,0,e3b0c44298fc1c149afbf4c8996fb92427ae41e4649b934ca495991b7852b855,utf8,0 lines
anneal-3730-charon-shortname-aeneas-impact-2026-09-29,support/logs/incremental_run-4.stdout,3347871,79a07a9c607a32e27c2edad2513989ace53b0b0fbe838a9f0a8ec8f8248036e0,utf8,3224 lines
anneal-3730-charon-shortname-aeneas-impact-2026-09-29,support/logs/incremental_run-5.stderr,0,e3b0c44298fc1c149afbf4c8996fb92427ae41e4649b934ca495991b7852b855,utf8,0 lines
anneal-3730-charon-shortname-aeneas-impact-2026-09-29,support/logs/incremental_run-5.stdout,3347816,acf11f9b09ff4c882027859f0d790aec2f91de8284b6c9407d1b96ad27311036,utf8,3224 lines
anneal-3730-charon-shortname-aeneas-impact-2026-09-29,support/logs/run-1_aeneas.stderr,0,e3b0c44298fc1c149afbf4c8996fb92427ae41e4649b934ca495991b7852b855,utf8,0 lines
anneal-3730-charon-shortname-aeneas-impact-2026-09-29,support/logs/run-1_aeneas.stdout,1281,be7f209fecd79698cd783eed490ac3c7151bea8b0f244f6f96c461260c86e2f3,utf8,6 lines
anneal-3730-charon-shortname-aeneas-impact-2026-09-29,support/logs/run-1_lake_fresh.stderr,0,e3b0c44298fc1c149afbf4c8996fb92427ae41e4649b934ca495991b7852b855,utf8,0 lines
anneal-3730-charon-shortname-aeneas-impact-2026-09-29,support/logs/run-1_lake_fresh.stdout,3347985,27768afb55c2201a609e02abee4b0808f421028a0e965a53ab6992443254413a,utf8,3224 lines
anneal-3730-charon-shortname-aeneas-impact-2026-09-29,support/logs/run-1_lean_Probe.stderr,0,e3b0c44298fc1c149afbf4c8996fb92427ae41e4649b934ca495991b7852b855,utf8,0 lines
anneal-3730-charon-shortname-aeneas-impact-2026-09-29,support/logs/run-1_lean_Probe.stdout,0,e3b0c44298fc1c149afbf4c8996fb92427ae41e4649b934ca495991b7852b855,utf8,0 lines
anneal-3730-charon-shortname-aeneas-impact-2026-09-29,support/logs/run-1_lean_Probe_Funs.stderr,0,e3b0c44298fc1c149afbf4c8996fb92427ae41e4649b934ca495991b7852b855,utf8,0 lines
anneal-3730-charon-shortname-aeneas-impact-2026-09-29,support/logs/run-1_lean_Probe_Funs.stdout,0,e3b0c44298fc1c149afbf4c8996fb92427ae41e4649b934ca495991b7852b855,utf8,0 lines
anneal-3730-charon-shortname-aeneas-impact-2026-09-29,support/logs/run-1_lean_Probe_FunsExternal.stderr,0,e3b0c44298fc1c149afbf4c8996fb92427ae41e4649b934ca495991b7852b855,utf8,0 lines
anneal-3730-charon-shortname-aeneas-impact-2026-09-29,support/logs/run-1_lean_Probe_FunsExternal.stdout,0,e3b0c44298fc1c149afbf4c8996fb92427ae41e4649b934ca495991b7852b855,utf8,0 lines
anneal-3730-charon-shortname-aeneas-impact-2026-09-29,support/logs/run-1_lean_Probe_Types.stderr,0,e3b0c44298fc1c149afbf4c8996fb92427ae41e4649b934ca495991b7852b855,utf8,0 lines
anneal-3730-charon-shortname-aeneas-impact-2026-09-29,support/logs/run-1_lean_Probe_Types.stdout,0,e3b0c44298fc1c149afbf4c8996fb92427ae41e4649b934ca495991b7852b855,utf8,0 lines
anneal-3730-charon-shortname-aeneas-impact-2026-09-29,support/logs/run-1_lean_Proof.stderr,0,e3b0c44298fc1c149afbf4c8996fb92427ae41e4649b934ca495991b7852b855,utf8,0 lines
anneal-3730-charon-shortname-aeneas-impact-2026-09-29,support/logs/run-1_lean_Proof.stdout,133,7cd293c71b45b03e5468bb232346636839904c73c56b71bdc580f064f7786a10,utf8,2 lines
anneal-3730-charon-shortname-aeneas-impact-2026-09-29,support/logs/run-2_aeneas.stderr,0,e3b0c44298fc1c149afbf4c8996fb92427ae41e4649b934ca495991b7852b855,utf8,0 lines
anneal-3730-charon-shortname-aeneas-impact-2026-09-29,support/logs/run-2_aeneas.stdout,1281,d1af56cffd1da0cbd919b628e676ac11a4c10613846ab79c313466a635e3860e,utf8,6 lines
anneal-3730-charon-shortname-aeneas-impact-2026-09-29,support/logs/run-2_lake_fresh.stderr,0,e3b0c44298fc1c149afbf4c8996fb92427ae41e4649b934ca495991b7852b855,utf8,0 lines
anneal-3730-charon-shortname-aeneas-impact-2026-09-29,support/logs/run-2_lake_fresh.stdout,3347994,f34c555f3acdc7a3f2f31710073f38575b2a96fe9e7729e5d816730664e89fac,utf8,3224 lines
anneal-3730-charon-shortname-aeneas-impact-2026-09-29,support/logs/run-2_lean_Probe.stderr,0,e3b0c44298fc1c149afbf4c8996fb92427ae41e4649b934ca495991b7852b855,utf8,0 lines
anneal-3730-charon-shortname-aeneas-impact-2026-09-29,support/logs/run-2_lean_Probe.stdout,0,e3b0c44298fc1c149afbf4c8996fb92427ae41e4649b934ca495991b7852b855,utf8,0 lines
anneal-3730-charon-shortname-aeneas-impact-2026-09-29,support/logs/run-2_lean_Probe_Funs.stderr,0,e3b0c44298fc1c149afbf4c8996fb92427ae41e4649b934ca495991b7852b855,utf8,0 lines
anneal-3730-charon-shortname-aeneas-impact-2026-09-29,support/logs/run-2_lean_Probe_Funs.stdout,0,e3b0c44298fc1c149afbf4c8996fb92427ae41e4649b934ca495991b7852b855,utf8,0 lines
anneal-3730-charon-shortname-aeneas-impact-2026-09-29,support/logs/run-2_lean_Probe_FunsExternal.stderr,0,e3b0c44298fc1c149afbf4c8996fb92427ae41e4649b934ca495991b7852b855,utf8,0 lines
anneal-3730-charon-shortname-aeneas-impact-2026-09-29,support/logs/run-2_lean_Probe_FunsExternal.stdout,0,e3b0c44298fc1c149afbf4c8996fb92427ae41e4649b934ca495991b7852b855,utf8,0 lines
anneal-3730-charon-shortname-aeneas-impact-2026-09-29,support/logs/run-2_lean_Probe_Types.stderr,0,e3b0c44298fc1c149afbf4c8996fb92427ae41e4649b934ca495991b7852b855,utf8,0 lines
anneal-3730-charon-shortname-aeneas-impact-2026-09-29,support/logs/run-2_lean_Probe_Types.stdout,0,e3b0c44298fc1c149afbf4c8996fb92427ae41e4649b934ca495991b7852b855,utf8,0 lines
anneal-3730-charon-shortname-aeneas-impact-2026-09-29,support/logs/run-2_lean_Proof.stderr,0,e3b0c44298fc1c149afbf4c8996fb92427ae41e4649b934ca495991b7852b855,utf8,0 lines
anneal-3730-charon-shortname-aeneas-impact-2026-09-29,support/logs/run-2_lean_Proof.stdout,133,7cd293c71b45b03e5468bb232346636839904c73c56b71bdc580f064f7786a10,utf8,2 lines
anneal-3730-charon-shortname-aeneas-impact-2026-09-29,support/logs/run-3_aeneas.stderr,0,e3b0c44298fc1c149afbf4c8996fb92427ae41e4649b934ca495991b7852b855,utf8,0 lines
anneal-3730-charon-shortname-aeneas-impact-2026-09-29,support/logs/run-3_aeneas.stdout,1281,9bc122468a6104b8905a745a8bcc44ab2d200dda702388ff63086ceda6e9f8ae,utf8,6 lines
anneal-3730-charon-shortname-aeneas-impact-2026-09-29,support/logs/run-3_lake_fresh.stderr,0,e3b0c44298fc1c149afbf4c8996fb92427ae41e4649b934ca495991b7852b855,utf8,0 lines
anneal-3730-charon-shortname-aeneas-impact-2026-09-29,support/logs/run-3_lake_fresh.stdout,3347922,2f77665e90d94b75de605c86014577411a51b51cb336b1237a4826a1e57b1d5f,utf8,3224 lines
anneal-3730-charon-shortname-aeneas-impact-2026-09-29,support/logs/run-3_lean_Probe.stderr,0,e3b0c44298fc1c149afbf4c8996fb92427ae41e4649b934ca495991b7852b855,utf8,0 lines
anneal-3730-charon-shortname-aeneas-impact-2026-09-29,support/logs/run-3_lean_Probe.stdout,0,e3b0c44298fc1c149afbf4c8996fb92427ae41e4649b934ca495991b7852b855,utf8,0 lines
anneal-3730-charon-shortname-aeneas-impact-2026-09-29,support/logs/run-3_lean_Probe_Funs.stderr,0,e3b0c44298fc1c149afbf4c8996fb92427ae41e4649b934ca495991b7852b855,utf8,0 lines
anneal-3730-charon-shortname-aeneas-impact-2026-09-29,support/logs/run-3_lean_Probe_Funs.stdout,0,e3b0c44298fc1c149afbf4c8996fb92427ae41e4649b934ca495991b7852b855,utf8,0 lines
anneal-3730-charon-shortname-aeneas-impact-2026-09-29,support/logs/run-3_lean_Probe_FunsExternal.stderr,0,e3b0c44298fc1c149afbf4c8996fb92427ae41e4649b934ca495991b7852b855,utf8,0 lines
anneal-3730-charon-shortname-aeneas-impact-2026-09-29,support/logs/run-3_lean_Probe_FunsExternal.stdout,0,e3b0c44298fc1c149afbf4c8996fb92427ae41e4649b934ca495991b7852b855,utf8,0 lines
anneal-3730-charon-shortname-aeneas-impact-2026-09-29,support/logs/run-3_lean_Probe_Types.stderr,0,e3b0c44298fc1c149afbf4c8996fb92427ae41e4649b934ca495991b7852b855,utf8,0 lines
anneal-3730-charon-shortname-aeneas-impact-2026-09-29,support/logs/run-3_lean_Probe_Types.stdout,0,e3b0c44298fc1c149afbf4c8996fb92427ae41e4649b934ca495991b7852b855,utf8,0 lines
anneal-3730-charon-shortname-aeneas-impact-2026-09-29,support/logs/run-3_lean_Proof.stderr,0,e3b0c44298fc1c149afbf4c8996fb92427ae41e4649b934ca495991b7852b855,utf8,0 lines
anneal-3730-charon-shortname-aeneas-impact-2026-09-29,support/logs/run-3_lean_Proof.stdout,133,7cd293c71b45b03e5468bb232346636839904c73c56b71bdc580f064f7786a10,utf8,2 lines
anneal-3730-charon-shortname-aeneas-impact-2026-09-29,support/logs/run-4_aeneas.stderr,0,e3b0c44298fc1c149afbf4c8996fb92427ae41e4649b934ca495991b7852b855,utf8,0 lines
anneal-3730-charon-shortname-aeneas-impact-2026-09-29,support/logs/run-4_aeneas.stdout,1281,cb8933e6a0c691adffe4c4b1fb797938032349fa35ef725c47fb343f343f0e02,utf8,6 lines
anneal-3730-charon-shortname-aeneas-impact-2026-09-29,support/logs/run-4_lake_fresh.stderr,0,e3b0c44298fc1c149afbf4c8996fb92427ae41e4649b934ca495991b7852b855,utf8,0 lines
anneal-3730-charon-shortname-aeneas-impact-2026-09-29,support/logs/run-4_lake_fresh.stdout,3347939,a917fb691de75a493baeb59da4f0bc9ef0dd3ae6f4c327fdc8fb402f02229a4b,utf8,3224 lines
anneal-3730-charon-shortname-aeneas-impact-2026-09-29,support/logs/run-4_lean_Probe.stderr,0,e3b0c44298fc1c149afbf4c8996fb92427ae41e4649b934ca495991b7852b855,utf8,0 lines
anneal-3730-charon-shortname-aeneas-impact-2026-09-29,support/logs/run-4_lean_Probe.stdout,0,e3b0c44298fc1c149afbf4c8996fb92427ae41e4649b934ca495991b7852b855,utf8,0 lines
anneal-3730-charon-shortname-aeneas-impact-2026-09-29,support/logs/run-4_lean_Probe_Funs.stderr,0,e3b0c44298fc1c149afbf4c8996fb92427ae41e4649b934ca495991b7852b855,utf8,0 lines
anneal-3730-charon-shortname-aeneas-impact-2026-09-29,support/logs/run-4_lean_Probe_Funs.stdout,0,e3b0c44298fc1c149afbf4c8996fb92427ae41e4649b934ca495991b7852b855,utf8,0 lines
anneal-3730-charon-shortname-aeneas-impact-2026-09-29,support/logs/run-4_lean_Probe_FunsExternal.stderr,0,e3b0c44298fc1c149afbf4c8996fb92427ae41e4649b934ca495991b7852b855,utf8,0 lines
anneal-3730-charon-shortname-aeneas-impact-2026-09-29,support/logs/run-4_lean_Probe_FunsExternal.stdout,0,e3b0c44298fc1c149afbf4c8996fb92427ae41e4649b934ca495991b7852b855,utf8,0 lines
anneal-3730-charon-shortname-aeneas-impact-2026-09-29,support/logs/run-4_lean_Probe_Types.stderr,0,e3b0c44298fc1c149afbf4c8996fb92427ae41e4649b934ca495991b7852b855,utf8,0 lines
anneal-3730-charon-shortname-aeneas-impact-2026-09-29,support/logs/run-4_lean_Probe_Types.stdout,0,e3b0c44298fc1c149afbf4c8996fb92427ae41e4649b934ca495991b7852b855,utf8,0 lines
anneal-3730-charon-shortname-aeneas-impact-2026-09-29,support/logs/run-4_lean_Proof.stderr,0,e3b0c44298fc1c149afbf4c8996fb92427ae41e4649b934ca495991b7852b855,utf8,0 lines
anneal-3730-charon-shortname-aeneas-impact-2026-09-29,support/logs/run-4_lean_Proof.stdout,133,7cd293c71b45b03e5468bb232346636839904c73c56b71bdc580f064f7786a10,utf8,2 lines
anneal-3730-charon-shortname-aeneas-impact-2026-09-29,support/logs/run-5_aeneas.stderr,0,e3b0c44298fc1c149afbf4c8996fb92427ae41e4649b934ca495991b7852b855,utf8,0 lines
anneal-3730-charon-shortname-aeneas-impact-2026-09-29,support/logs/run-5_aeneas.stdout,1281,b8a6fd1518a2d569ca5140a0e62863b74bf594beddda614628589b9c9fd1d7ae,utf8,6 lines
anneal-3730-charon-shortname-aeneas-impact-2026-09-29,support/logs/run-5_lake_fresh.stderr,0,e3b0c44298fc1c149afbf4c8996fb92427ae41e4649b934ca495991b7852b855,utf8,0 lines
anneal-3730-charon-shortname-aeneas-impact-2026-09-29,support/logs/run-5_lake_fresh.stdout,3347911,bc513f0487a4e36a2398448e693d50d2198410f1385778b42eaafe1594991c54,utf8,3224 lines
anneal-3730-charon-shortname-aeneas-impact-2026-09-29,support/logs/run-5_lean_Probe.stderr,0,e3b0c44298fc1c149afbf4c8996fb92427ae41e4649b934ca495991b7852b855,utf8,0 lines
anneal-3730-charon-shortname-aeneas-impact-2026-09-29,support/logs/run-5_lean_Probe.stdout,0,e3b0c44298fc1c149afbf4c8996fb92427ae41e4649b934ca495991b7852b855,utf8,0 lines
anneal-3730-charon-shortname-aeneas-impact-2026-09-29,support/logs/run-5_lean_Probe_Funs.stderr,0,e3b0c44298fc1c149afbf4c8996fb92427ae41e4649b934ca495991b7852b855,utf8,0 lines
anneal-3730-charon-shortname-aeneas-impact-2026-09-29,support/logs/run-5_lean_Probe_Funs.stdout,0,e3b0c44298fc1c149afbf4c8996fb92427ae41e4649b934ca495991b7852b855,utf8,0 lines
anneal-3730-charon-shortname-aeneas-impact-2026-09-29,support/logs/run-5_lean_Probe_FunsExternal.stderr,0,e3b0c44298fc1c149afbf4c8996fb92427ae41e4649b934ca495991b7852b855,utf8,0 lines
anneal-3730-charon-shortname-aeneas-impact-2026-09-29,support/logs/run-5_lean_Probe_FunsExternal.stdout,0,e3b0c44298fc1c149afbf4c8996fb92427ae41e4649b934ca495991b7852b855,utf8,0 lines
anneal-3730-charon-shortname-aeneas-impact-2026-09-29,support/logs/run-5_lean_Probe_Types.stderr,0,e3b0c44298fc1c149afbf4c8996fb92427ae41e4649b934ca495991b7852b855,utf8,0 lines
anneal-3730-charon-shortname-aeneas-impact-2026-09-29,support/logs/run-5_lean_Probe_Types.stdout,0,e3b0c44298fc1c149afbf4c8996fb92427ae41e4649b934ca495991b7852b855,utf8,0 lines
anneal-3730-charon-shortname-aeneas-impact-2026-09-29,support/logs/run-5_lean_Proof.stderr,0,e3b0c44298fc1c149afbf4c8996fb92427ae41e4649b934ca495991b7852b855,utf8,0 lines
anneal-3730-charon-shortname-aeneas-impact-2026-09-29,support/logs/run-5_lean_Proof.stdout,133,7cd293c71b45b03e5468bb232346636839904c73c56b71bdc580f064f7786a10,utf8,2 lines
anneal-3730-charon-shortname-aeneas-impact-2026-09-29,support/probe.py,10698,42960a55cebe273a8a5b202df1f32a2ef541283013c2149806f44b78ed16e067,utf8,204 lines
anneal-3730-charon-shortname-aeneas-impact-2026-09-29,support/results.json,81992,a7b4cf0e22d9c4d0cac69ab20a13a79fddf41354b7b0dfa995398e04a1f003a0,json,parsed
anneal-3730-charon-shortname-aeneas-impact-2026-09-29,support/work/run-1/direct-consumer/Probe/Funs.lean,893,8d37f4df6657c7f9a8d6395d121296d593474d027b1f40f610e9a62e0f3aea12,utf8,30 lines
anneal-3730-charon-shortname-aeneas-impact-2026-09-29,support/work/run-1/direct-consumer/Probe/Funs.olean,5624,18c4956552fee7aa0713c341a2c129d28b3cadcdd755233b42a95d18e26f3e90,binary,opaque
anneal-3730-charon-shortname-aeneas-impact-2026-09-29,support/work/run-1/direct-consumer/Probe/FunsExternal.lean,1125,bb7d27d3d4682c5f04c622402479c4d80c4c6304acb0d923cf6184cab0e86c3f,utf8,29 lines
anneal-3730-charon-shortname-aeneas-impact-2026-09-29,support/work/run-1/direct-consumer/Probe/FunsExternal.olean,5704,8e612021cb706ce8291d7e59233a7de8510e2b92f993db8a8146ab8473ff599a,binary,opaque
anneal-3730-charon-shortname-aeneas-impact-2026-09-29,support/work/run-1/direct-consumer/Probe/Types.lean,506,a6c43f99b3360b04150a06bda58a45e4b66c8bb96921ae540cba060bf8733888,utf8,17 lines
anneal-3730-charon-shortname-aeneas-impact-2026-09-29,support/work/run-1/direct-consumer/Probe/Types.olean,1600,fda0a21d1b6e567b7f7a81a5e72430664c4927d8a6cfeb7272c26de04463af6f,binary,opaque
anneal-3730-charon-shortname-aeneas-impact-2026-09-29,support/work/run-1/direct-consumer/Probe.lean,18,88d15c5183e48c512f4ecfb38c430356859b255fe1dcf6a613fd51c7ba36820d,utf8,1 lines
anneal-3730-charon-shortname-aeneas-impact-2026-09-29,support/work/run-1/direct-consumer/Probe.olean,1312,b60f20428be8684ef615397233669a5c7aaf977f84341d14a02c2ee1175d0fd7,binary,opaque
anneal-3730-charon-shortname-aeneas-impact-2026-09-29,support/work/run-1/direct-consumer/Proof.lean,154,c7698ec63007650d5efaee89f97bc7691452c647030b92ef2e11348f50e58304,utf8,4 lines
anneal-3730-charon-shortname-aeneas-impact-2026-09-29,support/work/run-1/generated/Funs.lean,893,8d37f4df6657c7f9a8d6395d121296d593474d027b1f40f610e9a62e0f3aea12,utf8,30 lines
anneal-3730-charon-shortname-aeneas-impact-2026-09-29,support/work/run-1/generated/FunsExternal_Template.lean,1125,bb7d27d3d4682c5f04c622402479c4d80c4c6304acb0d923cf6184cab0e86c3f,utf8,29 lines
anneal-3730-charon-shortname-aeneas-impact-2026-09-29,support/work/run-1/generated/Probe.lean,18,88d15c5183e48c512f4ecfb38c430356859b255fe1dcf6a613fd51c7ba36820d,utf8,1 lines
anneal-3730-charon-shortname-aeneas-impact-2026-09-29,support/work/run-1/generated/Types.lean,506,a6c43f99b3360b04150a06bda58a45e4b66c8bb96921ae540cba060bf8733888,utf8,17 lines
anneal-3730-charon-shortname-aeneas-impact-2026-09-29,support/work/run-1/lake-consumer/.lake/build/ir/Probe/Funs.c,1696,c34bc34bdb663bb872a18e394ebd2d68bd4a1b9f53064a13330c5c6bb0a673db,utf8,45 lines
anneal-3730-charon-shortname-aeneas-impact-2026-09-29,support/work/run-1/lake-consumer/.lake/build/ir/Probe/Funs.c.hash,16,6dedd1b5a0897e413fe08f94281642dd02011895eec3a74cb9b4b36428610cbb,utf8,0 lines
anneal-3730-charon-shortname-aeneas-impact-2026-09-29,support/work/run-1/lake-consumer/.lake/build/ir/Probe/Funs.setup.json,1071279,75a6ebad64c2a2cdbccf1672e261959a5cff4de6a9fc9c5f4282c60942dbe766,json,parsed
anneal-3730-charon-shortname-aeneas-impact-2026-09-29,support/work/run-1/lake-consumer/.lake/build/ir/Probe/FunsExternal.c,1485,60b0af1df559f383a65aae541e640ab80dcabd2a7b958ae95f8944913054e1b0,utf8,41 lines
anneal-3730-charon-shortname-aeneas-impact-2026-09-29,support/work/run-1/lake-consumer/.lake/build/ir/Probe/FunsExternal.c.hash,16,4106d8a7659c19405863711c13638241a3cfc124ad08a27a40903e7050a0d179,utf8,0 lines
anneal-3730-charon-shortname-aeneas-impact-2026-09-29,support/work/run-1/lake-consumer/.lake/build/ir/Probe/FunsExternal.setup.json,1071002,0ab00b714e27902407249d904e9ea36a696a68a0f706db6a9f34de8c835a98fe,json,parsed
anneal-3730-charon-shortname-aeneas-impact-2026-09-29,support/work/run-1/lake-consumer/.lake/build/ir/Probe/Types.c,1265,39caa6f862c4262bc5ecc91cdd800857085e0edbe7fc0f3e977da07c670599a6,utf8,37 lines
anneal-3730-charon-shortname-aeneas-impact-2026-09-29,support/work/run-1/lake-consumer/.lake/build/ir/Probe/Types.c.hash,16,ea776838d854845f4376635519614b1dc34f0bb84762c20b950f6812d6e6d1ca,utf8,0 lines
anneal-3730-charon-shortname-aeneas-impact-2026-09-29,support/work/run-1/lake-consumer/.lake/build/ir/Probe/Types.setup.json,1070724,54c550710abef87edfc75fe80b3d2a41c370c7b806e39f993a843a9150355df3,json,parsed
anneal-3730-charon-shortname-aeneas-impact-2026-09-29,support/work/run-1/lake-consumer/.lake/build/ir/Probe.c,1273,0f3d89f44b8973fe321f1d24c328daebf7ce054a56b5e47d8050c15804781432,utf8,37 lines
anneal-3730-charon-shortname-aeneas-impact-2026-09-29,support/work/run-1/lake-consumer/.lake/build/ir/Probe.c.hash,16,d17ed15f0a3388500a179c488071e405a8279e729e466cdc4fb8d753155d6ed9,utf8,0 lines
anneal-3730-charon-shortname-aeneas-impact-2026-09-29,support/work/run-1/lake-consumer/.lake/build/ir/Probe.setup.json,1071543,de08b1b692a4a4ef67c24d3f58037b62f3c1ceaf9ddeec82d99b9454f5b4b897,json,parsed
anneal-3730-charon-shortname-aeneas-impact-2026-09-29,support/work/run-1/lake-consumer/.lake/build/lib/lean/Probe/Funs.ilean,1811,dfef7ca9c4f7c7e956aa71eafb6a63ff6cb27f998ecf1a674261ee99653e6727,utf8,0 lines
anneal-3730-charon-shortname-aeneas-impact-2026-09-29,support/work/run-1/lake-consumer/.lake/build/lib/lean/Probe/Funs.ilean.hash,16,1516c355022e31d2d6d0f849d1a21026daa5006b7f3aa2c4eb3263b31c818e8c,utf8,0 lines
anneal-3730-charon-shortname-aeneas-impact-2026-09-29,support/work/run-1/lake-consumer/.lake/build/lib/lean/Probe/Funs.olean,5688,caad6fb36214425ea6051445aaf18b7460561becca2a5eddadbb126b9e5b15ad,binary,opaque
anneal-3730-charon-shortname-aeneas-impact-2026-09-29,support/work/run-1/lake-consumer/.lake/build/lib/lean/Probe/Funs.olean.hash,16,6153ce5f5df402e2aa12bd173a2118006719215a7efe75819038ba83479d51e8,utf8,0 lines
anneal-3730-charon-shortname-aeneas-impact-2026-09-29,support/work/run-1/lake-consumer/.lake/build/lib/lean/Probe/Funs.trace,4615,25caa81748a866a47eedb4b9030e0af0e603f06a93252f74a4fcfd1a01ffb8bc,utf8,39 lines
anneal-3730-charon-shortname-aeneas-impact-2026-09-29,support/work/run-1/lake-consumer/.lake/build/lib/lean/Probe/FunsExternal.ilean,1479,80bd35a4f53d5589f478a832702de865cc4ddcf870f6596df9729d6bfac76146,utf8,0 lines
anneal-3730-charon-shortname-aeneas-impact-2026-09-29,support/work/run-1/lake-consumer/.lake/build/lib/lean/Probe/FunsExternal.ilean.hash,16,95288eeb690e5e965f2d2c27b31c875cc91acaf88ea0166334edf9af45284084,utf8,0 lines
anneal-3730-charon-shortname-aeneas-impact-2026-09-29,support/work/run-1/lake-consumer/.lake/build/lib/lean/Probe/FunsExternal.olean,5976,3d6da86f2da5d42d9f0d8dcf7f3ba0bdd31e5025a6ca837eb14348c5197ed9bd,binary,opaque
anneal-3730-charon-shortname-aeneas-impact-2026-09-29,support/work/run-1/lake-consumer/.lake/build/lib/lean/Probe/FunsExternal.olean.hash,16,ba0b2569db0d92b8e0e3d3dcb59239a5e45dcd46e97259d1eb215853f9608808,utf8,0 lines
anneal-3730-charon-shortname-aeneas-impact-2026-09-29,support/work/run-1/lake-consumer/.lake/build/lib/lean/Probe/FunsExternal.trace,4533,ddaa3c73f10318bce4f38cb3e3a41f0687d895cd9703d3efa3b2432ba78d1f76,utf8,37 lines
anneal-3730-charon-shortname-aeneas-impact-2026-09-29,support/work/run-1/lake-consumer/.lake/build/lib/lean/Probe/Types.ilean,751,1cd6128348836b3a03c367a39970192c30de77155ed5cf513e4a84d7ba30ed9e,utf8,0 lines
anneal-3730-charon-shortname-aeneas-impact-2026-09-29,support/work/run-1/lake-consumer/.lake/build/lib/lean/Probe/Types.ilean.hash,16,6b7ee9e88493ef7bd8daabdeb256d097a1d19ff1c59da3f77af3eed3a3e45a93,utf8,0 lines
anneal-3730-charon-shortname-aeneas-impact-2026-09-29,support/work/run-1/lake-consumer/.lake/build/lib/lean/Probe/Types.olean,1664,b73bad74922fc9bd686e578e501a9385c0cb9c81f53628fd52cdaff251251f66,binary,opaque
anneal-3730-charon-shortname-aeneas-impact-2026-09-29,support/work/run-1/lake-consumer/.lake/build/lib/lean/Probe/Types.olean.hash,16,d1bee090a9e61bdf411189f3c37fb847ee16f80f7c15ea3805012ccde36a359a,utf8,0 lines
anneal-3730-charon-shortname-aeneas-impact-2026-09-29,support/work/run-1/lake-consumer/.lake/build/lib/lean/Probe/Types.trace,4345,f3bd53b186ca894d11e5161104dfbb63bdb35cc883af17790130c35b05f32194,utf8,35 lines
anneal-3730-charon-shortname-aeneas-impact-2026-09-29,support/work/run-1/lake-consumer/.lake/build/lib/lean/Probe.ilean,108,879488b701922f3441c885d424dd7dc0a52498ef1570056b2e214c65d61a13d4,utf8,0 lines
anneal-3730-charon-shortname-aeneas-impact-2026-09-29,support/work/run-1/lake-consumer/.lake/build/lib/lean/Probe.ilean.hash,16,e41e80e3a109bb47dc431fe91acf5975c5f3320fdc061b1964a6261ea4bc6045,utf8,0 lines
anneal-3730-charon-shortname-aeneas-impact-2026-09-29,support/work/run-1/lake-consumer/.lake/build/lib/lean/Probe.olean,1376,7a345ac65b31633dc179b6233455e52b657795ac5f2b16b32ff129f8e6ae3d2c,binary,opaque
anneal-3730-charon-shortname-aeneas-impact-2026-09-29,support/work/run-1/lake-consumer/.lake/build/lib/lean/Probe.olean.hash,16,ca33b40b1cb09a0b8d067b4cd694b9d2d009ac1264b48236d7de7010f357c285,utf8,0 lines
anneal-3730-charon-shortname-aeneas-impact-2026-09-29,support/work/run-1/lake-consumer/.lake/build/lib/lean/Probe.trace,4305,6e85710be65c50ddacde5a992bd83de5b103088651d08671dc1b861137204ee2,utf8,35 lines
anneal-3730-charon-shortname-aeneas-impact-2026-09-29,support/work/run-1/lake-consumer/.lake/config/[anonymous]/lakefile.olean,108488,ffb52eda21c9203b0b8928dceee6e022f0e6d1fa20fa67a15c0a463384026a50,binary,opaque
anneal-3730-charon-shortname-aeneas-impact-2026-09-29,support/work/run-1/lake-consumer/.lake/config/[anonymous]/lakefile.olean.trace,184,129b2b78d8e4b0b4c21a85ed6fd093a16c1687533fd65b794bd1f9183a1bd7c2,utf8,6 lines
anneal-3730-charon-shortname-aeneas-impact-2026-09-29,support/work/run-1/lake-consumer/Probe/Funs.lean,893,8d37f4df6657c7f9a8d6395d121296d593474d027b1f40f610e9a62e0f3aea12,utf8,30 lines
anneal-3730-charon-shortname-aeneas-impact-2026-09-29,support/work/run-1/lake-consumer/Probe/FunsExternal.lean,1125,bb7d27d3d4682c5f04c622402479c4d80c4c6304acb0d923cf6184cab0e86c3f,utf8,29 lines
anneal-3730-charon-shortname-aeneas-impact-2026-09-29,support/work/run-1/lake-consumer/Probe/Types.lean,506,a6c43f99b3360b04150a06bda58a45e4b66c8bb96921ae540cba060bf8733888,utf8,17 lines
anneal-3730-charon-shortname-aeneas-impact-2026-09-29,support/work/run-1/lake-consumer/Probe.lean,18,88d15c5183e48c512f4ecfb38c430356859b255fe1dcf6a613fd51c7ba36820d,utf8,1 lines
anneal-3730-charon-shortname-aeneas-impact-2026-09-29,support/work/run-1/lake-consumer/Proof.lean,154,c7698ec63007650d5efaee89f97bc7691452c647030b92ef2e11348f50e58304,utf8,4 lines
anneal-3730-charon-shortname-aeneas-impact-2026-09-29,support/work/run-1/lake-consumer/lake-manifest.json,3823,670480799c5b6133a5cf925b2fabb97ce209a4f769be0e06dbb5f744f96f9989,json,parsed
anneal-3730-charon-shortname-aeneas-impact-2026-09-29,support/work/run-1/lake-consumer/lakefile.lean,184,0ba27958358a9d0b8805cc4a2bc36d5e95eb42df421ea3f886f412d5d0935b77,utf8,6 lines
anneal-3730-charon-shortname-aeneas-impact-2026-09-29,support/work/run-1/probe.llbc,10936,ec4dc523318d6e1ed34b0d82f3650fe68c69998d17bbd65a3552c19d0cbed1ba,utf8,0 lines
anneal-3730-charon-shortname-aeneas-impact-2026-09-29,support/work/run-2/direct-consumer/Probe/Funs.lean,893,8d37f4df6657c7f9a8d6395d121296d593474d027b1f40f610e9a62e0f3aea12,utf8,30 lines
anneal-3730-charon-shortname-aeneas-impact-2026-09-29,support/work/run-2/direct-consumer/Probe/Funs.olean,5624,18c4956552fee7aa0713c341a2c129d28b3cadcdd755233b42a95d18e26f3e90,binary,opaque
anneal-3730-charon-shortname-aeneas-impact-2026-09-29,support/work/run-2/direct-consumer/Probe/FunsExternal.lean,1125,bb7d27d3d4682c5f04c622402479c4d80c4c6304acb0d923cf6184cab0e86c3f,utf8,29 lines
anneal-3730-charon-shortname-aeneas-impact-2026-09-29,support/work/run-2/direct-consumer/Probe/FunsExternal.olean,5704,8e612021cb706ce8291d7e59233a7de8510e2b92f993db8a8146ab8473ff599a,binary,opaque
anneal-3730-charon-shortname-aeneas-impact-2026-09-29,support/work/run-2/direct-consumer/Probe/Types.lean,506,a6c43f99b3360b04150a06bda58a45e4b66c8bb96921ae540cba060bf8733888,utf8,17 lines
anneal-3730-charon-shortname-aeneas-impact-2026-09-29,support/work/run-2/direct-consumer/Probe/Types.olean,1600,fda0a21d1b6e567b7f7a81a5e72430664c4927d8a6cfeb7272c26de04463af6f,binary,opaque
anneal-3730-charon-shortname-aeneas-impact-2026-09-29,support/work/run-2/direct-consumer/Probe.lean,18,88d15c5183e48c512f4ecfb38c430356859b255fe1dcf6a613fd51c7ba36820d,utf8,1 lines
anneal-3730-charon-shortname-aeneas-impact-2026-09-29,support/work/run-2/direct-consumer/Probe.olean,1312,b60f20428be8684ef615397233669a5c7aaf977f84341d14a02c2ee1175d0fd7,binary,opaque
anneal-3730-charon-shortname-aeneas-impact-2026-09-29,support/work/run-2/direct-consumer/Proof.lean,154,c7698ec63007650d5efaee89f97bc7691452c647030b92ef2e11348f50e58304,utf8,4 lines
anneal-3730-charon-shortname-aeneas-impact-2026-09-29,support/work/run-2/generated/Funs.lean,893,8d37f4df6657c7f9a8d6395d121296d593474d027b1f40f610e9a62e0f3aea12,utf8,30 lines
anneal-3730-charon-shortname-aeneas-impact-2026-09-29,support/work/run-2/generated/FunsExternal_Template.lean,1125,bb7d27d3d4682c5f04c622402479c4d80c4c6304acb0d923cf6184cab0e86c3f,utf8,29 lines
anneal-3730-charon-shortname-aeneas-impact-2026-09-29,support/work/run-2/generated/Probe.lean,18,88d15c5183e48c512f4ecfb38c430356859b255fe1dcf6a613fd51c7ba36820d,utf8,1 lines
anneal-3730-charon-shortname-aeneas-impact-2026-09-29,support/work/run-2/generated/Types.lean,506,a6c43f99b3360b04150a06bda58a45e4b66c8bb96921ae540cba060bf8733888,utf8,17 lines
anneal-3730-charon-shortname-aeneas-impact-2026-09-29,support/work/run-2/lake-consumer/.lake/build/ir/Probe/Funs.c,1696,c34bc34bdb663bb872a18e394ebd2d68bd4a1b9f53064a13330c5c6bb0a673db,utf8,45 lines
anneal-3730-charon-shortname-aeneas-impact-2026-09-29,support/work/run-2/lake-consumer/.lake/build/ir/Probe/Funs.c.hash,16,6dedd1b5a0897e413fe08f94281642dd02011895eec3a74cb9b4b36428610cbb,utf8,0 lines
anneal-3730-charon-shortname-aeneas-impact-2026-09-29,support/work/run-2/lake-consumer/.lake/build/ir/Probe/Funs.setup.json,1071279,bb081239966eb9c645c7b00f7af721cf686cdcdfce15c5ea360034da4242e785,json,parsed
anneal-3730-charon-shortname-aeneas-impact-2026-09-29,support/work/run-2/lake-consumer/.lake/build/ir/Probe/FunsExternal.c,1485,60b0af1df559f383a65aae541e640ab80dcabd2a7b958ae95f8944913054e1b0,utf8,41 lines
anneal-3730-charon-shortname-aeneas-impact-2026-09-29,support/work/run-2/lake-consumer/.lake/build/ir/Probe/FunsExternal.c.hash,16,4106d8a7659c19405863711c13638241a3cfc124ad08a27a40903e7050a0d179,utf8,0 lines
anneal-3730-charon-shortname-aeneas-impact-2026-09-29,support/work/run-2/lake-consumer/.lake/build/ir/Probe/FunsExternal.setup.json,1071002,bc0021b1dcc72e74314526e322235e7bb420ea08e3b5814fd95f23e9fbf7c4c3,json,parsed
anneal-3730-charon-shortname-aeneas-impact-2026-09-29,support/work/run-2/lake-consumer/.lake/build/ir/Probe/Types.c,1265,39caa6f862c4262bc5ecc91cdd800857085e0edbe7fc0f3e977da07c670599a6,utf8,37 lines
anneal-3730-charon-shortname-aeneas-impact-2026-09-29,support/work/run-2/lake-consumer/.lake/build/ir/Probe/Types.c.hash,16,ea776838d854845f4376635519614b1dc34f0bb84762c20b950f6812d6e6d1ca,utf8,0 lines
anneal-3730-charon-shortname-aeneas-impact-2026-09-29,support/work/run-2/lake-consumer/.lake/build/ir/Probe/Types.setup.json,1070724,54c550710abef87edfc75fe80b3d2a41c370c7b806e39f993a843a9150355df3,json,parsed
anneal-3730-charon-shortname-aeneas-impact-2026-09-29,support/work/run-2/lake-consumer/.lake/build/ir/Probe.c,1273,0f3d89f44b8973fe321f1d24c328daebf7ce054a56b5e47d8050c15804781432,utf8,37 lines
anneal-3730-charon-shortname-aeneas-impact-2026-09-29,support/work/run-2/lake-consumer/.lake/build/ir/Probe.c.hash,16,d17ed15f0a3388500a179c488071e405a8279e729e466cdc4fb8d753155d6ed9,utf8,0 lines
anneal-3730-charon-shortname-aeneas-impact-2026-09-29,support/work/run-2/lake-consumer/.lake/build/ir/Probe.setup.json,1071543,060dc5e4fc86805aeb0170708af8239654243d672cc5781a0590d1a716a06ec8,json,parsed
anneal-3730-charon-shortname-aeneas-impact-2026-09-29,support/work/run-2/lake-consumer/.lake/build/lib/lean/Probe/Funs.ilean,1811,dfef7ca9c4f7c7e956aa71eafb6a63ff6cb27f998ecf1a674261ee99653e6727,utf8,0 lines
anneal-3730-charon-shortname-aeneas-impact-2026-09-29,support/work/run-2/lake-consumer/.lake/build/lib/lean/Probe/Funs.ilean.hash,16,1516c355022e31d2d6d0f849d1a21026daa5006b7f3aa2c4eb3263b31c818e8c,utf8,0 lines
anneal-3730-charon-shortname-aeneas-impact-2026-09-29,support/work/run-2/lake-consumer/.lake/build/lib/lean/Probe/Funs.olean,5688,caad6fb36214425ea6051445aaf18b7460561becca2a5eddadbb126b9e5b15ad,binary,opaque
anneal-3730-charon-shortname-aeneas-impact-2026-09-29,support/work/run-2/lake-consumer/.lake/build/lib/lean/Probe/Funs.olean.hash,16,6153ce5f5df402e2aa12bd173a2118006719215a7efe75819038ba83479d51e8,utf8,0 lines
anneal-3730-charon-shortname-aeneas-impact-2026-09-29,support/work/run-2/lake-consumer/.lake/build/lib/lean/Probe/Funs.trace,4615,432abedeba3d5ffe64eafdb2d0495b2199be98483239ff3852df51b3ca3beeb6,utf8,39 lines
anneal-3730-charon-shortname-aeneas-impact-2026-09-29,support/work/run-2/lake-consumer/.lake/build/lib/lean/Probe/FunsExternal.ilean,1479,80bd35a4f53d5589f478a832702de865cc4ddcf870f6596df9729d6bfac76146,utf8,0 lines
anneal-3730-charon-shortname-aeneas-impact-2026-09-29,support/work/run-2/lake-consumer/.lake/build/lib/lean/Probe/FunsExternal.ilean.hash,16,95288eeb690e5e965f2d2c27b31c875cc91acaf88ea0166334edf9af45284084,utf8,0 lines
anneal-3730-charon-shortname-aeneas-impact-2026-09-29,support/work/run-2/lake-consumer/.lake/build/lib/lean/Probe/FunsExternal.olean,5976,4b39ffcec44e2617c32292c727f0187889573da7ce21d89a266234202956efd8,binary,opaque
anneal-3730-charon-shortname-aeneas-impact-2026-09-29,support/work/run-2/lake-consumer/.lake/build/lib/lean/Probe/FunsExternal.olean.hash,16,a3fde72ecd94659a1aa93ba216e1f2f65049283363480359ee40d977d1ac08e0,utf8,0 lines
anneal-3730-charon-shortname-aeneas-impact-2026-09-29,support/work/run-2/lake-consumer/.lake/build/lib/lean/Probe/FunsExternal.trace,4533,f09136b1229c4a0661f23667234a6e93dd40ffe0dc235dea1a61b4318e7818c3,utf8,37 lines
anneal-3730-charon-shortname-aeneas-impact-2026-09-29,support/work/run-2/lake-consumer/.lake/build/lib/lean/Probe/Types.ilean,751,1cd6128348836b3a03c367a39970192c30de77155ed5cf513e4a84d7ba30ed9e,utf8,0 lines
anneal-3730-charon-shortname-aeneas-impact-2026-09-29,support/work/run-2/lake-consumer/.lake/build/lib/lean/Probe/Types.ilean.hash,16,6b7ee9e88493ef7bd8daabdeb256d097a1d19ff1c59da3f77af3eed3a3e45a93,utf8,0 lines
anneal-3730-charon-shortname-aeneas-impact-2026-09-29,support/work/run-2/lake-consumer/.lake/build/lib/lean/Probe/Types.olean,1664,b73bad74922fc9bd686e578e501a9385c0cb9c81f53628fd52cdaff251251f66,binary,opaque
anneal-3730-charon-shortname-aeneas-impact-2026-09-29,support/work/run-2/lake-consumer/.lake/build/lib/lean/Probe/Types.olean.hash,16,d1bee090a9e61bdf411189f3c37fb847ee16f80f7c15ea3805012ccde36a359a,utf8,0 lines
anneal-3730-charon-shortname-aeneas-impact-2026-09-29,support/work/run-2/lake-consumer/.lake/build/lib/lean/Probe/Types.trace,4345,ed4ae5a4a1195f030e2481490c497df883bdff7c17a2672140fb83a3d06deced,utf8,35 lines
anneal-3730-charon-shortname-aeneas-impact-2026-09-29,support/work/run-2/lake-consumer/.lake/build/lib/lean/Probe.ilean,108,879488b701922f3441c885d424dd7dc0a52498ef1570056b2e214c65d61a13d4,utf8,0 lines
anneal-3730-charon-shortname-aeneas-impact-2026-09-29,support/work/run-2/lake-consumer/.lake/build/lib/lean/Probe.ilean.hash,16,e41e80e3a109bb47dc431fe91acf5975c5f3320fdc061b1964a6261ea4bc6045,utf8,0 lines
anneal-3730-charon-shortname-aeneas-impact-2026-09-29,support/work/run-2/lake-consumer/.lake/build/lib/lean/Probe.olean,1376,7a345ac65b31633dc179b6233455e52b657795ac5f2b16b32ff129f8e6ae3d2c,binary,opaque
anneal-3730-charon-shortname-aeneas-impact-2026-09-29,support/work/run-2/lake-consumer/.lake/build/lib/lean/Probe.olean.hash,16,ca33b40b1cb09a0b8d067b4cd694b9d2d009ac1264b48236d7de7010f357c285,utf8,0 lines
anneal-3730-charon-shortname-aeneas-impact-2026-09-29,support/work/run-2/lake-consumer/.lake/build/lib/lean/Probe.trace,4305,f06d64747c3f73af48229e3d7abcab4258a5981f1f941dee8a4ce7665532baff,utf8,35 lines
anneal-3730-charon-shortname-aeneas-impact-2026-09-29,support/work/run-2/lake-consumer/.lake/config/[anonymous]/lakefile.olean,108488,ffb52eda21c9203b0b8928dceee6e022f0e6d1fa20fa67a15c0a463384026a50,binary,opaque
anneal-3730-charon-shortname-aeneas-impact-2026-09-29,support/work/run-2/lake-consumer/.lake/config/[anonymous]/lakefile.olean.trace,184,129b2b78d8e4b0b4c21a85ed6fd093a16c1687533fd65b794bd1f9183a1bd7c2,utf8,6 lines
anneal-3730-charon-shortname-aeneas-impact-2026-09-29,support/work/run-2/lake-consumer/Probe/Funs.lean,893,8d37f4df6657c7f9a8d6395d121296d593474d027b1f40f610e9a62e0f3aea12,utf8,30 lines
anneal-3730-charon-shortname-aeneas-impact-2026-09-29,support/work/run-2/lake-consumer/Probe/FunsExternal.lean,1125,bb7d27d3d4682c5f04c622402479c4d80c4c6304acb0d923cf6184cab0e86c3f,utf8,29 lines
anneal-3730-charon-shortname-aeneas-impact-2026-09-29,support/work/run-2/lake-consumer/Probe/Types.lean,506,a6c43f99b3360b04150a06bda58a45e4b66c8bb96921ae540cba060bf8733888,utf8,17 lines
anneal-3730-charon-shortname-aeneas-impact-2026-09-29,support/work/run-2/lake-consumer/Probe.lean,18,88d15c5183e48c512f4ecfb38c430356859b255fe1dcf6a613fd51c7ba36820d,utf8,1 lines
anneal-3730-charon-shortname-aeneas-impact-2026-09-29,support/work/run-2/lake-consumer/Proof.lean,154,c7698ec63007650d5efaee89f97bc7691452c647030b92ef2e11348f50e58304,utf8,4 lines
anneal-3730-charon-shortname-aeneas-impact-2026-09-29,support/work/run-2/lake-consumer/lake-manifest.json,3823,670480799c5b6133a5cf925b2fabb97ce209a4f769be0e06dbb5f744f96f9989,json,parsed
anneal-3730-charon-shortname-aeneas-impact-2026-09-29,support/work/run-2/lake-consumer/lakefile.lean,184,0ba27958358a9d0b8805cc4a2bc36d5e95eb42df421ea3f886f412d5d0935b77,utf8,6 lines
anneal-3730-charon-shortname-aeneas-impact-2026-09-29,support/work/run-2/probe.llbc,10936,e211fbe97e7193a1253cbd7debe0f60741c6f439494b5a0afab66df76dbed982,utf8,0 lines
anneal-3730-charon-shortname-aeneas-impact-2026-09-29,support/work/run-3/direct-consumer/Probe/Funs.lean,893,8d37f4df6657c7f9a8d6395d121296d593474d027b1f40f610e9a62e0f3aea12,utf8,30 lines
anneal-3730-charon-shortname-aeneas-impact-2026-09-29,support/work/run-3/direct-consumer/Probe/Funs.olean,5624,18c4956552fee7aa0713c341a2c129d28b3cadcdd755233b42a95d18e26f3e90,binary,opaque
anneal-3730-charon-shortname-aeneas-impact-2026-09-29,support/work/run-3/direct-consumer/Probe/FunsExternal.lean,1125,bb7d27d3d4682c5f04c622402479c4d80c4c6304acb0d923cf6184cab0e86c3f,utf8,29 lines
anneal-3730-charon-shortname-aeneas-impact-2026-09-29,support/work/run-3/direct-consumer/Probe/FunsExternal.olean,5704,8e612021cb706ce8291d7e59233a7de8510e2b92f993db8a8146ab8473ff599a,binary,opaque
anneal-3730-charon-shortname-aeneas-impact-2026-09-29,support/work/run-3/direct-consumer/Probe/Types.lean,506,a6c43f99b3360b04150a06bda58a45e4b66c8bb96921ae540cba060bf8733888,utf8,17 lines
anneal-3730-charon-shortname-aeneas-impact-2026-09-29,support/work/run-3/direct-consumer/Probe/Types.olean,1600,fda0a21d1b6e567b7f7a81a5e72430664c4927d8a6cfeb7272c26de04463af6f,binary,opaque
anneal-3730-charon-shortname-aeneas-impact-2026-09-29,support/work/run-3/direct-consumer/Probe.lean,18,88d15c5183e48c512f4ecfb38c430356859b255fe1dcf6a613fd51c7ba36820d,utf8,1 lines
anneal-3730-charon-shortname-aeneas-impact-2026-09-29,support/work/run-3/direct-consumer/Probe.olean,1312,b60f20428be8684ef615397233669a5c7aaf977f84341d14a02c2ee1175d0fd7,binary,opaque
anneal-3730-charon-shortname-aeneas-impact-2026-09-29,support/work/run-3/direct-consumer/Proof.lean,154,c7698ec63007650d5efaee89f97bc7691452c647030b92ef2e11348f50e58304,utf8,4 lines
anneal-3730-charon-shortname-aeneas-impact-2026-09-29,support/work/run-3/generated/Funs.lean,893,8d37f4df6657c7f9a8d6395d121296d593474d027b1f40f610e9a62e0f3aea12,utf8,30 lines
anneal-3730-charon-shortname-aeneas-impact-2026-09-29,support/work/run-3/generated/FunsExternal_Template.lean,1125,bb7d27d3d4682c5f04c622402479c4d80c4c6304acb0d923cf6184cab0e86c3f,utf8,29 lines
anneal-3730-charon-shortname-aeneas-impact-2026-09-29,support/work/run-3/generated/Probe.lean,18,88d15c5183e48c512f4ecfb38c430356859b255fe1dcf6a613fd51c7ba36820d,utf8,1 lines
anneal-3730-charon-shortname-aeneas-impact-2026-09-29,support/work/run-3/generated/Types.lean,506,a6c43f99b3360b04150a06bda58a45e4b66c8bb96921ae540cba060bf8733888,utf8,17 lines
anneal-3730-charon-shortname-aeneas-impact-2026-09-29,support/work/run-3/lake-consumer/.lake/build/ir/Probe/Funs.c,1696,c34bc34bdb663bb872a18e394ebd2d68bd4a1b9f53064a13330c5c6bb0a673db,utf8,45 lines
anneal-3730-charon-shortname-aeneas-impact-2026-09-29,support/work/run-3/lake-consumer/.lake/build/ir/Probe/Funs.c.hash,16,6dedd1b5a0897e413fe08f94281642dd02011895eec3a74cb9b4b36428610cbb,utf8,0 lines
anneal-3730-charon-shortname-aeneas-impact-2026-09-29,support/work/run-3/lake-consumer/.lake/build/ir/Probe/Funs.setup.json,1071279,501df797a2a55cad4d3d423be582d2c7f26776338eafcefd0341ff993debb677,json,parsed
anneal-3730-charon-shortname-aeneas-impact-2026-09-29,support/work/run-3/lake-consumer/.lake/build/ir/Probe/FunsExternal.c,1485,60b0af1df559f383a65aae541e640ab80dcabd2a7b958ae95f8944913054e1b0,utf8,41 lines
anneal-3730-charon-shortname-aeneas-impact-2026-09-29,support/work/run-3/lake-consumer/.lake/build/ir/Probe/FunsExternal.c.hash,16,4106d8a7659c19405863711c13638241a3cfc124ad08a27a40903e7050a0d179,utf8,0 lines
anneal-3730-charon-shortname-aeneas-impact-2026-09-29,support/work/run-3/lake-consumer/.lake/build/ir/Probe/FunsExternal.setup.json,1071002,f814df0e2893b5b6f2695c533bb21f3a29d515e26f5281c3662936dd91b175a0,json,parsed
anneal-3730-charon-shortname-aeneas-impact-2026-09-29,support/work/run-3/lake-consumer/.lake/build/ir/Probe/Types.c,1265,39caa6f862c4262bc5ecc91cdd800857085e0edbe7fc0f3e977da07c670599a6,utf8,37 lines
anneal-3730-charon-shortname-aeneas-impact-2026-09-29,support/work/run-3/lake-consumer/.lake/build/ir/Probe/Types.c.hash,16,ea776838d854845f4376635519614b1dc34f0bb84762c20b950f6812d6e6d1ca,utf8,0 lines
anneal-3730-charon-shortname-aeneas-impact-2026-09-29,support/work/run-3/lake-consumer/.lake/build/ir/Probe/Types.setup.json,1070724,54c550710abef87edfc75fe80b3d2a41c370c7b806e39f993a843a9150355df3,json,parsed
anneal-3730-charon-shortname-aeneas-impact-2026-09-29,support/work/run-3/lake-consumer/.lake/build/ir/Probe.c,1273,0f3d89f44b8973fe321f1d24c328daebf7ce054a56b5e47d8050c15804781432,utf8,37 lines
anneal-3730-charon-shortname-aeneas-impact-2026-09-29,support/work/run-3/lake-consumer/.lake/build/ir/Probe.c.hash,16,d17ed15f0a3388500a179c488071e405a8279e729e466cdc4fb8d753155d6ed9,utf8,0 lines
anneal-3730-charon-shortname-aeneas-impact-2026-09-29,support/work/run-3/lake-consumer/.lake/build/ir/Probe.setup.json,1071543,e33f92022290e0b7d30dad234b0524d0f2d7f8e812f00b2c416ac0fefc27602e,json,parsed
anneal-3730-charon-shortname-aeneas-impact-2026-09-29,support/work/run-3/lake-consumer/.lake/build/lib/lean/Probe/Funs.ilean,1811,dfef7ca9c4f7c7e956aa71eafb6a63ff6cb27f998ecf1a674261ee99653e6727,utf8,0 lines
anneal-3730-charon-shortname-aeneas-impact-2026-09-29,support/work/run-3/lake-consumer/.lake/build/lib/lean/Probe/Funs.ilean.hash,16,1516c355022e31d2d6d0f849d1a21026daa5006b7f3aa2c4eb3263b31c818e8c,utf8,0 lines
anneal-3730-charon-shortname-aeneas-impact-2026-09-29,support/work/run-3/lake-consumer/.lake/build/lib/lean/Probe/Funs.olean,5688,caad6fb36214425ea6051445aaf18b7460561becca2a5eddadbb126b9e5b15ad,binary,opaque
anneal-3730-charon-shortname-aeneas-impact-2026-09-29,support/work/run-3/lake-consumer/.lake/build/lib/lean/Probe/Funs.olean.hash,16,6153ce5f5df402e2aa12bd173a2118006719215a7efe75819038ba83479d51e8,utf8,0 lines
anneal-3730-charon-shortname-aeneas-impact-2026-09-29,support/work/run-3/lake-consumer/.lake/build/lib/lean/Probe/Funs.trace,4615,728e3bbd3522bcb52254d7d08648055c1abc46d26300fbc9492a721a09f88288,utf8,39 lines
anneal-3730-charon-shortname-aeneas-impact-2026-09-29,support/work/run-3/lake-consumer/.lake/build/lib/lean/Probe/FunsExternal.ilean,1479,80bd35a4f53d5589f478a832702de865cc4ddcf870f6596df9729d6bfac76146,utf8,0 lines
anneal-3730-charon-shortname-aeneas-impact-2026-09-29,support/work/run-3/lake-consumer/.lake/build/lib/lean/Probe/FunsExternal.ilean.hash,16,95288eeb690e5e965f2d2c27b31c875cc91acaf88ea0166334edf9af45284084,utf8,0 lines
anneal-3730-charon-shortname-aeneas-impact-2026-09-29,support/work/run-3/lake-consumer/.lake/build/lib/lean/Probe/FunsExternal.olean,5976,ba8107d437b7314d94f030355573ffecc53a21c8693586e2ad883846025c83a2,binary,opaque
anneal-3730-charon-shortname-aeneas-impact-2026-09-29,support/work/run-3/lake-consumer/.lake/build/lib/lean/Probe/FunsExternal.olean.hash,16,266b085676873cac17e35d0aa7a68e411ef69bf378b7f1f3d6cc068a00be29d1,utf8,0 lines
anneal-3730-charon-shortname-aeneas-impact-2026-09-29,support/work/run-3/lake-consumer/.lake/build/lib/lean/Probe/FunsExternal.trace,4533,c843591dc36bb6be26389808e60731684d485139d60690557292672e7e503116,utf8,37 lines
anneal-3730-charon-shortname-aeneas-impact-2026-09-29,support/work/run-3/lake-consumer/.lake/build/lib/lean/Probe/Types.ilean,751,1cd6128348836b3a03c367a39970192c30de77155ed5cf513e4a84d7ba30ed9e,utf8,0 lines
anneal-3730-charon-shortname-aeneas-impact-2026-09-29,support/work/run-3/lake-consumer/.lake/build/lib/lean/Probe/Types.ilean.hash,16,6b7ee9e88493ef7bd8daabdeb256d097a1d19ff1c59da3f77af3eed3a3e45a93,utf8,0 lines
anneal-3730-charon-shortname-aeneas-impact-2026-09-29,support/work/run-3/lake-consumer/.lake/build/lib/lean/Probe/Types.olean,1664,b73bad74922fc9bd686e578e501a9385c0cb9c81f53628fd52cdaff251251f66,binary,opaque
anneal-3730-charon-shortname-aeneas-impact-2026-09-29,support/work/run-3/lake-consumer/.lake/build/lib/lean/Probe/Types.olean.hash,16,d1bee090a9e61bdf411189f3c37fb847ee16f80f7c15ea3805012ccde36a359a,utf8,0 lines
anneal-3730-charon-shortname-aeneas-impact-2026-09-29,support/work/run-3/lake-consumer/.lake/build/lib/lean/Probe/Types.trace,4345,037c35483bcb87319d1c70538f19c00e0d56891cf6bbe989438e4d7a533c3a3b,utf8,35 lines
anneal-3730-charon-shortname-aeneas-impact-2026-09-29,support/work/run-3/lake-consumer/.lake/build/lib/lean/Probe.ilean,108,879488b701922f3441c885d424dd7dc0a52498ef1570056b2e214c65d61a13d4,utf8,0 lines
anneal-3730-charon-shortname-aeneas-impact-2026-09-29,support/work/run-3/lake-consumer/.lake/build/lib/lean/Probe.ilean.hash,16,e41e80e3a109bb47dc431fe91acf5975c5f3320fdc061b1964a6261ea4bc6045,utf8,0 lines
anneal-3730-charon-shortname-aeneas-impact-2026-09-29,support/work/run-3/lake-consumer/.lake/build/lib/lean/Probe.olean,1376,7a345ac65b31633dc179b6233455e52b657795ac5f2b16b32ff129f8e6ae3d2c,binary,opaque
anneal-3730-charon-shortname-aeneas-impact-2026-09-29,support/work/run-3/lake-consumer/.lake/build/lib/lean/Probe.olean.hash,16,ca33b40b1cb09a0b8d067b4cd694b9d2d009ac1264b48236d7de7010f357c285,utf8,0 lines
anneal-3730-charon-shortname-aeneas-impact-2026-09-29,support/work/run-3/lake-consumer/.lake/build/lib/lean/Probe.trace,4305,cdc044e04b9ef339728ac366ff4192a330780b492c2cc745a8e5bd02e50206b7,utf8,35 lines
anneal-3730-charon-shortname-aeneas-impact-2026-09-29,support/work/run-3/lake-consumer/.lake/config/[anonymous]/lakefile.olean,108488,ffb52eda21c9203b0b8928dceee6e022f0e6d1fa20fa67a15c0a463384026a50,binary,opaque
anneal-3730-charon-shortname-aeneas-impact-2026-09-29,support/work/run-3/lake-consumer/.lake/config/[anonymous]/lakefile.olean.trace,184,129b2b78d8e4b0b4c21a85ed6fd093a16c1687533fd65b794bd1f9183a1bd7c2,utf8,6 lines
anneal-3730-charon-shortname-aeneas-impact-2026-09-29,support/work/run-3/lake-consumer/Probe/Funs.lean,893,8d37f4df6657c7f9a8d6395d121296d593474d027b1f40f610e9a62e0f3aea12,utf8,30 lines
anneal-3730-charon-shortname-aeneas-impact-2026-09-29,support/work/run-3/lake-consumer/Probe/FunsExternal.lean,1125,bb7d27d3d4682c5f04c622402479c4d80c4c6304acb0d923cf6184cab0e86c3f,utf8,29 lines
anneal-3730-charon-shortname-aeneas-impact-2026-09-29,support/work/run-3/lake-consumer/Probe/Types.lean,506,a6c43f99b3360b04150a06bda58a45e4b66c8bb96921ae540cba060bf8733888,utf8,17 lines
anneal-3730-charon-shortname-aeneas-impact-2026-09-29,support/work/run-3/lake-consumer/Probe.lean,18,88d15c5183e48c512f4ecfb38c430356859b255fe1dcf6a613fd51c7ba36820d,utf8,1 lines
anneal-3730-charon-shortname-aeneas-impact-2026-09-29,support/work/run-3/lake-consumer/Proof.lean,154,c7698ec63007650d5efaee89f97bc7691452c647030b92ef2e11348f50e58304,utf8,4 lines
anneal-3730-charon-shortname-aeneas-impact-2026-09-29,support/work/run-3/lake-consumer/lake-manifest.json,3823,670480799c5b6133a5cf925b2fabb97ce209a4f769be0e06dbb5f744f96f9989,json,parsed
anneal-3730-charon-shortname-aeneas-impact-2026-09-29,support/work/run-3/lake-consumer/lakefile.lean,184,0ba27958358a9d0b8805cc4a2bc36d5e95eb42df421ea3f886f412d5d0935b77,utf8,6 lines
anneal-3730-charon-shortname-aeneas-impact-2026-09-29,support/work/run-3/probe.llbc,10936,bb30246bfd6f73598dd2b451125bc8c326eff61c2cb137fded8f4b0c7bffc2e5,utf8,0 lines
anneal-3730-charon-shortname-aeneas-impact-2026-09-29,support/work/run-4/direct-consumer/Probe/Funs.lean,893,8d37f4df6657c7f9a8d6395d121296d593474d027b1f40f610e9a62e0f3aea12,utf8,30 lines
anneal-3730-charon-shortname-aeneas-impact-2026-09-29,support/work/run-4/direct-consumer/Probe/Funs.olean,5624,18c4956552fee7aa0713c341a2c129d28b3cadcdd755233b42a95d18e26f3e90,binary,opaque
anneal-3730-charon-shortname-aeneas-impact-2026-09-29,support/work/run-4/direct-consumer/Probe/FunsExternal.lean,1125,bb7d27d3d4682c5f04c622402479c4d80c4c6304acb0d923cf6184cab0e86c3f,utf8,29 lines
anneal-3730-charon-shortname-aeneas-impact-2026-09-29,support/work/run-4/direct-consumer/Probe/FunsExternal.olean,5704,8e612021cb706ce8291d7e59233a7de8510e2b92f993db8a8146ab8473ff599a,binary,opaque
anneal-3730-charon-shortname-aeneas-impact-2026-09-29,support/work/run-4/direct-consumer/Probe/Types.lean,506,a6c43f99b3360b04150a06bda58a45e4b66c8bb96921ae540cba060bf8733888,utf8,17 lines
anneal-3730-charon-shortname-aeneas-impact-2026-09-29,support/work/run-4/direct-consumer/Probe/Types.olean,1600,fda0a21d1b6e567b7f7a81a5e72430664c4927d8a6cfeb7272c26de04463af6f,binary,opaque
anneal-3730-charon-shortname-aeneas-impact-2026-09-29,support/work/run-4/direct-consumer/Probe.lean,18,88d15c5183e48c512f4ecfb38c430356859b255fe1dcf6a613fd51c7ba36820d,utf8,1 lines
anneal-3730-charon-shortname-aeneas-impact-2026-09-29,support/work/run-4/direct-consumer/Probe.olean,1312,b60f20428be8684ef615397233669a5c7aaf977f84341d14a02c2ee1175d0fd7,binary,opaque
anneal-3730-charon-shortname-aeneas-impact-2026-09-29,support/work/run-4/direct-consumer/Proof.lean,154,c7698ec63007650d5efaee89f97bc7691452c647030b92ef2e11348f50e58304,utf8,4 lines
anneal-3730-charon-shortname-aeneas-impact-2026-09-29,support/work/run-4/generated/Funs.lean,893,8d37f4df6657c7f9a8d6395d121296d593474d027b1f40f610e9a62e0f3aea12,utf8,30 lines
anneal-3730-charon-shortname-aeneas-impact-2026-09-29,support/work/run-4/generated/FunsExternal_Template.lean,1125,bb7d27d3d4682c5f04c622402479c4d80c4c6304acb0d923cf6184cab0e86c3f,utf8,29 lines
anneal-3730-charon-shortname-aeneas-impact-2026-09-29,support/work/run-4/generated/Probe.lean,18,88d15c5183e48c512f4ecfb38c430356859b255fe1dcf6a613fd51c7ba36820d,utf8,1 lines
anneal-3730-charon-shortname-aeneas-impact-2026-09-29,support/work/run-4/generated/Types.lean,506,a6c43f99b3360b04150a06bda58a45e4b66c8bb96921ae540cba060bf8733888,utf8,17 lines
anneal-3730-charon-shortname-aeneas-impact-2026-09-29,support/work/run-4/lake-consumer/.lake/build/ir/Probe/Funs.c,1696,c34bc34bdb663bb872a18e394ebd2d68bd4a1b9f53064a13330c5c6bb0a673db,utf8,45 lines
anneal-3730-charon-shortname-aeneas-impact-2026-09-29,support/work/run-4/lake-consumer/.lake/build/ir/Probe/Funs.c.hash,16,6dedd1b5a0897e413fe08f94281642dd02011895eec3a74cb9b4b36428610cbb,utf8,0 lines
anneal-3730-charon-shortname-aeneas-impact-2026-09-29,support/work/run-4/lake-consumer/.lake/build/ir/Probe/Funs.setup.json,1071279,c6c12979f530faadc906c3d8a39e330cde35a116df12b21a612580e5a775042b,json,parsed
anneal-3730-charon-shortname-aeneas-impact-2026-09-29,support/work/run-4/lake-consumer/.lake/build/ir/Probe/FunsExternal.c,1485,60b0af1df559f383a65aae541e640ab80dcabd2a7b958ae95f8944913054e1b0,utf8,41 lines
anneal-3730-charon-shortname-aeneas-impact-2026-09-29,support/work/run-4/lake-consumer/.lake/build/ir/Probe/FunsExternal.c.hash,16,4106d8a7659c19405863711c13638241a3cfc124ad08a27a40903e7050a0d179,utf8,0 lines
anneal-3730-charon-shortname-aeneas-impact-2026-09-29,support/work/run-4/lake-consumer/.lake/build/ir/Probe/FunsExternal.setup.json,1071002,f0b9f7a7ef1ccd3436fa4b326b217d248380839b2a5d266b387ae1a8bb289adc,json,parsed
anneal-3730-charon-shortname-aeneas-impact-2026-09-29,support/work/run-4/lake-consumer/.lake/build/ir/Probe/Types.c,1265,39caa6f862c4262bc5ecc91cdd800857085e0edbe7fc0f3e977da07c670599a6,utf8,37 lines
anneal-3730-charon-shortname-aeneas-impact-2026-09-29,support/work/run-4/lake-consumer/.lake/build/ir/Probe/Types.c.hash,16,ea776838d854845f4376635519614b1dc34f0bb84762c20b950f6812d6e6d1ca,utf8,0 lines
anneal-3730-charon-shortname-aeneas-impact-2026-09-29,support/work/run-4/lake-consumer/.lake/build/ir/Probe/Types.setup.json,1070724,54c550710abef87edfc75fe80b3d2a41c370c7b806e39f993a843a9150355df3,json,parsed
anneal-3730-charon-shortname-aeneas-impact-2026-09-29,support/work/run-4/lake-consumer/.lake/build/ir/Probe.c,1273,0f3d89f44b8973fe321f1d24c328daebf7ce054a56b5e47d8050c15804781432,utf8,37 lines
anneal-3730-charon-shortname-aeneas-impact-2026-09-29,support/work/run-4/lake-consumer/.lake/build/ir/Probe.c.hash,16,d17ed15f0a3388500a179c488071e405a8279e729e466cdc4fb8d753155d6ed9,utf8,0 lines
anneal-3730-charon-shortname-aeneas-impact-2026-09-29,support/work/run-4/lake-consumer/.lake/build/ir/Probe.setup.json,1071543,961af277a7782a8c6ace8878f901fe9853c1012e866032f0f9eede193a67ccb9,json,parsed
anneal-3730-charon-shortname-aeneas-impact-2026-09-29,support/work/run-4/lake-consumer/.lake/build/lib/lean/Probe/Funs.ilean,1811,dfef7ca9c4f7c7e956aa71eafb6a63ff6cb27f998ecf1a674261ee99653e6727,utf8,0 lines
anneal-3730-charon-shortname-aeneas-impact-2026-09-29,support/work/run-4/lake-consumer/.lake/build/lib/lean/Probe/Funs.ilean.hash,16,1516c355022e31d2d6d0f849d1a21026daa5006b7f3aa2c4eb3263b31c818e8c,utf8,0 lines
anneal-3730-charon-shortname-aeneas-impact-2026-09-29,support/work/run-4/lake-consumer/.lake/build/lib/lean/Probe/Funs.olean,5688,caad6fb36214425ea6051445aaf18b7460561becca2a5eddadbb126b9e5b15ad,binary,opaque
anneal-3730-charon-shortname-aeneas-impact-2026-09-29,support/work/run-4/lake-consumer/.lake/build/lib/lean/Probe/Funs.olean.hash,16,6153ce5f5df402e2aa12bd173a2118006719215a7efe75819038ba83479d51e8,utf8,0 lines
anneal-3730-charon-shortname-aeneas-impact-2026-09-29,support/work/run-4/lake-consumer/.lake/build/lib/lean/Probe/Funs.trace,4615,bb95dd5075bf08e20bcada0746c5c7542dada9447c3423bbe375b38326d03756,utf8,39 lines
anneal-3730-charon-shortname-aeneas-impact-2026-09-29,support/work/run-4/lake-consumer/.lake/build/lib/lean/Probe/FunsExternal.ilean,1479,80bd35a4f53d5589f478a832702de865cc4ddcf870f6596df9729d6bfac76146,utf8,0 lines
anneal-3730-charon-shortname-aeneas-impact-2026-09-29,support/work/run-4/lake-consumer/.lake/build/lib/lean/Probe/FunsExternal.ilean.hash,16,95288eeb690e5e965f2d2c27b31c875cc91acaf88ea0166334edf9af45284084,utf8,0 lines
anneal-3730-charon-shortname-aeneas-impact-2026-09-29,support/work/run-4/lake-consumer/.lake/build/lib/lean/Probe/FunsExternal.olean,5976,62b483de4203160201e9f238b79f32f6bc28d3d9babace464c80806916852a7b,binary,opaque
anneal-3730-charon-shortname-aeneas-impact-2026-09-29,support/work/run-4/lake-consumer/.lake/build/lib/lean/Probe/FunsExternal.olean.hash,16,f6769dd76dc35b94b0fda3e92d1ee8662260c6e67a374aac07d970afb5160872,utf8,0 lines
anneal-3730-charon-shortname-aeneas-impact-2026-09-29,support/work/run-4/lake-consumer/.lake/build/lib/lean/Probe/FunsExternal.trace,4533,fd17eeeb641fc027bc67e622c0111ba60370bf243a9f97962defd559136e8b9e,utf8,37 lines
anneal-3730-charon-shortname-aeneas-impact-2026-09-29,support/work/run-4/lake-consumer/.lake/build/lib/lean/Probe/Types.ilean,751,1cd6128348836b3a03c367a39970192c30de77155ed5cf513e4a84d7ba30ed9e,utf8,0 lines
anneal-3730-charon-shortname-aeneas-impact-2026-09-29,support/work/run-4/lake-consumer/.lake/build/lib/lean/Probe/Types.ilean.hash,16,6b7ee9e88493ef7bd8daabdeb256d097a1d19ff1c59da3f77af3eed3a3e45a93,utf8,0 lines
anneal-3730-charon-shortname-aeneas-impact-2026-09-29,support/work/run-4/lake-consumer/.lake/build/lib/lean/Probe/Types.olean,1664,b73bad74922fc9bd686e578e501a9385c0cb9c81f53628fd52cdaff251251f66,binary,opaque
anneal-3730-charon-shortname-aeneas-impact-2026-09-29,support/work/run-4/lake-consumer/.lake/build/lib/lean/Probe/Types.olean.hash,16,d1bee090a9e61bdf411189f3c37fb847ee16f80f7c15ea3805012ccde36a359a,utf8,0 lines
anneal-3730-charon-shortname-aeneas-impact-2026-09-29,support/work/run-4/lake-consumer/.lake/build/lib/lean/Probe/Types.trace,4345,f7da39a9f5f747f898136aa578bb7cc2df516d7bff3a2dbb5b7a64ae8a688c74,utf8,35 lines
anneal-3730-charon-shortname-aeneas-impact-2026-09-29,support/work/run-4/lake-consumer/.lake/build/lib/lean/Probe.ilean,108,879488b701922f3441c885d424dd7dc0a52498ef1570056b2e214c65d61a13d4,utf8,0 lines
anneal-3730-charon-shortname-aeneas-impact-2026-09-29,support/work/run-4/lake-consumer/.lake/build/lib/lean/Probe.ilean.hash,16,e41e80e3a109bb47dc431fe91acf5975c5f3320fdc061b1964a6261ea4bc6045,utf8,0 lines
anneal-3730-charon-shortname-aeneas-impact-2026-09-29,support/work/run-4/lake-consumer/.lake/build/lib/lean/Probe.olean,1376,7a345ac65b31633dc179b6233455e52b657795ac5f2b16b32ff129f8e6ae3d2c,binary,opaque
anneal-3730-charon-shortname-aeneas-impact-2026-09-29,support/work/run-4/lake-consumer/.lake/build/lib/lean/Probe.olean.hash,16,ca33b40b1cb09a0b8d067b4cd694b9d2d009ac1264b48236d7de7010f357c285,utf8,0 lines
anneal-3730-charon-shortname-aeneas-impact-2026-09-29,support/work/run-4/lake-consumer/.lake/build/lib/lean/Probe.trace,4305,bec21f7aae20c3865316ccec8627d12269ae65fd8720e55ba3fc02fcc1a8cc02,utf8,35 lines
anneal-3730-charon-shortname-aeneas-impact-2026-09-29,support/work/run-4/lake-consumer/.lake/config/[anonymous]/lakefile.olean,108488,ffb52eda21c9203b0b8928dceee6e022f0e6d1fa20fa67a15c0a463384026a50,binary,opaque
anneal-3730-charon-shortname-aeneas-impact-2026-09-29,support/work/run-4/lake-consumer/.lake/config/[anonymous]/lakefile.olean.trace,184,129b2b78d8e4b0b4c21a85ed6fd093a16c1687533fd65b794bd1f9183a1bd7c2,utf8,6 lines
anneal-3730-charon-shortname-aeneas-impact-2026-09-29,support/work/run-4/lake-consumer/Probe/Funs.lean,893,8d37f4df6657c7f9a8d6395d121296d593474d027b1f40f610e9a62e0f3aea12,utf8,30 lines
anneal-3730-charon-shortname-aeneas-impact-2026-09-29,support/work/run-4/lake-consumer/Probe/FunsExternal.lean,1125,bb7d27d3d4682c5f04c622402479c4d80c4c6304acb0d923cf6184cab0e86c3f,utf8,29 lines
anneal-3730-charon-shortname-aeneas-impact-2026-09-29,support/work/run-4/lake-consumer/Probe/Types.lean,506,a6c43f99b3360b04150a06bda58a45e4b66c8bb96921ae540cba060bf8733888,utf8,17 lines
anneal-3730-charon-shortname-aeneas-impact-2026-09-29,support/work/run-4/lake-consumer/Probe.lean,18,88d15c5183e48c512f4ecfb38c430356859b255fe1dcf6a613fd51c7ba36820d,utf8,1 lines
anneal-3730-charon-shortname-aeneas-impact-2026-09-29,support/work/run-4/lake-consumer/Proof.lean,154,c7698ec63007650d5efaee89f97bc7691452c647030b92ef2e11348f50e58304,utf8,4 lines
anneal-3730-charon-shortname-aeneas-impact-2026-09-29,support/work/run-4/lake-consumer/lake-manifest.json,3823,670480799c5b6133a5cf925b2fabb97ce209a4f769be0e06dbb5f744f96f9989,json,parsed
anneal-3730-charon-shortname-aeneas-impact-2026-09-29,support/work/run-4/lake-consumer/lakefile.lean,184,0ba27958358a9d0b8805cc4a2bc36d5e95eb42df421ea3f886f412d5d0935b77,utf8,6 lines
anneal-3730-charon-shortname-aeneas-impact-2026-09-29,support/work/run-4/probe.llbc,10936,5fcf6f2673878efe6d3c0aa3ab67541f6f8568ff9614a2951a41ee64cd53c436,utf8,0 lines
anneal-3730-charon-shortname-aeneas-impact-2026-09-29,support/work/run-5/direct-consumer/Probe/Funs.lean,893,8d37f4df6657c7f9a8d6395d121296d593474d027b1f40f610e9a62e0f3aea12,utf8,30 lines
anneal-3730-charon-shortname-aeneas-impact-2026-09-29,support/work/run-5/direct-consumer/Probe/Funs.olean,5624,18c4956552fee7aa0713c341a2c129d28b3cadcdd755233b42a95d18e26f3e90,binary,opaque
anneal-3730-charon-shortname-aeneas-impact-2026-09-29,support/work/run-5/direct-consumer/Probe/FunsExternal.lean,1125,bb7d27d3d4682c5f04c622402479c4d80c4c6304acb0d923cf6184cab0e86c3f,utf8,29 lines
anneal-3730-charon-shortname-aeneas-impact-2026-09-29,support/work/run-5/direct-consumer/Probe/FunsExternal.olean,5704,8e612021cb706ce8291d7e59233a7de8510e2b92f993db8a8146ab8473ff599a,binary,opaque
anneal-3730-charon-shortname-aeneas-impact-2026-09-29,support/work/run-5/direct-consumer/Probe/Types.lean,506,a6c43f99b3360b04150a06bda58a45e4b66c8bb96921ae540cba060bf8733888,utf8,17 lines
anneal-3730-charon-shortname-aeneas-impact-2026-09-29,support/work/run-5/direct-consumer/Probe/Types.olean,1600,fda0a21d1b6e567b7f7a81a5e72430664c4927d8a6cfeb7272c26de04463af6f,binary,opaque
anneal-3730-charon-shortname-aeneas-impact-2026-09-29,support/work/run-5/direct-consumer/Probe.lean,18,88d15c5183e48c512f4ecfb38c430356859b255fe1dcf6a613fd51c7ba36820d,utf8,1 lines
anneal-3730-charon-shortname-aeneas-impact-2026-09-29,support/work/run-5/direct-consumer/Probe.olean,1312,b60f20428be8684ef615397233669a5c7aaf977f84341d14a02c2ee1175d0fd7,binary,opaque
anneal-3730-charon-shortname-aeneas-impact-2026-09-29,support/work/run-5/direct-consumer/Proof.lean,154,c7698ec63007650d5efaee89f97bc7691452c647030b92ef2e11348f50e58304,utf8,4 lines
anneal-3730-charon-shortname-aeneas-impact-2026-09-29,support/work/run-5/generated/Funs.lean,893,8d37f4df6657c7f9a8d6395d121296d593474d027b1f40f610e9a62e0f3aea12,utf8,30 lines
anneal-3730-charon-shortname-aeneas-impact-2026-09-29,support/work/run-5/generated/FunsExternal_Template.lean,1125,bb7d27d3d4682c5f04c622402479c4d80c4c6304acb0d923cf6184cab0e86c3f,utf8,29 lines
anneal-3730-charon-shortname-aeneas-impact-2026-09-29,support/work/run-5/generated/Probe.lean,18,88d15c5183e48c512f4ecfb38c430356859b255fe1dcf6a613fd51c7ba36820d,utf8,1 lines
anneal-3730-charon-shortname-aeneas-impact-2026-09-29,support/work/run-5/generated/Types.lean,506,a6c43f99b3360b04150a06bda58a45e4b66c8bb96921ae540cba060bf8733888,utf8,17 lines
anneal-3730-charon-shortname-aeneas-impact-2026-09-29,support/work/run-5/lake-consumer/.lake/build/ir/Probe/Funs.c,1696,c34bc34bdb663bb872a18e394ebd2d68bd4a1b9f53064a13330c5c6bb0a673db,utf8,45 lines
anneal-3730-charon-shortname-aeneas-impact-2026-09-29,support/work/run-5/lake-consumer/.lake/build/ir/Probe/Funs.c.hash,16,6dedd1b5a0897e413fe08f94281642dd02011895eec3a74cb9b4b36428610cbb,utf8,0 lines
anneal-3730-charon-shortname-aeneas-impact-2026-09-29,support/work/run-5/lake-consumer/.lake/build/ir/Probe/Funs.setup.json,1071279,aaf63895b340348d4627a9c057b33cd3a73fc6027bc804ae686ceefdee69aeec,json,parsed
anneal-3730-charon-shortname-aeneas-impact-2026-09-29,support/work/run-5/lake-consumer/.lake/build/ir/Probe/FunsExternal.c,1485,60b0af1df559f383a65aae541e640ab80dcabd2a7b958ae95f8944913054e1b0,utf8,41 lines
anneal-3730-charon-shortname-aeneas-impact-2026-09-29,support/work/run-5/lake-consumer/.lake/build/ir/Probe/FunsExternal.c.hash,16,4106d8a7659c19405863711c13638241a3cfc124ad08a27a40903e7050a0d179,utf8,0 lines
anneal-3730-charon-shortname-aeneas-impact-2026-09-29,support/work/run-5/lake-consumer/.lake/build/ir/Probe/FunsExternal.setup.json,1071002,ffef56cdb733d982791f9682de91d6c3d0c0bb8aeacd46fe4ea3d1abd319618c,json,parsed
anneal-3730-charon-shortname-aeneas-impact-2026-09-29,support/work/run-5/lake-consumer/.lake/build/ir/Probe/Types.c,1265,39caa6f862c4262bc5ecc91cdd800857085e0edbe7fc0f3e977da07c670599a6,utf8,37 lines
anneal-3730-charon-shortname-aeneas-impact-2026-09-29,support/work/run-5/lake-consumer/.lake/build/ir/Probe/Types.c.hash,16,ea776838d854845f4376635519614b1dc34f0bb84762c20b950f6812d6e6d1ca,utf8,0 lines
anneal-3730-charon-shortname-aeneas-impact-2026-09-29,support/work/run-5/lake-consumer/.lake/build/ir/Probe/Types.setup.json,1070724,54c550710abef87edfc75fe80b3d2a41c370c7b806e39f993a843a9150355df3,json,parsed
anneal-3730-charon-shortname-aeneas-impact-2026-09-29,support/work/run-5/lake-consumer/.lake/build/ir/Probe.c,1273,0f3d89f44b8973fe321f1d24c328daebf7ce054a56b5e47d8050c15804781432,utf8,37 lines
anneal-3730-charon-shortname-aeneas-impact-2026-09-29,support/work/run-5/lake-consumer/.lake/build/ir/Probe.c.hash,16,d17ed15f0a3388500a179c488071e405a8279e729e466cdc4fb8d753155d6ed9,utf8,0 lines
anneal-3730-charon-shortname-aeneas-impact-2026-09-29,support/work/run-5/lake-consumer/.lake/build/ir/Probe.setup.json,1071543,9d31cef34d748344a362acb20903c22822b988a97b0f10ae78e3f469f85f532e,json,parsed
anneal-3730-charon-shortname-aeneas-impact-2026-09-29,support/work/run-5/lake-consumer/.lake/build/lib/lean/Probe/Funs.ilean,1811,dfef7ca9c4f7c7e956aa71eafb6a63ff6cb27f998ecf1a674261ee99653e6727,utf8,0 lines
anneal-3730-charon-shortname-aeneas-impact-2026-09-29,support/work/run-5/lake-consumer/.lake/build/lib/lean/Probe/Funs.ilean.hash,16,1516c355022e31d2d6d0f849d1a21026daa5006b7f3aa2c4eb3263b31c818e8c,utf8,0 lines
anneal-3730-charon-shortname-aeneas-impact-2026-09-29,support/work/run-5/lake-consumer/.lake/build/lib/lean/Probe/Funs.olean,5688,caad6fb36214425ea6051445aaf18b7460561becca2a5eddadbb126b9e5b15ad,binary,opaque
anneal-3730-charon-shortname-aeneas-impact-2026-09-29,support/work/run-5/lake-consumer/.lake/build/lib/lean/Probe/Funs.olean.hash,16,6153ce5f5df402e2aa12bd173a2118006719215a7efe75819038ba83479d51e8,utf8,0 lines
anneal-3730-charon-shortname-aeneas-impact-2026-09-29,support/work/run-5/lake-consumer/.lake/build/lib/lean/Probe/Funs.trace,4615,7e6cf685c9382c71acb39d7d81c79224213225bf402a38ea34d63d1e11e58a61,utf8,39 lines
anneal-3730-charon-shortname-aeneas-impact-2026-09-29,support/work/run-5/lake-consumer/.lake/build/lib/lean/Probe/FunsExternal.ilean,1479,80bd35a4f53d5589f478a832702de865cc4ddcf870f6596df9729d6bfac76146,utf8,0 lines
anneal-3730-charon-shortname-aeneas-impact-2026-09-29,support/work/run-5/lake-consumer/.lake/build/lib/lean/Probe/FunsExternal.ilean.hash,16,95288eeb690e5e965f2d2c27b31c875cc91acaf88ea0166334edf9af45284084,utf8,0 lines
anneal-3730-charon-shortname-aeneas-impact-2026-09-29,support/work/run-5/lake-consumer/.lake/build/lib/lean/Probe/FunsExternal.olean,5976,9f4c8e5a8409e45f6fa30132451d781ea0e392df44f72d3100cfbd52cb512f57,binary,opaque
anneal-3730-charon-shortname-aeneas-impact-2026-09-29,support/work/run-5/lake-consumer/.lake/build/lib/lean/Probe/FunsExternal.olean.hash,16,27a4bcc43182d5aae270bc4a32511ea035e454141eb5e76508deb85fad16d3bb,utf8,0 lines
anneal-3730-charon-shortname-aeneas-impact-2026-09-29,support/work/run-5/lake-consumer/.lake/build/lib/lean/Probe/FunsExternal.trace,4533,c098216a5aac7b34fdc9bc6acf4c05e3afa84cb40d308490c83486f977fdf533,utf8,37 lines
anneal-3730-charon-shortname-aeneas-impact-2026-09-29,support/work/run-5/lake-consumer/.lake/build/lib/lean/Probe/Types.ilean,751,1cd6128348836b3a03c367a39970192c30de77155ed5cf513e4a84d7ba30ed9e,utf8,0 lines
anneal-3730-charon-shortname-aeneas-impact-2026-09-29,support/work/run-5/lake-consumer/.lake/build/lib/lean/Probe/Types.ilean.hash,16,6b7ee9e88493ef7bd8daabdeb256d097a1d19ff1c59da3f77af3eed3a3e45a93,utf8,0 lines
anneal-3730-charon-shortname-aeneas-impact-2026-09-29,support/work/run-5/lake-consumer/.lake/build/lib/lean/Probe/Types.olean,1664,b73bad74922fc9bd686e578e501a9385c0cb9c81f53628fd52cdaff251251f66,binary,opaque
anneal-3730-charon-shortname-aeneas-impact-2026-09-29,support/work/run-5/lake-consumer/.lake/build/lib/lean/Probe/Types.olean.hash,16,d1bee090a9e61bdf411189f3c37fb847ee16f80f7c15ea3805012ccde36a359a,utf8,0 lines
anneal-3730-charon-shortname-aeneas-impact-2026-09-29,support/work/run-5/lake-consumer/.lake/build/lib/lean/Probe/Types.trace,4345,5bd5d1e8baa5cd1804069033ccc0738481ca27a6e826aee9ee31833f45ae765f,utf8,35 lines
anneal-3730-charon-shortname-aeneas-impact-2026-09-29,support/work/run-5/lake-consumer/.lake/build/lib/lean/Probe.ilean,108,879488b701922f3441c885d424dd7dc0a52498ef1570056b2e214c65d61a13d4,utf8,0 lines
anneal-3730-charon-shortname-aeneas-impact-2026-09-29,support/work/run-5/lake-consumer/.lake/build/lib/lean/Probe.ilean.hash,16,e41e80e3a109bb47dc431fe91acf5975c5f3320fdc061b1964a6261ea4bc6045,utf8,0 lines
anneal-3730-charon-shortname-aeneas-impact-2026-09-29,support/work/run-5/lake-consumer/.lake/build/lib/lean/Probe.olean,1376,7a345ac65b31633dc179b6233455e52b657795ac5f2b16b32ff129f8e6ae3d2c,binary,opaque
anneal-3730-charon-shortname-aeneas-impact-2026-09-29,support/work/run-5/lake-consumer/.lake/build/lib/lean/Probe.olean.hash,16,ca33b40b1cb09a0b8d067b4cd694b9d2d009ac1264b48236d7de7010f357c285,utf8,0 lines
anneal-3730-charon-shortname-aeneas-impact-2026-09-29,support/work/run-5/lake-consumer/.lake/build/lib/lean/Probe.trace,4305,ccd77b286233a6ce07f699039b768eafeda69cb0fe6f7adc8bdff3418d2f1af3,utf8,35 lines
anneal-3730-charon-shortname-aeneas-impact-2026-09-29,support/work/run-5/lake-consumer/.lake/config/[anonymous]/lakefile.olean,108488,ffb52eda21c9203b0b8928dceee6e022f0e6d1fa20fa67a15c0a463384026a50,binary,opaque
anneal-3730-charon-shortname-aeneas-impact-2026-09-29,support/work/run-5/lake-consumer/.lake/config/[anonymous]/lakefile.olean.trace,184,129b2b78d8e4b0b4c21a85ed6fd093a16c1687533fd65b794bd1f9183a1bd7c2,utf8,6 lines
anneal-3730-charon-shortname-aeneas-impact-2026-09-29,support/work/run-5/lake-consumer/Probe/Funs.lean,893,8d37f4df6657c7f9a8d6395d121296d593474d027b1f40f610e9a62e0f3aea12,utf8,30 lines
anneal-3730-charon-shortname-aeneas-impact-2026-09-29,support/work/run-5/lake-consumer/Probe/FunsExternal.lean,1125,bb7d27d3d4682c5f04c622402479c4d80c4c6304acb0d923cf6184cab0e86c3f,utf8,29 lines
anneal-3730-charon-shortname-aeneas-impact-2026-09-29,support/work/run-5/lake-consumer/Probe/Types.lean,506,a6c43f99b3360b04150a06bda58a45e4b66c8bb96921ae540cba060bf8733888,utf8,17 lines
anneal-3730-charon-shortname-aeneas-impact-2026-09-29,support/work/run-5/lake-consumer/Probe.lean,18,88d15c5183e48c512f4ecfb38c430356859b255fe1dcf6a613fd51c7ba36820d,utf8,1 lines
anneal-3730-charon-shortname-aeneas-impact-2026-09-29,support/work/run-5/lake-consumer/Proof.lean,154,c7698ec63007650d5efaee89f97bc7691452c647030b92ef2e11348f50e58304,utf8,4 lines
anneal-3730-charon-shortname-aeneas-impact-2026-09-29,support/work/run-5/lake-consumer/lake-manifest.json,3823,670480799c5b6133a5cf925b2fabb97ce209a4f769be0e06dbb5f744f96f9989,json,parsed
anneal-3730-charon-shortname-aeneas-impact-2026-09-29,support/work/run-5/lake-consumer/lakefile.lean,184,0ba27958358a9d0b8805cc4a2bc36d5e95eb42df421ea3f886f412d5d0935b77,utf8,6 lines
anneal-3730-charon-shortname-aeneas-impact-2026-09-29,support/work/run-5/probe.llbc,10936,d9559b90f96ee1a7608014db74b67d46c1725fb1a6e9132b7f467355a6faa752,utf8,0 lines
anneal-3730-charon-warm-noop-byte-diff-2026-09-29,REPORT.json,1253,f03bef812bc4ff7590b9de6e1e425918785270865c84a4fb337590eacc50af7d,json,parsed
anneal-3730-charon-warm-noop-byte-diff-2026-09-29,REPORT.md,5242,d05936e8fda62ffc72e2edd0ea0b2d95c186465975bf36426fb5ef8a08bfd714,utf8,39 lines
anneal-3730-charon-warm-noop-byte-diff-2026-09-29,support/artifacts/canonical-sorted-short-names.llbc,10936,ec4dc523318d6e1ed34b0d82f3650fe68c69998d17bbd65a3552c19d0cbed1ba,utf8,0 lines
anneal-3730-charon-warm-noop-byte-diff-2026-09-29,support/artifacts/run-1.llbc,10936,ec4dc523318d6e1ed34b0d82f3650fe68c69998d17bbd65a3552c19d0cbed1ba,utf8,0 lines
anneal-3730-charon-warm-noop-byte-diff-2026-09-29,support/artifacts/run-2.llbc,10936,e211fbe97e7193a1253cbd7debe0f60741c6f439494b5a0afab66df76dbed982,utf8,0 lines
anneal-3730-charon-warm-noop-byte-diff-2026-09-29,support/artifacts/run-3.llbc,10936,bb30246bfd6f73598dd2b451125bc8c326eff61c2cb137fded8f4b0c7bffc2e5,utf8,0 lines
anneal-3730-charon-warm-noop-byte-diff-2026-09-29,support/artifacts/run-4.llbc,10936,5fcf6f2673878efe6d3c0aa3ab67541f6f8568ff9614a2951a41ee64cd53c436,utf8,0 lines
anneal-3730-charon-warm-noop-byte-diff-2026-09-29,support/artifacts/run-5.llbc,10936,d9559b90f96ee1a7608014db74b67d46c1725fb1a6e9132b7f467355a6faa752,utf8,0 lines
anneal-3730-charon-warm-noop-byte-diff-2026-09-29,support/diffs/run-1-to-2.diff,510,44729401d33dcce98099b0596813d44389b2b44a50cd96fe5a6066bad0b8e6b7,utf8,5 lines
anneal-3730-charon-warm-noop-byte-diff-2026-09-29,support/diffs/run-2-to-3.diff,510,3c74fc49c222a2decc433fa9a6bb094a787b2e13abc479d55db106afecccbb8c,utf8,5 lines
anneal-3730-charon-warm-noop-byte-diff-2026-09-29,support/diffs/run-3-to-4.diff,510,1edb3c45e6b6ef1fb67ffdb80668034feb859b96cd33f3dc3469abdc84bb38b5,utf8,5 lines
anneal-3730-charon-warm-noop-byte-diff-2026-09-29,support/diffs/run-4-to-5.diff,510,0bf9242b54b3d3306891fcf7a113ae7097f5b17ba96f83db1aa8f2f3a7996003,utf8,5 lines
anneal-3730-charon-warm-noop-byte-diff-2026-09-29,support/fixture/dep_a/Cargo.toml,54,73c18a3a515dac3cfe0f3afa82d1948c2f15b3b754e7a297454a3e942e543e8b,utf8,4 lines
anneal-3730-charon-warm-noop-byte-diff-2026-09-29,support/fixture/dep_a/src/lib.rs,44,a30619c0f6bf2c873a373a43aa9de62d1d00ef87dfa2cae357d333303bab2a5b,utf8,1 lines
anneal-3730-charon-warm-noop-byte-diff-2026-09-29,support/fixture/dep_b/Cargo.toml,54,80c059104d6c926f81bdfc88066b2db62a683152b6cc980f81638875f0e1f4d3,utf8,4 lines
anneal-3730-charon-warm-noop-byte-diff-2026-09-29,support/fixture/dep_b/src/lib.rs,44,74861e8f00a88700b9db893dc4cbcaf3810561d77c243b11761d92490c7a7c19,utf8,1 lines
anneal-3730-charon-warm-noop-byte-diff-2026-09-29,support/fixture/root/Cargo.lock,280,54fe2b108662968c0a0824acfaba9f0ea4c85b0a8c259ce3bca09177f08c4b64,utf8,19 lines
anneal-3730-charon-warm-noop-byte-diff-2026-09-29,support/fixture/root/Cargo.toml,117,2a625b558476a12e9509b37c511b32ba1312c303bb3c92d8f4c20b306680eb0f,utf8,7 lines
anneal-3730-charon-warm-noop-byte-diff-2026-09-29,support/fixture/root/build.rs,116,5533dcc22ce9c14dcf004a5c16ae135690d27022d51156fc27fa108e9a84c9b9,utf8,1 lines
anneal-3730-charon-warm-noop-byte-diff-2026-09-29,support/fixture/root/src/lib.rs,75,c88207804ea323de9a6e8e9478cb2f5439934f0754823394e378853caee3c739,utf8,1 lines
anneal-3730-charon-warm-noop-byte-diff-2026-09-29,support/probe.py,6237,da7599de5f9b054f3d859ea075a6fbbbbb7da8bae499fca3e25b0d80ff1a7e7e,utf8,99 lines
anneal-3730-charon-warm-noop-byte-diff-2026-09-29,support/results.json,11105,55a9237130254c5d457567fa5829230a7fdab4246808ad028605dea53b506181,json,parsed
anneal-3730-charon-warm-noop-byte-diff-2026-09-29,support/source-inspection.json,3265,b489159bd94520fa893384215c054d9a834f7e870c068348732197e165c762a2,json,parsed
anneal-3730-charon-warm-noop-byte-diff-2026-09-29,support/verify.py,3386,45ba5314c9379ff7ea9150f76dc87e7fe5cb2cd91bc4e7d752bf968e578249af,utf8,54 lines
anneal-3730-generated-lean-canonical-source-challenge-2026-09-29,REPORT.json,559,7bd0b6eb9165828f76bc2562bdbfae5a4bdda5db9f7cd18f9f1db351c5546e2c,json,parsed
anneal-3730-generated-lean-canonical-source-challenge-2026-09-29,REPORT.md,8805,44976129b5582de79955b03c7972db92c1b73cbd2e2e815f7e69c191792a0b74,utf8,58 lines
anneal-3730-generated-lean-canonical-source-challenge-2026-09-29,support/artifacts/changed-model-HostView.rs,338,a0c8b86cb358e35bfc9d2dbb75d1b52e2fff8960d091de85189483cbb89ecb24,utf8,10 lines
anneal-3730-generated-lean-canonical-source-challenge-2026-09-29,support/artifacts/changed-model-Model.lean,38,fbaf2918d21c0542df0778ebe5704c1c0d8d951eb70d6fc4334436b6ec97495a,utf8,1 lines
anneal-3730-generated-lean-canonical-source-challenge-2026-09-29,support/artifacts/changed-model-Proof.lean,81,ee3449eff1a1c5f2eb1fcdee44e5e762954c832a19bba7a89aec6380474873a0,utf8,5 lines
anneal-3730-generated-lean-canonical-source-challenge-2026-09-29,support/artifacts/changed-model-RustSource.rs,42,a1a549603ca1db390ec991c829324250035b083a74c8f7ae39f668e7c908763c,utf8,1 lines
anneal-3730-generated-lean-canonical-source-challenge-2026-09-29,support/artifacts/final-HostView.rs,338,0040b6c8e43e714451e76b7e8fa0c0530c91eadd67f99f0b7df3f24e217d8921,utf8,10 lines
anneal-3730-generated-lean-canonical-source-challenge-2026-09-29,support/artifacts/final-Model.lean,38,7d81f6be60378b57864632171f56fa74942d26a388b2955b708e74d9ce039be7,utf8,1 lines
anneal-3730-generated-lean-canonical-source-challenge-2026-09-29,support/artifacts/final-Proof.lean,81,ee3449eff1a1c5f2eb1fcdee44e5e762954c832a19bba7a89aec6380474873a0,utf8,5 lines
anneal-3730-generated-lean-canonical-source-challenge-2026-09-29,support/artifacts/final-RustSource.rs,42,8ffbe3de6079b622c7e411c1cd6a1d82f3206a7c1d4ab5f462fa3324c68456ee,utf8,1 lines
anneal-3730-generated-lean-canonical-source-challenge-2026-09-29,support/artifacts/final-source-map.json,1209,5fe98ada4259b8c976db1ed4360e41c914d145c98ef6659de850ef91fe938ed2,json,parsed
anneal-3730-generated-lean-canonical-source-challenge-2026-09-29,support/artifacts/initial-HostView.rs,338,4ffd3fce1d72ee3fdce246e3b8958817c2708c54a082f0b15f2b8ea7f0c937dc,utf8,10 lines
anneal-3730-generated-lean-canonical-source-challenge-2026-09-29,support/artifacts/initial-Model.lean,38,7d81f6be60378b57864632171f56fa74942d26a388b2955b708e74d9ce039be7,utf8,1 lines
anneal-3730-generated-lean-canonical-source-challenge-2026-09-29,support/artifacts/initial-Proof.lean,81,38a52f636d362805fe080a8417f8c8fe09eec78c9c8b4b6588a476939dfef86a,utf8,5 lines
anneal-3730-generated-lean-canonical-source-challenge-2026-09-29,support/artifacts/initial-RustSource.rs,42,8ffbe3de6079b622c7e411c1cd6a1d82f3206a7c1d4ab5f462fa3324c68456ee,utf8,1 lines
anneal-3730-generated-lean-canonical-source-challenge-2026-09-29,support/artifacts/initial-source-map.json,1209,3fa4798cbc36143ec016e88cd17d75bca982cd9ad5260e7b765098778a269b1d,json,parsed
anneal-3730-generated-lean-canonical-source-challenge-2026-09-29,support/artifacts/wrong-proof-HostView.rs,338,b4ec02293edb711038e0395bd37674003f827efbf4c88df03c80760f3c0029ab,utf8,10 lines
anneal-3730-generated-lean-canonical-source-challenge-2026-09-29,support/artifacts/wrong-proof-Proof.lean,81,0f9dcdadf2941cdfea8efbc2dfb07fe054528a01a006a217b86a4b2b336af78b,utf8,5 lines
anneal-3730-generated-lean-canonical-source-challenge-2026-09-29,support/artifacts/wrong-proof-source-map.json,1209,81541aaba40bb6d31ecdc6b696352164b1e6d1062b2431d153e9eae1e5da3c1c,json,parsed
anneal-3730-generated-lean-canonical-source-challenge-2026-09-29,support/check.py,5376,63c3e37450f16bdc361949bdfe4be95b3ef4c969ded0404cf5ddaabf1d8df49e,utf8,93 lines
anneal-3730-generated-lean-canonical-source-challenge-2026-09-29,support/probe.py,17145,3375f64a145482db498ebaf0c4c2f4462392b568e33c2a32f8805e11671dc0ae,utf8,341 lines
anneal-3730-generated-lean-canonical-source-challenge-2026-09-29,support/results.json,27505,1018c4b1ee6217a1dcfdb19dd63c4d3ed416261cc36c4c4d6a9e641aa046e6a7,json,parsed
anneal-3730-lean-pool-failure-isolation-2026-09-29,REPORT.json,999,c2398f3684a4b6724f8b26bb8941f916b21428371d4355d109f260c9f36e7727,json,parsed
anneal-3730-lean-pool-failure-isolation-2026-09-29,REPORT.md,4786,9ed2de3c8a099b1eb1bda350918dc8967fc926b8015ed13864009fb325913224,utf8,31 lines
anneal-3730-lean-pool-failure-isolation-2026-09-29,support/probe.py,12142,4f9e9ea1231b0c6c6210cd4d298fa01ca1b98af395dac2677ceadd73be0b019e,utf8,191 lines
anneal-3730-lean-pool-failure-isolation-2026-09-29,support/transcript.json,106517,4cd6c5becb743aa96c796b6ee0d0b9a7b6d8deffd31b3b918487b74e8fd03fe7,json,parsed
anneal-3730-lean-pool-failure-isolation-2026-09-29,support/verify.py,2503,2fd8986ff497c5b83361e4067b273517a53c39e1fa8cad82ef36783e8777985b,utf8,36 lines
anneal-3730-lean-server-resource-drift-soak-2026-09-29,REPORT.json,415,792baed4223c792008f1ff13a0a76f593b78c43d1962b156d118e9b2e8540a22,json,parsed
anneal-3730-lean-server-resource-drift-soak-2026-09-29,REPORT.md,8155,8dd9fc4f63edfc86c460c355b7d70f1539e88d2cbeec6160b0d84b758baeb3c7,utf8,49 lines
anneal-3730-lean-server-resource-drift-soak-2026-09-29,support/build_ledger.py,1339,6e7ffc96637940333ab7d38fb24d0b4bc0184baeb0f5f9c7d0d5809908f431a3,utf8,28 lines
anneal-3730-lean-server-resource-drift-soak-2026-09-29,support/check.py,3738,3c0dc6bfc4488eecf6dda0fefb42e66083b5e7d67e002fd7f3ab8fc37490fffa,utf8,70 lines
anneal-3730-lean-server-resource-drift-soak-2026-09-29,support/probe.py,13803,4b4365bbf721dabcd8aec4d13f81c4b09419c9a6a1ef7a230e71acebbdf8e32f,utf8,295 lines
anneal-3730-lean-server-resource-drift-soak-2026-09-29,support/results.json,164361,ff40a0ece8726d5966182aae2ad02e3b6e4f00c155b228d9283a69f1ebb3924c,json,parsed
anneal-3730-lean-server-resource-drift-soak-2026-09-29,support/sample-ledger.csv,2797,9a1b888ac4a62e9bd5425ab38c64aa4e09ce1bc639400011b351e9d7e6495195,csv,36 data rows
anneal-3730-nested-parallelism-budget-2026-09-29,REPORT.json,611,8e38ba364fe494845062babbeb24e7796d805705a7ec8103a619d11bc8e667fd,json,parsed
anneal-3730-nested-parallelism-budget-2026-09-29,REPORT.md,6498,8dd9813b20282cc5ef010bacc621ea91d04f1ead851af1e3dee6d7d3c73dae1a,utf8,45 lines
anneal-3730-nested-parallelism-budget-2026-09-29,support/check.py,3815,09fe79f861476951c6ec6099e84598fff80a2d9696b985ff9cb9cc490ee8d773,utf8,80 lines
anneal-3730-nested-parallelism-budget-2026-09-29,support/probe.py,15354,8be7fc33b967d4a92955fbb818ede818a3ee2ef1dd36dda7dec0b5754f9ae84c,utf8,249 lines
anneal-3730-nested-parallelism-budget-2026-09-29,support/results.json,383715,243e9c29de447c37f1663aef274e9082f7499c0f0b8d99e83d25c0264bd3ec2f,json,parsed
anneal-3730-nested-parallelism-budget-2026-09-29,support/work/cargo-o1-i1/u0/dep_a/Cargo.toml,54,73c18a3a515dac3cfe0f3afa82d1948c2f15b3b754e7a297454a3e942e543e8b,utf8,4 lines
anneal-3730-nested-parallelism-budget-2026-09-29,support/work/cargo-o1-i1/u0/dep_a/src/lib.rs,44,a30619c0f6bf2c873a373a43aa9de62d1d00ef87dfa2cae357d333303bab2a5b,utf8,1 lines
anneal-3730-nested-parallelism-budget-2026-09-29,support/work/cargo-o1-i1/u0/dep_b/Cargo.toml,54,80c059104d6c926f81bdfc88066b2db62a683152b6cc980f81638875f0e1f4d3,utf8,4 lines
anneal-3730-nested-parallelism-budget-2026-09-29,support/work/cargo-o1-i1/u0/dep_b/src/lib.rs,44,74861e8f00a88700b9db893dc4cbcaf3810561d77c243b11761d92490c7a7c19,utf8,1 lines
anneal-3730-nested-parallelism-budget-2026-09-29,support/work/cargo-o1-i1/u0/root/Cargo.lock,280,54fe2b108662968c0a0824acfaba9f0ea4c85b0a8c259ce3bca09177f08c4b64,utf8,19 lines
anneal-3730-nested-parallelism-budget-2026-09-29,support/work/cargo-o1-i1/u0/root/Cargo.toml,117,2a625b558476a12e9509b37c511b32ba1312c303bb3c92d8f4c20b306680eb0f,utf8,7 lines
anneal-3730-nested-parallelism-budget-2026-09-29,support/work/cargo-o1-i1/u0/root/build.rs,116,5533dcc22ce9c14dcf004a5c16ae135690d27022d51156fc27fa108e9a84c9b9,utf8,1 lines
anneal-3730-nested-parallelism-budget-2026-09-29,support/work/cargo-o1-i1/u0/root/cold.stderr,767,b970515626b49122e4c1cee9b2c87a74930ead5f58c7e697c51822dfb27a417a,utf8,4 lines
anneal-3730-nested-parallelism-budget-2026-09-29,support/work/cargo-o1-i1/u0/root/cold.stdout,0,e3b0c44298fc1c149afbf4c8996fb92427ae41e4649b934ca495991b7852b855,utf8,0 lines
anneal-3730-nested-parallelism-budget-2026-09-29,support/work/cargo-o1-i1/u0/root/probe.llbc,11371,a485f29398d3266b19f868a845e09ea6bce829d8009c2b91eb74a35347f6a545,utf8,0 lines
anneal-3730-nested-parallelism-budget-2026-09-29,support/work/cargo-o1-i1/u0/root/src/lib.rs,110,6ff5d754579ba349942e16b2da1abfde909290374a68f839cca73c9e085522fb,utf8,2 lines
anneal-3730-nested-parallelism-budget-2026-09-29,support/work/cargo-o1-i1/u0/root/target/.rustc_info.json,5015,ae44ec4b0c9eb07dfbf1eb81ce62d0a9a97c09596f2b742cafc01a40f824b569,json,parsed
anneal-3730-nested-parallelism-budget-2026-09-29,support/work/cargo-o1-i1/u0/root/target/CACHEDIR.TAG,177,6d9d1d216e0f83abc5e5662ca62c92b4f23009466b54fa27321a69acdb778bb2,utf8,3 lines
anneal-3730-nested-parallelism-budget-2026-09-29,support/work/cargo-o1-i1/u0/root/target/aarch64-apple-darwin/CACHEDIR.TAG,177,6d9d1d216e0f83abc5e5662ca62c92b4f23009466b54fa27321a69acdb778bb2,utf8,3 lines
anneal-3730-nested-parallelism-budget-2026-09-29,support/work/cargo-o1-i1/u0/root/target/aarch64-apple-darwin/debug/.cargo-artifact-lock,0,e3b0c44298fc1c149afbf4c8996fb92427ae41e4649b934ca495991b7852b855,utf8,0 lines
anneal-3730-nested-parallelism-budget-2026-09-29,support/work/cargo-o1-i1/u0/root/target/aarch64-apple-darwin/debug/.cargo-build-lock,0,e3b0c44298fc1c149afbf4c8996fb92427ae41e4649b934ca495991b7852b855,utf8,0 lines
anneal-3730-nested-parallelism-budget-2026-09-29,support/work/cargo-o1-i1/u0/root/target/aarch64-apple-darwin/debug/.cargo-lock,0,e3b0c44298fc1c149afbf4c8996fb92427ae41e4649b934ca495991b7852b855,utf8,0 lines
anneal-3730-nested-parallelism-budget-2026-09-29,support/work/cargo-o1-i1/u0/root/target/aarch64-apple-darwin/debug/.fingerprint/dep_a-9c6379bc07ce6236/dep-lib-dep_a,30,f14f96adde2da250a05802a30e565519ea310fa1799083f7444b109fa37007fc,binary,opaque
anneal-3730-nested-parallelism-budget-2026-09-29,support/work/cargo-o1-i1/u0/root/target/aarch64-apple-darwin/debug/.fingerprint/dep_a-9c6379bc07ce6236/invoked.timestamp,48,5a109e6643e8d3e88642e3f35e85d2a83e639d07523aa6e99166c48178e965c3,utf8,0 lines
anneal-3730-nested-parallelism-budget-2026-09-29,support/work/cargo-o1-i1/u0/root/target/aarch64-apple-darwin/debug/.fingerprint/dep_a-9c6379bc07ce6236/lib-dep_a,16,521bcf11a479143789ad24654b079379b6601dea769812368101cf32aeb0091c,utf8,0 lines
anneal-3730-nested-parallelism-budget-2026-09-29,support/work/cargo-o1-i1/u0/root/target/aarch64-apple-darwin/debug/.fingerprint/dep_a-9c6379bc07ce6236/lib-dep_a.json,381,6aa8f6fd601666b3015a9f00be0ce38a9444c5c8127d8c623c0c874b22f0b6c5,json,parsed
anneal-3730-nested-parallelism-budget-2026-09-29,support/work/cargo-o1-i1/u0/root/target/aarch64-apple-darwin/debug/.fingerprint/dep_b-e4506351ae811a68/dep-lib-dep_b,30,f14f96adde2da250a05802a30e565519ea310fa1799083f7444b109fa37007fc,binary,opaque
anneal-3730-nested-parallelism-budget-2026-09-29,support/work/cargo-o1-i1/u0/root/target/aarch64-apple-darwin/debug/.fingerprint/dep_b-e4506351ae811a68/invoked.timestamp,48,5a109e6643e8d3e88642e3f35e85d2a83e639d07523aa6e99166c48178e965c3,utf8,0 lines
anneal-3730-nested-parallelism-budget-2026-09-29,support/work/cargo-o1-i1/u0/root/target/aarch64-apple-darwin/debug/.fingerprint/dep_b-e4506351ae811a68/lib-dep_b,16,975e1feee745b1a4f688657ea585a34f05ba6a502165a3aba648297c6644e793,utf8,0 lines
anneal-3730-nested-parallelism-budget-2026-09-29,support/work/cargo-o1-i1/u0/root/target/aarch64-apple-darwin/debug/.fingerprint/dep_b-e4506351ae811a68/lib-dep_b.json,380,83b3e5fda0d074646072f58bd98535fde78504ebc5508144eafb91fb3f3d1aa6,json,parsed
anneal-3730-nested-parallelism-budget-2026-09-29,support/work/cargo-o1-i1/u0/root/target/aarch64-apple-darwin/debug/.fingerprint/r37u0-da1d365560df66b5/run-build-script-build-script-build,16,70f1323960f20867336f97a213474bd4dd328a03d0649eef8b38aa450fef1966,utf8,0 lines
anneal-3730-nested-parallelism-budget-2026-09-29,support/work/cargo-o1-i1/u0/root/target/aarch64-apple-darwin/debug/.fingerprint/r37u0-da1d365560df66b5/run-build-script-build-script-build.json,348,7f282f6d343fec0830f5e86e987e91e2722c0e57d0f36af8a0c88252c3bde4a7,json,parsed
anneal-3730-nested-parallelism-budget-2026-09-29,support/work/cargo-o1-i1/u0/root/target/aarch64-apple-darwin/debug/.fingerprint/r37u0-eccd09eeb2544a02/invoked.timestamp,48,5a109e6643e8d3e88642e3f35e85d2a83e639d07523aa6e99166c48178e965c3,utf8,0 lines
anneal-3730-nested-parallelism-budget-2026-09-29,support/work/cargo-o1-i1/u0/root/target/aarch64-apple-darwin/debug/.fingerprint/r37u0-eccd09eeb2544a02/lib-r37u0,16,7a8ab96de749c9352a66b1a36170101d6242d6f26a22493a7dfa6e4d1069ea49,utf8,0 lines
anneal-3730-nested-parallelism-budget-2026-09-29,support/work/cargo-o1-i1/u0/root/target/aarch64-apple-darwin/debug/.fingerprint/r37u0-eccd09eeb2544a02/lib-r37u0.json,564,82b67a9dce9994552b9f084eea04df6f59749c676fd1000ce06e40751ef1526f,json,parsed
anneal-3730-nested-parallelism-budget-2026-09-29,support/work/cargo-o1-i1/u0/root/target/aarch64-apple-darwin/debug/build/r37u0-da1d365560df66b5/invoked.timestamp,48,5a109e6643e8d3e88642e3f35e85d2a83e639d07523aa6e99166c48178e965c3,utf8,0 lines
anneal-3730-nested-parallelism-budget-2026-09-29,support/work/cargo-o1-i1/u0/root/target/aarch64-apple-darwin/debug/build/r37u0-da1d365560df66b5/output,34,3273578f41aa3eeaf089559c4b2cd7eb8aedd415e94e0980f12b761ed4b1e690,utf8,1 lines
anneal-3730-nested-parallelism-budget-2026-09-29,support/work/cargo-o1-i1/u0/root/target/aarch64-apple-darwin/debug/build/r37u0-da1d365560df66b5/root-output,269,a8a0b7c68c46f14f6e1a719d19df3714981e18748e71331f2933ffec53edd53d,utf8,0 lines
anneal-3730-nested-parallelism-budget-2026-09-29,support/work/cargo-o1-i1/u0/root/target/aarch64-apple-darwin/debug/build/r37u0-da1d365560df66b5/stderr,0,e3b0c44298fc1c149afbf4c8996fb92427ae41e4649b934ca495991b7852b855,utf8,0 lines
anneal-3730-nested-parallelism-budget-2026-09-29,support/work/cargo-o1-i1/u0/root/target/aarch64-apple-darwin/debug/deps/dep_a-9c6379bc07ce6236.d,1681,8cd5293e486fa56abb381db6904d3adfe2a9669b4879f95d6c4a65abf1e4fbe1,utf8,7 lines
anneal-3730-nested-parallelism-budget-2026-09-29,support/work/cargo-o1-i1/u0/root/target/aarch64-apple-darwin/debug/deps/dep_a-9c6379bc07ce6236.dep_a.66a8f49a7da4bf-cgu.0.rcgu.o,3192,9ce1c183e8db98b1fbdff7c12f4d5514db0e3d04c7917ec68795816c9795627e,binary,opaque
anneal-3730-nested-parallelism-budget-2026-09-29,support/work/cargo-o1-i1/u0/root/target/aarch64-apple-darwin/debug/deps/dep_b-e4506351ae811a68.d,1681,3cf111c4cb3fd4efa5137dd68031f28503288354973fbba3082761a2ce9bcdb1,utf8,7 lines
anneal-3730-nested-parallelism-budget-2026-09-29,support/work/cargo-o1-i1/u0/root/target/aarch64-apple-darwin/debug/deps/dep_b-e4506351ae811a68.dep_b.dee6069ce21571c6-cgu.0.rcgu.o,3200,f2231194f4ea3717876900272a13c4572f82301b9495a293505771f5009f2dee,binary,opaque
anneal-3730-nested-parallelism-budget-2026-09-29,support/work/cargo-o1-i1/u0/root/target/aarch64-apple-darwin/debug/deps/libdep_a-9c6379bc07ce6236.rlib,7184,a46fa1a574604b1f309bc6cb66ce7d06a1e024d96d8c279ecf7f3525618a8015,binary,opaque
anneal-3730-nested-parallelism-budget-2026-09-29,support/work/cargo-o1-i1/u0/root/target/aarch64-apple-darwin/debug/deps/libdep_a-9c6379bc07ce6236.rmeta,2880,1c26979e6a2b717a6f2fa5832c6087a47ef5e37988069db7ae62860bdccb328f,binary,opaque
anneal-3730-nested-parallelism-budget-2026-09-29,support/work/cargo-o1-i1/u0/root/target/aarch64-apple-darwin/debug/deps/libdep_b-e4506351ae811a68.rlib,7200,2901b904992c3e87cba2973aaa847f2b194c6caa8048c10c58f302a436b8ae75,binary,opaque
anneal-3730-nested-parallelism-budget-2026-09-29,support/work/cargo-o1-i1/u0/root/target/aarch64-apple-darwin/debug/deps/libdep_b-e4506351ae811a68.rmeta,2880,f086124c4be681a11a56b5c3c11566eef143938649b021d805c56da782033fbe,binary,opaque
anneal-3730-nested-parallelism-budget-2026-09-29,support/work/cargo-o1-i1/u0/root/target/debug/.cargo-artifact-lock,0,e3b0c44298fc1c149afbf4c8996fb92427ae41e4649b934ca495991b7852b855,utf8,0 lines
anneal-3730-nested-parallelism-budget-2026-09-29,support/work/cargo-o1-i1/u0/root/target/debug/.cargo-build-lock,0,e3b0c44298fc1c149afbf4c8996fb92427ae41e4649b934ca495991b7852b855,utf8,0 lines
anneal-3730-nested-parallelism-budget-2026-09-29,support/work/cargo-o1-i1/u0/root/target/debug/.cargo-lock,0,e3b0c44298fc1c149afbf4c8996fb92427ae41e4649b934ca495991b7852b855,utf8,0 lines
anneal-3730-nested-parallelism-budget-2026-09-29,support/work/cargo-o1-i1/u0/root/target/debug/.fingerprint/r37u0-e73fc30b4d96cc9e/build-script-build-script-build,16,c62147c38d7231165a3eb244bfd7c7d575429f3511611fa2e60dcd4f3ce9c2f2,utf8,0 lines
anneal-3730-nested-parallelism-budget-2026-09-29,support/work/cargo-o1-i1/u0/root/target/debug/.fingerprint/r37u0-e73fc30b4d96cc9e/build-script-build-script-build.json,365,80aaf4286c38b6228823f7a47ae647312611fe6d47a025721c47c88878c4c9f5,json,parsed
anneal-3730-nested-parallelism-budget-2026-09-29,support/work/cargo-o1-i1/u0/root/target/debug/.fingerprint/r37u0-e73fc30b4d96cc9e/dep-build-script-build-script-build,28,a71f952e7f3252ef5608298951fd55b25f3590c98bc0765ae4145e623604ee7d,binary,opaque
anneal-3730-nested-parallelism-budget-2026-09-29,support/work/cargo-o1-i1/u0/root/target/debug/.fingerprint/r37u0-e73fc30b4d96cc9e/invoked.timestamp,48,5a109e6643e8d3e88642e3f35e85d2a83e639d07523aa6e99166c48178e965c3,utf8,0 lines
anneal-3730-nested-parallelism-budget-2026-09-29,support/work/cargo-o1-i1/u0/root/target/debug/build/r37u0-e73fc30b4d96cc9e/build-script-build,468704,bf1d8b3c240d98bf845e7b2ef02cb793adf03372475e406a829188717dc943fb,binary,opaque
anneal-3730-nested-parallelism-budget-2026-09-29,support/work/cargo-o1-i1/u0/root/target/debug/build/r37u0-e73fc30b4d96cc9e/build_script_build-e73fc30b4d96cc9e,468704,bf1d8b3c240d98bf845e7b2ef02cb793adf03372475e406a829188717dc943fb,binary,opaque
anneal-3730-nested-parallelism-budget-2026-09-29,support/work/cargo-o1-i1/u0/root/target/debug/build/r37u0-e73fc30b4d96cc9e/build_script_build-e73fc30b4d96cc9e.build_script_build.969471b36c9c4a66-cgu.0.rcgu.o,14960,2ccbb359d0fefac35bb481be48274972ae9b61e1afee588daabc216a72a81147,binary,opaque
anneal-3730-nested-parallelism-budget-2026-09-29,support/work/cargo-o1-i1/u0/root/target/debug/build/r37u0-e73fc30b4d96cc9e/build_script_build-e73fc30b4d96cc9e.d,596,7ac4c751b50d2b46b7eb3ffe1d10c988f2269d99029023d46e28afe3e8605c5f,utf8,5 lines
anneal-3730-nested-parallelism-budget-2026-09-29,support/work/cargo-o1-i1/u0/root/warm-incremental.stderr,303,beb122e1863ddedf1f5a07551398eba21aa96f263859a95bb35925f8ecdfd5a2,utf8,2 lines
anneal-3730-nested-parallelism-budget-2026-09-29,support/work/cargo-o1-i1/u0/root/warm-incremental.stdout,0,e3b0c44298fc1c149afbf4c8996fb92427ae41e4649b934ca495991b7852b855,utf8,0 lines
anneal-3730-nested-parallelism-budget-2026-09-29,support/work/cargo-o1-i1/u0/root/warm-noop.stderr,303,813edc1a012971d245345a53d134ff054eae03b5ee8e7227da988cbaf41894d2,utf8,2 lines
anneal-3730-nested-parallelism-budget-2026-09-29,support/work/cargo-o1-i1/u0/root/warm-noop.stdout,0,e3b0c44298fc1c149afbf4c8996fb92427ae41e4649b934ca495991b7852b855,utf8,0 lines
anneal-3730-nested-parallelism-budget-2026-09-29,support/work/cargo-o1-i2/u0/dep_a/Cargo.toml,54,73c18a3a515dac3cfe0f3afa82d1948c2f15b3b754e7a297454a3e942e543e8b,utf8,4 lines
anneal-3730-nested-parallelism-budget-2026-09-29,support/work/cargo-o1-i2/u0/dep_a/src/lib.rs,44,a30619c0f6bf2c873a373a43aa9de62d1d00ef87dfa2cae357d333303bab2a5b,utf8,1 lines
anneal-3730-nested-parallelism-budget-2026-09-29,support/work/cargo-o1-i2/u0/dep_b/Cargo.toml,54,80c059104d6c926f81bdfc88066b2db62a683152b6cc980f81638875f0e1f4d3,utf8,4 lines
anneal-3730-nested-parallelism-budget-2026-09-29,support/work/cargo-o1-i2/u0/dep_b/src/lib.rs,44,74861e8f00a88700b9db893dc4cbcaf3810561d77c243b11761d92490c7a7c19,utf8,1 lines
anneal-3730-nested-parallelism-budget-2026-09-29,support/work/cargo-o1-i2/u0/root/Cargo.lock,280,54fe2b108662968c0a0824acfaba9f0ea4c85b0a8c259ce3bca09177f08c4b64,utf8,19 lines
anneal-3730-nested-parallelism-budget-2026-09-29,support/work/cargo-o1-i2/u0/root/Cargo.toml,117,2a625b558476a12e9509b37c511b32ba1312c303bb3c92d8f4c20b306680eb0f,utf8,7 lines
anneal-3730-nested-parallelism-budget-2026-09-29,support/work/cargo-o1-i2/u0/root/build.rs,116,5533dcc22ce9c14dcf004a5c16ae135690d27022d51156fc27fa108e9a84c9b9,utf8,1 lines
anneal-3730-nested-parallelism-budget-2026-09-29,support/work/cargo-o1-i2/u0/root/cold.stderr,767,75971ae7684ecab4d14d2a59d4340e1c142526c733fa084484675443f8edd83a,utf8,4 lines
anneal-3730-nested-parallelism-budget-2026-09-29,support/work/cargo-o1-i2/u0/root/cold.stdout,0,e3b0c44298fc1c149afbf4c8996fb92427ae41e4649b934ca495991b7852b855,utf8,0 lines
anneal-3730-nested-parallelism-budget-2026-09-29,support/work/cargo-o1-i2/u0/root/probe.llbc,11371,932df83fa9515feb8d7613003aeda4e67f4aa22900b713210dfda66c158f39c6,utf8,0 lines
anneal-3730-nested-parallelism-budget-2026-09-29,support/work/cargo-o1-i2/u0/root/src/lib.rs,110,6ff5d754579ba349942e16b2da1abfde909290374a68f839cca73c9e085522fb,utf8,2 lines
anneal-3730-nested-parallelism-budget-2026-09-29,support/work/cargo-o1-i2/u0/root/target/.rustc_info.json,5015,ae44ec4b0c9eb07dfbf1eb81ce62d0a9a97c09596f2b742cafc01a40f824b569,json,parsed
anneal-3730-nested-parallelism-budget-2026-09-29,support/work/cargo-o1-i2/u0/root/target/CACHEDIR.TAG,177,6d9d1d216e0f83abc5e5662ca62c92b4f23009466b54fa27321a69acdb778bb2,utf8,3 lines
anneal-3730-nested-parallelism-budget-2026-09-29,support/work/cargo-o1-i2/u0/root/target/aarch64-apple-darwin/CACHEDIR.TAG,177,6d9d1d216e0f83abc5e5662ca62c92b4f23009466b54fa27321a69acdb778bb2,utf8,3 lines
anneal-3730-nested-parallelism-budget-2026-09-29,support/work/cargo-o1-i2/u0/root/target/aarch64-apple-darwin/debug/.cargo-artifact-lock,0,e3b0c44298fc1c149afbf4c8996fb92427ae41e4649b934ca495991b7852b855,utf8,0 lines
anneal-3730-nested-parallelism-budget-2026-09-29,support/work/cargo-o1-i2/u0/root/target/aarch64-apple-darwin/debug/.cargo-build-lock,0,e3b0c44298fc1c149afbf4c8996fb92427ae41e4649b934ca495991b7852b855,utf8,0 lines
anneal-3730-nested-parallelism-budget-2026-09-29,support/work/cargo-o1-i2/u0/root/target/aarch64-apple-darwin/debug/.cargo-lock,0,e3b0c44298fc1c149afbf4c8996fb92427ae41e4649b934ca495991b7852b855,utf8,0 lines
anneal-3730-nested-parallelism-budget-2026-09-29,support/work/cargo-o1-i2/u0/root/target/aarch64-apple-darwin/debug/.fingerprint/dep_a-ca8b6743538fd956/dep-lib-dep_a,30,f14f96adde2da250a05802a30e565519ea310fa1799083f7444b109fa37007fc,binary,opaque
anneal-3730-nested-parallelism-budget-2026-09-29,support/work/cargo-o1-i2/u0/root/target/aarch64-apple-darwin/debug/.fingerprint/dep_a-ca8b6743538fd956/invoked.timestamp,48,5a109e6643e8d3e88642e3f35e85d2a83e639d07523aa6e99166c48178e965c3,utf8,0 lines
anneal-3730-nested-parallelism-budget-2026-09-29,support/work/cargo-o1-i2/u0/root/target/aarch64-apple-darwin/debug/.fingerprint/dep_a-ca8b6743538fd956/lib-dep_a,16,07e80ad5c725fcecf658206f766cd02e0c11c717d86c908f72a013a121b6c3cf,utf8,0 lines
anneal-3730-nested-parallelism-budget-2026-09-29,support/work/cargo-o1-i2/u0/root/target/aarch64-apple-darwin/debug/.fingerprint/dep_a-ca8b6743538fd956/lib-dep_a.json,381,96feaab37f6db8889e6fea0ed5242588b5b3a1f3df74a8be5b980c2dd1e8578a,json,parsed
anneal-3730-nested-parallelism-budget-2026-09-29,support/work/cargo-o1-i2/u0/root/target/aarch64-apple-darwin/debug/.fingerprint/dep_b-0fba9d9638bca479/dep-lib-dep_b,30,f14f96adde2da250a05802a30e565519ea310fa1799083f7444b109fa37007fc,binary,opaque
anneal-3730-nested-parallelism-budget-2026-09-29,support/work/cargo-o1-i2/u0/root/target/aarch64-apple-darwin/debug/.fingerprint/dep_b-0fba9d9638bca479/invoked.timestamp,48,5a109e6643e8d3e88642e3f35e85d2a83e639d07523aa6e99166c48178e965c3,utf8,0 lines
anneal-3730-nested-parallelism-budget-2026-09-29,support/work/cargo-o1-i2/u0/root/target/aarch64-apple-darwin/debug/.fingerprint/dep_b-0fba9d9638bca479/lib-dep_b,16,c4a65325b87a9b5669b86865333b328b37136dfaaef1295603ee32df7a95b6a0,utf8,0 lines
anneal-3730-nested-parallelism-budget-2026-09-29,support/work/cargo-o1-i2/u0/root/target/aarch64-apple-darwin/debug/.fingerprint/dep_b-0fba9d9638bca479/lib-dep_b.json,380,86c5ac5be3938b798a522d77fe387d649639255122601883ef8dd1b7e15c9fc5,json,parsed
anneal-3730-nested-parallelism-budget-2026-09-29,support/work/cargo-o1-i2/u0/root/target/aarch64-apple-darwin/debug/.fingerprint/r37u0-a9565e1e535ab394/invoked.timestamp,48,5a109e6643e8d3e88642e3f35e85d2a83e639d07523aa6e99166c48178e965c3,utf8,0 lines
anneal-3730-nested-parallelism-budget-2026-09-29,support/work/cargo-o1-i2/u0/root/target/aarch64-apple-darwin/debug/.fingerprint/r37u0-a9565e1e535ab394/lib-r37u0,16,86000a381a6399555c62d6d126fd4597d2aacab31a03403217bf5fdd2536ecca,utf8,0 lines
anneal-3730-nested-parallelism-budget-2026-09-29,support/work/cargo-o1-i2/u0/root/target/aarch64-apple-darwin/debug/.fingerprint/r37u0-a9565e1e535ab394/lib-r37u0.json,564,ba55f7c3213b4f46f01500b0504bb3ee334bd7facb615d95bbfe45f46fe581bb,json,parsed
anneal-3730-nested-parallelism-budget-2026-09-29,support/work/cargo-o1-i2/u0/root/target/aarch64-apple-darwin/debug/.fingerprint/r37u0-da1d365560df66b5/run-build-script-build-script-build,16,70f1323960f20867336f97a213474bd4dd328a03d0649eef8b38aa450fef1966,utf8,0 lines
anneal-3730-nested-parallelism-budget-2026-09-29,support/work/cargo-o1-i2/u0/root/target/aarch64-apple-darwin/debug/.fingerprint/r37u0-da1d365560df66b5/run-build-script-build-script-build.json,348,7f282f6d343fec0830f5e86e987e91e2722c0e57d0f36af8a0c88252c3bde4a7,json,parsed
anneal-3730-nested-parallelism-budget-2026-09-29,support/work/cargo-o1-i2/u0/root/target/aarch64-apple-darwin/debug/build/r37u0-da1d365560df66b5/invoked.timestamp,48,5a109e6643e8d3e88642e3f35e85d2a83e639d07523aa6e99166c48178e965c3,utf8,0 lines
anneal-3730-nested-parallelism-budget-2026-09-29,support/work/cargo-o1-i2/u0/root/target/aarch64-apple-darwin/debug/build/r37u0-da1d365560df66b5/output,34,3273578f41aa3eeaf089559c4b2cd7eb8aedd415e94e0980f12b761ed4b1e690,utf8,1 lines
anneal-3730-nested-parallelism-budget-2026-09-29,support/work/cargo-o1-i2/u0/root/target/aarch64-apple-darwin/debug/build/r37u0-da1d365560df66b5/root-output,269,2f41565033bd7570b455cdf453c1ef089e5e2309788500785105bfd736c527f3,utf8,0 lines
anneal-3730-nested-parallelism-budget-2026-09-29,support/work/cargo-o1-i2/u0/root/target/aarch64-apple-darwin/debug/build/r37u0-da1d365560df66b5/stderr,0,e3b0c44298fc1c149afbf4c8996fb92427ae41e4649b934ca495991b7852b855,utf8,0 lines
anneal-3730-nested-parallelism-budget-2026-09-29,support/work/cargo-o1-i2/u0/root/target/aarch64-apple-darwin/debug/deps/dep_a-ca8b6743538fd956.d,1681,ae8401e5ad5e174adf3388f0efddf84c468cd02ce401167c3ba4decfa4b63150,utf8,7 lines
anneal-3730-nested-parallelism-budget-2026-09-29,support/work/cargo-o1-i2/u0/root/target/aarch64-apple-darwin/debug/deps/dep_a-ca8b6743538fd956.dep_a.986395e5e3751c76-cgu.0.rcgu.o,3200,fa50fc0b81e3ddaabcae81afaf1c83ab2b2914a948253c4efc36ce8cf5343877,binary,opaque
anneal-3730-nested-parallelism-budget-2026-09-29,support/work/cargo-o1-i2/u0/root/target/aarch64-apple-darwin/debug/deps/dep_b-0fba9d9638bca479.d,1681,bb39bde58fa617f82effc990122de75e5f6c72de9020864bfe55ba593d70892f,utf8,7 lines
anneal-3730-nested-parallelism-budget-2026-09-29,support/work/cargo-o1-i2/u0/root/target/aarch64-apple-darwin/debug/deps/dep_b-0fba9d9638bca479.dep_b.9a9314c2819a45e7-cgu.0.rcgu.o,3200,a9def08439c9c078352a9779bca90146dfa77b800e734dc95edd0e2f9a3e4364,binary,opaque
anneal-3730-nested-parallelism-budget-2026-09-29,support/work/cargo-o1-i2/u0/root/target/aarch64-apple-darwin/debug/deps/libdep_a-ca8b6743538fd956.rlib,7200,d3c029ce56b7e8f273e1cf398e2d4ce7350a9eabcf15ea18da313c331074d7dd,binary,opaque
anneal-3730-nested-parallelism-budget-2026-09-29,support/work/cargo-o1-i2/u0/root/target/aarch64-apple-darwin/debug/deps/libdep_a-ca8b6743538fd956.rmeta,2880,36ea76a0b4ee2d0bdb5108f3614f7c6b77a237be71f92e625a2accb4b0f88c50,binary,opaque
anneal-3730-nested-parallelism-budget-2026-09-29,support/work/cargo-o1-i2/u0/root/target/aarch64-apple-darwin/debug/deps/libdep_b-0fba9d9638bca479.rlib,7200,3614752c241d643f12ee0851dfa9c5fa3ed852e3aabc95d6f3310d3843b71d76,binary,opaque
anneal-3730-nested-parallelism-budget-2026-09-29,support/work/cargo-o1-i2/u0/root/target/aarch64-apple-darwin/debug/deps/libdep_b-0fba9d9638bca479.rmeta,2880,4cdbd8a7e1314db59dd877edb3172bb68685f1a62f9d2e98c38f8ec2de3413eb,binary,opaque
anneal-3730-nested-parallelism-budget-2026-09-29,support/work/cargo-o1-i2/u0/root/target/debug/.cargo-artifact-lock,0,e3b0c44298fc1c149afbf4c8996fb92427ae41e4649b934ca495991b7852b855,utf8,0 lines
anneal-3730-nested-parallelism-budget-2026-09-29,support/work/cargo-o1-i2/u0/root/target/debug/.cargo-build-lock,0,e3b0c44298fc1c149afbf4c8996fb92427ae41e4649b934ca495991b7852b855,utf8,0 lines
anneal-3730-nested-parallelism-budget-2026-09-29,support/work/cargo-o1-i2/u0/root/target/debug/.cargo-lock,0,e3b0c44298fc1c149afbf4c8996fb92427ae41e4649b934ca495991b7852b855,utf8,0 lines
anneal-3730-nested-parallelism-budget-2026-09-29,support/work/cargo-o1-i2/u0/root/target/debug/.fingerprint/r37u0-e73fc30b4d96cc9e/build-script-build-script-build,16,c62147c38d7231165a3eb244bfd7c7d575429f3511611fa2e60dcd4f3ce9c2f2,utf8,0 lines
anneal-3730-nested-parallelism-budget-2026-09-29,support/work/cargo-o1-i2/u0/root/target/debug/.fingerprint/r37u0-e73fc30b4d96cc9e/build-script-build-script-build.json,365,80aaf4286c38b6228823f7a47ae647312611fe6d47a025721c47c88878c4c9f5,json,parsed
anneal-3730-nested-parallelism-budget-2026-09-29,support/work/cargo-o1-i2/u0/root/target/debug/.fingerprint/r37u0-e73fc30b4d96cc9e/dep-build-script-build-script-build,28,a71f952e7f3252ef5608298951fd55b25f3590c98bc0765ae4145e623604ee7d,binary,opaque
anneal-3730-nested-parallelism-budget-2026-09-29,support/work/cargo-o1-i2/u0/root/target/debug/.fingerprint/r37u0-e73fc30b4d96cc9e/invoked.timestamp,48,5a109e6643e8d3e88642e3f35e85d2a83e639d07523aa6e99166c48178e965c3,utf8,0 lines
anneal-3730-nested-parallelism-budget-2026-09-29,support/work/cargo-o1-i2/u0/root/target/debug/build/r37u0-e73fc30b4d96cc9e/build-script-build,468704,eb613f76418479c30624120f56fea245a4d8138c73b8ce5b95777a312ca07307,binary,opaque
anneal-3730-nested-parallelism-budget-2026-09-29,support/work/cargo-o1-i2/u0/root/target/debug/build/r37u0-e73fc30b4d96cc9e/build_script_build-e73fc30b4d96cc9e,468704,eb613f76418479c30624120f56fea245a4d8138c73b8ce5b95777a312ca07307,binary,opaque
anneal-3730-nested-parallelism-budget-2026-09-29,support/work/cargo-o1-i2/u0/root/target/debug/build/r37u0-e73fc30b4d96cc9e/build_script_build-e73fc30b4d96cc9e.build_script_build.969471b36c9c4a66-cgu.0.rcgu.o,14960,c6ab7998e303ac2cfbfeadcd1f445ca4da02d32351ec883cfe64af890933e405,binary,opaque
anneal-3730-nested-parallelism-budget-2026-09-29,support/work/cargo-o1-i2/u0/root/target/debug/build/r37u0-e73fc30b4d96cc9e/build_script_build-e73fc30b4d96cc9e.d,596,910814a5610558bcf8917000ebdd6b942c32cdbd50fb65ae40883dbce3f8e12e,utf8,5 lines
anneal-3730-nested-parallelism-budget-2026-09-29,support/work/cargo-o1-i2/u0/root/warm-incremental.stderr,303,63f31d2a18725b1e6686b92c041ecec064e41fb134176ef0ca520939177f6ea8,utf8,2 lines
anneal-3730-nested-parallelism-budget-2026-09-29,support/work/cargo-o1-i2/u0/root/warm-incremental.stdout,0,e3b0c44298fc1c149afbf4c8996fb92427ae41e4649b934ca495991b7852b855,utf8,0 lines
anneal-3730-nested-parallelism-budget-2026-09-29,support/work/cargo-o1-i2/u0/root/warm-noop.stderr,303,e5806265f1d2366e0039b45edb9f7129e979b9de9aa7093329d8575472f679f2,utf8,2 lines
anneal-3730-nested-parallelism-budget-2026-09-29,support/work/cargo-o1-i2/u0/root/warm-noop.stdout,0,e3b0c44298fc1c149afbf4c8996fb92427ae41e4649b934ca495991b7852b855,utf8,0 lines
anneal-3730-nested-parallelism-budget-2026-09-29,support/work/cargo-o2-i1/u0/dep_a/Cargo.toml,54,73c18a3a515dac3cfe0f3afa82d1948c2f15b3b754e7a297454a3e942e543e8b,utf8,4 lines
anneal-3730-nested-parallelism-budget-2026-09-29,support/work/cargo-o2-i1/u0/dep_a/src/lib.rs,44,a30619c0f6bf2c873a373a43aa9de62d1d00ef87dfa2cae357d333303bab2a5b,utf8,1 lines
anneal-3730-nested-parallelism-budget-2026-09-29,support/work/cargo-o2-i1/u0/dep_b/Cargo.toml,54,80c059104d6c926f81bdfc88066b2db62a683152b6cc980f81638875f0e1f4d3,utf8,4 lines
anneal-3730-nested-parallelism-budget-2026-09-29,support/work/cargo-o2-i1/u0/dep_b/src/lib.rs,44,74861e8f00a88700b9db893dc4cbcaf3810561d77c243b11761d92490c7a7c19,utf8,1 lines
anneal-3730-nested-parallelism-budget-2026-09-29,support/work/cargo-o2-i1/u0/root/Cargo.lock,280,54fe2b108662968c0a0824acfaba9f0ea4c85b0a8c259ce3bca09177f08c4b64,utf8,19 lines
anneal-3730-nested-parallelism-budget-2026-09-29,support/work/cargo-o2-i1/u0/root/Cargo.toml,117,2a625b558476a12e9509b37c511b32ba1312c303bb3c92d8f4c20b306680eb0f,utf8,7 lines
anneal-3730-nested-parallelism-budget-2026-09-29,support/work/cargo-o2-i1/u0/root/build.rs,116,5533dcc22ce9c14dcf004a5c16ae135690d27022d51156fc27fa108e9a84c9b9,utf8,1 lines
anneal-3730-nested-parallelism-budget-2026-09-29,support/work/cargo-o2-i1/u0/root/cold.stderr,819,084bc5c47853a8d5a41bdfb0d81bc90f4e9ed28b95e6cb478a49c8cd16cd1fea,utf8,5 lines
anneal-3730-nested-parallelism-budget-2026-09-29,support/work/cargo-o2-i1/u0/root/cold.stdout,0,e3b0c44298fc1c149afbf4c8996fb92427ae41e4649b934ca495991b7852b855,utf8,0 lines
anneal-3730-nested-parallelism-budget-2026-09-29,support/work/cargo-o2-i1/u0/root/probe.llbc,11371,ee9c59a0872d674bfd95f16be98b4e23f1eaae709d41503a709ea00ce2dc5a29,utf8,0 lines
anneal-3730-nested-parallelism-budget-2026-09-29,support/work/cargo-o2-i1/u0/root/src/lib.rs,110,6ff5d754579ba349942e16b2da1abfde909290374a68f839cca73c9e085522fb,utf8,2 lines
anneal-3730-nested-parallelism-budget-2026-09-29,support/work/cargo-o2-i1/u0/root/target/.rustc_info.json,5015,0d40ea436cc9f9d39c6abc140483f98c8b6212506d7f2f4581f302436803aa0c,json,parsed
anneal-3730-nested-parallelism-budget-2026-09-29,support/work/cargo-o2-i1/u0/root/target/CACHEDIR.TAG,177,6d9d1d216e0f83abc5e5662ca62c92b4f23009466b54fa27321a69acdb778bb2,utf8,3 lines
anneal-3730-nested-parallelism-budget-2026-09-29,support/work/cargo-o2-i1/u0/root/target/aarch64-apple-darwin/CACHEDIR.TAG,177,6d9d1d216e0f83abc5e5662ca62c92b4f23009466b54fa27321a69acdb778bb2,utf8,3 lines
anneal-3730-nested-parallelism-budget-2026-09-29,support/work/cargo-o2-i1/u0/root/target/aarch64-apple-darwin/debug/.cargo-artifact-lock,0,e3b0c44298fc1c149afbf4c8996fb92427ae41e4649b934ca495991b7852b855,utf8,0 lines
anneal-3730-nested-parallelism-budget-2026-09-29,support/work/cargo-o2-i1/u0/root/target/aarch64-apple-darwin/debug/.cargo-build-lock,0,e3b0c44298fc1c149afbf4c8996fb92427ae41e4649b934ca495991b7852b855,utf8,0 lines
anneal-3730-nested-parallelism-budget-2026-09-29,support/work/cargo-o2-i1/u0/root/target/aarch64-apple-darwin/debug/.cargo-lock,0,e3b0c44298fc1c149afbf4c8996fb92427ae41e4649b934ca495991b7852b855,utf8,0 lines
anneal-3730-nested-parallelism-budget-2026-09-29,support/work/cargo-o2-i1/u0/root/target/aarch64-apple-darwin/debug/.fingerprint/dep_a-5a828348e512e2f9/dep-lib-dep_a,30,f14f96adde2da250a05802a30e565519ea310fa1799083f7444b109fa37007fc,binary,opaque
anneal-3730-nested-parallelism-budget-2026-09-29,support/work/cargo-o2-i1/u0/root/target/aarch64-apple-darwin/debug/.fingerprint/dep_a-5a828348e512e2f9/invoked.timestamp,48,5a109e6643e8d3e88642e3f35e85d2a83e639d07523aa6e99166c48178e965c3,utf8,0 lines
anneal-3730-nested-parallelism-budget-2026-09-29,support/work/cargo-o2-i1/u0/root/target/aarch64-apple-darwin/debug/.fingerprint/dep_a-5a828348e512e2f9/lib-dep_a,16,8d9e3f246a38c33307b05594ed63245ec1a8dce2dcf8a43aa86bac6297f81700,utf8,0 lines
anneal-3730-nested-parallelism-budget-2026-09-29,support/work/cargo-o2-i1/u0/root/target/aarch64-apple-darwin/debug/.fingerprint/dep_a-5a828348e512e2f9/lib-dep_a.json,381,e706c999accd70bb59326cf69c94dc5eb8ef63e0144491048b62e539d602668a,json,parsed
anneal-3730-nested-parallelism-budget-2026-09-29,support/work/cargo-o2-i1/u0/root/target/aarch64-apple-darwin/debug/.fingerprint/dep_b-6dfbd6a50e8cc02e/dep-lib-dep_b,30,f14f96adde2da250a05802a30e565519ea310fa1799083f7444b109fa37007fc,binary,opaque
anneal-3730-nested-parallelism-budget-2026-09-29,support/work/cargo-o2-i1/u0/root/target/aarch64-apple-darwin/debug/.fingerprint/dep_b-6dfbd6a50e8cc02e/invoked.timestamp,48,5a109e6643e8d3e88642e3f35e85d2a83e639d07523aa6e99166c48178e965c3,utf8,0 lines
anneal-3730-nested-parallelism-budget-2026-09-29,support/work/cargo-o2-i1/u0/root/target/aarch64-apple-darwin/debug/.fingerprint/dep_b-6dfbd6a50e8cc02e/lib-dep_b,16,e3e0676ef08b7b7cefd11f6b0e2a65578612307b663b381241959bdad60479f0,utf8,0 lines
anneal-3730-nested-parallelism-budget-2026-09-29,support/work/cargo-o2-i1/u0/root/target/aarch64-apple-darwin/debug/.fingerprint/dep_b-6dfbd6a50e8cc02e/lib-dep_b.json,380,291aa578d3a1c08a86e3b4aa3fdb2d6c60eb0beafafd4f78c6b18b233b3b8506,json,parsed
anneal-3730-nested-parallelism-budget-2026-09-29,support/work/cargo-o2-i1/u0/root/target/aarch64-apple-darwin/debug/.fingerprint/r37u0-88d2201adeed77c7/invoked.timestamp,48,5a109e6643e8d3e88642e3f35e85d2a83e639d07523aa6e99166c48178e965c3,utf8,0 lines
anneal-3730-nested-parallelism-budget-2026-09-29,support/work/cargo-o2-i1/u0/root/target/aarch64-apple-darwin/debug/.fingerprint/r37u0-88d2201adeed77c7/lib-r37u0,16,e2770164f8f58846feca486d1d7c03db69c6eefd252fd24c9c2404573d228ab8,utf8,0 lines
anneal-3730-nested-parallelism-budget-2026-09-29,support/work/cargo-o2-i1/u0/root/target/aarch64-apple-darwin/debug/.fingerprint/r37u0-88d2201adeed77c7/lib-r37u0.json,564,e752bf0e321e866db98de8bf0e31a79e461a623562e86a2c19caf85fedc7a77b,json,parsed
anneal-3730-nested-parallelism-budget-2026-09-29,support/work/cargo-o2-i1/u0/root/target/aarch64-apple-darwin/debug/.fingerprint/r37u0-da1d365560df66b5/run-build-script-build-script-build,16,70f1323960f20867336f97a213474bd4dd328a03d0649eef8b38aa450fef1966,utf8,0 lines
anneal-3730-nested-parallelism-budget-2026-09-29,support/work/cargo-o2-i1/u0/root/target/aarch64-apple-darwin/debug/.fingerprint/r37u0-da1d365560df66b5/run-build-script-build-script-build.json,348,7f282f6d343fec0830f5e86e987e91e2722c0e57d0f36af8a0c88252c3bde4a7,json,parsed
anneal-3730-nested-parallelism-budget-2026-09-29,support/work/cargo-o2-i1/u0/root/target/aarch64-apple-darwin/debug/build/r37u0-da1d365560df66b5/invoked.timestamp,48,5a109e6643e8d3e88642e3f35e85d2a83e639d07523aa6e99166c48178e965c3,utf8,0 lines
anneal-3730-nested-parallelism-budget-2026-09-29,support/work/cargo-o2-i1/u0/root/target/aarch64-apple-darwin/debug/build/r37u0-da1d365560df66b5/output,34,3273578f41aa3eeaf089559c4b2cd7eb8aedd415e94e0980f12b761ed4b1e690,utf8,1 lines
anneal-3730-nested-parallelism-budget-2026-09-29,support/work/cargo-o2-i1/u0/root/target/aarch64-apple-darwin/debug/build/r37u0-da1d365560df66b5/root-output,269,9509840af8a835e92f220fb3bd0d3012a7d3a6a9332bcffdff196553cb444ad9,utf8,0 lines
anneal-3730-nested-parallelism-budget-2026-09-29,support/work/cargo-o2-i1/u0/root/target/aarch64-apple-darwin/debug/build/r37u0-da1d365560df66b5/stderr,0,e3b0c44298fc1c149afbf4c8996fb92427ae41e4649b934ca495991b7852b855,utf8,0 lines
anneal-3730-nested-parallelism-budget-2026-09-29,support/work/cargo-o2-i1/u0/root/target/aarch64-apple-darwin/debug/deps/dep_a-5a828348e512e2f9.d,1681,4dc3ecac1a39385e332fe04425a66be0412cf0ca5fcd00e78fd29a4dc7b0fc1c,utf8,7 lines
anneal-3730-nested-parallelism-budget-2026-09-29,support/work/cargo-o2-i1/u0/root/target/aarch64-apple-darwin/debug/deps/dep_a-5a828348e512e2f9.dep_a.cbcf5898734fbc45-cgu.0.rcgu.o,3200,c39af34a03d1d52709eea51beb7bc9d44a753daf785e76b79fe6813d9445e415,binary,opaque
anneal-3730-nested-parallelism-budget-2026-09-29,support/work/cargo-o2-i1/u0/root/target/aarch64-apple-darwin/debug/deps/dep_b-6dfbd6a50e8cc02e.d,1681,eeb5dea8c0d09c53317b68505e815c86fecb9fa4efd963f73eff315fdc037437,utf8,7 lines
anneal-3730-nested-parallelism-budget-2026-09-29,support/work/cargo-o2-i1/u0/root/target/aarch64-apple-darwin/debug/deps/dep_b-6dfbd6a50e8cc02e.dep_b.94831bde9818e589-cgu.0.rcgu.o,3200,835c24d82c7b2e107b282a7be7c180ad6e4225bfbd09065f4752af138d20865f,binary,opaque
anneal-3730-nested-parallelism-budget-2026-09-29,support/work/cargo-o2-i1/u0/root/target/aarch64-apple-darwin/debug/deps/libdep_a-5a828348e512e2f9.rlib,7200,92f4c664da5c05165bd47399362860f992f40873762566c2003ada1eaa0ca278,binary,opaque
anneal-3730-nested-parallelism-budget-2026-09-29,support/work/cargo-o2-i1/u0/root/target/aarch64-apple-darwin/debug/deps/libdep_a-5a828348e512e2f9.rmeta,2880,2dcc618a8370231986fcbf5c161a3921202c433df9d90d8ef309cb80682a53e5,binary,opaque
anneal-3730-nested-parallelism-budget-2026-09-29,support/work/cargo-o2-i1/u0/root/target/aarch64-apple-darwin/debug/deps/libdep_b-6dfbd6a50e8cc02e.rlib,7200,2953ea001d3d32e9968d21c297daeb3b2eeec9db7210eeb5a886d9139c32f693,binary,opaque
anneal-3730-nested-parallelism-budget-2026-09-29,support/work/cargo-o2-i1/u0/root/target/aarch64-apple-darwin/debug/deps/libdep_b-6dfbd6a50e8cc02e.rmeta,2880,396e22587df8b583cf75cf565dd961555a53751dd12320f945519fdbfe89e373,binary,opaque
anneal-3730-nested-parallelism-budget-2026-09-29,support/work/cargo-o2-i1/u0/root/target/debug/.cargo-artifact-lock,0,e3b0c44298fc1c149afbf4c8996fb92427ae41e4649b934ca495991b7852b855,utf8,0 lines
anneal-3730-nested-parallelism-budget-2026-09-29,support/work/cargo-o2-i1/u0/root/target/debug/.cargo-build-lock,0,e3b0c44298fc1c149afbf4c8996fb92427ae41e4649b934ca495991b7852b855,utf8,0 lines
anneal-3730-nested-parallelism-budget-2026-09-29,support/work/cargo-o2-i1/u0/root/target/debug/.cargo-lock,0,e3b0c44298fc1c149afbf4c8996fb92427ae41e4649b934ca495991b7852b855,utf8,0 lines
anneal-3730-nested-parallelism-budget-2026-09-29,support/work/cargo-o2-i1/u0/root/target/debug/.fingerprint/r37u0-e73fc30b4d96cc9e/build-script-build-script-build,16,c62147c38d7231165a3eb244bfd7c7d575429f3511611fa2e60dcd4f3ce9c2f2,utf8,0 lines
anneal-3730-nested-parallelism-budget-2026-09-29,support/work/cargo-o2-i1/u0/root/target/debug/.fingerprint/r37u0-e73fc30b4d96cc9e/build-script-build-script-build.json,365,80aaf4286c38b6228823f7a47ae647312611fe6d47a025721c47c88878c4c9f5,json,parsed
anneal-3730-nested-parallelism-budget-2026-09-29,support/work/cargo-o2-i1/u0/root/target/debug/.fingerprint/r37u0-e73fc30b4d96cc9e/dep-build-script-build-script-build,28,a71f952e7f3252ef5608298951fd55b25f3590c98bc0765ae4145e623604ee7d,binary,opaque
anneal-3730-nested-parallelism-budget-2026-09-29,support/work/cargo-o2-i1/u0/root/target/debug/.fingerprint/r37u0-e73fc30b4d96cc9e/invoked.timestamp,48,5a109e6643e8d3e88642e3f35e85d2a83e639d07523aa6e99166c48178e965c3,utf8,0 lines
anneal-3730-nested-parallelism-budget-2026-09-29,support/work/cargo-o2-i1/u0/root/target/debug/build/r37u0-e73fc30b4d96cc9e/build-script-build,468704,f9bebed796d2f1a4a9313da0f3734a45e4c5a028e2ff52b8bed999aa7eb7f20e,binary,opaque
anneal-3730-nested-parallelism-budget-2026-09-29,support/work/cargo-o2-i1/u0/root/target/debug/build/r37u0-e73fc30b4d96cc9e/build_script_build-e73fc30b4d96cc9e,468704,f9bebed796d2f1a4a9313da0f3734a45e4c5a028e2ff52b8bed999aa7eb7f20e,binary,opaque
anneal-3730-nested-parallelism-budget-2026-09-29,support/work/cargo-o2-i1/u0/root/target/debug/build/r37u0-e73fc30b4d96cc9e/build_script_build-e73fc30b4d96cc9e.build_script_build.969471b36c9c4a66-cgu.0.rcgu.o,14960,d79f5ea3a6e29d552526625276ce469499199bc2b499516df2552ecee1b55a90,binary,opaque
anneal-3730-nested-parallelism-budget-2026-09-29,support/work/cargo-o2-i1/u0/root/target/debug/build/r37u0-e73fc30b4d96cc9e/build_script_build-e73fc30b4d96cc9e.d,596,75c82d3d8d2373453eadb0087ea5cca36671ec7a9a7dbb371017551fbf468825,utf8,5 lines
anneal-3730-nested-parallelism-budget-2026-09-29,support/work/cargo-o2-i1/u0/root/warm-incremental.stderr,407,98185e81c332b24d48484872cdcd2938eb66f1eb55512de4ac2bddf6913a7a1a,utf8,4 lines
anneal-3730-nested-parallelism-budget-2026-09-29,support/work/cargo-o2-i1/u0/root/warm-incremental.stdout,0,e3b0c44298fc1c149afbf4c8996fb92427ae41e4649b934ca495991b7852b855,utf8,0 lines
anneal-3730-nested-parallelism-budget-2026-09-29,support/work/cargo-o2-i1/u0/root/warm-noop.stderr,407,214308c408807661b353f42c00187e89089ab864a53f13a3c465c48363b596e3,utf8,4 lines
anneal-3730-nested-parallelism-budget-2026-09-29,support/work/cargo-o2-i1/u0/root/warm-noop.stdout,0,e3b0c44298fc1c149afbf4c8996fb92427ae41e4649b934ca495991b7852b855,utf8,0 lines
anneal-3730-nested-parallelism-budget-2026-09-29,support/work/cargo-o2-i1/u1/dep_a/Cargo.toml,54,73c18a3a515dac3cfe0f3afa82d1948c2f15b3b754e7a297454a3e942e543e8b,utf8,4 lines
anneal-3730-nested-parallelism-budget-2026-09-29,support/work/cargo-o2-i1/u1/dep_a/src/lib.rs,44,a30619c0f6bf2c873a373a43aa9de62d1d00ef87dfa2cae357d333303bab2a5b,utf8,1 lines
anneal-3730-nested-parallelism-budget-2026-09-29,support/work/cargo-o2-i1/u1/dep_b/Cargo.toml,54,80c059104d6c926f81bdfc88066b2db62a683152b6cc980f81638875f0e1f4d3,utf8,4 lines
anneal-3730-nested-parallelism-budget-2026-09-29,support/work/cargo-o2-i1/u1/dep_b/src/lib.rs,44,74861e8f00a88700b9db893dc4cbcaf3810561d77c243b11761d92490c7a7c19,utf8,1 lines
anneal-3730-nested-parallelism-budget-2026-09-29,support/work/cargo-o2-i1/u1/root/Cargo.lock,280,5cc1f13c6c5f617d003edd498e567318c37c4f9459f9fef504a686f89d01dc9d,utf8,19 lines
anneal-3730-nested-parallelism-budget-2026-09-29,support/work/cargo-o2-i1/u1/root/Cargo.toml,117,e2a5ee3802b8602ec8296334ef00e471f61ac14fee481fde7cd082eaa1a2d2f4,utf8,7 lines
anneal-3730-nested-parallelism-budget-2026-09-29,support/work/cargo-o2-i1/u1/root/build.rs,116,5533dcc22ce9c14dcf004a5c16ae135690d27022d51156fc27fa108e9a84c9b9,utf8,1 lines
anneal-3730-nested-parallelism-budget-2026-09-29,support/work/cargo-o2-i1/u1/root/cold.stderr,871,4a3728b18fbd830fb492b4a67538693e5ca2826e052b40af7e5d033afa09fe74,utf8,6 lines
anneal-3730-nested-parallelism-budget-2026-09-29,support/work/cargo-o2-i1/u1/root/cold.stdout,0,e3b0c44298fc1c149afbf4c8996fb92427ae41e4649b934ca495991b7852b855,utf8,0 lines
anneal-3730-nested-parallelism-budget-2026-09-29,support/work/cargo-o2-i1/u1/root/probe.llbc,11371,73d00e0e4980e28eb046af6a314feac302beeef981379eb87f84c642b52dce17,utf8,0 lines
anneal-3730-nested-parallelism-budget-2026-09-29,support/work/cargo-o2-i1/u1/root/src/lib.rs,110,6ff5d754579ba349942e16b2da1abfde909290374a68f839cca73c9e085522fb,utf8,2 lines
anneal-3730-nested-parallelism-budget-2026-09-29,support/work/cargo-o2-i1/u1/root/target/.rustc_info.json,5015,0d40ea436cc9f9d39c6abc140483f98c8b6212506d7f2f4581f302436803aa0c,json,parsed
anneal-3730-nested-parallelism-budget-2026-09-29,support/work/cargo-o2-i1/u1/root/target/CACHEDIR.TAG,177,6d9d1d216e0f83abc5e5662ca62c92b4f23009466b54fa27321a69acdb778bb2,utf8,3 lines
anneal-3730-nested-parallelism-budget-2026-09-29,support/work/cargo-o2-i1/u1/root/target/aarch64-apple-darwin/CACHEDIR.TAG,177,6d9d1d216e0f83abc5e5662ca62c92b4f23009466b54fa27321a69acdb778bb2,utf8,3 lines
anneal-3730-nested-parallelism-budget-2026-09-29,support/work/cargo-o2-i1/u1/root/target/aarch64-apple-darwin/debug/.cargo-artifact-lock,0,e3b0c44298fc1c149afbf4c8996fb92427ae41e4649b934ca495991b7852b855,utf8,0 lines
anneal-3730-nested-parallelism-budget-2026-09-29,support/work/cargo-o2-i1/u1/root/target/aarch64-apple-darwin/debug/.cargo-build-lock,0,e3b0c44298fc1c149afbf4c8996fb92427ae41e4649b934ca495991b7852b855,utf8,0 lines
anneal-3730-nested-parallelism-budget-2026-09-29,support/work/cargo-o2-i1/u1/root/target/aarch64-apple-darwin/debug/.cargo-lock,0,e3b0c44298fc1c149afbf4c8996fb92427ae41e4649b934ca495991b7852b855,utf8,0 lines
anneal-3730-nested-parallelism-budget-2026-09-29,support/work/cargo-o2-i1/u1/root/target/aarch64-apple-darwin/debug/.fingerprint/dep_a-9ae736513e19f7e9/dep-lib-dep_a,30,f14f96adde2da250a05802a30e565519ea310fa1799083f7444b109fa37007fc,binary,opaque
anneal-3730-nested-parallelism-budget-2026-09-29,support/work/cargo-o2-i1/u1/root/target/aarch64-apple-darwin/debug/.fingerprint/dep_a-9ae736513e19f7e9/invoked.timestamp,48,5a109e6643e8d3e88642e3f35e85d2a83e639d07523aa6e99166c48178e965c3,utf8,0 lines
anneal-3730-nested-parallelism-budget-2026-09-29,support/work/cargo-o2-i1/u1/root/target/aarch64-apple-darwin/debug/.fingerprint/dep_a-9ae736513e19f7e9/lib-dep_a,16,769e9641aef347cac09023bbac814b12ad49f5778e1e5e5ed02c4cce425ef1e3,utf8,0 lines
anneal-3730-nested-parallelism-budget-2026-09-29,support/work/cargo-o2-i1/u1/root/target/aarch64-apple-darwin/debug/.fingerprint/dep_a-9ae736513e19f7e9/lib-dep_a.json,380,43089c9f64fb028d78aa3e467e6d9895071cb9656c34a8b2608d907a2609256b,json,parsed
anneal-3730-nested-parallelism-budget-2026-09-29,support/work/cargo-o2-i1/u1/root/target/aarch64-apple-darwin/debug/.fingerprint/dep_b-f230fdf53a570f61/dep-lib-dep_b,30,f14f96adde2da250a05802a30e565519ea310fa1799083f7444b109fa37007fc,binary,opaque
anneal-3730-nested-parallelism-budget-2026-09-29,support/work/cargo-o2-i1/u1/root/target/aarch64-apple-darwin/debug/.fingerprint/dep_b-f230fdf53a570f61/invoked.timestamp,48,5a109e6643e8d3e88642e3f35e85d2a83e639d07523aa6e99166c48178e965c3,utf8,0 lines
anneal-3730-nested-parallelism-budget-2026-09-29,support/work/cargo-o2-i1/u1/root/target/aarch64-apple-darwin/debug/.fingerprint/dep_b-f230fdf53a570f61/lib-dep_b,16,2099fe2538fdc1f0ea121565cc2497e3466a446adfdf8031f4b9408f8df17e4f,utf8,0 lines
anneal-3730-nested-parallelism-budget-2026-09-29,support/work/cargo-o2-i1/u1/root/target/aarch64-apple-darwin/debug/.fingerprint/dep_b-f230fdf53a570f61/lib-dep_b.json,381,1d6e1bc8ef2490701e2f598552e080192580341b068f0b81b1c09e7ced875482,json,parsed
anneal-3730-nested-parallelism-budget-2026-09-29,support/work/cargo-o2-i1/u1/root/target/aarch64-apple-darwin/debug/.fingerprint/r37u1-50d91a5f5d804900/invoked.timestamp,48,5a109e6643e8d3e88642e3f35e85d2a83e639d07523aa6e99166c48178e965c3,utf8,0 lines
anneal-3730-nested-parallelism-budget-2026-09-29,support/work/cargo-o2-i1/u1/root/target/aarch64-apple-darwin/debug/.fingerprint/r37u1-50d91a5f5d804900/lib-r37u1,16,6db583d8a4f397ae33b719de3db3b9d628b3d0b6d26e819ec6d6b01a610d6d9a,utf8,0 lines
anneal-3730-nested-parallelism-budget-2026-09-29,support/work/cargo-o2-i1/u1/root/target/aarch64-apple-darwin/debug/.fingerprint/r37u1-50d91a5f5d804900/lib-r37u1.json,565,e8663f4363bb4d00035e0041d8709c3bc08242fd10f92ec9fd4cd08ce265273b,json,parsed
anneal-3730-nested-parallelism-budget-2026-09-29,support/work/cargo-o2-i1/u1/root/target/aarch64-apple-darwin/debug/.fingerprint/r37u1-78ef39928c62bcf4/run-build-script-build-script-build,16,902c7b8b3f04cc49abff67972ad0e59b1b7e84fa242f722448683d67515f41f1,utf8,0 lines
anneal-3730-nested-parallelism-budget-2026-09-29,support/work/cargo-o2-i1/u1/root/target/aarch64-apple-darwin/debug/.fingerprint/r37u1-78ef39928c62bcf4/run-build-script-build-script-build.json,349,7daa95d4a0f8471fc21ed429214d5dc8e1eebf140ef378206f1fb9cca50d2a7f,json,parsed
anneal-3730-nested-parallelism-budget-2026-09-29,support/work/cargo-o2-i1/u1/root/target/aarch64-apple-darwin/debug/build/r37u1-78ef39928c62bcf4/invoked.timestamp,48,5a109e6643e8d3e88642e3f35e85d2a83e639d07523aa6e99166c48178e965c3,utf8,0 lines
anneal-3730-nested-parallelism-budget-2026-09-29,support/work/cargo-o2-i1/u1/root/target/aarch64-apple-darwin/debug/build/r37u1-78ef39928c62bcf4/output,34,3273578f41aa3eeaf089559c4b2cd7eb8aedd415e94e0980f12b761ed4b1e690,utf8,1 lines
anneal-3730-nested-parallelism-budget-2026-09-29,support/work/cargo-o2-i1/u1/root/target/aarch64-apple-darwin/debug/build/r37u1-78ef39928c62bcf4/root-output,269,e197ec03c9b408c6a0a2b9c4997bcf214b4212ca378057d4ffa8e6f9eb303dcb,utf8,0 lines
anneal-3730-nested-parallelism-budget-2026-09-29,support/work/cargo-o2-i1/u1/root/target/aarch64-apple-darwin/debug/build/r37u1-78ef39928c62bcf4/stderr,0,e3b0c44298fc1c149afbf4c8996fb92427ae41e4649b934ca495991b7852b855,utf8,0 lines
anneal-3730-nested-parallelism-budget-2026-09-29,support/work/cargo-o2-i1/u1/root/target/aarch64-apple-darwin/debug/deps/dep_a-9ae736513e19f7e9.d,1681,c426b35322a4efd70d15759d5ca514249c374f381fa26ef44f1c56bb719fe843,utf8,7 lines
anneal-3730-nested-parallelism-budget-2026-09-29,support/work/cargo-o2-i1/u1/root/target/aarch64-apple-darwin/debug/deps/dep_a-9ae736513e19f7e9.dep_a.dda1f9a3652e2ee3-cgu.0.rcgu.o,3200,37309c04869cf2d32fd33077046c3268ebbfb41a7e7470fc7049073638776788,binary,opaque
anneal-3730-nested-parallelism-budget-2026-09-29,support/work/cargo-o2-i1/u1/root/target/aarch64-apple-darwin/debug/deps/dep_b-f230fdf53a570f61.d,1681,fc66328bb5b49487fad057a0d66f566dcf9db95f1c5c2ea105fb0c4a51dc5848,utf8,7 lines
anneal-3730-nested-parallelism-budget-2026-09-29,support/work/cargo-o2-i1/u1/root/target/aarch64-apple-darwin/debug/deps/dep_b-f230fdf53a570f61.dep_b.bb4798120cb9df2f-cgu.0.rcgu.o,3200,9b31cb3cfdab209b620f685c9272671a80bf2c040ab2c3a7aadd18a03721ec6f,binary,opaque
anneal-3730-nested-parallelism-budget-2026-09-29,support/work/cargo-o2-i1/u1/root/target/aarch64-apple-darwin/debug/deps/libdep_a-9ae736513e19f7e9.rlib,7200,7b860737244f989302e18ac3e10afec18d05c55b5fe452ee4d6e84414c58f451,binary,opaque
anneal-3730-nested-parallelism-budget-2026-09-29,support/work/cargo-o2-i1/u1/root/target/aarch64-apple-darwin/debug/deps/libdep_a-9ae736513e19f7e9.rmeta,2880,8198ec70509423f518525581ce7cd5b458663d7bd339d9026078ebd0df51ac38,binary,opaque
anneal-3730-nested-parallelism-budget-2026-09-29,support/work/cargo-o2-i1/u1/root/target/aarch64-apple-darwin/debug/deps/libdep_b-f230fdf53a570f61.rlib,7200,75bb3f06b195058d4de5f706f66f5680e5ccc832f8220f70960aeee2d2e6bbc1,binary,opaque
anneal-3730-nested-parallelism-budget-2026-09-29,support/work/cargo-o2-i1/u1/root/target/aarch64-apple-darwin/debug/deps/libdep_b-f230fdf53a570f61.rmeta,2880,26603fe210c39e35e30cef89384197f1586af2d7b74ec1f8b024b5306517789e,binary,opaque
anneal-3730-nested-parallelism-budget-2026-09-29,support/work/cargo-o2-i1/u1/root/target/debug/.cargo-artifact-lock,0,e3b0c44298fc1c149afbf4c8996fb92427ae41e4649b934ca495991b7852b855,utf8,0 lines
anneal-3730-nested-parallelism-budget-2026-09-29,support/work/cargo-o2-i1/u1/root/target/debug/.cargo-build-lock,0,e3b0c44298fc1c149afbf4c8996fb92427ae41e4649b934ca495991b7852b855,utf8,0 lines
anneal-3730-nested-parallelism-budget-2026-09-29,support/work/cargo-o2-i1/u1/root/target/debug/.cargo-lock,0,e3b0c44298fc1c149afbf4c8996fb92427ae41e4649b934ca495991b7852b855,utf8,0 lines
anneal-3730-nested-parallelism-budget-2026-09-29,support/work/cargo-o2-i1/u1/root/target/debug/.fingerprint/r37u1-9457034f699317b1/build-script-build-script-build,16,f5f0fd3d6235c28d1a2a08f9970567cb989ead084c9065bc881d727bc3266cde,utf8,0 lines
anneal-3730-nested-parallelism-budget-2026-09-29,support/work/cargo-o2-i1/u1/root/target/debug/.fingerprint/r37u1-9457034f699317b1/build-script-build-script-build.json,365,d58ad5bb1a8700f858668f6fb7c87f8abc2bcb808418c67e6864567be39e06f9,json,parsed
anneal-3730-nested-parallelism-budget-2026-09-29,support/work/cargo-o2-i1/u1/root/target/debug/.fingerprint/r37u1-9457034f699317b1/dep-build-script-build-script-build,28,a71f952e7f3252ef5608298951fd55b25f3590c98bc0765ae4145e623604ee7d,binary,opaque
anneal-3730-nested-parallelism-budget-2026-09-29,support/work/cargo-o2-i1/u1/root/target/debug/.fingerprint/r37u1-9457034f699317b1/invoked.timestamp,48,5a109e6643e8d3e88642e3f35e85d2a83e639d07523aa6e99166c48178e965c3,utf8,0 lines
anneal-3730-nested-parallelism-budget-2026-09-29,support/work/cargo-o2-i1/u1/root/target/debug/build/r37u1-9457034f699317b1/build-script-build,468704,c31aae6c80fe6fac9dfaa387ec46fc40d87b8dc663c0566861ea4851dbd3cb8c,binary,opaque
anneal-3730-nested-parallelism-budget-2026-09-29,support/work/cargo-o2-i1/u1/root/target/debug/build/r37u1-9457034f699317b1/build_script_build-9457034f699317b1,468704,c31aae6c80fe6fac9dfaa387ec46fc40d87b8dc663c0566861ea4851dbd3cb8c,binary,opaque
anneal-3730-nested-parallelism-budget-2026-09-29,support/work/cargo-o2-i1/u1/root/target/debug/build/r37u1-9457034f699317b1/build_script_build-9457034f699317b1.build_script_build.7399a0dd099bc0c6-cgu.0.rcgu.o,14960,ae8e0c4c435fb4af3ea32ac4fa818aff4ec068fb35531ed4afa4c180b9221486,binary,opaque
anneal-3730-nested-parallelism-budget-2026-09-29,support/work/cargo-o2-i1/u1/root/target/debug/build/r37u1-9457034f699317b1/build_script_build-9457034f699317b1.d,596,07b8f763ee6d2464e1bf560980f22157cdec39a16f41fab0d790b04252350b0d,utf8,5 lines
anneal-3730-nested-parallelism-budget-2026-09-29,support/work/cargo-o2-i1/u1/root/warm-incremental.stderr,407,f903bed9bc9cf3046ac0eb4f70003f48cbc5e1c10b7a8165c113542d3c6f3af6,utf8,4 lines
anneal-3730-nested-parallelism-budget-2026-09-29,support/work/cargo-o2-i1/u1/root/warm-incremental.stdout,0,e3b0c44298fc1c149afbf4c8996fb92427ae41e4649b934ca495991b7852b855,utf8,0 lines
anneal-3730-nested-parallelism-budget-2026-09-29,support/work/cargo-o2-i1/u1/root/warm-noop.stderr,459,1f36f77da0634867a75bbbbd63382de3e4afa02eb4e621e6ef16d0eee6b525c6,utf8,5 lines
anneal-3730-nested-parallelism-budget-2026-09-29,support/work/cargo-o2-i1/u1/root/warm-noop.stdout,0,e3b0c44298fc1c149afbf4c8996fb92427ae41e4649b934ca495991b7852b855,utf8,0 lines
anneal-3730-nested-parallelism-budget-2026-09-29,support/work/cargo-o2-i2/u0/dep_a/Cargo.toml,54,73c18a3a515dac3cfe0f3afa82d1948c2f15b3b754e7a297454a3e942e543e8b,utf8,4 lines
anneal-3730-nested-parallelism-budget-2026-09-29,support/work/cargo-o2-i2/u0/dep_a/src/lib.rs,44,a30619c0f6bf2c873a373a43aa9de62d1d00ef87dfa2cae357d333303bab2a5b,utf8,1 lines
anneal-3730-nested-parallelism-budget-2026-09-29,support/work/cargo-o2-i2/u0/dep_b/Cargo.toml,54,80c059104d6c926f81bdfc88066b2db62a683152b6cc980f81638875f0e1f4d3,utf8,4 lines
anneal-3730-nested-parallelism-budget-2026-09-29,support/work/cargo-o2-i2/u0/dep_b/src/lib.rs,44,74861e8f00a88700b9db893dc4cbcaf3810561d77c243b11761d92490c7a7c19,utf8,1 lines
anneal-3730-nested-parallelism-budget-2026-09-29,support/work/cargo-o2-i2/u0/root/Cargo.lock,280,54fe2b108662968c0a0824acfaba9f0ea4c85b0a8c259ce3bca09177f08c4b64,utf8,19 lines
anneal-3730-nested-parallelism-budget-2026-09-29,support/work/cargo-o2-i2/u0/root/Cargo.toml,117,2a625b558476a12e9509b37c511b32ba1312c303bb3c92d8f4c20b306680eb0f,utf8,7 lines
anneal-3730-nested-parallelism-budget-2026-09-29,support/work/cargo-o2-i2/u0/root/build.rs,116,5533dcc22ce9c14dcf004a5c16ae135690d27022d51156fc27fa108e9a84c9b9,utf8,1 lines
anneal-3730-nested-parallelism-budget-2026-09-29,support/work/cargo-o2-i2/u0/root/cold.stderr,923,d9312b1576782feb50b95e63326a096d37d96ef44a77f0e04f81e611675ef24e,utf8,7 lines
anneal-3730-nested-parallelism-budget-2026-09-29,support/work/cargo-o2-i2/u0/root/cold.stdout,0,e3b0c44298fc1c149afbf4c8996fb92427ae41e4649b934ca495991b7852b855,utf8,0 lines
anneal-3730-nested-parallelism-budget-2026-09-29,support/work/cargo-o2-i2/u0/root/probe.llbc,11371,cbccece8bede50274c5fa72cd34cb0715a78a6d9a0409aab792f43e25dcc4ed4,utf8,0 lines
anneal-3730-nested-parallelism-budget-2026-09-29,support/work/cargo-o2-i2/u0/root/src/lib.rs,110,6ff5d754579ba349942e16b2da1abfde909290374a68f839cca73c9e085522fb,utf8,2 lines
anneal-3730-nested-parallelism-budget-2026-09-29,support/work/cargo-o2-i2/u0/root/target/.rustc_info.json,5015,ae44ec4b0c9eb07dfbf1eb81ce62d0a9a97c09596f2b742cafc01a40f824b569,json,parsed
anneal-3730-nested-parallelism-budget-2026-09-29,support/work/cargo-o2-i2/u0/root/target/CACHEDIR.TAG,177,6d9d1d216e0f83abc5e5662ca62c92b4f23009466b54fa27321a69acdb778bb2,utf8,3 lines
anneal-3730-nested-parallelism-budget-2026-09-29,support/work/cargo-o2-i2/u0/root/target/aarch64-apple-darwin/CACHEDIR.TAG,177,6d9d1d216e0f83abc5e5662ca62c92b4f23009466b54fa27321a69acdb778bb2,utf8,3 lines
anneal-3730-nested-parallelism-budget-2026-09-29,support/work/cargo-o2-i2/u0/root/target/aarch64-apple-darwin/debug/.cargo-artifact-lock,0,e3b0c44298fc1c149afbf4c8996fb92427ae41e4649b934ca495991b7852b855,utf8,0 lines
anneal-3730-nested-parallelism-budget-2026-09-29,support/work/cargo-o2-i2/u0/root/target/aarch64-apple-darwin/debug/.cargo-build-lock,0,e3b0c44298fc1c149afbf4c8996fb92427ae41e4649b934ca495991b7852b855,utf8,0 lines
anneal-3730-nested-parallelism-budget-2026-09-29,support/work/cargo-o2-i2/u0/root/target/aarch64-apple-darwin/debug/.cargo-lock,0,e3b0c44298fc1c149afbf4c8996fb92427ae41e4649b934ca495991b7852b855,utf8,0 lines
anneal-3730-nested-parallelism-budget-2026-09-29,support/work/cargo-o2-i2/u0/root/target/aarch64-apple-darwin/debug/.fingerprint/dep_a-e9b3bd4a09aa60d6/dep-lib-dep_a,30,f14f96adde2da250a05802a30e565519ea310fa1799083f7444b109fa37007fc,binary,opaque
anneal-3730-nested-parallelism-budget-2026-09-29,support/work/cargo-o2-i2/u0/root/target/aarch64-apple-darwin/debug/.fingerprint/dep_a-e9b3bd4a09aa60d6/invoked.timestamp,48,5a109e6643e8d3e88642e3f35e85d2a83e639d07523aa6e99166c48178e965c3,utf8,0 lines
anneal-3730-nested-parallelism-budget-2026-09-29,support/work/cargo-o2-i2/u0/root/target/aarch64-apple-darwin/debug/.fingerprint/dep_a-e9b3bd4a09aa60d6/lib-dep_a,16,0111aad5dc0c75ea131d2b368167fefecbc9c0a7ada84c86ce61aef37508238a,utf8,0 lines
anneal-3730-nested-parallelism-budget-2026-09-29,support/work/cargo-o2-i2/u0/root/target/aarch64-apple-darwin/debug/.fingerprint/dep_a-e9b3bd4a09aa60d6/lib-dep_a.json,381,f3751dcb23f43fb3f12633f18324b0a9feedfd07d315e0584b3b09818f288035,json,parsed
anneal-3730-nested-parallelism-budget-2026-09-29,support/work/cargo-o2-i2/u0/root/target/aarch64-apple-darwin/debug/.fingerprint/dep_b-5cc8e35ad6d77e8e/dep-lib-dep_b,30,f14f96adde2da250a05802a30e565519ea310fa1799083f7444b109fa37007fc,binary,opaque
anneal-3730-nested-parallelism-budget-2026-09-29,support/work/cargo-o2-i2/u0/root/target/aarch64-apple-darwin/debug/.fingerprint/dep_b-5cc8e35ad6d77e8e/invoked.timestamp,48,5a109e6643e8d3e88642e3f35e85d2a83e639d07523aa6e99166c48178e965c3,utf8,0 lines
anneal-3730-nested-parallelism-budget-2026-09-29,support/work/cargo-o2-i2/u0/root/target/aarch64-apple-darwin/debug/.fingerprint/dep_b-5cc8e35ad6d77e8e/lib-dep_b,16,b5973a14adba8b64d9f6dcf41c7d9b685457cbb73c88cd4d79fb2fd1f6dca9f5,utf8,0 lines
anneal-3730-nested-parallelism-budget-2026-09-29,support/work/cargo-o2-i2/u0/root/target/aarch64-apple-darwin/debug/.fingerprint/dep_b-5cc8e35ad6d77e8e/lib-dep_b.json,380,64d66c550690edcaf72489b6bbf1f51e6776b69c770f4c2660b9df0c76348f0b,json,parsed
anneal-3730-nested-parallelism-budget-2026-09-29,support/work/cargo-o2-i2/u0/root/target/aarch64-apple-darwin/debug/.fingerprint/r37u0-da1d365560df66b5/run-build-script-build-script-build,16,70f1323960f20867336f97a213474bd4dd328a03d0649eef8b38aa450fef1966,utf8,0 lines
anneal-3730-nested-parallelism-budget-2026-09-29,support/work/cargo-o2-i2/u0/root/target/aarch64-apple-darwin/debug/.fingerprint/r37u0-da1d365560df66b5/run-build-script-build-script-build.json,348,7f282f6d343fec0830f5e86e987e91e2722c0e57d0f36af8a0c88252c3bde4a7,json,parsed
anneal-3730-nested-parallelism-budget-2026-09-29,support/work/cargo-o2-i2/u0/root/target/aarch64-apple-darwin/debug/.fingerprint/r37u0-e3e5863dd34e8529/invoked.timestamp,48,5a109e6643e8d3e88642e3f35e85d2a83e639d07523aa6e99166c48178e965c3,utf8,0 lines
anneal-3730-nested-parallelism-budget-2026-09-29,support/work/cargo-o2-i2/u0/root/target/aarch64-apple-darwin/debug/.fingerprint/r37u0-e3e5863dd34e8529/lib-r37u0,16,239c756b57f762ce3a529c92e6308ca896aca9cf3acde3c09401150048da2216,utf8,0 lines
anneal-3730-nested-parallelism-budget-2026-09-29,support/work/cargo-o2-i2/u0/root/target/aarch64-apple-darwin/debug/.fingerprint/r37u0-e3e5863dd34e8529/lib-r37u0.json,563,3399b5f71ba83a7a660d32fd955d665db2c12643beb7b8ec652a068075c8bd31,json,parsed
anneal-3730-nested-parallelism-budget-2026-09-29,support/work/cargo-o2-i2/u0/root/target/aarch64-apple-darwin/debug/build/r37u0-da1d365560df66b5/invoked.timestamp,48,5a109e6643e8d3e88642e3f35e85d2a83e639d07523aa6e99166c48178e965c3,utf8,0 lines
anneal-3730-nested-parallelism-budget-2026-09-29,support/work/cargo-o2-i2/u0/root/target/aarch64-apple-darwin/debug/build/r37u0-da1d365560df66b5/output,34,3273578f41aa3eeaf089559c4b2cd7eb8aedd415e94e0980f12b761ed4b1e690,utf8,1 lines
anneal-3730-nested-parallelism-budget-2026-09-29,support/work/cargo-o2-i2/u0/root/target/aarch64-apple-darwin/debug/build/r37u0-da1d365560df66b5/root-output,269,2284c4f61fec2a794eda2ac0a036377245b33027eee0aa51f88613812b757a11,utf8,0 lines
anneal-3730-nested-parallelism-budget-2026-09-29,support/work/cargo-o2-i2/u0/root/target/aarch64-apple-darwin/debug/build/r37u0-da1d365560df66b5/stderr,0,e3b0c44298fc1c149afbf4c8996fb92427ae41e4649b934ca495991b7852b855,utf8,0 lines
anneal-3730-nested-parallelism-budget-2026-09-29,support/work/cargo-o2-i2/u0/root/target/aarch64-apple-darwin/debug/deps/dep_a-e9b3bd4a09aa60d6.d,1681,3d909fefa182a10f38e405403c94ba38d9915bf51b65c3f0c6be6c886adc620a,utf8,7 lines
anneal-3730-nested-parallelism-budget-2026-09-29,support/work/cargo-o2-i2/u0/root/target/aarch64-apple-darwin/debug/deps/dep_a-e9b3bd4a09aa60d6.dep_a.744892748a603025-cgu.0.rcgu.o,3200,bb36ae80ea664ee218a02e9bbba25229adc94d17b70cd28736551bea42506bba,binary,opaque
anneal-3730-nested-parallelism-budget-2026-09-29,support/work/cargo-o2-i2/u0/root/target/aarch64-apple-darwin/debug/deps/dep_b-5cc8e35ad6d77e8e.d,1681,0094614a3601f494d4de51d25c4d9bac84b30246cb5d402ca6d4b1bdf6cd4876,utf8,7 lines
anneal-3730-nested-parallelism-budget-2026-09-29,support/work/cargo-o2-i2/u0/root/target/aarch64-apple-darwin/debug/deps/dep_b-5cc8e35ad6d77e8e.dep_b.cfd100a6f2d27d46-cgu.0.rcgu.o,3200,afea4cad1f3b149208c5242d49e6678e34ae9e34e34135b169684bb231c5935b,binary,opaque
anneal-3730-nested-parallelism-budget-2026-09-29,support/work/cargo-o2-i2/u0/root/target/aarch64-apple-darwin/debug/deps/libdep_a-e9b3bd4a09aa60d6.rlib,7200,3dabe27c12fdf23cf70087b4dee741dbc6a4146c559359c07664207d3e4b9483,binary,opaque
anneal-3730-nested-parallelism-budget-2026-09-29,support/work/cargo-o2-i2/u0/root/target/aarch64-apple-darwin/debug/deps/libdep_a-e9b3bd4a09aa60d6.rmeta,2880,ed9130f0e827a60a351ddb1c5d2a9163057172f56c58ec15b5f86a142457c39c,binary,opaque
anneal-3730-nested-parallelism-budget-2026-09-29,support/work/cargo-o2-i2/u0/root/target/aarch64-apple-darwin/debug/deps/libdep_b-5cc8e35ad6d77e8e.rlib,7200,7c128df5eba263ea3a5dfa8ec227e686d56c9ad7ddbac06555e2955209f863cd,binary,opaque
anneal-3730-nested-parallelism-budget-2026-09-29,support/work/cargo-o2-i2/u0/root/target/aarch64-apple-darwin/debug/deps/libdep_b-5cc8e35ad6d77e8e.rmeta,2880,143f2977729270f8aef7b187abc3564413941229c37c5ef3d36650be0f650400,binary,opaque
anneal-3730-nested-parallelism-budget-2026-09-29,support/work/cargo-o2-i2/u0/root/target/debug/.cargo-artifact-lock,0,e3b0c44298fc1c149afbf4c8996fb92427ae41e4649b934ca495991b7852b855,utf8,0 lines
anneal-3730-nested-parallelism-budget-2026-09-29,support/work/cargo-o2-i2/u0/root/target/debug/.cargo-build-lock,0,e3b0c44298fc1c149afbf4c8996fb92427ae41e4649b934ca495991b7852b855,utf8,0 lines
anneal-3730-nested-parallelism-budget-2026-09-29,support/work/cargo-o2-i2/u0/root/target/debug/.cargo-lock,0,e3b0c44298fc1c149afbf4c8996fb92427ae41e4649b934ca495991b7852b855,utf8,0 lines
anneal-3730-nested-parallelism-budget-2026-09-29,support/work/cargo-o2-i2/u0/root/target/debug/.fingerprint/r37u0-e73fc30b4d96cc9e/build-script-build-script-build,16,c62147c38d7231165a3eb244bfd7c7d575429f3511611fa2e60dcd4f3ce9c2f2,utf8,0 lines
anneal-3730-nested-parallelism-budget-2026-09-29,support/work/cargo-o2-i2/u0/root/target/debug/.fingerprint/r37u0-e73fc30b4d96cc9e/build-script-build-script-build.json,365,80aaf4286c38b6228823f7a47ae647312611fe6d47a025721c47c88878c4c9f5,json,parsed
anneal-3730-nested-parallelism-budget-2026-09-29,support/work/cargo-o2-i2/u0/root/target/debug/.fingerprint/r37u0-e73fc30b4d96cc9e/dep-build-script-build-script-build,28,a71f952e7f3252ef5608298951fd55b25f3590c98bc0765ae4145e623604ee7d,binary,opaque
anneal-3730-nested-parallelism-budget-2026-09-29,support/work/cargo-o2-i2/u0/root/target/debug/.fingerprint/r37u0-e73fc30b4d96cc9e/invoked.timestamp,48,5a109e6643e8d3e88642e3f35e85d2a83e639d07523aa6e99166c48178e965c3,utf8,0 lines
anneal-3730-nested-parallelism-budget-2026-09-29,support/work/cargo-o2-i2/u0/root/target/debug/build/r37u0-e73fc30b4d96cc9e/build-script-build,468704,830c7e4b533ca134a6d3a6604de6ff5d5b28dc00cbad3d8cc9a301d41abe8b73,binary,opaque
anneal-3730-nested-parallelism-budget-2026-09-29,support/work/cargo-o2-i2/u0/root/target/debug/build/r37u0-e73fc30b4d96cc9e/build_script_build-e73fc30b4d96cc9e,468704,830c7e4b533ca134a6d3a6604de6ff5d5b28dc00cbad3d8cc9a301d41abe8b73,binary,opaque
anneal-3730-nested-parallelism-budget-2026-09-29,support/work/cargo-o2-i2/u0/root/target/debug/build/r37u0-e73fc30b4d96cc9e/build_script_build-e73fc30b4d96cc9e.build_script_build.969471b36c9c4a66-cgu.0.rcgu.o,14960,be2457ff4fba529ebec94c5568f7d3fe1a7b636beb47d34034abc0e21f0b4a74,binary,opaque
anneal-3730-nested-parallelism-budget-2026-09-29,support/work/cargo-o2-i2/u0/root/target/debug/build/r37u0-e73fc30b4d96cc9e/build_script_build-e73fc30b4d96cc9e.d,596,ebcb2b740ca12802bc1212259071626241fe9b315ebb43ccc7b367a57d973cab,utf8,5 lines
anneal-3730-nested-parallelism-budget-2026-09-29,support/work/cargo-o2-i2/u0/root/warm-incremental.stderr,407,5545849bed58e65005b79216f84dfe7fdd57b3d215a66cf07f85bdf9a0bca772,utf8,4 lines
anneal-3730-nested-parallelism-budget-2026-09-29,support/work/cargo-o2-i2/u0/root/warm-incremental.stdout,0,e3b0c44298fc1c149afbf4c8996fb92427ae41e4649b934ca495991b7852b855,utf8,0 lines
anneal-3730-nested-parallelism-budget-2026-09-29,support/work/cargo-o2-i2/u0/root/warm-noop.stderr,407,e23a39f5ff8d89475a13589882054dc421bd35d4c32421704dc9a81e06b18328,utf8,4 lines
anneal-3730-nested-parallelism-budget-2026-09-29,support/work/cargo-o2-i2/u0/root/warm-noop.stdout,0,e3b0c44298fc1c149afbf4c8996fb92427ae41e4649b934ca495991b7852b855,utf8,0 lines
anneal-3730-nested-parallelism-budget-2026-09-29,support/work/cargo-o2-i2/u1/dep_a/Cargo.toml,54,73c18a3a515dac3cfe0f3afa82d1948c2f15b3b754e7a297454a3e942e543e8b,utf8,4 lines
anneal-3730-nested-parallelism-budget-2026-09-29,support/work/cargo-o2-i2/u1/dep_a/src/lib.rs,44,a30619c0f6bf2c873a373a43aa9de62d1d00ef87dfa2cae357d333303bab2a5b,utf8,1 lines
anneal-3730-nested-parallelism-budget-2026-09-29,support/work/cargo-o2-i2/u1/dep_b/Cargo.toml,54,80c059104d6c926f81bdfc88066b2db62a683152b6cc980f81638875f0e1f4d3,utf8,4 lines
anneal-3730-nested-parallelism-budget-2026-09-29,support/work/cargo-o2-i2/u1/dep_b/src/lib.rs,44,74861e8f00a88700b9db893dc4cbcaf3810561d77c243b11761d92490c7a7c19,utf8,1 lines
anneal-3730-nested-parallelism-budget-2026-09-29,support/work/cargo-o2-i2/u1/root/Cargo.lock,280,5cc1f13c6c5f617d003edd498e567318c37c4f9459f9fef504a686f89d01dc9d,utf8,19 lines
anneal-3730-nested-parallelism-budget-2026-09-29,support/work/cargo-o2-i2/u1/root/Cargo.toml,117,e2a5ee3802b8602ec8296334ef00e471f61ac14fee481fde7cd082eaa1a2d2f4,utf8,7 lines
anneal-3730-nested-parallelism-budget-2026-09-29,support/work/cargo-o2-i2/u1/root/build.rs,116,5533dcc22ce9c14dcf004a5c16ae135690d27022d51156fc27fa108e9a84c9b9,utf8,1 lines
anneal-3730-nested-parallelism-budget-2026-09-29,support/work/cargo-o2-i2/u1/root/cold.stderr,871,f79972b0605a683d4c525bb718bf63a50659fb57213286137922e873fdb0410c,utf8,6 lines
anneal-3730-nested-parallelism-budget-2026-09-29,support/work/cargo-o2-i2/u1/root/cold.stdout,0,e3b0c44298fc1c149afbf4c8996fb92427ae41e4649b934ca495991b7852b855,utf8,0 lines
anneal-3730-nested-parallelism-budget-2026-09-29,support/work/cargo-o2-i2/u1/root/probe.llbc,11371,32900eb51e3b5612c1d044712f51c4c477fe30c24007f5dcb17510b3e1d64112,utf8,0 lines
anneal-3730-nested-parallelism-budget-2026-09-29,support/work/cargo-o2-i2/u1/root/src/lib.rs,110,6ff5d754579ba349942e16b2da1abfde909290374a68f839cca73c9e085522fb,utf8,2 lines
anneal-3730-nested-parallelism-budget-2026-09-29,support/work/cargo-o2-i2/u1/root/target/.rustc_info.json,5015,0d40ea436cc9f9d39c6abc140483f98c8b6212506d7f2f4581f302436803aa0c,json,parsed
anneal-3730-nested-parallelism-budget-2026-09-29,support/work/cargo-o2-i2/u1/root/target/CACHEDIR.TAG,177,6d9d1d216e0f83abc5e5662ca62c92b4f23009466b54fa27321a69acdb778bb2,utf8,3 lines
anneal-3730-nested-parallelism-budget-2026-09-29,support/work/cargo-o2-i2/u1/root/target/aarch64-apple-darwin/CACHEDIR.TAG,177,6d9d1d216e0f83abc5e5662ca62c92b4f23009466b54fa27321a69acdb778bb2,utf8,3 lines
anneal-3730-nested-parallelism-budget-2026-09-29,support/work/cargo-o2-i2/u1/root/target/aarch64-apple-darwin/debug/.cargo-artifact-lock,0,e3b0c44298fc1c149afbf4c8996fb92427ae41e4649b934ca495991b7852b855,utf8,0 lines
anneal-3730-nested-parallelism-budget-2026-09-29,support/work/cargo-o2-i2/u1/root/target/aarch64-apple-darwin/debug/.cargo-build-lock,0,e3b0c44298fc1c149afbf4c8996fb92427ae41e4649b934ca495991b7852b855,utf8,0 lines
anneal-3730-nested-parallelism-budget-2026-09-29,support/work/cargo-o2-i2/u1/root/target/aarch64-apple-darwin/debug/.cargo-lock,0,e3b0c44298fc1c149afbf4c8996fb92427ae41e4649b934ca495991b7852b855,utf8,0 lines
anneal-3730-nested-parallelism-budget-2026-09-29,support/work/cargo-o2-i2/u1/root/target/aarch64-apple-darwin/debug/.fingerprint/dep_a-4f64d0984b118fcc/dep-lib-dep_a,30,f14f96adde2da250a05802a30e565519ea310fa1799083f7444b109fa37007fc,binary,opaque
anneal-3730-nested-parallelism-budget-2026-09-29,support/work/cargo-o2-i2/u1/root/target/aarch64-apple-darwin/debug/.fingerprint/dep_a-4f64d0984b118fcc/invoked.timestamp,48,5a109e6643e8d3e88642e3f35e85d2a83e639d07523aa6e99166c48178e965c3,utf8,0 lines
anneal-3730-nested-parallelism-budget-2026-09-29,support/work/cargo-o2-i2/u1/root/target/aarch64-apple-darwin/debug/.fingerprint/dep_a-4f64d0984b118fcc/lib-dep_a,16,002017f51374b1117a90ff9682ed3133df2e67554c6a46a8325d356b217d04de,utf8,0 lines
anneal-3730-nested-parallelism-budget-2026-09-29,support/work/cargo-o2-i2/u1/root/target/aarch64-apple-darwin/debug/.fingerprint/dep_a-4f64d0984b118fcc/lib-dep_a.json,381,79369e515580ea101d5701619ea0e1abac4e4f71aee1598b47ed90ca728d7acd,json,parsed
anneal-3730-nested-parallelism-budget-2026-09-29,support/work/cargo-o2-i2/u1/root/target/aarch64-apple-darwin/debug/.fingerprint/dep_b-cb808fcef00b9c4e/dep-lib-dep_b,30,f14f96adde2da250a05802a30e565519ea310fa1799083f7444b109fa37007fc,binary,opaque
anneal-3730-nested-parallelism-budget-2026-09-29,support/work/cargo-o2-i2/u1/root/target/aarch64-apple-darwin/debug/.fingerprint/dep_b-cb808fcef00b9c4e/invoked.timestamp,48,5a109e6643e8d3e88642e3f35e85d2a83e639d07523aa6e99166c48178e965c3,utf8,0 lines
anneal-3730-nested-parallelism-budget-2026-09-29,support/work/cargo-o2-i2/u1/root/target/aarch64-apple-darwin/debug/.fingerprint/dep_b-cb808fcef00b9c4e/lib-dep_b,16,6d94fd3c6e6408d80671d04cd8fa0818195942dc5cf2539050c906eb770d07c1,utf8,0 lines
anneal-3730-nested-parallelism-budget-2026-09-29,support/work/cargo-o2-i2/u1/root/target/aarch64-apple-darwin/debug/.fingerprint/dep_b-cb808fcef00b9c4e/lib-dep_b.json,380,14d5dbf10e5d22793ec24922e184aefcf5cb83f97fb801c09cb9599db7537fab,json,parsed
anneal-3730-nested-parallelism-budget-2026-09-29,support/work/cargo-o2-i2/u1/root/target/aarch64-apple-darwin/debug/.fingerprint/r37u1-78ef39928c62bcf4/run-build-script-build-script-build,16,902c7b8b3f04cc49abff67972ad0e59b1b7e84fa242f722448683d67515f41f1,utf8,0 lines
anneal-3730-nested-parallelism-budget-2026-09-29,support/work/cargo-o2-i2/u1/root/target/aarch64-apple-darwin/debug/.fingerprint/r37u1-78ef39928c62bcf4/run-build-script-build-script-build.json,349,7daa95d4a0f8471fc21ed429214d5dc8e1eebf140ef378206f1fb9cca50d2a7f,json,parsed
anneal-3730-nested-parallelism-budget-2026-09-29,support/work/cargo-o2-i2/u1/root/target/aarch64-apple-darwin/debug/.fingerprint/r37u1-927ad2b2cdf8d7a3/invoked.timestamp,48,5a109e6643e8d3e88642e3f35e85d2a83e639d07523aa6e99166c48178e965c3,utf8,0 lines
anneal-3730-nested-parallelism-budget-2026-09-29,support/work/cargo-o2-i2/u1/root/target/aarch64-apple-darwin/debug/.fingerprint/r37u1-927ad2b2cdf8d7a3/lib-r37u1,16,5bec1723eddffcfebbc7aeea060fda365ce0d54f765399001fcc180bfe1846de,utf8,0 lines
anneal-3730-nested-parallelism-budget-2026-09-29,support/work/cargo-o2-i2/u1/root/target/aarch64-apple-darwin/debug/.fingerprint/r37u1-927ad2b2cdf8d7a3/lib-r37u1.json,567,0f69086c5acc39641af2a3f80ea180f410461eb6054b18b0dcb761517b6468f8,json,parsed
anneal-3730-nested-parallelism-budget-2026-09-29,support/work/cargo-o2-i2/u1/root/target/aarch64-apple-darwin/debug/build/r37u1-78ef39928c62bcf4/invoked.timestamp,48,5a109e6643e8d3e88642e3f35e85d2a83e639d07523aa6e99166c48178e965c3,utf8,0 lines
anneal-3730-nested-parallelism-budget-2026-09-29,support/work/cargo-o2-i2/u1/root/target/aarch64-apple-darwin/debug/build/r37u1-78ef39928c62bcf4/output,34,3273578f41aa3eeaf089559c4b2cd7eb8aedd415e94e0980f12b761ed4b1e690,utf8,1 lines
anneal-3730-nested-parallelism-budget-2026-09-29,support/work/cargo-o2-i2/u1/root/target/aarch64-apple-darwin/debug/build/r37u1-78ef39928c62bcf4/root-output,269,82023e7d033e7179558d99a4282ba0bfeaacdca06357ebb7491a7a7074db03d9,utf8,0 lines
anneal-3730-nested-parallelism-budget-2026-09-29,support/work/cargo-o2-i2/u1/root/target/aarch64-apple-darwin/debug/build/r37u1-78ef39928c62bcf4/stderr,0,e3b0c44298fc1c149afbf4c8996fb92427ae41e4649b934ca495991b7852b855,utf8,0 lines
anneal-3730-nested-parallelism-budget-2026-09-29,support/work/cargo-o2-i2/u1/root/target/aarch64-apple-darwin/debug/deps/dep_a-4f64d0984b118fcc.d,1681,09f18da7e57b8637eb0072eaa864ac5037610d7b8b5aaef89fdb2bba42e50666,utf8,7 lines
anneal-3730-nested-parallelism-budget-2026-09-29,support/work/cargo-o2-i2/u1/root/target/aarch64-apple-darwin/debug/deps/dep_a-4f64d0984b118fcc.dep_a.27e98e981d3e4b80-cgu.0.rcgu.o,3200,4d50b917ac95beaf665f0a0878fe0bd1cdcd2a83e8554b5e891e064aefebb2b8,binary,opaque
anneal-3730-nested-parallelism-budget-2026-09-29,support/work/cargo-o2-i2/u1/root/target/aarch64-apple-darwin/debug/deps/dep_b-cb808fcef00b9c4e.d,1681,b1ce914efec77356c8b966463f2a2bd1aaf9c85c7d548dcabcbba52669daf657,utf8,7 lines
anneal-3730-nested-parallelism-budget-2026-09-29,support/work/cargo-o2-i2/u1/root/target/aarch64-apple-darwin/debug/deps/dep_b-cb808fcef00b9c4e.dep_b.d97523cfd50ccb59-cgu.0.rcgu.o,3200,ddd3697f7f4f252b8ea31555ee3d20a2b56e73ca2db39b985206b8361129e213,binary,opaque
anneal-3730-nested-parallelism-budget-2026-09-29,support/work/cargo-o2-i2/u1/root/target/aarch64-apple-darwin/debug/deps/libdep_a-4f64d0984b118fcc.rlib,7200,82d0db41429cf9b286bfd528b97c84bfddaccd769ff551209a48abd1682d30c5,binary,opaque
anneal-3730-nested-parallelism-budget-2026-09-29,support/work/cargo-o2-i2/u1/root/target/aarch64-apple-darwin/debug/deps/libdep_a-4f64d0984b118fcc.rmeta,2880,a2ca4cb9d5b5251e98a405cce94312fe5a08213da9f74ccd2cf175815ee4a9cc,binary,opaque
anneal-3730-nested-parallelism-budget-2026-09-29,support/work/cargo-o2-i2/u1/root/target/aarch64-apple-darwin/debug/deps/libdep_b-cb808fcef00b9c4e.rlib,7200,c5efbda45c9610bf4fd8b5dccfb91456a6027e2e51a48211e3a29f96e794c054,binary,opaque
anneal-3730-nested-parallelism-budget-2026-09-29,support/work/cargo-o2-i2/u1/root/target/aarch64-apple-darwin/debug/deps/libdep_b-cb808fcef00b9c4e.rmeta,2880,b24b5b73aeb200b35ed8fed0f970503bb917d5f65205d5165fe2f2e9b8367157,binary,opaque
anneal-3730-nested-parallelism-budget-2026-09-29,support/work/cargo-o2-i2/u1/root/target/debug/.cargo-artifact-lock,0,e3b0c44298fc1c149afbf4c8996fb92427ae41e4649b934ca495991b7852b855,utf8,0 lines
anneal-3730-nested-parallelism-budget-2026-09-29,support/work/cargo-o2-i2/u1/root/target/debug/.cargo-build-lock,0,e3b0c44298fc1c149afbf4c8996fb92427ae41e4649b934ca495991b7852b855,utf8,0 lines
anneal-3730-nested-parallelism-budget-2026-09-29,support/work/cargo-o2-i2/u1/root/target/debug/.cargo-lock,0,e3b0c44298fc1c149afbf4c8996fb92427ae41e4649b934ca495991b7852b855,utf8,0 lines
anneal-3730-nested-parallelism-budget-2026-09-29,support/work/cargo-o2-i2/u1/root/target/debug/.fingerprint/r37u1-9457034f699317b1/build-script-build-script-build,16,f5f0fd3d6235c28d1a2a08f9970567cb989ead084c9065bc881d727bc3266cde,utf8,0 lines
anneal-3730-nested-parallelism-budget-2026-09-29,support/work/cargo-o2-i2/u1/root/target/debug/.fingerprint/r37u1-9457034f699317b1/build-script-build-script-build.json,365,d58ad5bb1a8700f858668f6fb7c87f8abc2bcb808418c67e6864567be39e06f9,json,parsed
anneal-3730-nested-parallelism-budget-2026-09-29,support/work/cargo-o2-i2/u1/root/target/debug/.fingerprint/r37u1-9457034f699317b1/dep-build-script-build-script-build,28,a71f952e7f3252ef5608298951fd55b25f3590c98bc0765ae4145e623604ee7d,binary,opaque
anneal-3730-nested-parallelism-budget-2026-09-29,support/work/cargo-o2-i2/u1/root/target/debug/.fingerprint/r37u1-9457034f699317b1/invoked.timestamp,48,5a109e6643e8d3e88642e3f35e85d2a83e639d07523aa6e99166c48178e965c3,utf8,0 lines
anneal-3730-nested-parallelism-budget-2026-09-29,support/work/cargo-o2-i2/u1/root/target/debug/build/r37u1-9457034f699317b1/build-script-build,468704,1f2d9499b6e37cc2b516cdf3622ecb624c36982c4bade30e4d067cce4ea7555d,binary,opaque
anneal-3730-nested-parallelism-budget-2026-09-29,support/work/cargo-o2-i2/u1/root/target/debug/build/r37u1-9457034f699317b1/build_script_build-9457034f699317b1,468704,1f2d9499b6e37cc2b516cdf3622ecb624c36982c4bade30e4d067cce4ea7555d,binary,opaque
anneal-3730-nested-parallelism-budget-2026-09-29,support/work/cargo-o2-i2/u1/root/target/debug/build/r37u1-9457034f699317b1/build_script_build-9457034f699317b1.build_script_build.7399a0dd099bc0c6-cgu.0.rcgu.o,14960,2c1162713065ee4facd325da19f27568ef48574e42b450cd4160053197966494,binary,opaque
anneal-3730-nested-parallelism-budget-2026-09-29,support/work/cargo-o2-i2/u1/root/target/debug/build/r37u1-9457034f699317b1/build_script_build-9457034f699317b1.d,596,e63def0b6e03bddba8ffbc1aaca9be22787bed4e312f55d512fd95853d96f486,utf8,5 lines
anneal-3730-nested-parallelism-budget-2026-09-29,support/work/cargo-o2-i2/u1/root/warm-incremental.stderr,407,35390496b0c7967f26ed751f7d3854b5dfe55dcf58e6ea5ed74ba784bed47eca,utf8,4 lines
anneal-3730-nested-parallelism-budget-2026-09-29,support/work/cargo-o2-i2/u1/root/warm-incremental.stdout,0,e3b0c44298fc1c149afbf4c8996fb92427ae41e4649b934ca495991b7852b855,utf8,0 lines
anneal-3730-nested-parallelism-budget-2026-09-29,support/work/cargo-o2-i2/u1/root/warm-noop.stderr,407,6d2a99052030f7db59fac1bc5e7afe9f937af99558ce0eb35aeab8a177ff1843,utf8,4 lines
anneal-3730-nested-parallelism-budget-2026-09-29,support/work/cargo-o2-i2/u1/root/warm-noop.stdout,0,e3b0c44298fc1c149afbf4c8996fb92427ae41e4649b934ca495991b7852b855,utf8,0 lines
anneal-3730-nested-parallelism-budget-2026-09-29,support/work/cargo-o4-i1/u0/dep_a/Cargo.toml,54,73c18a3a515dac3cfe0f3afa82d1948c2f15b3b754e7a297454a3e942e543e8b,utf8,4 lines
anneal-3730-nested-parallelism-budget-2026-09-29,support/work/cargo-o4-i1/u0/dep_a/src/lib.rs,44,a30619c0f6bf2c873a373a43aa9de62d1d00ef87dfa2cae357d333303bab2a5b,utf8,1 lines
anneal-3730-nested-parallelism-budget-2026-09-29,support/work/cargo-o4-i1/u0/dep_b/Cargo.toml,54,80c059104d6c926f81bdfc88066b2db62a683152b6cc980f81638875f0e1f4d3,utf8,4 lines
anneal-3730-nested-parallelism-budget-2026-09-29,support/work/cargo-o4-i1/u0/dep_b/src/lib.rs,44,74861e8f00a88700b9db893dc4cbcaf3810561d77c243b11761d92490c7a7c19,utf8,1 lines
anneal-3730-nested-parallelism-budget-2026-09-29,support/work/cargo-o4-i1/u0/root/Cargo.lock,280,54fe2b108662968c0a0824acfaba9f0ea4c85b0a8c259ce3bca09177f08c4b64,utf8,19 lines
anneal-3730-nested-parallelism-budget-2026-09-29,support/work/cargo-o4-i1/u0/root/Cargo.toml,117,2a625b558476a12e9509b37c511b32ba1312c303bb3c92d8f4c20b306680eb0f,utf8,7 lines
anneal-3730-nested-parallelism-budget-2026-09-29,support/work/cargo-o4-i1/u0/root/build.rs,116,5533dcc22ce9c14dcf004a5c16ae135690d27022d51156fc27fa108e9a84c9b9,utf8,1 lines
anneal-3730-nested-parallelism-budget-2026-09-29,support/work/cargo-o4-i1/u0/root/cold.stderr,923,dc7acfbf283d7c70d9c70ce2bd0c94bc573a9c2406f99982fab06c3724596949,utf8,7 lines
anneal-3730-nested-parallelism-budget-2026-09-29,support/work/cargo-o4-i1/u0/root/cold.stdout,0,e3b0c44298fc1c149afbf4c8996fb92427ae41e4649b934ca495991b7852b855,utf8,0 lines
anneal-3730-nested-parallelism-budget-2026-09-29,support/work/cargo-o4-i1/u0/root/probe.llbc,11371,cfb4d4861b4449d26ff68c250dc1d9c8a3895ad9c628deac5d35e303b8199ea8,utf8,0 lines
anneal-3730-nested-parallelism-budget-2026-09-29,support/work/cargo-o4-i1/u0/root/src/lib.rs,110,6ff5d754579ba349942e16b2da1abfde909290374a68f839cca73c9e085522fb,utf8,2 lines
anneal-3730-nested-parallelism-budget-2026-09-29,support/work/cargo-o4-i1/u0/root/target/.rustc_info.json,5015,ae44ec4b0c9eb07dfbf1eb81ce62d0a9a97c09596f2b742cafc01a40f824b569,json,parsed
anneal-3730-nested-parallelism-budget-2026-09-29,support/work/cargo-o4-i1/u0/root/target/CACHEDIR.TAG,177,6d9d1d216e0f83abc5e5662ca62c92b4f23009466b54fa27321a69acdb778bb2,utf8,3 lines
anneal-3730-nested-parallelism-budget-2026-09-29,support/work/cargo-o4-i1/u0/root/target/aarch64-apple-darwin/CACHEDIR.TAG,177,6d9d1d216e0f83abc5e5662ca62c92b4f23009466b54fa27321a69acdb778bb2,utf8,3 lines
anneal-3730-nested-parallelism-budget-2026-09-29,support/work/cargo-o4-i1/u0/root/target/aarch64-apple-darwin/debug/.cargo-artifact-lock,0,e3b0c44298fc1c149afbf4c8996fb92427ae41e4649b934ca495991b7852b855,utf8,0 lines
anneal-3730-nested-parallelism-budget-2026-09-29,support/work/cargo-o4-i1/u0/root/target/aarch64-apple-darwin/debug/.cargo-build-lock,0,e3b0c44298fc1c149afbf4c8996fb92427ae41e4649b934ca495991b7852b855,utf8,0 lines
anneal-3730-nested-parallelism-budget-2026-09-29,support/work/cargo-o4-i1/u0/root/target/aarch64-apple-darwin/debug/.cargo-lock,0,e3b0c44298fc1c149afbf4c8996fb92427ae41e4649b934ca495991b7852b855,utf8,0 lines
anneal-3730-nested-parallelism-budget-2026-09-29,support/work/cargo-o4-i1/u0/root/target/aarch64-apple-darwin/debug/.fingerprint/dep_a-6805b86f6d3738fa/dep-lib-dep_a,30,f14f96adde2da250a05802a30e565519ea310fa1799083f7444b109fa37007fc,binary,opaque
anneal-3730-nested-parallelism-budget-2026-09-29,support/work/cargo-o4-i1/u0/root/target/aarch64-apple-darwin/debug/.fingerprint/dep_a-6805b86f6d3738fa/invoked.timestamp,48,5a109e6643e8d3e88642e3f35e85d2a83e639d07523aa6e99166c48178e965c3,utf8,0 lines
anneal-3730-nested-parallelism-budget-2026-09-29,support/work/cargo-o4-i1/u0/root/target/aarch64-apple-darwin/debug/.fingerprint/dep_a-6805b86f6d3738fa/lib-dep_a,16,5ffcdd9b5eda9ef7f10335ec251e10f8699eaed8c52aaaac12b619165c3aedad,utf8,0 lines
anneal-3730-nested-parallelism-budget-2026-09-29,support/work/cargo-o4-i1/u0/root/target/aarch64-apple-darwin/debug/.fingerprint/dep_a-6805b86f6d3738fa/lib-dep_a.json,380,d6022acf80f7fec2ace88525cdda7a128f245d3253c650aa37dd5c6c0bf568ca,json,parsed
anneal-3730-nested-parallelism-budget-2026-09-29,support/work/cargo-o4-i1/u0/root/target/aarch64-apple-darwin/debug/.fingerprint/dep_b-56f379f4746618cc/dep-lib-dep_b,30,f14f96adde2da250a05802a30e565519ea310fa1799083f7444b109fa37007fc,binary,opaque
anneal-3730-nested-parallelism-budget-2026-09-29,support/work/cargo-o4-i1/u0/root/target/aarch64-apple-darwin/debug/.fingerprint/dep_b-56f379f4746618cc/invoked.timestamp,48,5a109e6643e8d3e88642e3f35e85d2a83e639d07523aa6e99166c48178e965c3,utf8,0 lines
anneal-3730-nested-parallelism-budget-2026-09-29,support/work/cargo-o4-i1/u0/root/target/aarch64-apple-darwin/debug/.fingerprint/dep_b-56f379f4746618cc/lib-dep_b,16,5777d09f3a2f4f89a786ed6c394c74b769ae7f7b2e78fd839cd7a60b8fac2385,utf8,0 lines
anneal-3730-nested-parallelism-budget-2026-09-29,support/work/cargo-o4-i1/u0/root/target/aarch64-apple-darwin/debug/.fingerprint/dep_b-56f379f4746618cc/lib-dep_b.json,377,daea3e4c1963949de642b426149db0bfbbcb319be4429a31ccf71822367797f7,json,parsed
anneal-3730-nested-parallelism-budget-2026-09-29,support/work/cargo-o4-i1/u0/root/target/aarch64-apple-darwin/debug/.fingerprint/r37u0-da1d365560df66b5/run-build-script-build-script-build,16,70f1323960f20867336f97a213474bd4dd328a03d0649eef8b38aa450fef1966,utf8,0 lines
anneal-3730-nested-parallelism-budget-2026-09-29,support/work/cargo-o4-i1/u0/root/target/aarch64-apple-darwin/debug/.fingerprint/r37u0-da1d365560df66b5/run-build-script-build-script-build.json,348,7f282f6d343fec0830f5e86e987e91e2722c0e57d0f36af8a0c88252c3bde4a7,json,parsed
anneal-3730-nested-parallelism-budget-2026-09-29,support/work/cargo-o4-i1/u0/root/target/aarch64-apple-darwin/debug/.fingerprint/r37u0-f0dabc89ebb0955c/invoked.timestamp,48,5a109e6643e8d3e88642e3f35e85d2a83e639d07523aa6e99166c48178e965c3,utf8,0 lines
anneal-3730-nested-parallelism-budget-2026-09-29,support/work/cargo-o4-i1/u0/root/target/aarch64-apple-darwin/debug/.fingerprint/r37u0-f0dabc89ebb0955c/lib-r37u0,16,63ad08819284058587bafdb4a1afa805ba636c428b9cf1446f8af40b579bbd2d,utf8,0 lines
anneal-3730-nested-parallelism-budget-2026-09-29,support/work/cargo-o4-i1/u0/root/target/aarch64-apple-darwin/debug/.fingerprint/r37u0-f0dabc89ebb0955c/lib-r37u0.json,563,cac1ff751db7f97b441db8aaeb6968fb9a05e40a7986a9d953c6068363c40a36,json,parsed
anneal-3730-nested-parallelism-budget-2026-09-29,support/work/cargo-o4-i1/u0/root/target/aarch64-apple-darwin/debug/build/r37u0-da1d365560df66b5/invoked.timestamp,48,5a109e6643e8d3e88642e3f35e85d2a83e639d07523aa6e99166c48178e965c3,utf8,0 lines
anneal-3730-nested-parallelism-budget-2026-09-29,support/work/cargo-o4-i1/u0/root/target/aarch64-apple-darwin/debug/build/r37u0-da1d365560df66b5/output,34,3273578f41aa3eeaf089559c4b2cd7eb8aedd415e94e0980f12b761ed4b1e690,utf8,1 lines
anneal-3730-nested-parallelism-budget-2026-09-29,support/work/cargo-o4-i1/u0/root/target/aarch64-apple-darwin/debug/build/r37u0-da1d365560df66b5/root-output,269,4fb0f523349857c0c67f68b4aba5857504b82cfc1d403efaea281c90a97b8ab4,utf8,0 lines
anneal-3730-nested-parallelism-budget-2026-09-29,support/work/cargo-o4-i1/u0/root/target/aarch64-apple-darwin/debug/build/r37u0-da1d365560df66b5/stderr,0,e3b0c44298fc1c149afbf4c8996fb92427ae41e4649b934ca495991b7852b855,utf8,0 lines
anneal-3730-nested-parallelism-budget-2026-09-29,support/work/cargo-o4-i1/u0/root/target/aarch64-apple-darwin/debug/deps/dep_a-6805b86f6d3738fa.d,1681,9095662b06821e17b189d5d9439bf90e345d454cabf5c55f93649df0c5d35043,utf8,7 lines
anneal-3730-nested-parallelism-budget-2026-09-29,support/work/cargo-o4-i1/u0/root/target/aarch64-apple-darwin/debug/deps/dep_a-6805b86f6d3738fa.dep_a.33570e528f011d0d-cgu.0.rcgu.o,3200,d3b68a7629bddfecfaa7b0c6036631eb32b4269b7a5404c68641278a581695aa,binary,opaque
anneal-3730-nested-parallelism-budget-2026-09-29,support/work/cargo-o4-i1/u0/root/target/aarch64-apple-darwin/debug/deps/dep_b-56f379f4746618cc.d,1681,685b62251110e686c7f5a17f1dc63bdca7a50c4fbe502b365521d5d6ef383c60,utf8,7 lines
anneal-3730-nested-parallelism-budget-2026-09-29,support/work/cargo-o4-i1/u0/root/target/aarch64-apple-darwin/debug/deps/dep_b-56f379f4746618cc.dep_b.8a382d84db541d2c-cgu.0.rcgu.o,3200,6bdca9086d69a3a91f7953831f547b8ba1821a465d535cff8eb0b9179b47345c,binary,opaque
anneal-3730-nested-parallelism-budget-2026-09-29,support/work/cargo-o4-i1/u0/root/target/aarch64-apple-darwin/debug/deps/libdep_a-6805b86f6d3738fa.rlib,7200,2e0e9f757f2eeeeee14465e13db8c81650b89fb009829a49294db5883baabcfc,binary,opaque
anneal-3730-nested-parallelism-budget-2026-09-29,support/work/cargo-o4-i1/u0/root/target/aarch64-apple-darwin/debug/deps/libdep_a-6805b86f6d3738fa.rmeta,2880,c049780d7b011c6f8d09229425ca691678f874824fd38d23c0db243a19495d06,binary,opaque
anneal-3730-nested-parallelism-budget-2026-09-29,support/work/cargo-o4-i1/u0/root/target/aarch64-apple-darwin/debug/deps/libdep_b-56f379f4746618cc.rlib,7200,ee4790c37ff4c5fabc26c748ad235c87aa5cd157a00ce63f81544ee506251652,binary,opaque
anneal-3730-nested-parallelism-budget-2026-09-29,support/work/cargo-o4-i1/u0/root/target/aarch64-apple-darwin/debug/deps/libdep_b-56f379f4746618cc.rmeta,2880,73f3874027cf9d4bcc2baf640778d1c3c2850ecc4cfd462adaffd3e64efc6bee,binary,opaque
anneal-3730-nested-parallelism-budget-2026-09-29,support/work/cargo-o4-i1/u0/root/target/debug/.cargo-artifact-lock,0,e3b0c44298fc1c149afbf4c8996fb92427ae41e4649b934ca495991b7852b855,utf8,0 lines
anneal-3730-nested-parallelism-budget-2026-09-29,support/work/cargo-o4-i1/u0/root/target/debug/.cargo-build-lock,0,e3b0c44298fc1c149afbf4c8996fb92427ae41e4649b934ca495991b7852b855,utf8,0 lines
anneal-3730-nested-parallelism-budget-2026-09-29,support/work/cargo-o4-i1/u0/root/target/debug/.cargo-lock,0,e3b0c44298fc1c149afbf4c8996fb92427ae41e4649b934ca495991b7852b855,utf8,0 lines
anneal-3730-nested-parallelism-budget-2026-09-29,support/work/cargo-o4-i1/u0/root/target/debug/.fingerprint/r37u0-e73fc30b4d96cc9e/build-script-build-script-build,16,c62147c38d7231165a3eb244bfd7c7d575429f3511611fa2e60dcd4f3ce9c2f2,utf8,0 lines
anneal-3730-nested-parallelism-budget-2026-09-29,support/work/cargo-o4-i1/u0/root/target/debug/.fingerprint/r37u0-e73fc30b4d96cc9e/build-script-build-script-build.json,365,80aaf4286c38b6228823f7a47ae647312611fe6d47a025721c47c88878c4c9f5,json,parsed
anneal-3730-nested-parallelism-budget-2026-09-29,support/work/cargo-o4-i1/u0/root/target/debug/.fingerprint/r37u0-e73fc30b4d96cc9e/dep-build-script-build-script-build,28,a71f952e7f3252ef5608298951fd55b25f3590c98bc0765ae4145e623604ee7d,binary,opaque
anneal-3730-nested-parallelism-budget-2026-09-29,support/work/cargo-o4-i1/u0/root/target/debug/.fingerprint/r37u0-e73fc30b4d96cc9e/invoked.timestamp,48,5a109e6643e8d3e88642e3f35e85d2a83e639d07523aa6e99166c48178e965c3,utf8,0 lines
anneal-3730-nested-parallelism-budget-2026-09-29,support/work/cargo-o4-i1/u0/root/target/debug/build/r37u0-e73fc30b4d96cc9e/build-script-build,468704,62723cb93c51cf729dac2ce0f436ed1ee28356f73d4e28570602e179010446f6,binary,opaque
anneal-3730-nested-parallelism-budget-2026-09-29,support/work/cargo-o4-i1/u0/root/target/debug/build/r37u0-e73fc30b4d96cc9e/build_script_build-e73fc30b4d96cc9e,468704,62723cb93c51cf729dac2ce0f436ed1ee28356f73d4e28570602e179010446f6,binary,opaque
anneal-3730-nested-parallelism-budget-2026-09-29,support/work/cargo-o4-i1/u0/root/target/debug/build/r37u0-e73fc30b4d96cc9e/build_script_build-e73fc30b4d96cc9e.build_script_build.969471b36c9c4a66-cgu.0.rcgu.o,14960,a81f6a9767a271212e0892021e91567c89efdb5cbd65edf72979a0b090ff38a6,binary,opaque
anneal-3730-nested-parallelism-budget-2026-09-29,support/work/cargo-o4-i1/u0/root/target/debug/build/r37u0-e73fc30b4d96cc9e/build_script_build-e73fc30b4d96cc9e.d,596,55273c30342081df9706d944b2ecf43d88db5044345c9b5be3aa072b47769c8d,utf8,5 lines
anneal-3730-nested-parallelism-budget-2026-09-29,support/work/cargo-o4-i1/u0/root/warm-incremental.stderr,407,db0194b64437aa626cf6e7fb13a44e96d5bcb0b59e62cab01ab84ca6fb7761b6,utf8,4 lines
anneal-3730-nested-parallelism-budget-2026-09-29,support/work/cargo-o4-i1/u0/root/warm-incremental.stdout,0,e3b0c44298fc1c149afbf4c8996fb92427ae41e4649b934ca495991b7852b855,utf8,0 lines
anneal-3730-nested-parallelism-budget-2026-09-29,support/work/cargo-o4-i1/u0/root/warm-noop.stderr,459,a6f455a65cfa6c771a11bf6e186415aee48d2dd0b6f4ab807967f3231255fb4c,utf8,5 lines
anneal-3730-nested-parallelism-budget-2026-09-29,support/work/cargo-o4-i1/u0/root/warm-noop.stdout,0,e3b0c44298fc1c149afbf4c8996fb92427ae41e4649b934ca495991b7852b855,utf8,0 lines
anneal-3730-nested-parallelism-budget-2026-09-29,support/work/cargo-o4-i1/u1/dep_a/Cargo.toml,54,73c18a3a515dac3cfe0f3afa82d1948c2f15b3b754e7a297454a3e942e543e8b,utf8,4 lines
anneal-3730-nested-parallelism-budget-2026-09-29,support/work/cargo-o4-i1/u1/dep_a/src/lib.rs,44,a30619c0f6bf2c873a373a43aa9de62d1d00ef87dfa2cae357d333303bab2a5b,utf8,1 lines
anneal-3730-nested-parallelism-budget-2026-09-29,support/work/cargo-o4-i1/u1/dep_b/Cargo.toml,54,80c059104d6c926f81bdfc88066b2db62a683152b6cc980f81638875f0e1f4d3,utf8,4 lines
anneal-3730-nested-parallelism-budget-2026-09-29,support/work/cargo-o4-i1/u1/dep_b/src/lib.rs,44,74861e8f00a88700b9db893dc4cbcaf3810561d77c243b11761d92490c7a7c19,utf8,1 lines
anneal-3730-nested-parallelism-budget-2026-09-29,support/work/cargo-o4-i1/u1/root/Cargo.lock,280,5cc1f13c6c5f617d003edd498e567318c37c4f9459f9fef504a686f89d01dc9d,utf8,19 lines
anneal-3730-nested-parallelism-budget-2026-09-29,support/work/cargo-o4-i1/u1/root/Cargo.toml,117,e2a5ee3802b8602ec8296334ef00e471f61ac14fee481fde7cd082eaa1a2d2f4,utf8,7 lines
anneal-3730-nested-parallelism-budget-2026-09-29,support/work/cargo-o4-i1/u1/root/build.rs,116,5533dcc22ce9c14dcf004a5c16ae135690d27022d51156fc27fa108e9a84c9b9,utf8,1 lines
anneal-3730-nested-parallelism-budget-2026-09-29,support/work/cargo-o4-i1/u1/root/cold.stderr,975,52d4f901a48f8b6e76a85b6c61c83a2d7a069d3a6e921b195871c5ce03eb4289,utf8,8 lines
anneal-3730-nested-parallelism-budget-2026-09-29,support/work/cargo-o4-i1/u1/root/cold.stdout,0,e3b0c44298fc1c149afbf4c8996fb92427ae41e4649b934ca495991b7852b855,utf8,0 lines
anneal-3730-nested-parallelism-budget-2026-09-29,support/work/cargo-o4-i1/u1/root/probe.llbc,11371,a853d275e9972bfb066151b332fd99d43b2fa75ad5b9466b4499585f7aa12914,utf8,0 lines
anneal-3730-nested-parallelism-budget-2026-09-29,support/work/cargo-o4-i1/u1/root/src/lib.rs,110,6ff5d754579ba349942e16b2da1abfde909290374a68f839cca73c9e085522fb,utf8,2 lines
anneal-3730-nested-parallelism-budget-2026-09-29,support/work/cargo-o4-i1/u1/root/target/.rustc_info.json,5015,cd67b470383f98b766680815db5f4a0557f110f15854a36747f1439fbe2f521a,json,parsed
anneal-3730-nested-parallelism-budget-2026-09-29,support/work/cargo-o4-i1/u1/root/target/CACHEDIR.TAG,177,6d9d1d216e0f83abc5e5662ca62c92b4f23009466b54fa27321a69acdb778bb2,utf8,3 lines
anneal-3730-nested-parallelism-budget-2026-09-29,support/work/cargo-o4-i1/u1/root/target/aarch64-apple-darwin/CACHEDIR.TAG,177,6d9d1d216e0f83abc5e5662ca62c92b4f23009466b54fa27321a69acdb778bb2,utf8,3 lines
anneal-3730-nested-parallelism-budget-2026-09-29,support/work/cargo-o4-i1/u1/root/target/aarch64-apple-darwin/debug/.cargo-artifact-lock,0,e3b0c44298fc1c149afbf4c8996fb92427ae41e4649b934ca495991b7852b855,utf8,0 lines
anneal-3730-nested-parallelism-budget-2026-09-29,support/work/cargo-o4-i1/u1/root/target/aarch64-apple-darwin/debug/.cargo-build-lock,0,e3b0c44298fc1c149afbf4c8996fb92427ae41e4649b934ca495991b7852b855,utf8,0 lines
anneal-3730-nested-parallelism-budget-2026-09-29,support/work/cargo-o4-i1/u1/root/target/aarch64-apple-darwin/debug/.cargo-lock,0,e3b0c44298fc1c149afbf4c8996fb92427ae41e4649b934ca495991b7852b855,utf8,0 lines
anneal-3730-nested-parallelism-budget-2026-09-29,support/work/cargo-o4-i1/u1/root/target/aarch64-apple-darwin/debug/.fingerprint/dep_a-1cf32c3903306abf/dep-lib-dep_a,30,f14f96adde2da250a05802a30e565519ea310fa1799083f7444b109fa37007fc,binary,opaque
anneal-3730-nested-parallelism-budget-2026-09-29,support/work/cargo-o4-i1/u1/root/target/aarch64-apple-darwin/debug/.fingerprint/dep_a-1cf32c3903306abf/invoked.timestamp,48,5a109e6643e8d3e88642e3f35e85d2a83e639d07523aa6e99166c48178e965c3,utf8,0 lines
anneal-3730-nested-parallelism-budget-2026-09-29,support/work/cargo-o4-i1/u1/root/target/aarch64-apple-darwin/debug/.fingerprint/dep_a-1cf32c3903306abf/lib-dep_a,16,46b489ef65772c934af82ecacc3b89769833cc85e3a8a62050d765060263602c,utf8,0 lines
anneal-3730-nested-parallelism-budget-2026-09-29,support/work/cargo-o4-i1/u1/root/target/aarch64-apple-darwin/debug/.fingerprint/dep_a-1cf32c3903306abf/lib-dep_a.json,381,587660717e0303d4a51b2433cedd76ce73f7eaeb751076e28b3e79e41539edfe,json,parsed
anneal-3730-nested-parallelism-budget-2026-09-29,support/work/cargo-o4-i1/u1/root/target/aarch64-apple-darwin/debug/.fingerprint/dep_b-94192840fa15f414/dep-lib-dep_b,30,f14f96adde2da250a05802a30e565519ea310fa1799083f7444b109fa37007fc,binary,opaque
anneal-3730-nested-parallelism-budget-2026-09-29,support/work/cargo-o4-i1/u1/root/target/aarch64-apple-darwin/debug/.fingerprint/dep_b-94192840fa15f414/invoked.timestamp,48,5a109e6643e8d3e88642e3f35e85d2a83e639d07523aa6e99166c48178e965c3,utf8,0 lines
anneal-3730-nested-parallelism-budget-2026-09-29,support/work/cargo-o4-i1/u1/root/target/aarch64-apple-darwin/debug/.fingerprint/dep_b-94192840fa15f414/lib-dep_b,16,b5bc62b874d26dbaac332d6c70d6e2a986c1ffad2e0297f301b53bf1b1ebe535,utf8,0 lines
anneal-3730-nested-parallelism-budget-2026-09-29,support/work/cargo-o4-i1/u1/root/target/aarch64-apple-darwin/debug/.fingerprint/dep_b-94192840fa15f414/lib-dep_b.json,380,f333b4dffb739bca2aaaf50dc7432e0af1548148f79bd704f61f3290a4781f4a,json,parsed
anneal-3730-nested-parallelism-budget-2026-09-29,support/work/cargo-o4-i1/u1/root/target/aarch64-apple-darwin/debug/.fingerprint/r37u1-1362a1bee0c95108/invoked.timestamp,48,5a109e6643e8d3e88642e3f35e85d2a83e639d07523aa6e99166c48178e965c3,utf8,0 lines
anneal-3730-nested-parallelism-budget-2026-09-29,support/work/cargo-o4-i1/u1/root/target/aarch64-apple-darwin/debug/.fingerprint/r37u1-1362a1bee0c95108/lib-r37u1,16,734e9c764170027e9624c1a9bd635a696c00b5dca68ca63bb95d30a964e3b692,utf8,0 lines
anneal-3730-nested-parallelism-budget-2026-09-29,support/work/cargo-o4-i1/u1/root/target/aarch64-apple-darwin/debug/.fingerprint/r37u1-1362a1bee0c95108/lib-r37u1.json,566,ca92c201fcfc08e8c11710e95ab7abf2cc6eca97c07a869c70eb8c4a49125f01,json,parsed
anneal-3730-nested-parallelism-budget-2026-09-29,support/work/cargo-o4-i1/u1/root/target/aarch64-apple-darwin/debug/.fingerprint/r37u1-78ef39928c62bcf4/run-build-script-build-script-build,16,902c7b8b3f04cc49abff67972ad0e59b1b7e84fa242f722448683d67515f41f1,utf8,0 lines
anneal-3730-nested-parallelism-budget-2026-09-29,support/work/cargo-o4-i1/u1/root/target/aarch64-apple-darwin/debug/.fingerprint/r37u1-78ef39928c62bcf4/run-build-script-build-script-build.json,349,7daa95d4a0f8471fc21ed429214d5dc8e1eebf140ef378206f1fb9cca50d2a7f,json,parsed
anneal-3730-nested-parallelism-budget-2026-09-29,support/work/cargo-o4-i1/u1/root/target/aarch64-apple-darwin/debug/build/r37u1-78ef39928c62bcf4/invoked.timestamp,48,5a109e6643e8d3e88642e3f35e85d2a83e639d07523aa6e99166c48178e965c3,utf8,0 lines
anneal-3730-nested-parallelism-budget-2026-09-29,support/work/cargo-o4-i1/u1/root/target/aarch64-apple-darwin/debug/build/r37u1-78ef39928c62bcf4/output,34,3273578f41aa3eeaf089559c4b2cd7eb8aedd415e94e0980f12b761ed4b1e690,utf8,1 lines
anneal-3730-nested-parallelism-budget-2026-09-29,support/work/cargo-o4-i1/u1/root/target/aarch64-apple-darwin/debug/build/r37u1-78ef39928c62bcf4/root-output,269,37a71550a6c24abbf7ead0b6b516474682d3dfb5251fd1974e4227c6bb2a7a2f,utf8,0 lines
anneal-3730-nested-parallelism-budget-2026-09-29,support/work/cargo-o4-i1/u1/root/target/aarch64-apple-darwin/debug/build/r37u1-78ef39928c62bcf4/stderr,0,e3b0c44298fc1c149afbf4c8996fb92427ae41e4649b934ca495991b7852b855,utf8,0 lines
anneal-3730-nested-parallelism-budget-2026-09-29,support/work/cargo-o4-i1/u1/root/target/aarch64-apple-darwin/debug/deps/dep_a-1cf32c3903306abf.d,1681,ddefd4801f0cc14e8b87a1cfd0963f1b94553667e6e3220648a26c815dd2ac95,utf8,7 lines
anneal-3730-nested-parallelism-budget-2026-09-29,support/work/cargo-o4-i1/u1/root/target/aarch64-apple-darwin/debug/deps/dep_a-1cf32c3903306abf.dep_a.40756a0f90750f92-cgu.0.rcgu.o,3200,67ee2bf79dbe6af14c7b0c77d9d26f611a3bd40c38636df0951445c3de883d33,binary,opaque
anneal-3730-nested-parallelism-budget-2026-09-29,support/work/cargo-o4-i1/u1/root/target/aarch64-apple-darwin/debug/deps/dep_b-94192840fa15f414.d,1681,cdfa0e43ffeff2fad08bafe0f386c0bbebca17aa7bc9e1f8edb0478333588157,utf8,7 lines
anneal-3730-nested-parallelism-budget-2026-09-29,support/work/cargo-o4-i1/u1/root/target/aarch64-apple-darwin/debug/deps/dep_b-94192840fa15f414.dep_b.80633bf77eb15573-cgu.0.rcgu.o,3200,25f86ab2fabdb2701009772c0533b3b9b92907a10a779efc9c9978c67cce4e44,binary,opaque
anneal-3730-nested-parallelism-budget-2026-09-29,support/work/cargo-o4-i1/u1/root/target/aarch64-apple-darwin/debug/deps/libdep_a-1cf32c3903306abf.rlib,7200,1ee9b3b6e65d0d4bb9ad6dd6d522b2eed0e372c6fde796fbcc7f0fbf2a00a2ed,binary,opaque
anneal-3730-nested-parallelism-budget-2026-09-29,support/work/cargo-o4-i1/u1/root/target/aarch64-apple-darwin/debug/deps/libdep_a-1cf32c3903306abf.rmeta,2880,877ec463c74e7fe2a0831f4b61b9436dcaf9985e554d3ad557f9f1085d003739,binary,opaque
anneal-3730-nested-parallelism-budget-2026-09-29,support/work/cargo-o4-i1/u1/root/target/aarch64-apple-darwin/debug/deps/libdep_b-94192840fa15f414.rlib,7200,476da0360be653ec015a919c542178e30eb4618c44c6c133c0b325d587620b0e,binary,opaque
anneal-3730-nested-parallelism-budget-2026-09-29,support/work/cargo-o4-i1/u1/root/target/aarch64-apple-darwin/debug/deps/libdep_b-94192840fa15f414.rmeta,2880,54c19e67bdd5242ba4eff0bc77554f61c00a711372bb16d7dfe011c09e322c0c,binary,opaque
anneal-3730-nested-parallelism-budget-2026-09-29,support/work/cargo-o4-i1/u1/root/target/debug/.cargo-artifact-lock,0,e3b0c44298fc1c149afbf4c8996fb92427ae41e4649b934ca495991b7852b855,utf8,0 lines
anneal-3730-nested-parallelism-budget-2026-09-29,support/work/cargo-o4-i1/u1/root/target/debug/.cargo-build-lock,0,e3b0c44298fc1c149afbf4c8996fb92427ae41e4649b934ca495991b7852b855,utf8,0 lines
anneal-3730-nested-parallelism-budget-2026-09-29,support/work/cargo-o4-i1/u1/root/target/debug/.cargo-lock,0,e3b0c44298fc1c149afbf4c8996fb92427ae41e4649b934ca495991b7852b855,utf8,0 lines
anneal-3730-nested-parallelism-budget-2026-09-29,support/work/cargo-o4-i1/u1/root/target/debug/.fingerprint/r37u1-9457034f699317b1/build-script-build-script-build,16,f5f0fd3d6235c28d1a2a08f9970567cb989ead084c9065bc881d727bc3266cde,utf8,0 lines
anneal-3730-nested-parallelism-budget-2026-09-29,support/work/cargo-o4-i1/u1/root/target/debug/.fingerprint/r37u1-9457034f699317b1/build-script-build-script-build.json,365,d58ad5bb1a8700f858668f6fb7c87f8abc2bcb808418c67e6864567be39e06f9,json,parsed
anneal-3730-nested-parallelism-budget-2026-09-29,support/work/cargo-o4-i1/u1/root/target/debug/.fingerprint/r37u1-9457034f699317b1/dep-build-script-build-script-build,28,a71f952e7f3252ef5608298951fd55b25f3590c98bc0765ae4145e623604ee7d,binary,opaque
anneal-3730-nested-parallelism-budget-2026-09-29,support/work/cargo-o4-i1/u1/root/target/debug/.fingerprint/r37u1-9457034f699317b1/invoked.timestamp,48,5a109e6643e8d3e88642e3f35e85d2a83e639d07523aa6e99166c48178e965c3,utf8,0 lines
anneal-3730-nested-parallelism-budget-2026-09-29,support/work/cargo-o4-i1/u1/root/target/debug/build/r37u1-9457034f699317b1/build-script-build,468704,f71a5822b5ae53d1c5abfeeede9ed2dcdb5ebba236d96cda46c9d5b9c69e1026,binary,opaque
anneal-3730-nested-parallelism-budget-2026-09-29,support/work/cargo-o4-i1/u1/root/target/debug/build/r37u1-9457034f699317b1/build_script_build-9457034f699317b1,468704,f71a5822b5ae53d1c5abfeeede9ed2dcdb5ebba236d96cda46c9d5b9c69e1026,binary,opaque
anneal-3730-nested-parallelism-budget-2026-09-29,support/work/cargo-o4-i1/u1/root/target/debug/build/r37u1-9457034f699317b1/build_script_build-9457034f699317b1.build_script_build.7399a0dd099bc0c6-cgu.0.rcgu.o,14960,642ea1680f04999ce68c152a0fb7aee1e3718d915283aad885fe61d97d87e601,binary,opaque
anneal-3730-nested-parallelism-budget-2026-09-29,support/work/cargo-o4-i1/u1/root/target/debug/build/r37u1-9457034f699317b1/build_script_build-9457034f699317b1.d,596,55e10be2e7202df66568537e648aa8a604c13e5bab1d12262e1c880907abcec6,utf8,5 lines
anneal-3730-nested-parallelism-budget-2026-09-29,support/work/cargo-o4-i1/u1/root/warm-incremental.stderr,511,0ac6d660ee1f660f8572e412e4ca34d1a49e41d56cb3f8562f29724b36395d87,utf8,6 lines
anneal-3730-nested-parallelism-budget-2026-09-29,support/work/cargo-o4-i1/u1/root/warm-incremental.stdout,0,e3b0c44298fc1c149afbf4c8996fb92427ae41e4649b934ca495991b7852b855,utf8,0 lines
anneal-3730-nested-parallelism-budget-2026-09-29,support/work/cargo-o4-i1/u1/root/warm-noop.stderr,511,a625f26bf2429268c59ea86ff5f7b65cefa2f3256cb4ff23abb81b99501af8c1,utf8,6 lines
anneal-3730-nested-parallelism-budget-2026-09-29,support/work/cargo-o4-i1/u1/root/warm-noop.stdout,0,e3b0c44298fc1c149afbf4c8996fb92427ae41e4649b934ca495991b7852b855,utf8,0 lines
anneal-3730-nested-parallelism-budget-2026-09-29,support/work/cargo-o4-i1/u2/dep_a/Cargo.toml,54,73c18a3a515dac3cfe0f3afa82d1948c2f15b3b754e7a297454a3e942e543e8b,utf8,4 lines
anneal-3730-nested-parallelism-budget-2026-09-29,support/work/cargo-o4-i1/u2/dep_a/src/lib.rs,44,a30619c0f6bf2c873a373a43aa9de62d1d00ef87dfa2cae357d333303bab2a5b,utf8,1 lines
anneal-3730-nested-parallelism-budget-2026-09-29,support/work/cargo-o4-i1/u2/dep_b/Cargo.toml,54,80c059104d6c926f81bdfc88066b2db62a683152b6cc980f81638875f0e1f4d3,utf8,4 lines
anneal-3730-nested-parallelism-budget-2026-09-29,support/work/cargo-o4-i1/u2/dep_b/src/lib.rs,44,74861e8f00a88700b9db893dc4cbcaf3810561d77c243b11761d92490c7a7c19,utf8,1 lines
anneal-3730-nested-parallelism-budget-2026-09-29,support/work/cargo-o4-i1/u2/root/Cargo.lock,280,0f25b2db5b7673f91c1764530e476225b61b135df0cbe179a8f26c3e1d40d788,utf8,19 lines
anneal-3730-nested-parallelism-budget-2026-09-29,support/work/cargo-o4-i1/u2/root/Cargo.toml,117,2827f083ac003ff9cad239b063a8c82c073e9cef49bec2541de3a7c6d30ffc0a,utf8,7 lines
anneal-3730-nested-parallelism-budget-2026-09-29,support/work/cargo-o4-i1/u2/root/build.rs,116,5533dcc22ce9c14dcf004a5c16ae135690d27022d51156fc27fa108e9a84c9b9,utf8,1 lines
anneal-3730-nested-parallelism-budget-2026-09-29,support/work/cargo-o4-i1/u2/root/cold.stderr,923,fe895e4f6d4052533e152789e1cce4f9cc83af7f07a9867c7b45e8bf68f51b79,utf8,7 lines
anneal-3730-nested-parallelism-budget-2026-09-29,support/work/cargo-o4-i1/u2/root/cold.stdout,0,e3b0c44298fc1c149afbf4c8996fb92427ae41e4649b934ca495991b7852b855,utf8,0 lines
anneal-3730-nested-parallelism-budget-2026-09-29,support/work/cargo-o4-i1/u2/root/probe.llbc,11371,11668dae0bd19343aeec5ee7385724b70e06ca423c32ff8311ad32e47320a837,utf8,0 lines
anneal-3730-nested-parallelism-budget-2026-09-29,support/work/cargo-o4-i1/u2/root/src/lib.rs,110,6ff5d754579ba349942e16b2da1abfde909290374a68f839cca73c9e085522fb,utf8,2 lines
anneal-3730-nested-parallelism-budget-2026-09-29,support/work/cargo-o4-i1/u2/root/target/.rustc_info.json,5015,ae44ec4b0c9eb07dfbf1eb81ce62d0a9a97c09596f2b742cafc01a40f824b569,json,parsed
anneal-3730-nested-parallelism-budget-2026-09-29,support/work/cargo-o4-i1/u2/root/target/CACHEDIR.TAG,177,6d9d1d216e0f83abc5e5662ca62c92b4f23009466b54fa27321a69acdb778bb2,utf8,3 lines
anneal-3730-nested-parallelism-budget-2026-09-29,support/work/cargo-o4-i1/u2/root/target/aarch64-apple-darwin/CACHEDIR.TAG,177,6d9d1d216e0f83abc5e5662ca62c92b4f23009466b54fa27321a69acdb778bb2,utf8,3 lines
anneal-3730-nested-parallelism-budget-2026-09-29,support/work/cargo-o4-i1/u2/root/target/aarch64-apple-darwin/debug/.cargo-artifact-lock,0,e3b0c44298fc1c149afbf4c8996fb92427ae41e4649b934ca495991b7852b855,utf8,0 lines
anneal-3730-nested-parallelism-budget-2026-09-29,support/work/cargo-o4-i1/u2/root/target/aarch64-apple-darwin/debug/.cargo-build-lock,0,e3b0c44298fc1c149afbf4c8996fb92427ae41e4649b934ca495991b7852b855,utf8,0 lines
anneal-3730-nested-parallelism-budget-2026-09-29,support/work/cargo-o4-i1/u2/root/target/aarch64-apple-darwin/debug/.cargo-lock,0,e3b0c44298fc1c149afbf4c8996fb92427ae41e4649b934ca495991b7852b855,utf8,0 lines
anneal-3730-nested-parallelism-budget-2026-09-29,support/work/cargo-o4-i1/u2/root/target/aarch64-apple-darwin/debug/.fingerprint/dep_a-3b8574f5392e4237/dep-lib-dep_a,30,f14f96adde2da250a05802a30e565519ea310fa1799083f7444b109fa37007fc,binary,opaque
anneal-3730-nested-parallelism-budget-2026-09-29,support/work/cargo-o4-i1/u2/root/target/aarch64-apple-darwin/debug/.fingerprint/dep_a-3b8574f5392e4237/invoked.timestamp,48,5a109e6643e8d3e88642e3f35e85d2a83e639d07523aa6e99166c48178e965c3,utf8,0 lines
anneal-3730-nested-parallelism-budget-2026-09-29,support/work/cargo-o4-i1/u2/root/target/aarch64-apple-darwin/debug/.fingerprint/dep_a-3b8574f5392e4237/lib-dep_a,16,5a84f1d7e9a35c13df5b3f12f668680f90442434f62842cf8a7978020e6ef65c,utf8,0 lines
anneal-3730-nested-parallelism-budget-2026-09-29,support/work/cargo-o4-i1/u2/root/target/aarch64-apple-darwin/debug/.fingerprint/dep_a-3b8574f5392e4237/lib-dep_a.json,381,0f746f9f4cd61cdef31bb5962a74a66eadfc7d1e8495e15cd987cfce502a9b19,json,parsed
anneal-3730-nested-parallelism-budget-2026-09-29,support/work/cargo-o4-i1/u2/root/target/aarch64-apple-darwin/debug/.fingerprint/dep_b-53ea71c5373e1106/dep-lib-dep_b,30,f14f96adde2da250a05802a30e565519ea310fa1799083f7444b109fa37007fc,binary,opaque
anneal-3730-nested-parallelism-budget-2026-09-29,support/work/cargo-o4-i1/u2/root/target/aarch64-apple-darwin/debug/.fingerprint/dep_b-53ea71c5373e1106/invoked.timestamp,48,5a109e6643e8d3e88642e3f35e85d2a83e639d07523aa6e99166c48178e965c3,utf8,0 lines
anneal-3730-nested-parallelism-budget-2026-09-29,support/work/cargo-o4-i1/u2/root/target/aarch64-apple-darwin/debug/.fingerprint/dep_b-53ea71c5373e1106/lib-dep_b,16,43407e558f81d7ff63ead99c973f0db4ed9cd825051f422e4ae223b33ca89d58,utf8,0 lines
anneal-3730-nested-parallelism-budget-2026-09-29,support/work/cargo-o4-i1/u2/root/target/aarch64-apple-darwin/debug/.fingerprint/dep_b-53ea71c5373e1106/lib-dep_b.json,381,a037fa6df124969a71778c64b833d1ff7312393a1c5a36d6d6456a4a69e00edf,json,parsed
anneal-3730-nested-parallelism-budget-2026-09-29,support/work/cargo-o4-i1/u2/root/target/aarch64-apple-darwin/debug/.fingerprint/r37u2-7709b812ec433868/invoked.timestamp,48,5a109e6643e8d3e88642e3f35e85d2a83e639d07523aa6e99166c48178e965c3,utf8,0 lines
anneal-3730-nested-parallelism-budget-2026-09-29,support/work/cargo-o4-i1/u2/root/target/aarch64-apple-darwin/debug/.fingerprint/r37u2-7709b812ec433868/lib-r37u2,16,a17fb88f14139157a87316aab67be369fe0c5ecebaaf785b483ce9dc77f911e7,utf8,0 lines
anneal-3730-nested-parallelism-budget-2026-09-29,support/work/cargo-o4-i1/u2/root/target/aarch64-apple-darwin/debug/.fingerprint/r37u2-7709b812ec433868/lib-r37u2.json,566,0fb5b89e513a64fccaf9c0bd96b6e954a0c7d36990342876d3c040853ec6d995,json,parsed
anneal-3730-nested-parallelism-budget-2026-09-29,support/work/cargo-o4-i1/u2/root/target/aarch64-apple-darwin/debug/.fingerprint/r37u2-c291b54ccd84bdaf/run-build-script-build-script-build,16,946d97a544261e115cf4b6f2afe5b04069d3973e18dc6e183bfa3fa04297f479,utf8,0 lines
anneal-3730-nested-parallelism-budget-2026-09-29,support/work/cargo-o4-i1/u2/root/target/aarch64-apple-darwin/debug/.fingerprint/r37u2-c291b54ccd84bdaf/run-build-script-build-script-build.json,348,f0b00b00a6aea1e8db4b347ce6cc9352ac625628422766349cceb1e09f847de1,json,parsed
anneal-3730-nested-parallelism-budget-2026-09-29,support/work/cargo-o4-i1/u2/root/target/aarch64-apple-darwin/debug/build/r37u2-c291b54ccd84bdaf/invoked.timestamp,48,5a109e6643e8d3e88642e3f35e85d2a83e639d07523aa6e99166c48178e965c3,utf8,0 lines
anneal-3730-nested-parallelism-budget-2026-09-29,support/work/cargo-o4-i1/u2/root/target/aarch64-apple-darwin/debug/build/r37u2-c291b54ccd84bdaf/output,34,3273578f41aa3eeaf089559c4b2cd7eb8aedd415e94e0980f12b761ed4b1e690,utf8,1 lines
anneal-3730-nested-parallelism-budget-2026-09-29,support/work/cargo-o4-i1/u2/root/target/aarch64-apple-darwin/debug/build/r37u2-c291b54ccd84bdaf/root-output,269,f2873f10771baf4fe335a4151d86a58fc70996833c304eb52e2538d3c18ed212,utf8,0 lines
anneal-3730-nested-parallelism-budget-2026-09-29,support/work/cargo-o4-i1/u2/root/target/aarch64-apple-darwin/debug/build/r37u2-c291b54ccd84bdaf/stderr,0,e3b0c44298fc1c149afbf4c8996fb92427ae41e4649b934ca495991b7852b855,utf8,0 lines
anneal-3730-nested-parallelism-budget-2026-09-29,support/work/cargo-o4-i1/u2/root/target/aarch64-apple-darwin/debug/deps/dep_a-3b8574f5392e4237.d,1681,937819cbf87322ac391642124a3dd8d28d990405f59e0a85420254f06815a39a,utf8,7 lines
anneal-3730-nested-parallelism-budget-2026-09-29,support/work/cargo-o4-i1/u2/root/target/aarch64-apple-darwin/debug/deps/dep_a-3b8574f5392e4237.dep_a.195a34991fea8c51-cgu.0.rcgu.o,3200,cdbc5f72ceb50b93838e4b1107c904387a7230595f23477d95c73d5f4fa05f58,binary,opaque
anneal-3730-nested-parallelism-budget-2026-09-29,support/work/cargo-o4-i1/u2/root/target/aarch64-apple-darwin/debug/deps/dep_b-53ea71c5373e1106.d,1681,7e1a1433375da9ec413a2fc7497e7a2e016aa89b2312073954e82a8e4e3ae18e,utf8,7 lines
anneal-3730-nested-parallelism-budget-2026-09-29,support/work/cargo-o4-i1/u2/root/target/aarch64-apple-darwin/debug/deps/dep_b-53ea71c5373e1106.dep_b.2452dca4dbc935b5-cgu.0.rcgu.o,3200,427839b465ec2abc6a90b6ef2865dd2f62df7a296787827f4cfd5b070eceadd2,binary,opaque
anneal-3730-nested-parallelism-budget-2026-09-29,support/work/cargo-o4-i1/u2/root/target/aarch64-apple-darwin/debug/deps/libdep_a-3b8574f5392e4237.rlib,7200,7b88297b357d25be9af39b73c1002c4763f8b1ab2a4dfa8cde33b6a94dd03071,binary,opaque
anneal-3730-nested-parallelism-budget-2026-09-29,support/work/cargo-o4-i1/u2/root/target/aarch64-apple-darwin/debug/deps/libdep_a-3b8574f5392e4237.rmeta,2880,a6b7eb80dee58356abc04d8a7f3928cc0300ba2e7cc49125c953906b874b0cf1,binary,opaque
anneal-3730-nested-parallelism-budget-2026-09-29,support/work/cargo-o4-i1/u2/root/target/aarch64-apple-darwin/debug/deps/libdep_b-53ea71c5373e1106.rlib,7200,756b7332ec95a1e43875c27415aed9fb56ef1e149b47f0e72d311fad6b4bc09a,binary,opaque
anneal-3730-nested-parallelism-budget-2026-09-29,support/work/cargo-o4-i1/u2/root/target/aarch64-apple-darwin/debug/deps/libdep_b-53ea71c5373e1106.rmeta,2880,62170b5fc2845d6c6402c539341a26d5167872796001341c62120a96fc8e5823,binary,opaque
anneal-3730-nested-parallelism-budget-2026-09-29,support/work/cargo-o4-i1/u2/root/target/debug/.cargo-artifact-lock,0,e3b0c44298fc1c149afbf4c8996fb92427ae41e4649b934ca495991b7852b855,utf8,0 lines
anneal-3730-nested-parallelism-budget-2026-09-29,support/work/cargo-o4-i1/u2/root/target/debug/.cargo-build-lock,0,e3b0c44298fc1c149afbf4c8996fb92427ae41e4649b934ca495991b7852b855,utf8,0 lines
anneal-3730-nested-parallelism-budget-2026-09-29,support/work/cargo-o4-i1/u2/root/target/debug/.cargo-lock,0,e3b0c44298fc1c149afbf4c8996fb92427ae41e4649b934ca495991b7852b855,utf8,0 lines
anneal-3730-nested-parallelism-budget-2026-09-29,support/work/cargo-o4-i1/u2/root/target/debug/.fingerprint/r37u2-10b8199a8f5b66b0/build-script-build-script-build,16,00a8cf8ec7349f285e10665ed5101ad0a6cb0dc005aab66bdb647c91eaec019a,utf8,0 lines
anneal-3730-nested-parallelism-budget-2026-09-29,support/work/cargo-o4-i1/u2/root/target/debug/.fingerprint/r37u2-10b8199a8f5b66b0/build-script-build-script-build.json,365,2e92b56c8475c10baea57e5ac31cd18f0fdc70cb21375fa3b96142cd5e378dbb,json,parsed
anneal-3730-nested-parallelism-budget-2026-09-29,support/work/cargo-o4-i1/u2/root/target/debug/.fingerprint/r37u2-10b8199a8f5b66b0/dep-build-script-build-script-build,28,a71f952e7f3252ef5608298951fd55b25f3590c98bc0765ae4145e623604ee7d,binary,opaque
anneal-3730-nested-parallelism-budget-2026-09-29,support/work/cargo-o4-i1/u2/root/target/debug/.fingerprint/r37u2-10b8199a8f5b66b0/invoked.timestamp,48,5a109e6643e8d3e88642e3f35e85d2a83e639d07523aa6e99166c48178e965c3,utf8,0 lines
anneal-3730-nested-parallelism-budget-2026-09-29,support/work/cargo-o4-i1/u2/root/target/debug/build/r37u2-10b8199a8f5b66b0/build-script-build,468688,96c474cdb2fbcb06d0233d80eafa8dacc27720a24f32d4ffdcd8c928ab520feb,binary,opaque
anneal-3730-nested-parallelism-budget-2026-09-29,support/work/cargo-o4-i1/u2/root/target/debug/build/r37u2-10b8199a8f5b66b0/build_script_build-10b8199a8f5b66b0,468688,96c474cdb2fbcb06d0233d80eafa8dacc27720a24f32d4ffdcd8c928ab520feb,binary,opaque
anneal-3730-nested-parallelism-budget-2026-09-29,support/work/cargo-o4-i1/u2/root/target/debug/build/r37u2-10b8199a8f5b66b0/build_script_build-10b8199a8f5b66b0.build_script_build.375170b61181a2b-cgu.0.rcgu.o,14936,fdcbf3240f6ba45842ffc03e4c8eacc3d7e76f8e9789ab771c4c4f5caa112346,binary,opaque
anneal-3730-nested-parallelism-budget-2026-09-29,support/work/cargo-o4-i1/u2/root/target/debug/build/r37u2-10b8199a8f5b66b0/build_script_build-10b8199a8f5b66b0.d,596,c4ef36da4142f9743e20acf0e308576fded2f0be93c8bf6f9b74e9a07ddd0680,utf8,5 lines
anneal-3730-nested-parallelism-budget-2026-09-29,support/work/cargo-o4-i1/u2/root/warm-incremental.stderr,407,624460e2e1835d05d125744815daf189368b9619518efd26f99634a2aa254020,utf8,4 lines
anneal-3730-nested-parallelism-budget-2026-09-29,support/work/cargo-o4-i1/u2/root/warm-incremental.stdout,0,e3b0c44298fc1c149afbf4c8996fb92427ae41e4649b934ca495991b7852b855,utf8,0 lines
anneal-3730-nested-parallelism-budget-2026-09-29,support/work/cargo-o4-i1/u2/root/warm-noop.stderr,459,e6d1a4d65ee9206477c098803372b9dc79078a40efbe29b1950bd3ce138f9ea9,utf8,5 lines
anneal-3730-nested-parallelism-budget-2026-09-29,support/work/cargo-o4-i1/u2/root/warm-noop.stdout,0,e3b0c44298fc1c149afbf4c8996fb92427ae41e4649b934ca495991b7852b855,utf8,0 lines
anneal-3730-nested-parallelism-budget-2026-09-29,support/work/cargo-o4-i1/u3/dep_a/Cargo.toml,54,73c18a3a515dac3cfe0f3afa82d1948c2f15b3b754e7a297454a3e942e543e8b,utf8,4 lines
anneal-3730-nested-parallelism-budget-2026-09-29,support/work/cargo-o4-i1/u3/dep_a/src/lib.rs,44,a30619c0f6bf2c873a373a43aa9de62d1d00ef87dfa2cae357d333303bab2a5b,utf8,1 lines
anneal-3730-nested-parallelism-budget-2026-09-29,support/work/cargo-o4-i1/u3/dep_b/Cargo.toml,54,80c059104d6c926f81bdfc88066b2db62a683152b6cc980f81638875f0e1f4d3,utf8,4 lines
anneal-3730-nested-parallelism-budget-2026-09-29,support/work/cargo-o4-i1/u3/dep_b/src/lib.rs,44,74861e8f00a88700b9db893dc4cbcaf3810561d77c243b11761d92490c7a7c19,utf8,1 lines
anneal-3730-nested-parallelism-budget-2026-09-29,support/work/cargo-o4-i1/u3/root/Cargo.lock,280,a6abd40a53d026011087d7695019d02aef08f67edc27dc6d3004ef0e81dbb075,utf8,19 lines
anneal-3730-nested-parallelism-budget-2026-09-29,support/work/cargo-o4-i1/u3/root/Cargo.toml,117,a6981446351a536beccfc24da645223d131457495a7dc88bc82799829e1d7b54,utf8,7 lines
anneal-3730-nested-parallelism-budget-2026-09-29,support/work/cargo-o4-i1/u3/root/build.rs,116,5533dcc22ce9c14dcf004a5c16ae135690d27022d51156fc27fa108e9a84c9b9,utf8,1 lines
anneal-3730-nested-parallelism-budget-2026-09-29,support/work/cargo-o4-i1/u3/root/cold.stderr,975,2efcfeeaa02211d66a33e729ca5f58b0cddec02d744c64d9e507f0b8d164bea2,utf8,8 lines
anneal-3730-nested-parallelism-budget-2026-09-29,support/work/cargo-o4-i1/u3/root/cold.stdout,0,e3b0c44298fc1c149afbf4c8996fb92427ae41e4649b934ca495991b7852b855,utf8,0 lines
anneal-3730-nested-parallelism-budget-2026-09-29,support/work/cargo-o4-i1/u3/root/probe.llbc,11371,c1f64f2e44ca85f99febf23411989ff66ebc09bdc5c62f356111758b7c24efa1,utf8,0 lines
anneal-3730-nested-parallelism-budget-2026-09-29,support/work/cargo-o4-i1/u3/root/src/lib.rs,110,6ff5d754579ba349942e16b2da1abfde909290374a68f839cca73c9e085522fb,utf8,2 lines
anneal-3730-nested-parallelism-budget-2026-09-29,support/work/cargo-o4-i1/u3/root/target/.rustc_info.json,5015,0d40ea436cc9f9d39c6abc140483f98c8b6212506d7f2f4581f302436803aa0c,json,parsed
anneal-3730-nested-parallelism-budget-2026-09-29,support/work/cargo-o4-i1/u3/root/target/CACHEDIR.TAG,177,6d9d1d216e0f83abc5e5662ca62c92b4f23009466b54fa27321a69acdb778bb2,utf8,3 lines
anneal-3730-nested-parallelism-budget-2026-09-29,support/work/cargo-o4-i1/u3/root/target/aarch64-apple-darwin/CACHEDIR.TAG,177,6d9d1d216e0f83abc5e5662ca62c92b4f23009466b54fa27321a69acdb778bb2,utf8,3 lines
anneal-3730-nested-parallelism-budget-2026-09-29,support/work/cargo-o4-i1/u3/root/target/aarch64-apple-darwin/debug/.cargo-artifact-lock,0,e3b0c44298fc1c149afbf4c8996fb92427ae41e4649b934ca495991b7852b855,utf8,0 lines
anneal-3730-nested-parallelism-budget-2026-09-29,support/work/cargo-o4-i1/u3/root/target/aarch64-apple-darwin/debug/.cargo-build-lock,0,e3b0c44298fc1c149afbf4c8996fb92427ae41e4649b934ca495991b7852b855,utf8,0 lines
anneal-3730-nested-parallelism-budget-2026-09-29,support/work/cargo-o4-i1/u3/root/target/aarch64-apple-darwin/debug/.cargo-lock,0,e3b0c44298fc1c149afbf4c8996fb92427ae41e4649b934ca495991b7852b855,utf8,0 lines
anneal-3730-nested-parallelism-budget-2026-09-29,support/work/cargo-o4-i1/u3/root/target/aarch64-apple-darwin/debug/.fingerprint/dep_a-77e0c71bbb67935a/dep-lib-dep_a,30,f14f96adde2da250a05802a30e565519ea310fa1799083f7444b109fa37007fc,binary,opaque
anneal-3730-nested-parallelism-budget-2026-09-29,support/work/cargo-o4-i1/u3/root/target/aarch64-apple-darwin/debug/.fingerprint/dep_a-77e0c71bbb67935a/invoked.timestamp,48,5a109e6643e8d3e88642e3f35e85d2a83e639d07523aa6e99166c48178e965c3,utf8,0 lines
anneal-3730-nested-parallelism-budget-2026-09-29,support/work/cargo-o4-i1/u3/root/target/aarch64-apple-darwin/debug/.fingerprint/dep_a-77e0c71bbb67935a/lib-dep_a,16,746072b9564909c688121ac0be51d328b893eac49f7c1c919348d9525cfb2e23,utf8,0 lines
anneal-3730-nested-parallelism-budget-2026-09-29,support/work/cargo-o4-i1/u3/root/target/aarch64-apple-darwin/debug/.fingerprint/dep_a-77e0c71bbb67935a/lib-dep_a.json,381,54ada0e378f9f19c6998e6f589b9027cb7813281a73f223011debbce349e21d5,json,parsed
anneal-3730-nested-parallelism-budget-2026-09-29,support/work/cargo-o4-i1/u3/root/target/aarch64-apple-darwin/debug/.fingerprint/dep_b-ce0e7efe9a017c51/dep-lib-dep_b,30,f14f96adde2da250a05802a30e565519ea310fa1799083f7444b109fa37007fc,binary,opaque
anneal-3730-nested-parallelism-budget-2026-09-29,support/work/cargo-o4-i1/u3/root/target/aarch64-apple-darwin/debug/.fingerprint/dep_b-ce0e7efe9a017c51/invoked.timestamp,48,5a109e6643e8d3e88642e3f35e85d2a83e639d07523aa6e99166c48178e965c3,utf8,0 lines
anneal-3730-nested-parallelism-budget-2026-09-29,support/work/cargo-o4-i1/u3/root/target/aarch64-apple-darwin/debug/.fingerprint/dep_b-ce0e7efe9a017c51/lib-dep_b,16,3c779541eba0210f4fe212bb562964d3ba29d3c868309bb3456402eb401b633d,utf8,0 lines
anneal-3730-nested-parallelism-budget-2026-09-29,support/work/cargo-o4-i1/u3/root/target/aarch64-apple-darwin/debug/.fingerprint/dep_b-ce0e7efe9a017c51/lib-dep_b.json,380,623d5858115327f0be050482b72b62b36a0076e8d36ba7d2df6db8892a2a9cdf,json,parsed
anneal-3730-nested-parallelism-budget-2026-09-29,support/work/cargo-o4-i1/u3/root/target/aarch64-apple-darwin/debug/.fingerprint/r37u3-4f7cdcfe4405f22b/invoked.timestamp,48,5a109e6643e8d3e88642e3f35e85d2a83e639d07523aa6e99166c48178e965c3,utf8,0 lines
anneal-3730-nested-parallelism-budget-2026-09-29,support/work/cargo-o4-i1/u3/root/target/aarch64-apple-darwin/debug/.fingerprint/r37u3-4f7cdcfe4405f22b/lib-r37u3,16,85eb209146b0c22cd4db918086fe3ef55016eb1bc234dd51042a340fafc299c3,utf8,0 lines
anneal-3730-nested-parallelism-budget-2026-09-29,support/work/cargo-o4-i1/u3/root/target/aarch64-apple-darwin/debug/.fingerprint/r37u3-4f7cdcfe4405f22b/lib-r37u3.json,567,1c196f94ff2286c5375b763cb54eff616d949d9d36038e2a7c60f35c4f4151e9,json,parsed
anneal-3730-nested-parallelism-budget-2026-09-29,support/work/cargo-o4-i1/u3/root/target/aarch64-apple-darwin/debug/.fingerprint/r37u3-7b0fa87cb9fa7fd5/run-build-script-build-script-build,16,0d9e70975d74aacd9f7b2668512d19f4b92a3aa9e59f641d67fed772b6d93f31,utf8,0 lines
anneal-3730-nested-parallelism-budget-2026-09-29,support/work/cargo-o4-i1/u3/root/target/aarch64-apple-darwin/debug/.fingerprint/r37u3-7b0fa87cb9fa7fd5/run-build-script-build-script-build.json,349,fd2439ae9fb4f5a40dcca2e67c9e62ac510a1148eb885ab5e4d168d42989aeea,json,parsed
anneal-3730-nested-parallelism-budget-2026-09-29,support/work/cargo-o4-i1/u3/root/target/aarch64-apple-darwin/debug/build/r37u3-7b0fa87cb9fa7fd5/invoked.timestamp,48,5a109e6643e8d3e88642e3f35e85d2a83e639d07523aa6e99166c48178e965c3,utf8,0 lines
anneal-3730-nested-parallelism-budget-2026-09-29,support/work/cargo-o4-i1/u3/root/target/aarch64-apple-darwin/debug/build/r37u3-7b0fa87cb9fa7fd5/output,34,3273578f41aa3eeaf089559c4b2cd7eb8aedd415e94e0980f12b761ed4b1e690,utf8,1 lines
anneal-3730-nested-parallelism-budget-2026-09-29,support/work/cargo-o4-i1/u3/root/target/aarch64-apple-darwin/debug/build/r37u3-7b0fa87cb9fa7fd5/root-output,269,8984142087875a87eee295f149a651884f82324c96ebae3da48dce3924506c85,utf8,0 lines
anneal-3730-nested-parallelism-budget-2026-09-29,support/work/cargo-o4-i1/u3/root/target/aarch64-apple-darwin/debug/build/r37u3-7b0fa87cb9fa7fd5/stderr,0,e3b0c44298fc1c149afbf4c8996fb92427ae41e4649b934ca495991b7852b855,utf8,0 lines
anneal-3730-nested-parallelism-budget-2026-09-29,support/work/cargo-o4-i1/u3/root/target/aarch64-apple-darwin/debug/deps/dep_a-77e0c71bbb67935a.d,1681,3840ffd9439ba909a505f145e7c3f1360ff0c8def3661ee7abdb809e1efdd23b,utf8,7 lines
anneal-3730-nested-parallelism-budget-2026-09-29,support/work/cargo-o4-i1/u3/root/target/aarch64-apple-darwin/debug/deps/dep_a-77e0c71bbb67935a.dep_a.de709d31f2b768ce-cgu.0.rcgu.o,3200,ff406926eaa89ad57728f86c527e47dc2700eb305f4b9ceccb46e8d17657032b,binary,opaque
anneal-3730-nested-parallelism-budget-2026-09-29,support/work/cargo-o4-i1/u3/root/target/aarch64-apple-darwin/debug/deps/dep_b-ce0e7efe9a017c51.d,1681,a0c56f3856fa42360f753e4802e103c6dcfe07e0d9423cf97519c483a0101b42,utf8,7 lines
anneal-3730-nested-parallelism-budget-2026-09-29,support/work/cargo-o4-i1/u3/root/target/aarch64-apple-darwin/debug/deps/dep_b-ce0e7efe9a017c51.dep_b.5f4a3d72514bc99e-cgu.0.rcgu.o,3200,81616a148ef9ae95fb7c40bfbaca9d2f3c6cea2c74895a1dc1590bdcfb02bb29,binary,opaque
anneal-3730-nested-parallelism-budget-2026-09-29,support/work/cargo-o4-i1/u3/root/target/aarch64-apple-darwin/debug/deps/libdep_a-77e0c71bbb67935a.rlib,7200,285e2515bb00fa52c7e003513219511d4488f572d1ca0f24ebc0cc4660c24446,binary,opaque
anneal-3730-nested-parallelism-budget-2026-09-29,support/work/cargo-o4-i1/u3/root/target/aarch64-apple-darwin/debug/deps/libdep_a-77e0c71bbb67935a.rmeta,2880,041a3f5ccc03edaf72f42d7404b7e823a0ad7f9e85040958d9f624d6ea79c66c,binary,opaque
anneal-3730-nested-parallelism-budget-2026-09-29,support/work/cargo-o4-i1/u3/root/target/aarch64-apple-darwin/debug/deps/libdep_b-ce0e7efe9a017c51.rlib,7200,96bc9c4ce3d32c3f2b7ec637d09f8bcb6ce1f1771d303bdb71da7ccfa31cbe67,binary,opaque
anneal-3730-nested-parallelism-budget-2026-09-29,support/work/cargo-o4-i1/u3/root/target/aarch64-apple-darwin/debug/deps/libdep_b-ce0e7efe9a017c51.rmeta,2880,d009de75d5635054a5cca5ed12feb79934029e0f8b6b1ed9decd044ff71efa2b,binary,opaque
anneal-3730-nested-parallelism-budget-2026-09-29,support/work/cargo-o4-i1/u3/root/target/debug/.cargo-artifact-lock,0,e3b0c44298fc1c149afbf4c8996fb92427ae41e4649b934ca495991b7852b855,utf8,0 lines
anneal-3730-nested-parallelism-budget-2026-09-29,support/work/cargo-o4-i1/u3/root/target/debug/.cargo-build-lock,0,e3b0c44298fc1c149afbf4c8996fb92427ae41e4649b934ca495991b7852b855,utf8,0 lines
anneal-3730-nested-parallelism-budget-2026-09-29,support/work/cargo-o4-i1/u3/root/target/debug/.cargo-lock,0,e3b0c44298fc1c149afbf4c8996fb92427ae41e4649b934ca495991b7852b855,utf8,0 lines
anneal-3730-nested-parallelism-budget-2026-09-29,support/work/cargo-o4-i1/u3/root/target/debug/.fingerprint/r37u3-62ba6b07efef16aa/build-script-build-script-build,16,7b63f9976ad551c6420c841e2abcc4ffe7e0e066253c793e68c0b8a610da1208,utf8,0 lines
anneal-3730-nested-parallelism-budget-2026-09-29,support/work/cargo-o4-i1/u3/root/target/debug/.fingerprint/r37u3-62ba6b07efef16aa/build-script-build-script-build.json,365,7b69190dea99be5f5291528c6f84916ecb7a3ce28f65ce4c6628168eb89b381f,json,parsed
anneal-3730-nested-parallelism-budget-2026-09-29,support/work/cargo-o4-i1/u3/root/target/debug/.fingerprint/r37u3-62ba6b07efef16aa/dep-build-script-build-script-build,28,a71f952e7f3252ef5608298951fd55b25f3590c98bc0765ae4145e623604ee7d,binary,opaque
anneal-3730-nested-parallelism-budget-2026-09-29,support/work/cargo-o4-i1/u3/root/target/debug/.fingerprint/r37u3-62ba6b07efef16aa/invoked.timestamp,48,5a109e6643e8d3e88642e3f35e85d2a83e639d07523aa6e99166c48178e965c3,utf8,0 lines
anneal-3730-nested-parallelism-budget-2026-09-29,support/work/cargo-o4-i1/u3/root/target/debug/build/r37u3-62ba6b07efef16aa/build-script-build,468704,cbad0b6f17aa18349ac817ec90bb16930e802e93f3fd63e14e44de43676d49bc,binary,opaque
anneal-3730-nested-parallelism-budget-2026-09-29,support/work/cargo-o4-i1/u3/root/target/debug/build/r37u3-62ba6b07efef16aa/build_script_build-62ba6b07efef16aa,468704,cbad0b6f17aa18349ac817ec90bb16930e802e93f3fd63e14e44de43676d49bc,binary,opaque
anneal-3730-nested-parallelism-budget-2026-09-29,support/work/cargo-o4-i1/u3/root/target/debug/build/r37u3-62ba6b07efef16aa/build_script_build-62ba6b07efef16aa.build_script_build.ac5d1c7d2c2456b9-cgu.0.rcgu.o,14960,bf098a937f62336c1afed8adebdf7fe845d1095d00b34d01963725fd1d5ec217,binary,opaque
anneal-3730-nested-parallelism-budget-2026-09-29,support/work/cargo-o4-i1/u3/root/target/debug/build/r37u3-62ba6b07efef16aa/build_script_build-62ba6b07efef16aa.d,596,702aa70f57f4ea9d962d4905331ff5df2236c9e17179e5a9853d0db0e792bf60,utf8,5 lines
anneal-3730-nested-parallelism-budget-2026-09-29,support/work/cargo-o4-i1/u3/root/warm-incremental.stderr,459,23cac90b1916388aa132ef9ac928828bf5ae8b0bdb5e34fa98b611b60aaefa0d,utf8,5 lines
anneal-3730-nested-parallelism-budget-2026-09-29,support/work/cargo-o4-i1/u3/root/warm-incremental.stdout,0,e3b0c44298fc1c149afbf4c8996fb92427ae41e4649b934ca495991b7852b855,utf8,0 lines
anneal-3730-nested-parallelism-budget-2026-09-29,support/work/cargo-o4-i1/u3/root/warm-noop.stderr,303,036bf9bc634aab6cc26a469d4268eaa92a95b5978f60acbba9e4d3c9b9440f5e,utf8,2 lines
anneal-3730-nested-parallelism-budget-2026-09-29,support/work/cargo-o4-i1/u3/root/warm-noop.stdout,0,e3b0c44298fc1c149afbf4c8996fb92427ae41e4649b934ca495991b7852b855,utf8,0 lines
anneal-3730-nested-parallelism-budget-2026-09-29,support/work/cargo-o4-i2/u0/dep_a/Cargo.toml,54,73c18a3a515dac3cfe0f3afa82d1948c2f15b3b754e7a297454a3e942e543e8b,utf8,4 lines
anneal-3730-nested-parallelism-budget-2026-09-29,support/work/cargo-o4-i2/u0/dep_a/src/lib.rs,44,a30619c0f6bf2c873a373a43aa9de62d1d00ef87dfa2cae357d333303bab2a5b,utf8,1 lines
anneal-3730-nested-parallelism-budget-2026-09-29,support/work/cargo-o4-i2/u0/dep_b/Cargo.toml,54,80c059104d6c926f81bdfc88066b2db62a683152b6cc980f81638875f0e1f4d3,utf8,4 lines
anneal-3730-nested-parallelism-budget-2026-09-29,support/work/cargo-o4-i2/u0/dep_b/src/lib.rs,44,74861e8f00a88700b9db893dc4cbcaf3810561d77c243b11761d92490c7a7c19,utf8,1 lines
anneal-3730-nested-parallelism-budget-2026-09-29,support/work/cargo-o4-i2/u0/root/Cargo.lock,280,54fe2b108662968c0a0824acfaba9f0ea4c85b0a8c259ce3bca09177f08c4b64,utf8,19 lines
anneal-3730-nested-parallelism-budget-2026-09-29,support/work/cargo-o4-i2/u0/root/Cargo.toml,117,2a625b558476a12e9509b37c511b32ba1312c303bb3c92d8f4c20b306680eb0f,utf8,7 lines
anneal-3730-nested-parallelism-budget-2026-09-29,support/work/cargo-o4-i2/u0/root/build.rs,116,5533dcc22ce9c14dcf004a5c16ae135690d27022d51156fc27fa108e9a84c9b9,utf8,1 lines
anneal-3730-nested-parallelism-budget-2026-09-29,support/work/cargo-o4-i2/u0/root/cold.stderr,767,a69631d4ade7a75d1ee421d443eee7ef85cfd8c1d70f03ea1b2e270d3f0d5c97,utf8,4 lines
anneal-3730-nested-parallelism-budget-2026-09-29,support/work/cargo-o4-i2/u0/root/cold.stdout,0,e3b0c44298fc1c149afbf4c8996fb92427ae41e4649b934ca495991b7852b855,utf8,0 lines
anneal-3730-nested-parallelism-budget-2026-09-29,support/work/cargo-o4-i2/u0/root/probe.llbc,11371,a6c5c924f2c9f169b2e350860b55a75f3635ca8384a0aabc4ee3c805ef86b8a3,utf8,0 lines
anneal-3730-nested-parallelism-budget-2026-09-29,support/work/cargo-o4-i2/u0/root/src/lib.rs,110,6ff5d754579ba349942e16b2da1abfde909290374a68f839cca73c9e085522fb,utf8,2 lines
anneal-3730-nested-parallelism-budget-2026-09-29,support/work/cargo-o4-i2/u0/root/target/.rustc_info.json,5015,3a5db0c8722ba97cf6ac867efa60477fd0fca997de2cb5cd35e64713dcfb7ec3,json,parsed
anneal-3730-nested-parallelism-budget-2026-09-29,support/work/cargo-o4-i2/u0/root/target/CACHEDIR.TAG,177,6d9d1d216e0f83abc5e5662ca62c92b4f23009466b54fa27321a69acdb778bb2,utf8,3 lines
anneal-3730-nested-parallelism-budget-2026-09-29,support/work/cargo-o4-i2/u0/root/target/aarch64-apple-darwin/CACHEDIR.TAG,177,6d9d1d216e0f83abc5e5662ca62c92b4f23009466b54fa27321a69acdb778bb2,utf8,3 lines
anneal-3730-nested-parallelism-budget-2026-09-29,support/work/cargo-o4-i2/u0/root/target/aarch64-apple-darwin/debug/.cargo-artifact-lock,0,e3b0c44298fc1c149afbf4c8996fb92427ae41e4649b934ca495991b7852b855,utf8,0 lines
anneal-3730-nested-parallelism-budget-2026-09-29,support/work/cargo-o4-i2/u0/root/target/aarch64-apple-darwin/debug/.cargo-build-lock,0,e3b0c44298fc1c149afbf4c8996fb92427ae41e4649b934ca495991b7852b855,utf8,0 lines
anneal-3730-nested-parallelism-budget-2026-09-29,support/work/cargo-o4-i2/u0/root/target/aarch64-apple-darwin/debug/.cargo-lock,0,e3b0c44298fc1c149afbf4c8996fb92427ae41e4649b934ca495991b7852b855,utf8,0 lines
anneal-3730-nested-parallelism-budget-2026-09-29,support/work/cargo-o4-i2/u0/root/target/aarch64-apple-darwin/debug/.fingerprint/dep_a-6415c13bacfc65ca/dep-lib-dep_a,30,f14f96adde2da250a05802a30e565519ea310fa1799083f7444b109fa37007fc,binary,opaque
anneal-3730-nested-parallelism-budget-2026-09-29,support/work/cargo-o4-i2/u0/root/target/aarch64-apple-darwin/debug/.fingerprint/dep_a-6415c13bacfc65ca/invoked.timestamp,48,5a109e6643e8d3e88642e3f35e85d2a83e639d07523aa6e99166c48178e965c3,utf8,0 lines
anneal-3730-nested-parallelism-budget-2026-09-29,support/work/cargo-o4-i2/u0/root/target/aarch64-apple-darwin/debug/.fingerprint/dep_a-6415c13bacfc65ca/lib-dep_a,16,054ba9a40e1f6eae20716acf4051e7fcfed66f33488f300389ce68533a1d2f7e,utf8,0 lines
anneal-3730-nested-parallelism-budget-2026-09-29,support/work/cargo-o4-i2/u0/root/target/aarch64-apple-darwin/debug/.fingerprint/dep_a-6415c13bacfc65ca/lib-dep_a.json,380,e7f9fb415018f078201f00d083d531db9ee75ad877c702a0ce34843d507d7408,json,parsed
anneal-3730-nested-parallelism-budget-2026-09-29,support/work/cargo-o4-i2/u0/root/target/aarch64-apple-darwin/debug/.fingerprint/dep_b-1e2c995f8a7223d8/dep-lib-dep_b,30,f14f96adde2da250a05802a30e565519ea310fa1799083f7444b109fa37007fc,binary,opaque
anneal-3730-nested-parallelism-budget-2026-09-29,support/work/cargo-o4-i2/u0/root/target/aarch64-apple-darwin/debug/.fingerprint/dep_b-1e2c995f8a7223d8/invoked.timestamp,48,5a109e6643e8d3e88642e3f35e85d2a83e639d07523aa6e99166c48178e965c3,utf8,0 lines
anneal-3730-nested-parallelism-budget-2026-09-29,support/work/cargo-o4-i2/u0/root/target/aarch64-apple-darwin/debug/.fingerprint/dep_b-1e2c995f8a7223d8/lib-dep_b,16,f44d777abef2aad2c574c44ad84a6449951d010ca5c4527215a50aa8a4c4b2fc,utf8,0 lines
anneal-3730-nested-parallelism-budget-2026-09-29,support/work/cargo-o4-i2/u0/root/target/aarch64-apple-darwin/debug/.fingerprint/dep_b-1e2c995f8a7223d8/lib-dep_b.json,380,16cd5ecdea674f8f69854c7633321a4d732ef816604d5c2c073ec3c60b485704,json,parsed
anneal-3730-nested-parallelism-budget-2026-09-29,support/work/cargo-o4-i2/u0/root/target/aarch64-apple-darwin/debug/.fingerprint/r37u0-6d49ca29b8576b3f/invoked.timestamp,48,5a109e6643e8d3e88642e3f35e85d2a83e639d07523aa6e99166c48178e965c3,utf8,0 lines
anneal-3730-nested-parallelism-budget-2026-09-29,support/work/cargo-o4-i2/u0/root/target/aarch64-apple-darwin/debug/.fingerprint/r37u0-6d49ca29b8576b3f/lib-r37u0,16,88b0411e24a7f4264bde19d3770c114a92875c068fa567234d08fa142a9bb062,utf8,0 lines
anneal-3730-nested-parallelism-budget-2026-09-29,support/work/cargo-o4-i2/u0/root/target/aarch64-apple-darwin/debug/.fingerprint/r37u0-6d49ca29b8576b3f/lib-r37u0.json,564,7e105376bae803feb444325caed8ecef18194d921e837b6d76483a95408feb74,json,parsed
anneal-3730-nested-parallelism-budget-2026-09-29,support/work/cargo-o4-i2/u0/root/target/aarch64-apple-darwin/debug/.fingerprint/r37u0-da1d365560df66b5/run-build-script-build-script-build,16,70f1323960f20867336f97a213474bd4dd328a03d0649eef8b38aa450fef1966,utf8,0 lines
anneal-3730-nested-parallelism-budget-2026-09-29,support/work/cargo-o4-i2/u0/root/target/aarch64-apple-darwin/debug/.fingerprint/r37u0-da1d365560df66b5/run-build-script-build-script-build.json,348,7f282f6d343fec0830f5e86e987e91e2722c0e57d0f36af8a0c88252c3bde4a7,json,parsed
anneal-3730-nested-parallelism-budget-2026-09-29,support/work/cargo-o4-i2/u0/root/target/aarch64-apple-darwin/debug/build/r37u0-da1d365560df66b5/invoked.timestamp,48,5a109e6643e8d3e88642e3f35e85d2a83e639d07523aa6e99166c48178e965c3,utf8,0 lines
anneal-3730-nested-parallelism-budget-2026-09-29,support/work/cargo-o4-i2/u0/root/target/aarch64-apple-darwin/debug/build/r37u0-da1d365560df66b5/output,34,3273578f41aa3eeaf089559c4b2cd7eb8aedd415e94e0980f12b761ed4b1e690,utf8,1 lines
anneal-3730-nested-parallelism-budget-2026-09-29,support/work/cargo-o4-i2/u0/root/target/aarch64-apple-darwin/debug/build/r37u0-da1d365560df66b5/root-output,269,8a90e8bfc02f9dd3d0ad1696e5007304f3715949a69d268511616049c8c776f3,utf8,0 lines
anneal-3730-nested-parallelism-budget-2026-09-29,support/work/cargo-o4-i2/u0/root/target/aarch64-apple-darwin/debug/build/r37u0-da1d365560df66b5/stderr,0,e3b0c44298fc1c149afbf4c8996fb92427ae41e4649b934ca495991b7852b855,utf8,0 lines
anneal-3730-nested-parallelism-budget-2026-09-29,support/work/cargo-o4-i2/u0/root/target/aarch64-apple-darwin/debug/deps/dep_a-6415c13bacfc65ca.d,1681,1eb5bf63dacfb1812a678a171decb4bb55297f6d235b495856ac24e9cebcf61f,utf8,7 lines
anneal-3730-nested-parallelism-budget-2026-09-29,support/work/cargo-o4-i2/u0/root/target/aarch64-apple-darwin/debug/deps/dep_a-6415c13bacfc65ca.dep_a.8771d7f0f63969a6-cgu.0.rcgu.o,3200,6de6db2d5baa49c69a1cf5f948cceb1dcc216212ff76a54605c97b0cd57e7574,binary,opaque
anneal-3730-nested-parallelism-budget-2026-09-29,support/work/cargo-o4-i2/u0/root/target/aarch64-apple-darwin/debug/deps/dep_b-1e2c995f8a7223d8.d,1681,1d0992beef628756dfacf55830814709376617b7f9e0f560ee63bd1e994301f5,utf8,7 lines
anneal-3730-nested-parallelism-budget-2026-09-29,support/work/cargo-o4-i2/u0/root/target/aarch64-apple-darwin/debug/deps/dep_b-1e2c995f8a7223d8.dep_b.31bf493959698d50-cgu.0.rcgu.o,3200,8b3653321b5f1c96c181f208bd44df7dadd97ea9357cf735fd0c95e861057413,binary,opaque
anneal-3730-nested-parallelism-budget-2026-09-29,support/work/cargo-o4-i2/u0/root/target/aarch64-apple-darwin/debug/deps/libdep_a-6415c13bacfc65ca.rlib,7200,73f175e8db0292b67ee122fd88862ba5cb85b1b79fd6f32d5ca723e1f80af568,binary,opaque
anneal-3730-nested-parallelism-budget-2026-09-29,support/work/cargo-o4-i2/u0/root/target/aarch64-apple-darwin/debug/deps/libdep_a-6415c13bacfc65ca.rmeta,2880,4a8fba07f922b9cc2311a2259abaca49c2173916a4c6c97f2a7cd2b92bcc44e0,binary,opaque
anneal-3730-nested-parallelism-budget-2026-09-29,support/work/cargo-o4-i2/u0/root/target/aarch64-apple-darwin/debug/deps/libdep_b-1e2c995f8a7223d8.rlib,7200,53124239fa25f2f7519fbb6f283bf5ed63491f273ddebc916307e839c805ade3,binary,opaque
anneal-3730-nested-parallelism-budget-2026-09-29,support/work/cargo-o4-i2/u0/root/target/aarch64-apple-darwin/debug/deps/libdep_b-1e2c995f8a7223d8.rmeta,2880,77b9a45cf00d25020e77e930ad2fef9d69ee360e8692767c4c8109b642be1647,binary,opaque
anneal-3730-nested-parallelism-budget-2026-09-29,support/work/cargo-o4-i2/u0/root/target/debug/.cargo-artifact-lock,0,e3b0c44298fc1c149afbf4c8996fb92427ae41e4649b934ca495991b7852b855,utf8,0 lines
anneal-3730-nested-parallelism-budget-2026-09-29,support/work/cargo-o4-i2/u0/root/target/debug/.cargo-build-lock,0,e3b0c44298fc1c149afbf4c8996fb92427ae41e4649b934ca495991b7852b855,utf8,0 lines
anneal-3730-nested-parallelism-budget-2026-09-29,support/work/cargo-o4-i2/u0/root/target/debug/.cargo-lock,0,e3b0c44298fc1c149afbf4c8996fb92427ae41e4649b934ca495991b7852b855,utf8,0 lines
anneal-3730-nested-parallelism-budget-2026-09-29,support/work/cargo-o4-i2/u0/root/target/debug/.fingerprint/r37u0-e73fc30b4d96cc9e/build-script-build-script-build,16,c62147c38d7231165a3eb244bfd7c7d575429f3511611fa2e60dcd4f3ce9c2f2,utf8,0 lines
anneal-3730-nested-parallelism-budget-2026-09-29,support/work/cargo-o4-i2/u0/root/target/debug/.fingerprint/r37u0-e73fc30b4d96cc9e/build-script-build-script-build.json,365,80aaf4286c38b6228823f7a47ae647312611fe6d47a025721c47c88878c4c9f5,json,parsed
anneal-3730-nested-parallelism-budget-2026-09-29,support/work/cargo-o4-i2/u0/root/target/debug/.fingerprint/r37u0-e73fc30b4d96cc9e/dep-build-script-build-script-build,28,a71f952e7f3252ef5608298951fd55b25f3590c98bc0765ae4145e623604ee7d,binary,opaque
anneal-3730-nested-parallelism-budget-2026-09-29,support/work/cargo-o4-i2/u0/root/target/debug/.fingerprint/r37u0-e73fc30b4d96cc9e/invoked.timestamp,48,5a109e6643e8d3e88642e3f35e85d2a83e639d07523aa6e99166c48178e965c3,utf8,0 lines
anneal-3730-nested-parallelism-budget-2026-09-29,support/work/cargo-o4-i2/u0/root/target/debug/build/r37u0-e73fc30b4d96cc9e/build-script-build,468704,8baa3a175d2286895c58af41b87b1a96ed26e6b2f75eca38bacc1e032e17982a,binary,opaque
anneal-3730-nested-parallelism-budget-2026-09-29,support/work/cargo-o4-i2/u0/root/target/debug/build/r37u0-e73fc30b4d96cc9e/build_script_build-e73fc30b4d96cc9e,468704,8baa3a175d2286895c58af41b87b1a96ed26e6b2f75eca38bacc1e032e17982a,binary,opaque
anneal-3730-nested-parallelism-budget-2026-09-29,support/work/cargo-o4-i2/u0/root/target/debug/build/r37u0-e73fc30b4d96cc9e/build_script_build-e73fc30b4d96cc9e.build_script_build.969471b36c9c4a66-cgu.0.rcgu.o,14960,a5b1de78ed9834ff53dca9f680b407c2b919b0dfc60d70faec9cf105d25ff400,binary,opaque
anneal-3730-nested-parallelism-budget-2026-09-29,support/work/cargo-o4-i2/u0/root/target/debug/build/r37u0-e73fc30b4d96cc9e/build_script_build-e73fc30b4d96cc9e.d,596,362ed3e5f23b21a7fdcd6c40b984744902eea86271a7c63eea5c158e238e4e2f,utf8,5 lines
anneal-3730-nested-parallelism-budget-2026-09-29,support/work/cargo-o4-i2/u0/root/warm-incremental.stderr,407,9d91c120ed2c0e68aaaee356a238bbaba6f1efead715597b698bff2433c16524,utf8,4 lines
anneal-3730-nested-parallelism-budget-2026-09-29,support/work/cargo-o4-i2/u0/root/warm-incremental.stdout,0,e3b0c44298fc1c149afbf4c8996fb92427ae41e4649b934ca495991b7852b855,utf8,0 lines
anneal-3730-nested-parallelism-budget-2026-09-29,support/work/cargo-o4-i2/u0/root/warm-noop.stderr,407,72da75f1b2af52bba1a5337e3d062c4b756ce0207a0778388dedd50f4ca389d0,utf8,4 lines
anneal-3730-nested-parallelism-budget-2026-09-29,support/work/cargo-o4-i2/u0/root/warm-noop.stdout,0,e3b0c44298fc1c149afbf4c8996fb92427ae41e4649b934ca495991b7852b855,utf8,0 lines
anneal-3730-nested-parallelism-budget-2026-09-29,support/work/cargo-o4-i2/u1/dep_a/Cargo.toml,54,73c18a3a515dac3cfe0f3afa82d1948c2f15b3b754e7a297454a3e942e543e8b,utf8,4 lines
anneal-3730-nested-parallelism-budget-2026-09-29,support/work/cargo-o4-i2/u1/dep_a/src/lib.rs,44,a30619c0f6bf2c873a373a43aa9de62d1d00ef87dfa2cae357d333303bab2a5b,utf8,1 lines
anneal-3730-nested-parallelism-budget-2026-09-29,support/work/cargo-o4-i2/u1/dep_b/Cargo.toml,54,80c059104d6c926f81bdfc88066b2db62a683152b6cc980f81638875f0e1f4d3,utf8,4 lines
anneal-3730-nested-parallelism-budget-2026-09-29,support/work/cargo-o4-i2/u1/dep_b/src/lib.rs,44,74861e8f00a88700b9db893dc4cbcaf3810561d77c243b11761d92490c7a7c19,utf8,1 lines
anneal-3730-nested-parallelism-budget-2026-09-29,support/work/cargo-o4-i2/u1/root/Cargo.lock,280,5cc1f13c6c5f617d003edd498e567318c37c4f9459f9fef504a686f89d01dc9d,utf8,19 lines
anneal-3730-nested-parallelism-budget-2026-09-29,support/work/cargo-o4-i2/u1/root/Cargo.toml,117,e2a5ee3802b8602ec8296334ef00e471f61ac14fee481fde7cd082eaa1a2d2f4,utf8,7 lines
anneal-3730-nested-parallelism-budget-2026-09-29,support/work/cargo-o4-i2/u1/root/build.rs,116,5533dcc22ce9c14dcf004a5c16ae135690d27022d51156fc27fa108e9a84c9b9,utf8,1 lines
anneal-3730-nested-parallelism-budget-2026-09-29,support/work/cargo-o4-i2/u1/root/cold.stderr,923,eafb5982493edbcdfacac5634b5a6841ad53322865aecbf4cf6fe594391e8c1b,utf8,7 lines
anneal-3730-nested-parallelism-budget-2026-09-29,support/work/cargo-o4-i2/u1/root/cold.stdout,0,e3b0c44298fc1c149afbf4c8996fb92427ae41e4649b934ca495991b7852b855,utf8,0 lines
anneal-3730-nested-parallelism-budget-2026-09-29,support/work/cargo-o4-i2/u1/root/probe.llbc,11371,3a04f63c0557f341b0758ae2bf9ff9f147c9ddb028a80de2229a596bf2a3c370,utf8,0 lines
anneal-3730-nested-parallelism-budget-2026-09-29,support/work/cargo-o4-i2/u1/root/src/lib.rs,110,6ff5d754579ba349942e16b2da1abfde909290374a68f839cca73c9e085522fb,utf8,2 lines
anneal-3730-nested-parallelism-budget-2026-09-29,support/work/cargo-o4-i2/u1/root/target/.rustc_info.json,5015,cd67b470383f98b766680815db5f4a0557f110f15854a36747f1439fbe2f521a,json,parsed
anneal-3730-nested-parallelism-budget-2026-09-29,support/work/cargo-o4-i2/u1/root/target/CACHEDIR.TAG,177,6d9d1d216e0f83abc5e5662ca62c92b4f23009466b54fa27321a69acdb778bb2,utf8,3 lines
anneal-3730-nested-parallelism-budget-2026-09-29,support/work/cargo-o4-i2/u1/root/target/aarch64-apple-darwin/CACHEDIR.TAG,177,6d9d1d216e0f83abc5e5662ca62c92b4f23009466b54fa27321a69acdb778bb2,utf8,3 lines
anneal-3730-nested-parallelism-budget-2026-09-29,support/work/cargo-o4-i2/u1/root/target/aarch64-apple-darwin/debug/.cargo-artifact-lock,0,e3b0c44298fc1c149afbf4c8996fb92427ae41e4649b934ca495991b7852b855,utf8,0 lines
anneal-3730-nested-parallelism-budget-2026-09-29,support/work/cargo-o4-i2/u1/root/target/aarch64-apple-darwin/debug/.cargo-build-lock,0,e3b0c44298fc1c149afbf4c8996fb92427ae41e4649b934ca495991b7852b855,utf8,0 lines
anneal-3730-nested-parallelism-budget-2026-09-29,support/work/cargo-o4-i2/u1/root/target/aarch64-apple-darwin/debug/.cargo-lock,0,e3b0c44298fc1c149afbf4c8996fb92427ae41e4649b934ca495991b7852b855,utf8,0 lines
anneal-3730-nested-parallelism-budget-2026-09-29,support/work/cargo-o4-i2/u1/root/target/aarch64-apple-darwin/debug/.fingerprint/dep_a-9e2acaee3d718d3e/dep-lib-dep_a,30,f14f96adde2da250a05802a30e565519ea310fa1799083f7444b109fa37007fc,binary,opaque
anneal-3730-nested-parallelism-budget-2026-09-29,support/work/cargo-o4-i2/u1/root/target/aarch64-apple-darwin/debug/.fingerprint/dep_a-9e2acaee3d718d3e/invoked.timestamp,48,5a109e6643e8d3e88642e3f35e85d2a83e639d07523aa6e99166c48178e965c3,utf8,0 lines
anneal-3730-nested-parallelism-budget-2026-09-29,support/work/cargo-o4-i2/u1/root/target/aarch64-apple-darwin/debug/.fingerprint/dep_a-9e2acaee3d718d3e/lib-dep_a,16,cc9b89b75fc4f8178abaa35c9ecf1f681911a17c78b99d394290bff09cc801e9,utf8,0 lines
anneal-3730-nested-parallelism-budget-2026-09-29,support/work/cargo-o4-i2/u1/root/target/aarch64-apple-darwin/debug/.fingerprint/dep_a-9e2acaee3d718d3e/lib-dep_a.json,380,ec89fab6ca394a2c3589ec39ad83ea875cfdc085cc3f563cd4390344da84d0cc,json,parsed
anneal-3730-nested-parallelism-budget-2026-09-29,support/work/cargo-o4-i2/u1/root/target/aarch64-apple-darwin/debug/.fingerprint/dep_b-df49108dd85476c1/dep-lib-dep_b,30,f14f96adde2da250a05802a30e565519ea310fa1799083f7444b109fa37007fc,binary,opaque
anneal-3730-nested-parallelism-budget-2026-09-29,support/work/cargo-o4-i2/u1/root/target/aarch64-apple-darwin/debug/.fingerprint/dep_b-df49108dd85476c1/invoked.timestamp,48,5a109e6643e8d3e88642e3f35e85d2a83e639d07523aa6e99166c48178e965c3,utf8,0 lines
anneal-3730-nested-parallelism-budget-2026-09-29,support/work/cargo-o4-i2/u1/root/target/aarch64-apple-darwin/debug/.fingerprint/dep_b-df49108dd85476c1/lib-dep_b,16,f3dcd43d4e5e232d0f169b2f1297b7ad41adc7a86e7ddb1a330366364e91d0f7,utf8,0 lines
anneal-3730-nested-parallelism-budget-2026-09-29,support/work/cargo-o4-i2/u1/root/target/aarch64-apple-darwin/debug/.fingerprint/dep_b-df49108dd85476c1/lib-dep_b.json,380,2f1f9fa1cd8426b4dd59c6f44caaca95bbbd95e8f1bdadccdba3fba743e28abe,json,parsed
anneal-3730-nested-parallelism-budget-2026-09-29,support/work/cargo-o4-i2/u1/root/target/aarch64-apple-darwin/debug/.fingerprint/r37u1-1e6acfe233aaa528/invoked.timestamp,48,5a109e6643e8d3e88642e3f35e85d2a83e639d07523aa6e99166c48178e965c3,utf8,0 lines
anneal-3730-nested-parallelism-budget-2026-09-29,support/work/cargo-o4-i2/u1/root/target/aarch64-apple-darwin/debug/.fingerprint/r37u1-1e6acfe233aaa528/lib-r37u1,16,02726cb6bd69add151a5ae41d6d5d95ce008152ffe2434a5e30e13de42daa3f2,utf8,0 lines
anneal-3730-nested-parallelism-budget-2026-09-29,support/work/cargo-o4-i2/u1/root/target/aarch64-apple-darwin/debug/.fingerprint/r37u1-1e6acfe233aaa528/lib-r37u1.json,563,862324952b311a3e85da3001176974e75bcc0de58f3df1d8b3fdc976f4c3162b,json,parsed
anneal-3730-nested-parallelism-budget-2026-09-29,support/work/cargo-o4-i2/u1/root/target/aarch64-apple-darwin/debug/.fingerprint/r37u1-78ef39928c62bcf4/run-build-script-build-script-build,16,902c7b8b3f04cc49abff67972ad0e59b1b7e84fa242f722448683d67515f41f1,utf8,0 lines
anneal-3730-nested-parallelism-budget-2026-09-29,support/work/cargo-o4-i2/u1/root/target/aarch64-apple-darwin/debug/.fingerprint/r37u1-78ef39928c62bcf4/run-build-script-build-script-build.json,349,7daa95d4a0f8471fc21ed429214d5dc8e1eebf140ef378206f1fb9cca50d2a7f,json,parsed
anneal-3730-nested-parallelism-budget-2026-09-29,support/work/cargo-o4-i2/u1/root/target/aarch64-apple-darwin/debug/build/r37u1-78ef39928c62bcf4/invoked.timestamp,48,5a109e6643e8d3e88642e3f35e85d2a83e639d07523aa6e99166c48178e965c3,utf8,0 lines
anneal-3730-nested-parallelism-budget-2026-09-29,support/work/cargo-o4-i2/u1/root/target/aarch64-apple-darwin/debug/build/r37u1-78ef39928c62bcf4/output,34,3273578f41aa3eeaf089559c4b2cd7eb8aedd415e94e0980f12b761ed4b1e690,utf8,1 lines
anneal-3730-nested-parallelism-budget-2026-09-29,support/work/cargo-o4-i2/u1/root/target/aarch64-apple-darwin/debug/build/r37u1-78ef39928c62bcf4/root-output,269,31b1a3efcaffede1d89504f3753513a05604ddd1b2f18ef7588d363d1cb56999,utf8,0 lines
anneal-3730-nested-parallelism-budget-2026-09-29,support/work/cargo-o4-i2/u1/root/target/aarch64-apple-darwin/debug/build/r37u1-78ef39928c62bcf4/stderr,0,e3b0c44298fc1c149afbf4c8996fb92427ae41e4649b934ca495991b7852b855,utf8,0 lines
anneal-3730-nested-parallelism-budget-2026-09-29,support/work/cargo-o4-i2/u1/root/target/aarch64-apple-darwin/debug/deps/dep_a-9e2acaee3d718d3e.d,1681,06d393c4ab6fa2d7f850501d3e46fd58f7841438f874b9b8f8d694f60eaf6a16,utf8,7 lines
anneal-3730-nested-parallelism-budget-2026-09-29,support/work/cargo-o4-i2/u1/root/target/aarch64-apple-darwin/debug/deps/dep_a-9e2acaee3d718d3e.dep_a.1368a89769485bd2-cgu.0.rcgu.o,3200,c873bef65fd2edfa2d3d86f02aa77fdb7a5391f264ddb440fc1028105444d029,binary,opaque
anneal-3730-nested-parallelism-budget-2026-09-29,support/work/cargo-o4-i2/u1/root/target/aarch64-apple-darwin/debug/deps/dep_b-df49108dd85476c1.d,1681,394f0f3a304b20044d9ca8b20d8fa144096a7485ba77da494208bef4267a6a8f,utf8,7 lines
anneal-3730-nested-parallelism-budget-2026-09-29,support/work/cargo-o4-i2/u1/root/target/aarch64-apple-darwin/debug/deps/dep_b-df49108dd85476c1.dep_b.38185bd64dfb748e-cgu.0.rcgu.o,3200,135b8c9b94b8f2ff4e2658b55be82535e3d7780e3076d807ae873d523c772797,binary,opaque
anneal-3730-nested-parallelism-budget-2026-09-29,support/work/cargo-o4-i2/u1/root/target/aarch64-apple-darwin/debug/deps/libdep_a-9e2acaee3d718d3e.rlib,7200,eb1ca2dc7cf78f7814c0c48f51eaffbc1e51bab585e145edc06260d82e6b13f3,binary,opaque
anneal-3730-nested-parallelism-budget-2026-09-29,support/work/cargo-o4-i2/u1/root/target/aarch64-apple-darwin/debug/deps/libdep_a-9e2acaee3d718d3e.rmeta,2880,04647296e9db5609363e56571c7c2ef289feac2836e2ccc6f1998c88648069f8,binary,opaque
anneal-3730-nested-parallelism-budget-2026-09-29,support/work/cargo-o4-i2/u1/root/target/aarch64-apple-darwin/debug/deps/libdep_b-df49108dd85476c1.rlib,7200,28bfb8ca0810b6d6a7a3ae78e8a484995cc867ef707e07a8a4d8c68863566276,binary,opaque
anneal-3730-nested-parallelism-budget-2026-09-29,support/work/cargo-o4-i2/u1/root/target/aarch64-apple-darwin/debug/deps/libdep_b-df49108dd85476c1.rmeta,2880,a530513b73b2e0cbdefc0da4a9f54417775cd208be783513baacb7690de8f713,binary,opaque
anneal-3730-nested-parallelism-budget-2026-09-29,support/work/cargo-o4-i2/u1/root/target/debug/.cargo-artifact-lock,0,e3b0c44298fc1c149afbf4c8996fb92427ae41e4649b934ca495991b7852b855,utf8,0 lines
anneal-3730-nested-parallelism-budget-2026-09-29,support/work/cargo-o4-i2/u1/root/target/debug/.cargo-build-lock,0,e3b0c44298fc1c149afbf4c8996fb92427ae41e4649b934ca495991b7852b855,utf8,0 lines
anneal-3730-nested-parallelism-budget-2026-09-29,support/work/cargo-o4-i2/u1/root/target/debug/.cargo-lock,0,e3b0c44298fc1c149afbf4c8996fb92427ae41e4649b934ca495991b7852b855,utf8,0 lines
anneal-3730-nested-parallelism-budget-2026-09-29,support/work/cargo-o4-i2/u1/root/target/debug/.fingerprint/r37u1-9457034f699317b1/build-script-build-script-build,16,f5f0fd3d6235c28d1a2a08f9970567cb989ead084c9065bc881d727bc3266cde,utf8,0 lines
anneal-3730-nested-parallelism-budget-2026-09-29,support/work/cargo-o4-i2/u1/root/target/debug/.fingerprint/r37u1-9457034f699317b1/build-script-build-script-build.json,365,d58ad5bb1a8700f858668f6fb7c87f8abc2bcb808418c67e6864567be39e06f9,json,parsed
anneal-3730-nested-parallelism-budget-2026-09-29,support/work/cargo-o4-i2/u1/root/target/debug/.fingerprint/r37u1-9457034f699317b1/dep-build-script-build-script-build,28,a71f952e7f3252ef5608298951fd55b25f3590c98bc0765ae4145e623604ee7d,binary,opaque
anneal-3730-nested-parallelism-budget-2026-09-29,support/work/cargo-o4-i2/u1/root/target/debug/.fingerprint/r37u1-9457034f699317b1/invoked.timestamp,48,5a109e6643e8d3e88642e3f35e85d2a83e639d07523aa6e99166c48178e965c3,utf8,0 lines
anneal-3730-nested-parallelism-budget-2026-09-29,support/work/cargo-o4-i2/u1/root/target/debug/build/r37u1-9457034f699317b1/build-script-build,468704,0b5eed1bed85987c081dbea1b880a33fdb7f797d3a033137328cd70d9392b93a,binary,opaque
anneal-3730-nested-parallelism-budget-2026-09-29,support/work/cargo-o4-i2/u1/root/target/debug/build/r37u1-9457034f699317b1/build_script_build-9457034f699317b1,468704,0b5eed1bed85987c081dbea1b880a33fdb7f797d3a033137328cd70d9392b93a,binary,opaque
anneal-3730-nested-parallelism-budget-2026-09-29,support/work/cargo-o4-i2/u1/root/target/debug/build/r37u1-9457034f699317b1/build_script_build-9457034f699317b1.build_script_build.7399a0dd099bc0c6-cgu.0.rcgu.o,14960,05ff5b72b53aae48b5c07bdc56272264384d692dbf29afdaf3be3785b1273dbb,binary,opaque
anneal-3730-nested-parallelism-budget-2026-09-29,support/work/cargo-o4-i2/u1/root/target/debug/build/r37u1-9457034f699317b1/build_script_build-9457034f699317b1.d,596,c0e67e51c6a0ce23f59a038987f9299dc5373a7e4f1cd5e46982ec48dc86e544,utf8,5 lines
anneal-3730-nested-parallelism-budget-2026-09-29,support/work/cargo-o4-i2/u1/root/warm-incremental.stderr,407,f0d6faf1753488d30e58279f992337a11b84e0b05bf0e2b659a21caa27b95ab3,utf8,4 lines
anneal-3730-nested-parallelism-budget-2026-09-29,support/work/cargo-o4-i2/u1/root/warm-incremental.stdout,0,e3b0c44298fc1c149afbf4c8996fb92427ae41e4649b934ca495991b7852b855,utf8,0 lines
anneal-3730-nested-parallelism-budget-2026-09-29,support/work/cargo-o4-i2/u1/root/warm-noop.stderr,511,64a0f728c5602b088affe1c11cb035b1be87d45e5aaa6803bddae2ffbb14587c,utf8,6 lines
anneal-3730-nested-parallelism-budget-2026-09-29,support/work/cargo-o4-i2/u1/root/warm-noop.stdout,0,e3b0c44298fc1c149afbf4c8996fb92427ae41e4649b934ca495991b7852b855,utf8,0 lines
anneal-3730-nested-parallelism-budget-2026-09-29,support/work/cargo-o4-i2/u2/dep_a/Cargo.toml,54,73c18a3a515dac3cfe0f3afa82d1948c2f15b3b754e7a297454a3e942e543e8b,utf8,4 lines
anneal-3730-nested-parallelism-budget-2026-09-29,support/work/cargo-o4-i2/u2/dep_a/src/lib.rs,44,a30619c0f6bf2c873a373a43aa9de62d1d00ef87dfa2cae357d333303bab2a5b,utf8,1 lines
anneal-3730-nested-parallelism-budget-2026-09-29,support/work/cargo-o4-i2/u2/dep_b/Cargo.toml,54,80c059104d6c926f81bdfc88066b2db62a683152b6cc980f81638875f0e1f4d3,utf8,4 lines
anneal-3730-nested-parallelism-budget-2026-09-29,support/work/cargo-o4-i2/u2/dep_b/src/lib.rs,44,74861e8f00a88700b9db893dc4cbcaf3810561d77c243b11761d92490c7a7c19,utf8,1 lines
anneal-3730-nested-parallelism-budget-2026-09-29,support/work/cargo-o4-i2/u2/root/Cargo.lock,280,0f25b2db5b7673f91c1764530e476225b61b135df0cbe179a8f26c3e1d40d788,utf8,19 lines
anneal-3730-nested-parallelism-budget-2026-09-29,support/work/cargo-o4-i2/u2/root/Cargo.toml,117,2827f083ac003ff9cad239b063a8c82c073e9cef49bec2541de3a7c6d30ffc0a,utf8,7 lines
anneal-3730-nested-parallelism-budget-2026-09-29,support/work/cargo-o4-i2/u2/root/build.rs,116,5533dcc22ce9c14dcf004a5c16ae135690d27022d51156fc27fa108e9a84c9b9,utf8,1 lines
anneal-3730-nested-parallelism-budget-2026-09-29,support/work/cargo-o4-i2/u2/root/cold.stderr,871,d5ccbd566ceab9d35bd44884f2eb3e89ef1c820da5fc8deb8830fdac3d6c4f86,utf8,6 lines
anneal-3730-nested-parallelism-budget-2026-09-29,support/work/cargo-o4-i2/u2/root/cold.stdout,0,e3b0c44298fc1c149afbf4c8996fb92427ae41e4649b934ca495991b7852b855,utf8,0 lines
anneal-3730-nested-parallelism-budget-2026-09-29,support/work/cargo-o4-i2/u2/root/probe.llbc,11371,611921b144db2278db5492e310335a9747e372dabf0679dc8694704e53472c0d,utf8,0 lines
anneal-3730-nested-parallelism-budget-2026-09-29,support/work/cargo-o4-i2/u2/root/src/lib.rs,110,6ff5d754579ba349942e16b2da1abfde909290374a68f839cca73c9e085522fb,utf8,2 lines
anneal-3730-nested-parallelism-budget-2026-09-29,support/work/cargo-o4-i2/u2/root/target/.rustc_info.json,5015,511bcc03acc40a63885b0a7142b1c0a08267966a16d08a1fcad71c9dfd3e9010,json,parsed
anneal-3730-nested-parallelism-budget-2026-09-29,support/work/cargo-o4-i2/u2/root/target/CACHEDIR.TAG,177,6d9d1d216e0f83abc5e5662ca62c92b4f23009466b54fa27321a69acdb778bb2,utf8,3 lines
anneal-3730-nested-parallelism-budget-2026-09-29,support/work/cargo-o4-i2/u2/root/target/aarch64-apple-darwin/CACHEDIR.TAG,177,6d9d1d216e0f83abc5e5662ca62c92b4f23009466b54fa27321a69acdb778bb2,utf8,3 lines
anneal-3730-nested-parallelism-budget-2026-09-29,support/work/cargo-o4-i2/u2/root/target/aarch64-apple-darwin/debug/.cargo-artifact-lock,0,e3b0c44298fc1c149afbf4c8996fb92427ae41e4649b934ca495991b7852b855,utf8,0 lines
anneal-3730-nested-parallelism-budget-2026-09-29,support/work/cargo-o4-i2/u2/root/target/aarch64-apple-darwin/debug/.cargo-build-lock,0,e3b0c44298fc1c149afbf4c8996fb92427ae41e4649b934ca495991b7852b855,utf8,0 lines
anneal-3730-nested-parallelism-budget-2026-09-29,support/work/cargo-o4-i2/u2/root/target/aarch64-apple-darwin/debug/.cargo-lock,0,e3b0c44298fc1c149afbf4c8996fb92427ae41e4649b934ca495991b7852b855,utf8,0 lines
anneal-3730-nested-parallelism-budget-2026-09-29,support/work/cargo-o4-i2/u2/root/target/aarch64-apple-darwin/debug/.fingerprint/dep_a-025246a69f146b55/dep-lib-dep_a,30,f14f96adde2da250a05802a30e565519ea310fa1799083f7444b109fa37007fc,binary,opaque
anneal-3730-nested-parallelism-budget-2026-09-29,support/work/cargo-o4-i2/u2/root/target/aarch64-apple-darwin/debug/.fingerprint/dep_a-025246a69f146b55/invoked.timestamp,48,5a109e6643e8d3e88642e3f35e85d2a83e639d07523aa6e99166c48178e965c3,utf8,0 lines
anneal-3730-nested-parallelism-budget-2026-09-29,support/work/cargo-o4-i2/u2/root/target/aarch64-apple-darwin/debug/.fingerprint/dep_a-025246a69f146b55/lib-dep_a,16,597d11cc41b451f69bd080ea2594ac799fab95824086a6bb1a5af45df71c2755,utf8,0 lines
anneal-3730-nested-parallelism-budget-2026-09-29,support/work/cargo-o4-i2/u2/root/target/aarch64-apple-darwin/debug/.fingerprint/dep_a-025246a69f146b55/lib-dep_a.json,380,bdc73e832eb7d5f4c383515f798c0ec84b3de1f0d728971b96b5afaf18828198,json,parsed
anneal-3730-nested-parallelism-budget-2026-09-29,support/work/cargo-o4-i2/u2/root/target/aarch64-apple-darwin/debug/.fingerprint/dep_b-ab01bc0bbd2e9ba9/dep-lib-dep_b,30,f14f96adde2da250a05802a30e565519ea310fa1799083f7444b109fa37007fc,binary,opaque
anneal-3730-nested-parallelism-budget-2026-09-29,support/work/cargo-o4-i2/u2/root/target/aarch64-apple-darwin/debug/.fingerprint/dep_b-ab01bc0bbd2e9ba9/invoked.timestamp,48,5a109e6643e8d3e88642e3f35e85d2a83e639d07523aa6e99166c48178e965c3,utf8,0 lines
anneal-3730-nested-parallelism-budget-2026-09-29,support/work/cargo-o4-i2/u2/root/target/aarch64-apple-darwin/debug/.fingerprint/dep_b-ab01bc0bbd2e9ba9/lib-dep_b,16,2ebe246a6ecce766a339cd36a3d030471fa66aa0ed186b8eeb8ac23e4d7ae121,utf8,0 lines
anneal-3730-nested-parallelism-budget-2026-09-29,support/work/cargo-o4-i2/u2/root/target/aarch64-apple-darwin/debug/.fingerprint/dep_b-ab01bc0bbd2e9ba9/lib-dep_b.json,380,61d1b864b448f32b86d287133ef0836d6af70aa98eaeaf7efc0aa9cb4f331f37,json,parsed
anneal-3730-nested-parallelism-budget-2026-09-29,support/work/cargo-o4-i2/u2/root/target/aarch64-apple-darwin/debug/.fingerprint/r37u2-c291b54ccd84bdaf/run-build-script-build-script-build,16,946d97a544261e115cf4b6f2afe5b04069d3973e18dc6e183bfa3fa04297f479,utf8,0 lines
anneal-3730-nested-parallelism-budget-2026-09-29,support/work/cargo-o4-i2/u2/root/target/aarch64-apple-darwin/debug/.fingerprint/r37u2-c291b54ccd84bdaf/run-build-script-build-script-build.json,348,f0b00b00a6aea1e8db4b347ce6cc9352ac625628422766349cceb1e09f847de1,json,parsed
anneal-3730-nested-parallelism-budget-2026-09-29,support/work/cargo-o4-i2/u2/root/target/aarch64-apple-darwin/debug/.fingerprint/r37u2-c7b57aab16da63e3/invoked.timestamp,48,5a109e6643e8d3e88642e3f35e85d2a83e639d07523aa6e99166c48178e965c3,utf8,0 lines
anneal-3730-nested-parallelism-budget-2026-09-29,support/work/cargo-o4-i2/u2/root/target/aarch64-apple-darwin/debug/.fingerprint/r37u2-c7b57aab16da63e3/lib-r37u2,16,aae20ae3458a32e0ad709336b41eb334e168cc670796a3b648fe3a1946eca638,utf8,0 lines
anneal-3730-nested-parallelism-budget-2026-09-29,support/work/cargo-o4-i2/u2/root/target/aarch64-apple-darwin/debug/.fingerprint/r37u2-c7b57aab16da63e3/lib-r37u2.json,566,084f71a7b75148213dabbf8d071e4f274892eb4c78e0f1093ed81835dd7c2a11,json,parsed
anneal-3730-nested-parallelism-budget-2026-09-29,support/work/cargo-o4-i2/u2/root/target/aarch64-apple-darwin/debug/build/r37u2-c291b54ccd84bdaf/invoked.timestamp,48,5a109e6643e8d3e88642e3f35e85d2a83e639d07523aa6e99166c48178e965c3,utf8,0 lines
anneal-3730-nested-parallelism-budget-2026-09-29,support/work/cargo-o4-i2/u2/root/target/aarch64-apple-darwin/debug/build/r37u2-c291b54ccd84bdaf/output,34,3273578f41aa3eeaf089559c4b2cd7eb8aedd415e94e0980f12b761ed4b1e690,utf8,1 lines
anneal-3730-nested-parallelism-budget-2026-09-29,support/work/cargo-o4-i2/u2/root/target/aarch64-apple-darwin/debug/build/r37u2-c291b54ccd84bdaf/root-output,269,6cb591e4184fa367ddd016edd0af2d84a50768a104a1f3d38168d2e48ec7f93e,utf8,0 lines
anneal-3730-nested-parallelism-budget-2026-09-29,support/work/cargo-o4-i2/u2/root/target/aarch64-apple-darwin/debug/build/r37u2-c291b54ccd84bdaf/stderr,0,e3b0c44298fc1c149afbf4c8996fb92427ae41e4649b934ca495991b7852b855,utf8,0 lines
anneal-3730-nested-parallelism-budget-2026-09-29,support/work/cargo-o4-i2/u2/root/target/aarch64-apple-darwin/debug/deps/dep_a-025246a69f146b55.d,1681,d350d268903319406c0d5044b0d1961c700d5a1b04a51db903f734f022d7df57,utf8,7 lines
anneal-3730-nested-parallelism-budget-2026-09-29,support/work/cargo-o4-i2/u2/root/target/aarch64-apple-darwin/debug/deps/dep_a-025246a69f146b55.dep_a.97eeb959b8a4efea-cgu.0.rcgu.o,3200,733f18689ad84162eebafa3079113fd84674ca891beaee0167de2cd7dfcf1589,binary,opaque
anneal-3730-nested-parallelism-budget-2026-09-29,support/work/cargo-o4-i2/u2/root/target/aarch64-apple-darwin/debug/deps/dep_b-ab01bc0bbd2e9ba9.d,1681,e34f3b271c67568d15b60fd9a9ecd35594b274791e0da96a33df1725d2d22ff7,utf8,7 lines
anneal-3730-nested-parallelism-budget-2026-09-29,support/work/cargo-o4-i2/u2/root/target/aarch64-apple-darwin/debug/deps/dep_b-ab01bc0bbd2e9ba9.dep_b.326791e7344acd1c-cgu.0.rcgu.o,3200,7c1bb150c69a9046b9fedca0357309feccb2b956961f7358f1d97cfe84953eab,binary,opaque
anneal-3730-nested-parallelism-budget-2026-09-29,support/work/cargo-o4-i2/u2/root/target/aarch64-apple-darwin/debug/deps/libdep_a-025246a69f146b55.rlib,7200,53cbe09583ccba80e3bcf46b59e2ae476f4ad3df9aa9454e0fa7f35afce27596,binary,opaque
anneal-3730-nested-parallelism-budget-2026-09-29,support/work/cargo-o4-i2/u2/root/target/aarch64-apple-darwin/debug/deps/libdep_a-025246a69f146b55.rmeta,2880,bbdf7bfce59091fbc6c156eaba9413fad17be45feee04dbbc58fc29f9f7b6fcb,binary,opaque
anneal-3730-nested-parallelism-budget-2026-09-29,support/work/cargo-o4-i2/u2/root/target/aarch64-apple-darwin/debug/deps/libdep_b-ab01bc0bbd2e9ba9.rlib,7200,80c677e0304cf742f2fa693ad9e1996f1a9476e0e44f91140f66473d1bc4260c,binary,opaque
anneal-3730-nested-parallelism-budget-2026-09-29,support/work/cargo-o4-i2/u2/root/target/aarch64-apple-darwin/debug/deps/libdep_b-ab01bc0bbd2e9ba9.rmeta,2880,a06e48295d111b3098c0c29903b4c253b2e498ffa60f6642e5471f818ffaf157,binary,opaque
anneal-3730-nested-parallelism-budget-2026-09-29,support/work/cargo-o4-i2/u2/root/target/debug/.cargo-artifact-lock,0,e3b0c44298fc1c149afbf4c8996fb92427ae41e4649b934ca495991b7852b855,utf8,0 lines
anneal-3730-nested-parallelism-budget-2026-09-29,support/work/cargo-o4-i2/u2/root/target/debug/.cargo-build-lock,0,e3b0c44298fc1c149afbf4c8996fb92427ae41e4649b934ca495991b7852b855,utf8,0 lines
anneal-3730-nested-parallelism-budget-2026-09-29,support/work/cargo-o4-i2/u2/root/target/debug/.cargo-lock,0,e3b0c44298fc1c149afbf4c8996fb92427ae41e4649b934ca495991b7852b855,utf8,0 lines
anneal-3730-nested-parallelism-budget-2026-09-29,support/work/cargo-o4-i2/u2/root/target/debug/.fingerprint/r37u2-10b8199a8f5b66b0/build-script-build-script-build,16,00a8cf8ec7349f285e10665ed5101ad0a6cb0dc005aab66bdb647c91eaec019a,utf8,0 lines
anneal-3730-nested-parallelism-budget-2026-09-29,support/work/cargo-o4-i2/u2/root/target/debug/.fingerprint/r37u2-10b8199a8f5b66b0/build-script-build-script-build.json,365,2e92b56c8475c10baea57e5ac31cd18f0fdc70cb21375fa3b96142cd5e378dbb,json,parsed
anneal-3730-nested-parallelism-budget-2026-09-29,support/work/cargo-o4-i2/u2/root/target/debug/.fingerprint/r37u2-10b8199a8f5b66b0/dep-build-script-build-script-build,28,a71f952e7f3252ef5608298951fd55b25f3590c98bc0765ae4145e623604ee7d,binary,opaque
anneal-3730-nested-parallelism-budget-2026-09-29,support/work/cargo-o4-i2/u2/root/target/debug/.fingerprint/r37u2-10b8199a8f5b66b0/invoked.timestamp,48,5a109e6643e8d3e88642e3f35e85d2a83e639d07523aa6e99166c48178e965c3,utf8,0 lines
anneal-3730-nested-parallelism-budget-2026-09-29,support/work/cargo-o4-i2/u2/root/target/debug/build/r37u2-10b8199a8f5b66b0/build-script-build,468688,e24f7278cec6c77894888802c0646463f70b0b5d86c17eb78e052e00164e9f2c,binary,opaque
anneal-3730-nested-parallelism-budget-2026-09-29,support/work/cargo-o4-i2/u2/root/target/debug/build/r37u2-10b8199a8f5b66b0/build_script_build-10b8199a8f5b66b0,468688,e24f7278cec6c77894888802c0646463f70b0b5d86c17eb78e052e00164e9f2c,binary,opaque
anneal-3730-nested-parallelism-budget-2026-09-29,support/work/cargo-o4-i2/u2/root/target/debug/build/r37u2-10b8199a8f5b66b0/build_script_build-10b8199a8f5b66b0.build_script_build.375170b61181a2b-cgu.0.rcgu.o,14936,f551b9a645cfa5731c196231a7ed67523b3dd578bbef1df5f48d502bb8b4490c,binary,opaque
anneal-3730-nested-parallelism-budget-2026-09-29,support/work/cargo-o4-i2/u2/root/target/debug/build/r37u2-10b8199a8f5b66b0/build_script_build-10b8199a8f5b66b0.d,596,6238fa6a31c24251007a978cf3c93c3f7bc514f492df0141b9038d3e7ea15d5f,utf8,5 lines
anneal-3730-nested-parallelism-budget-2026-09-29,support/work/cargo-o4-i2/u2/root/warm-incremental.stderr,407,ef314e15cc4a87625398a204a8d8a6152361df5e1ecee31c2fa49783286834ab,utf8,4 lines
anneal-3730-nested-parallelism-budget-2026-09-29,support/work/cargo-o4-i2/u2/root/warm-incremental.stdout,0,e3b0c44298fc1c149afbf4c8996fb92427ae41e4649b934ca495991b7852b855,utf8,0 lines
anneal-3730-nested-parallelism-budget-2026-09-29,support/work/cargo-o4-i2/u2/root/warm-noop.stderr,407,79b582d224be90d873a76d1dcc35329d648475659d2bb1445ab249644413d0d8,utf8,4 lines
anneal-3730-nested-parallelism-budget-2026-09-29,support/work/cargo-o4-i2/u2/root/warm-noop.stdout,0,e3b0c44298fc1c149afbf4c8996fb92427ae41e4649b934ca495991b7852b855,utf8,0 lines
anneal-3730-nested-parallelism-budget-2026-09-29,support/work/cargo-o4-i2/u3/dep_a/Cargo.toml,54,73c18a3a515dac3cfe0f3afa82d1948c2f15b3b754e7a297454a3e942e543e8b,utf8,4 lines
anneal-3730-nested-parallelism-budget-2026-09-29,support/work/cargo-o4-i2/u3/dep_a/src/lib.rs,44,a30619c0f6bf2c873a373a43aa9de62d1d00ef87dfa2cae357d333303bab2a5b,utf8,1 lines
anneal-3730-nested-parallelism-budget-2026-09-29,support/work/cargo-o4-i2/u3/dep_b/Cargo.toml,54,80c059104d6c926f81bdfc88066b2db62a683152b6cc980f81638875f0e1f4d3,utf8,4 lines
anneal-3730-nested-parallelism-budget-2026-09-29,support/work/cargo-o4-i2/u3/dep_b/src/lib.rs,44,74861e8f00a88700b9db893dc4cbcaf3810561d77c243b11761d92490c7a7c19,utf8,1 lines
anneal-3730-nested-parallelism-budget-2026-09-29,support/work/cargo-o4-i2/u3/root/Cargo.lock,280,a6abd40a53d026011087d7695019d02aef08f67edc27dc6d3004ef0e81dbb075,utf8,19 lines
anneal-3730-nested-parallelism-budget-2026-09-29,support/work/cargo-o4-i2/u3/root/Cargo.toml,117,a6981446351a536beccfc24da645223d131457495a7dc88bc82799829e1d7b54,utf8,7 lines
anneal-3730-nested-parallelism-budget-2026-09-29,support/work/cargo-o4-i2/u3/root/build.rs,116,5533dcc22ce9c14dcf004a5c16ae135690d27022d51156fc27fa108e9a84c9b9,utf8,1 lines
anneal-3730-nested-parallelism-budget-2026-09-29,support/work/cargo-o4-i2/u3/root/cold.stderr,975,e147d9afa0f42bc8f3936eaee89177d2f7cafabcf2ecc7573eec8ab624c48438,utf8,8 lines
anneal-3730-nested-parallelism-budget-2026-09-29,support/work/cargo-o4-i2/u3/root/cold.stdout,0,e3b0c44298fc1c149afbf4c8996fb92427ae41e4649b934ca495991b7852b855,utf8,0 lines
anneal-3730-nested-parallelism-budget-2026-09-29,support/work/cargo-o4-i2/u3/root/probe.llbc,11371,b9fb90e22d29657d96c6ec81e9337d03601353495fa36d6c344deb034928ff64,utf8,0 lines
anneal-3730-nested-parallelism-budget-2026-09-29,support/work/cargo-o4-i2/u3/root/src/lib.rs,110,6ff5d754579ba349942e16b2da1abfde909290374a68f839cca73c9e085522fb,utf8,2 lines
anneal-3730-nested-parallelism-budget-2026-09-29,support/work/cargo-o4-i2/u3/root/target/.rustc_info.json,5015,09781316bbaf4f153f5889016b79d7544479750546d8157d4eb1f5df4c0c6b3e,json,parsed
anneal-3730-nested-parallelism-budget-2026-09-29,support/work/cargo-o4-i2/u3/root/target/CACHEDIR.TAG,177,6d9d1d216e0f83abc5e5662ca62c92b4f23009466b54fa27321a69acdb778bb2,utf8,3 lines
anneal-3730-nested-parallelism-budget-2026-09-29,support/work/cargo-o4-i2/u3/root/target/aarch64-apple-darwin/CACHEDIR.TAG,177,6d9d1d216e0f83abc5e5662ca62c92b4f23009466b54fa27321a69acdb778bb2,utf8,3 lines
anneal-3730-nested-parallelism-budget-2026-09-29,support/work/cargo-o4-i2/u3/root/target/aarch64-apple-darwin/debug/.cargo-artifact-lock,0,e3b0c44298fc1c149afbf4c8996fb92427ae41e4649b934ca495991b7852b855,utf8,0 lines
anneal-3730-nested-parallelism-budget-2026-09-29,support/work/cargo-o4-i2/u3/root/target/aarch64-apple-darwin/debug/.cargo-build-lock,0,e3b0c44298fc1c149afbf4c8996fb92427ae41e4649b934ca495991b7852b855,utf8,0 lines
anneal-3730-nested-parallelism-budget-2026-09-29,support/work/cargo-o4-i2/u3/root/target/aarch64-apple-darwin/debug/.cargo-lock,0,e3b0c44298fc1c149afbf4c8996fb92427ae41e4649b934ca495991b7852b855,utf8,0 lines
anneal-3730-nested-parallelism-budget-2026-09-29,support/work/cargo-o4-i2/u3/root/target/aarch64-apple-darwin/debug/.fingerprint/dep_a-e98b04fd1b6f945c/dep-lib-dep_a,30,f14f96adde2da250a05802a30e565519ea310fa1799083f7444b109fa37007fc,binary,opaque
anneal-3730-nested-parallelism-budget-2026-09-29,support/work/cargo-o4-i2/u3/root/target/aarch64-apple-darwin/debug/.fingerprint/dep_a-e98b04fd1b6f945c/invoked.timestamp,48,5a109e6643e8d3e88642e3f35e85d2a83e639d07523aa6e99166c48178e965c3,utf8,0 lines
anneal-3730-nested-parallelism-budget-2026-09-29,support/work/cargo-o4-i2/u3/root/target/aarch64-apple-darwin/debug/.fingerprint/dep_a-e98b04fd1b6f945c/lib-dep_a,16,46ffd5765635dd8cc57bbef7a739495f213b427399e1772356dc83bd60d4320d,utf8,0 lines
anneal-3730-nested-parallelism-budget-2026-09-29,support/work/cargo-o4-i2/u3/root/target/aarch64-apple-darwin/debug/.fingerprint/dep_a-e98b04fd1b6f945c/lib-dep_a.json,381,92fb1e1967edb032a80806026d3255c9e561fb2c4ef92ce127aab950662a7a59,json,parsed
anneal-3730-nested-parallelism-budget-2026-09-29,support/work/cargo-o4-i2/u3/root/target/aarch64-apple-darwin/debug/.fingerprint/dep_b-0e1e0aa993538ddc/dep-lib-dep_b,30,f14f96adde2da250a05802a30e565519ea310fa1799083f7444b109fa37007fc,binary,opaque
anneal-3730-nested-parallelism-budget-2026-09-29,support/work/cargo-o4-i2/u3/root/target/aarch64-apple-darwin/debug/.fingerprint/dep_b-0e1e0aa993538ddc/invoked.timestamp,48,5a109e6643e8d3e88642e3f35e85d2a83e639d07523aa6e99166c48178e965c3,utf8,0 lines
anneal-3730-nested-parallelism-budget-2026-09-29,support/work/cargo-o4-i2/u3/root/target/aarch64-apple-darwin/debug/.fingerprint/dep_b-0e1e0aa993538ddc/lib-dep_b,16,47a2453b6b9ce11612d00c43a97d9491d3c0299d0dcb507fbed6e2b823700a3f,utf8,0 lines
anneal-3730-nested-parallelism-budget-2026-09-29,support/work/cargo-o4-i2/u3/root/target/aarch64-apple-darwin/debug/.fingerprint/dep_b-0e1e0aa993538ddc/lib-dep_b.json,380,48777d6942a6ee38e97c7c4825d03e66ab2d54d8200c1b5c170c00398eb0e585,json,parsed
anneal-3730-nested-parallelism-budget-2026-09-29,support/work/cargo-o4-i2/u3/root/target/aarch64-apple-darwin/debug/.fingerprint/r37u3-7b0fa87cb9fa7fd5/run-build-script-build-script-build,16,0d9e70975d74aacd9f7b2668512d19f4b92a3aa9e59f641d67fed772b6d93f31,utf8,0 lines
anneal-3730-nested-parallelism-budget-2026-09-29,support/work/cargo-o4-i2/u3/root/target/aarch64-apple-darwin/debug/.fingerprint/r37u3-7b0fa87cb9fa7fd5/run-build-script-build-script-build.json,349,fd2439ae9fb4f5a40dcca2e67c9e62ac510a1148eb885ab5e4d168d42989aeea,json,parsed
anneal-3730-nested-parallelism-budget-2026-09-29,support/work/cargo-o4-i2/u3/root/target/aarch64-apple-darwin/debug/.fingerprint/r37u3-d20e904665939067/invoked.timestamp,48,5a109e6643e8d3e88642e3f35e85d2a83e639d07523aa6e99166c48178e965c3,utf8,0 lines
anneal-3730-nested-parallelism-budget-2026-09-29,support/work/cargo-o4-i2/u3/root/target/aarch64-apple-darwin/debug/.fingerprint/r37u3-d20e904665939067/lib-r37u3,16,9619175d57a00f43dae039b107d07210a688cd0cc0126a1a2df7b43747dea442,utf8,0 lines
anneal-3730-nested-parallelism-budget-2026-09-29,support/work/cargo-o4-i2/u3/root/target/aarch64-apple-darwin/debug/.fingerprint/r37u3-d20e904665939067/lib-r37u3.json,565,706e3037f7d3c539ae61e8cc45368a4d918c24f7b4fbd33600afc7857405235e,json,parsed
anneal-3730-nested-parallelism-budget-2026-09-29,support/work/cargo-o4-i2/u3/root/target/aarch64-apple-darwin/debug/build/r37u3-7b0fa87cb9fa7fd5/invoked.timestamp,48,5a109e6643e8d3e88642e3f35e85d2a83e639d07523aa6e99166c48178e965c3,utf8,0 lines
anneal-3730-nested-parallelism-budget-2026-09-29,support/work/cargo-o4-i2/u3/root/target/aarch64-apple-darwin/debug/build/r37u3-7b0fa87cb9fa7fd5/output,34,3273578f41aa3eeaf089559c4b2cd7eb8aedd415e94e0980f12b761ed4b1e690,utf8,1 lines
anneal-3730-nested-parallelism-budget-2026-09-29,support/work/cargo-o4-i2/u3/root/target/aarch64-apple-darwin/debug/build/r37u3-7b0fa87cb9fa7fd5/root-output,269,64f466ad0489699e67fd2edfaabdbbe172c3466aaf1575a9eccca6733d5b9c7d,utf8,0 lines
anneal-3730-nested-parallelism-budget-2026-09-29,support/work/cargo-o4-i2/u3/root/target/aarch64-apple-darwin/debug/build/r37u3-7b0fa87cb9fa7fd5/stderr,0,e3b0c44298fc1c149afbf4c8996fb92427ae41e4649b934ca495991b7852b855,utf8,0 lines
anneal-3730-nested-parallelism-budget-2026-09-29,support/work/cargo-o4-i2/u3/root/target/aarch64-apple-darwin/debug/deps/dep_a-e98b04fd1b6f945c.d,1681,dd7ae6096946ed4928a2cc83c19b7d9e4d83fff3c91a5e452ae60ac0ddf34e6d,utf8,7 lines
anneal-3730-nested-parallelism-budget-2026-09-29,support/work/cargo-o4-i2/u3/root/target/aarch64-apple-darwin/debug/deps/dep_a-e98b04fd1b6f945c.dep_a.5cf1e9bc0a54fbcc-cgu.0.rcgu.o,3200,4440eb512494e79153cb4c61fb5b48e166fbcdee781a86b0518d26923dae6f81,binary,opaque
anneal-3730-nested-parallelism-budget-2026-09-29,support/work/cargo-o4-i2/u3/root/target/aarch64-apple-darwin/debug/deps/dep_b-0e1e0aa993538ddc.d,1681,d3db287dd1f65634eb4148f54f0847ecf840268b7334a6c9366dafaf36ba804f,utf8,7 lines
anneal-3730-nested-parallelism-budget-2026-09-29,support/work/cargo-o4-i2/u3/root/target/aarch64-apple-darwin/debug/deps/dep_b-0e1e0aa993538ddc.dep_b.483b434d33cccf49-cgu.0.rcgu.o,3200,b6fcfa7fa4f5660034688f9292ab1fc5efd7c7712c0806cdbb19b4b008bb7a17,binary,opaque
anneal-3730-nested-parallelism-budget-2026-09-29,support/work/cargo-o4-i2/u3/root/target/aarch64-apple-darwin/debug/deps/libdep_a-e98b04fd1b6f945c.rlib,7200,45917cda6453747c841a8e4748ac42e14d00419948d1e03648f43830857911d3,binary,opaque
anneal-3730-nested-parallelism-budget-2026-09-29,support/work/cargo-o4-i2/u3/root/target/aarch64-apple-darwin/debug/deps/libdep_a-e98b04fd1b6f945c.rmeta,2880,df65398b6ee15ab0b9e438a0d5d4edffeba4bf2e42ad38147460ccb419f98faa,binary,opaque
anneal-3730-nested-parallelism-budget-2026-09-29,support/work/cargo-o4-i2/u3/root/target/aarch64-apple-darwin/debug/deps/libdep_b-0e1e0aa993538ddc.rlib,7200,fd17486babdccbbe0b32bb056181549936a560ca0f8bd8dd124c84ddebc79fc5,binary,opaque
anneal-3730-nested-parallelism-budget-2026-09-29,support/work/cargo-o4-i2/u3/root/target/aarch64-apple-darwin/debug/deps/libdep_b-0e1e0aa993538ddc.rmeta,2880,ff1ea8ab7d66518ae38f08e793b824ad41c08078fb6712c85e3479f3a34394ac,binary,opaque
anneal-3730-nested-parallelism-budget-2026-09-29,support/work/cargo-o4-i2/u3/root/target/debug/.cargo-artifact-lock,0,e3b0c44298fc1c149afbf4c8996fb92427ae41e4649b934ca495991b7852b855,utf8,0 lines
anneal-3730-nested-parallelism-budget-2026-09-29,support/work/cargo-o4-i2/u3/root/target/debug/.cargo-build-lock,0,e3b0c44298fc1c149afbf4c8996fb92427ae41e4649b934ca495991b7852b855,utf8,0 lines
anneal-3730-nested-parallelism-budget-2026-09-29,support/work/cargo-o4-i2/u3/root/target/debug/.cargo-lock,0,e3b0c44298fc1c149afbf4c8996fb92427ae41e4649b934ca495991b7852b855,utf8,0 lines
anneal-3730-nested-parallelism-budget-2026-09-29,support/work/cargo-o4-i2/u3/root/target/debug/.fingerprint/r37u3-62ba6b07efef16aa/build-script-build-script-build,16,7b63f9976ad551c6420c841e2abcc4ffe7e0e066253c793e68c0b8a610da1208,utf8,0 lines
anneal-3730-nested-parallelism-budget-2026-09-29,support/work/cargo-o4-i2/u3/root/target/debug/.fingerprint/r37u3-62ba6b07efef16aa/build-script-build-script-build.json,365,7b69190dea99be5f5291528c6f84916ecb7a3ce28f65ce4c6628168eb89b381f,json,parsed
anneal-3730-nested-parallelism-budget-2026-09-29,support/work/cargo-o4-i2/u3/root/target/debug/.fingerprint/r37u3-62ba6b07efef16aa/dep-build-script-build-script-build,28,a71f952e7f3252ef5608298951fd55b25f3590c98bc0765ae4145e623604ee7d,binary,opaque
anneal-3730-nested-parallelism-budget-2026-09-29,support/work/cargo-o4-i2/u3/root/target/debug/.fingerprint/r37u3-62ba6b07efef16aa/invoked.timestamp,48,5a109e6643e8d3e88642e3f35e85d2a83e639d07523aa6e99166c48178e965c3,utf8,0 lines
anneal-3730-nested-parallelism-budget-2026-09-29,support/work/cargo-o4-i2/u3/root/target/debug/build/r37u3-62ba6b07efef16aa/build-script-build,468704,3dd531ee66d74b0d29e394eaf3625e9c1ea10588b37120a5b823d65bbf55389f,binary,opaque
anneal-3730-nested-parallelism-budget-2026-09-29,support/work/cargo-o4-i2/u3/root/target/debug/build/r37u3-62ba6b07efef16aa/build_script_build-62ba6b07efef16aa,468704,3dd531ee66d74b0d29e394eaf3625e9c1ea10588b37120a5b823d65bbf55389f,binary,opaque
anneal-3730-nested-parallelism-budget-2026-09-29,support/work/cargo-o4-i2/u3/root/target/debug/build/r37u3-62ba6b07efef16aa/build_script_build-62ba6b07efef16aa.build_script_build.ac5d1c7d2c2456b9-cgu.0.rcgu.o,14960,e631cf98f4930a10e49f69a2c4df565ade34d8f06675733af0de1b6392cc9f04,binary,opaque
anneal-3730-nested-parallelism-budget-2026-09-29,support/work/cargo-o4-i2/u3/root/target/debug/build/r37u3-62ba6b07efef16aa/build_script_build-62ba6b07efef16aa.d,596,43934857d60e148a88f4501b410c35ad4eb0d8808ee19245d550f32a764d2fbf,utf8,5 lines
anneal-3730-nested-parallelism-budget-2026-09-29,support/work/cargo-o4-i2/u3/root/warm-incremental.stderr,303,e39779cdc51e0729a53203e039ff3aca451b9349737c439680bcb71604288023,utf8,2 lines
anneal-3730-nested-parallelism-budget-2026-09-29,support/work/cargo-o4-i2/u3/root/warm-incremental.stdout,0,e3b0c44298fc1c149afbf4c8996fb92427ae41e4649b934ca495991b7852b855,utf8,0 lines
anneal-3730-nested-parallelism-budget-2026-09-29,support/work/cargo-o4-i2/u3/root/warm-noop.stderr,459,8312956ba72617a913617dd05ca2d4ad0ce71f8d5f6a5ee79d11131a4e078163,utf8,5 lines
anneal-3730-nested-parallelism-budget-2026-09-29,support/work/cargo-o4-i2/u3/root/warm-noop.stdout,0,e3b0c44298fc1c149afbf4c8996fb92427ae41e4649b934ca495991b7852b855,utf8,0 lines
anneal-3730-nested-parallelism-budget-2026-09-29,support/work/lean-o1-i1/u0/Proof.lean,61,741b082df5ded226d139669c1d166e42b4e082d60a03d4dbac14c5828f4fed52,utf8,3 lines
anneal-3730-nested-parallelism-budget-2026-09-29,support/work/lean-o1-i2/u0/Proof.lean,61,741b082df5ded226d139669c1d166e42b4e082d60a03d4dbac14c5828f4fed52,utf8,3 lines
anneal-3730-nested-parallelism-budget-2026-09-29,support/work/lean-o2-i1/u0/Proof.lean,61,741b082df5ded226d139669c1d166e42b4e082d60a03d4dbac14c5828f4fed52,utf8,3 lines
anneal-3730-nested-parallelism-budget-2026-09-29,support/work/lean-o2-i1/u1/Proof.lean,61,741b082df5ded226d139669c1d166e42b4e082d60a03d4dbac14c5828f4fed52,utf8,3 lines
anneal-3730-nested-parallelism-budget-2026-09-29,support/work/lean-o2-i2/u0/Proof.lean,61,741b082df5ded226d139669c1d166e42b4e082d60a03d4dbac14c5828f4fed52,utf8,3 lines
anneal-3730-nested-parallelism-budget-2026-09-29,support/work/lean-o2-i2/u1/Proof.lean,61,741b082df5ded226d139669c1d166e42b4e082d60a03d4dbac14c5828f4fed52,utf8,3 lines
anneal-3730-nested-parallelism-budget-2026-09-29,support/work/lean-o4-i1/u0/Proof.lean,61,741b082df5ded226d139669c1d166e42b4e082d60a03d4dbac14c5828f4fed52,utf8,3 lines
anneal-3730-nested-parallelism-budget-2026-09-29,support/work/lean-o4-i1/u1/Proof.lean,61,741b082df5ded226d139669c1d166e42b4e082d60a03d4dbac14c5828f4fed52,utf8,3 lines
anneal-3730-nested-parallelism-budget-2026-09-29,support/work/lean-o4-i1/u2/Proof.lean,61,741b082df5ded226d139669c1d166e42b4e082d60a03d4dbac14c5828f4fed52,utf8,3 lines
anneal-3730-nested-parallelism-budget-2026-09-29,support/work/lean-o4-i1/u3/Proof.lean,61,741b082df5ded226d139669c1d166e42b4e082d60a03d4dbac14c5828f4fed52,utf8,3 lines
anneal-3730-nested-parallelism-budget-2026-09-29,support/work/lean-o4-i2/u0/Proof.lean,61,741b082df5ded226d139669c1d166e42b4e082d60a03d4dbac14c5828f4fed52,utf8,3 lines
anneal-3730-nested-parallelism-budget-2026-09-29,support/work/lean-o4-i2/u1/Proof.lean,61,741b082df5ded226d139669c1d166e42b4e082d60a03d4dbac14c5828f4fed52,utf8,3 lines
anneal-3730-nested-parallelism-budget-2026-09-29,support/work/lean-o4-i2/u2/Proof.lean,61,741b082df5ded226d139669c1d166e42b4e082d60a03d4dbac14c5828f4fed52,utf8,3 lines
anneal-3730-nested-parallelism-budget-2026-09-29,support/work/lean-o4-i2/u3/Proof.lean,61,741b082df5ded226d139669c1d166e42b4e082d60a03d4dbac14c5828f4fed52,utf8,3 lines
