inventory_id,cohort,original_report_md,original_report_json,coverage_status,source_matrices,source_relations,exact_source_review,execution_status
R003,Aeneas nightly-2026.06.03 + paired Charon (Lean 4.30.0-rc2 for output),reports/aeneas-architecture-translation-pipeline-nightly-2026-06-03/REPORT.md,reports/aeneas-architecture-translation-pipeline-nightly-2026-06-03/REPORT.json,exact_claim_source_review,reports/aeneas-compatible-bundle-source-drift-2026-09-30/support/claim-matrix-ebcdcad-169.csv,aeneas:direct_or_full_bundle,reports/aeneas-compatible-bundle-source-drift-2026-09-30/support/claim-matrix-ebcdcad-169.csv,source_only_no_new_runtime_or_package_execution
R004,Aeneas nightly-2026.06.03 + paired Charon (Lean 4.30.0-rc2 for output),reports/aeneas-charon-compatibility-nightly-2026-06-03/REPORT.md,reports/aeneas-charon-compatibility-nightly-2026-06-03/REPORT.json,exact_claim_source_review,reports/aeneas-compatible-bundle-source-drift-2026-09-30/support/claim-matrix-ebcdcad-169.csv,aeneas:direct_or_full_bundle,reports/aeneas-compatible-bundle-source-drift-2026-09-30/support/claim-matrix-ebcdcad-169.csv,source_only_no_new_runtime_or_package_execution
R005,Aeneas nightly-2026.06.03 + paired Charon (Lean 4.30.0-rc2 for output),reports/aeneas-concurrent-generation-determinism-nightly-2026-06-03/REPORT.md,reports/aeneas-concurrent-generation-determinism-nightly-2026-06-03/REPORT.json,exact_claim_source_review,reports/aeneas-compatible-bundle-source-drift-2026-09-30/support/claim-matrix-ebcdcad-169.csv,aeneas:direct_or_full_bundle,reports/aeneas-compatible-bundle-source-drift-2026-09-30/support/claim-matrix-ebcdcad-169.csv,source_only_no_new_runtime_or_package_execution
R006,Aeneas nightly-2026.06.03 + paired Charon (Lean 4.30.0-rc2 for output),reports/aeneas-external-models-nightly-2026-06-03/REPORT.md,reports/aeneas-external-models-nightly-2026-06-03/REPORT.json,exact_claim_source_review,reports/aeneas-compatible-bundle-source-drift-2026-09-30/support/claim-matrix-ebcdcad-169.csv,aeneas:direct_or_full_bundle,reports/aeneas-compatible-bundle-source-drift-2026-09-30/support/claim-matrix-ebcdcad-169.csv,source_only_no_new_runtime_or_package_execution
R007,Aeneas nightly-2026.06.03 + paired Charon (Lean 4.30.0-rc2 for output),reports/aeneas-extrinsic-termination-nightly-2026-06-03/REPORT.md,reports/aeneas-extrinsic-termination-nightly-2026-06-03/REPORT.json,exact_claim_source_review,reports/aeneas-compatible-bundle-source-drift-2026-09-30/support/claim-matrix-ebcdcad-169.csv,aeneas:direct_or_full_bundle,reports/aeneas-compatible-bundle-source-drift-2026-09-30/support/claim-matrix-ebcdcad-169.csv,source_only_no_new_runtime_or_package_execution
R009,Aeneas nightly-2026.06.03 + paired Charon (Lean 4.30.0-rc2 for output),reports/aeneas-generated-function-signatures-nightly-2026-06-03/REPORT.md,reports/aeneas-generated-function-signatures-nightly-2026-06-03/REPORT.json,exact_claim_source_review,reports/aeneas-compatible-bundle-source-drift-2026-09-30/support/claim-matrix-ebcdcad-169.csv,aeneas:direct_or_full_bundle,reports/aeneas-compatible-bundle-source-drift-2026-09-30/support/claim-matrix-ebcdcad-169.csv,source_only_no_new_runtime_or_package_execution
R010,Aeneas nightly-2026.06.03 + paired Charon (Lean 4.30.0-rc2 for output),reports/aeneas-generated-function-specifications-nightly-2026-06-03/REPORT.md,reports/aeneas-generated-function-specifications-nightly-2026-06-03/REPORT.json,exact_claim_source_review,reports/aeneas-compatible-bundle-source-drift-2026-09-30/support/claim-matrix-ebcdcad-169.csv,aeneas:direct_or_full_bundle,reports/aeneas-compatible-bundle-source-drift-2026-09-30/support/claim-matrix-ebcdcad-169.csv,source_only_no_new_runtime_or_package_execution
R011,Aeneas nightly-2026.06.03 + paired Charon (Lean 4.30.0-rc2 for output),reports/aeneas-generated-lean-stability-near-nightly-2026-06-03/REPORT.md,reports/aeneas-generated-lean-stability-near-nightly-2026-06-03/REPORT.json,exact_claim_source_review,reports/aeneas-compatible-bundle-source-drift-2026-09-30/support/claim-matrix-ebcdcad-169.csv,aeneas:direct_or_full_bundle,reports/aeneas-compatible-bundle-source-drift-2026-09-30/support/claim-matrix-ebcdcad-169.csv,source_only_no_new_runtime_or_package_execution
R012,Aeneas nightly-2026.06.03 + paired Charon (Lean 4.30.0-rc2 for output),reports/aeneas-generated-source-determinism-nightly-2026-06-03/REPORT.md,reports/aeneas-generated-source-determinism-nightly-2026-06-03/REPORT.json,exact_claim_source_review,reports/aeneas-compatible-bundle-source-drift-2026-09-30/support/claim-matrix-ebcdcad-169.csv,aeneas:direct_or_full_bundle,reports/aeneas-compatible-bundle-source-drift-2026-09-30/support/claim-matrix-ebcdcad-169.csv,source_only_no_new_runtime_or_package_execution
R013,Aeneas nightly-2026.06.03 + paired Charon (Lean 4.30.0-rc2 for output),reports/aeneas-generated-source-repeat-run-probe-nightly-2026-06-03/REPORT.md,reports/aeneas-generated-source-repeat-run-probe-nightly-2026-06-03/REPORT.json,exact_claim_source_review,reports/aeneas-compatible-bundle-source-drift-2026-09-30/support/claim-matrix-ebcdcad-169.csv,aeneas:direct_or_full_bundle,reports/aeneas-compatible-bundle-source-drift-2026-09-30/support/claim-matrix-ebcdcad-169.csv,source_only_no_new_runtime_or_package_execution
R014,Aeneas nightly-2026.06.03 + paired Charon (Lean 4.30.0-rc2 for output),reports/aeneas-incremental-translation-feasibility-nightly-2026-06-03/REPORT.md,reports/aeneas-incremental-translation-feasibility-nightly-2026-06-03/REPORT.json,exact_claim_source_review,reports/aeneas-compatible-bundle-source-drift-2026-09-30/support/claim-matrix-ebcdcad-169.csv,aeneas:direct_or_full_bundle,reports/aeneas-compatible-bundle-source-drift-2026-09-30/support/claim-matrix-ebcdcad-169.csv,source_only_no_new_runtime_or_package_execution
R015,Aeneas nightly-2026.06.03 + paired Charon (Lean 4.30.0-rc2 for output),reports/aeneas-infinite-diverging-execution-nightly-2026-06-03/REPORT.md,reports/aeneas-infinite-diverging-execution-nightly-2026-06-03/REPORT.json,exact_claim_source_review,reports/aeneas-compatible-bundle-source-drift-2026-09-30/support/claim-matrix-ebcdcad-169.csv,aeneas:direct_or_full_bundle,reports/aeneas-compatible-bundle-source-drift-2026-09-30/support/claim-matrix-ebcdcad-169.csv,source_only_no_new_runtime_or_package_execution
R016,Aeneas nightly-2026.06.03 + paired Charon (Lean 4.30.0-rc2 for output),reports/aeneas-lean-project-package-anatomy-nightly-2026-06-03/REPORT.md,reports/aeneas-lean-project-package-anatomy-nightly-2026-06-03/REPORT.json,exact_claim_source_review,reports/aeneas-compatible-bundle-source-drift-2026-09-30/support/claim-matrix-ebcdcad-169.csv,aeneas:direct_or_full_bundle,reports/aeneas-compatible-bundle-source-drift-2026-09-30/support/claim-matrix-ebcdcad-169.csv,source_only_no_new_runtime_or_package_execution
R017,Aeneas nightly-2026.06.03 + paired Charon (Lean 4.30.0-rc2 for output),reports/aeneas-library-process-architecture-nightly-2026-06-03/REPORT.md,reports/aeneas-library-process-architecture-nightly-2026-06-03/REPORT.json,exact_claim_source_review,reports/aeneas-compatible-bundle-source-drift-2026-09-30/support/claim-matrix-ebcdcad-169.csv,aeneas:direct_or_full_bundle,reports/aeneas-compatible-bundle-source-drift-2026-09-30/support/claim-matrix-ebcdcad-169.csv,source_only_no_new_runtime_or_package_execution
R018,Aeneas nightly-2026.06.03 + paired Charon (Lean 4.30.0-rc2 for output),reports/aeneas-loops-nightly-2026-06-03/REPORT.md,reports/aeneas-loops-nightly-2026-06-03/REPORT.json,exact_claim_source_review,reports/aeneas-compatible-bundle-source-drift-2026-09-30/support/claim-matrix-ebcdcad-169.csv,aeneas:direct_or_full_bundle,reports/aeneas-compatible-bundle-source-drift-2026-09-30/support/claim-matrix-ebcdcad-169.csv,source_only_no_new_runtime_or_package_execution
R019,Aeneas nightly-2026.06.03 + paired Charon (Lean 4.30.0-rc2 for output),reports/aeneas-nested-borrow-flaky-repro-nightly-2026-06-03/REPORT.md,reports/aeneas-nested-borrow-flaky-repro-nightly-2026-06-03/REPORT.json,exact_claim_source_review,reports/aeneas-compatible-bundle-source-drift-2026-09-30/support/claim-matrix-ebcdcad-169.csv,aeneas:direct_or_full_bundle,reports/aeneas-compatible-bundle-source-drift-2026-09-30/support/claim-matrix-ebcdcad-169.csv,source_only_no_new_runtime_or_package_execution
R020,Aeneas nightly-2026.06.03 + paired Charon (Lean 4.30.0-rc2 for output),reports/aeneas-panic-error-unwind-nightly-2026-06-03/REPORT.md,reports/aeneas-panic-error-unwind-nightly-2026-06-03/REPORT.json,exact_claim_source_review,reports/aeneas-compatible-bundle-source-drift-2026-09-30/support/claim-matrix-ebcdcad-169.csv,aeneas:direct_or_full_bundle,reports/aeneas-compatible-bundle-source-drift-2026-09-30/support/claim-matrix-ebcdcad-169.csv,source_only_no_new_runtime_or_package_execution
R021,Aeneas nightly-2026.06.03 + paired Charon (Lean 4.30.0-rc2 for output),reports/aeneas-partial-functions-nightly-2026-06-03/REPORT.md,reports/aeneas-partial-functions-nightly-2026-06-03/REPORT.json,exact_claim_source_review,reports/aeneas-compatible-bundle-source-drift-2026-09-30/support/claim-matrix-ebcdcad-169.csv,aeneas:direct_or_full_bundle,reports/aeneas-compatible-bundle-source-drift-2026-09-30/support/claim-matrix-ebcdcad-169.csv,source_only_no_new_runtime_or_package_execution
R022,Aeneas nightly-2026.06.03 + paired Charon (Lean 4.30.0-rc2 for output),reports/aeneas-post-monomorphization-errors-nightly-2026-06-03/REPORT.md,reports/aeneas-post-monomorphization-errors-nightly-2026-06-03/REPORT.json,exact_claim_source_review,reports/aeneas-compatible-bundle-source-drift-2026-09-30/support/claim-matrix-ebcdcad-169.csv,aeneas:direct_or_full_bundle,reports/aeneas-compatible-bundle-source-drift-2026-09-30/support/claim-matrix-ebcdcad-169.csv,source_only_no_new_runtime_or_package_execution
R023,Aeneas nightly-2026.06.03 + paired Charon (Lean 4.30.0-rc2 for output),reports/aeneas-raw-pointers-nightly-2026-06-03/REPORT.md,reports/aeneas-raw-pointers-nightly-2026-06-03/REPORT.json,exact_claim_source_review,reports/aeneas-compatible-bundle-source-drift-2026-09-30/support/claim-matrix-ebcdcad-169.csv,aeneas:direct_or_full_bundle,reports/aeneas-compatible-bundle-source-drift-2026-09-30/support/claim-matrix-ebcdcad-169.csv,source_only_no_new_runtime_or_package_execution
R024,Aeneas nightly-2026.06.03 + paired Charon (Lean 4.30.0-rc2 for output),reports/aeneas-recursion-termination-nightly-2026-06-03/REPORT.md,reports/aeneas-recursion-termination-nightly-2026-06-03/REPORT.json,exact_claim_source_review,reports/aeneas-compatible-bundle-source-drift-2026-09-30/support/claim-matrix-ebcdcad-169.csv,aeneas:direct_or_full_bundle,reports/aeneas-compatible-bundle-source-drift-2026-09-30/support/claim-matrix-ebcdcad-169.csv,source_only_no_new_runtime_or_package_execution
R025,Aeneas nightly-2026.06.03 + paired Charon (Lean 4.30.0-rc2 for output),reports/aeneas-release-archive-anatomy-nightly-2026-06-03/REPORT.md,reports/aeneas-release-archive-anatomy-nightly-2026-06-03/REPORT.json,exact_claim_source_review,reports/aeneas-compatible-bundle-source-drift-2026-09-30/support/claim-matrix-ebcdcad-169.csv,aeneas:direct_or_full_bundle,reports/aeneas-compatible-bundle-source-drift-2026-09-30/support/claim-matrix-ebcdcad-169.csv,source_only_no_new_runtime_or_package_execution
R026,Aeneas nightly-2026.06.03 + paired Charon (Lean 4.30.0-rc2 for output),reports/aeneas-release-upgrade-checklist-nightly-2026-06-03/REPORT.md,reports/aeneas-release-upgrade-checklist-nightly-2026-06-03/REPORT.json,exact_claim_source_review,reports/aeneas-compatible-bundle-source-drift-2026-09-30/support/claim-matrix-ebcdcad-169.csv,aeneas:direct_or_full_bundle,reports/aeneas-compatible-bundle-source-drift-2026-09-30/support/claim-matrix-ebcdcad-169.csv,source_only_no_new_runtime_or_package_execution
R027,Aeneas nightly-2026.06.03 + paired Charon (Lean 4.30.0-rc2 for output),reports/aeneas-resource-semantics-nightly-2026-06-03/REPORT.md,reports/aeneas-resource-semantics-nightly-2026-06-03/REPORT.json,exact_claim_source_review,reports/aeneas-compatible-bundle-source-drift-2026-09-30/support/claim-matrix-ebcdcad-169.csv,aeneas:direct_or_full_bundle,reports/aeneas-compatible-bundle-source-drift-2026-09-30/support/claim-matrix-ebcdcad-169.csv,source_only_no_new_runtime_or_package_execution
R028,Aeneas nightly-2026.06.03 + paired Charon (Lean 4.30.0-rc2 for output),reports/aeneas-rust-comment-preservation-nightly-2026-06-03/REPORT.md,reports/aeneas-rust-comment-preservation-nightly-2026-06-03/REPORT.json,exact_claim_source_review,reports/aeneas-compatible-bundle-source-drift-2026-09-30/support/claim-matrix-ebcdcad-169.csv,aeneas:direct_or_full_bundle,reports/aeneas-compatible-bundle-source-drift-2026-09-30/support/claim-matrix-ebcdcad-169.csv,source_only_no_new_runtime_or_package_execution
R029,Aeneas nightly-2026.06.03 + paired Charon (Lean 4.30.0-rc2 for output),reports/aeneas-rust-lean-naming-nightly-2026-06-03/REPORT.md,reports/aeneas-rust-lean-naming-nightly-2026-06-03/REPORT.json,exact_claim_source_review,reports/aeneas-compatible-bundle-source-drift-2026-09-30/support/claim-matrix-ebcdcad-169.csv,aeneas:direct_or_full_bundle,reports/aeneas-compatible-bundle-source-drift-2026-09-30/support/claim-matrix-ebcdcad-169.csv,source_only_no_new_runtime_or_package_execution
R030,Aeneas nightly-2026.06.03 + paired Charon (Lean 4.30.0-rc2 for output),reports/aeneas-rust-support-failure-matrix-nightly-2026-06-03/REPORT.md,reports/aeneas-rust-support-failure-matrix-nightly-2026-06-03/REPORT.json,exact_claim_source_review,reports/aeneas-compatible-bundle-source-drift-2026-09-30/support/claim-matrix-ebcdcad-169.csv,aeneas:direct_or_full_bundle,reports/aeneas-compatible-bundle-source-drift-2026-09-30/support/claim-matrix-ebcdcad-169.csv,source_only_no_new_runtime_or_package_execution
R031,Aeneas nightly-2026.06.03 + paired Charon (Lean 4.30.0-rc2 for output),reports/aeneas-rust-to-lean-translation-nightly-2026-06-03/REPORT.md,reports/aeneas-rust-to-lean-translation-nightly-2026-06-03/REPORT.json,exact_claim_source_review,reports/aeneas-compatible-bundle-source-drift-2026-09-30/support/claim-matrix-ebcdcad-169.csv,aeneas:direct_or_full_bundle,reports/aeneas-compatible-bundle-source-drift-2026-09-30/support/claim-matrix-ebcdcad-169.csv,source_only_no_new_runtime_or_package_execution
R032,Aeneas nightly-2026.06.03 + paired Charon (Lean 4.30.0-rc2 for output),reports/aeneas-rust-type-shapes-nightly-2026-06-03/REPORT.md,reports/aeneas-rust-type-shapes-nightly-2026-06-03/REPORT.json,exact_claim_source_review,reports/aeneas-compatible-bundle-source-drift-2026-09-30/support/claim-matrix-ebcdcad-169.csv,aeneas:direct_or_full_bundle,reports/aeneas-compatible-bundle-source-drift-2026-09-30/support/claim-matrix-ebcdcad-169.csv,source_only_no_new_runtime_or_package_execution
R033,Aeneas nightly-2026.06.03 + paired Charon (Lean 4.30.0-rc2 for output),reports/aeneas-semantic-omissions-unsafe-rust-nightly-2026-06-03/REPORT.md,reports/aeneas-semantic-omissions-unsafe-rust-nightly-2026-06-03/REPORT.json,exact_claim_source_review,reports/aeneas-compatible-bundle-source-drift-2026-09-30/support/claim-matrix-ebcdcad-169.csv,aeneas:direct_or_full_bundle,reports/aeneas-compatible-bundle-source-drift-2026-09-30/support/claim-matrix-ebcdcad-169.csv,source_only_no_new_runtime_or_package_execution
R035,Aeneas nightly-2026.06.03 + paired Charon (Lean 4.30.0-rc2 for output),reports/aeneas-trait-translation-nightly-2026-06-03/REPORT.md,reports/aeneas-trait-translation-nightly-2026-06-03/REPORT.json,exact_claim_source_review,reports/aeneas-compatible-bundle-source-drift-2026-09-30/support/claim-matrix-ebcdcad-169.csv,aeneas:direct_or_full_bundle,reports/aeneas-compatible-bundle-source-drift-2026-09-30/support/claim-matrix-ebcdcad-169.csv,source_only_no_new_runtime_or_package_execution
R036,Aeneas nightly-2026.06.03 + paired Charon (Lean 4.30.0-rc2 for output),reports/aeneas-translation-correctness-obligations-nightly-2026-06-03/REPORT.md,reports/aeneas-translation-correctness-obligations-nightly-2026-06-03/REPORT.json,exact_claim_source_review,reports/aeneas-compatible-bundle-source-drift-2026-09-30/support/claim-matrix-ebcdcad-169.csv,aeneas:direct_or_full_bundle,reports/aeneas-compatible-bundle-source-drift-2026-09-30/support/claim-matrix-ebcdcad-169.csv,source_only_no_new_runtime_or_package_execution
R037,Aeneas nightly-2026.06.03 + paired Charon (Lean 4.30.0-rc2 for output),reports/aeneas-trusted-base-nightly-2026-06-03/REPORT.md,reports/aeneas-trusted-base-nightly-2026-06-03/REPORT.json,exact_claim_source_review,reports/aeneas-compatible-bundle-source-drift-2026-09-30/support/claim-matrix-ebcdcad-169.csv,aeneas:direct_or_full_bundle,reports/aeneas-compatible-bundle-source-drift-2026-09-30/support/claim-matrix-ebcdcad-169.csv,source_only_no_new_runtime_or_package_execution
R038,Aeneas nightly-2026.06.03 + paired Charon (Lean 4.30.0-rc2 for output),reports/aeneas-type-alias-handling-nightly-2026-06-03/REPORT.md,reports/aeneas-type-alias-handling-nightly-2026-06-03/REPORT.json,exact_claim_source_review,reports/aeneas-compatible-bundle-source-drift-2026-09-30/support/claim-matrix-ebcdcad-169.csv,aeneas:direct_or_full_bundle,reports/aeneas-compatible-bundle-source-drift-2026-09-30/support/claim-matrix-ebcdcad-169.csv,source_only_no_new_runtime_or_package_execution
R039,Aeneas nightly-2026.06.03 + paired Charon (Lean 4.30.0-rc2 for output),reports/aeneas-wp-proof-tools-nightly-2026-06-03/REPORT.md,reports/aeneas-wp-proof-tools-nightly-2026-06-03/REPORT.json,exact_claim_source_review,reports/aeneas-compatible-bundle-source-drift-2026-09-30/support/claim-matrix-ebcdcad-169.csv,aeneas:direct_or_full_bundle,reports/aeneas-compatible-bundle-source-drift-2026-09-30/support/claim-matrix-ebcdcad-169.csv,source_only_no_new_runtime_or_package_execution
R112,June 2026 Rust→Charon→Aeneas→Lean 4.30.0-rc2 bundle,reports/anneal-3730-acceptance-oracle-matrix-2026-09-29/REPORT.md,reports/anneal-3730-acceptance-oracle-matrix-2026-09-29/REPORT.json,exact_claim_source_review,reports/aeneas-compatible-bundle-source-drift-2026-09-30/support/claim-matrix-ebcdcad-169.csv,aeneas:direct_or_full_bundle,reports/aeneas-compatible-bundle-source-drift-2026-09-30/support/claim-matrix-ebcdcad-169.csv,source_only_no_new_runtime_or_package_execution
R113,June 2026 Rust→Charon→Aeneas→Lean 4.30.0-rc2 bundle,reports/anneal-3730-aeneas-handoff-memory-vs-files-2026-09-29/REPORT.md,reports/anneal-3730-aeneas-handoff-memory-vs-files-2026-09-29/REPORT.json,exact_claim_source_review,reports/aeneas-compatible-bundle-source-drift-2026-09-30/support/claim-matrix-ebcdcad-169.csv,aeneas:direct_or_full_bundle,reports/aeneas-compatible-bundle-source-drift-2026-09-30/support/claim-matrix-ebcdcad-169.csv,source_only_no_new_runtime_or_package_execution
R114,June 2026 Rust→Charon→Aeneas→Lean 4.30.0-rc2 bundle,reports/anneal-3730-aeneas-identity-manifest-2026-09-29/REPORT.md,reports/anneal-3730-aeneas-identity-manifest-2026-09-29/REPORT.json,exact_claim_source_review,reports/aeneas-compatible-bundle-source-drift-2026-09-30/support/claim-matrix-ebcdcad-169.csv,aeneas:direct_or_full_bundle,reports/aeneas-compatible-bundle-source-drift-2026-09-30/support/claim-matrix-ebcdcad-169.csv,source_only_no_new_runtime_or_package_execution
R115,June 2026 Rust→Charon→Aeneas→Lean 4.30.0-rc2 bundle,reports/anneal-3730-aeneas-manifest-batch-oracle-2026-09-29/REPORT.md,reports/anneal-3730-aeneas-manifest-batch-oracle-2026-09-29/REPORT.json,exact_claim_source_review,reports/aeneas-compatible-bundle-source-drift-2026-09-30/support/claim-matrix-ebcdcad-169.csv,aeneas:direct_or_full_bundle,reports/aeneas-compatible-bundle-source-drift-2026-09-30/support/claim-matrix-ebcdcad-169.csv,source_only_no_new_runtime_or_package_execution
R116,June 2026 Rust→Charon→Aeneas→Lean 4.30.0-rc2 bundle,reports/anneal-3730-aeneas-namespace-move-proof-context-2026-09-29/REPORT.md,reports/anneal-3730-aeneas-namespace-move-proof-context-2026-09-29/REPORT.json,exact_claim_source_review,reports/aeneas-compatible-bundle-source-drift-2026-09-30/support/claim-matrix-ebcdcad-169.csv,aeneas:direct_or_full_bundle,reports/aeneas-compatible-bundle-source-drift-2026-09-30/support/claim-matrix-ebcdcad-169.csv,source_only_no_new_runtime_or_package_execution
R117,June 2026 Rust→Charon→Aeneas→Lean 4.30.0-rc2 bundle,reports/anneal-3730-aeneas-process-contract-2026-09-29/REPORT.md,reports/anneal-3730-aeneas-process-contract-2026-09-29/REPORT.json,exact_claim_source_review,reports/aeneas-compatible-bundle-source-drift-2026-09-30/support/claim-matrix-ebcdcad-169.csv,aeneas:direct_or_full_bundle,reports/aeneas-compatible-bundle-source-drift-2026-09-30/support/claim-matrix-ebcdcad-169.csv,source_only_no_new_runtime_or_package_execution
R118,June 2026 Rust→Charon→Aeneas→Lean 4.30.0-rc2 bundle,reports/anneal-3730-aeneas-restricted-reuse-2026-09-29/REPORT.md,reports/anneal-3730-aeneas-restricted-reuse-2026-09-29/REPORT.json,exact_claim_source_review,reports/aeneas-compatible-bundle-source-drift-2026-09-30/support/claim-matrix-ebcdcad-169.csv,aeneas:direct_or_full_bundle,reports/aeneas-compatible-bundle-source-drift-2026-09-30/support/claim-matrix-ebcdcad-169.csv,source_only_no_new_runtime_or_package_execution
R119,June 2026 Rust→Charon→Aeneas→Lean 4.30.0-rc2 bundle,reports/anneal-3730-aeneas-trait-output-shrink-matrix-2026-09-29/REPORT.md,reports/anneal-3730-aeneas-trait-output-shrink-matrix-2026-09-29/REPORT.json,exact_claim_source_review,reports/aeneas-compatible-bundle-source-drift-2026-09-30/support/claim-matrix-ebcdcad-169.csv,aeneas:direct_or_full_bundle,reports/aeneas-compatible-bundle-source-drift-2026-09-30/support/claim-matrix-ebcdcad-169.csv,source_only_no_new_runtime_or_package_execution
R120,June 2026 Rust→Charon→Aeneas→Lean 4.30.0-rc2 bundle,reports/anneal-3730-agent-workflow-evaluation-v4-30-0-rc2/REPORT.md,reports/anneal-3730-agent-workflow-evaluation-v4-30-0-rc2/REPORT.json,contextual_or_paired_component_only,reports/aeneas-compatible-bundle-source-drift-2026-09-30/support/claim-matrix-ebcdcad-169.csv,aeneas:context_only,,source_only_no_new_runtime_or_package_execution
R121,June 2026 Rust→Charon→Aeneas→Lean 4.30.0-rc2 bundle,reports/anneal-3730-annotation-gap-probes-2026-09-29/REPORT.md,reports/anneal-3730-annotation-gap-probes-2026-09-29/REPORT.json,contextual_or_paired_component_only,reports/aeneas-compatible-bundle-source-drift-2026-09-30/support/claim-matrix-ebcdcad-169.csv,aeneas:context_only,,source_only_no_new_runtime_or_package_execution
R122,June 2026 Rust→Charon→Aeneas→Lean 4.30.0-rc2 bundle,reports/anneal-3730-annotation-subject-boundary-matrix-2026-09-29/REPORT.md,reports/anneal-3730-annotation-subject-boundary-matrix-2026-09-29/REPORT.json,contextual_or_paired_component_only,reports/aeneas-compatible-bundle-source-drift-2026-09-30/support/claim-matrix-ebcdcad-169.csv,aeneas:context_only,,source_only_no_new_runtime_or_package_execution
R125,Lean/Lake v4.30.0-rc2,reports/anneal-3730-c03-proof-resend-refresh-2026-09-29/REPORT.md,reports/anneal-3730-c03-proof-resend-refresh-2026-09-29/REPORT.json,exact_claim_source_review,reports/lean-lake-430rc2-to-4341-source-review-2026-09-30/support/frozen-cohort.csv,lean:cohort_row,reports/lean-lake-430rc2-to-4341-source-review-2026-09-30/support/frozen-cohort.csv,source_only_no_new_runtime_or_package_execution
R126,June 2026 Rust→Charon→Aeneas→Lean 4.30.0-rc2 bundle,reports/anneal-3730-charon-aeneas-boundary-2026-09-29/REPORT.md,reports/anneal-3730-charon-aeneas-boundary-2026-09-29/REPORT.json,exact_claim_source_review,reports/aeneas-compatible-bundle-source-drift-2026-09-30/support/claim-matrix-ebcdcad-169.csv,aeneas:direct_or_full_bundle,reports/aeneas-compatible-bundle-source-drift-2026-09-30/support/claim-matrix-ebcdcad-169.csv,source_only_no_new_runtime_or_package_execution
R127,Charon 0.1.210 + Rust/Cargo nightly-2026-05-31,reports/anneal-3730-charon-build-closure-control-2026-09-29/REPORT.md,reports/anneal-3730-charon-build-closure-control-2026-09-29/REPORT.json,exact_claim_source_review,reports/charon-0-1-210-to-nightly-2026-09-30-source-review/support/frozen-cohort.csv,charon:cohort_row,reports/charon-0-1-210-to-nightly-2026-09-30-source-review/support/frozen-cohort.csv,source_only_no_new_runtime_or_package_execution
R128,Charon 0.1.210 + Rust/Cargo nightly-2026-05-31,reports/anneal-3730-charon-concurrency-interruption-2026-09-29/REPORT.md,reports/anneal-3730-charon-concurrency-interruption-2026-09-29/REPORT.json,exact_claim_source_review,reports/charon-0-1-210-to-nightly-2026-09-30-source-review/support/frozen-cohort.csv,charon:cohort_row,reports/charon-0-1-210-to-nightly-2026-09-30-source-review/support/frozen-cohort.csv,source_only_no_new_runtime_or_package_execution
R129,Charon 0.1.210 + Rust/Cargo nightly-2026-05-31,reports/anneal-3730-charon-scaling-subject-closure-2026-09-29/REPORT.md,reports/anneal-3730-charon-scaling-subject-closure-2026-09-29/REPORT.json,exact_claim_source_review,reports/charon-0-1-210-to-nightly-2026-09-30-source-review/support/frozen-cohort.csv,charon:cohort_row,reports/charon-0-1-210-to-nightly-2026-09-30-source-review/support/frozen-cohort.csv,source_only_no_new_runtime_or_package_execution
R130,June 2026 Rust→Charon→Aeneas→Lean 4.30.0-rc2 bundle,reports/anneal-3730-charon-shortname-aeneas-impact-2026-09-29/REPORT.md,reports/anneal-3730-charon-shortname-aeneas-impact-2026-09-29/REPORT.json,exact_claim_source_review,reports/aeneas-compatible-bundle-source-drift-2026-09-30/support/claim-matrix-ebcdcad-169.csv,aeneas:direct_or_full_bundle,reports/aeneas-compatible-bundle-source-drift-2026-09-30/support/claim-matrix-ebcdcad-169.csv,source_only_no_new_runtime_or_package_execution
R131,Charon 0.1.210 + Rust/Cargo nightly-2026-05-31,reports/anneal-3730-charon-subject-identity-2026-09-29/REPORT.md,reports/anneal-3730-charon-subject-identity-2026-09-29/REPORT.json,exact_claim_source_review,reports/charon-0-1-210-to-nightly-2026-09-30-source-review/support/frozen-cohort.csv,charon:cohort_row,reports/charon-0-1-210-to-nightly-2026-09-30-source-review/support/frozen-cohort.csv,source_only_no_new_runtime_or_package_execution
R132,Charon 0.1.210 + Rust/Cargo nightly-2026-05-31,reports/anneal-3730-charon-subject-output-phase-matrix-2026-09-29/REPORT.md,reports/anneal-3730-charon-subject-output-phase-matrix-2026-09-29/REPORT.json,exact_claim_source_review,reports/charon-0-1-210-to-nightly-2026-09-30-source-review/support/frozen-cohort.csv,charon:cohort_row,reports/charon-0-1-210-to-nightly-2026-09-30-source-review/support/frozen-cohort.csv,source_only_no_new_runtime_or_package_execution
R133,Charon 0.1.210 + Rust/Cargo nightly-2026-05-31,reports/anneal-3730-charon-warm-noop-byte-diff-2026-09-29/REPORT.md,reports/anneal-3730-charon-warm-noop-byte-diff-2026-09-29/REPORT.json,exact_claim_source_review,reports/charon-0-1-210-to-nightly-2026-09-30-source-review/support/frozen-cohort.csv,charon:cohort_row,reports/charon-0-1-210-to-nightly-2026-09-30-source-review/support/frozen-cohort.csv,source_only_no_new_runtime_or_package_execution
R134,Charon 0.1.210 + Rust/Cargo nightly-2026-05-31,reports/anneal-3730-charon-warm-target-controls-2026-09-29/REPORT.md,reports/anneal-3730-charon-warm-target-controls-2026-09-29/REPORT.json,exact_claim_source_review,reports/charon-0-1-210-to-nightly-2026-09-30-source-review/support/frozen-cohort.csv,charon:cohort_row,reports/charon-0-1-210-to-nightly-2026-09-30-source-review/support/frozen-cohort.csv,source_only_no_new_runtime_or_package_execution
R135,Lean/Lake v4.30.0-rc2,reports/anneal-3730-claim-relative-import-taint-2026-09-29/REPORT.md,reports/anneal-3730-claim-relative-import-taint-2026-09-29/REPORT.json,exact_claim_source_review,reports/lean-lake-430rc2-to-4341-source-review-2026-09-30/support/frozen-cohort.csv,lean:cohort_row,reports/lean-lake-430rc2-to-4341-source-review-2026-09-30/support/frozen-cohort.csv,source_only_no_new_runtime_or_package_execution
R136,June 2026 Rust→Charon→Aeneas→Lean 4.30.0-rc2 bundle,reports/anneal-3730-cli-graceful-cancel-signals-2026-09-29/REPORT.md,reports/anneal-3730-cli-graceful-cancel-signals-2026-09-29/REPORT.json,contextual_or_paired_component_only,reports/aeneas-compatible-bundle-source-drift-2026-09-30/support/claim-matrix-ebcdcad-169.csv,aeneas:context_only,,source_only_no_new_runtime_or_package_execution
R137,June 2026 Rust→Charon→Aeneas→Lean 4.30.0-rc2 bundle,reports/anneal-3730-combined-pipeline-concurrency-2026-09-29/REPORT.md,reports/anneal-3730-combined-pipeline-concurrency-2026-09-29/REPORT.json,exact_claim_source_review,reports/aeneas-compatible-bundle-source-drift-2026-09-30/support/claim-matrix-ebcdcad-169.csv,aeneas:direct_or_full_bundle,reports/aeneas-compatible-bundle-source-drift-2026-09-30/support/claim-matrix-ebcdcad-169.csv,source_only_no_new_runtime_or_package_execution
R139,June 2026 Rust→Charon→Aeneas→Lean 4.30.0-rc2 bundle,reports/anneal-3730-cross-layer-comparator-mutants-2026-09-29/REPORT.md,reports/anneal-3730-cross-layer-comparator-mutants-2026-09-29/REPORT.json,contextual_or_paired_component_only,reports/aeneas-compatible-bundle-source-drift-2026-09-30/support/claim-matrix-ebcdcad-169.csv,aeneas:context_only,,source_only_no_new_runtime_or_package_execution
R140,June 2026 Rust→Charon→Aeneas→Lean 4.30.0-rc2 bundle,reports/anneal-3730-cross-tool-active-cancellation-barriers-2026-09-29/REPORT.md,reports/anneal-3730-cross-tool-active-cancellation-barriers-2026-09-29/REPORT.json,contextual_or_paired_component_only,reports/aeneas-compatible-bundle-source-drift-2026-09-30/support/claim-matrix-ebcdcad-169.csv,aeneas:context_only,,source_only_no_new_runtime_or_package_execution
R141,June 2026 Rust→Charon→Aeneas→Lean 4.30.0-rc2 bundle,reports/anneal-3730-cross-tool-provenance-2026-09-29/REPORT.md,reports/anneal-3730-cross-tool-provenance-2026-09-29/REPORT.json,exact_claim_source_review,reports/aeneas-compatible-bundle-source-drift-2026-09-30/support/claim-matrix-ebcdcad-169.csv,aeneas:direct_or_full_bundle,reports/aeneas-compatible-bundle-source-drift-2026-09-30/support/claim-matrix-ebcdcad-169.csv,source_only_no_new_runtime_or_package_execution
R142,June 2026 Rust→Charon→Aeneas→Lean 4.30.0-rc2 bundle,reports/anneal-3730-cross-tool-stage-cancellation-cleanup-2026-09-29/REPORT.md,reports/anneal-3730-cross-tool-stage-cancellation-cleanup-2026-09-29/REPORT.json,contextual_or_paired_component_only,reports/aeneas-compatible-bundle-source-drift-2026-09-30/support/claim-matrix-ebcdcad-169.csv,aeneas:paired_component,,source_only_no_new_runtime_or_package_execution
R143,Lean/Lake v4.30.0-rc2,reports/anneal-3730-document-context-v4-30-0-rc2/REPORT.md,reports/anneal-3730-document-context-v4-30-0-rc2/REPORT.json,exact_claim_source_review,reports/lean-lake-430rc2-to-4341-source-review-2026-09-30/support/frozen-cohort.csv,lean:cohort_row,reports/lean-lake-430rc2-to-4341-source-review-2026-09-30/support/frozen-cohort.csv,source_only_no_new_runtime_or_package_execution
R144,Lean/Lake v4.30.0-rc2,reports/anneal-3730-editor-mcp-shadow-authority-v4-30-0-rc2/REPORT.md,reports/anneal-3730-editor-mcp-shadow-authority-v4-30-0-rc2/REPORT.json,exact_claim_source_review,reports/lean-lake-430rc2-to-4341-source-review-2026-09-30/support/frozen-cohort.csv,lean:cohort_row,reports/lean-lake-430rc2-to-4341-source-review-2026-09-30/support/frozen-cohort.csv,source_only_no_new_runtime_or_package_execution
R145,Lean/Lake v4.30.0-rc2,reports/anneal-3730-editor-save-format-watch-loop-2026-09-29/REPORT.md,reports/anneal-3730-editor-save-format-watch-loop-2026-09-29/REPORT.json,exact_claim_source_review,reports/lean-lake-430rc2-to-4341-source-review-2026-09-30/support/frozen-cohort.csv,lean:cohort_row,reports/lean-lake-430rc2-to-4341-source-review-2026-09-30/support/frozen-cohort.csv,source_only_no_new_runtime_or_package_execution
R146,Lean/Lake v4.30.0-rc2,reports/anneal-3730-eight-proof-live-stale-oracle-fanout-2026-09-29/REPORT.md,reports/anneal-3730-eight-proof-live-stale-oracle-fanout-2026-09-29/REPORT.json,exact_claim_source_review,reports/lean-lake-430rc2-to-4341-source-review-2026-09-30/support/frozen-cohort.csv,lean:cohort_row,reports/lean-lake-430rc2-to-4341-source-review-2026-09-30/support/frozen-cohort.csv,source_only_no_new_runtime_or_package_execution
R147,June 2026 Rust→Charon→Aeneas→Lean 4.30.0-rc2 bundle,reports/anneal-3730-external-model-without-codegen-change-2026-09-29/REPORT.md,reports/anneal-3730-external-model-without-codegen-change-2026-09-29/REPORT.json,exact_claim_source_review,reports/aeneas-compatible-bundle-source-drift-2026-09-30/support/claim-matrix-ebcdcad-169.csv,aeneas:direct_or_full_bundle,reports/aeneas-compatible-bundle-source-drift-2026-09-30/support/claim-matrix-ebcdcad-169.csv,source_only_no_new_runtime_or_package_execution
R148,Lean/Lake v4.30.0-rc2,reports/anneal-3730-f15-final-versus-moved-lake-2026-09-29/REPORT.md,reports/anneal-3730-f15-final-versus-moved-lake-2026-09-29/REPORT.json,exact_claim_source_review,reports/lean-lake-430rc2-to-4341-source-review-2026-09-30/support/frozen-cohort.csv,lean:cohort_row,reports/lean-lake-430rc2-to-4341-source-review-2026-09-30/support/frozen-cohort.csv,source_only_no_new_runtime_or_package_execution
R150,June 2026 Rust→Charon→Aeneas→Lean 4.30.0-rc2 bundle,reports/anneal-3730-filesystem-sharing-apfs-v4-30-0-rc2/REPORT.md,reports/anneal-3730-filesystem-sharing-apfs-v4-30-0-rc2/REPORT.json,contextual_or_paired_component_only,reports/aeneas-compatible-bundle-source-drift-2026-09-30/support/claim-matrix-ebcdcad-169.csv,aeneas:context_only,,source_only_no_new_runtime_or_package_execution
R153,Lean/Lake v4.30.0-rc2,reports/anneal-3730-full-lake-server-chain-2026-09-29/REPORT.md,reports/anneal-3730-full-lake-server-chain-2026-09-29/REPORT.json,exact_claim_source_review,reports/aeneas-compatible-bundle-source-drift-2026-09-30/support/claim-matrix-ebcdcad-169.csv;reports/lean-lake-430rc2-to-4341-source-review-2026-09-30/support/frozen-cohort.csv,aeneas:paired_component;lean:cohort_row,reports/lean-lake-430rc2-to-4341-source-review-2026-09-30/support/frozen-cohort.csv,source_only_no_new_runtime_or_package_execution
R154,Lean/Lake v4.30.0-rc2,reports/anneal-3730-generated-history-retention-economics-2026-09-29/REPORT.md,reports/anneal-3730-generated-history-retention-economics-2026-09-29/REPORT.json,exact_claim_source_review,reports/aeneas-compatible-bundle-source-drift-2026-09-30/support/claim-matrix-ebcdcad-169.csv;reports/lean-lake-430rc2-to-4341-source-review-2026-09-30/support/frozen-cohort.csv,aeneas:context_only;lean:cohort_row,reports/lean-lake-430rc2-to-4341-source-review-2026-09-30/support/frozen-cohort.csv,source_only_no_new_runtime_or_package_execution
R155,Lean/Lake v4.30.0-rc2,reports/anneal-3730-generated-lean-canonical-source-challenge-2026-09-29/REPORT.md,reports/anneal-3730-generated-lean-canonical-source-challenge-2026-09-29/REPORT.json,exact_claim_source_review,reports/lean-lake-430rc2-to-4341-source-review-2026-09-30/support/frozen-cohort.csv,lean:cohort_row,reports/lean-lake-430rc2-to-4341-source-review-2026-09-30/support/frozen-cohort.csv,source_only_no_new_runtime_or_package_execution
R157,June 2026 Rust→Charon→Aeneas→Lean 4.30.0-rc2 bundle,reports/anneal-3730-h08-project-switch-router-v4-30-0-rc2/REPORT.md,reports/anneal-3730-h08-project-switch-router-v4-30-0-rc2/REPORT.json,contextual_or_paired_component_only,reports/aeneas-compatible-bundle-source-drift-2026-09-30/support/claim-matrix-ebcdcad-169.csv,aeneas:context_only,,source_only_no_new_runtime_or_package_execution
R158,Lean/Lake v4.30.0-rc2,reports/anneal-3730-h09-lsp-to-upstream-cancellation-boundaries-2026-09-29/REPORT.md,reports/anneal-3730-h09-lsp-to-upstream-cancellation-boundaries-2026-09-29/REPORT.json,exact_claim_source_review,reports/lean-lake-430rc2-to-4341-source-review-2026-09-30/support/frozen-cohort.csv,lean:cohort_row,reports/lean-lake-430rc2-to-4341-source-review-2026-09-30/support/frozen-cohort.csv,source_only_no_new_runtime_or_package_execution
R161,Lean/Lake v4.30.0-rc2,reports/anneal-3730-imported-instance-notation-worker-split-v4-30-0-rc2/REPORT.md,reports/anneal-3730-imported-instance-notation-worker-split-v4-30-0-rc2/REPORT.json,exact_claim_source_review,reports/lean-lake-430rc2-to-4341-source-review-2026-09-30/support/frozen-cohort.csv,lean:cohort_row,reports/lean-lake-430rc2-to-4341-source-review-2026-09-30/support/frozen-cohort.csv,source_only_no_new_runtime_or_package_execution
R162,June 2026 Rust→Charon→Aeneas→Lean 4.30.0-rc2 bundle,reports/anneal-3730-independent-vertical-reproduction-2026-09-29/REPORT.md,reports/anneal-3730-independent-vertical-reproduction-2026-09-29/REPORT.json,exact_claim_source_review,reports/aeneas-compatible-bundle-source-drift-2026-09-30/support/claim-matrix-ebcdcad-169.csv,aeneas:direct_or_full_bundle,reports/aeneas-compatible-bundle-source-drift-2026-09-30/support/claim-matrix-ebcdcad-169.csv,source_only_no_new_runtime_or_package_execution
R163,Lean/Lake v4.30.0-rc2,reports/anneal-3730-lake-cache-publication-atomicity-2026-09-29/REPORT.md,reports/anneal-3730-lake-cache-publication-atomicity-2026-09-29/REPORT.json,exact_claim_source_review,reports/lean-lake-430rc2-to-4341-source-review-2026-09-30/support/frozen-cohort.csv,lean:cohort_row,reports/lean-lake-430rc2-to-4341-source-review-2026-09-30/support/frozen-cohort.csv,source_only_no_new_runtime_or_package_execution
R164,Lean/Lake v4.30.0-rc2,reports/anneal-3730-lake-concurrency-preparation-v4-30-0-rc2/REPORT.md,reports/anneal-3730-lake-concurrency-preparation-v4-30-0-rc2/REPORT.json,exact_claim_source_review,reports/lean-lake-430rc2-to-4341-source-review-2026-09-30/support/frozen-cohort.csv,lean:cohort_row,reports/lean-lake-430rc2-to-4341-source-review-2026-09-30/support/frozen-cohort.csv,source_only_no_new_runtime_or_package_execution
R165,Lean/Lake v4.30.0-rc2,reports/anneal-3730-lake-consumer-identity-observability-2026-09-29/REPORT.md,reports/anneal-3730-lake-consumer-identity-observability-2026-09-29/REPORT.json,exact_claim_source_review,reports/lean-lake-430rc2-to-4341-source-review-2026-09-30/support/frozen-cohort.csv,lean:cohort_row,reports/lean-lake-430rc2-to-4341-source-review-2026-09-30/support/frozen-cohort.csv,source_only_no_new_runtime_or_package_execution
R166,Lean/Lake v4.30.0-rc2,reports/anneal-3730-lake-dynamic-config-identity-2026-09-29/REPORT.md,reports/anneal-3730-lake-dynamic-config-identity-2026-09-29/REPORT.json,exact_claim_source_review,reports/lean-lake-430rc2-to-4341-source-review-2026-09-30/support/frozen-cohort.csv,lean:cohort_row,reports/lean-lake-430rc2-to-4341-source-review-2026-09-30/support/frozen-cohort.csv,source_only_no_new_runtime_or_package_execution
R167,Lean/Lake v4.30.0-rc2,reports/anneal-3730-lake-frozen-index-collision-2026-09-29/REPORT.md,reports/anneal-3730-lake-frozen-index-collision-2026-09-29/REPORT.json,exact_claim_source_review,reports/lean-lake-430rc2-to-4341-source-review-2026-09-30/support/frozen-cohort.csv,lean:cohort_row,reports/lean-lake-430rc2-to-4341-source-review-2026-09-30/support/frozen-cohort.csv,source_only_no_new_runtime_or_package_execution
R168,Lean/Lake v4.30.0-rc2,reports/anneal-3730-lake-identity-matrix-v4-30-0-rc2/REPORT.md,reports/anneal-3730-lake-identity-matrix-v4-30-0-rc2/REPORT.json,exact_claim_source_review,reports/lean-lake-430rc2-to-4341-source-review-2026-09-30/support/frozen-cohort.csv,lean:cohort_row,reports/lean-lake-430rc2-to-4341-source-review-2026-09-30/support/frozen-cohort.csv,source_only_no_new_runtime_or_package_execution
R169,Lean/Lake v4.30.0-rc2,reports/anneal-3730-lake-key-artifact-family-matrix-2026-09-29/REPORT.md,reports/anneal-3730-lake-key-artifact-family-matrix-2026-09-29/REPORT.json,exact_claim_source_review,reports/lean-lake-430rc2-to-4341-source-review-2026-09-30/support/frozen-cohort.csv,lean:cohort_row,reports/lean-lake-430rc2-to-4341-source-review-2026-09-30/support/frozen-cohort.csv,source_only_no_new_runtime_or_package_execution
R170,Lean/Lake v4.30.0-rc2,reports/anneal-3730-lake-plugin-artifact-identity-v4-30-0-rc2/REPORT.md,reports/anneal-3730-lake-plugin-artifact-identity-v4-30-0-rc2/REPORT.json,exact_claim_source_review,reports/lean-lake-430rc2-to-4341-source-review-2026-09-30/support/frozen-cohort.csv,lean:cohort_row,reports/lean-lake-430rc2-to-4341-source-review-2026-09-30/support/frozen-cohort.csv,source_only_no_new_runtime_or_package_execution
R171,Lean/Lake v4.30.0-rc2,reports/anneal-3730-lake-plugin-combined-family-mix-2026-09-29/REPORT.md,reports/anneal-3730-lake-plugin-combined-family-mix-2026-09-29/REPORT.json,exact_claim_source_review,reports/lean-lake-430rc2-to-4341-source-review-2026-09-30/support/frozen-cohort.csv,lean:cohort_row,reports/lean-lake-430rc2-to-4341-source-review-2026-09-30/support/frozen-cohort.csv,source_only_no_new_runtime_or_package_execution
R172,Lean/Lake v4.30.0-rc2,reports/anneal-3730-lake-prepared-contract-2026-09-29/REPORT.md,reports/anneal-3730-lake-prepared-contract-2026-09-29/REPORT.json,exact_claim_source_review,reports/lean-lake-430rc2-to-4341-source-review-2026-09-30/support/frozen-cohort.csv,lean:cohort_row,reports/lean-lake-430rc2-to-4341-source-review-2026-09-30/support/frozen-cohort.csv,source_only_no_new_runtime_or_package_execution
R173,Lean/Lake v4.30.0-rc2,reports/anneal-3730-lake-same-key-artifact-writers-2026-09-29/REPORT.md,reports/anneal-3730-lake-same-key-artifact-writers-2026-09-29/REPORT.json,exact_claim_source_review,reports/lean-lake-430rc2-to-4341-source-review-2026-09-30/support/frozen-cohort.csv,lean:cohort_row,reports/lean-lake-430rc2-to-4341-source-review-2026-09-30/support/frozen-cohort.csv,source_only_no_new_runtime_or_package_execution
R174,Lean/Lake v4.30.0-rc2,reports/anneal-3730-lake-shared-tree-conflicting-writers-2026-09-29/REPORT.md,reports/anneal-3730-lake-shared-tree-conflicting-writers-2026-09-29/REPORT.json,exact_claim_source_review,reports/lean-lake-430rc2-to-4341-source-review-2026-09-30/support/frozen-cohort.csv,lean:cohort_row,reports/lean-lake-430rc2-to-4341-source-review-2026-09-30/support/frozen-cohort.csv,source_only_no_new_runtime_or_package_execution
R175,Lean/Lake v4.30.0-rc2,reports/anneal-3730-lake-unprivileged-file-event-observability-2026-09-29/REPORT.md,reports/anneal-3730-lake-unprivileged-file-event-observability-2026-09-29/REPORT.json,exact_claim_source_review,reports/lean-lake-430rc2-to-4341-source-review-2026-09-30/support/frozen-cohort.csv,lean:cohort_row,reports/lean-lake-430rc2-to-4341-source-review-2026-09-30/support/frozen-cohort.csv,source_only_no_new_runtime_or_package_execution
R176,Lean/Lake v4.30.0-rc2,reports/anneal-3730-lake-writer-recovery-2026-09-29/REPORT.md,reports/anneal-3730-lake-writer-recovery-2026-09-29/REPORT.json,exact_claim_source_review,reports/lean-lake-430rc2-to-4341-source-review-2026-09-30/support/frozen-cohort.csv,lean:cohort_row,reports/lean-lake-430rc2-to-4341-source-review-2026-09-30/support/frozen-cohort.csv,source_only_no_new_runtime_or_package_execution
R177,Lean/Lake v4.30.0-rc2,reports/anneal-3730-lake-writer-scale-v4-30-0-rc2/REPORT.md,reports/anneal-3730-lake-writer-scale-v4-30-0-rc2/REPORT.json,exact_claim_source_review,reports/lean-lake-430rc2-to-4341-source-review-2026-09-30/support/frozen-cohort.csv,lean:cohort_row,reports/lean-lake-430rc2-to-4341-source-review-2026-09-30/support/frozen-cohort.csv,source_only_no_new_runtime_or_package_execution
R179,Rust/Cargo/rustc nightly-2026-05-31,reports/anneal-3730-last-good-model-after-rust-failure-2026-09-29/REPORT.md,reports/anneal-3730-last-good-model-after-rust-failure-2026-09-29/REPORT.json,exact_claim_source_review,reports/aeneas-compatible-bundle-source-drift-2026-09-30/support/claim-matrix-ebcdcad-169.csv;reports/rust-cargo-nightly-to-1981-source-review-2026-09-30/support/frozen-cohort.csv,aeneas:context_only;rust-cargo:cohort_row,reports/rust-cargo-nightly-to-1981-source-review-2026-09-30/support/frozen-cohort.csv,source_only_no_new_runtime_or_package_execution
R180,June 2026 Rust→Charon→Aeneas→Lean 4.30.0-rc2 bundle,reports/anneal-3730-last-good-model-signature-recovery-2026-09-29/REPORT.md,reports/anneal-3730-last-good-model-signature-recovery-2026-09-29/REPORT.json,contextual_or_paired_component_only,reports/aeneas-compatible-bundle-source-drift-2026-09-30/support/claim-matrix-ebcdcad-169.csv,aeneas:context_only,,source_only_no_new_runtime_or_package_execution
R181,Lean/Lake v4.30.0-rc2,reports/anneal-3730-lean-artifact-layouts-v4-30-0-rc2/REPORT.md,reports/anneal-3730-lean-artifact-layouts-v4-30-0-rc2/REPORT.json,exact_claim_source_review,reports/lean-lake-430rc2-to-4341-source-review-2026-09-30/support/frozen-cohort.csv,lean:cohort_row,reports/lean-lake-430rc2-to-4341-source-review-2026-09-30/support/frozen-cohort.csv,source_only_no_new_runtime_or_package_execution
R183,Lean/Lake v4.30.0-rc2,reports/anneal-3730-lean-launch-refresh-matrix-v4-30-0-rc2/REPORT.md,reports/anneal-3730-lean-launch-refresh-matrix-v4-30-0-rc2/REPORT.json,exact_claim_source_review,reports/lean-lake-430rc2-to-4341-source-review-2026-09-30/support/frozen-cohort.csv,lean:cohort_row,reports/lean-lake-430rc2-to-4341-source-review-2026-09-30/support/frozen-cohort.csv,source_only_no_new_runtime_or_package_execution
R184,Lean/Lake v4.30.0-rc2,reports/anneal-3730-lean-lsp-multifile-actions-hints-2026-09-29/REPORT.md,reports/anneal-3730-lean-lsp-multifile-actions-hints-2026-09-29/REPORT.json,exact_claim_source_review,reports/lean-lake-430rc2-to-4341-source-review-2026-09-30/support/frozen-cohort.csv,lean:cohort_row,reports/lean-lake-430rc2-to-4341-source-review-2026-09-30/support/frozen-cohort.csv,source_only_no_new_runtime_or_package_execution
R185,Lean/Lake v4.30.0-rc2,reports/anneal-3730-lean-lsp-navigation-edit-operations-2026-09-29/REPORT.md,reports/anneal-3730-lean-lsp-navigation-edit-operations-2026-09-29/REPORT.json,exact_claim_source_review,reports/lean-lake-430rc2-to-4341-source-review-2026-09-30/support/frozen-cohort.csv,lean:cohort_row,reports/lean-lake-430rc2-to-4341-source-review-2026-09-30/support/frozen-cohort.csv,source_only_no_new_runtime_or_package_execution
R186,Lean/Lake v4.30.0-rc2,reports/anneal-3730-lean-lsp-projection-code-actions-2026-09-29/REPORT.md,reports/anneal-3730-lean-lsp-projection-code-actions-2026-09-29/REPORT.json,exact_claim_source_review,reports/lean-lake-430rc2-to-4341-source-review-2026-09-30/support/frozen-cohort.csv,lean:cohort_row,reports/lean-lake-430rc2-to-4341-source-review-2026-09-30/support/frozen-cohort.csv,source_only_no_new_runtime_or_package_execution
R188,Lean/Lake v4.30.0-rc2,reports/anneal-3730-lean-multiminute-restart-resource-soak-2026-09-29/REPORT.md,reports/anneal-3730-lean-multiminute-restart-resource-soak-2026-09-29/REPORT.json,exact_claim_source_review,reports/lean-lake-430rc2-to-4341-source-review-2026-09-30/support/frozen-cohort.csv,lean:cohort_row,reports/lean-lake-430rc2-to-4341-source-review-2026-09-30/support/frozen-cohort.csv,source_only_no_new_runtime_or_package_execution
R189,Lean/Lake v4.30.0-rc2,reports/anneal-3730-lean-pool-failure-isolation-2026-09-29/REPORT.md,reports/anneal-3730-lean-pool-failure-isolation-2026-09-29/REPORT.json,exact_claim_source_review,reports/lean-lake-430rc2-to-4341-source-review-2026-09-30/support/frozen-cohort.csv,lean:cohort_row,reports/lean-lake-430rc2-to-4341-source-review-2026-09-30/support/frozen-cohort.csv,source_only_no_new_runtime_or_package_execution
R190,Lean/Lake v4.30.0-rc2,reports/anneal-3730-lean-protocol-import-deletion-v4-30-0-rc2/REPORT.md,reports/anneal-3730-lean-protocol-import-deletion-v4-30-0-rc2/REPORT.json,exact_claim_source_review,reports/lean-lake-430rc2-to-4341-source-review-2026-09-30/support/frozen-cohort.csv,lean:cohort_row,reports/lean-lake-430rc2-to-4341-source-review-2026-09-30/support/frozen-cohort.csv,source_only_no_new_runtime_or_package_execution
R191,Lean/Lake v4.30.0-rc2,reports/anneal-3730-lean-protocol-races-v4-30-0-rc2/REPORT.md,reports/anneal-3730-lean-protocol-races-v4-30-0-rc2/REPORT.json,exact_claim_source_review,reports/lean-lake-430rc2-to-4341-source-review-2026-09-30/support/frozen-cohort.csv,lean:cohort_row,reports/lean-lake-430rc2-to-4341-source-review-2026-09-30/support/frozen-cohort.csv,source_only_no_new_runtime_or_package_execution
R192,Lean/Lake v4.30.0-rc2,reports/anneal-3730-lean-rpc-lifetimes-v4-30-0-rc2/REPORT.md,reports/anneal-3730-lean-rpc-lifetimes-v4-30-0-rc2/REPORT.json,exact_claim_source_review,reports/lean-lake-430rc2-to-4341-source-review-2026-09-30/support/frozen-cohort.csv,lean:cohort_row,reports/lean-lake-430rc2-to-4341-source-review-2026-09-30/support/frozen-cohort.csv,source_only_no_new_runtime_or_package_execution
R193,Lean/Lake v4.30.0-rc2,reports/anneal-3730-lean-server-resource-drift-soak-2026-09-29/REPORT.md,reports/anneal-3730-lean-server-resource-drift-soak-2026-09-29/REPORT.json,exact_claim_source_review,reports/lean-lake-430rc2-to-4341-source-review-2026-09-30/support/frozen-cohort.csv,lean:cohort_row,reports/lean-lake-430rc2-to-4341-source-review-2026-09-30/support/frozen-cohort.csv,source_only_no_new_runtime_or_package_execution
R194,Lean/Lake v4.30.0-rc2,reports/anneal-3730-lean-server-soak-context-rpc-2026-09-29/REPORT.md,reports/anneal-3730-lean-server-soak-context-rpc-2026-09-29/REPORT.json,exact_claim_source_review,reports/lean-lake-430rc2-to-4341-source-review-2026-09-30/support/frozen-cohort.csv,lean:cohort_row,reports/lean-lake-430rc2-to-4341-source-review-2026-09-30/support/frozen-cohort.csv,source_only_no_new_runtime_or_package_execution
R195,Lean/Lake v4.30.0-rc2,reports/anneal-3730-lean-three-document-edit-storm-2026-09-29/REPORT.md,reports/anneal-3730-lean-three-document-edit-storm-2026-09-29/REPORT.json,exact_claim_source_review,reports/lean-lake-430rc2-to-4341-source-review-2026-09-30/support/frozen-cohort.csv,lean:cohort_row,reports/lean-lake-430rc2-to-4341-source-review-2026-09-30/support/frozen-cohort.csv,source_only_no_new_runtime_or_package_execution
R197,Lean/Lake v4.30.0-rc2,reports/anneal-3730-lean-uri-history-import-boundaries-2026-09-29/REPORT.md,reports/anneal-3730-lean-uri-history-import-boundaries-2026-09-29/REPORT.json,exact_claim_source_review,reports/lean-lake-430rc2-to-4341-source-review-2026-09-30/support/frozen-cohort.csv,lean:cohort_row,reports/lean-lake-430rc2-to-4341-source-review-2026-09-30/support/frozen-cohort.csv,source_only_no_new_runtime_or_package_execution
R198,Lean/Lake v4.30.0-rc2,reports/anneal-3730-lean-wrapper-context-prefix-reuse-v4-30-0-rc2/REPORT.md,reports/anneal-3730-lean-wrapper-context-prefix-reuse-v4-30-0-rc2/REPORT.json,exact_claim_source_review,reports/lean-lake-430rc2-to-4341-source-review-2026-09-30/support/frozen-cohort.csv,lean:cohort_row,reports/lean-lake-430rc2-to-4341-source-review-2026-09-30/support/frozen-cohort.csv,source_only_no_new_runtime_or_package_execution
R199,Lean/Lake v4.30.0-rc2,reports/anneal-3730-live-lean-artifact-unlink-2026-09-29/REPORT.md,reports/anneal-3730-live-lean-artifact-unlink-2026-09-29/REPORT.json,exact_claim_source_review,reports/lean-lake-430rc2-to-4341-source-review-2026-09-30/support/frozen-cohort.csv,lean:cohort_row,reports/lean-lake-430rc2-to-4341-source-review-2026-09-30/support/frozen-cohort.csv,source_only_no_new_runtime_or_package_execution
R200,Lean/Lake v4.30.0-rc2,reports/anneal-3730-live-proof-import-state-2026-09-29/REPORT.md,reports/anneal-3730-live-proof-import-state-2026-09-29/REPORT.json,exact_claim_source_review,reports/lean-lake-430rc2-to-4341-source-review-2026-09-30/support/frozen-cohort.csv,lean:cohort_row,reports/lean-lake-430rc2-to-4341-source-review-2026-09-30/support/frozen-cohort.csv,source_only_no_new_runtime_or_package_execution
R201,Lean/Lake v4.30.0-rc2,reports/anneal-3730-m06-generated-lake-source-order-trace-2026-09-29/REPORT.md,reports/anneal-3730-m06-generated-lake-source-order-trace-2026-09-29/REPORT.json,exact_claim_source_review,reports/aeneas-compatible-bundle-source-drift-2026-09-30/support/claim-matrix-ebcdcad-169.csv;reports/lean-lake-430rc2-to-4341-source-review-2026-09-30/support/frozen-cohort.csv,aeneas:paired_component;lean:cohort_row,reports/lean-lake-430rc2-to-4341-source-review-2026-09-30/support/frozen-cohort.csv,source_only_no_new_runtime_or_package_execution
R202,Lean/Lake v4.30.0-rc2,reports/anneal-3730-macro-tactic-position-recovery-v4-30-0-rc2/REPORT.md,reports/anneal-3730-macro-tactic-position-recovery-v4-30-0-rc2/REPORT.json,exact_claim_source_review,reports/lean-lake-430rc2-to-4341-source-review-2026-09-30/support/frozen-cohort.csv,lean:cohort_row,reports/lean-lake-430rc2-to-4341-source-review-2026-09-30/support/frozen-cohort.csv,source_only_no_new_runtime_or_package_execution
R206,Lean/Lake v4.30.0-rc2,reports/anneal-3730-multiclient-editor-contract-2026-09-29/REPORT.md,reports/anneal-3730-multiclient-editor-contract-2026-09-29/REPORT.json,exact_claim_source_review,reports/lean-lake-430rc2-to-4341-source-review-2026-09-30/support/frozen-cohort.csv,lean:cohort_row,reports/lean-lake-430rc2-to-4341-source-review-2026-09-30/support/frozen-cohort.csv,source_only_no_new_runtime_or_package_execution
R207,June 2026 Rust→Charon→Aeneas→Lean 4.30.0-rc2 bundle,reports/anneal-3730-nested-parallelism-budget-2026-09-29/REPORT.md,reports/anneal-3730-nested-parallelism-budget-2026-09-29/REPORT.json,contextual_or_paired_component_only,reports/aeneas-compatible-bundle-source-drift-2026-09-30/support/claim-matrix-ebcdcad-169.csv,aeneas:context_only,,source_only_no_new_runtime_or_package_execution
R208,Lean/Lake v4.30.0-rc2,reports/anneal-3730-nested-tactic-position-grid-v4-30-0-rc2/REPORT.md,reports/anneal-3730-nested-tactic-position-grid-v4-30-0-rc2/REPORT.json,exact_claim_source_review,reports/lean-lake-430rc2-to-4341-source-review-2026-09-30/support/frozen-cohort.csv,lean:cohort_row,reports/lean-lake-430rc2-to-4341-source-review-2026-09-30/support/frozen-cohort.csv,source_only_no_new_runtime_or_package_execution
R209,June 2026 Rust→Charon→Aeneas→Lean 4.30.0-rc2 bundle,reports/anneal-3730-nested-unsaved-recovery-grid-v4-30-0-rc2/REPORT.md,reports/anneal-3730-nested-unsaved-recovery-grid-v4-30-0-rc2/REPORT.json,contextual_or_paired_component_only,reports/aeneas-compatible-bundle-source-drift-2026-09-30/support/claim-matrix-ebcdcad-169.csv,aeneas:context_only,,source_only_no_new_runtime_or_package_execution
R211,June 2026 Rust→Charon→Aeneas→Lean 4.30.0-rc2 bundle,reports/anneal-3730-partial-elaboration-queries-v4-30-0-rc2/REPORT.md,reports/anneal-3730-partial-elaboration-queries-v4-30-0-rc2/REPORT.json,contextual_or_paired_component_only,reports/aeneas-compatible-bundle-source-drift-2026-09-30/support/claim-matrix-ebcdcad-169.csv,aeneas:context_only,,source_only_no_new_runtime_or_package_execution
R212,Lean/Lake v4.30.0-rc2,reports/anneal-3730-per-worker-copied-byte-inventory-2026-09-29/REPORT.md,reports/anneal-3730-per-worker-copied-byte-inventory-2026-09-29/REPORT.json,exact_claim_source_review,reports/lean-lake-430rc2-to-4341-source-review-2026-09-30/support/frozen-cohort.csv,lean:cohort_row,reports/lean-lake-430rc2-to-4341-source-review-2026-09-30/support/frozen-cohort.csv,source_only_no_new_runtime_or_package_execution
R213,June 2026 Rust→Charon→Aeneas→Lean 4.30.0-rc2 bundle,reports/anneal-3730-pinned-cross-layer-navigation-boundary-2026-09-29/REPORT.md,reports/anneal-3730-pinned-cross-layer-navigation-boundary-2026-09-29/REPORT.json,exact_claim_source_review,reports/aeneas-compatible-bundle-source-drift-2026-09-30/support/claim-matrix-ebcdcad-169.csv,aeneas:direct_or_full_bundle,reports/aeneas-compatible-bundle-source-drift-2026-09-30/support/claim-matrix-ebcdcad-169.csv,source_only_no_new_runtime_or_package_execution
R215,Lean/Lake v4.30.0-rc2,reports/anneal-3730-plugin-reversal-worker-order-2026-09-29/REPORT.md,reports/anneal-3730-plugin-reversal-worker-order-2026-09-29/REPORT.json,exact_claim_source_review,reports/lean-lake-430rc2-to-4341-source-review-2026-09-30/support/frozen-cohort.csv,lean:cohort_row,reports/lean-lake-430rc2-to-4341-source-review-2026-09-30/support/frozen-cohort.csv,source_only_no_new_runtime_or_package_execution
R216,June 2026 Rust→Charon→Aeneas→Lean 4.30.0-rc2 bundle,reports/anneal-3730-prefix-edit-cancellation-v4-30-0-rc2/REPORT.md,reports/anneal-3730-prefix-edit-cancellation-v4-30-0-rc2/REPORT.json,contextual_or_paired_component_only,reports/aeneas-compatible-bundle-source-drift-2026-09-30/support/claim-matrix-ebcdcad-169.csv,aeneas:context_only,,source_only_no_new_runtime_or_package_execution
R217,Lean/Lake v4.30.0-rc2,reports/anneal-3730-projection-macro-doccomment-patch-matrix-2026-09-29/REPORT.md,reports/anneal-3730-projection-macro-doccomment-patch-matrix-2026-09-29/REPORT.json,exact_claim_source_review,reports/lean-lake-430rc2-to-4341-source-review-2026-09-30/support/frozen-cohort.csv,lean:cohort_row,reports/lean-lake-430rc2-to-4341-source-review-2026-09-30/support/frozen-cohort.csv,source_only_no_new_runtime_or_package_execution
R219,Lean/Lake v4.30.0-rc2,reports/anneal-3730-projection-provenance-2026-09-29/REPORT.md,reports/anneal-3730-projection-provenance-2026-09-29/REPORT.json,exact_claim_source_review,reports/aeneas-compatible-bundle-source-drift-2026-09-30/support/claim-matrix-ebcdcad-169.csv;reports/lean-lake-430rc2-to-4341-source-review-2026-09-30/support/frozen-cohort.csv,aeneas:context_only;lean:cohort_row,reports/lean-lake-430rc2-to-4341-source-review-2026-09-30/support/frozen-cohort.csv,source_only_no_new_runtime_or_package_execution
R220,Lean/Lake v4.30.0-rc2,reports/anneal-3730-pruned-lake-interactive-extension-v4-30-0-rc2/REPORT.md,reports/anneal-3730-pruned-lake-interactive-extension-v4-30-0-rc2/REPORT.json,exact_claim_source_review,reports/lean-lake-430rc2-to-4341-source-review-2026-09-30/support/frozen-cohort.csv,lean:cohort_row,reports/lean-lake-430rc2-to-4341-source-review-2026-09-30/support/frozen-cohort.csv,source_only_no_new_runtime_or_package_execution
R222,Lean/Lake v4.30.0-rc2,reports/anneal-3730-real-lean-filesystem-lifetimes-2026-09-29/REPORT.md,reports/anneal-3730-real-lean-filesystem-lifetimes-2026-09-29/REPORT.json,exact_claim_source_review,reports/lean-lake-430rc2-to-4341-source-review-2026-09-30/support/frozen-cohort.csv,lean:cohort_row,reports/lean-lake-430rc2-to-4341-source-review-2026-09-30/support/frozen-cohort.csv,source_only_no_new_runtime_or_package_execution
R223,June 2026 Rust→Charon→Aeneas→Lean 4.30.0-rc2 bundle,reports/anneal-3730-resource-economics-2026-09-29/REPORT.md,reports/anneal-3730-resource-economics-2026-09-29/REPORT.json,contextual_or_paired_component_only,reports/aeneas-compatible-bundle-source-drift-2026-09-30/support/claim-matrix-ebcdcad-169.csv,aeneas:context_only,,source_only_no_new_runtime_or_package_execution
R224,June 2026 Rust→Charon→Aeneas→Lean 4.30.0-rc2 bundle,reports/anneal-3730-resource-soak-contamination-2026-09-29/REPORT.md,reports/anneal-3730-resource-soak-contamination-2026-09-29/REPORT.json,contextual_or_paired_component_only,reports/aeneas-compatible-bundle-source-drift-2026-09-30/support/claim-matrix-ebcdcad-169.csv,aeneas:context_only,,source_only_no_new_runtime_or_package_execution
R225,June 2026 Rust→Charon→Aeneas→Lean 4.30.0-rc2 bundle,reports/anneal-3730-retained-full-chain-byte-timing-inventory-2026-09-29/REPORT.md,reports/anneal-3730-retained-full-chain-byte-timing-inventory-2026-09-29/REPORT.json,exact_claim_source_review,reports/aeneas-compatible-bundle-source-drift-2026-09-30/support/claim-matrix-ebcdcad-169.csv,aeneas:direct_or_full_bundle,reports/aeneas-compatible-bundle-source-drift-2026-09-30/support/claim-matrix-ebcdcad-169.csv,source_only_no_new_runtime_or_package_execution
R226,Lean/Lake v4.30.0-rc2,reports/anneal-3730-retention-economics-v4-30-0-rc2/REPORT.md,reports/anneal-3730-retention-economics-v4-30-0-rc2/REPORT.json,exact_claim_source_review,reports/lean-lake-430rc2-to-4341-source-review-2026-09-30/support/frozen-cohort.csv,lean:cohort_row,reports/lean-lake-430rc2-to-4341-source-review-2026-09-30/support/frozen-cohort.csv,source_only_no_new_runtime_or_package_execution
R227,Lean/Lake v4.30.0-rc2,reports/anneal-3730-rpc-idle-expiry-v4-30-0-rc2/REPORT.md,reports/anneal-3730-rpc-idle-expiry-v4-30-0-rc2/REPORT.json,exact_claim_source_review,reports/lean-lake-430rc2-to-4341-source-review-2026-09-30/support/frozen-cohort.csv,lean:cohort_row,reports/lean-lake-430rc2-to-4341-source-review-2026-09-30/support/frozen-cohort.csv,source_only_no_new_runtime_or_package_execution
R228,June 2026 Rust→Charon→Aeneas→Lean 4.30.0-rc2 bundle,reports/anneal-3730-rust-charon-aeneas-lean-golden-vertical-2026-09-29/REPORT.md,reports/anneal-3730-rust-charon-aeneas-lean-golden-vertical-2026-09-29/REPORT.json,exact_claim_source_review,reports/aeneas-compatible-bundle-source-drift-2026-09-30/support/claim-matrix-ebcdcad-169.csv,aeneas:direct_or_full_bundle,reports/aeneas-compatible-bundle-source-drift-2026-09-30/support/claim-matrix-ebcdcad-169.csv,source_only_no_new_runtime_or_package_execution
R229,Rust/Cargo/rustc nightly-2026-05-31,reports/anneal-3730-rust-input-snapshot-2026-09-29/REPORT.md,reports/anneal-3730-rust-input-snapshot-2026-09-29/REPORT.json,exact_claim_source_review,reports/rust-cargo-nightly-to-1981-source-review-2026-09-30/support/frozen-cohort.csv,rust-cargo:cohort_row,reports/rust-cargo-nightly-to-1981-source-review-2026-09-30/support/frozen-cohort.csv,source_only_no_new_runtime_or_package_execution
R230,Lean/Lake v4.30.0-rc2,reports/anneal-3730-rust-to-lean-infoview-reconnect-2026-09-29/REPORT.md,reports/anneal-3730-rust-to-lean-infoview-reconnect-2026-09-29/REPORT.json,exact_claim_source_review,reports/lean-lake-430rc2-to-4341-source-review-2026-09-30/support/frozen-cohort.csv,lean:cohort_row,reports/lean-lake-430rc2-to-4341-source-review-2026-09-30/support/frozen-cohort.csv,source_only_no_new_runtime_or_package_execution
R231,Rust/Cargo/rustc nightly-2026-05-31,reports/anneal-3730-saved-vs-private-rust-overlay-2026-09-29/REPORT.md,reports/anneal-3730-saved-vs-private-rust-overlay-2026-09-29/REPORT.json,exact_claim_source_review,reports/rust-cargo-nightly-to-1981-source-review-2026-09-30/support/frozen-cohort.csv,rust-cargo:cohort_row,reports/rust-cargo-nightly-to-1981-source-review-2026-09-30/support/frozen-cohort.csv,source_only_no_new_runtime_or_package_execution
R232,Lean/Lake v4.30.0-rc2,reports/anneal-3730-scratch-pool-scaling-2026-09-29/REPORT.md,reports/anneal-3730-scratch-pool-scaling-2026-09-29/REPORT.json,exact_claim_source_review,reports/lean-lake-430rc2-to-4341-source-review-2026-09-30/support/frozen-cohort.csv,lean:cohort_row,reports/lean-lake-430rc2-to-4341-source-review-2026-09-30/support/frozen-cohort.csv,source_only_no_new_runtime_or_package_execution
R233,Lean/Lake v4.30.0-rc2,reports/anneal-3730-scratch-tactic-cas-experiment-2026-09-29/REPORT.md,reports/anneal-3730-scratch-tactic-cas-experiment-2026-09-29/REPORT.json,exact_claim_source_review,reports/lean-lake-430rc2-to-4341-source-review-2026-09-30/support/frozen-cohort.csv,lean:cohort_row,reports/lean-lake-430rc2-to-4341-source-review-2026-09-30/support/frozen-cohort.csv,source_only_no_new_runtime_or_package_execution
R234,Lean/Lake v4.30.0-rc2,reports/anneal-3730-scratch-tactic-concurrency-crash-2026-09-29/REPORT.md,reports/anneal-3730-scratch-tactic-concurrency-crash-2026-09-29/REPORT.json,exact_claim_source_review,reports/lean-lake-430rc2-to-4341-source-review-2026-09-30/support/frozen-cohort.csv,lean:cohort_row,reports/lean-lake-430rc2-to-4341-source-review-2026-09-30/support/frozen-cohort.csv,source_only_no_new_runtime_or_package_execution
R235,Lean/Lake v4.30.0-rc2,reports/anneal-3730-server-topology-v4-30-0-rc2/REPORT.md,reports/anneal-3730-server-topology-v4-30-0-rc2/REPORT.json,exact_claim_source_review,reports/lean-lake-430rc2-to-4341-source-review-2026-09-30/support/frozen-cohort.csv,lean:cohort_row,reports/lean-lake-430rc2-to-4341-source-review-2026-09-30/support/frozen-cohort.csv,source_only_no_new_runtime_or_package_execution
R236,June 2026 Rust→Charon→Aeneas→Lean 4.30.0-rc2 bundle,reports/anneal-3730-shared-cargo-consumer-ownership-2026-09-29/REPORT.md,reports/anneal-3730-shared-cargo-consumer-ownership-2026-09-29/REPORT.json,contextual_or_paired_component_only,reports/aeneas-compatible-bundle-source-drift-2026-09-30/support/claim-matrix-ebcdcad-169.csv,aeneas:context_only,,source_only_no_new_runtime_or_package_execution
R237,June 2026 Rust→Charon→Aeneas→Lean 4.30.0-rc2 bundle,reports/anneal-3730-shared-generator-batch-live-sinks-2026-09-29/REPORT.md,reports/anneal-3730-shared-generator-batch-live-sinks-2026-09-29/REPORT.json,exact_claim_source_review,reports/aeneas-compatible-bundle-source-drift-2026-09-30/support/claim-matrix-ebcdcad-169.csv,aeneas:direct_or_full_bundle,reports/aeneas-compatible-bundle-source-drift-2026-09-30/support/claim-matrix-ebcdcad-169.csv,source_only_no_new_runtime_or_package_execution
R239,Lean/Lake v4.30.0-rc2,reports/anneal-3730-source-owned-projection-diagnostic-matrix-2026-09-29/REPORT.md,reports/anneal-3730-source-owned-projection-diagnostic-matrix-2026-09-29/REPORT.json,exact_claim_source_review,reports/aeneas-compatible-bundle-source-drift-2026-09-30/support/claim-matrix-ebcdcad-169.csv;reports/lean-lake-430rc2-to-4341-source-review-2026-09-30/support/frozen-cohort.csv,aeneas:direct_or_full_bundle;lean:cohort_row,reports/aeneas-compatible-bundle-source-drift-2026-09-30/support/claim-matrix-ebcdcad-169.csv;reports/lean-lake-430rc2-to-4341-source-review-2026-09-30/support/frozen-cohort.csv,source_only_no_new_runtime_or_package_execution
R240,Rust/Cargo/rustc nightly-2026-05-31,reports/anneal-3730-trust-evidence-boundary-2026-09-29/REPORT.md,reports/anneal-3730-trust-evidence-boundary-2026-09-29/REPORT.json,exact_claim_source_review,reports/rust-cargo-nightly-to-1981-source-review-2026-09-30/support/frozen-cohort.csv,rust-cargo:cohort_row,reports/rust-cargo-nightly-to-1981-source-review-2026-09-30/support/frozen-cohort.csv,source_only_no_new_runtime_or_package_execution
R241,Lean/Lake v4.30.0-rc2,reports/anneal-3730-upstream-api-projection-precedents-2026-09-29/REPORT.md,reports/anneal-3730-upstream-api-projection-precedents-2026-09-29/REPORT.json,exact_claim_source_review,reports/lean-lake-430rc2-to-4341-source-review-2026-09-30/support/frozen-cohort.csv,lean:cohort_row,reports/lean-lake-430rc2-to-4341-source-review-2026-09-30/support/frozen-cohort.csv,source_only_no_new_runtime_or_package_execution
R242,June 2026 Rust→Charon→Aeneas→Lean 4.30.0-rc2 bundle,reports/anneal-3730-vertical-acceptance-v4-30-0-rc2/REPORT.md,reports/anneal-3730-vertical-acceptance-v4-30-0-rc2/REPORT.json,exact_claim_source_review,reports/aeneas-compatible-bundle-source-drift-2026-09-30/support/claim-matrix-ebcdcad-169.csv,aeneas:direct_or_full_bundle,reports/aeneas-compatible-bundle-source-drift-2026-09-30/support/claim-matrix-ebcdcad-169.csv,source_only_no_new_runtime_or_package_execution
R243,June 2026 Rust→Charon→Aeneas→Lean 4.30.0-rc2 bundle,reports/anneal-3731-aeneas-declaration-block-diff-2026-09-29/REPORT.md,reports/anneal-3731-aeneas-declaration-block-diff-2026-09-29/REPORT.json,exact_claim_source_review,reports/aeneas-compatible-bundle-source-drift-2026-09-30/support/claim-matrix-ebcdcad-169.csv,aeneas:direct_or_full_bundle,reports/aeneas-compatible-bundle-source-drift-2026-09-30/support/claim-matrix-ebcdcad-169.csv,source_only_no_new_runtime_or_package_execution
R244,Charon 0.1.210 + Rust/Cargo nightly-2026-05-31,reports/anneal-3731-charon-relocation-comment-provenance-2026-09-29/REPORT.md,reports/anneal-3731-charon-relocation-comment-provenance-2026-09-29/REPORT.json,exact_claim_source_review,reports/aeneas-compatible-bundle-source-drift-2026-09-30/support/claim-matrix-ebcdcad-169.csv;reports/charon-0-1-210-to-nightly-2026-09-30-source-review/support/frozen-cohort.csv,aeneas:paired_component;charon:cohort_row,reports/charon-0-1-210-to-nightly-2026-09-30-source-review/support/frozen-cohort.csv,source_only_no_new_runtime_or_package_execution
R245,June 2026 Rust→Charon→Aeneas→Lean 4.30.0-rc2 bundle,reports/anneal-3731-compiler-backed-coordinate-bridge-2026-09-29/REPORT.md,reports/anneal-3731-compiler-backed-coordinate-bridge-2026-09-29/REPORT.json,contextual_or_paired_component_only,reports/aeneas-compatible-bundle-source-drift-2026-09-30/support/claim-matrix-ebcdcad-169.csv,aeneas:context_only,,source_only_no_new_runtime_or_package_execution
R246,June 2026 Rust→Charon→Aeneas→Lean 4.30.0-rc2 bundle,reports/anneal-3731-embedded-proof-generated-model-vertical-v4-30-0-rc2/REPORT.md,reports/anneal-3731-embedded-proof-generated-model-vertical-v4-30-0-rc2/REPORT.json,exact_claim_source_review,reports/aeneas-compatible-bundle-source-drift-2026-09-30/support/claim-matrix-ebcdcad-169.csv,aeneas:direct_or_full_bundle,reports/aeneas-compatible-bundle-source-drift-2026-09-30/support/claim-matrix-ebcdcad-169.csv,source_only_no_new_runtime_or_package_execution
R247,June 2026 Rust→Charon→Aeneas→Lean 4.30.0-rc2 bundle,reports/anneal-3731-full-chain-transient-workspace-accounting-2026-09-29/REPORT.md,reports/anneal-3731-full-chain-transient-workspace-accounting-2026-09-29/REPORT.json,exact_claim_source_review,reports/aeneas-compatible-bundle-source-drift-2026-09-30/support/claim-matrix-ebcdcad-169.csv,aeneas:direct_or_full_bundle,reports/aeneas-compatible-bundle-source-drift-2026-09-30/support/claim-matrix-ebcdcad-169.csv,source_only_no_new_runtime_or_package_execution
R251,Lean/Lake v4.30.0-rc2,reports/anneal-3731-i044-many-ref-retention-release-2026-09-30/REPORT.md,reports/anneal-3731-i044-many-ref-retention-release-2026-09-30/REPORT.json,exact_claim_source_review,reports/lean-lake-430rc2-to-4341-source-review-2026-09-30/support/frozen-cohort.csv,lean:cohort_row,reports/lean-lake-430rc2-to-4341-source-review-2026-09-30/support/frozen-cohort.csv,source_only_no_new_runtime_or_package_execution
R252,Lean/Lake v4.30.0-rc2,reports/anneal-3731-i044-rpc-keepalive-positive-2026-09-30/REPORT.md,reports/anneal-3731-i044-rpc-keepalive-positive-2026-09-30/REPORT.json,exact_claim_source_review,reports/lean-lake-430rc2-to-4341-source-review-2026-09-30/support/frozen-cohort.csv,lean:cohort_row,reports/lean-lake-430rc2-to-4341-source-review-2026-09-30/support/frozen-cohort.csv,source_only_no_new_runtime_or_package_execution
R256,Lean/Lake v4.30.0-rc2,reports/anneal-3731-i062-utf32-only-unicode-lsp-2026-09-30/REPORT.md,reports/anneal-3731-i062-utf32-only-unicode-lsp-2026-09-30/REPORT.json,exact_claim_source_review,reports/lean-lake-430rc2-to-4341-source-review-2026-09-30/support/frozen-cohort.csv,lean:cohort_row,reports/lean-lake-430rc2-to-4341-source-review-2026-09-30/support/frozen-cohort.csv,source_only_no_new_runtime_or_package_execution
R257,Lean/Lake v4.30.0-rc2,reports/anneal-3731-i062-utf8-only-unicode-lsp-2026-09-30/REPORT.md,reports/anneal-3731-i062-utf8-only-unicode-lsp-2026-09-30/REPORT.json,exact_claim_source_review,reports/lean-lake-430rc2-to-4341-source-review-2026-09-30/support/frozen-cohort.csv,lean:cohort_row,reports/lean-lake-430rc2-to-4341-source-review-2026-09-30/support/frozen-cohort.csv,source_only_no_new_runtime_or_package_execution
R258,Charon 0.1.210 + Rust/Cargo nightly-2026-05-31,reports/anneal-3731-i075-warm-bin-full-field-2026-09-29/REPORT.md,reports/anneal-3731-i075-warm-bin-full-field-2026-09-29/REPORT.json,exact_claim_source_review,reports/charon-0-1-210-to-nightly-2026-09-30-source-review/support/frozen-cohort.csv,charon:cohort_row,reports/charon-0-1-210-to-nightly-2026-09-30-source-review/support/frozen-cohort.csv,source_only_no_new_runtime_or_package_execution
R259,Charon 0.1.210 + Rust/Cargo nightly-2026-05-31,reports/anneal-3731-i075-warm-bin-target-2026-09-29/REPORT.md,reports/anneal-3731-i075-warm-bin-target-2026-09-29/REPORT.json,exact_claim_source_review,reports/charon-0-1-210-to-nightly-2026-09-30-source-review/support/frozen-cohort.csv,charon:cohort_row,reports/charon-0-1-210-to-nightly-2026-09-30-source-review/support/frozen-cohort.csv,source_only_no_new_runtime_or_package_execution
R260,Charon 0.1.210 + Rust/Cargo nightly-2026-05-31,reports/anneal-3731-i075-warm-multiunit-test-target-2026-09-29/REPORT.md,reports/anneal-3731-i075-warm-multiunit-test-target-2026-09-29/REPORT.json,exact_claim_source_review,reports/charon-0-1-210-to-nightly-2026-09-30-source-review/support/frozen-cohort.csv,charon:cohort_row,reports/charon-0-1-210-to-nightly-2026-09-30-source-review/support/frozen-cohort.csv,source_only_no_new_runtime_or_package_execution
R261,Charon 0.1.210 + Rust/Cargo nightly-2026-05-31,reports/anneal-3731-i076-concurrent-shared-destination-2026-09-30/REPORT.md,reports/anneal-3731-i076-concurrent-shared-destination-2026-09-30/REPORT.json,exact_claim_source_review,reports/charon-0-1-210-to-nightly-2026-09-30-source-review/support/frozen-cohort.csv,charon:cohort_row,reports/charon-0-1-210-to-nightly-2026-09-30-source-review/support/frozen-cohort.csv,source_only_no_new_runtime_or_package_execution
R262,Charon 0.1.210 + Rust/Cargo nightly-2026-05-31,reports/anneal-3731-i076-live-reader-shared-destination-2026-09-30/REPORT.md,reports/anneal-3731-i076-live-reader-shared-destination-2026-09-30/REPORT.json,exact_claim_source_review,reports/charon-0-1-210-to-nightly-2026-09-30-source-review/support/frozen-cohort.csv,charon:cohort_row,reports/charon-0-1-210-to-nightly-2026-09-30-source-review/support/frozen-cohort.csv,source_only_no_new_runtime_or_package_execution
R263,Charon 0.1.210 + Rust/Cargo nightly-2026-05-31,reports/anneal-3731-i076-sequential-shared-destination-2026-09-30/REPORT.md,reports/anneal-3731-i076-sequential-shared-destination-2026-09-30/REPORT.json,exact_claim_source_review,reports/charon-0-1-210-to-nightly-2026-09-30-source-review/support/frozen-cohort.csv,charon:cohort_row,reports/charon-0-1-210-to-nightly-2026-09-30-source-review/support/frozen-cohort.csv,source_only_no_new_runtime_or_package_execution
R264,Charon 0.1.210 + Rust/Cargo nightly-2026-05-31,reports/anneal-3731-i079-cfg-attr-module-2026-09-30/REPORT.md,reports/anneal-3731-i079-cfg-attr-module-2026-09-30/REPORT.json,exact_claim_source_review,reports/charon-0-1-210-to-nightly-2026-09-30-source-review/support/frozen-cohort.csv,charon:cohort_row,reports/charon-0-1-210-to-nightly-2026-09-30-source-review/support/frozen-cohort.csv,source_only_no_new_runtime_or_package_execution
R265,Charon 0.1.210 + Rust/Cargo nightly-2026-05-31,reports/anneal-3731-i079-generated-edge-spans-2026-09-30/REPORT.md,reports/anneal-3731-i079-generated-edge-spans-2026-09-30/REPORT.json,exact_claim_source_review,reports/charon-0-1-210-to-nightly-2026-09-30-source-review/support/frozen-cohort.csv,charon:cohort_row,reports/charon-0-1-210-to-nightly-2026-09-30-source-review/support/frozen-cohort.csv,source_only_no_new_runtime_or_package_execution
R266,Charon 0.1.210 + Rust/Cargo nightly-2026-05-31,reports/anneal-3731-i079-generated-file-charon-spans-2026-09-30/REPORT.md,reports/anneal-3731-i079-generated-file-charon-spans-2026-09-30/REPORT.json,exact_claim_source_review,reports/charon-0-1-210-to-nightly-2026-09-30-source-review/support/frozen-cohort.csv,charon:cohort_row,reports/charon-0-1-210-to-nightly-2026-09-30-source-review/support/frozen-cohort.csv,source_only_no_new_runtime_or_package_execution
R267,Charon 0.1.210 + Rust/Cargo nightly-2026-05-31,reports/anneal-3731-i079-local-span-source-text-2026-09-29/REPORT.md,reports/anneal-3731-i079-local-span-source-text-2026-09-29/REPORT.json,exact_claim_source_review,reports/charon-0-1-210-to-nightly-2026-09-30-source-review/support/frozen-cohort.csv,charon:cohort_row,reports/charon-0-1-210-to-nightly-2026-09-30-source-review/support/frozen-cohort.csv,source_only_no_new_runtime_or_package_execution
R268,Charon 0.1.210 + Rust/Cargo nightly-2026-05-31,reports/anneal-3731-i079-path-remap-2026-09-30/REPORT.md,reports/anneal-3731-i079-path-remap-2026-09-30/REPORT.json,exact_claim_source_review,reports/charon-0-1-210-to-nightly-2026-09-30-source-review/support/frozen-cohort.csv,charon:cohort_row,reports/charon-0-1-210-to-nightly-2026-09-30-source-review/support/frozen-cohort.csv,source_only_no_new_runtime_or_package_execution
R269,Charon 0.1.210 + Rust/Cargo nightly-2026-05-31,reports/anneal-3731-i079-symlink-module-identity-2026-09-30/REPORT.md,reports/anneal-3731-i079-symlink-module-identity-2026-09-30/REPORT.json,exact_claim_source_review,reports/charon-0-1-210-to-nightly-2026-09-30-source-review/support/frozen-cohort.csv,charon:cohort_row,reports/charon-0-1-210-to-nightly-2026-09-30-source-review/support/frozen-cohort.csv,source_only_no_new_runtime_or_package_execution
R270,Charon 0.1.210 + Rust/Cargo nightly-2026-05-31,reports/anneal-3731-i079-unicode-charon-spans-2026-09-30/REPORT.md,reports/anneal-3731-i079-unicode-charon-spans-2026-09-30/REPORT.json,exact_claim_source_review,reports/charon-0-1-210-to-nightly-2026-09-30-source-review/support/frozen-cohort.csv,charon:cohort_row,reports/charon-0-1-210-to-nightly-2026-09-30-source-review/support/frozen-cohort.csv,source_only_no_new_runtime_or_package_execution
R271,Charon 0.1.210 + Rust/Cargo nightly-2026-05-31,reports/anneal-3731-i080-full-field-cancel-oracle-2026-09-29/REPORT.md,reports/anneal-3731-i080-full-field-cancel-oracle-2026-09-29/REPORT.json,exact_claim_source_review,reports/charon-0-1-210-to-nightly-2026-09-30-source-review/support/frozen-cohort.csv,charon:cohort_row,reports/charon-0-1-210-to-nightly-2026-09-30-source-review/support/frozen-cohort.csv,source_only_no_new_runtime_or_package_execution
R272,Charon 0.1.210 + Rust/Cargo nightly-2026-05-31,reports/anneal-3731-i080-full-field-edit-revert-oracles-2026-09-29/REPORT.md,reports/anneal-3731-i080-full-field-edit-revert-oracles-2026-09-29/REPORT.json,exact_claim_source_review,reports/charon-0-1-210-to-nightly-2026-09-30-source-review/support/frozen-cohort.csv,charon:cohort_row,reports/charon-0-1-210-to-nightly-2026-09-30-source-review/support/frozen-cohort.csv,source_only_no_new_runtime_or_package_execution
R273,Charon 0.1.210 + Rust/Cargo nightly-2026-05-31,reports/anneal-3731-i080-incremental-on-shared-target-cancel-recovery-2026-09-29/REPORT.md,reports/anneal-3731-i080-incremental-on-shared-target-cancel-recovery-2026-09-29/REPORT.json,exact_claim_source_review,reports/charon-0-1-210-to-nightly-2026-09-30-source-review/support/frozen-cohort.csv,charon:cohort_row,reports/charon-0-1-210-to-nightly-2026-09-30-source-review/support/frozen-cohort.csv,source_only_no_new_runtime_or_package_execution
R274,Charon 0.1.210 + Rust/Cargo nightly-2026-05-31,reports/anneal-3731-i080-incremental-target-layout-matrix-2026-09-29/REPORT.md,reports/anneal-3731-i080-incremental-target-layout-matrix-2026-09-29/REPORT.json,exact_claim_source_review,reports/charon-0-1-210-to-nightly-2026-09-30-source-review/support/frozen-cohort.csv,charon:cohort_row,reports/charon-0-1-210-to-nightly-2026-09-30-source-review/support/frozen-cohort.csv,source_only_no_new_runtime_or_package_execution
R275,Charon 0.1.210 + Rust/Cargo nightly-2026-05-31,reports/anneal-3731-i080-shared-cargo-target-two-process-2026-09-29/REPORT.md,reports/anneal-3731-i080-shared-cargo-target-two-process-2026-09-29/REPORT.json,exact_claim_source_review,reports/charon-0-1-210-to-nightly-2026-09-30-source-review/support/frozen-cohort.csv,charon:cohort_row,reports/charon-0-1-210-to-nightly-2026-09-30-source-review/support/frozen-cohort.csv,source_only_no_new_runtime_or_package_execution
R276,Charon 0.1.210 + Rust/Cargo nightly-2026-05-31,reports/anneal-3731-i080-source-edit-revert-incremental-cache-2026-09-29/REPORT.md,reports/anneal-3731-i080-source-edit-revert-incremental-cache-2026-09-29/REPORT.json,exact_claim_source_review,reports/charon-0-1-210-to-nightly-2026-09-30-source-review/support/frozen-cohort.csv,charon:cohort_row,reports/charon-0-1-210-to-nightly-2026-09-30-source-review/support/frozen-cohort.csv,source_only_no_new_runtime_or_package_execution
R277,Charon 0.1.210 + Rust/Cargo nightly-2026-05-31,reports/anneal-3731-i080-target-layout-full-field-2026-09-29/REPORT.md,reports/anneal-3731-i080-target-layout-full-field-2026-09-29/REPORT.json,exact_claim_source_review,reports/charon-0-1-210-to-nightly-2026-09-30-source-review/support/frozen-cohort.csv,charon:cohort_row,reports/charon-0-1-210-to-nightly-2026-09-30-source-review/support/frozen-cohort.csv,source_only_no_new_runtime_or_package_execution
R278,Lean/Lake v4.30.0-rc2,reports/anneal-3731-i090-lake-version-only-identity-2026-09-30/REPORT.md,reports/anneal-3731-i090-lake-version-only-identity-2026-09-30/REPORT.json,exact_claim_source_review,reports/lean-lake-430rc2-to-4341-source-review-2026-09-30/support/frozen-cohort.csv,lean:cohort_row,reports/lean-lake-430rc2-to-4341-source-review-2026-09-30/support/frozen-cohort.csv,source_only_no_new_runtime_or_package_execution
R279,June 2026 Rust→Charon→Aeneas→Lean 4.30.0-rc2 bundle,reports/anneal-3731-i092-malformed-manifest-preflight-2026-09-30/REPORT.md,reports/anneal-3731-i092-malformed-manifest-preflight-2026-09-30/REPORT.json,contextual_or_paired_component_only,reports/aeneas-compatible-bundle-source-drift-2026-09-30/support/claim-matrix-ebcdcad-169.csv,aeneas:context_only,,source_only_no_new_runtime_or_package_execution
R280,Lean/Lake v4.30.0-rc2,reports/anneal-3731-i092-preseeded-manifest-server-readiness-2026-09-30/REPORT.md,reports/anneal-3731-i092-preseeded-manifest-server-readiness-2026-09-30/REPORT.json,exact_claim_source_review,reports/lean-lake-430rc2-to-4341-source-review-2026-09-30/support/frozen-cohort.csv,lean:cohort_row,reports/lean-lake-430rc2-to-4341-source-review-2026-09-30/support/frozen-cohort.csv,source_only_no_new_runtime_or_package_execution
R281,Lean/Lake v4.30.0-rc2,reports/anneal-3731-i092-preseeded-valid-server-goal-2026-09-30/REPORT.md,reports/anneal-3731-i092-preseeded-valid-server-goal-2026-09-30/REPORT.json,exact_claim_source_review,reports/lean-lake-430rc2-to-4341-source-review-2026-09-30/support/frozen-cohort.csv,lean:cohort_row,reports/lean-lake-430rc2-to-4341-source-review-2026-09-30/support/frozen-cohort.csv,source_only_no_new_runtime_or_package_execution
R285,Lean/Lake v4.30.0-rc2,reports/anneal-3731-i112-stepwise-lsp-versions-2026-09-30/REPORT.md,reports/anneal-3731-i112-stepwise-lsp-versions-2026-09-30/REPORT.json,exact_claim_source_review,reports/lean-lake-430rc2-to-4341-source-review-2026-09-30/support/frozen-cohort.csv,lean:cohort_row,reports/lean-lake-430rc2-to-4341-source-review-2026-09-30/support/frozen-cohort.csv,source_only_no_new_runtime_or_package_execution
R286,Lean/Lake v4.30.0-rc2,reports/anneal-3731-i125-i154-native-plugin-mapped-workers-2026-09-30/REPORT.md,reports/anneal-3731-i125-i154-native-plugin-mapped-workers-2026-09-30/REPORT.json,exact_claim_source_review,reports/lean-lake-430rc2-to-4341-source-review-2026-09-30/support/frozen-cohort.csv,lean:cohort_row,reports/lean-lake-430rc2-to-4341-source-review-2026-09-30/support/frozen-cohort.csv,source_only_no_new_runtime_or_package_execution
R287,Lean/Lake v4.30.0-rc2,reports/anneal-3731-i125-plugin-cwd-path-alias-v4-30-0-rc2/REPORT.md,reports/anneal-3731-i125-plugin-cwd-path-alias-v4-30-0-rc2/REPORT.json,exact_claim_source_review,reports/lean-lake-430rc2-to-4341-source-review-2026-09-30/support/frozen-cohort.csv,lean:cohort_row,reports/lean-lake-430rc2-to-4341-source-review-2026-09-30/support/frozen-cohort.csv,source_only_no_new_runtime_or_package_execution
R289,June 2026 Rust→Charon→Aeneas→Lean 4.30.0-rc2 bundle,reports/anneal-3731-i147-syntax-equivalent-rebuild-2026-09-29/REPORT.md,reports/anneal-3731-i147-syntax-equivalent-rebuild-2026-09-29/REPORT.json,contextual_or_paired_component_only,reports/aeneas-compatible-bundle-source-drift-2026-09-30/support/claim-matrix-ebcdcad-169.csv,aeneas:context_only,,source_only_no_new_runtime_or_package_execution
R290,Lean/Lake v4.30.0-rc2,reports/anneal-3731-i148-five-function-lake-replay-2026-09-29/REPORT.md,reports/anneal-3731-i148-five-function-lake-replay-2026-09-29/REPORT.json,exact_claim_source_review,reports/lean-lake-430rc2-to-4341-source-review-2026-09-30/support/frozen-cohort.csv,lean:cohort_row,reports/lean-lake-430rc2-to-4341-source-review-2026-09-30/support/frozen-cohort.csv,source_only_no_new_runtime_or_package_execution
R291,June 2026 Rust→Charon→Aeneas→Lean 4.30.0-rc2 bundle,reports/anneal-3731-i148-multifunction-translation-repeat-2026-09-29/REPORT.md,reports/anneal-3731-i148-multifunction-translation-repeat-2026-09-29/REPORT.json,contextual_or_paired_component_only,reports/aeneas-compatible-bundle-source-drift-2026-09-30/support/claim-matrix-ebcdcad-169.csv,aeneas:context_only,,source_only_no_new_runtime_or_package_execution
R292,Lean/Lake v4.30.0-rc2,reports/anneal-3731-i151-matched-lake-writer-isolation-2026-09-29/REPORT.md,reports/anneal-3731-i151-matched-lake-writer-isolation-2026-09-29/REPORT.json,exact_claim_source_review,reports/lean-lake-430rc2-to-4341-source-review-2026-09-30/support/frozen-cohort.csv,lean:cohort_row,reports/lean-lake-430rc2-to-4341-source-review-2026-09-30/support/frozen-cohort.csv,source_only_no_new_runtime_or_package_execution
R293,Lean/Lake v4.30.0-rc2,reports/anneal-3731-i151-package-local-interrupted-olean-2026-09-30/REPORT.md,reports/anneal-3731-i151-package-local-interrupted-olean-2026-09-30/REPORT.json,exact_claim_source_review,reports/lean-lake-430rc2-to-4341-source-review-2026-09-30/support/frozen-cohort.csv,lean:cohort_row,reports/lean-lake-430rc2-to-4341-source-review-2026-09-30/support/frozen-cohort.csv,source_only_no_new_runtime_or_package_execution
R294,Lean/Lake v4.30.0-rc2,reports/anneal-3731-lake-fresh-cache-consumer-matrix-2026-09-29/REPORT.md,reports/anneal-3731-lake-fresh-cache-consumer-matrix-2026-09-29/REPORT.json,exact_claim_source_review,reports/lean-lake-430rc2-to-4341-source-review-2026-09-30/support/frozen-cohort.csv,lean:cohort_row,reports/lean-lake-430rc2-to-4341-source-review-2026-09-30/support/frozen-cohort.csv,source_only_no_new_runtime_or_package_execution
R295,Lean/Lake v4.30.0-rc2,reports/anneal-3731-lake-launched-position-context-v4-30-0-rc2/REPORT.md,reports/anneal-3731-lake-launched-position-context-v4-30-0-rc2/REPORT.json,exact_claim_source_review,reports/lean-lake-430rc2-to-4341-source-review-2026-09-30/support/frozen-cohort.csv,lean:cohort_row,reports/lean-lake-430rc2-to-4341-source-review-2026-09-30/support/frozen-cohort.csv,source_only_no_new_runtime_or_package_execution
R296,Lean/Lake v4.30.0-rc2,reports/anneal-3731-lake-malformed-manifest-preflight-refusal-2026-09-29/REPORT.md,reports/anneal-3731-lake-malformed-manifest-preflight-refusal-2026-09-29/REPORT.json,exact_claim_source_review,reports/lean-lake-430rc2-to-4341-source-review-2026-09-30/support/frozen-cohort.csv,lean:cohort_row,reports/lean-lake-430rc2-to-4341-source-review-2026-09-30/support/frozen-cohort.csv,source_only_no_new_runtime_or_package_execution
R297,Lean/Lake v4.30.0-rc2,reports/anneal-3731-lake-nested-constructor-goal-positions-v4-30-0-rc2/REPORT.md,reports/anneal-3731-lake-nested-constructor-goal-positions-v4-30-0-rc2/REPORT.json,exact_claim_source_review,reports/lean-lake-430rc2-to-4341-source-review-2026-09-30/support/frozen-cohort.csv,lean:cohort_row,reports/lean-lake-430rc2-to-4341-source-review-2026-09-30/support/frozen-cohort.csv,source_only_no_new_runtime_or_package_execution
R298,Lean/Lake v4.30.0-rc2,reports/anneal-3731-lake-reflexive-term-goal-positions-v4-30-0-rc2/REPORT.md,reports/anneal-3731-lake-reflexive-term-goal-positions-v4-30-0-rc2/REPORT.json,exact_claim_source_review,reports/lean-lake-430rc2-to-4341-source-review-2026-09-30/support/frozen-cohort.csv,lean:cohort_row,reports/lean-lake-430rc2-to-4341-source-review-2026-09-30/support/frozen-cohort.csv,source_only_no_new_runtime_or_package_execution
R299,Lean/Lake v4.30.0-rc2,reports/anneal-3731-lake-rich-term-goal-nested-2026-09-30/REPORT.md,reports/anneal-3731-lake-rich-term-goal-nested-2026-09-30/REPORT.json,exact_claim_source_review,reports/lean-lake-430rc2-to-4341-source-review-2026-09-30/support/frozen-cohort.csv,lean:cohort_row,reports/lean-lake-430rc2-to-4341-source-review-2026-09-30/support/frozen-cohort.csv,source_only_no_new_runtime_or_package_execution
R300,Lean/Lake v4.30.0-rc2,reports/anneal-3731-lake-unsaved-macro-error-positions-v4-30-0-rc2/REPORT.md,reports/anneal-3731-lake-unsaved-macro-error-positions-v4-30-0-rc2/REPORT.json,exact_claim_source_review,reports/lean-lake-430rc2-to-4341-source-review-2026-09-30/support/frozen-cohort.csv,lean:cohort_row,reports/lean-lake-430rc2-to-4341-source-review-2026-09-30/support/frozen-cohort.csv,source_only_no_new_runtime_or_package_execution
R301,Lean/Lake v4.30.0-rc2,reports/anneal-3731-reader-owned-generation-lease-v4-30-0-rc2/REPORT.md,reports/anneal-3731-reader-owned-generation-lease-v4-30-0-rc2/REPORT.json,exact_claim_source_review,reports/aeneas-compatible-bundle-source-drift-2026-09-30/support/claim-matrix-ebcdcad-169.csv;reports/lean-lake-430rc2-to-4341-source-review-2026-09-30/support/frozen-cohort.csv,aeneas:context_only;lean:cohort_row,reports/lean-lake-430rc2-to-4341-source-review-2026-09-30/support/frozen-cohort.csv,source_only_no_new_runtime_or_package_execution
R302,Lean/Lake v4.30.0-rc2,reports/anneal-3731-real-generation-gc-lease-v4-30-0-rc2/REPORT.md,reports/anneal-3731-real-generation-gc-lease-v4-30-0-rc2/REPORT.json,exact_claim_source_review,reports/aeneas-compatible-bundle-source-drift-2026-09-30/support/claim-matrix-ebcdcad-169.csv;reports/lean-lake-430rc2-to-4341-source-review-2026-09-30/support/frozen-cohort.csv,aeneas:context_only;lean:cohort_row,reports/lean-lake-430rc2-to-4341-source-review-2026-09-30/support/frozen-cohort.csv,source_only_no_new_runtime_or_package_execution
R303,Lean/Lake v4.30.0-rc2,reports/anneal-3731-real-generation-publication-v4-30-0-rc2/REPORT.md,reports/anneal-3731-real-generation-publication-v4-30-0-rc2/REPORT.json,exact_claim_source_review,reports/aeneas-compatible-bundle-source-drift-2026-09-30/support/claim-matrix-ebcdcad-169.csv;reports/lean-lake-430rc2-to-4341-source-review-2026-09-30/support/frozen-cohort.csv,aeneas:context_only;lean:cohort_row,reports/lean-lake-430rc2-to-4341-source-review-2026-09-30/support/frozen-cohort.csv,source_only_no_new_runtime_or_package_execution
R304,Lean/Lake v4.30.0-rc2,reports/anneal-3731-rich-goal-unsaved-recovery-v4-30-0-rc2/REPORT.md,reports/anneal-3731-rich-goal-unsaved-recovery-v4-30-0-rc2/REPORT.json,exact_claim_source_review,reports/lean-lake-430rc2-to-4341-source-review-2026-09-30/support/frozen-cohort.csv,lean:cohort_row,reports/lean-lake-430rc2-to-4341-source-review-2026-09-30/support/frozen-cohort.csv,source_only_no_new_runtime_or_package_execution
R305,Lean/Lake v4.30.0-rc2,reports/anneal-3731-two-concurrent-fresh-cache-goal-consumers-2026-09-29/REPORT.md,reports/anneal-3731-two-concurrent-fresh-cache-goal-consumers-2026-09-29/REPORT.json,exact_claim_source_review,reports/lean-lake-430rc2-to-4341-source-review-2026-09-30/support/frozen-cohort.csv,lean:cohort_row,reports/lean-lake-430rc2-to-4341-source-review-2026-09-30/support/frozen-cohort.csv,source_only_no_new_runtime_or_package_execution
R348,Cargo/rustc nightly-2026-05-31,reports/cargo-compilation-subject-identity-2026-05-31/REPORT.md,reports/cargo-compilation-subject-identity-2026-05-31/REPORT.json,exact_claim_source_review,reports/cargo-r348-r349-r352-to-rust-1981-source-review-2026-09-30/support/frozen-cohort.csv,cargo:exact_frozen_claim,reports/cargo-r348-r349-r352-to-rust-1981-source-review-2026-09-30/support/frozen-cohort.csv,source_only_no_new_runtime_or_package_execution
R349,Cargo/rustc nightly-2026-05-31,reports/cargo-metadata-feature-resolution-2026-05-31/REPORT.md,reports/cargo-metadata-feature-resolution-2026-05-31/REPORT.json,exact_claim_source_review,reports/cargo-r348-r349-r352-to-rust-1981-source-review-2026-09-30/support/frozen-cohort.csv,cargo:exact_frozen_claim,reports/cargo-r348-r349-r352-to-rust-1981-source-review-2026-09-30/support/frozen-cohort.csv,source_only_no_new_runtime_or_package_execution
R350,Cargo/rustc nightly-2026-05-31,reports/cargo-rust-charon-anneal-coverage-matrix-2026-09-28/REPORT.md,reports/cargo-rust-charon-anneal-coverage-matrix-2026-09-28/REPORT.json,contextual_or_paired_component_only,reports/aeneas-compatible-bundle-source-drift-2026-09-30/support/claim-matrix-ebcdcad-169.csv,aeneas:paired_component,,source_only_no_new_runtime_or_package_execution
R352,Cargo/rustc nightly-2026-05-31,reports/cargo-unit-graphs-rustc-invocations-2026-05-31/REPORT.md,reports/cargo-unit-graphs-rustc-invocations-2026-05-31/REPORT.json,exact_claim_source_review,reports/cargo-r348-r349-r352-to-rust-1981-source-review-2026-09-30/support/frozen-cohort.csv,cargo:exact_frozen_claim,reports/cargo-r348-r349-r352-to-rust-1981-source-review-2026-09-30/support/frozen-cohort.csv,source_only_no_new_runtime_or_package_execution
R353,Charon 0.1.210 + Rust nightly-2026-05-31,reports/charon-async-coroutines-0-1-210/REPORT.md,reports/charon-async-coroutines-0-1-210/REPORT.json,exact_claim_source_review,reports/aeneas-compatible-bundle-source-drift-2026-09-30/support/claim-matrix-ebcdcad-169.csv;reports/charon-0-1-210-to-nightly-2026-09-30-source-review/support/frozen-cohort.csv,aeneas:paired_component;charon:cohort_row,reports/charon-0-1-210-to-nightly-2026-09-30-source-review/support/frozen-cohort.csv,source_only_no_new_runtime_or_package_execution
R354,Charon 0.1.210 + Rust nightly-2026-05-31,reports/charon-cli-invocation-modes-0-1-210/REPORT.md,reports/charon-cli-invocation-modes-0-1-210/REPORT.json,exact_claim_source_review,reports/aeneas-compatible-bundle-source-drift-2026-09-30/support/claim-matrix-ebcdcad-169.csv;reports/charon-0-1-210-to-nightly-2026-09-30-source-review/support/frozen-cohort.csv,aeneas:paired_component;charon:cohort_row,reports/charon-0-1-210-to-nightly-2026-09-30-source-review/support/frozen-cohort.csv,source_only_no_new_runtime_or_package_execution
R355,Charon 0.1.210 + Rust nightly-2026-05-31,reports/charon-closures-0-1-210/REPORT.md,reports/charon-closures-0-1-210/REPORT.json,exact_claim_source_review,reports/aeneas-compatible-bundle-source-drift-2026-09-30/support/claim-matrix-ebcdcad-169.csv;reports/charon-0-1-210-to-nightly-2026-09-30-source-review/support/frozen-cohort.csv,aeneas:paired_component;charon:cohort_row,reports/charon-0-1-210-to-nightly-2026-09-30-source-review/support/frozen-cohort.csv,source_only_no_new_runtime_or_package_execution
R356,Charon nightly-2026.06.03 + paired Rust/Aeneas,reports/charon-closures-nightly-2026-06-03/REPORT.md,reports/charon-closures-nightly-2026-06-03/REPORT.json,contextual_or_paired_component_only,reports/aeneas-compatible-bundle-source-drift-2026-09-30/support/claim-matrix-ebcdcad-169.csv,aeneas:paired_component,,source_only_no_new_runtime_or_package_execution
R357,Charon 0.1.210 + Rust nightly-2026-05-31,reports/charon-constants-statics-associated-constants-0-1-210/REPORT.md,reports/charon-constants-statics-associated-constants-0-1-210/REPORT.json,exact_claim_source_review,reports/aeneas-compatible-bundle-source-drift-2026-09-30/support/claim-matrix-ebcdcad-169.csv;reports/charon-0-1-210-to-nightly-2026-09-30-source-review/support/frozen-cohort.csv,aeneas:paired_component;charon:cohort_row,reports/charon-0-1-210-to-nightly-2026-09-30-source-review/support/frozen-cohort.csv,source_only_no_new_runtime_or_package_execution
R358,Charon nightly-2026.06.03 + paired Rust/Aeneas,reports/charon-dependency-and-source-coverage-nightly-2026-06-03/REPORT.md,reports/charon-dependency-and-source-coverage-nightly-2026-06-03/REPORT.json,contextual_or_paired_component_only,reports/aeneas-compatible-bundle-source-drift-2026-09-30/support/claim-matrix-ebcdcad-169.csv,aeneas:paired_component,,source_only_no_new_runtime_or_package_execution
R359,Charon 0.1.210 + Rust nightly-2026-05-31,reports/charon-drop-destructor-semantics-0-1-210/REPORT.md,reports/charon-drop-destructor-semantics-0-1-210/REPORT.json,exact_claim_source_review,reports/aeneas-compatible-bundle-source-drift-2026-09-30/support/claim-matrix-ebcdcad-169.csv;reports/charon-0-1-210-to-nightly-2026-09-30-source-review/support/frozen-cohort.csv,aeneas:paired_component;charon:cohort_row,reports/charon-0-1-210-to-nightly-2026-09-30-source-review/support/frozen-cohort.csv,source_only_no_new_runtime_or_package_execution
R360,Charon 0.1.210 + Rust nightly-2026-05-31,reports/charon-entry-selection-opacity-0-1-210/REPORT.md,reports/charon-entry-selection-opacity-0-1-210/REPORT.json,exact_claim_source_review,reports/aeneas-compatible-bundle-source-drift-2026-09-30/support/claim-matrix-ebcdcad-169.csv;reports/charon-0-1-210-to-nightly-2026-09-30-source-review/support/frozen-cohort.csv,aeneas:paired_component;charon:cohort_row,reports/charon-0-1-210-to-nightly-2026-09-30-source-review/support/frozen-cohort.csv,source_only_no_new_runtime_or_package_execution
R361,Charon 0.1.210 + Rust nightly-2026-05-31,reports/charon-enum-layout-0-1-210/REPORT.md,reports/charon-enum-layout-0-1-210/REPORT.json,exact_claim_source_review,reports/aeneas-compatible-bundle-source-drift-2026-09-30/support/claim-matrix-ebcdcad-169.csv;reports/charon-0-1-210-to-nightly-2026-09-30-source-review/support/frozen-cohort.csv,aeneas:paired_component;charon:cohort_row,reports/charon-0-1-210-to-nightly-2026-09-30-source-review/support/frozen-cohort.csv,source_only_no_new_runtime_or_package_execution
R362,Charon nightly-2026.06.03 + paired Rust/Aeneas,reports/charon-extraction-scaling-nightly-2026-06-03/REPORT.md,reports/charon-extraction-scaling-nightly-2026-06-03/REPORT.json,contextual_or_paired_component_only,reports/aeneas-compatible-bundle-source-drift-2026-09-30/support/claim-matrix-ebcdcad-169.csv,aeneas:paired_component,,source_only_no_new_runtime_or_package_execution
R363,Charon 0.1.210 + Rust nightly-2026-05-31,reports/charon-incremental-capabilities-0-1-210/REPORT.md,reports/charon-incremental-capabilities-0-1-210/REPORT.json,exact_claim_source_review,reports/aeneas-compatible-bundle-source-drift-2026-09-30/support/claim-matrix-ebcdcad-169.csv;reports/charon-0-1-210-to-nightly-2026-09-30-source-review/support/frozen-cohort.csv,aeneas:paired_component;charon:cohort_row,reports/charon-0-1-210-to-nightly-2026-09-30-source-review/support/frozen-cohort.csv,source_only_no_new_runtime_or_package_execution
R364,Charon 0.1.210 + Rust nightly-2026-05-31,reports/charon-intrinsics-0-1-210/REPORT.md,reports/charon-intrinsics-0-1-210/REPORT.json,exact_claim_source_review,reports/aeneas-compatible-bundle-source-drift-2026-09-30/support/claim-matrix-ebcdcad-169.csv;reports/charon-0-1-210-to-nightly-2026-09-30-source-review/support/frozen-cohort.csv,aeneas:paired_component;charon:cohort_row,reports/charon-0-1-210-to-nightly-2026-09-30-source-review/support/frozen-cohort.csv,source_only_no_new_runtime_or_package_execution
R365,Charon nightly-2026.06.03 + paired Rust/Aeneas,reports/charon-item-identity-spans-comments-nightly-2026-06-03/REPORT.md,reports/charon-item-identity-spans-comments-nightly-2026-06-03/REPORT.json,contextual_or_paired_component_only,reports/aeneas-compatible-bundle-source-drift-2026-09-30/support/claim-matrix-ebcdcad-169.csv,aeneas:paired_component,,source_only_no_new_runtime_or_package_execution
R366,Charon 0.1.210 + Rust nightly-2026-05-31,reports/charon-library-process-server-0-1-210/REPORT.md,reports/charon-library-process-server-0-1-210/REPORT.json,exact_claim_source_review,reports/aeneas-compatible-bundle-source-drift-2026-09-30/support/claim-matrix-ebcdcad-169.csv;reports/charon-0-1-210-to-nightly-2026-09-30-source-review/support/frozen-cohort.csv,aeneas:paired_component;charon:cohort_row,reports/charon-0-1-210-to-nightly-2026-09-30-source-review/support/frozen-cohort.csv,source_only_no_new_runtime_or_package_execution
R367,Charon 0.1.210 + Rust nightly-2026-05-31,reports/charon-library-wire-compatibility-0-1-210/REPORT.md,reports/charon-library-wire-compatibility-0-1-210/REPORT.json,exact_claim_source_review,reports/aeneas-compatible-bundle-source-drift-2026-09-30/support/claim-matrix-ebcdcad-169.csv;reports/charon-0-1-210-to-nightly-2026-09-30-source-review/support/frozen-cohort.csv,aeneas:paired_component;charon:cohort_row,reports/charon-0-1-210-to-nightly-2026-09-30-source-review/support/frozen-cohort.csv,source_only_no_new_runtime_or_package_execution
R369,Charon 0.1.210 + Rust nightly-2026-05-31,reports/charon-multi-target-cargo-behavior-0-1-210/REPORT.md,reports/charon-multi-target-cargo-behavior-0-1-210/REPORT.json,exact_claim_source_review,reports/aeneas-compatible-bundle-source-drift-2026-09-30/support/claim-matrix-ebcdcad-169.csv;reports/charon-0-1-210-to-nightly-2026-09-30-source-review/support/frozen-cohort.csv,aeneas:paired_component;charon:cohort_row,reports/charon-0-1-210-to-nightly-2026-09-30-source-review/support/frozen-cohort.csv,source_only_no_new_runtime_or_package_execution
R370,Charon nightly-2026.06.03 + paired Rust/Aeneas,reports/charon-opaque-nightly-2026-06-03/REPORT.md,reports/charon-opaque-nightly-2026-06-03/REPORT.json,contextual_or_paired_component_only,reports/aeneas-compatible-bundle-source-drift-2026-09-30/support/claim-matrix-ebcdcad-169.csv,aeneas:paired_component,,source_only_no_new_runtime_or_package_execution
R371,Charon nightly-2026.06.03 + paired Rust/Aeneas,reports/charon-performance-and-revision-probes-2026-09-28/REPORT.md,reports/charon-performance-and-revision-probes-2026-09-28/REPORT.json,contextual_or_paired_component_only,reports/aeneas-compatible-bundle-source-drift-2026-09-30/support/claim-matrix-ebcdcad-169.csv,aeneas:paired_component,,source_only_no_new_runtime_or_package_execution
R372,Charon 0.1.210 + Rust nightly-2026-05-31,reports/charon-raw-pointers-unsafe-operations-0-1-210/REPORT.md,reports/charon-raw-pointers-unsafe-operations-0-1-210/REPORT.json,exact_claim_source_review,reports/aeneas-compatible-bundle-source-drift-2026-09-30/support/claim-matrix-ebcdcad-169.csv;reports/charon-0-1-210-to-nightly-2026-09-30-source-review/support/frozen-cohort.csv,aeneas:paired_component;charon:cohort_row,reports/charon-0-1-210-to-nightly-2026-09-30-source-review/support/frozen-cohort.csv,source_only_no_new_runtime_or_package_execution
R373,Charon 0.1.210 + Rust nightly-2026-05-31,reports/charon-release-upgrade-checklist-0-1-210/REPORT.md,reports/charon-release-upgrade-checklist-0-1-210/REPORT.json,exact_claim_source_review,reports/aeneas-compatible-bundle-source-drift-2026-09-30/support/claim-matrix-ebcdcad-169.csv;reports/charon-0-1-210-to-nightly-2026-09-30-source-review/support/frozen-cohort.csv,aeneas:paired_component;charon:cohort_row,reports/charon-0-1-210-to-nightly-2026-09-30-source-review/support/frozen-cohort.csv,source_only_no_new_runtime_or_package_execution
R374,Charon 0.1.210 + Rust nightly-2026-05-31,reports/charon-serialization-compatibility-api-0-1-210/REPORT.md,reports/charon-serialization-compatibility-api-0-1-210/REPORT.json,exact_claim_source_review,reports/aeneas-compatible-bundle-source-drift-2026-09-30/support/claim-matrix-ebcdcad-169.csv;reports/charon-0-1-210-to-nightly-2026-09-30-source-review/support/frozen-cohort.csv,aeneas:paired_component;charon:cohort_row,reports/charon-0-1-210-to-nightly-2026-09-30-source-review/support/frozen-cohort.csv,source_only_no_new_runtime_or_package_execution
R375,Charon nightly-2026.06.03 + paired Rust/Aeneas,reports/charon-start-from-nightly-2026-06-03/REPORT.md,reports/charon-start-from-nightly-2026-06-03/REPORT.json,contextual_or_paired_component_only,reports/aeneas-compatible-bundle-source-drift-2026-09-30/support/claim-matrix-ebcdcad-169.csv,aeneas:paired_component,,source_only_no_new_runtime_or_package_execution
R376,Charon nightly-2026.06.03 + paired Rust/Aeneas,reports/charon-support-and-unsoundness-nightly-2026-06-03/REPORT.md,reports/charon-support-and-unsoundness-nightly-2026-06-03/REPORT.json,contextual_or_paired_component_only,reports/aeneas-compatible-bundle-source-drift-2026-09-30/support/claim-matrix-ebcdcad-169.csv,aeneas:paired_component,,source_only_no_new_runtime_or_package_execution
R377,Charon 0.1.210 + Rust nightly-2026-05-31,reports/charon-toolchain-contract-0-1-210/REPORT.md,reports/charon-toolchain-contract-0-1-210/REPORT.json,exact_claim_source_review,reports/aeneas-compatible-bundle-source-drift-2026-09-30/support/claim-matrix-ebcdcad-169.csv;reports/charon-0-1-210-to-nightly-2026-09-30-source-review/support/frozen-cohort.csv,aeneas:paired_component;charon:cohort_row,reports/charon-0-1-210-to-nightly-2026-09-30-source-review/support/frozen-cohort.csv,source_only_no_new_runtime_or_package_execution
R378,Charon nightly-2026.06.03 + paired Rust/Aeneas,reports/charon-toolchain-requirements-nightly-2026-06-03/REPORT.md,reports/charon-toolchain-requirements-nightly-2026-06-03/REPORT.json,contextual_or_paired_component_only,reports/aeneas-compatible-bundle-source-drift-2026-09-30/support/claim-matrix-ebcdcad-169.csv,aeneas:paired_component,,source_only_no_new_runtime_or_package_execution
R379,Charon nightly-2026.06.03 + paired Rust/Aeneas,reports/charon-traits-generics-nightly-2026-06-03/REPORT.md,reports/charon-traits-generics-nightly-2026-06-03/REPORT.json,contextual_or_paired_component_only,reports/aeneas-compatible-bundle-source-drift-2026-09-30/support/claim-matrix-ebcdcad-169.csv,aeneas:paired_component,,source_only_no_new_runtime_or_package_execution
R380,Charon nightly-2026.06.03 + paired Rust/Aeneas,reports/charon-ullbc-llbc-schema-nightly-2026-06-03/REPORT.md,reports/charon-ullbc-llbc-schema-nightly-2026-06-03/REPORT.json,contextual_or_paired_component_only,reports/aeneas-compatible-bundle-source-drift-2026-09-30/support/claim-matrix-ebcdcad-169.csv,aeneas:paired_component,,source_only_no_new_runtime_or_package_execution
R381,Charon 0.1.210 + Rust nightly-2026-05-31,reports/charon-unions-0-1-210/REPORT.md,reports/charon-unions-0-1-210/REPORT.json,exact_claim_source_review,reports/aeneas-compatible-bundle-source-drift-2026-09-30/support/claim-matrix-ebcdcad-169.csv;reports/charon-0-1-210-to-nightly-2026-09-30-source-review/support/frozen-cohort.csv,aeneas:paired_component;charon:cohort_row,reports/charon-0-1-210-to-nightly-2026-09-30-source-review/support/frozen-cohort.csv,source_only_no_new_runtime_or_package_execution
R382,Charon nightly-2026.06.03 + paired Rust/Aeneas,reports/charon-zerocopy-library-repeat-order-nightly-2026-05-31/REPORT.md,reports/charon-zerocopy-library-repeat-order-nightly-2026-05-31/REPORT.json,contextual_or_paired_component_only,reports/aeneas-compatible-bundle-source-drift-2026-09-30/support/claim-matrix-ebcdcad-169.csv,aeneas:paired_component,,source_only_no_new_runtime_or_package_execution
R387,Rust nightly-2026-05-31 / Charon June 2026 / Lean 4.30.0-rc2 bundle,reports/cross-tool-diagnostic-path-normalization-2026-09-27/REPORT.md,reports/cross-tool-diagnostic-path-normalization-2026-09-27/REPORT.json,contextual_or_paired_component_only,reports/aeneas-compatible-bundle-source-drift-2026-09-30/support/claim-matrix-ebcdcad-169.csv,aeneas:paired_component,,source_only_no_new_runtime_or_package_execution
R388,Rust nightly-2026-05-31 / Charon June 2026 / Lean 4.30.0-rc2 bundle,reports/cross-tool-utf8-span-columns-2026-09-27/REPORT.md,reports/cross-tool-utf8-span-columns-2026-09-27/REPORT.json,contextual_or_paired_component_only,reports/aeneas-compatible-bundle-source-drift-2026-09-30/support/claim-matrix-ebcdcad-169.csv,aeneas:paired_component,,source_only_no_new_runtime_or_package_execution
R390,Rust nightly-2026-05-31 / Charon June 2026 / Lean 4.30.0-rc2 bundle,reports/diagnostic-format-controls-nightly-2026-05-31-v4-30-0-rc2/REPORT.md,reports/diagnostic-format-controls-nightly-2026-05-31-v4-30-0-rc2/REPORT.json,contextual_or_paired_component_only,reports/aeneas-compatible-bundle-source-drift-2026-09-30/support/claim-matrix-ebcdcad-169.csv,aeneas:context_only,,source_only_no_new_runtime_or_package_execution
R392,Rust nightly-2026-05-31 / Charon June 2026 / Lean 4.30.0-rc2 bundle,reports/end-to-end-source-correspondence-nightly-2026-06-03-v4-30-0-rc2/REPORT.md,reports/end-to-end-source-correspondence-nightly-2026-06-03-v4-30-0-rc2/REPORT.json,contextual_or_paired_component_only,reports/aeneas-compatible-bundle-source-drift-2026-09-30/support/claim-matrix-ebcdcad-169.csv,aeneas:context_only,,source_only_no_new_runtime_or_package_execution
R403,Rust nightly-2026-05-31 / Charon June 2026 / Lean 4.30.0-rc2 bundle,reports/generated-rust-visibility-nightly-2026-05-31/REPORT.md,reports/generated-rust-visibility-nightly-2026-05-31/REPORT.json,contextual_or_paired_component_only,reports/aeneas-compatible-bundle-source-drift-2026-09-30/support/claim-matrix-ebcdcad-169.csv,aeneas:context_only,,source_only_no_new_runtime_or_package_execution
R411,Lean/Lake v4.30.0-rc2,reports/lake-artifact-cache-architecture-v4-30-0-rc2/REPORT.md,reports/lake-artifact-cache-architecture-v4-30-0-rc2/REPORT.json,exact_claim_source_review,reports/lean-lake-430rc2-to-4341-source-review-2026-09-30/support/frozen-cohort.csv,lean:cohort_row,reports/lean-lake-430rc2-to-4341-source-review-2026-09-30/support/frozen-cohort.csv,source_only_no_new_runtime_or_package_execution
R412,Lean/Lake v4.30.0-rc2,reports/lake-artifact-cache-key-semantics-v4-30-0-rc2/REPORT.md,reports/lake-artifact-cache-key-semantics-v4-30-0-rc2/REPORT.json,exact_claim_source_review,reports/lean-lake-430rc2-to-4341-source-review-2026-09-30/support/frozen-cohort.csv,lean:cohort_row,reports/lean-lake-430rc2-to-4341-source-review-2026-09-30/support/frozen-cohort.csv,source_only_no_new_runtime_or_package_execution
R413,Lean/Lake v4.30.0-rc2,reports/lake-artifact-cache-noncoverage-v4-30-0-rc2/REPORT.md,reports/lake-artifact-cache-noncoverage-v4-30-0-rc2/REPORT.json,exact_claim_source_review,reports/lean-lake-430rc2-to-4341-source-review-2026-09-30/support/frozen-cohort.csv,lean:cohort_row,reports/lean-lake-430rc2-to-4341-source-review-2026-09-30/support/frozen-cohort.csv,source_only_no_new_runtime_or_package_execution
R414,Lean/Lake v4.30.0-rc2,reports/lake-artifact-cache-publication-restoration-v4-30-0-rc2/REPORT.md,reports/lake-artifact-cache-publication-restoration-v4-30-0-rc2/REPORT.json,exact_claim_source_review,reports/lean-lake-430rc2-to-4341-source-review-2026-09-30/support/frozen-cohort.csv,lean:cohort_row,reports/lean-lake-430rc2-to-4341-source-review-2026-09-30/support/frozen-cohort.csv,source_only_no_new_runtime_or_package_execution
R415,Lean/Lake v4.30.0-rc2,reports/lake-behavior-upgrade-checklist-v4-30-0-rc2/REPORT.md,reports/lake-behavior-upgrade-checklist-v4-30-0-rc2/REPORT.json,exact_claim_source_review,reports/aeneas-compatible-bundle-source-drift-2026-09-30/support/claim-matrix-ebcdcad-169.csv;reports/lean-lake-430rc2-to-4341-source-review-2026-09-30/support/frozen-cohort.csv,aeneas:paired_component;lean:cohort_row,reports/lean-lake-430rc2-to-4341-source-review-2026-09-30/support/frozen-cohort.csv,source_only_no_new_runtime_or_package_execution
R416,Lean/Lake v4.30.0-rc2,reports/lake-cache-concurrency-execution-probe-v4-30-0-rc2/REPORT.md,reports/lake-cache-concurrency-execution-probe-v4-30-0-rc2/REPORT.json,exact_claim_source_review,reports/lean-lake-430rc2-to-4341-source-review-2026-09-30/support/frozen-cohort.csv,lean:cohort_row,reports/lean-lake-430rc2-to-4341-source-review-2026-09-30/support/frozen-cohort.csv,source_only_no_new_runtime_or_package_execution
R417,Lean/Lake v4.30.0-rc2,reports/lake-cache-environment-v4-30-0-rc2/REPORT.md,reports/lake-cache-environment-v4-30-0-rc2/REPORT.json,exact_claim_source_review,reports/lean-lake-430rc2-to-4341-source-review-2026-09-30/support/frozen-cohort.csv,lean:cohort_row,reports/lean-lake-430rc2-to-4341-source-review-2026-09-30/support/frozen-cohort.csv,source_only_no_new_runtime_or_package_execution
R418,Lean/Lake v4.30.0-rc2,reports/lake-clean-cache-seeded-equivalence-v4-30-0-rc2/REPORT.md,reports/lake-clean-cache-seeded-equivalence-v4-30-0-rc2/REPORT.json,exact_claim_source_review,reports/lean-lake-430rc2-to-4341-source-review-2026-09-30/support/frozen-cohort.csv,lean:cohort_row,reports/lean-lake-430rc2-to-4341-source-review-2026-09-30/support/frozen-cohort.csv,source_only_no_new_runtime_or_package_execution
R419,Lean/Lake v4.30.0-rc2,reports/lake-command-environment-reproducibility-v4-30-0-rc2/REPORT.md,reports/lake-command-environment-reproducibility-v4-30-0-rc2/REPORT.json,exact_claim_source_review,reports/lean-lake-430rc2-to-4341-source-review-2026-09-30/support/frozen-cohort.csv,lean:cohort_row,reports/lean-lake-430rc2-to-4341-source-review-2026-09-30/support/frozen-cohort.csv,source_only_no_new_runtime_or_package_execution
R420,Lean/Lake v4.30.0-rc2,reports/lake-compact-cache-concurrency-and-mathlib-probes-v4-30-0-rc2/REPORT.md,reports/lake-compact-cache-concurrency-and-mathlib-probes-v4-30-0-rc2/REPORT.json,exact_claim_source_review,reports/lean-lake-430rc2-to-4341-source-review-2026-09-30/support/frozen-cohort.csv,lean:cohort_row,reports/lean-lake-430rc2-to-4341-source-review-2026-09-30/support/frozen-cohort.csv,source_only_no_new_runtime_or_package_execution
R421,Lean/Lake v4.30.0-rc2,reports/lake-config-cache-contents-invalidation-v4-30-0-rc2/REPORT.md,reports/lake-config-cache-contents-invalidation-v4-30-0-rc2/REPORT.json,exact_claim_source_review,reports/lean-lake-430rc2-to-4341-source-review-2026-09-30/support/frozen-cohort.csv,lean:cohort_row,reports/lean-lake-430rc2-to-4341-source-review-2026-09-30/support/frozen-cohort.csv,source_only_no_new_runtime_or_package_execution
R422,Lean/Lake v4.30.0-rc2,reports/lake-configuration-ownership-v4-30-0-rc2/REPORT.md,reports/lake-configuration-ownership-v4-30-0-rc2/REPORT.json,exact_claim_source_review,reports/lean-lake-430rc2-to-4341-source-review-2026-09-30/support/frozen-cohort.csv,lean:cohort_row,reports/lean-lake-430rc2-to-4341-source-review-2026-09-30/support/frozen-cohort.csv,source_only_no_new_runtime_or_package_execution
R424,Lean/Lake v4.30.0-rc2,reports/lake-dependency-resolution-v4-30-0-rc2/REPORT.md,reports/lake-dependency-resolution-v4-30-0-rc2/REPORT.json,exact_claim_source_review,reports/lean-lake-430rc2-to-4341-source-review-2026-09-30/support/frozen-cohort.csv,lean:cohort_row,reports/lean-lake-430rc2-to-4341-source-review-2026-09-30/support/frozen-cohort.csv,source_only_no_new_runtime_or_package_execution
R425,Lean/Lake v4.30.0-rc2,reports/lake-generated-workspace-readonly-probe-v4-30-0-rc2/REPORT.md,reports/lake-generated-workspace-readonly-probe-v4-30-0-rc2/REPORT.json,exact_claim_source_review,reports/lean-lake-430rc2-to-4341-source-review-2026-09-30/support/frozen-cohort.csv,lean:cohort_row,reports/lean-lake-430rc2-to-4341-source-review-2026-09-30/support/frozen-cohort.csv,source_only_no_new_runtime_or_package_execution
R426,Lean/Lake v4.30.0-rc2,reports/lake-git-path-dependencies-v4-30-0-rc2/REPORT.md,reports/lake-git-path-dependencies-v4-30-0-rc2/REPORT.json,exact_claim_source_review,reports/lean-lake-430rc2-to-4341-source-review-2026-09-30/support/frozen-cohort.csv,lean:cohort_row,reports/lean-lake-430rc2-to-4341-source-review-2026-09-30/support/frozen-cohort.csv,source_only_no_new_runtime_or_package_execution
R427,Lean/Lake v4.30.0-rc2,reports/lake-manifest-schema-locking-v4-30-0-rc2/REPORT.md,reports/lake-manifest-schema-locking-v4-30-0-rc2/REPORT.json,exact_claim_source_review,reports/lean-lake-430rc2-to-4341-source-review-2026-09-30/support/frozen-cohort.csv,lean:cohort_row,reports/lean-lake-430rc2-to-4341-source-review-2026-09-30/support/frozen-cohort.csv,source_only_no_new_runtime_or_package_execution
R428,Lean/Lake v4.30.0-rc2,reports/lake-olean-invalidation-v4-30-0-rc2/REPORT.md,reports/lake-olean-invalidation-v4-30-0-rc2/REPORT.json,exact_claim_source_review,reports/lean-lake-430rc2-to-4341-source-review-2026-09-30/support/frozen-cohort.csv,lean:cohort_row,reports/lean-lake-430rc2-to-4341-source-review-2026-09-30/support/frozen-cohort.csv,source_only_no_new_runtime_or_package_execution
R429,Lean/Lake v4.30.0-rc2,reports/lake-package-config-priming-v4-30-0-rc2/REPORT.md,reports/lake-package-config-priming-v4-30-0-rc2/REPORT.json,exact_claim_source_review,reports/lean-lake-430rc2-to-4341-source-review-2026-09-30/support/frozen-cohort.csv,lean:cohort_row,reports/lean-lake-430rc2-to-4341-source-review-2026-09-30/support/frozen-cohort.csv,source_only_no_new_runtime_or_package_execution
R430,Lean/Lake v4.30.0-rc2,reports/lake-package-identity-after-vendoring-v4-30-0-rc2/REPORT.md,reports/lake-package-identity-after-vendoring-v4-30-0-rc2/REPORT.json,exact_claim_source_review,reports/lean-lake-430rc2-to-4341-source-review-2026-09-30/support/frozen-cohort.csv,lean:cohort_row,reports/lean-lake-430rc2-to-4341-source-review-2026-09-30/support/frozen-cohort.csv,source_only_no_new_runtime_or_package_execution
R431,Lean/Lake v4.30.0-rc2,reports/lake-package-tree-pruning-v4-30-0-rc2/REPORT.md,reports/lake-package-tree-pruning-v4-30-0-rc2/REPORT.json,exact_claim_source_review,reports/aeneas-compatible-bundle-source-drift-2026-09-30/support/claim-matrix-ebcdcad-169.csv;reports/lean-lake-430rc2-to-4341-source-review-2026-09-30/support/frozen-cohort.csv,aeneas:paired_component;lean:cohort_row,reports/lean-lake-430rc2-to-4341-source-review-2026-09-30/support/frozen-cohort.csv,source_only_no_new_runtime_or_package_execution
R432,Lean/Lake v4.30.0-rc2,reports/lake-path-embedding-v4-30-0-rc2/REPORT.md,reports/lake-path-embedding-v4-30-0-rc2/REPORT.json,exact_claim_source_review,reports/lean-lake-430rc2-to-4341-source-review-2026-09-30/support/frozen-cohort.csv,lean:cohort_row,reports/lean-lake-430rc2-to-4341-source-review-2026-09-30/support/frozen-cohort.csv,source_only_no_new_runtime_or_package_execution
R433,Lean/Lake v4.30.0-rc2,reports/lake-readonly-relocation-offline-concurrency-v4-30-0-rc2/REPORT.md,reports/lake-readonly-relocation-offline-concurrency-v4-30-0-rc2/REPORT.json,exact_claim_source_review,reports/lean-lake-430rc2-to-4341-source-review-2026-09-30/support/frozen-cohort.csv,lean:cohort_row,reports/lean-lake-430rc2-to-4341-source-review-2026-09-30/support/frozen-cohort.csv,source_only_no_new_runtime_or_package_execution
R434,Lean/Lake v4.30.0-rc2,reports/lake-reuse-rebuild-observability-v4-30-0-rc2/REPORT.md,reports/lake-reuse-rebuild-observability-v4-30-0-rc2/REPORT.json,exact_claim_source_review,reports/lean-lake-430rc2-to-4341-source-review-2026-09-30/support/frozen-cohort.csv,lean:cohort_row,reports/lean-lake-430rc2-to-4341-source-review-2026-09-30/support/frozen-cohort.csv,source_only_no_new_runtime_or_package_execution
R435,Lean/Lake v4.30.0-rc2,reports/lake-server-preparation-v4-30-0-rc2/REPORT.md,reports/lake-server-preparation-v4-30-0-rc2/REPORT.json,exact_claim_source_review,reports/lean-lake-430rc2-to-4341-source-review-2026-09-30/support/frozen-cohort.csv,lean:cohort_row,reports/lean-lake-430rc2-to-4341-source-review-2026-09-30/support/frozen-cohort.csv,source_only_no_new_runtime_or_package_execution
R436,Lean/Lake v4.30.0-rc2,reports/lake-source-materialization-v4-30-0-rc2/REPORT.md,reports/lake-source-materialization-v4-30-0-rc2/REPORT.json,exact_claim_source_review,reports/lean-lake-430rc2-to-4341-source-review-2026-09-30/support/frozen-cohort.csv,lean:cohort_row,reports/lean-lake-430rc2-to-4341-source-review-2026-09-30/support/frozen-cohort.csv,source_only_no_new_runtime_or_package_execution
R437,Lean/Lake v4.30.0-rc2,reports/lake-state-model-v4-30-0-rc2/REPORT.md,reports/lake-state-model-v4-30-0-rc2/REPORT.json,exact_claim_source_review,reports/lean-lake-430rc2-to-4341-source-review-2026-09-30/support/frozen-cohort.csv,lean:cohort_row,reports/lean-lake-430rc2-to-4341-source-review-2026-09-30/support/frozen-cohort.csv,source_only_no_new_runtime_or_package_execution
R438,Lean/Lake v4.30.0-rc2,reports/lake-trace-nobuild-v4-30-0-rc2/REPORT.md,reports/lake-trace-nobuild-v4-30-0-rc2/REPORT.json,exact_claim_source_review,reports/lean-lake-430rc2-to-4341-source-review-2026-09-30/support/frozen-cohort.csv,lean:cohort_row,reports/lean-lake-430rc2-to-4341-source-review-2026-09-30/support/frozen-cohort.csv,source_only_no_new_runtime_or_package_execution
R439,Lean/Lake v4.30.0-rc2,reports/lake-trace-relocation-rewrite-boundaries-v4-30-0-rc2/REPORT.md,reports/lake-trace-relocation-rewrite-boundaries-v4-30-0-rc2/REPORT.json,exact_claim_source_review,reports/lean-lake-430rc2-to-4341-source-review-2026-09-30/support/frozen-cohort.csv,lean:cohort_row,reports/lean-lake-430rc2-to-4341-source-review-2026-09-30/support/frozen-cohort.csv,source_only_no_new_runtime_or_package_execution
R440,Lean/Lake v4.30.0-rc2,reports/lake-transitive-path-dependencies-v4-30-0-rc2/REPORT.md,reports/lake-transitive-path-dependencies-v4-30-0-rc2/REPORT.json,exact_claim_source_review,reports/lean-lake-430rc2-to-4341-source-review-2026-09-30/support/frozen-cohort.csv,lean:cohort_row,reports/lean-lake-430rc2-to-4341-source-review-2026-09-30/support/frozen-cohort.csv,source_only_no_new_runtime_or_package_execution
R441,Lean/Lake v4.30.0-rc2,reports/lake-workspace-package-mutable-state-v4-30-0-rc2/REPORT.md,reports/lake-workspace-package-mutable-state-v4-30-0-rc2/REPORT.json,exact_claim_source_review,reports/lean-lake-430rc2-to-4341-source-review-2026-09-30/support/frozen-cohort.csv,lean:cohort_row,reports/lean-lake-430rc2-to-4341-source-review-2026-09-30/support/frozen-cohort.csv,source_only_no_new_runtime_or_package_execution
R443,Lean/Lake v4.30.0-rc2 Linux aarch64 + leantar,reports/lean-430-rc2-linux-aarch64-leantar-anomaly/REPORT.md,reports/lean-430-rc2-linux-aarch64-leantar-anomaly/REPORT.json,exact_claim_source_review,reports/lean-430rc2-to-4341-linux-aarch64-leantar-static-recheck/support/frozen-inventory-row.json,lean-leantar-static:static_architecture_only,reports/lean-430rc2-to-4341-linux-aarch64-leantar-static-recheck/support/frozen-inventory-row.json,static_architecture_only_no_execution
R444,Lean/Lake v4.30.0-rc2,reports/lean-batch-diagnostic-normalization-oracle-v4-30-0-rc2/REPORT.md,reports/lean-batch-diagnostic-normalization-oracle-v4-30-0-rc2/REPORT.json,exact_claim_source_review,reports/lean-lake-430rc2-to-4341-source-review-2026-09-30/support/frozen-cohort.csv,lean:cohort_row,reports/lean-lake-430rc2-to-4341-source-review-2026-09-30/support/frozen-cohort.csv,source_only_no_new_runtime_or_package_execution
R445,Lean/Lake v4.30.0-rc2,reports/lean-cli-entry-points-v4-30-0-rc2/REPORT.md,reports/lean-cli-entry-points-v4-30-0-rc2/REPORT.json,exact_claim_source_review,reports/lean-lake-430rc2-to-4341-source-review-2026-09-30/support/frozen-cohort.csv,lean:cohort_row,reports/lean-lake-430rc2-to-4341-source-review-2026-09-30/support/frozen-cohort.csv,source_only_no_new_runtime_or_package_execution
R446,Lean/Lake v4.30.0-rc2,reports/lean-compilation-determinism-v4-30-0-rc2/REPORT.md,reports/lean-compilation-determinism-v4-30-0-rc2/REPORT.json,exact_claim_source_review,reports/lean-lake-430rc2-to-4341-source-review-2026-09-30/support/frozen-cohort.csv,lean:cohort_row,reports/lean-lake-430rc2-to-4341-source-review-2026-09-30/support/frozen-cohort.csv,source_only_no_new_runtime_or_package_execution
R448,Lean/Lake v4.30.0-rc2,reports/lean-diagnostic-format-controls-v4-30-0-rc2/REPORT.md,reports/lean-diagnostic-format-controls-v4-30-0-rc2/REPORT.json,exact_claim_source_review,reports/lean-lake-430rc2-to-4341-source-review-2026-09-30/support/frozen-cohort.csv,lean:cohort_row,reports/lean-lake-430rc2-to-4341-source-review-2026-09-30/support/frozen-cohort.csv,source_only_no_new_runtime_or_package_execution
R449,Lean/Lake v4.30.0-rc2,reports/lean-diagnostic-objects-severity-v4-30-0-rc2/REPORT.md,reports/lean-diagnostic-objects-severity-v4-30-0-rc2/REPORT.json,exact_claim_source_review,reports/lean-lake-430rc2-to-4341-source-review-2026-09-30/support/frozen-cohort.csv,lean:cohort_row,reports/lean-lake-430rc2-to-4341-source-review-2026-09-30/support/frozen-cohort.csv,source_only_no_new_runtime_or_package_execution
R450,Lean/Lake v4.30.0-rc2,reports/lean-environment-hashing-invalidation-v4-30-0-rc2/REPORT.md,reports/lean-environment-hashing-invalidation-v4-30-0-rc2/REPORT.json,exact_claim_source_review,reports/lean-lake-430rc2-to-4341-source-review-2026-09-30/support/frozen-cohort.csv,lean:cohort_row,reports/lean-lake-430rc2-to-4341-source-review-2026-09-30/support/frozen-cohort.csv,source_only_no_new_runtime_or_package_execution
R451,Lean/Lake v4.30.0-rc2,reports/lean-environment-invalidation-v4-30-0-rc2/REPORT.md,reports/lean-environment-invalidation-v4-30-0-rc2/REPORT.json,exact_claim_source_review,reports/lean-lake-430rc2-to-4341-source-review-2026-09-30/support/frozen-cohort.csv,lean:cohort_row,reports/lean-lake-430rc2-to-4341-source-review-2026-09-30/support/frozen-cohort.csv,source_only_no_new_runtime_or_package_execution
R452,Lean/Lake v4.30.0-rc2,reports/lean-generated-file-interactive-workflows-v4-30-0-rc2/REPORT.md,reports/lean-generated-file-interactive-workflows-v4-30-0-rc2/REPORT.json,exact_claim_source_review,reports/aeneas-compatible-bundle-source-drift-2026-09-30/support/claim-matrix-ebcdcad-169.csv;reports/lean-lake-430rc2-to-4341-source-review-2026-09-30/support/frozen-cohort.csv,aeneas:paired_component;lean:cohort_row,reports/lean-lake-430rc2-to-4341-source-review-2026-09-30/support/frozen-cohort.csv,source_only_no_new_runtime_or_package_execution
R453,Lean/Lake v4.30.0-rc2,reports/lean-goal-envelope-replay-2026-09-29/REPORT.md,reports/lean-goal-envelope-replay-2026-09-29/REPORT.json,exact_claim_source_review,reports/lean-lake-430rc2-to-4341-source-review-2026-09-30/support/frozen-cohort.csv,lean:cohort_row,reports/lean-lake-430rc2-to-4341-source-review-2026-09-30/support/frozen-cohort.csv,source_only_no_new_runtime_or_package_execution
R454,Lean/Lake v4.30.0-rc2,reports/lean-grind-behavior-extensibility-v4-30-0-rc2/REPORT.md,reports/lean-grind-behavior-extensibility-v4-30-0-rc2/REPORT.json,exact_claim_source_review,reports/lean-lake-430rc2-to-4341-source-review-2026-09-30/support/frozen-cohort.csv,lean:cohort_row,reports/lean-lake-430rc2-to-4341-source-review-2026-09-30/support/frozen-cohort.csv,source_only_no_new_runtime_or_package_execution
R455,Lean/Lake v4.30.0-rc2,reports/lean-ilean-schema-uses-v4-30-0-rc2/REPORT.md,reports/lean-ilean-schema-uses-v4-30-0-rc2/REPORT.json,exact_claim_source_review,reports/lean-lake-430rc2-to-4341-source-review-2026-09-30/support/frozen-cohort.csv,lean:cohort_row,reports/lean-lake-430rc2-to-4341-source-review-2026-09-30/support/frozen-cohort.csv,source_only_no_new_runtime_or_package_execution
R457,Lean/Lake v4.30.0-rc2,reports/lean-infotree-elaboration-info-v4-30-0-rc2/REPORT.md,reports/lean-infotree-elaboration-info-v4-30-0-rc2/REPORT.json,exact_claim_source_review,reports/lean-lake-430rc2-to-4341-source-review-2026-09-30/support/frozen-cohort.csv,lean:cohort_row,reports/lean-lake-430rc2-to-4341-source-review-2026-09-30/support/frozen-cohort.csv,source_only_no_new_runtime_or_package_execution
R458,Lean/Lake v4.30.0-rc2,reports/lean-json-cli-protocol-v4-30-0-rc2/REPORT.md,reports/lean-json-cli-protocol-v4-30-0-rc2/REPORT.json,exact_claim_source_review,reports/lean-lake-430rc2-to-4341-source-review-2026-09-30/support/frozen-cohort.csv,lean:cohort_row,reports/lean-lake-430rc2-to-4341-source-review-2026-09-30/support/frozen-cohort.csv,source_only_no_new_runtime_or_package_execution
R459,Lean/Lake v4.30.0-rc2,reports/lean-lake-cross-platform-artifact-portability-v4-30-0-rc2/REPORT.md,reports/lean-lake-cross-platform-artifact-portability-v4-30-0-rc2/REPORT.json,exact_claim_source_review,reports/aeneas-compatible-bundle-source-drift-2026-09-30/support/claim-matrix-ebcdcad-169.csv;reports/lean-lake-430rc2-to-4341-source-review-2026-09-30/support/frozen-cohort.csv,aeneas:paired_component;lean:cohort_row,reports/lean-lake-430rc2-to-4341-source-review-2026-09-30/support/frozen-cohort.csv,source_only_no_new_runtime_or_package_execution
R460,Lean/Lake v4.30.0-rc2,reports/lean-lake-trace-hash-artifacts-v4-30-0-rc2/REPORT.md,reports/lean-lake-trace-hash-artifacts-v4-30-0-rc2/REPORT.json,exact_claim_source_review,reports/lean-lake-430rc2-to-4341-source-review-2026-09-30/support/frozen-cohort.csv,lean:cohort_row,reports/lean-lake-430rc2-to-4341-source-review-2026-09-30/support/frozen-cohort.csv,source_only_no_new_runtime_or_package_execution
R461,Lean/Lake v4.30.0-rc2,reports/lean-lake-unsaved-cross-module-import-v4-30-0-rc2/REPORT.md,reports/lean-lake-unsaved-cross-module-import-v4-30-0-rc2/REPORT.json,exact_claim_source_review,reports/lean-lake-430rc2-to-4341-source-review-2026-09-30/support/frozen-cohort.csv,lean:cohort_row,reports/lean-lake-430rc2-to-4341-source-review-2026-09-30/support/frozen-cohort.csv,source_only_no_new_runtime_or_package_execution
R463,Lean/Lake v4.30.0-rc2,reports/lean-lsp-old-version-wait-race-v4-30-0-rc2/REPORT.md,reports/lean-lsp-old-version-wait-race-v4-30-0-rc2/REPORT.json,exact_claim_source_review,reports/lean-lake-430rc2-to-4341-source-review-2026-09-30/support/frozen-cohort.csv,lean:cohort_row,reports/lean-lake-430rc2-to-4341-source-review-2026-09-30/support/frozen-cohort.csv,source_only_no_new_runtime_or_package_execution
R464,Lean/Lake v4.30.0-rc2,reports/lean-lsp-open-buffer-path-disappearance-v4-30-0-rc2/REPORT.md,reports/lean-lsp-open-buffer-path-disappearance-v4-30-0-rc2/REPORT.json,exact_claim_source_review,reports/lean-lake-430rc2-to-4341-source-review-2026-09-30/support/frozen-cohort.csv,lean:cohort_row,reports/lean-lake-430rc2-to-4341-source-review-2026-09-30/support/frozen-cohort.csv,source_only_no_new_runtime_or_package_execution
R465,Lean/Lake v4.30.0-rc2,reports/lean-macro-hygiene-v4-30-0-rc2/REPORT.md,reports/lean-macro-hygiene-v4-30-0-rc2/REPORT.json,exact_claim_source_review,reports/lean-lake-430rc2-to-4341-source-review-2026-09-30/support/frozen-cohort.csv,lean:cohort_row,reports/lean-lake-430rc2-to-4341-source-review-2026-09-30/support/frozen-cohort.csv,source_only_no_new_runtime_or_package_execution
R467,Lean/Lake v4.30.0-rc2,reports/lean-module-import-semantics-v4-30-0-rc2/REPORT.md,reports/lean-module-import-semantics-v4-30-0-rc2/REPORT.json,exact_claim_source_review,reports/lean-lake-430rc2-to-4341-source-review-2026-09-30/support/frozen-cohort.csv,lean:cohort_row,reports/lean-lake-430rc2-to-4341-source-review-2026-09-30/support/frozen-cohort.csv,source_only_no_new_runtime_or_package_execution
R468,Lean/Lake v4.30.0-rc2,reports/lean-name-resolution-v4-30-0-rc2/REPORT.md,reports/lean-name-resolution-v4-30-0-rc2/REPORT.json,exact_claim_source_review,reports/lean-lake-430rc2-to-4341-source-review-2026-09-30/support/frozen-cohort.csv,lean:cohort_row,reports/lean-lake-430rc2-to-4341-source-review-2026-09-30/support/frozen-cohort.csv,source_only_no_new_runtime_or_package_execution
R469,Lean/Lake v4.30.0-rc2,reports/lean-olean-format-identity-v4-30-0-rc2/REPORT.md,reports/lean-olean-format-identity-v4-30-0-rc2/REPORT.json,exact_claim_source_review,reports/lean-lake-430rc2-to-4341-source-review-2026-09-30/support/frozen-cohort.csv,lean:cohort_row,reports/lean-lake-430rc2-to-4341-source-review-2026-09-30/support/frozen-cohort.csv,source_only_no_new_runtime_or_package_execution
R470,Lean/Lake v4.30.0-rc2,reports/lean-omega-behavior-v4-30-0-rc2/REPORT.md,reports/lean-omega-behavior-v4-30-0-rc2/REPORT.json,exact_claim_source_review,reports/lean-lake-430rc2-to-4341-source-review-2026-09-30/support/frozen-cohort.csv,lean:cohort_row,reports/lean-lake-430rc2-to-4341-source-review-2026-09-30/support/frozen-cohort.csv,source_only_no_new_runtime_or_package_execution
R471,Lean/Lake v4.30.0-rc2,reports/lean-omega-v4-30-0-rc2/REPORT.md,reports/lean-omega-v4-30-0-rc2/REPORT.json,exact_claim_source_review,reports/lean-lake-430rc2-to-4341-source-review-2026-09-30/support/frozen-cohort.csv,lean:cohort_row,reports/lean-lake-430rc2-to-4341-source-review-2026-09-30/support/frozen-cohort.csv,source_only_no_new_runtime_or_package_execution
R472,Lean/Lake v4.30.0-rc2,reports/lean-package-native-artifacts-v4-30-0-rc2/REPORT.md,reports/lean-package-native-artifacts-v4-30-0-rc2/REPORT.json,exact_claim_source_review,reports/aeneas-compatible-bundle-source-drift-2026-09-30/support/claim-matrix-ebcdcad-169.csv;reports/lean-lake-430rc2-to-4341-source-review-2026-09-30/support/frozen-cohort.csv,aeneas:paired_component;lean:cohort_row,reports/lean-lake-430rc2-to-4341-source-review-2026-09-30/support/frozen-cohort.csv,source_only_no_new_runtime_or_package_execution
R473,Lean/Lake v4.30.0-rc2,reports/lean-parser-elaborator-source-positions-v4-30-0-rc2/REPORT.md,reports/lean-parser-elaborator-source-positions-v4-30-0-rc2/REPORT.json,exact_claim_source_review,reports/lean-lake-430rc2-to-4341-source-review-2026-09-30/support/frozen-cohort.csv,lean:cohort_row,reports/lean-lake-430rc2-to-4341-source-review-2026-09-30/support/frozen-cohort.csv,source_only_no_new_runtime_or_package_execution
R474,Lean/Lake v4.30.0-rc2,reports/lean-partial-definitions-v4-30-0-rc2/REPORT.md,reports/lean-partial-definitions-v4-30-0-rc2/REPORT.json,exact_claim_source_review,reports/lean-lake-430rc2-to-4341-source-review-2026-09-30/support/frozen-cohort.csv,lean:cohort_row,reports/lean-lake-430rc2-to-4341-source-review-2026-09-30/support/frozen-cohort.csv,source_only_no_new_runtime_or_package_execution
R475,Lean/Lake v4.30.0-rc2,reports/lean-pretty-printing-roundtrip-v4-30-0-rc2/REPORT.md,reports/lean-pretty-printing-roundtrip-v4-30-0-rc2/REPORT.json,exact_claim_source_review,reports/lean-lake-430rc2-to-4341-source-review-2026-09-30/support/frozen-cohort.csv,lean:cohort_row,reports/lean-lake-430rc2-to-4341-source-review-2026-09-30/support/frozen-cohort.csv,source_only_no_new_runtime_or_package_execution
R476,Lean/Lake v4.30.0-rc2,reports/lean-release-upgrade-checklist-v4-30-0-rc2/REPORT.md,reports/lean-release-upgrade-checklist-v4-30-0-rc2/REPORT.json,exact_claim_source_review,reports/aeneas-compatible-bundle-source-drift-2026-09-30/support/claim-matrix-ebcdcad-169.csv;reports/lean-lake-430rc2-to-4341-source-review-2026-09-30/support/frozen-cohort.csv,aeneas:paired_component;lean:cohort_row,reports/lean-lake-430rc2-to-4341-source-review-2026-09-30/support/frozen-cohort.csv,source_only_no_new_runtime_or_package_execution
R477,Lean/Lake v4.30.0-rc2,reports/lean-same-server-dependency-generation-v4-30-0-rc2/REPORT.md,reports/lean-same-server-dependency-generation-v4-30-0-rc2/REPORT.json,exact_claim_source_review,reports/lean-lake-430rc2-to-4341-source-review-2026-09-30/support/frozen-cohort.csv,lean:cohort_row,reports/lean-lake-430rc2-to-4341-source-review-2026-09-30/support/frozen-cohort.csv,source_only_no_new_runtime_or_package_execution
R478,Lean/Lake v4.30.0-rc2,reports/lean-server-concurrency-experiment-v4-30-0-rc2/REPORT.md,reports/lean-server-concurrency-experiment-v4-30-0-rc2/REPORT.json,exact_claim_source_review,reports/lean-lake-430rc2-to-4341-source-review-2026-09-30/support/frozen-cohort.csv,lean:cohort_row,reports/lean-lake-430rc2-to-4341-source-review-2026-09-30/support/frozen-cohort.csv,source_only_no_new_runtime_or_package_execution
R479,Lean/Lake v4.30.0-rc2,reports/lean-server-memory-and-protocol-concurrency-v4-30-0-rc2/REPORT.md,reports/lean-server-memory-and-protocol-concurrency-v4-30-0-rc2/REPORT.json,exact_claim_source_review,reports/lean-lake-430rc2-to-4341-source-review-2026-09-30/support/frozen-cohort.csv,lean:cohort_row,reports/lean-lake-430rc2-to-4341-source-review-2026-09-30/support/frozen-cohort.csv,source_only_no_new_runtime_or_package_execution
R480,Lean/Lake v4.30.0-rc2,reports/lean-server-multi-workspace-isolation-v4-30-0-rc2/REPORT.md,reports/lean-server-multi-workspace-isolation-v4-30-0-rc2/REPORT.json,exact_claim_source_review,reports/lean-lake-430rc2-to-4341-source-review-2026-09-30/support/frozen-cohort.csv,lean:cohort_row,reports/lean-lake-430rc2-to-4341-source-review-2026-09-30/support/frozen-cohort.csv,source_only_no_new_runtime_or_package_execution
R481,Lean/Lake v4.30.0-rc2,reports/lean-server-tactic-state-v4-30-0-rc2/REPORT.md,reports/lean-server-tactic-state-v4-30-0-rc2/REPORT.json,exact_claim_source_review,reports/lean-lake-430rc2-to-4341-source-review-2026-09-30/support/frozen-cohort.csv,lean:cohort_row,reports/lean-lake-430rc2-to-4341-source-review-2026-09-30/support/frozen-cohort.csv,source_only_no_new_runtime_or_package_execution
R482,Lean/Lake v4.30.0-rc2,reports/lean-simp-simp-all-v4-30-0-rc2/REPORT.md,reports/lean-simp-simp-all-v4-30-0-rc2/REPORT.json,exact_claim_source_review,reports/lean-lake-430rc2-to-4341-source-review-2026-09-30/support/frozen-cohort.csv,lean:cohort_row,reports/lean-lake-430rc2-to-4341-source-review-2026-09-30/support/frozen-cohort.csv,source_only_no_new_runtime_or_package_execution
R483,Lean/Lake v4.30.0-rc2,reports/lean-tactic-extension-apis-v4-30-0-rc2/REPORT.md,reports/lean-tactic-extension-apis-v4-30-0-rc2/REPORT.json,exact_claim_source_review,reports/lean-lake-430rc2-to-4341-source-review-2026-09-30/support/frozen-cohort.csv,lean:cohort_row,reports/lean-lake-430rc2-to-4341-source-review-2026-09-30/support/frozen-cohort.csv,source_only_no_new_runtime_or_package_execution
R484,Lean/Lake v4.30.0-rc2,reports/lean-tactic-state-protocol-transcript-v4-30-0-rc2/REPORT.md,reports/lean-tactic-state-protocol-transcript-v4-30-0-rc2/REPORT.json,exact_claim_source_review,reports/lean-lake-430rc2-to-4341-source-review-2026-09-30/support/frozen-cohort.csv,lean:cohort_row,reports/lean-lake-430rc2-to-4341-source-review-2026-09-30/support/frozen-cohort.csv,source_only_no_new_runtime_or_package_execution
R485,Lean/Lake v4.30.0-rc2,reports/lean-termination-checking-v4-30-0-rc2/REPORT.md,reports/lean-termination-checking-v4-30-0-rc2/REPORT.json,exact_claim_source_review,reports/lean-lake-430rc2-to-4341-source-review-2026-09-30/support/frozen-cohort.csv,lean:cohort_row,reports/lean-lake-430rc2-to-4341-source-review-2026-09-30/support/frozen-cohort.csv,source_only_no_new_runtime_or_package_execution
R486,Lean/Lake v4.30.0-rc2,reports/lean-trust-admissions-v4-30-0-rc2/REPORT.md,reports/lean-trust-admissions-v4-30-0-rc2/REPORT.json,exact_claim_source_review,reports/lean-lake-430rc2-to-4341-source-review-2026-09-30/support/frozen-cohort.csv,lean:cohort_row,reports/lean-lake-430rc2-to-4341-source-review-2026-09-30/support/frozen-cohort.csv,source_only_no_new_runtime_or_package_execution
R487,Lean/Lake v4.30.0-rc2,reports/lean-unsaved-cross-module-import-v4-30-0-rc2/REPORT.md,reports/lean-unsaved-cross-module-import-v4-30-0-rc2/REPORT.json,exact_claim_source_review,reports/lean-lake-430rc2-to-4341-source-review-2026-09-30/support/frozen-cohort.csv,lean:cohort_row,reports/lean-lake-430rc2-to-4341-source-review-2026-09-30/support/frozen-cohort.csv,source_only_no_new_runtime_or_package_execution
R488,Lean/Lake v4.30.0-rc2,reports/lean-unused-simp-args-linter-v4-30-0-rc2/REPORT.md,reports/lean-unused-simp-args-linter-v4-30-0-rc2/REPORT.json,exact_claim_source_review,reports/lean-lake-430rc2-to-4341-source-review-2026-09-30/support/frozen-cohort.csv,lean:cohort_row,reports/lean-lake-430rc2-to-4341-source-review-2026-09-30/support/frozen-cohort.csv,source_only_no_new_runtime_or_package_execution
R489,Lean/Lake v4.30.0-rc2,reports/lean-v1-concurrent-workspace-server-reuse-2026-09-28/REPORT.md,reports/lean-v1-concurrent-workspace-server-reuse-2026-09-28/REPORT.json,exact_claim_source_review,reports/aeneas-compatible-bundle-source-drift-2026-09-30/support/claim-matrix-ebcdcad-169.csv;reports/lean-lake-430rc2-to-4341-source-review-2026-09-30/support/frozen-cohort.csv,aeneas:paired_component;lean:cohort_row,reports/lean-lake-430rc2-to-4341-source-review-2026-09-30/support/frozen-cohort.csv,source_only_no_new_runtime_or_package_execution
R490,Lean/Lake v4.30.0-rc2,reports/lean-warnings-as-errors-v4-30-0-rc2/REPORT.md,reports/lean-warnings-as-errors-v4-30-0-rc2/REPORT.json,exact_claim_source_review,reports/lean-lake-430rc2-to-4341-source-review-2026-09-30/support/frozen-cohort.csv,lean:cohort_row,reports/lean-lake-430rc2-to-4341-source-review-2026-09-30/support/frozen-cohort.csv,source_only_no_new_runtime_or_package_execution
R495,mathlib4 v4.30.0-rc2 + matching Lean/Lake,reports/mathlib-cache-artifact-format-v4-30-0-rc2/REPORT.md,reports/mathlib-cache-artifact-format-v4-30-0-rc2/REPORT.json,exact_claim_source_review,reports/aeneas-compatible-bundle-source-drift-2026-09-30/support/claim-matrix-ebcdcad-169.csv;reports/mathlib-430rc2-to-4341-cache-source-review/support/frozen-cohort.csv,aeneas:paired_component;mathlib:cohort_row,reports/mathlib-430rc2-to-4341-cache-source-review/support/frozen-cohort.csv,source_only_no_new_runtime_or_package_execution
R496,mathlib4 v4.30.0-rc2 + matching Lean/Lake,reports/mathlib-dependency-closure-pruning-v4-30-0-rc2/REPORT.md,reports/mathlib-dependency-closure-pruning-v4-30-0-rc2/REPORT.json,exact_claim_source_review,reports/mathlib-430rc2-to-4341-cache-source-review/support/frozen-cohort.csv,mathlib:cohort_row,reports/mathlib-430rc2-to-4341-cache-source-review/support/frozen-cohort.csv,source_only_no_new_runtime_or_package_execution
R497,mathlib4 v4.30.0-rc2 + matching Lean/Lake,reports/mathlib-lake-exe-cache-protocol-v4-30-0-rc2/REPORT.md,reports/mathlib-lake-exe-cache-protocol-v4-30-0-rc2/REPORT.json,exact_claim_source_review,reports/aeneas-compatible-bundle-source-drift-2026-09-30/support/claim-matrix-ebcdcad-169.csv;reports/mathlib-430rc2-to-4341-cache-source-review/support/frozen-cohort.csv,aeneas:paired_component;mathlib:cohort_row,reports/mathlib-430rc2-to-4341-cache-source-review/support/frozen-cohort.csv,source_only_no_new_runtime_or_package_execution
R498,mathlib4 v4.30.0-rc2 + matching Lean/Lake,reports/mathlib-release-cache-upgrade-checklist-v4-30-0-rc2/REPORT.md,reports/mathlib-release-cache-upgrade-checklist-v4-30-0-rc2/REPORT.json,exact_claim_source_review,reports/aeneas-compatible-bundle-source-drift-2026-09-30/support/claim-matrix-ebcdcad-169.csv;reports/mathlib-430rc2-to-4341-cache-source-review/support/frozen-cohort.csv,aeneas:paired_component;mathlib:cohort_row,reports/mathlib-430rc2-to-4341-cache-source-review/support/frozen-cohort.csv,source_only_no_new_runtime_or_package_execution
R517,Rust/Cargo/rustc nightly-2026-05-31,reports/rust-aggregate-layout-nightly-2026-05-31/REPORT.md,reports/rust-aggregate-layout-nightly-2026-05-31/REPORT.json,exact_claim_source_review,reports/rust-cargo-nightly-to-1981-source-review-2026-09-30/support/frozen-cohort.csv,rust-cargo:cohort_row,reports/rust-cargo-nightly-to-1981-source-review-2026-09-30/support/frozen-cohort.csv,source_only_no_new_runtime_or_package_execution
R518,Rust/Cargo/rustc nightly-2026-05-31,reports/rust-allocation-deallocation-nightly-2026-05-31/REPORT.md,reports/rust-allocation-deallocation-nightly-2026-05-31/REPORT.json,exact_claim_source_review,reports/rust-cargo-nightly-to-1981-source-review-2026-09-30/support/frozen-cohort.csv,rust-cargo:cohort_row,reports/rust-cargo-nightly-to-1981-source-review-2026-09-30/support/frozen-cohort.csv,source_only_no_new_runtime_or_package_execution
R519,Rust/Cargo/rustc nightly-2026-05-31,reports/rust-atomics-memory-orderings-nightly-2026-05-31/REPORT.md,reports/rust-atomics-memory-orderings-nightly-2026-05-31/REPORT.json,exact_claim_source_review,reports/rust-cargo-nightly-to-1981-source-review-2026-09-30/support/frozen-cohort.csv,rust-cargo:cohort_row,reports/rust-cargo-nightly-to-1981-source-review-2026-09-30/support/frozen-cohort.csv,source_only_no_new_runtime_or_package_execution
R520,Rust/Cargo/rustc nightly-2026-05-31,reports/rust-auto-trait-coinduction-nightly-2026-05-31/REPORT.md,reports/rust-auto-trait-coinduction-nightly-2026-05-31/REPORT.json,exact_claim_source_review,reports/rust-cargo-nightly-to-1981-source-review-2026-09-30/support/frozen-cohort.csv,rust-cargo:cohort_row,reports/rust-cargo-nightly-to-1981-source-review-2026-09-30/support/frozen-cohort.csv,source_only_no_new_runtime_or_package_execution
R521,Rust/Cargo/rustc nightly-2026-05-31,reports/rust-box-raw-conversions-nightly-2026-05-31/REPORT.md,reports/rust-box-raw-conversions-nightly-2026-05-31/REPORT.json,exact_claim_source_review,reports/rust-cargo-nightly-to-1981-source-review-2026-09-30/support/frozen-cohort.csv,rust-cargo:cohort_row,reports/rust-cargo-nightly-to-1981-source-review-2026-09-30/support/frozen-cohort.csv,source_only_no_new_runtime_or_package_execution
R522,Rust/Cargo/rustc nightly-2026-05-31,reports/rust-conditional-compilation-nightly-2026-05-31/REPORT.md,reports/rust-conditional-compilation-nightly-2026-05-31/REPORT.json,exact_claim_source_review,reports/rust-cargo-nightly-to-1981-source-review-2026-09-30/support/frozen-cohort.csv,rust-cargo:cohort_row,reports/rust-cargo-nightly-to-1981-source-review-2026-09-30/support/frozen-cohort.csv,source_only_no_new_runtime_or_package_execution
R523,Rust/Cargo/rustc nightly-2026-05-31,reports/rust-const-eval-const-functions-nightly-2026-05-31/REPORT.md,reports/rust-const-eval-const-functions-nightly-2026-05-31/REPORT.json,exact_claim_source_review,reports/rust-cargo-nightly-to-1981-source-review-2026-09-30/support/frozen-cohort.csv,rust-cargo:cohort_row,reports/rust-cargo-nightly-to-1981-source-review-2026-09-30/support/frozen-cohort.csv,source_only_no_new_runtime_or_package_execution
R524,Rust/Cargo/rustc nightly-2026-05-31,reports/rust-correctness-termination-terminology-nightly-2026-05-31/REPORT.md,reports/rust-correctness-termination-terminology-nightly-2026-05-31/REPORT.json,exact_claim_source_review,reports/rust-cargo-nightly-to-1981-source-review-2026-09-30/support/frozen-cohort.csv,rust-cargo:cohort_row,reports/rust-cargo-nightly-to-1981-source-review-2026-09-30/support/frozen-cohort.csv,source_only_no_new_runtime_or_package_execution
R525,Rust/Cargo/rustc nightly-2026-05-31,reports/rust-drop-elaboration-nightly-2026-05-31/REPORT.md,reports/rust-drop-elaboration-nightly-2026-05-31/REPORT.json,exact_claim_source_review,reports/aeneas-compatible-bundle-source-drift-2026-09-30/support/claim-matrix-ebcdcad-169.csv;reports/rust-cargo-nightly-to-1981-source-review-2026-09-30/support/frozen-cohort.csv,aeneas:context_only;rust-cargo:cohort_row,reports/rust-cargo-nightly-to-1981-source-review-2026-09-30/support/frozen-cohort.csv,source_only_no_new_runtime_or_package_execution
R526,Rust/Cargo/rustc nightly-2026-05-31,reports/rust-dst-slice-layout-nightly-2026-05-31/REPORT.md,reports/rust-dst-slice-layout-nightly-2026-05-31/REPORT.json,exact_claim_source_review,reports/rust-cargo-nightly-to-1981-source-review-2026-09-30/support/frozen-cohort.csv,rust-cargo:cohort_row,reports/rust-cargo-nightly-to-1981-source-review-2026-09-30/support/frozen-cohort.csv,source_only_no_new_runtime_or_package_execution
R527,Rust/Cargo/rustc nightly-2026-05-31,reports/rust-extern-foreign-items-nightly-2026-05-31/REPORT.md,reports/rust-extern-foreign-items-nightly-2026-05-31/REPORT.json,exact_claim_source_review,reports/aeneas-compatible-bundle-source-drift-2026-09-30/support/claim-matrix-ebcdcad-169.csv;reports/rust-cargo-nightly-to-1981-source-review-2026-09-30/support/frozen-cohort.csv,aeneas:context_only;rust-cargo:cohort_row,reports/rust-cargo-nightly-to-1981-source-review-2026-09-30/support/frozen-cohort.csv,source_only_no_new_runtime_or_package_execution
R528,Rust/Cargo/rustc nightly-2026-05-31,reports/rust-initialization-padding-nightly-2026-05-31/REPORT.md,reports/rust-initialization-padding-nightly-2026-05-31/REPORT.json,exact_claim_source_review,reports/rust-cargo-nightly-to-1981-source-review-2026-09-30/support/frozen-cohort.csv,rust-cargo:cohort_row,reports/rust-cargo-nightly-to-1981-source-review-2026-09-30/support/frozen-cohort.csv,source_only_no_new_runtime_or_package_execution
R529,Rust/Cargo/rustc nightly-2026-05-31,reports/rust-inline-global-assembly-nightly-2026-05-31/REPORT.md,reports/rust-inline-global-assembly-nightly-2026-05-31/REPORT.json,exact_claim_source_review,reports/aeneas-compatible-bundle-source-drift-2026-09-30/support/claim-matrix-ebcdcad-169.csv;reports/rust-cargo-nightly-to-1981-source-review-2026-09-30/support/frozen-cohort.csv,aeneas:context_only;rust-cargo:cohort_row,reports/rust-cargo-nightly-to-1981-source-review-2026-09-30/support/frozen-cohort.csv,source_only_no_new_runtime_or_package_execution
R530,Rust/Cargo/rustc nightly-2026-05-31,reports/rust-layout-rustc-nightly-2026-05-31/REPORT.md,reports/rust-layout-rustc-nightly-2026-05-31/REPORT.json,exact_claim_source_review,reports/rust-cargo-nightly-to-1981-source-review-2026-09-30/support/frozen-cohort.csv,rust-cargo:cohort_row,reports/rust-cargo-nightly-to-1981-source-review-2026-09-30/support/frozen-cohort.csv,source_only_no_new_runtime_or_package_execution
R532,Rust/Cargo/rustc nightly-2026-05-31,reports/rust-lifetimes-charon-aeneas-nightly-2026-05-31/REPORT.md,reports/rust-lifetimes-charon-aeneas-nightly-2026-05-31/REPORT.json,exact_claim_source_review,reports/aeneas-compatible-bundle-source-drift-2026-09-30/support/claim-matrix-ebcdcad-169.csv;reports/rust-cargo-nightly-to-1981-source-review-2026-09-30/support/frozen-cohort.csv,aeneas:direct_or_full_bundle;rust-cargo:cohort_row,reports/aeneas-compatible-bundle-source-drift-2026-09-30/support/claim-matrix-ebcdcad-169.csv;reports/rust-cargo-nightly-to-1981-source-review-2026-09-30/support/frozen-cohort.csv,source_only_no_new_runtime_or_package_execution
R534,Rust/Cargo/rustc nightly-2026-05-31,reports/rust-local-nested-items-nightly-2026-05-31/REPORT.md,reports/rust-local-nested-items-nightly-2026-05-31/REPORT.json,exact_claim_source_review,reports/rust-cargo-nightly-to-1981-source-review-2026-09-30/support/frozen-cohort.csv,rust-cargo:cohort_row,reports/rust-cargo-nightly-to-1981-source-review-2026-09-30/support/frozen-cohort.csv,source_only_no_new_runtime_or_package_execution
R535,Rust/Cargo/rustc nightly-2026-05-31,reports/rust-maybe-uninit-nightly-2026-05-31/REPORT.md,reports/rust-maybe-uninit-nightly-2026-05-31/REPORT.json,exact_claim_source_review,reports/rust-cargo-nightly-to-1981-source-review-2026-09-30/support/frozen-cohort.csv,rust-cargo:cohort_row,reports/rust-cargo-nightly-to-1981-source-review-2026-09-30/support/frozen-cohort.csv,source_only_no_new_runtime_or_package_execution
R536,Rust/Cargo/rustc nightly-2026-05-31,reports/rust-module-file-resolution-nightly-2026-05-31/REPORT.md,reports/rust-module-file-resolution-nightly-2026-05-31/REPORT.json,exact_claim_source_review,reports/rust-cargo-nightly-to-1981-source-review-2026-09-30/support/frozen-cohort.csv,rust-cargo:cohort_row,reports/rust-cargo-nightly-to-1981-source-review-2026-09-30/support/frozen-cohort.csv,source_only_no_new_runtime_or_package_execution
R537,Rust/Cargo/rustc nightly-2026-05-31,reports/rust-nightly-upgrade-checklist-nightly-2026-05-31/REPORT.md,reports/rust-nightly-upgrade-checklist-nightly-2026-05-31/REPORT.json,exact_claim_source_review,reports/aeneas-compatible-bundle-source-drift-2026-09-30/support/claim-matrix-ebcdcad-169.csv;reports/rust-cargo-nightly-to-1981-source-review-2026-09-30/support/frozen-cohort.csv,aeneas:context_only;rust-cargo:cohort_row,reports/rust-cargo-nightly-to-1981-source-review-2026-09-30/support/frozen-cohort.csv,source_only_no_new_runtime_or_package_execution
R538,Rust/Cargo/rustc nightly-2026-05-31,reports/rust-nonnull-nightly-2026-05-31/REPORT.md,reports/rust-nonnull-nightly-2026-05-31/REPORT.json,exact_claim_source_review,reports/rust-cargo-nightly-to-1981-source-review-2026-09-30/support/frozen-cohort.csv,rust-cargo:cohort_row,reports/rust-cargo-nightly-to-1981-source-review-2026-09-30/support/frozen-cohort.csv,source_only_no_new_runtime_or_package_execution
R539,Rust/Cargo/rustc nightly-2026-05-31,reports/rust-panic-primitives-nightly-2026-05-31/REPORT.md,reports/rust-panic-primitives-nightly-2026-05-31/REPORT.json,exact_claim_source_review,reports/rust-cargo-nightly-to-1981-source-review-2026-09-30/support/frozen-cohort.csv,rust-cargo:cohort_row,reports/rust-cargo-nightly-to-1981-source-review-2026-09-30/support/frozen-cohort.csv,source_only_no_new_runtime_or_package_execution
R540,Rust/Cargo/rustc nightly-2026-05-31,reports/rust-panic-unwind-abort-divergence-nightly-2026-05-31/REPORT.md,reports/rust-panic-unwind-abort-divergence-nightly-2026-05-31/REPORT.json,exact_claim_source_review,reports/aeneas-compatible-bundle-source-drift-2026-09-30/support/claim-matrix-ebcdcad-169.csv;reports/rust-cargo-nightly-to-1981-source-review-2026-09-30/support/frozen-cohort.csv,aeneas:context_only;rust-cargo:cohort_row,reports/rust-cargo-nightly-to-1981-source-review-2026-09-30/support/frozen-cohort.csv,source_only_no_new_runtime_or_package_execution
R541,Rust/Cargo/rustc nightly-2026-05-31,reports/rust-pointer-arithmetic-nightly-2026-05-31/REPORT.md,reports/rust-pointer-arithmetic-nightly-2026-05-31/REPORT.json,exact_claim_source_review,reports/rust-cargo-nightly-to-1981-source-review-2026-09-30/support/frozen-cohort.csv,rust-cargo:cohort_row,reports/rust-cargo-nightly-to-1981-source-review-2026-09-30/support/frozen-cohort.csv,source_only_no_new_runtime_or_package_execution
R542,Rust/Cargo/rustc nightly-2026-05-31,reports/rust-pointer-casts-provenance-apis-nightly-2026-05-31/REPORT.md,reports/rust-pointer-casts-provenance-apis-nightly-2026-05-31/REPORT.json,exact_claim_source_review,reports/rust-cargo-nightly-to-1981-source-review-2026-09-30/support/frozen-cohort.csv,rust-cargo:cohort_row,reports/rust-cargo-nightly-to-1981-source-review-2026-09-30/support/frozen-cohort.csv,source_only_no_new_runtime_or_package_execution
R543,Rust/Cargo/rustc nightly-2026-05-31,reports/rust-pointer-copy-nightly-2026-05-31/REPORT.md,reports/rust-pointer-copy-nightly-2026-05-31/REPORT.json,exact_claim_source_review,reports/rust-cargo-nightly-to-1981-source-review-2026-09-30/support/frozen-cohort.csv,rust-cargo:cohort_row,reports/rust-cargo-nightly-to-1981-source-review-2026-09-30/support/frozen-cohort.csv,source_only_no_new_runtime_or_package_execution
R544,Rust/Cargo/rustc nightly-2026-05-31,reports/rust-ptr-read-write-nightly-2026-05-31/REPORT.md,reports/rust-ptr-read-write-nightly-2026-05-31/REPORT.json,exact_claim_source_review,reports/rust-cargo-nightly-to-1981-source-review-2026-09-30/support/frozen-cohort.csv,rust-cargo:cohort_row,reports/rust-cargo-nightly-to-1981-source-review-2026-09-30/support/frozen-cohort.csv,source_only_no_new_runtime_or_package_execution
R545,Rust/Cargo/rustc nightly-2026-05-31,reports/rust-raw-pointer-validity-provenance-alignment-nightly-2026-05-31/REPORT.md,reports/rust-raw-pointer-validity-provenance-alignment-nightly-2026-05-31/REPORT.json,exact_claim_source_review,reports/rust-cargo-nightly-to-1981-source-review-2026-09-30/support/frozen-cohort.csv,rust-cargo:cohort_row,reports/rust-cargo-nightly-to-1981-source-review-2026-09-30/support/frozen-cohort.csv,source_only_no_new_runtime_or_package_execution
R546,Rust/Cargo/rustc nightly-2026-05-31,reports/rust-raw-slice-pointer-construction-nightly-2026-05-31/REPORT.md,reports/rust-raw-slice-pointer-construction-nightly-2026-05-31/REPORT.json,exact_claim_source_review,reports/rust-cargo-nightly-to-1981-source-review-2026-09-30/support/frozen-cohort.csv,rust-cargo:cohort_row,reports/rust-cargo-nightly-to-1981-source-review-2026-09-30/support/frozen-cohort.csv,source_only_no_new_runtime_or_package_execution
R547,Rust/Cargo/rustc nightly-2026-05-31,reports/rust-reference-creation-from-raw-pointers-nightly-2026-05-31/REPORT.md,reports/rust-reference-creation-from-raw-pointers-nightly-2026-05-31/REPORT.json,exact_claim_source_review,reports/rust-cargo-nightly-to-1981-source-review-2026-09-30/support/frozen-cohort.csv,rust-cargo:cohort_row,reports/rust-cargo-nightly-to-1981-source-review-2026-09-30/support/frozen-cohort.csv,source_only_no_new_runtime_or_package_execution
R548,Rust/Cargo/rustc nightly-2026-05-31,reports/rust-safety-boundary-completeness-nightly-2026-05-31/REPORT.md,reports/rust-safety-boundary-completeness-nightly-2026-05-31/REPORT.json,exact_claim_source_review,reports/rust-cargo-nightly-to-1981-source-review-2026-09-30/support/frozen-cohort.csv,rust-cargo:cohort_row,reports/rust-cargo-nightly-to-1981-source-review-2026-09-30/support/frozen-cohort.csv,source_only_no_new_runtime_or_package_execution
R549,Rust/Cargo/rustc nightly-2026-05-31,reports/rust-size-align-nightly-2026-05-31/REPORT.md,reports/rust-size-align-nightly-2026-05-31/REPORT.json,exact_claim_source_review,reports/rust-cargo-nightly-to-1981-source-review-2026-09-30/support/frozen-cohort.csv,rust-cargo:cohort_row,reports/rust-cargo-nightly-to-1981-source-review-2026-09-30/support/frozen-cohort.csv,source_only_no_new_runtime_or_package_execution
R550,Rust/Cargo/rustc nightly-2026-05-31,reports/rust-source-span-provenance-nightly-2026-05-31/REPORT.md,reports/rust-source-span-provenance-nightly-2026-05-31/REPORT.json,exact_claim_source_review,reports/aeneas-compatible-bundle-source-drift-2026-09-30/support/claim-matrix-ebcdcad-169.csv;reports/rust-cargo-nightly-to-1981-source-review-2026-09-30/support/frozen-cohort.csv,aeneas:context_only;rust-cargo:cohort_row,reports/rust-cargo-nightly-to-1981-source-review-2026-09-30/support/frozen-cohort.csv,source_only_no_new_runtime_or_package_execution
R551,Rust/Cargo/rustc nightly-2026-05-31,reports/rust-transmute-nightly-2026-05-31/REPORT.md,reports/rust-transmute-nightly-2026-05-31/REPORT.json,exact_claim_source_review,reports/rust-cargo-nightly-to-1981-source-review-2026-09-30/support/frozen-cohort.csv,rust-cargo:cohort_row,reports/rust-cargo-nightly-to-1981-source-review-2026-09-30/support/frozen-cohort.csv,source_only_no_new_runtime_or_package_execution
R552,Rust/Cargo/rustc nightly-2026-05-31,reports/rust-type-alias-lowering-nightly-2026-05-31/REPORT.md,reports/rust-type-alias-lowering-nightly-2026-05-31/REPORT.json,exact_claim_source_review,reports/rust-cargo-nightly-to-1981-source-review-2026-09-30/support/frozen-cohort.csv,rust-cargo:cohort_row,reports/rust-cargo-nightly-to-1981-source-review-2026-09-30/support/frozen-cohort.csv,source_only_no_new_runtime_or_package_execution
R553,Rust/Cargo/rustc nightly-2026-05-31,reports/rust-ub-and-operational-models-nightly-2026-05-31/REPORT.md,reports/rust-ub-and-operational-models-nightly-2026-05-31/REPORT.json,exact_claim_source_review,reports/rust-cargo-nightly-to-1981-source-review-2026-09-30/support/frozen-cohort.csv,rust-cargo:cohort_row,reports/rust-cargo-nightly-to-1981-source-review-2026-09-30/support/frozen-cohort.csv,source_only_no_new_runtime_or_package_execution
R554,Rust/Cargo/rustc nightly-2026-05-31,reports/rust-unreachable-unchecked-nightly-2026-05-31/REPORT.md,reports/rust-unreachable-unchecked-nightly-2026-05-31/REPORT.json,exact_claim_source_review,reports/rust-cargo-nightly-to-1981-source-review-2026-09-30/support/frozen-cohort.csv,rust-cargo:cohort_row,reports/rust-cargo-nightly-to-1981-source-review-2026-09-30/support/frozen-cohort.csv,source_only_no_new_runtime_or_package_execution
R555,Rust/Cargo/rustc nightly-2026-05-31,reports/rust-unsafe-fields-nightly-2026-05-31/REPORT.md,reports/rust-unsafe-fields-nightly-2026-05-31/REPORT.json,exact_claim_source_review,reports/rust-cargo-nightly-to-1981-source-review-2026-09-30/support/frozen-cohort.csv,rust-cargo:cohort_row,reports/rust-cargo-nightly-to-1981-source-review-2026-09-30/support/frozen-cohort.csv,source_only_no_new_runtime_or_package_execution
R556,Rust/Cargo/rustc nightly-2026-05-31,reports/rust-unsafe-trait-invariants-nightly-2026-05-31/REPORT.md,reports/rust-unsafe-trait-invariants-nightly-2026-05-31/REPORT.json,exact_claim_source_review,reports/rust-cargo-nightly-to-1981-source-review-2026-09-30/support/frozen-cohort.csv,rust-cargo:cohort_row,reports/rust-cargo-nightly-to-1981-source-review-2026-09-30/support/frozen-cohort.csv,source_only_no_new_runtime_or_package_execution
R557,Rust/Cargo/rustc nightly-2026-05-31,reports/rust-unsafecell-interior-mutability-nightly-2026-05-31/REPORT.md,reports/rust-unsafecell-interior-mutability-nightly-2026-05-31/REPORT.json,exact_claim_source_review,reports/rust-cargo-nightly-to-1981-source-review-2026-09-30/support/frozen-cohort.csv,rust-cargo:cohort_row,reports/rust-cargo-nightly-to-1981-source-review-2026-09-30/support/frozen-cohort.csv,source_only_no_new_runtime_or_package_execution
R558,Rust/Cargo/rustc nightly-2026-05-31,reports/rust-validity-well-defined-execution-nightly-2026-05-31/REPORT.md,reports/rust-validity-well-defined-execution-nightly-2026-05-31/REPORT.json,exact_claim_source_review,reports/rust-cargo-nightly-to-1981-source-review-2026-09-30/support/frozen-cohort.csv,rust-cargo:cohort_row,reports/rust-cargo-nightly-to-1981-source-review-2026-09-30/support/frozen-cohort.csv,source_only_no_new_runtime_or_package_execution
R559,Rust/Cargo/rustc nightly-2026-05-31,reports/rust-volatile-memory-access-nightly-2026-05-31/REPORT.md,reports/rust-volatile-memory-access-nightly-2026-05-31/REPORT.json,exact_claim_source_review,reports/rust-cargo-nightly-to-1981-source-review-2026-09-30/support/frozen-cohort.csv,rust-cargo:cohort_row,reports/rust-cargo-nightly-to-1981-source-review-2026-09-30/support/frozen-cohort.csv,source_only_no_new_runtime_or_package_execution
R560,Rust/Cargo/rustc nightly-2026-05-31,reports/rust-wide-pointer-metadata-nightly-2026-05-31/REPORT.md,reports/rust-wide-pointer-metadata-nightly-2026-05-31/REPORT.json,exact_claim_source_review,reports/rust-cargo-nightly-to-1981-source-review-2026-09-30/support/frozen-cohort.csv,rust-cargo:cohort_row,reports/rust-cargo-nightly-to-1981-source-review-2026-09-30/support/frozen-cohort.csv,source_only_no_new_runtime_or_package_execution
R562,Rust/Cargo/rustc nightly-2026-05-31,reports/rustc-diagnostic-width-format-nightly-2026-05-31/REPORT.md,reports/rustc-diagnostic-width-format-nightly-2026-05-31/REPORT.json,exact_claim_source_review,reports/rust-cargo-nightly-to-1981-source-review-2026-09-30/support/frozen-cohort.csv,rust-cargo:cohort_row,reports/rust-cargo-nightly-to-1981-source-review-2026-09-30/support/frozen-cohort.csv,source_only_no_new_runtime_or_package_execution
R563,Rust/Cargo/rustc nightly-2026-05-31,reports/rustc-mir-before-charon-nightly-2026-05-31/REPORT.md,reports/rustc-mir-before-charon-nightly-2026-05-31/REPORT.json,exact_claim_source_review,reports/aeneas-compatible-bundle-source-drift-2026-09-30/support/claim-matrix-ebcdcad-169.csv;reports/rust-cargo-nightly-to-1981-source-review-2026-09-30/support/frozen-cohort.csv,aeneas:paired_component;rust-cargo:cohort_row,reports/rust-cargo-nightly-to-1981-source-review-2026-09-30/support/frozen-cohort.csv,source_only_no_new_runtime_or_package_execution
R564,Rust/Cargo/rustc nightly-2026-05-31,reports/rustc-mir-unsafe-operations-nightly-2026-05-31/REPORT.md,reports/rustc-mir-unsafe-operations-nightly-2026-05-31/REPORT.json,exact_claim_source_review,reports/rust-cargo-nightly-to-1981-source-review-2026-09-30/support/frozen-cohort.csv,rust-cargo:cohort_row,reports/rust-cargo-nightly-to-1981-source-review-2026-09-30/support/frozen-cohort.csv,source_only_no_new_runtime_or_package_execution
R565,Rust/Cargo/rustc nightly-2026-05-31,reports/rustc-name-resolution-stable-item-identity-nightly-2026-05-31/REPORT.md,reports/rustc-name-resolution-stable-item-identity-nightly-2026-05-31/REPORT.json,exact_claim_source_review,reports/rust-cargo-nightly-to-1981-source-review-2026-09-30/support/frozen-cohort.csv,rust-cargo:cohort_row,reports/rust-cargo-nightly-to-1981-source-review-2026-09-30/support/frozen-cohort.csv,source_only_no_new_runtime_or_package_execution
R581,Rust/Cargo/rustc nightly-2026-05-31,reports/zerocopy-rust-intrinsics-nightly-2026-05-31/REPORT.md,reports/zerocopy-rust-intrinsics-nightly-2026-05-31/REPORT.json,exact_claim_source_review,reports/aeneas-compatible-bundle-source-drift-2026-09-30/support/claim-matrix-ebcdcad-169.csv;reports/rust-cargo-nightly-to-1981-source-review-2026-09-30/support/frozen-cohort.csv,aeneas:context_only;rust-cargo:cohort_row,reports/rust-cargo-nightly-to-1981-source-review-2026-09-30/support/frozen-cohort.csv,source_only_no_new_runtime_or_package_execution
