inventory_id,classification,cohort,title,claim_or_cell_to_recheck,subject_names,added_in_issue_3732_e269,classification_rationale,newer_comparison_target,report_json_at_commit,report_md_at_commit,exact_pinned_subject_identities_json
R001,incidental_or_citation,No pinned-software conclusion requiring a newer-version rerun,Adapton names: stable identity is not unchanged meaning,Adapton and its nominal successors separate two questions that cache designs often conflate: which old computation corresponds to this new one? and is the old answer still valid? A name answers the first question. Dependency repair answers the second.,"Adapton: Composable, Demand-Driven Incremental Computation; Incremental Computation with Names; Refinement Types for Precisely Named Cache Locations; Fungi: Typed Incremental Computation with Names; Anneal design contract and current Aeneas incremental-translation evidence",True,"Historical/theoretical architectural conclusion; named revisions establish citations or Anneal applicability, not an exclusive at-pin software behavior.",No newer-version comparison for the main conclusion.,reports/adapton-names-identity-freshness-2014-2018/REPORT.json,reports/adapton-names-identity-freshness-2014-2018/REPORT.md,"[{""name"":""Adapton: Composable, Demand-Driven Incremental Computation"",""identity"":{""doi"":""10.1145/2594291.2594324"",""venue"":""PLDI 2014""}},{""name"":""Incremental Computation with Names"",""identity"":{""doi"":""10.1145/2814270.2814305"",""arxiv"":""1503.07792v6"",""venue"":""OOPSLA 2015""}},{""name"":""Refinement Types for Precisely Named Cache Locations"",""identity"":{""arxiv"":""1610.00097""}},{""name"":""Fungi: Typed Incremental Computation with Names"",""identity"":{""arxiv"":""1808.07826v1""}},{""name"":""Anneal design contract and current Aeneas incremental-translation evidence"",""identity"":{""repository"":""google/zerocopy"",""revision"":""cc135f46155b72e4b51188525c2974a3b84acf92""}}]"
R002,incidental_or_citation,No pinned-software conclusion requiring a newer-version rerun,Adjacent-version non-generalization examples for the Anneal stack,"An observation at one exact tool revision is evidence about that revision. It is not evidence that a neighboring release, a same-date tag in another repository, or even another commit reporting the same semantic version behaves identically.",Lake configuration ownership across Lean v4.30.0-rc2 and v4.31.0; Charon same-version revisions selected by Aeneas and Anneal,False,"Main conclusion is an audit, general model, history, standard, or contextual evidence; software versions identify provenance only.",No newer-version comparison for the main conclusion.,reports/adjacent-version-non-generalization-examples-2026-09-27/REPORT.json,reports/adjacent-version-non-generalization-examples-2026-09-27/REPORT.md,"[{""name"":""Lake configuration ownership across Lean v4.30.0-rc2 and v4.31.0"",""identity"":{""repository"":""leanprover/lean4"",""older-revision"":""3dc1a088b6d2d8eafe25a7cd7ec7b58d731bd7cc"",""older-release"":""v4.30.0-rc2"",""newer-revision"":""68218e876d2a38b1985b8590fff244a83c321783"",""newer-release"":""v4.31.0""}},{""name"":""Charon same-version revisions selected by Aeneas and Anneal"",""identity"":{""repository"":""AeneasVerif/charon"",""aeneas-pin"":""a535e914f74db4fd9e6be7048f4233270d8945c0"",""anneal-tag-resolution"":""0c91ca1a8e002d6bfa8d8f1f452804fce2f92cf1"",""package-version"":""0.1.210""}}]"
R003,newer_version_recheck,Aeneas nightly-2026.06.03 + paired Charon (Lean 4.30.0-rc2 for output),Aeneas architecture and translation pipeline at nightly-2026.06.03,"At AeneasVerif/aeneas@ac9f1bc5262a5e4ff1e24ca78617121382202727, Aeneas is a staged compiler from Charon's serialized LLBC to a proof-assistant program. The normal path is not a direct LLBC-to-Lean printer. It is:",Aeneas translation pipeline selected by Anneal; Charon input producer pinned by Aeneas,False,Empirical or source-backed behavior depends on the named toolchain pin.,Aeneas nightly-2026.09.30-0855ce1 with its paired Charon e435e5f and Lean 4.31.0; separate standalone Charon comparison.,reports/aeneas-architecture-translation-pipeline-nightly-2026-06-03/REPORT.json,reports/aeneas-architecture-translation-pipeline-nightly-2026-06-03/REPORT.md,"[{""name"":""Aeneas translation pipeline selected by Anneal"",""identity"":{""repository"":""AeneasVerif/aeneas"",""revision"":""ac9f1bc5262a5e4ff1e24ca78617121382202727"",""release"":""nightly-2026.06.03""}},{""name"":""Charon input producer pinned by Aeneas"",""identity"":{""repository"":""AeneasVerif/charon"",""revision"":""a535e914f74db4fd9e6be7048f4233270d8945c0"",""rust-toolchain"":""nightly-2026-05-31"",""version"":""0.1.210""}}]"
R004,newer_version_recheck,Aeneas nightly-2026.06.03 + paired Charon (Lean 4.30.0-rc2 for output),Aeneas–Charon compatibility for Anneal at Aeneas nightly-2026.06.03,"At google/zerocopy@0eca5581c6d27aaeaba4c421f7bf2a26bdd50228, Anneal's Nix toolchain assembly selects the Aeneas release nightly-2026.06.03. That Aeneas tag resolves to AeneasVerif/aeneas@ac9f1bc5262a5e4ff1e24ca78617121382202727. The four release assets selected by Anneal are identified below by their GitHub release SHA-256 digests, which equal the hashes encoded in anneal/flake.nix after converting Nix SRI form to hex.",Anneal configuration; Aeneas nightly-2026.06.03 release; Charon pinned by Aeneas; Charon consumed by Anneal charon_lib,False,Empirical or source-backed behavior depends on the named toolchain pin.,Aeneas nightly-2026.09.30-0855ce1 with its paired Charon e435e5f and Lean 4.31.0; separate standalone Charon comparison.,reports/aeneas-charon-compatibility-nightly-2026-06-03/REPORT.json,reports/aeneas-charon-compatibility-nightly-2026-06-03/REPORT.md,"[{""name"":""Anneal configuration"",""identity"":{""repository"":""google/zerocopy"",""revision"":""0eca5581c6d27aaeaba4c421f7bf2a26bdd50228""}},{""name"":""Aeneas nightly-2026.06.03 release"",""identity"":{""repository"":""AeneasVerif/aeneas"",""revision"":""ac9f1bc5262a5e4ff1e24ca78617121382202727"",""release"":""nightly-2026.06.03"",""linux_x86_64_sha256"":""00fb8ef427d4d06dcabd90f5196266e07731adf2a7466964ce6f4f6d1e8cbc11"",""linux_aarch64_sha256"":""25402c4cbcb7da2d337cb168663542bc9c75ae9b10d2d2708f5289e8ca9d1902"",""macos_x86_64_sha256"":""ba25ee857a76fa8f4c1022f6dff4072c9a01007453d67c61cfbaa1aa1c03e317"",""macos_aarch64_sha256"":""76f78b645e338ec7e89329f0ad22792997f42bd9b5eb14643ac32ade224eeb61""}},{""name"":""Charon pinned by Aeneas"",""identity"":{""repository"":""AeneasVerif/charon"",""revision"":""a535e914f74db4fd9e6be7048f4233270d8945c0"",""version"":""0.1.210""}},{""name"":""Charon consumed by Anneal charon_lib"",""identity"":{""repository"":""AeneasVerif/charon"",""revision"":""0c91ca1a8e002d6bfa8d8f1f452804fce2f92cf1"",""tag"":""nightly-2026.06.03"",""version"":""0.1.210""}}]"
R005,newer_version_recheck,Aeneas nightly-2026.06.03 + paired Charon (Lean 4.30.0-rc2 for output),Concurrent Aeneas generation on split Lean output,"Four Aeneas processes translating the same fixed LLBC fixture with -sequential -split-files -gen-lib-entry wrote byte-identical three-file inventories to independent destinations. Three additional processes wrote to one precreated shared destination; all exited successfully and the final files matched the isolated-output hashes. A supplementary replay observed every child alive after the final spawn in each group, then reproduced those outcomes and hashes.",Aeneas release binary; Serialized Charon LLBC fixture,False,Empirical or source-backed behavior depends on the named toolchain pin.,Aeneas nightly-2026.09.30-0855ce1 with its paired Charon e435e5f and Lean 4.31.0; separate standalone Charon comparison.,reports/aeneas-concurrent-generation-determinism-nightly-2026-06-03/REPORT.json,reports/aeneas-concurrent-generation-determinism-nightly-2026-06-03/REPORT.md,"[{""name"":""Aeneas release binary"",""identity"":{""repository"":""AeneasVerif/aeneas"",""revision"":""ac9f1bc5262a5e4ff1e24ca78617121382202727"",""version"":""nightly-2026.06.03"",""binary_sha256"":""f476001e1a8e8c5cb1d8a621a25716d8e15f0809c8a023c5349357acc0911d03""}},{""name"":""Serialized Charon LLBC fixture"",""identity"":{""repository"":""google/zerocopy"",""revision"":""8c257ec3f4e067963e12441ce5b261714a005c74"",""sha256"":""b98023ca3d222796ed4f08e9331e8ffa750c8971daeb786fea37a888b8c8d098""}}]"
R006,newer_version_recheck,Aeneas nightly-2026.06.03 + paired Charon (Lean 4.30.0-rc2 for output),Aeneas external and standard-library models at nightly-2026.06.03,"At AeneasVerif/aeneas@ac9f1bc5262a5e4ff1e24ca78617121382202727, external Rust definitions are handled through an explicit Rust-name-pattern-to-backend-definition registry. For Lean, model authors annotate Lean definitions with attributes such as rusttype, rustfun, rustconst, rusttrait, and rusttraitimpl. A generator imports the Lean environment, collects those registrations, and regenerates src/extract/ExtractBuiltinLean.ml; Aeneas then uses the generated OCaml table during e",Aeneas Lean external and standard-library model registry selected by Anneal,False,Empirical or source-backed behavior depends on the named toolchain pin.,Aeneas nightly-2026.09.30-0855ce1 with its paired Charon e435e5f and Lean 4.31.0; separate standalone Charon comparison.,reports/aeneas-external-models-nightly-2026-06-03/REPORT.json,reports/aeneas-external-models-nightly-2026-06-03/REPORT.md,"[{""name"":""Aeneas Lean external and standard-library model registry selected by Anneal"",""identity"":{""repository"":""AeneasVerif/aeneas"",""revision"":""ac9f1bc5262a5e4ff1e24ca78617121382202727"",""release"":""nightly-2026.06.03""}}]"
R007,newer_version_recheck,Aeneas nightly-2026.06.03 + paired Charon (Lean 4.30.0-rc2 for output),Aeneas extrinsic termination facilities at nightly-2026.06.03,"At AeneasVerif/aeneas@ac9f1bc5262a5e4ff1e24ca78617121382202727, there are two materially different ways to supply termination evidence around the Lean translation, and Anneal should not conflate them.",Aeneas extrinsic termination facilities selected by Anneal; Lean termination syntax selected by Anneal,False,Empirical or source-backed behavior depends on the named toolchain pin.,Aeneas nightly-2026.09.30-0855ce1 with its paired Charon e435e5f and Lean 4.31.0; separate standalone Charon comparison.,reports/aeneas-extrinsic-termination-nightly-2026-06-03/REPORT.json,reports/aeneas-extrinsic-termination-nightly-2026-06-03/REPORT.md,"[{""name"":""Aeneas extrinsic termination facilities selected by Anneal"",""identity"":{""repository"":""AeneasVerif/aeneas"",""revision"":""ac9f1bc5262a5e4ff1e24ca78617121382202727"",""release"":""nightly-2026.06.03""}},{""name"":""Lean termination syntax selected by Anneal"",""identity"":{""repository"":""leanprover/lean4"",""revision"":""3dc1a088b6d2d8eafe25a7cd7ec7b58d731bd7cc"",""version"":""v4.30.0-rc2""}}]"
R008,incidental_or_citation,No pinned-software conclusion requiring a newer-version rerun,Aeneas formal results: proved semantics versus trusted engineering,"The Aeneas literature establishes important formal results, but it does not provide a mechanically verified end-to-end compiler from the Rust accepted by rustc to the Lean emitted by Anneal's pinned Aeneas release.",Aeneas: Rust Verification by Functional Translation; Sound Borrow-Checking for Rust via Symbolic Semantics; Mechanized LLBC development; Aeneas release selected by Anneal,False,"Main conclusion is an audit, general model, history, standard, or contextual evidence; software versions identify provenance only.",No newer-version comparison for the main conclusion.,reports/aeneas-formal-results-literature-2026-09-27/REPORT.json,reports/aeneas-formal-results-literature-2026-09-27/REPORT.md,"[{""name"":""Aeneas: Rust Verification by Functional Translation"",""identity"":{""doi"":""10.1145/3547647"",""arxiv"":""2206.07185v2"",""venue"":""ICFP 2022""}},{""name"":""Sound Borrow-Checking for Rust via Symbolic Semantics"",""identity"":{""doi"":""10.1145/3674640"",""arxiv"":""2404.02680"",""venue"":""ICFP 2024""}},{""name"":""Mechanized LLBC development"",""identity"":{""repository"":""AeneasVerif/mechanized-llbc"",""revision"":""1268d802a59ddb0672528f24d873ed4b3b28ca0c""}},{""name"":""Aeneas release selected by Anneal"",""identity"":{""repository"":""AeneasVerif/aeneas"",""revision"":""ac9f1bc5262a5e4ff1e24ca78617121382202727"",""release"":""nightly-2026.06.03""}}]"
R009,newer_version_recheck,Aeneas nightly-2026.06.03 + paired Charon (Lean 4.30.0-rc2 for output),Aeneas generated Lean function interfaces and specification shape at nightly-2026.06.03,"At AeneasVerif/aeneas@ac9f1bc5262a5e4ff1e24ca78617121382202727, the Lean backend generates executable/model function declarations, not a separate semantic specification theorem for each Rust function. The generated declaration's name is registered from the translated item's Rust/LLBC identity, subject to Aeneas rename, trait, implementation, builtin, and loop naming rules. Its value parameters come from the translated pure function body and signature; its return type is the t",Aeneas generated Lean function interface selected by Anneal,False,Empirical or source-backed behavior depends on the named toolchain pin.,Aeneas nightly-2026.09.30-0855ce1 with its paired Charon e435e5f and Lean 4.31.0; separate standalone Charon comparison.,reports/aeneas-generated-function-signatures-nightly-2026-06-03/REPORT.json,reports/aeneas-generated-function-signatures-nightly-2026-06-03/REPORT.md,"[{""name"":""Aeneas generated Lean function interface selected by Anneal"",""identity"":{""repository"":""AeneasVerif/aeneas"",""revision"":""ac9f1bc5262a5e4ff1e24ca78617121382202727"",""release"":""nightly-2026.06.03""}}]"
R010,newer_version_recheck,Aeneas nightly-2026.06.03 + paired Charon (Lean 4.30.0-rc2 for output),Generated function interfaces in Aeneas nightly-2026.06.03,"At AeneasVerif/aeneas@ac9f1bc5262a5e4ff1e24ca78617121382202727, the generated Lean interface for a Rust function is a pure functional interface, not a direct transcription of the Rust signature and not an automatically generated Hoare-logic theorem. Ordinary reference constructors disappear from the forward value types. Mutable-borrow behavior is represented by additional backward computations whose types are derived from Charon region groups. In the Lean output selected by c",Aeneas generated Lean function interfaces selected by Anneal; Charon input producer pinned by Aeneas,False,Empirical or source-backed behavior depends on the named toolchain pin.,Aeneas nightly-2026.09.30-0855ce1 with its paired Charon e435e5f and Lean 4.31.0; separate standalone Charon comparison.,reports/aeneas-generated-function-specifications-nightly-2026-06-03/REPORT.json,reports/aeneas-generated-function-specifications-nightly-2026-06-03/REPORT.md,"[{""name"":""Aeneas generated Lean function interfaces selected by Anneal"",""identity"":{""repository"":""AeneasVerif/aeneas"",""revision"":""ac9f1bc5262a5e4ff1e24ca78617121382202727"",""release"":""nightly-2026.06.03""}},{""name"":""Charon input producer pinned by Aeneas"",""identity"":{""repository"":""AeneasVerif/charon"",""revision"":""a535e914f74db4fd9e6be7048f4233270d8945c0"",""version"":""0.1.210""}}]"
R011,newer_version_recheck,Aeneas nightly-2026.06.03 + paired Charon (Lean 4.30.0-rc2 for output),Aeneas generated Lean stability around nightly-2026.06.03,"Aeneas's generated Lean is revision-sensitive across the neighboring nightly releases around the version selected by Anneal. The checked-in history provides direct examples where an unchanged Rust test produces different Lean after a Charon/toolchain update, including changes to generated declaration names and function structure. It also provides the converse: nearby Aeneas releases can leave those generated files byte-identical while changing the Lean proof library and tacti",Aeneas nightly-2026.06.01; Aeneas revision tagged nightly-2026.06.02 and nightly-2026.06.03; Aeneas nightly-2026.06.04; Aeneas nightly-2026.06.05; Charon selected by Aeneas nightly-2026.06.01; Charon selected by Aeneas nightly-2026.06.03,False,Empirical or source-backed behavior depends on the named toolchain pin.,Aeneas nightly-2026.09.30-0855ce1 with its paired Charon e435e5f and Lean 4.31.0; separate standalone Charon comparison.,reports/aeneas-generated-lean-stability-near-nightly-2026-06-03/REPORT.json,reports/aeneas-generated-lean-stability-near-nightly-2026-06-03/REPORT.md,"[{""name"":""Aeneas nightly-2026.06.01"",""identity"":{""repository"":""AeneasVerif/aeneas"",""revision"":""f95a80abaf554d4612cb60ef9ec8e849139bec44"",""release"":""nightly-2026.06.01""}},{""name"":""Aeneas revision tagged nightly-2026.06.02 and nightly-2026.06.03"",""identity"":{""repository"":""AeneasVerif/aeneas"",""revision"":""ac9f1bc5262a5e4ff1e24ca78617121382202727"",""release_tags"":""nightly-2026.06.02, nightly-2026.06.03""}},{""name"":""Aeneas nightly-2026.06.04"",""identity"":{""repository"":""AeneasVerif/aeneas"",""revision"":""ac74e1baafe0973e919df9c86af0d4c521b642ff"",""release"":""nightly-2026.06.04""}},{""name"":""Aeneas nightly-2026.06.05"",""identity"":{""repository"":""AeneasVerif/aeneas"",""revision"":""5c70d9b0f648fa1c0becb92cab15a5ace1e6c093"",""release"":""nightly-2026.06.05""}},{""name"":""Charon selected by Aeneas nightly-2026.06.01"",""identity"":{""repository"":""AeneasVerif/charon"",""revision"":""42836b36b666a980cbc9d438a8aed340ad3b848b""}},{""name"":""Charon selected by Aeneas nightly-2026.06.03"",""identity"":{""repository"":""AeneasVerif/charon"",""revision"":""a535e914f74db4fd9e6be7048f4233270d8945c0""}}]"
R012,newer_version_recheck,Aeneas nightly-2026.06.03 + paired Charon (Lean 4.30.0-rc2 for output),Aeneas generated-source determinism at nightly-2026.06.03,"At AeneasVerif/aeneas@ac9f1bc5262a5e4ff1e24ca78617121382202727 (nightly-2026.06.03), the generated Lean source path is deliberately structured to avoid several obvious sources of nondeterminism. Generated-file headers contain no wall-clock timestamp. The importer clears Charon shortnames specifically to make printing more deterministic. Builtin memoized tables are forced before parallel work. Parallel function translation returns results in task-list order rather than complet",Aeneas generated-source determinism,False,Empirical or source-backed behavior depends on the named toolchain pin.,Aeneas nightly-2026.09.30-0855ce1 with its paired Charon e435e5f and Lean 4.31.0; separate standalone Charon comparison.,reports/aeneas-generated-source-determinism-nightly-2026-06-03/REPORT.json,reports/aeneas-generated-source-determinism-nightly-2026-06-03/REPORT.md,"[{""name"":""Aeneas generated-source determinism"",""identity"":{""repository"":""AeneasVerif/aeneas"",""revision"":""ac9f1bc5262a5e4ff1e24ca78617121382202727"",""release"":""nightly-2026.06.03""}}]"
R013,newer_version_recheck,Aeneas nightly-2026.06.03 + paired Charon (Lean 4.30.0-rc2 for output),Aeneas generated-source determinism,"Ten Aeneas Lean-generation runs on identical serialized LLBC emitted byte-identical source. Logs and filesystem mtimes varied. The result is limited to one input, binary, backend, and flag set.",Aeneas release archive; Aeneas source,False,Empirical or source-backed behavior depends on the named toolchain pin.,Aeneas nightly-2026.09.30-0855ce1 with its paired Charon e435e5f and Lean 4.31.0; separate standalone Charon comparison.,reports/aeneas-generated-source-repeat-run-probe-nightly-2026-06-03/REPORT.json,reports/aeneas-generated-source-repeat-run-probe-nightly-2026-06-03/REPORT.md,"[{""name"":""Aeneas release archive"",""identity"":{""artifact"":""aeneas-macos-aarch64.tar.gz"",""sha256"":""76f78b645e338ec7e89329f0ad22792997f42bd9b5eb14643ac32ade224eeb61"",""release"":""nightly-2026.06.03""}},{""name"":""Aeneas source"",""identity"":{""repository"":""AeneasVerif/aeneas"",""revision"":""ac9f1bc5262a5e4ff1e24ca78617121382202727""}}]"
R014,newer_version_recheck,Aeneas nightly-2026.06.03 + paired Charon (Lean 4.30.0-rc2 for output),Aeneas incremental translation feasibility at nightly-2026.06.03,"Aeneas nightly-2026.06.03 has useful declaration-local structure, but it does not expose an incremental translation protocol.",Aeneas selected by Anneal,False,Empirical or source-backed behavior depends on the named toolchain pin.,Aeneas nightly-2026.09.30-0855ce1 with its paired Charon e435e5f and Lean 4.31.0; separate standalone Charon comparison.,reports/aeneas-incremental-translation-feasibility-nightly-2026-06-03/REPORT.json,reports/aeneas-incremental-translation-feasibility-nightly-2026-06-03/REPORT.md,"[{""name"":""Aeneas selected by Anneal"",""identity"":{""repository"":""AeneasVerif/aeneas"",""revision"":""ac9f1bc5262a5e4ff1e24ca78617121382202727"",""release"":""nightly-2026.06.03""}}]"
R015,newer_version_recheck,Aeneas nightly-2026.06.03 + paired Charon (Lean 4.30.0-rc2 for output),Aeneas infinite and diverging execution at nightly-2026.06.03,"At AeneasVerif/aeneas@ac9f1bc5262a5e4ff1e24ca78617121382202727 (nightly-2026.06.03), Aeneas has a real semantic representation for divergence in generated Lean, but it does not support every Rust source form that can diverge.",Aeneas infinite and diverging execution,False,Empirical or source-backed behavior depends on the named toolchain pin.,Aeneas nightly-2026.09.30-0855ce1 with its paired Charon e435e5f and Lean 4.31.0; separate standalone Charon comparison.,reports/aeneas-infinite-diverging-execution-nightly-2026-06-03/REPORT.json,reports/aeneas-infinite-diverging-execution-nightly-2026-06-03/REPORT.md,"[{""name"":""Aeneas infinite and diverging execution"",""identity"":{""repository"":""AeneasVerif/aeneas"",""revision"":""ac9f1bc5262a5e4ff1e24ca78617121382202727"",""version"":""nightly-2026.06.03""}}]"
R016,newer_version_recheck,Aeneas nightly-2026.06.03 + paired Charon (Lean 4.30.0-rc2 for output),Aeneas Lean project and generated-package anatomy at nightly-2026.06.03,"At AeneasVerif/aeneas@ac9f1bc5262a5e4ff1e24ca78617121382202727, the Lean side has two distinct layers that a consumer must keep separate: the checked-in Aeneas Lean package under backends/lean, and the crate-specific Lean files emitted by the Aeneas translator. Generated crate files depend on the checked-in package by importing the umbrella module Aeneas; they are not standalone translations.",Aeneas Lean project and generated-package layout selected by Anneal,False,Empirical or source-backed behavior depends on the named toolchain pin.,Aeneas nightly-2026.09.30-0855ce1 with its paired Charon e435e5f and Lean 4.31.0; separate standalone Charon comparison.,reports/aeneas-lean-project-package-anatomy-nightly-2026-06-03/REPORT.json,reports/aeneas-lean-project-package-anatomy-nightly-2026-06-03/REPORT.md,"[{""name"":""Aeneas Lean project and generated-package layout selected by Anneal"",""identity"":{""repository"":""AeneasVerif/aeneas"",""revision"":""ac9f1bc5262a5e4ff1e24ca78617121382202727"",""release"":""nightly-2026.06.03""}}]"
R017,newer_version_recheck,Aeneas nightly-2026.06.03 + paired Charon (Lean 4.30.0-rc2 for output),Aeneas library and process architecture at nightly-2026.06.03,"Aeneas nightly-2026.06.03 is both an installable OCaml library and a one-shot command-line program. Its Dune package exposes a public library named aeneas containing the parser, pre-passes, symbolic interpreter, pure translation, extraction machinery, configuration, error handling, and parallel helpers. The public aeneas executable is a single Main module linked against that library.",Aeneas selected by Anneal,False,Empirical or source-backed behavior depends on the named toolchain pin.,Aeneas nightly-2026.09.30-0855ce1 with its paired Charon e435e5f and Lean 4.31.0; separate standalone Charon comparison.,reports/aeneas-library-process-architecture-nightly-2026-06-03/REPORT.json,reports/aeneas-library-process-architecture-nightly-2026-06-03/REPORT.md,"[{""name"":""Aeneas selected by Anneal"",""identity"":{""repository"":""AeneasVerif/aeneas"",""revision"":""ac9f1bc5262a5e4ff1e24ca78617121382202727"",""release"":""nightly-2026.06.03""}}]"
R018,newer_version_recheck,Aeneas nightly-2026.06.03 + paired Charon (Lean 4.30.0-rc2 for output),Aeneas loop translation at nightly-2026.06.03,"At Aeneas nightly-2026.06.03, a Rust loop does not survive as Rust-style control flow in the Lean output. Aeneas first symbolically executes the loop until the abstract interpreter reaches a stable loop-entry context. That context determines which symbolic values and borrow abstractions become loop state. A later pure-AST pipeline then extracts the loop into an auxiliary Lean definition and chooses between two shapes:",Aeneas nightly-2026.06.03 loop translation,False,Empirical or source-backed behavior depends on the named toolchain pin.,Aeneas nightly-2026.09.30-0855ce1 with its paired Charon e435e5f and Lean 4.31.0; separate standalone Charon comparison.,reports/aeneas-loops-nightly-2026-06-03/REPORT.json,reports/aeneas-loops-nightly-2026-06-03/REPORT.md,"[{""name"":""Aeneas nightly-2026.06.03 loop translation"",""identity"":{""repository"":""AeneasVerif/aeneas"",""revision"":""ac9f1bc5262a5e4ff1e24ca78617121382202727"",""release"":""nightly-2026.06.03""}}]"
R019,newer_version_recheck,Aeneas nightly-2026.06.03 + paired Charon (Lean 4.30.0-rc2 for output),Aeneas nested borrows and the historical Hermes flaky repro,"The historical Hermes nested-reference fixture in google/zerocopy issue #3227 does not establish that Anneal's current Aeneas pin is still flaky. The reported failure belonged to Hermes's April 2026 Aeneas revision, 42c0e90dacf486f7d3ed5b6cde3a9a81f04915a4. Anneal now selects Aeneas nightly-2026.06.03, revision ac9f1bc5262a5e4ff1e24ca78617121382202727.",Aeneas nested-borrow behavior selected by Anneal; Historical Hermes Aeneas pin for the flaky nested-reference fixture; Historical Hermes nested-reference flaky fixture,False,Empirical or source-backed behavior depends on the named toolchain pin.,Aeneas nightly-2026.09.30-0855ce1 with its paired Charon e435e5f and Lean 4.31.0; separate standalone Charon comparison.,reports/aeneas-nested-borrow-flaky-repro-nightly-2026-06-03/REPORT.json,reports/aeneas-nested-borrow-flaky-repro-nightly-2026-06-03/REPORT.md,"[{""name"":""Aeneas nested-borrow behavior selected by Anneal"",""identity"":{""repository"":""AeneasVerif/aeneas"",""revision"":""ac9f1bc5262a5e4ff1e24ca78617121382202727"",""release"":""nightly-2026.06.03""}},{""name"":""Historical Hermes Aeneas pin for the flaky nested-reference fixture"",""identity"":{""repository"":""AeneasVerif/aeneas"",""revision"":""42c0e90dacf486f7d3ed5b6cde3a9a81f04915a4"",""release"":""build-2026.04.07.112215-42c0e90dacf486f7d3ed5b6cde3a9a81f04915a4""}},{""name"":""Historical Hermes nested-reference flaky fixture"",""identity"":{""repository"":""google/zerocopy"",""revision"":""9bdef60f295715bc113419661b376071cc18e2b3"",""path"":""hermes/tests/fixtures/edge_cases_types/test_2_6_nested_refs""}}]"
R020,newer_version_recheck,Aeneas nightly-2026.06.03 + paired Charon (Lean 4.30.0-rc2 for output),"Aeneas panic, failure, and unwind representation at nightly-2026.06.03","At AeneasVerif/aeneas@ac9f1bc5262a5e4ff1e24ca78617121382202727, ordinary Rust failure is translated into the pure Result monad rather than a Rust unwinding semantics. A generated Lean function can return ok v, fail e, or—when partial-function machinery is involved—div. The Lean support library distinguishes several Error tags, including panic, assertion failure, overflow, division by zero, and out-of-bounds, but those tags are not a lossless encoding of Rust failure causes.",Aeneas panic/error translation selected by Anneal; Aeneas-paired Charon control-flow input,False,Empirical or source-backed behavior depends on the named toolchain pin.,Aeneas nightly-2026.09.30-0855ce1 with its paired Charon e435e5f and Lean 4.31.0; separate standalone Charon comparison.,reports/aeneas-panic-error-unwind-nightly-2026-06-03/REPORT.json,reports/aeneas-panic-error-unwind-nightly-2026-06-03/REPORT.md,"[{""name"":""Aeneas panic/error translation selected by Anneal"",""identity"":{""repository"":""AeneasVerif/aeneas"",""revision"":""ac9f1bc5262a5e4ff1e24ca78617121382202727"",""release"":""nightly-2026.06.03""}},{""name"":""Aeneas-paired Charon control-flow input"",""identity"":{""repository"":""AeneasVerif/charon"",""revision"":""a535e914f74db4fd9e6be7048f4233270d8945c0"",""version"":""0.1.210""}}]"
R021,newer_version_recheck,Aeneas nightly-2026.06.03 + paired Charon (Lean 4.30.0-rc2 for output),Aeneas partial functions at nightly-2026.06.03,"Aeneas does not require every recursive Rust function or translated loop to come with a termination proof before it can emit Lean. At AeneasVerif/aeneas@ac9f1bc5262a5e4ff1e24ca78617121382202727, the Lean backend marks translated recursive function groups with Lean's partialfixpoint mechanism by default. This gives the generated function a mathematical fixed-point definition that can represent nontermination, while still exposing equations that proofs can use.",Aeneas nightly-2026.06.03 release; Lean 4 partial_fixpoint implementation used by the Anneal toolchain,False,Empirical or source-backed behavior depends on the named toolchain pin.,Aeneas nightly-2026.09.30-0855ce1 with its paired Charon e435e5f and Lean 4.31.0; separate standalone Charon comparison.,reports/aeneas-partial-functions-nightly-2026-06-03/REPORT.json,reports/aeneas-partial-functions-nightly-2026-06-03/REPORT.md,"[{""name"":""Aeneas nightly-2026.06.03 release"",""identity"":{""repository"":""AeneasVerif/aeneas"",""revision"":""ac9f1bc5262a5e4ff1e24ca78617121382202727"",""release"":""nightly-2026.06.03""}},{""name"":""Lean 4 partial_fixpoint implementation used by the Anneal toolchain"",""identity"":{""repository"":""leanprover/lean4"",""revision"":""3dc1a088b6d2d8eafe25a7cd7ec7b58d731bd7cc"",""version"":""v4.30.0-rc2""}}]"
R022,newer_version_recheck,Aeneas nightly-2026.06.03 + paired Charon (Lean 4.30.0-rc2 for output),Post-monomorphization errors at the Anneal Aeneas/Charon boundary,Zerocopy uses post-monomorphization errors (PMEs) as compile-time admission checks for some generic operations whose runtime implementation is only sound for particular concrete types. Its staticassert! macro deliberately evaluates a type-dependent condition after monomorphization and turns failure into a compile error. Callers can therefore rely on a property such as equal size or non-increasing alignment even when the generic Rust function has no trait bound that states tha,Aeneas nightly selected by Anneal; Charon pinned by Aeneas; zerocopy PME guard implementation,False,Empirical or source-backed behavior depends on the named toolchain pin.,Aeneas nightly-2026.09.30-0855ce1 with its paired Charon e435e5f and Lean 4.31.0; separate standalone Charon comparison.,reports/aeneas-post-monomorphization-errors-nightly-2026-06-03/REPORT.json,reports/aeneas-post-monomorphization-errors-nightly-2026-06-03/REPORT.md,"[{""name"":""Aeneas nightly selected by Anneal"",""identity"":{""release"":""nightly-2026.06.03"",""repository"":""AeneasVerif/aeneas"",""revision"":""ac9f1bc5262a5e4ff1e24ca78617121382202727""}},{""name"":""Charon pinned by Aeneas"",""identity"":{""repository"":""AeneasVerif/charon"",""revision"":""a535e914f74db4fd9e6be7048f4233270d8945c0"",""rust-toolchain"":""nightly-2026-05-31"",""version"":""0.1.210""}},{""name"":""zerocopy PME guard implementation"",""identity"":{""repository"":""google/zerocopy"",""revision"":""41f5b37afe7060fd9fe08c00b200672cd76d77b9""}}]"
R023,newer_version_recheck,Aeneas nightly-2026.06.03 + paired Charon (Lean 4.30.0-rc2 for output),Aeneas raw pointers at nightly-2026.06.03,"At Aeneas nightly-2026.06.03 (ac9f1bc5262a5e4ff1e24ca78617121382202727), raw pointers are representable at type and interface boundaries but do not have a general memory semantics. Aeneas can carry Charon raw-pointer types into its pure AST and Lean output, and some library models mention raw pointers in their signatures. That support must not be confused with support for Rust raw-pointer execution.",Aeneas selected by Anneal; Charon pinned by Aeneas,False,Empirical or source-backed behavior depends on the named toolchain pin.,Aeneas nightly-2026.09.30-0855ce1 with its paired Charon e435e5f and Lean 4.31.0; separate standalone Charon comparison.,reports/aeneas-raw-pointers-nightly-2026-06-03/REPORT.json,reports/aeneas-raw-pointers-nightly-2026-06-03/REPORT.md,"[{""name"":""Aeneas selected by Anneal"",""identity"":{""repository"":""AeneasVerif/aeneas"",""revision"":""ac9f1bc5262a5e4ff1e24ca78617121382202727"",""release"":""nightly-2026.06.03""}},{""name"":""Charon pinned by Aeneas"",""identity"":{""repository"":""AeneasVerif/charon"",""revision"":""a535e914f74db4fd9e6be7048f4233270d8945c0"",""version"":""0.1.210""}}]"
R024,newer_version_recheck,Aeneas nightly-2026.06.03 + paired Charon (Lean 4.30.0-rc2 for output),Aeneas recursion and termination treatment at nightly-2026.06.03,"At AeneasVerif/aeneas@ac9f1bc5262a5e4ff1e24ca78617121382202727, the Lean backend does not require ordinary translated Rust recursion to be proven terminating when it defines the translated program. It emits recursive Lean functions with partialfixpoint. Aeneas gives its Result type a flat chain-complete partial order whose bottom element is Result.div, so Lean's partialfixpoint machinery gives recursive translated computations a semantic divergence case rather than an uncheck",Aeneas recursive-function translation and termination treatment selected by Anneal; Lean 4 used by the selected Aeneas backend,False,Empirical or source-backed behavior depends on the named toolchain pin.,Aeneas nightly-2026.09.30-0855ce1 with its paired Charon e435e5f and Lean 4.31.0; separate standalone Charon comparison.,reports/aeneas-recursion-termination-nightly-2026-06-03/REPORT.json,reports/aeneas-recursion-termination-nightly-2026-06-03/REPORT.md,"[{""name"":""Aeneas recursive-function translation and termination treatment selected by Anneal"",""identity"":{""repository"":""AeneasVerif/aeneas"",""revision"":""ac9f1bc5262a5e4ff1e24ca78617121382202727"",""release"":""nightly-2026.06.03""}},{""name"":""Lean 4 used by the selected Aeneas backend"",""identity"":{""repository"":""leanprover/lean4"",""revision"":""3dc1a088b6d2d8eafe25a7cd7ec7b58d731bd7cc"",""version"":""v4.30.0-rc2""}}]"
R025,newer_version_recheck,Aeneas nightly-2026.06.03 + paired Charon (Lean 4.30.0-rc2 for output),Aeneas nightly-2026.06.03 release archive anatomy,"The Aeneas nightly-2026.06.03 release publishes four platform-specific tar.gz archives: Linux and macOS, each for x8664 and AArch64. The release workflow builds a common staged tree containing the aeneas, charon, and charon-driver executables, the full backends/ source tree, and Charon's rust-toolchain file. It then precompiles the Lean backend in place before creating the final archive.",Aeneas nightly-2026.06.03 release source and packaging workflow; Aeneas nightly-2026.06.03 Linux x86_64 release asset; Aeneas nightly-2026.06.03 Linux AArch64 release asset; Aeneas nightly-2026.06.03 macOS x86_64 release asset; Aeneas nightly-2026.06.03 macOS AArch64 release asset,False,Empirical or source-backed behavior depends on the named toolchain pin.,Aeneas nightly-2026.09.30-0855ce1 with its paired Charon e435e5f and Lean 4.31.0; separate standalone Charon comparison.,reports/aeneas-release-archive-anatomy-nightly-2026-06-03/REPORT.json,reports/aeneas-release-archive-anatomy-nightly-2026-06-03/REPORT.md,"[{""name"":""Aeneas nightly-2026.06.03 release source and packaging workflow"",""identity"":{""repository"":""AeneasVerif/aeneas"",""revision"":""ac9f1bc5262a5e4ff1e24ca78617121382202727"",""release"":""nightly-2026.06.03""}},{""name"":""Aeneas nightly-2026.06.03 Linux x86_64 release asset"",""identity"":{""artifact"":""aeneas-linux-x86_64.tar.gz"",""sha256"":""00fb8ef427d4d06dcabd90f5196266e07731adf2a7466964ce6f4f6d1e8cbc11""}},{""name"":""Aeneas nightly-2026.06.03 Linux AArch64 release asset"",""identity"":{""artifact"":""aeneas-linux-aarch64.tar.gz"",""sha256"":""25402c4cbcb7da2d337cb168663542bc9c75ae9b10d2d2708f5289e8ca9d1902""}},{""name"":""Aeneas nightly-2026.06.03 macOS x86_64 release asset"",""identity"":{""artifact"":""aeneas-macos-x86_64.tar.gz"",""sha256"":""ba25ee857a76fa8f4c1022f6dff4072c9a01007453d67c61cfbaa1aa1c03e317""}},{""name"":""Aeneas nightly-2026.06.03 macOS AArch64 release asset"",""identity"":{""artifact"":""aeneas-macos-aarch64.tar.gz"",""sha256"":""76f78b645e338ec7e89329f0ad22792997f42bd9b5eb14643ac32ade224eeb61""}}]"
R026,newer_version_recheck,Aeneas nightly-2026.06.03 + paired Charon (Lean 4.30.0-rc2 for output),Aeneas release upgrade checklist for Anneal,"Changing Anneal's Aeneas release is not a single-version substitution. At the current baseline, Aeneas nightly-2026.06.03 resolves to AeneasVerif/aeneas@ac9f1bc5262a5e4ff1e24ca78617121382202727; that source pins Charon a535e914f74db4fd9e6be7048f4233270d8945c0, whose rustc-private driver pins Rust nightly-2026-05-31; the Aeneas Lean backend pins leanprover/lean4:v4.30.0-rc2 and a concrete Lake dependency closure. Current Anneal independently packages the matching May 31 Rust a",Aeneas release selected by current Anneal; Charon pinned by the selected Aeneas release; Lean selected by the Aeneas Lean backend; Anneal configuration that consumes the release,False,Empirical or source-backed behavior depends on the named toolchain pin.,Aeneas nightly-2026.09.30-0855ce1 with its paired Charon e435e5f and Lean 4.31.0; separate standalone Charon comparison.,reports/aeneas-release-upgrade-checklist-nightly-2026-06-03/REPORT.json,reports/aeneas-release-upgrade-checklist-nightly-2026-06-03/REPORT.md,"[{""name"":""Aeneas release selected by current Anneal"",""identity"":{""repository"":""AeneasVerif/aeneas"",""revision"":""ac9f1bc5262a5e4ff1e24ca78617121382202727"",""release"":""nightly-2026.06.03""}},{""name"":""Charon pinned by the selected Aeneas release"",""identity"":{""repository"":""AeneasVerif/charon"",""revision"":""a535e914f74db4fd9e6be7048f4233270d8945c0"",""version"":""0.1.210""}},{""name"":""Lean selected by the Aeneas Lean backend"",""identity"":{""repository"":""leanprover/lean4"",""revision"":""3dc1a088b6d2d8eafe25a7cd7ec7b58d731bd7cc"",""version"":""v4.30.0-rc2""}},{""name"":""Anneal configuration that consumes the release"",""identity"":{""repository"":""google/zerocopy"",""revision"":""41f5b37afe7060fd9fe08c00b200672cd76d77b9""}}]"
R027,newer_version_recheck,Aeneas nightly-2026.06.03 + paired Charon (Lean 4.30.0-rc2 for output),Aeneas lifetime erasure and resource-semantics boundary at nightly-2026.06.03,"At AeneasVerif/aeneas@ac9f1bc5262a5e4ff1e24ca78617121382202727, the ordinary functional translation selected by Anneal deliberately avoids a heap/resource model by relying on Rust's safe ownership discipline before translation. References become values, mutable-borrow effects become backward functions, Box<T> becomes T, and lifetime parameters disappear from the pure output language after they have guided region grouping and borrow translation.",Aeneas functional resource semantics selected by Anneal,False,Empirical or source-backed behavior depends on the named toolchain pin.,Aeneas nightly-2026.09.30-0855ce1 with its paired Charon e435e5f and Lean 4.31.0; separate standalone Charon comparison.,reports/aeneas-resource-semantics-nightly-2026-06-03/REPORT.json,reports/aeneas-resource-semantics-nightly-2026-06-03/REPORT.md,"[{""name"":""Aeneas functional resource semantics selected by Anneal"",""identity"":{""repository"":""AeneasVerif/aeneas"",""revision"":""ac9f1bc5262a5e4ff1e24ca78617121382202727"",""release"":""nightly-2026.06.03""}}]"
R028,newer_version_recheck,Aeneas nightly-2026.06.03 + paired Charon (Lean 4.30.0-rc2 for output),Rust comment preservation in Aeneas-generated Lean at nightly-2026.06.03,"At AeneasVerif/aeneas@ac9f1bc5262a5e4ff1e24ca78617121382202727, original Rust prose comments are not generally reproduced in generated Lean. Aeneas does emit Lean doc comments before generated declarations, but those are synthetic correspondence metadata constructed from the Rust item name, source span, optional external name pattern, and visibility.",Aeneas Rust-comment preservation in generated Lean; Charon comment metadata consumed by Aeneas,False,Empirical or source-backed behavior depends on the named toolchain pin.,Aeneas nightly-2026.09.30-0855ce1 with its paired Charon e435e5f and Lean 4.31.0; separate standalone Charon comparison.,reports/aeneas-rust-comment-preservation-nightly-2026-06-03/REPORT.json,reports/aeneas-rust-comment-preservation-nightly-2026-06-03/REPORT.md,"[{""name"":""Aeneas Rust-comment preservation in generated Lean"",""identity"":{""repository"":""AeneasVerif/aeneas"",""revision"":""ac9f1bc5262a5e4ff1e24ca78617121382202727"",""release"":""nightly-2026.06.03""}},{""name"":""Charon comment metadata consumed by Aeneas"",""identity"":{""repository"":""AeneasVerif/charon"",""revision"":""a535e914f74db4fd9e6be7048f4233270d8945c0""}}]"
R029,newer_version_recheck,Aeneas nightly-2026.06.03 + paired Charon (Lean 4.30.0-rc2 for output),Rust item names and namespaces in Aeneas-generated Lean,"At Aeneas nightly-2026.06.03, generated Lean names are derived from Charon item identity rather than from source spelling alone. For an ordinary local item, Aeneas removes the leading local-crate component, simplifies the remaining Charon name, and joins its components with . for Lean. The generated file normally opens one outer namespace equal to the raw Rust crate name; -namespace can replace that outer namespace. Thus a local Rust item such as crate::m::f normally appears ",Aeneas Lean naming selected by Anneal; Aeneas-paired Charon item-name producer,False,Empirical or source-backed behavior depends on the named toolchain pin.,Aeneas nightly-2026.09.30-0855ce1 with its paired Charon e435e5f and Lean 4.31.0; separate standalone Charon comparison.,reports/aeneas-rust-lean-naming-nightly-2026-06-03/REPORT.json,reports/aeneas-rust-lean-naming-nightly-2026-06-03/REPORT.md,"[{""name"":""Aeneas Lean naming selected by Anneal"",""identity"":{""repository"":""AeneasVerif/aeneas"",""revision"":""ac9f1bc5262a5e4ff1e24ca78617121382202727"",""release"":""nightly-2026.06.03""}},{""name"":""Aeneas-paired Charon item-name producer"",""identity"":{""repository"":""AeneasVerif/charon"",""revision"":""a535e914f74db4fd9e6be7048f4233270d8945c0"",""version"":""0.1.210""}}]"
R030,newer_version_recheck,Aeneas nightly-2026.06.03 + paired Charon (Lean 4.30.0-rc2 for output),Aeneas Rust support and failure matrix at nightly-2026.06.03,"At AeneasVerif/aeneas@ac9f1bc5262a5e4ff1e24ca78617121382202727, the release selected by Anneal as nightly-2026.06.03, ""supported Rust"" is not a single yes/no property. The useful boundary has three layers:",Aeneas Rust support and failure boundary selected by Anneal; Charon input producer pinned by Aeneas,False,Empirical or source-backed behavior depends on the named toolchain pin.,Aeneas nightly-2026.09.30-0855ce1 with its paired Charon e435e5f and Lean 4.31.0; separate standalone Charon comparison.,reports/aeneas-rust-support-failure-matrix-nightly-2026-06-03/REPORT.json,reports/aeneas-rust-support-failure-matrix-nightly-2026-06-03/REPORT.md,"[{""name"":""Aeneas Rust support and failure boundary selected by Anneal"",""identity"":{""repository"":""AeneasVerif/aeneas"",""revision"":""ac9f1bc5262a5e4ff1e24ca78617121382202727"",""release"":""nightly-2026.06.03""}},{""name"":""Charon input producer pinned by Aeneas"",""identity"":{""repository"":""AeneasVerif/charon"",""revision"":""a535e914f74db4fd9e6be7048f4233270d8945c0"",""version"":""0.1.210""}}]"
R031,newer_version_recheck,Aeneas nightly-2026.06.03 + paired Charon (Lean 4.30.0-rc2 for output),"Aeneas Rust-to-Lean value, function, and borrow translation at nightly-2026.06.03","At AeneasVerif/aeneas@ac9f1bc5262a5e4ff1e24ca78617121382202727, the release selected by current Anneal, ordinary Rust references do not survive as Lean reference or heap objects. Aeneas functionalizes them. &T and &mut T both become the translated value for T in the forward value type; mutable-borrow effects are reconstructed with generated backward functions whose inputs and outputs are derived from region groups. A Rust function that returns a mutable borrow can therefore b",Aeneas Lean translation selected by Anneal; Aeneas-paired Charon input producer,False,Empirical or source-backed behavior depends on the named toolchain pin.,Aeneas nightly-2026.09.30-0855ce1 with its paired Charon e435e5f and Lean 4.31.0; separate standalone Charon comparison.,reports/aeneas-rust-to-lean-translation-nightly-2026-06-03/REPORT.json,reports/aeneas-rust-to-lean-translation-nightly-2026-06-03/REPORT.md,"[{""name"":""Aeneas Lean translation selected by Anneal"",""identity"":{""repository"":""AeneasVerif/aeneas"",""revision"":""ac9f1bc5262a5e4ff1e24ca78617121382202727"",""release"":""nightly-2026.06.03""}},{""name"":""Aeneas-paired Charon input producer"",""identity"":{""repository"":""AeneasVerif/charon"",""revision"":""a535e914f74db4fd9e6be7048f4233270d8945c0"",""version"":""0.1.210""}}]"
R032,newer_version_recheck,Aeneas nightly-2026.06.03 + paired Charon (Lean 4.30.0-rc2 for output),Rust type shapes in Aeneas Lean output at nightly-2026.06.03,"At AeneasVerif/aeneas@ac9f1bc5262a5e4ff1e24ca78617121382202727, Rust types do not cross into Lean by a layout-preserving encoding. Aeneas first maps Charon types into its pure type language and then prints those pure types as Lean. That pipeline deliberately erases some Rust structure and rejects some source types.",Aeneas Lean translation selected by Anneal; Aeneas-paired Charon input producer,False,Empirical or source-backed behavior depends on the named toolchain pin.,Aeneas nightly-2026.09.30-0855ce1 with its paired Charon e435e5f and Lean 4.31.0; separate standalone Charon comparison.,reports/aeneas-rust-type-shapes-nightly-2026-06-03/REPORT.json,reports/aeneas-rust-type-shapes-nightly-2026-06-03/REPORT.md,"[{""name"":""Aeneas Lean translation selected by Anneal"",""identity"":{""repository"":""AeneasVerif/aeneas"",""revision"":""ac9f1bc5262a5e4ff1e24ca78617121382202727"",""release"":""nightly-2026.06.03""}},{""name"":""Aeneas-paired Charon input producer"",""identity"":{""repository"":""AeneasVerif/charon"",""revision"":""a535e914f74db4fd9e6be7048f4233270d8945c0"",""version"":""0.1.210""}}]"
R033,newer_version_recheck,Aeneas nightly-2026.06.03 + paired Charon (Lean 4.30.0-rc2 for output),Aeneas semantic omissions relevant to unsafe Rust at nightly-2026.06.03,"At AeneasVerif/aeneas@ac9f1bc5262a5e4ff1e24ca78617121382202727, the ordinary functional backend selected by Anneal deliberately omits several operational dimensions that unsafe-Rust proofs can depend on. The most important are not hidden implementation details: Aeneas documents this backend as a translation of a subset of safe Rust and says unsafe and concurrent Rust require the developing separation-logic path.",Aeneas ordinary functional semantics selected by Anneal,False,Empirical or source-backed behavior depends on the named toolchain pin.,Aeneas nightly-2026.09.30-0855ce1 with its paired Charon e435e5f and Lean 4.31.0; separate standalone Charon comparison.,reports/aeneas-semantic-omissions-unsafe-rust-nightly-2026-06-03/REPORT.json,reports/aeneas-semantic-omissions-unsafe-rust-nightly-2026-06-03/REPORT.md,"[{""name"":""Aeneas ordinary functional semantics selected by Anneal"",""identity"":{""repository"":""AeneasVerif/aeneas"",""revision"":""ac9f1bc5262a5e4ff1e24ca78617121382202727"",""release"":""nightly-2026.06.03""}}]"
R034,incidental_or_citation,No pinned-software conclusion requiring a newer-version rerun,"Aeneas separation-logic status: selected release, current main, and draft implementation","Anneal's selected Aeneas release, nightly-2026.06.03 at AeneasVerif/aeneas@ac9f1bc5262a5e4ff1e24ca78617121382202727, does not contain the separation-logic backend now under development. It is the functional safe-Rust model already characterized by aeneas-resource-semantics-nightly-2026-06-03: raw-pointer types can appear in signatures, but the symbolic interpreter rejects raw-pointer dereference.",Aeneas release selected by Anneal; Current Aeneas main separation-logic prerequisites; Draft first-order sequential separation logic,False,"Main conclusion is an audit, general model, history, standard, or contextual evidence; software versions identify provenance only.",No newer-version comparison for the main conclusion.,reports/aeneas-separation-logic-status-2026-09-26/REPORT.json,reports/aeneas-separation-logic-status-2026-09-26/REPORT.md,"[{""name"":""Aeneas release selected by Anneal"",""identity"":{""release"":""nightly-2026.06.03"",""repository"":""AeneasVerif/aeneas"",""revision"":""ac9f1bc5262a5e4ff1e24ca78617121382202727""}},{""name"":""Current Aeneas main separation-logic prerequisites"",""identity"":{""branch"":""main"",""repository"":""AeneasVerif/aeneas"",""revision"":""b86120db3183b0107eb5f2637b11c424cd06ef1c""}},{""name"":""Draft first-order sequential separation logic"",""identity"":{""pull_request"":""1352"",""repository"":""AeneasVerif/aeneas"",""revision"":""75fb1479040d32d43d31b74510167ee3b873d28a""}}]"
R035,newer_version_recheck,Aeneas nightly-2026.06.03 + paired Charon (Lean 4.30.0-rc2 for output),Aeneas trait translation at nightly-2026.06.03,"At AeneasVerif/aeneas@ac9f1bc5262a5e4ff1e24ca78617121382202727, Rust traits are translated to explicit dictionary records. For the Lean backend, an ordinary Rust trait becomes a Lean structure; a Rust trait bound becomes an explicit value parameter of that structure type; an implementation becomes a reducible def whose value fills the record fields; and generic method calls project through the explicit dictionary. Concrete dispatch can instead name the selected implementation",Aeneas trait translation selected by Anneal; Aeneas-paired Charon trait input,False,Empirical or source-backed behavior depends on the named toolchain pin.,Aeneas nightly-2026.09.30-0855ce1 with its paired Charon e435e5f and Lean 4.31.0; separate standalone Charon comparison.,reports/aeneas-trait-translation-nightly-2026-06-03/REPORT.json,reports/aeneas-trait-translation-nightly-2026-06-03/REPORT.md,"[{""name"":""Aeneas trait translation selected by Anneal"",""identity"":{""repository"":""AeneasVerif/aeneas"",""revision"":""ac9f1bc5262a5e4ff1e24ca78617121382202727"",""release"":""nightly-2026.06.03""}},{""name"":""Aeneas-paired Charon trait input"",""identity"":{""repository"":""AeneasVerif/charon"",""revision"":""a535e914f74db4fd9e6be7048f4233270d8945c0"",""version"":""0.1.210""}}]"
R036,newer_version_recheck,Aeneas nightly-2026.06.03 + paired Charon (Lean 4.30.0-rc2 for output),Aeneas translation-correctness obligations at nightly-2026.06.03,"At AeneasVerif/aeneas@ac9f1bc5262a5e4ff1e24ca78617121382202727, the ordinary Aeneas pipeline does not turn a successful Rust-to-Lean run into a self-certifying proof that the generated Lean has the same semantics as the Rust source. It consumes Charon LLBC, performs substantial LLBC preprocessing and symbolic execution, constructs and rewrites a pure intermediate program, and finally prints backend code. The generated Lean can then be checked by Lean and used in machine-check",Aeneas translation-correctness obligations and trust boundary selected by Anneal; Charon input representation paired with the selected Aeneas release,False,Empirical or source-backed behavior depends on the named toolchain pin.,Aeneas nightly-2026.09.30-0855ce1 with its paired Charon e435e5f and Lean 4.31.0; separate standalone Charon comparison.,reports/aeneas-translation-correctness-obligations-nightly-2026-06-03/REPORT.json,reports/aeneas-translation-correctness-obligations-nightly-2026-06-03/REPORT.md,"[{""name"":""Aeneas translation-correctness obligations and trust boundary selected by Anneal"",""identity"":{""repository"":""AeneasVerif/aeneas"",""revision"":""ac9f1bc5262a5e4ff1e24ca78617121382202727"",""release"":""nightly-2026.06.03""}},{""name"":""Charon input representation paired with the selected Aeneas release"",""identity"":{""repository"":""AeneasVerif/charon"",""revision"":""a535e914f74db4fd9e6be7048f4233270d8945c0"",""version"":""0.1.210""}}]"
R037,newer_version_recheck,Aeneas nightly-2026.06.03 + paired Charon (Lean 4.30.0-rc2 for output),Aeneas trusted base at nightly-2026.06.03,"For a theorem proved over Lean generated by AeneasVerif/aeneas@ac9f1bc5262a5e4ff1e24ca78617121382202727, the trusted base depends on what conclusion is being claimed.",Aeneas trusted-base boundary selected by Anneal; Charon producer paired with the selected Aeneas release; Lean checker selected by the Aeneas/Anneal toolchain,False,Empirical or source-backed behavior depends on the named toolchain pin.,Aeneas nightly-2026.09.30-0855ce1 with its paired Charon e435e5f and Lean 4.31.0; separate standalone Charon comparison.,reports/aeneas-trusted-base-nightly-2026-06-03/REPORT.json,reports/aeneas-trusted-base-nightly-2026-06-03/REPORT.md,"[{""name"":""Aeneas trusted-base boundary selected by Anneal"",""identity"":{""repository"":""AeneasVerif/aeneas"",""revision"":""ac9f1bc5262a5e4ff1e24ca78617121382202727"",""release"":""nightly-2026.06.03""}},{""name"":""Charon producer paired with the selected Aeneas release"",""identity"":{""repository"":""AeneasVerif/charon"",""revision"":""a535e914f74db4fd9e6be7048f4233270d8945c0"",""version"":""0.1.210""}},{""name"":""Lean checker selected by the Aeneas/Anneal toolchain"",""identity"":{""repository"":""leanprover/lean4"",""revision"":""3dc1a088b6d2d8eafe25a7cd7ec7b58d731bd7cc"",""version"":""v4.30.0-rc2""}}]"
R038,newer_version_recheck,Aeneas nightly-2026.06.03 + paired Charon (Lean 4.30.0-rc2 for output),Aeneas type-alias handling at nightly-2026.06.03,"At AeneasVerif/aeneas@ac9f1bc5262a5e4ff1e24ca78617121382202727, ordinary Rust type aliases do not become Lean type aliases. The paired Charon revision, AeneasVerif/charon@a535e914f74db4fd9e6be7048f4233270d8945c0, preserves each selected alias declaration as a top-level TypeDeclKind::Alias(Ty), but Rust/rustc has already made uses of an ordinary alias transparent: Charon's own AST documentation says alias declarations appear only in the top-level item list because rustc inline",Aeneas Lean translation selected by Anneal; Aeneas-paired Charon input producer,False,Empirical or source-backed behavior depends on the named toolchain pin.,Aeneas nightly-2026.09.30-0855ce1 with its paired Charon e435e5f and Lean 4.31.0; separate standalone Charon comparison.,reports/aeneas-type-alias-handling-nightly-2026-06-03/REPORT.json,reports/aeneas-type-alias-handling-nightly-2026-06-03/REPORT.md,"[{""name"":""Aeneas Lean translation selected by Anneal"",""identity"":{""repository"":""AeneasVerif/aeneas"",""revision"":""ac9f1bc5262a5e4ff1e24ca78617121382202727"",""release"":""nightly-2026.06.03""}},{""name"":""Aeneas-paired Charon input producer"",""identity"":{""repository"":""AeneasVerif/charon"",""revision"":""a535e914f74db4fd9e6be7048f4233270d8945c0"",""version"":""0.1.210""}}]"
R039,newer_version_recheck,Aeneas nightly-2026.06.03 + paired Charon (Lean 4.30.0-rc2 for output),Aeneas weakest-precondition and proof-tool interfaces at nightly-2026.06.03,"At AeneasVerif/aeneas@ac9f1bc5262a5e4ff1e24ca78617121382202727, the proof-facing interface is simpler than the phrase “generated weakest-precondition function” suggests. Aeneas translates a Rust function to a Lean function in the Result monad. A single generic predicate, Aeneas.Std.WP.spec, then states that this computation returns .ok and that its returned value satisfies a postcondition. Aeneas does not emit a separate WP definition or specification theorem for every transl",Aeneas Lean WP and proof tooling selected by Anneal; Historical Anneal V1 WP adapter,False,Empirical or source-backed behavior depends on the named toolchain pin.,Aeneas nightly-2026.09.30-0855ce1 with its paired Charon e435e5f and Lean 4.31.0; separate standalone Charon comparison.,reports/aeneas-wp-proof-tools-nightly-2026-06-03/REPORT.json,reports/aeneas-wp-proof-tools-nightly-2026-06-03/REPORT.md,"[{""name"":""Aeneas Lean WP and proof tooling selected by Anneal"",""identity"":{""repository"":""AeneasVerif/aeneas"",""revision"":""ac9f1bc5262a5e4ff1e24ca78617121382202727"",""release"":""nightly-2026.06.03""}},{""name"":""Historical Anneal V1 WP adapter"",""identity"":{""repository"":""google/zerocopy"",""revision"":""41f5b37afe7060fd9fe08c00b200672cd76d77b9"",""path"":""anneal/v1""}}]"
R040,incidental_or_citation,No pinned-software conclusion requiring a newer-version rerun,Recommendation-level coverage audit for zerocopy issue #3725,"Issue #3725 contains 136 research recommendations, not 136 independent report-package requirements. This audit maps each recommendation against the reference corpus at 6056bd38f7b1896b4120e212d9e63e2430d92792 (260 packages), including four newly executed reports. This report then publishes the mapping requested by R103. In the resulting corpus, exactly one recommendation (R103) is complete as written; 83 remain partial, 23 remain gaps, and 29 remain conditional. The four new ",zerocopy issue #3725; zerocopy reference corpus snapshot,False,"Main conclusion is an audit, general model, history, standard, or contextual evidence; software versions identify provenance only.",No newer-version comparison for the main conclusion.,reports/anneal-3725-recommendation-coverage-audit-2026-09-28/REPORT.json,reports/anneal-3725-recommendation-coverage-audit-2026-09-28/REPORT.md,"[{""name"":""zerocopy issue #3725"",""identity"":{""repository"":""google/zerocopy"",""issue"":""3725"",""url"":""https://github.com/google/zerocopy/issues/3725"",""body_sha256"":""f733f6eec6c7ec45633288bbe025dfd5a155d66a885b593dc6a4b0d97160621c""}},{""name"":""zerocopy reference corpus snapshot"",""identity"":{""repository"":""google/zerocopy"",""revision"":""6056bd38f7b1896b4120e212d9e63e2430d92792"",""branch"":""reference"",""report_count"":""260""}}]"
R041,incidental_or_citation,No pinned-software conclusion requiring a newer-version rerun,Independent row-by-row re-audit of the 174-entry #3730 crosswalk,"All 174 source suggestions and 345 mapped #3731 destination links were checked against the frozen issue wording and row challenge. All 106 distinct cited report packages and 364 distinct cited evidence files resolve. In the retained checker run, 63 of 64 cited checkers passed; anneal-3730-five-original-packages-rereview-2026-09-29 failed on a stale hash (the separate I001–I053 re-audit identifies all eight stale-hash paths). This is a material evidence-integrity failure at th",Frozen #3730 174-entry crosswalk at reference HEAD 75fa78c1b623ab8db9d9acb4f31ec7958bfb9110; Independent 174-row audit and cited-checker run,False,"Main conclusion is an audit, general model, history, standard, or contextual evidence; software versions identify provenance only.",No newer-version comparison for the main conclusion.,reports/anneal-3730-174-row-crosswalk-reaudit-2026-09-29/REPORT.json,reports/anneal-3730-174-row-crosswalk-reaudit-2026-09-29/REPORT.md,"[{""name"":""Frozen #3730 174-entry crosswalk at reference HEAD 75fa78c1b623ab8db9d9acb4f31ec7958bfb9110"",""identity"":{""crosswalk_sha256"":""90ee49ce47fff9123c41041c65125a9235caec8306a85a99ae293be345b8007d"",""issue_snapshot_sha256"":""5c261d44e788ac96a0cb2d347752d01bbc51ffb03697a6a08a76e02f55469a6d""}},{""name"":""Independent 174-row audit and cited-checker run"",""identity"":{""audit_sha256"":""fc5c747eaf467bf9e473b393e927cac2188a7ab91483d8b37d2973e00faa173c"",""checker_runs_sha256"":""adda5eb72fe75d6412ba2b68952bfe0da0548a1e6ef92ca744fd95e6af869032""}}]"
R042,incidental_or_citation,No pinned-software conclusion requiring a newer-version rerun,Independent #3730 crosswalk audit and native Lean plugin trust control,"At published reference@9d2426519c7eaaf58b13b109a2f4c16d84c51616, I re-read the live #3730 body, its consolidation comment, the linked #3731 crosswalk comment, v24, and the cited report corpus. The per-suggestion decision table compares all 174 original requested blocks with their 345 exact #3731 destination links and 111 cited packages. I found no justified status promotion or demotion: three complete at explicitly narrow fixture scope, 162 partial, five not-run at their dist",Published reference and v24 suggestion crosswalk; Live issues 3730 and 3731 scope; Pinned native Lean plugin marker control,False,"Main conclusion is an audit, general model, history, standard, or contextual evidence; software versions identify provenance only.",No newer-version comparison for the main conclusion.,reports/anneal-3730-174-suggestion-postpublication-native-trust-audit-2026-09-29/REPORT.json,reports/anneal-3730-174-suggestion-postpublication-native-trust-audit-2026-09-29/REPORT.md,"[{""name"":""Published reference and v24 suggestion crosswalk"",""identity"":{""repository"":""google/zerocopy"",""revision"":""9d2426519c7eaaf58b13b109a2f4c16d84c51616"",""v24_crosswalk_sha256"":""ce9ffc39de2e3e3db346d2ea5ab4e18e1d5570aeff89bfc7f3a344d3392750c6""}},{""name"":""Live issues 3730 and 3731 scope"",""identity"":{""issue_3730_body_sha256"":""81bdc705843328085400eb3816ccd473266a95723cfcdba94c753bc22617e6f0"",""issue_3730_comment_sha256"":""7544fde70a98d0fdc6ffa14a7bb08827e1b40ad7b8f8eb4263a0f67d0491531e"",""issue_3731_crosswalk_comment_sha256"":""4cc532789c728ce2cfaca08d7636c6f0fd91f0710fd9e90de74a25993b43f488""}},{""name"":""Pinned native Lean plugin marker control"",""identity"":{""lean_version"":""4.30.0-rc2"",""lean_sha256"":""b48bc5ab229bd8b320a224b87e20fc428dba6fa8a1c054bd4fa6def846e19997"",""plugin_sha256"":""3f4a1cb3a67a0027f0c90e819afc20d009ddb921cb7f4c0e0095db074e085aa4"",""probe_sha256"":""945fcfe53d2538cdb140d1d1e823477a93d54720b9240765a27a1fd38f837d8e"",""result_sha256"":""8301f229581a69f7acfb02c6fce4f660334a48b410395703668cf3c2d82ce66f""}}]"
R043,incidental_or_citation,No pinned-software conclusion requiring a newer-version rerun,Coverage audit and experiment plan for Anneal issues #3730 and #3731,"Issue #3731 consolidates #3730 into 159 investigation IDs and its follow-up comment preserves the 174-item #3730-to-#3731 crosswalk, 15 new investigations, and 64 explicit extensions to earlier IDs. The investigation ledger, extension ledger, and crosswalk are included in support/.",Anneal interactive architecture investigation agenda (#3730); Anneal consolidated investigation agenda (#3731); google/zerocopy reference corpus,False,"Main conclusion is an audit, general model, history, standard, or contextual evidence; software versions identify provenance only.",No newer-version comparison for the main conclusion.,reports/anneal-3730-3731-coverage-audit-2026-09-29/REPORT.json,reports/anneal-3730-3731-coverage-audit-2026-09-29/REPORT.md,"[{""name"":""Anneal interactive architecture investigation agenda (#3730)"",""identity"":{""repository"":""google/zerocopy"",""issue"":""3730"",""body_sha256"":""81bdc705843328085400eb3816ccd473266a95723cfcdba94c753bc22617e6f0"",""closure_comment"":""5884380373"",""closure_comment_sha256"":""7544fde70a98d0fdc6ffa14a7bb08827e1b40ad7b8f8eb4263a0f67d0491531e"",""state"":""CLOSED as duplicate backlog""}},{""name"":""Anneal consolidated investigation agenda (#3731)"",""identity"":{""repository"":""google/zerocopy"",""issue"":""3731"",""body_sha256"":""603eb92dc737e34912eff048b9901306239ebba8e77b8a3a2acc6371bcc9227f"",""scope_extension_comment"":""5884299718"",""comment_body_sha256"":""2451c7f38f864676a5aa23b16d4eb25ba18f768318829fd68715f9b384c1f533"",""state"":""OPEN""}},{""name"":""google/zerocopy reference corpus"",""identity"":{""repository"":""google/zerocopy"",""revision"":""8c257ec3f4e067963e12441ce5b261714a005c74"",""branch"":""reference""}}]"
R044,incidental_or_citation,No pinned-software conclusion requiring a newer-version rerun,#3730/#3731 evidence audit v10: five additional component suites,"At the public GitHub API snapshot of 2026-09-29T11:59:05Z, #3730 was closed and #3731 open. Their bodies and one comment each were byte-identical to v9. SHA-256 digests are #3730 body 81bdc705843328085400eb3816ccd473266a95723cfcdba94c753bc22617e6f0, comment 7544fde70a98d0fdc6ffa14a7bb08827e1b40ad7b8f8eb4263a0f67d0491531e; #3731 body 0375e6dc74b7f89e170c6c1a699212c1cf82b4260dfda4f14a02bcb54b2c4a88, extension comment 4cc532789c728ce2cfaca08d7636c6f0fd91f0710fd9e90de74a25993b43f",google/zerocopy issue #3730; google/zerocopy issue #3731,False,"Main conclusion is an audit, general model, history, standard, or contextual evidence; software versions identify provenance only.",No newer-version comparison for the main conclusion.,reports/anneal-3730-3731-final-coverage-audit-2026-09-29-v10/REPORT.json,reports/anneal-3730-3731-final-coverage-audit-2026-09-29-v10/REPORT.md,"[{""name"":""google/zerocopy issue #3730"",""identity"":{""repository"":""google/zerocopy"",""issue"":""3730""}},{""name"":""google/zerocopy issue #3731"",""identity"":{""repository"":""google/zerocopy"",""issue"":""3731""}}]"
R045,incidental_or_citation,No pinned-software conclusion requiring a newer-version rerun,"#3730/#3731 coverage audit v11: resource, failure, projection and Charon follow-ups","This audit uses the public GitHub API snapshot in support/issue-scope-snapshot.json and the exact completed report packages named in support/all-package-accounting-v11.csv. Its builder verifies 159 distinct I001–I159 rows, 174 distinct #3730 suggestions, and every destination in the #3730-to-#3731 crosswalk comment. It validates each package's publication metadata with reference.loadreport, inspects the new packages file by file, and preserves a concrete evidence scope and re",google/zerocopy issue #3730; google/zerocopy issue #3731,False,"Main conclusion is an audit, general model, history, standard, or contextual evidence; software versions identify provenance only.",No newer-version comparison for the main conclusion.,reports/anneal-3730-3731-final-coverage-audit-2026-09-29-v11/REPORT.json,reports/anneal-3730-3731-final-coverage-audit-2026-09-29-v11/REPORT.md,"[{""name"":""google/zerocopy issue #3730"",""identity"":{""repository"":""google/zerocopy"",""issue"":""3730""}},{""name"":""google/zerocopy issue #3731"",""identity"":{""repository"":""google/zerocopy"",""issue"":""3731""}}]"
R046,incidental_or_citation,No pinned-software conclusion requiring a newer-version rerun,#3730/#3731 coverage audit v12: nine published and two local follow-ups,"This audit snapshots the current public #3730 and #3731 bodies and sole extension comments at 2026-09-29T14:15:13Z. The four SHA-256 values in support/validation-v12.json match v11; #3730 is closed and #3731 is open. The source branch is upstream/reference at d3e0e39ab26ddd79d03bea58cfe87813a33ef633. The builder compares the issue headings and extension crosswalk to all 159 I001–I159 and 174 #3730 suggestion rows, including destination sets. It validates every one of 102 subs",google/zerocopy issue #3730; google/zerocopy issue #3731; google/zerocopy reference,False,"Main conclusion is an audit, general model, history, standard, or contextual evidence; software versions identify provenance only.",No newer-version comparison for the main conclusion.,reports/anneal-3730-3731-final-coverage-audit-2026-09-29-v12/REPORT.json,reports/anneal-3730-3731-final-coverage-audit-2026-09-29-v12/REPORT.md,"[{""name"":""google/zerocopy issue #3730"",""identity"":{""repository"":""google/zerocopy"",""issue"":""3730""}},{""name"":""google/zerocopy issue #3731"",""identity"":{""repository"":""google/zerocopy"",""issue"":""3731""}},{""name"":""google/zerocopy reference"",""identity"":{""repository"":""google/zerocopy"",""commit"":""d3e0e39ab26ddd79d03bea58cfe87813a33ef633""}}]"
R047,incidental_or_citation,No pinned-software conclusion requiring a newer-version rerun,#3730/#3731 coverage audit v13: current Tasks wire and Lean goal composition,"This audit uses a fresh public #3730 and #3731 body/comment snapshot at 2026-09-29T14:43:11Z and upstream reference at dee4c4d22bae91da4b68019db8898952ea0fbd12. The four SHA-256 values in support/validation-v13.json are unchanged from v12; #3730 remains closed and #3731 open. The offline builder checks 159 distinct I001–I159 headings, 174 distinct #3730 suggestions, and each extension-crosswalk destination against the issue text. It validates all 104 substantive #3730 report ",google/zerocopy issue #3730; google/zerocopy issue #3731; google/zerocopy reference,False,"Main conclusion is an audit, general model, history, standard, or contextual evidence; software versions identify provenance only.",No newer-version comparison for the main conclusion.,reports/anneal-3730-3731-final-coverage-audit-2026-09-29-v13/REPORT.json,reports/anneal-3730-3731-final-coverage-audit-2026-09-29-v13/REPORT.md,"[{""name"":""google/zerocopy issue #3730"",""identity"":{""repository"":""google/zerocopy"",""issue"":""3730""}},{""name"":""google/zerocopy issue #3731"",""identity"":{""repository"":""google/zerocopy"",""issue"":""3731""}},{""name"":""google/zerocopy reference"",""identity"":{""repository"":""google/zerocopy"",""commit"":""dee4c4d22bae91da4b68019db8898952ea0fbd12""}}]"
R048,incidental_or_citation,No pinned-software conclusion requiring a newer-version rerun,"#3730/#3731 coverage audit v14: Lean contexts, documents, history, and Lake consumers","This audit uses a fresh public #3730 and #3731 body/comment snapshot at 2026-09-29T15:14:21Z and upstream reference commit d88d43c66b9373aadffbfc7dc1c7d9131ee5791e. The four SHA-256 body/comment hashes in support/validation-v14.json match v13; #3730 is closed and #3731 open. The offline builder rechecks all 159 distinct I001–I159 headings, all 174 #3730 suggestions and their crosswalk destinations, validates each substantive #3730 report package with reference.loadreport, and",google/zerocopy issue #3730; google/zerocopy issue #3731; google/zerocopy reference,False,"Main conclusion is an audit, general model, history, standard, or contextual evidence; software versions identify provenance only.",No newer-version comparison for the main conclusion.,reports/anneal-3730-3731-final-coverage-audit-2026-09-29-v14/REPORT.json,reports/anneal-3730-3731-final-coverage-audit-2026-09-29-v14/REPORT.md,"[{""name"":""google/zerocopy issue #3730"",""identity"":{""repository"":""google/zerocopy"",""issue"":""3730""}},{""name"":""google/zerocopy issue #3731"",""identity"":{""repository"":""google/zerocopy"",""issue"":""3731""}},{""name"":""google/zerocopy reference"",""identity"":{""repository"":""google/zerocopy"",""commit"":""d88d43c66b9373aadffbfc7dc1c7d9131ee5791e""}}]"
R049,incidental_or_citation,No pinned-software conclusion requiring a newer-version rerun,#3730/#3731 coverage audit v15: live import generations and remaining local probes,"This audit uses a fresh public #3730 and #3731 body/comment snapshot at 2026-09-29T15:45:57Z and upstream reference commit c7abd976962801c3a3a1796c072a3530b3a78921. All four body/comment SHA-256 values in support/validation-v15.json match v14; #3730 remains closed and #3731 open. The offline builder rechecks all 159 distinct I001–I159 headings, all 174 #3730 suggestions and their crosswalk destinations, validates every substantive #3730 report package with reference.loadrepor",google/zerocopy issue #3730; google/zerocopy issue #3731; google/zerocopy reference,False,"Main conclusion is an audit, general model, history, standard, or contextual evidence; software versions identify provenance only.",No newer-version comparison for the main conclusion.,reports/anneal-3730-3731-final-coverage-audit-2026-09-29-v15/REPORT.json,reports/anneal-3730-3731-final-coverage-audit-2026-09-29-v15/REPORT.md,"[{""name"":""google/zerocopy issue #3730"",""identity"":{""repository"":""google/zerocopy"",""issue"":""3730""}},{""name"":""google/zerocopy issue #3731"",""identity"":{""repository"":""google/zerocopy"",""issue"":""3731""}},{""name"":""google/zerocopy reference"",""identity"":{""repository"":""google/zerocopy"",""commit"":""c7abd976962801c3a3a1796c072a3530b3a78921""}}]"
R050,incidental_or_citation,No pinned-software conclusion requiring a newer-version rerun,#3730/#3731 coverage audit v16: every partial residual challenged,"This audit re-read the current public #3730 and #3731 bodies and extension comments at 2026-09-29T16:22:08Z, rechecked unchanged text at 16:30:36Z, and reviewed reference commit a749b3e0787754aa00410900821baa4eb11104f6. The four body/comment SHA-256 values match the v15 audit exactly: #3730 body 81bdc705843328085400eb3816ccd473266a95723cfcdba94c753bc22617e6f0, comment 7544fde70a98d0fdc6ffa14a7bb08827e1b40ad7b8f8eb4263a0f67d0491531e; #3731 body 0375e6dc74b7f89e170c6c1a699212c1",Current public #3730 and #3731 bodies and extension comments; reference report corpus and v16 local additions,False,"Main conclusion is an audit, general model, history, standard, or contextual evidence; software versions identify provenance only.",No newer-version comparison for the main conclusion.,reports/anneal-3730-3731-final-coverage-audit-2026-09-29-v16/REPORT.json,reports/anneal-3730-3731-final-coverage-audit-2026-09-29-v16/REPORT.md,"[{""name"":""Current public #3730 and #3731 bodies and extension comments"",""identity"":{""3730_body_sha256"":""81bdc705843328085400eb3816ccd473266a95723cfcdba94c753bc22617e6f0"",""3731_body_sha256"":""0375e6dc74b7f89e170c6c1a699212c1cf82b4260dfda4f14a02bcb54b2c4a88"",""live_hashes"":""support/live-issue-hashes.json""}},{""name"":""reference report corpus and v16 local additions"",""identity"":{""reference_commit"":""a749b3e0787754aa00410900821baa4eb11104f6"",""validation"":""support/validation-v16.json""}}]"
R051,incidental_or_citation,No pinned-software conclusion requiring a newer-version rerun,#3730/#3731 coverage audit v17: post-v16 evidence and dependency gates,"This audit fetched the public #3730 and #3731 bodies and scope comments at 2026-09-29 16:57:41 UTC and inspected reference at 2c45d74f7176d15a417f9a78a60afaf66eb2fdf2. All four issue text hashes still match v16. The snapshot contains 159 distinct I001–I159 investigations and 174 distinct #3730 suggestions. The investigation ledger, suggestion ledger, and 333-item challenge record each item's exact remaining delta, new evidence, file links, gate categories, and next prerequisi",google/zerocopy reference and issue scope; Local pinned research tools,False,"Main conclusion is an audit, general model, history, standard, or contextual evidence; software versions identify provenance only.",No newer-version comparison for the main conclusion.,reports/anneal-3730-3731-final-coverage-audit-2026-09-29-v17/REPORT.json,reports/anneal-3730-3731-final-coverage-audit-2026-09-29-v17/REPORT.md,"[{""name"":""google/zerocopy reference and issue scope"",""identity"":{""repository"":""google/zerocopy"",""reference_revision"":""2c45d74f7176d15a417f9a78a60afaf66eb2fdf2"",""issues"":""#3730 and #3731"",""issue_snapshot"":""support/issue-scope-snapshot.json"",""issue_hashes"":""support/live-issue-hashes.json""}},{""name"":""Local pinned research tools"",""identity"":{""inventory"":""support/local-tool-inventory.json"",""nix_version"":""2.35.2"",""lean_versions"":""4.29.0 and 4.30.0-rc2"",""translator_pair"":""locally compiled Charon and Aeneas binaries, including retained older pair""}}]"
R052,incidental_or_citation,No pinned-software conclusion requiring a newer-version rerun,#3730/#3731 coverage audit v18: the two disposable vertical slices,"This audit fetched public #3730 and #3731 at 2026-09-29 17:36:55 UTC and inspected reference at b1787210c0143a705f6bbbf2da3b2fba30cc5718, plus the completed but not yet published embedded-proof/model-change prototype. Both issue bodies and their scope comments have the same SHA-256 values as v17. The investigation ledger, suggestion crosswalk, and 333-item challenge cover all 159 I001–I159 investigations and 174 #3730 suggestions. Each row retains its historical evidence, exa",google/zerocopy reference and issue scope; Disposable embedded proof and model change prototype,False,"Main conclusion is an audit, general model, history, standard, or contextual evidence; software versions identify provenance only.",No newer-version comparison for the main conclusion.,reports/anneal-3730-3731-final-coverage-audit-2026-09-29-v18/REPORT.json,reports/anneal-3730-3731-final-coverage-audit-2026-09-29-v18/REPORT.md,"[{""name"":""google/zerocopy reference and issue scope"",""identity"":{""repository"":""google/zerocopy"",""reference_revision"":""b1787210c0143a705f6bbbf2da3b2fba30cc5718"",""issues"":""#3730 and #3731"",""issue_snapshot"":""support/issue-scope-snapshot.json"",""issue_hashes"":""support/live-issue-hashes.json""}},{""name"":""Disposable embedded proof and model change prototype"",""identity"":{""package"":""anneal-3731-embedded-proof-generated-model-vertical-v4-30-0-rc2"",""evidence"":""support/new-package-review-v18.csv"",""boundaries"":""fixture-owned parser, projection, CAS and publication; pinned Charon/Aeneas and direct Lean server/batch""}}]"
R053,incidental_or_citation,No pinned-software conclusion requiring a newer-version rerun,#3730/#3731 coverage audit v19: real-artifact publication gates,"This audit fetched public #3730 and #3731 at 2026-09-29 17:54:26 UTC and inspected reference at 5f4c846fa5dddc19b649305d86d612bf142ce606, plus the completed real-artifact publication experiment. The four issue body/comment hashes are unchanged from v18. The investigation ledger, suggestion crosswalk, and 333-item challenge retain every I001–I159 investigation and all 174 #3730 suggestions, with exact v19 residuals, linked evidence and next prerequisites.",google/zerocopy reference and issue scope; Disposable real-artifact generation publication experiment,False,"Main conclusion is an audit, general model, history, standard, or contextual evidence; software versions identify provenance only.",No newer-version comparison for the main conclusion.,reports/anneal-3730-3731-final-coverage-audit-2026-09-29-v19/REPORT.json,reports/anneal-3730-3731-final-coverage-audit-2026-09-29-v19/REPORT.md,"[{""name"":""google/zerocopy reference and issue scope"",""identity"":{""repository"":""google/zerocopy"",""reference_revision"":""5f4c846fa5dddc19b649305d86d612bf142ce606"",""issues"":""#3730 and #3731"",""issue_snapshot"":""support/issue-scope-snapshot.json"",""issue_hashes"":""support/live-issue-hashes.json""}},{""name"":""Disposable real-artifact generation publication experiment"",""identity"":{""package"":""anneal-3731-real-generation-publication-v4-30-0-rc2"",""evidence"":""support/new-package-review-v19.csv"",""boundary"":""fixture-owned Python publisher with retained real Charon/Aeneas/Lean A/B artifact families""}}]"
R054,incidental_or_citation,No pinned-software conclusion requiring a newer-version rerun,Refreshed bounded coverage audit for Anneal issues #3730 and #3731,"At the preserved 2026-09-29 09:06 UTC issue snapshot, #3730 is closed as a consolidation duplicate and #3731 is open. Their current text still contains 159 unique investigations (I001–I159) and an exact 174-suggestion #3730 crosswalk. The #3731 body hash changed since the preceding audit because one prior-work citation was corrected from I105 to R105; the issue's numbered investigation and crosswalk destinations did not change. The scope-extension comment also has a newer has",google/zerocopy issue #3730 current body and consolidation comment; google/zerocopy issue #3731 current body and scope extension comment,False,"Main conclusion is an audit, general model, history, standard, or contextual evidence; software versions identify provenance only.",No newer-version comparison for the main conclusion.,reports/anneal-3730-3731-final-coverage-audit-2026-09-29-v2/REPORT.json,reports/anneal-3730-3731-final-coverage-audit-2026-09-29-v2/REPORT.md,"[{""name"":""google/zerocopy issue #3730 current body and consolidation comment"",""identity"":{""repository"":""google/zerocopy"",""issue"":""3730"",""body_sha256"":""81bdc705843328085400eb3816ccd473266a95723cfcdba94c753bc22617e6f0"",""comment_sha256"":""7544fde70a98d0fdc6ffa14a7bb08827e1b40ad7b8f8eb4263a0f67d0491531e""}},{""name"":""google/zerocopy issue #3731 current body and scope extension comment"",""identity"":{""repository"":""google/zerocopy"",""issue"":""3731"",""body_sha256"":""0375e6dc74b7f89e170c6c1a699212c1cf82b4260dfda4f14a02bcb54b2c4a88"",""comment_sha256"":""4cc532789c728ce2cfaca08d7636c6f0fd91f0710fd9e90de74a25993b43f488""}}]"
R055,incidental_or_citation,No pinned-software conclusion requiring a newer-version rerun,#3730/#3731 coverage audit v20: real-generation reader lease and GC gates,"This audit fetched public #3730 and #3731 at 2026-09-29 18:05:22 UTC and inspected reference at df4f6d6c84f936489c01edfa5ff19b2ee005f4d0, together with the completed real-generation GC lease experiment in this candidate tree. The four issue body/comment hashes are unchanged from v19. The investigation ledger, suggestion crosswalk, and 333-item challenge retain every I001–I159 investigation and all 174 #3730 suggestions, with exact v20 residuals, linked evidence and next prere",google/zerocopy reference and issue scope; Disposable real-generation cooperative lease and GC experiment,False,"Main conclusion is an audit, general model, history, standard, or contextual evidence; software versions identify provenance only.",No newer-version comparison for the main conclusion.,reports/anneal-3730-3731-final-coverage-audit-2026-09-29-v20/REPORT.json,reports/anneal-3730-3731-final-coverage-audit-2026-09-29-v20/REPORT.md,"[{""name"":""google/zerocopy reference and issue scope"",""identity"":{""repository"":""google/zerocopy"",""reference_revision"":""df4f6d6c84f936489c01edfa5ff19b2ee005f4d0"",""issues"":""#3730 and #3731"",""issue_snapshot"":""support/issue-scope-snapshot.json"",""issue_hashes"":""support/live-issue-hashes.json""}},{""name"":""Disposable real-generation cooperative lease and GC experiment"",""identity"":{""package"":""anneal-3731-real-generation-gc-lease-v4-30-0-rc2"",""evidence"":""support/new-package-review-v20.csv"",""boundary"":""fixture-owned advisory lease and GC with retained real Charon/Aeneas/Lean A/B artifact families""}}]"
R056,incidental_or_citation,No pinned-software conclusion requiring a newer-version rerun,#3730/#3731 coverage audit v21: reader-owned generation leases,"The new reader-owned lease experiment narrows #3731 I121 and #3730 J11, but both remain partial. Two independent readers held their own cooperative shared leases across a generation switch. Garbage collection deferred after one reader was killed and through the survivor's later Lean import, then removed the old family after that reader exited. Anneal-owned lease acquisition and collection have not been exercised.",google/zerocopy reference and issue scope; Disposable independent-reader lease and GC experiment,False,"Main conclusion is an audit, general model, history, standard, or contextual evidence; software versions identify provenance only.",No newer-version comparison for the main conclusion.,reports/anneal-3730-3731-final-coverage-audit-2026-09-29-v21/REPORT.json,reports/anneal-3730-3731-final-coverage-audit-2026-09-29-v21/REPORT.md,"[{""name"":""google/zerocopy reference and issue scope"",""identity"":{""repository"":""google/zerocopy"",""reference_revision"":""c89f1410d4f1cfbd9b654ea5268b38f5c81e115e"",""issues"":""#3730 and #3731"",""issue_snapshot"":""support/issue-scope-snapshot.json"",""issue_hashes"":""support/live-issue-hashes.json""}},{""name"":""Disposable independent-reader lease and GC experiment"",""identity"":{""package"":""anneal-3731-reader-owned-generation-lease-v4-30-0-rc2"",""evidence"":""support/new-package-review-v21.csv"",""boundary"":""fixture-owned advisory locks and GC with retained real Charon/Aeneas/Lean A/B artifact families""}}]"
R057,incidental_or_citation,No pinned-software conclusion requiring a newer-version rerun,#3730/#3731 coverage audit v22: current Anneal V2 source surface,"The current Anneal V2 redesign has a reachable setup command and source helpers for Cargo target selection, LLBC filenames, toolchain paths, and directory locking. None of those helpers currently provides a verification command, a Charon/Aeneas/Lean production chain, proof acceptance, LSP, or MCP. This source map narrows wording in the 333-row ledger without promoting any investigation or suggestion. The 159 #3731 investigations, 174 #3730 suggestions, and 13 gated rows retai",google/zerocopy reference and #3730/#3731 issue scope; Anneal current redesign source surface,False,"Main conclusion is an audit, general model, history, standard, or contextual evidence; software versions identify provenance only.",No newer-version comparison for the main conclusion.,reports/anneal-3730-3731-final-coverage-audit-2026-09-29-v22/REPORT.json,reports/anneal-3730-3731-final-coverage-audit-2026-09-29-v22/REPORT.md,"[{""name"":""google/zerocopy reference and #3730/#3731 issue scope"",""identity"":{""repository"":""google/zerocopy"",""reference_revision"":""a5b4d034aa65aa44d85afc943c3caec26a5229ba"",""issues"":""#3730 and #3731"",""issue_snapshot"":""support/issue-scope-snapshot.json"",""issue_hashes"":""support/live-issue-hashes.json""}},{""name"":""Anneal current redesign source surface"",""identity"":{""repository"":""google/zerocopy"",""revision"":""bd0956be95c5f798f0c0484921b9b9d1fc6e9988"",""path"":""anneal"",""evidence_package"":""anneal-v2-current-source-surface-main-bd0956b-2026-09-29""}}]"
R058,incidental_or_citation,No pinned-software conclusion requiring a newer-version rerun,#3730/#3731 coverage audit v23: reconciled local review wave,"The 333-row challenge, 159-investigation ledger, and 174-suggestion crosswalk reconcile the separate I001–I053, I054–I106, I107–I159, and all-suggestion reviews with the C03, F15, I080, I010 and I147 local controls. The frozen #3730/#3731 issue text still maps 174 suggestions to 159 investigations through 345 exact destination links. Only C03 changes status: its full refresh-strategy question is now partial. The narrow I049 direct Lean launch-mode investigation remains comple",#3730/#3731 central coverage ledger v23; Frozen #3730/#3731 issue scope,False,"Main conclusion is an audit, general model, history, standard, or contextual evidence; software versions identify provenance only.",No newer-version comparison for the main conclusion.,reports/anneal-3730-3731-final-coverage-audit-2026-09-29-v23/REPORT.json,reports/anneal-3730-3731-final-coverage-audit-2026-09-29-v23/REPORT.md,"[{""name"":""#3730/#3731 central coverage ledger v23"",""identity"":{""repository"":""google/zerocopy"",""reference_base_revision"":""75fa78c1b623ab8db9d9acb4f31ec7958bfb9110"",""prior_audit"":""anneal-3730-3731-final-coverage-audit-2026-09-29-v22"",""validation"":""support/validation-v23.json""}},{""name"":""Frozen #3730/#3731 issue scope"",""identity"":{""source"":""../anneal-3730-3731-final-coverage-audit-2026-09-29-v22/support/issue-scope-snapshot.json"",""issue_3730_suggestions"":""174"",""issue_3731_investigations"":""159""}}]"
R059,incidental_or_citation,No pinned-software conclusion requiring a newer-version rerun,#3730/#3731 coverage audit v24: post-publication residual controls,"The v24 333-row challenge, 159-investigation ledger, and 174-suggestion crosswalk incorporate three post-publication audits into the published v23 snapshot. V23 remains a dated record. The new evidence changes 17 specific residuals, refines seven prerequisites, and changes no status. The 345 exact #3730→#3731 destination links are unchanged.",Published reference v23 investigation and suggestion ledgers; Issues 3730 and 3731 live body and comment scope; Three post-publication residual audits,False,"Main conclusion is an audit, general model, history, standard, or contextual evidence; software versions identify provenance only.",No newer-version comparison for the main conclusion.,reports/anneal-3730-3731-final-coverage-audit-2026-09-29-v24/REPORT.json,reports/anneal-3730-3731-final-coverage-audit-2026-09-29-v24/REPORT.md,"[{""name"":""Published reference v23 investigation and suggestion ledgers"",""identity"":{""repository"":""google/zerocopy"",""revision"":""9d2426519c7eaaf58b13b109a2f4c16d84c51616"",""investigation_ledger_sha256"":""df8517ecf396a7fd1ee230afa95a67c0ed5929edb48dc7b571949c74466a234a"",""suggestion_crosswalk_sha256"":""be56657530e039bfab53f3ef774289a83aeebe80d2741740281b963d78948b12""}},{""name"":""Issues 3730 and 3731 live body and comment scope"",""identity"":{""repository"":""google/zerocopy"",""issue_3730_body_sha256"":""81bdc705843328085400eb3816ccd473266a95723cfcdba94c753bc22617e6f0"",""issue_3731_body_sha256"":""0375e6dc74b7f89e170c6c1a699212c1cf82b4260dfda4f14a02bcb54b2c4a88"",""comment_3730_sha256"":""7544fde70a98d0fdc6ffa14a7bb08827e1b40ad7b8f8eb4263a0f67d0491531e"",""comment_3731_sha256"":""4cc532789c728ce2cfaca08d7636c6f0fd91f0710fd9e90de74a25993b43f488""}},{""name"":""Three post-publication residual audits"",""identity"":{""i005_result_sha256"":""cc982bddd247b2425a331ff0a14f8fc4fcbf0bc236eaff3756cfea6d183d5101"",""i076_result_sha256"":""151bbb1d61f0ee0a5afcb14e80ca2ae2637ce3ba4f50c876742de5d7005d4565"",""i126_result_sha256"":""5da5d945f48710da9c8225b90b7100f9ccfd016ef84443b9950588c8100114b2""}}]"
R060,incidental_or_citation,No pinned-software conclusion requiring a newer-version rerun,#3730/#3731 coverage audit v25: suggestion review and native plugin boundary,"The v25 333-row challenge, 159-investigation ledger, and 174-suggestion crosswalk incorporate the complete post-publication suggestion audit into v24. V24 and earlier reports remain dated records. V25 preserves all 345 exact destination links, all statuses, and every prior v24 field. It adds the independent audit's original-request hash, full-scope decision, cached-only availability finding, evidence relationship, cited packages, residual and prerequisite to each of the 174 s",Reference v24 investigation and suggestion ledgers; Issues 3730 and 3731 live body and comment scope; 174-suggestion audit and pinned Lean native plugin control,False,"Main conclusion is an audit, general model, history, standard, or contextual evidence; software versions identify provenance only.",No newer-version comparison for the main conclusion.,reports/anneal-3730-3731-final-coverage-audit-2026-09-29-v25/REPORT.json,reports/anneal-3730-3731-final-coverage-audit-2026-09-29-v25/REPORT.md,"[{""name"":""Reference v24 investigation and suggestion ledgers"",""identity"":{""repository"":""google/zerocopy"",""revision"":""9d2426519c7eaaf58b13b109a2f4c16d84c51616"",""row_challenge_sha256"":""3bd966c0f89780c26a7430313db51881e96cc8f50bdb4de7baa22bfcfb3545c8"",""suggestion_crosswalk_sha256"":""ce9ffc39de2e3e3db346d2ea5ab4e18e1d5570aeff89bfc7f3a344d3392750c6""}},{""name"":""Issues 3730 and 3731 live body and comment scope"",""identity"":{""repository"":""google/zerocopy"",""issue_3730_body_sha256"":""81bdc705843328085400eb3816ccd473266a95723cfcdba94c753bc22617e6f0"",""issue_3731_body_sha256"":""0375e6dc74b7f89e170c6c1a699212c1cf82b4260dfda4f14a02bcb54b2c4a88"",""comment_3730_sha256"":""7544fde70a98d0fdc6ffa14a7bb08827e1b40ad7b8f8eb4263a0f67d0491531e"",""comment_3731_sha256"":""4cc532789c728ce2cfaca08d7636c6f0fd91f0710fd9e90de74a25993b43f488""}},{""name"":""174-suggestion audit and pinned Lean native plugin control"",""identity"":{""suggestion_decisions_sha256"":""29ce0dc5f96f13399263a300d3b58f5b8c48fc8106cc4db0cd9a77146ea1e52f"",""native_result_sha256"":""8301f229581a69f7acfb02c6fce4f660334a48b410395703668cf3c2d82ce66f"",""native_plugin_sha256"":""3f4a1cb3a67a0027f0c90e819afc20d009ddb921cb7f4c0e0095db074e085aa4""}}]"
R061,incidental_or_citation,No pinned-software conclusion requiring a newer-version rerun,"#3730/#3731 coverage audit v26: Cargo subjects, incremental targets and Charon repeat order","This revision extends the v25 333-row challenge with six completed, bounded reports. It preserves all v25 row fields, 159 investigation IDs, 174 suggestion IDs, 345 exact crosswalk destinations, original request text, and every status. Exactly 12 rows receive new residual and prerequisite wording: I020, I076, I080, I113, I125, I148, D03, D07, E07, J01, J02 and L02. The investigation ledger, suggestion crosswalk and 333-row challenge record the per-row evidence paths and limit","Reference v25 investigation and suggestion ledgers; Live issues 3730 and 3731, bodies and comments; Six bounded Cargo, Charon, Lean and Anneal V2 source experiments",False,"Main conclusion is an audit, general model, history, standard, or contextual evidence; software versions identify provenance only.",No newer-version comparison for the main conclusion.,reports/anneal-3730-3731-final-coverage-audit-2026-09-29-v26/REPORT.json,reports/anneal-3730-3731-final-coverage-audit-2026-09-29-v26/REPORT.md,"[{""name"":""Reference v25 investigation and suggestion ledgers"",""identity"":{""report"":""anneal-3730-3731-final-coverage-audit-2026-09-29-v25"",""source_revision"":""bd0956be95c5f798f0c0484921b9b9d1fc6e9988""}},{""name"":""Live issues 3730 and 3731, bodies and comments"",""identity"":{""repository"":""google/zerocopy"",""issue_3730_body_sha256"":""81bdc705843328085400eb3816ccd473266a95723cfcdba94c753bc22617e6f0"",""issue_3731_body_sha256"":""0375e6dc74b7f89e170c6c1a699212c1cf82b4260dfda4f14a02bcb54b2c4a88"",""comment_3730_sha256"":""7544fde70a98d0fdc6ffa14a7bb08827e1b40ad7b8f8eb4263a0f67d0491531e"",""comment_3731_sha256"":""4cc532789c728ce2cfaca08d7636c6f0fd91f0710fd9e90de74a25993b43f488""}},{""name"":""Six bounded Cargo, Charon, Lean and Anneal V2 source experiments"",""identity"":{""source_revision"":""bd0956be95c5f798f0c0484921b9b9d1fc6e9988"",""report_packages"":""anneal-v2-cargo-root-selection-multipackage-2026-09-29;anneal-v2-feature-subject-slug-collision-2026-09-29;anneal-3731-i080-incremental-target-layout-matrix-2026-09-29;charon-zerocopy-library-repeat-order-nightly-2026-05-31;anneal-3731-full-chain-transient-workspace-accounting-2026-09-29;anneal-3731-i125-plugin-cwd-path-alias-v4-30-0-rc2""}}]"
R062,incidental_or_citation,No pinned-software conclusion requiring a newer-version rerun,"#3730/#3731 coverage audit v27: coordinates, provenance, rich goals and Lake writers","Four new component reports sharpen nine partial rows in the published v26 coverage ledger: I025, I043, I079, I148, I151, C02, E06, E07 and F12. A tenth row, I046, receives corroborating rich-goal evidence but keeps its already complete, explicitly narrow status, residual and prerequisite. All 333 IDs, 345 #3730→#3731 destination links, original request text, gate categories and statuses remain unchanged. The two v27 CSV matrices (suggestions) and 333-row challenge retain ever",Published v26 coverage ledgers; Public issues 3730 and 3731; Pinned rustc and Lean coordinate-bridge execution; Pinned Charon and Aeneas relocation/comment execution; Pinned Lean and Lake rich-goal and writer executions,False,"Main conclusion is an audit, general model, history, standard, or contextual evidence; software versions identify provenance only.",No newer-version comparison for the main conclusion.,reports/anneal-3730-3731-final-coverage-audit-2026-09-29-v27/REPORT.json,reports/anneal-3730-3731-final-coverage-audit-2026-09-29-v27/REPORT.md,"[{""name"":""Published v26 coverage ledgers"",""identity"":{""repository"":""google/zerocopy"",""reference_revision"":""087760fd8bccaa8852390f189d8daf01f0958b19"",""row_challenge_sha256"":""b5c250d2a8dec9721102f2bd8c0ee3225cf93539806ba2b7827237f2a9ea93b2""}},{""name"":""Public issues 3730 and 3731"",""identity"":{""repository"":""google/zerocopy"",""issue_3730_body_sha256"":""81bdc705843328085400eb3816ccd473266a95723cfcdba94c753bc22617e6f0"",""issue_3731_body_sha256"":""0375e6dc74b7f89e170c6c1a699212c1cf82b4260dfda4f14a02bcb54b2c4a88"",""comment_3730_sha256"":""7544fde70a98d0fdc6ffa14a7bb08827e1b40ad7b8f8eb4263a0f67d0491531e"",""comment_3731_sha256"":""4cc532789c728ce2cfaca08d7636c6f0fd91f0710fd9e90de74a25993b43f488""}},{""name"":""Pinned rustc and Lean coordinate-bridge execution"",""identity"":{""anneal_source_revision"":""bd0956be95c5f798f0c0484921b9b9d1fc6e9988"",""fixture_host_sha256"":""64dbfcf5bcbd82a399770d6a2d6f303989fde875cd08130b80e9388d1f9134dd"",""fixture_projected_sha256"":""e489c64eb703e56718f2239f26896398177344f0d07b499b21abc7d1f218dec5""}},{""name"":""Pinned Charon and Aeneas relocation/comment execution"",""identity"":{""charon_executable_sha256"":""51bb6d23beab3f97a684c25162d3e402fc820c891b57b21d2ca781c1da211a8b"",""aeneas_executable_sha256"":""f476001e1a8e8c5cb1d8a621a25716d8e15f0809c8a023c5349357acc0911d03""}},{""name"":""Pinned Lean and Lake rich-goal and writer executions"",""identity"":{""lean_revision"":""3dc1a088b6d2d8eafe25a7cd7ec7b58d731bd7cc"",""lean_executable_sha256"":""b48bc5ab229bd8b320a224b87e20fc428dba6fa8a1c054bd4fa6def846e19997"",""lake_executable_sha256"":""9a89b2af1bddb7e6d5a8dbb2c715288bcb4f24b9129132640cee950734366bcb""}}]"
R063,incidental_or_citation,No pinned-software conclusion requiring a newer-version rerun,"#3730/#3731 coverage audit v28: live imports, goal replies and fresh Lake consumers","Five pinned Lean/Lake component reports sharpen 12 partial rows in the published v27 coverage ledger: investigations I012, I038, I041, I089, I092, I099 and suggestions C09, C11, F07, F08, F19, I04. All 333 IDs, 345 #3730→#3731 destination links, original issue request text, gate categories and statuses remain unchanged. The investigation matrix, suggestion crosswalk and 333-row challenge append v28 evidence, residuals, prerequisites and an explicit scope assessment to every i",Published v27 coverage ledger; Public issues 3730 and 3731; Pinned Lean and Lake component executions,False,"Main conclusion is an audit, general model, history, standard, or contextual evidence; software versions identify provenance only.",No newer-version comparison for the main conclusion.,reports/anneal-3730-3731-final-coverage-audit-2026-09-29-v28/REPORT.json,reports/anneal-3730-3731-final-coverage-audit-2026-09-29-v28/REPORT.md,"[{""name"":""Published v27 coverage ledger"",""identity"":{""repository"":""google/zerocopy"",""reference_revision"":""1b67b6b87b3266f1f798cd825de9988e297b5822"",""row_challenge_sha256"":""9ec8bb96dbf66f45397362c439379ea4bf6bbabcabd7cffa509e9456014142ce""}},{""name"":""Public issues 3730 and 3731"",""identity"":{""repository"":""google/zerocopy"",""issue_3730_body_sha256"":""81bdc705843328085400eb3816ccd473266a95723cfcdba94c753bc22617e6f0"",""issue_3731_body_sha256"":""0375e6dc74b7f89e170c6c1a699212c1cf82b4260dfda4f14a02bcb54b2c4a88"",""comment_3730_sha256"":""7544fde70a98d0fdc6ffa14a7bb08827e1b40ad7b8f8eb4263a0f67d0491531e"",""comment_3731_sha256"":""4cc532789c728ce2cfaca08d7636c6f0fd91f0710fd9e90de74a25993b43f488""}},{""name"":""Pinned Lean and Lake component executions"",""identity"":{""repository"":""leanprover/lean4"",""revision"":""3dc1a088b6d2d8eafe25a7cd7ec7b58d731bd7cc"",""version"":""v4.30.0-rc2""}}]"
R064,incidental_or_citation,No pinned-software conclusion requiring a newer-version rerun,"#3730/#3731 coverage audit v29: dirty Cargo reuse, imported goals and translation repeats","Three finalized component reports sharpen eight partial rows in the published v28 ledger: investigations I043, I080 and I148, plus #3730 suggestions C02, D03, D05, E06 and E07. All 333 IDs, 345 #3730→#3731 destination links, inherited request text, statuses and gate categories are unchanged. The investigation matrix, suggestion crosswalk and 333-row challenge append an exact v29 residual, prerequisite and scope assessment to each inherited row.",Published v28 coverage ledger; Public issues 3730 and 3731; Pinned Lean/Lake position execution; Pinned Charon and Aeneas local executions,False,"Main conclusion is an audit, general model, history, standard, or contextual evidence; software versions identify provenance only.",No newer-version comparison for the main conclusion.,reports/anneal-3730-3731-final-coverage-audit-2026-09-29-v29/REPORT.json,reports/anneal-3730-3731-final-coverage-audit-2026-09-29-v29/REPORT.md,"[{""name"":""Published v28 coverage ledger"",""identity"":{""repository"":""google/zerocopy"",""reference_revision"":""baa5c11b71289c5bf124a3f0fdc4194cf758c527"",""row_challenge_sha256"":""60802186d258eda42c5b4cf5316463032a151e04d2522050f0f5038bbd491b7e""}},{""name"":""Public issues 3730 and 3731"",""identity"":{""repository"":""google/zerocopy"",""issue_3730_body_sha256"":""81bdc705843328085400eb3816ccd473266a95723cfcdba94c753bc22617e6f0"",""issue_3731_body_sha256"":""0375e6dc74b7f89e170c6c1a699212c1cf82b4260dfda4f14a02bcb54b2c4a88"",""comment_3730_sha256"":""7544fde70a98d0fdc6ffa14a7bb08827e1b40ad7b8f8eb4263a0f67d0491531e"",""comment_3731_sha256"":""4cc532789c728ce2cfaca08d7636c6f0fd91f0710fd9e90de74a25993b43f488""}},{""name"":""Pinned Lean/Lake position execution"",""identity"":{""repository"":""leanprover/lean4"",""revision"":""3dc1a088b6d2d8eafe25a7cd7ec7b58d731bd7cc"",""version"":""v4.30.0-rc2""}},{""name"":""Pinned Charon and Aeneas local executions"",""identity"":{""charon_version"":""0.1.210"",""charon_executable_sha256"":""51bb6d23beab3f97a684c25162d3e402fc820c891b57b21d2ca781c1da211a8b"",""aeneas_executable_sha256"":""f476001e1a8e8c5cb1d8a621a25716d8e15f0809c8a023c5349357acc0911d03""}}]"
R065,incidental_or_citation,No pinned-software conclusion requiring a newer-version rerun,Final coverage audit v3 for #3730 and #3731,"At the 2026-09-29 09:51 UTC public GitHub API snapshot, #3730 was closed and #3731 was open. Their bodies and single comments had the same SHA-256 hashes as the v2 audit. The #3731 comment remains the scope extension and complete #3730→#3731 crosswalk. The issue text defines 174 unique #3730 suggestions, 159 unique I001–I159 investigations, and 174 mapped crosswalk rows. The exact public text, issue state, timestamps and hashes are retained in support/issue-scope-snapshot.jso",public issue #3730 and #3731 snapshot; reference report package corpus; deterministic row-level audit builder,False,"Main conclusion is an audit, general model, history, standard, or contextual evidence; software versions identify provenance only.",No newer-version comparison for the main conclusion.,reports/anneal-3730-3731-final-coverage-audit-2026-09-29-v3/REPORT.json,reports/anneal-3730-3731-final-coverage-audit-2026-09-29-v3/REPORT.md,"[{""name"":""public issue #3730 and #3731 snapshot"",""identity"":{""issue_3730_body_sha256"":""81bdc705843328085400eb3816ccd473266a95723cfcdba94c753bc22617e6f0"",""issue_3731_body_sha256"":""0375e6dc74b7f89e170c6c1a699212c1cf82b4260dfda4f14a02bcb54b2c4a88"",""issue_3731_scope_extension_sha256"":""4cc532789c728ce2cfaca08d7636c6f0fd91f0710fd9e90de74a25993b43f488""}},{""name"":""reference report package corpus"",""identity"":{""report_package_count"":""55"",""new_reviewed_package_count"":""8"",""new_inspected_file_count"":""424""}},{""name"":""deterministic row-level audit builder"",""identity"":{""file"":""support/build_audit.py"",""sha256"":""414464144939732dae952069a61a2d09406620b1c451f7325fecad892911b1b5""}}]"
R066,incidental_or_citation,No pinned-software conclusion requiring a newer-version rerun,"#3730/#3731 coverage audit v30: cancellation, installed tools and concurrent fresh consumers","Three finalized component reports sharpen five partial rows in the published v29 ledger: investigations I080, I089 and I094, plus #3730 suggestions D06 and F13. All 333 IDs, 345 #3730→#3731 destination links, inherited request text, statuses and gate categories remain unchanged. The investigation matrix, suggestion crosswalk and 333-row challenge append an exact v30 residual, prerequisite and scope assessment to each row.",Published v29 coverage ledger; Public issues 3730 and 3731; Pinned Lean/Lake local inventory and concurrent consumer execution; Pinned Charon/Cargo cancellation execution,False,"Main conclusion is an audit, general model, history, standard, or contextual evidence; software versions identify provenance only.",No newer-version comparison for the main conclusion.,reports/anneal-3730-3731-final-coverage-audit-2026-09-29-v30/REPORT.json,reports/anneal-3730-3731-final-coverage-audit-2026-09-29-v30/REPORT.md,"[{""name"":""Published v29 coverage ledger"",""identity"":{""repository"":""google/zerocopy"",""reference_revision"":""40b3024d5a3c73357abb6e90f10fcaf713768cd4"",""row_challenge_sha256"":""75b9f10d80d54430a0a3872c7915587ee6a6b0e44dc26b0f9bdedae2a1c853ed""}},{""name"":""Public issues 3730 and 3731"",""identity"":{""repository"":""google/zerocopy"",""issue_3730_body_sha256"":""81bdc705843328085400eb3816ccd473266a95723cfcdba94c753bc22617e6f0"",""issue_3731_body_sha256"":""0375e6dc74b7f89e170c6c1a699212c1cf82b4260dfda4f14a02bcb54b2c4a88"",""comment_3730_sha256"":""7544fde70a98d0fdc6ffa14a7bb08827e1b40ad7b8f8eb4263a0f67d0491531e"",""comment_3731_sha256"":""4cc532789c728ce2cfaca08d7636c6f0fd91f0710fd9e90de74a25993b43f488""}},{""name"":""Pinned Lean/Lake local inventory and concurrent consumer execution"",""identity"":{""repository"":""leanprover/lean4"",""revision"":""3dc1a088b6d2d8eafe25a7cd7ec7b58d731bd7cc"",""version"":""v4.30.0-rc2""}},{""name"":""Pinned Charon/Cargo cancellation execution"",""identity"":{""charon_version"":""0.1.210"",""charon_executable_sha256"":""51bb6d23beab3f97a684c25162d3e402fc820c891b57b21d2ca781c1da211a8b"",""rust_toolchain"":""nightly-2026-05-31""}}]"
R067,incidental_or_citation,No pinned-software conclusion requiring a newer-version rerun,#3730/#3731 coverage audit v31: client goal attribution and five-function Lake replay,"Two finalized execution reports sharpen four partial rows in the published v30 ledger: investigation I041 and suggestions C01, C09, plus investigation I148. A third finalized report records a malformed-manifest probe refused before execution at its resource gate; it adds context only and changes no residual. All 333 IDs, 345 #3730→#3731 destination links, inherited request text, statuses and gate categories remain unchanged. The investigation matrix, suggestion crosswalk and ",Published v30 coverage ledger; Public issues 3730 and 3731; Pinned Lean direct-server wire records and client replay; Pinned five-function Lake replay,False,"Main conclusion is an audit, general model, history, standard, or contextual evidence; software versions identify provenance only.",No newer-version comparison for the main conclusion.,reports/anneal-3730-3731-final-coverage-audit-2026-09-29-v31/REPORT.json,reports/anneal-3730-3731-final-coverage-audit-2026-09-29-v31/REPORT.md,"[{""name"":""Published v30 coverage ledger"",""identity"":{""repository"":""google/zerocopy"",""reference_revision"":""3b549cb1eddebc54896a106c5c94ede6c2c134e5"",""row_challenge_sha256"":""4eec3f7ecf2bc0e42f33c6d04ae55667c68082195ec026c30c59d0bccd65bd38""}},{""name"":""Public issues 3730 and 3731"",""identity"":{""repository"":""google/zerocopy"",""issue_3730_body_sha256"":""81bdc705843328085400eb3816ccd473266a95723cfcdba94c753bc22617e6f0"",""issue_3731_body_sha256"":""0375e6dc74b7f89e170c6c1a699212c1cf82b4260dfda4f14a02bcb54b2c4a88"",""comment_3730_sha256"":""7544fde70a98d0fdc6ffa14a7bb08827e1b40ad7b8f8eb4263a0f67d0491531e"",""comment_3731_sha256"":""4cc532789c728ce2cfaca08d7636c6f0fd91f0710fd9e90de74a25993b43f488""}},{""name"":""Pinned Lean direct-server wire records and client replay"",""identity"":{""repository"":""leanprover/lean4"",""revision"":""3dc1a088b6d2d8eafe25a7cd7ec7b58d731bd7cc"",""version"":""v4.30.0-rc2"",""replay_sha256"":""c170f5444284cfcbd81177812d530e598e5dcd47c3da278d17f2b5bd20a91d41""}},{""name"":""Pinned five-function Lake replay"",""identity"":{""prior_report_sha256"":""48b6bd8de4255684656c8c4f737b6fed69d03697825b36c09acd080bb4616451"",""replay_results_sha256"":""1d466c5283a2c5b8585cc97e092169660740768efb625165c8bb959ccd911967"",""lake_sha256"":""9a89b2af1bddb7e6d5a8dbb2c715288bcb4f24b9129132640cee950734366bcb""}}]"
R068,incidental_or_citation,No pinned-software conclusion requiring a newer-version rerun,#3730/#3731 coverage audit v32: changed Lean source with identical rebuilt OLean,"The finalized syntax-equivalent rebuild report adds direct, bounded evidence to #3731 I147 and #3730 C06. Its equal-length noncomment edit rebuilt a local Lean module to a byte-identical OLean while source, ILean and Lake trace bytes changed. All 333 row IDs and 345 suggestion destinations in published v31 remain, as do every inherited request field, status, gate category and next prerequisite. Both changed rows remain partial.",Published v31 coverage ledger; Public issues 3730 and 3731; Pinned syntax-equivalent Lean and Lake rebuild report,False,"Main conclusion is an audit, general model, history, standard, or contextual evidence; software versions identify provenance only.",No newer-version comparison for the main conclusion.,reports/anneal-3730-3731-final-coverage-audit-2026-09-29-v32/REPORT.json,reports/anneal-3730-3731-final-coverage-audit-2026-09-29-v32/REPORT.md,"[{""name"":""Published v31 coverage ledger"",""identity"":{""repository"":""google/zerocopy"",""reference_revision"":""e26a9414ab48844eeb95b91ee8b743046c8a8982"",""row_challenge_sha256"":""9c1b9741f9d5f4a92fa899ed2ad79d6a9f23177963ec4412e0f5df9b5189603d""}},{""name"":""Public issues 3730 and 3731"",""identity"":{""repository"":""google/zerocopy"",""issue_3730_body_sha256"":""81bdc705843328085400eb3816ccd473266a95723cfcdba94c753bc22617e6f0"",""issue_3731_body_sha256"":""0375e6dc74b7f89e170c6c1a699212c1cf82b4260dfda4f14a02bcb54b2c4a88"",""comment_3730_sha256"":""7544fde70a98d0fdc6ffa14a7bb08827e1b40ad7b8f8eb4263a0f67d0491531e"",""comment_3731_sha256"":""4cc532789c728ce2cfaca08d7636c6f0fd91f0710fd9e90de74a25993b43f488""}},{""name"":""Pinned syntax-equivalent Lean and Lake rebuild report"",""identity"":{""repository"":""leanprover/lean4"",""revision"":""3dc1a088b6d2d8eafe25a7cd7ec7b58d731bd7cc"",""source_report_sha256"":""e98352f2c9bea466af8c91ea41e5f9a40828da8559b3d197d753c77831cc24bd"",""transcript_sha256"":""e67b662649b65dde7400878c942c99b99e14637166625b38c2cb85509f2f0e71""}}]"
R069,incidental_or_citation,No pinned-software conclusion requiring a newer-version rerun,#3730/#3731 coverage audit v33: source/artifact and compilation-subject contrasts,"Two finalized reports add direct bounded evidence to five partial rows of published v31: syntax-equivalent Lean rebuild maps to I147/C06, and V2 profile/cfg slug collision maps to I020/I076/D07. This audit derives directly from v31, not unpublished v32. The only context-only clarification is D03's inherited cancellation wording. All 333 row IDs, 345 suggestion destinations, inherited request fields, statuses, gate categories and prerequisites remain unchanged.",Published v31 coverage ledger; Public issues 3730 and 3731; Pinned syntax-equivalent Lean and Lake rebuild report; Checked-in V2 slug and pinned profile/cfg Charon subject report,False,"Main conclusion is an audit, general model, history, standard, or contextual evidence; software versions identify provenance only.",No newer-version comparison for the main conclusion.,reports/anneal-3730-3731-final-coverage-audit-2026-09-29-v33/REPORT.json,reports/anneal-3730-3731-final-coverage-audit-2026-09-29-v33/REPORT.md,"[{""name"":""Published v31 coverage ledger"",""identity"":{""repository"":""google/zerocopy"",""reference_revision"":""e26a9414ab48844eeb95b91ee8b743046c8a8982"",""row_challenge_sha256"":""9c1b9741f9d5f4a92fa899ed2ad79d6a9f23177963ec4412e0f5df9b5189603d""}},{""name"":""Public issues 3730 and 3731"",""identity"":{""repository"":""google/zerocopy"",""issue_3730_body_sha256"":""81bdc705843328085400eb3816ccd473266a95723cfcdba94c753bc22617e6f0"",""issue_3731_body_sha256"":""0375e6dc74b7f89e170c6c1a699212c1cf82b4260dfda4f14a02bcb54b2c4a88"",""comment_3730_sha256"":""7544fde70a98d0fdc6ffa14a7bb08827e1b40ad7b8f8eb4263a0f67d0491531e"",""comment_3731_sha256"":""4cc532789c728ce2cfaca08d7636c6f0fd91f0710fd9e90de74a25993b43f488""}},{""name"":""Pinned syntax-equivalent Lean and Lake rebuild report"",""identity"":{""repository"":""leanprover/lean4"",""revision"":""3dc1a088b6d2d8eafe25a7cd7ec7b58d731bd7cc"",""source_report_sha256"":""e98352f2c9bea466af8c91ea41e5f9a40828da8559b3d197d753c77831cc24bd"",""transcript_sha256"":""e67b662649b65dde7400878c942c99b99e14637166625b38c2cb85509f2f0e71""}},{""name"":""Checked-in V2 slug and pinned profile/cfg Charon subject report"",""identity"":{""repository"":""google/zerocopy"",""source_revision"":""bd0956be95c5f798f0c0484921b9b9d1fc6e9988"",""source_report_sha256"":""f6c027ab45138a2f7659f257656723ce20e09a1ad2bf3f4355447ab2f2d0aa01"",""results_sha256"":""ed27ba3bf4b30791bb162acdf0732d195ec7a4f5105e087249ef6f36c779eadb""}}]"
R070,incidental_or_citation,No pinned-software conclusion requiring a newer-version rerun,#3730/#3731 coverage audit v34: warm multi-unit Charon output ownership,"The finalized warm multi-unit Charon report adds direct, bounded evidence to #3731 I075 and I076 in published v33. Both remain partial. The source report's two unchanged-source, same-target --test check calls re-invoked all three Charon-producing units, but the warm call's one destination contained the binary LLBC despite requesting the test. This is a component producer/output attestation finding, not an Anneal V2 publisher result.",Published v33 coverage ledger; Public issues 3730 and 3731; Pinned warm multi-unit Charon extraction report,False,"Main conclusion is an audit, general model, history, standard, or contextual evidence; software versions identify provenance only.",No newer-version comparison for the main conclusion.,reports/anneal-3730-3731-final-coverage-audit-2026-09-29-v34/REPORT.json,reports/anneal-3730-3731-final-coverage-audit-2026-09-29-v34/REPORT.md,"[{""name"":""Published v33 coverage ledger"",""identity"":{""repository"":""google/zerocopy"",""reference_revision"":""71fc3a50aadd50902bbbd22743ce884218af391e"",""row_challenge_sha256"":""b5b5a1ed3d6baa86b541e06032475bce21cbe3ca0732561f46132cfa90126f5e""}},{""name"":""Public issues 3730 and 3731"",""identity"":{""repository"":""google/zerocopy"",""issue_3730_body_sha256"":""81bdc705843328085400eb3816ccd473266a95723cfcdba94c753bc22617e6f0"",""issue_3731_body_sha256"":""0375e6dc74b7f89e170c6c1a699212c1cf82b4260dfda4f14a02bcb54b2c4a88"",""comment_3730_sha256"":""7544fde70a98d0fdc6ffa14a7bb08827e1b40ad7b8f8eb4263a0f67d0491531e"",""comment_3731_sha256"":""4cc532789c728ce2cfaca08d7636c6f0fd91f0710fd9e90de74a25993b43f488""}},{""name"":""Pinned warm multi-unit Charon extraction report"",""identity"":{""repository"":""google/charon"",""charon_version"":""0.1.210"",""charon_sha256"":""51bb6d23beab3f97a684c25162d3e402fc820c891b57b21d2ca781c1da211a8b"",""source_report_sha256"":""5dd7a2de97a775cd484f36db87059ad838cfe6547e73d95c9757a18a2b730620"",""results_sha256"":""33addb1604c2d4643149e8674f898f25776bac7e73624c90e353cb3bddbcd232""}}]"
R071,incidental_or_citation,No pinned-software conclusion requiring a newer-version rerun,#3730/#3731 coverage audit v35: warm selected-binary Charon control,"The selected-binary Charon report adds direct, bounded evidence to #3731 I075 and I076 in published v34. Both stay partial. Under a pinned --bin subjectmatrixcli request, the second unchanged-source call retained the first call's target directory, but Cargo marked the library Dirty because it could not read cached .rlib metadata. It then invoked library and binary Charon drivers and created an error-free LLBC whose decoded crate matched the requested binary. This is a positiv",Published v34 coverage ledger; Public issues 3730 and 3731; Pinned warm selected-binary Charon report,False,"Main conclusion is an audit, general model, history, standard, or contextual evidence; software versions identify provenance only.",No newer-version comparison for the main conclusion.,reports/anneal-3730-3731-final-coverage-audit-2026-09-29-v35/REPORT.json,reports/anneal-3730-3731-final-coverage-audit-2026-09-29-v35/REPORT.md,"[{""name"":""Published v34 coverage ledger"",""identity"":{""repository"":""google/zerocopy"",""reference_revision"":""641f55cfd54fcd3c6ba0de67643a62a29df4f3a1"",""row_challenge_sha256"":""f9879b9386c6fbf7e5a622acad319fb36f4ff770d4dd298b89a41555754db948""}},{""name"":""Public issues 3730 and 3731"",""identity"":{""repository"":""google/zerocopy"",""issue_3730_body_sha256"":""81bdc705843328085400eb3816ccd473266a95723cfcdba94c753bc22617e6f0"",""issue_3731_body_sha256"":""0375e6dc74b7f89e170c6c1a699212c1cf82b4260dfda4f14a02bcb54b2c4a88"",""comment_3730_sha256"":""7544fde70a98d0fdc6ffa14a7bb08827e1b40ad7b8f8eb4263a0f67d0491531e"",""comment_3731_sha256"":""4cc532789c728ce2cfaca08d7636c6f0fd91f0710fd9e90de74a25993b43f488""}},{""name"":""Pinned warm selected-binary Charon report"",""identity"":{""repository"":""google/charon"",""charon_version"":""0.1.210"",""charon_sha256"":""51bb6d23beab3f97a684c25162d3e402fc820c891b57b21d2ca781c1da211a8b"",""source_report_sha256"":""866d4712bc9991cb95c6ecfad3c395a0b34f58799ec0a9e145144dde71267914"",""results_sha256"":""ecc7934451a6da4bc94ee7e0e7006f5fdfa162736afa344e32f31d4491b7dac5""}}]"
R072,incidental_or_citation,No pinned-software conclusion requiring a newer-version rerun,#3730/#3731 coverage audit v36: Lake unsaved macro and error positions,"The Lake unsaved macro/error report adds direct, bounded evidence to #3731 I043 and #3730 C02 in published v35. One pinned Lake server opened a valid imported proof, then received unresolved, syntax-error, and restored full-text versions without changing the proof file on disk. At five exact positions in each version, plain and rich goal queries agreed on seven one-goal, seven empty-list, and six null categories. The syntax-error version returned no goals at one macro-body po",Published v35 coverage ledger; Public issues 3730 and 3731 as retained in v35; Pinned Lake unsaved macro and error position report,False,"Main conclusion is an audit, general model, history, standard, or contextual evidence; software versions identify provenance only.",No newer-version comparison for the main conclusion.,reports/anneal-3730-3731-final-coverage-audit-2026-09-29-v36/REPORT.json,reports/anneal-3730-3731-final-coverage-audit-2026-09-29-v36/REPORT.md,"[{""name"":""Published v35 coverage ledger"",""identity"":{""repository"":""google/zerocopy"",""reference_revision"":""db2686d050caf5870e60118c80df713638cdd42d"",""row_challenge_sha256"":""29b22c253ef7070922cb27072cc064e8a56144f5cf7e6a3e302a8b7ee1997818""}},{""name"":""Public issues 3730 and 3731 as retained in v35"",""identity"":{""repository"":""google/zerocopy"",""issue_3730_body_sha256"":""81bdc705843328085400eb3816ccd473266a95723cfcdba94c753bc22617e6f0"",""issue_3731_body_sha256"":""0375e6dc74b7f89e170c6c1a699212c1cf82b4260dfda4f14a02bcb54b2c4a88"",""comment_3730_sha256"":""7544fde70a98d0fdc6ffa14a7bb08827e1b40ad7b8f8eb4263a0f67d0491531e"",""comment_3731_sha256"":""4cc532789c728ce2cfaca08d7636c6f0fd91f0710fd9e90de74a25993b43f488""}},{""name"":""Pinned Lake unsaved macro and error position report"",""identity"":{""repository"":""leanprover/lean4"",""revision"":""3dc1a088b6d2d8eafe25a7cd7ec7b58d731bd7cc"",""version"":""v4.30.0-rc2"",""source_report_sha256"":""171edbd1ea58a35e9ecbcc8dfed77c566dda9f24e170b70aac329005a0aa1e15"",""results_sha256"":""b9de5f02d4fd65e3582ceb3037948152f3b99e86812680631e26b4426a07353a""}}]"
R073,incidental_or_citation,No pinned-software conclusion requiring a newer-version rerun,#3730/#3731 coverage audit v37: retained I080 full-field LLBC comparison,"The retained-output comparison adds direct, bounded evidence to #3731 I080 and #3730 D03/D06 in published v36. Four completed warmed shared-target outputs were compared field by field against cold oracles in the same source state. Their decoded JSON leaf differences are confined to requested destination paths, generated-file local paths and positional translated.shortnames order; typed-key/name maps agree. A separate edited-versus-baseline cold-oracle control detects the expe",Published v36 coverage ledger; Public issues 3730 and 3731 as retained in v36; Retained I080 full-field LLBC comparison,False,"Main conclusion is an audit, general model, history, standard, or contextual evidence; software versions identify provenance only.",No newer-version comparison for the main conclusion.,reports/anneal-3730-3731-final-coverage-audit-2026-09-29-v37/REPORT.json,reports/anneal-3730-3731-final-coverage-audit-2026-09-29-v37/REPORT.md,"[{""name"":""Published v36 coverage ledger"",""identity"":{""repository"":""google/zerocopy"",""reference_revision"":""52b16195ee71b52b936476b2efd6da2e49622cd0"",""row_challenge_sha256"":""01780cccbf88faff505054d08b96d9efd2847217fd288ef35b08f218fb1a1bb0""}},{""name"":""Public issues 3730 and 3731 as retained in v36"",""identity"":{""repository"":""google/zerocopy"",""issue_3730_body_sha256"":""81bdc705843328085400eb3816ccd473266a95723cfcdba94c753bc22617e6f0"",""issue_3731_body_sha256"":""0375e6dc74b7f89e170c6c1a699212c1cf82b4260dfda4f14a02bcb54b2c4a88"",""comment_3730_sha256"":""7544fde70a98d0fdc6ffa14a7bb08827e1b40ad7b8f8eb4263a0f67d0491531e"",""comment_3731_sha256"":""4cc532789c728ce2cfaca08d7636c6f0fd91f0710fd9e90de74a25993b43f488""}},{""name"":""Retained I080 full-field LLBC comparison"",""identity"":{""source_report_sha256"":""1713291f867c042a502c2ec527270685619f288a9e40acaa63938f6e49af335d"",""compare_sha256"":""cbe0ac43e1a4d81458c9256a066b8cea224de504a889b5d47f2363895d8f22fc"",""comparison_sha256"":""be26b95d7a7e290624598f1916382ab79db89832271a1ad0ae742785db942029"",""source_results_sha256"":""42822b050fc86ffa0506927e7ba19a9055c2b57c04d6914253b0682070667107""}}]"
R074,incidental_or_citation,No pinned-software conclusion requiring a newer-version rerun,#3730/#3731 coverage audit v38: sequential I080 full-field edit/revert outputs,"The sequential edit/revert LLBC comparison adds direct, bounded evidence to #3731 I080 and its #3730 D03 Cargo-reuse suggestion in published v37. Across incremental-off and incremental-on sequential shared-target runs, all 12 completed shared outputs were compared field by field with same source-state cold oracles. Their only decoded differences are requested destination paths, generated-file local paths and positional shortnames order; typed-key/name maps agree. Two edited-v",Published v37 coverage ledger; Public issues 3730 and 3731 as retained in v37; Retained I080 sequential edit/revert full-field LLBC comparison,False,"Main conclusion is an audit, general model, history, standard, or contextual evidence; software versions identify provenance only.",No newer-version comparison for the main conclusion.,reports/anneal-3730-3731-final-coverage-audit-2026-09-29-v38/REPORT.json,reports/anneal-3730-3731-final-coverage-audit-2026-09-29-v38/REPORT.md,"[{""name"":""Published v37 coverage ledger"",""identity"":{""repository"":""google/zerocopy"",""reference_revision"":""44772095872665264473eddf7131eb897b1821f0"",""row_challenge_sha256"":""4406778fa6289f5f13b48f1b860152fa9ff314577c65eaaed5497dfca00d6354""}},{""name"":""Public issues 3730 and 3731 as retained in v37"",""identity"":{""repository"":""google/zerocopy"",""issue_3730_body_sha256"":""81bdc705843328085400eb3816ccd473266a95723cfcdba94c753bc22617e6f0"",""issue_3731_body_sha256"":""0375e6dc74b7f89e170c6c1a699212c1cf82b4260dfda4f14a02bcb54b2c4a88"",""comment_3730_sha256"":""7544fde70a98d0fdc6ffa14a7bb08827e1b40ad7b8f8eb4263a0f67d0491531e"",""comment_3731_sha256"":""4cc532789c728ce2cfaca08d7636c6f0fd91f0710fd9e90de74a25993b43f488""}},{""name"":""Retained I080 sequential edit/revert full-field LLBC comparison"",""identity"":{""source_report_sha256"":""c781bf1c2ab1d1d883be36694ad311a29eb7e4a9ec11c6b04d3a76256a848080"",""compare_sha256"":""e70c139e1c4b9769b789ca67023bf1a523f89f118f5a68a199ff6565648bd804"",""comparison_sha256"":""7fb668a000adbf5bd8d2a8534e40b1c0164aac1e7e9c9d71d797bd17a3977be7"",""source_results_sha256"":""e1f8ac94a2bda6f93ca21d11c8fae4c6030bd2f9a9ac5491d2e4b36f981e1d4a""}}]"
R075,incidental_or_citation,No pinned-software conclusion requiring a newer-version rerun,#3730/#3731 coverage audit v39: selected-binary LLBC byte identity,"The cold/warm selected-binary full-field report adds direct, bounded evidence to #3731 I079 in published v38. Its two retained subjectmatrixcli LLBC files have different raw hashes. Exhaustive decoded comparison finds exactly one requested destination-path difference and 29 positional shortnames leaf differences; the 15 typed-key/name entries agree. Both original compact JSON files round-trip byte for byte, so those differences explain their raw-byte inequality in this pair. ",Published v38 coverage ledger; Public issues 3730 and 3731 as retained in v38; Retained selected-binary cold/warm full-field LLBC comparison,False,"Main conclusion is an audit, general model, history, standard, or contextual evidence; software versions identify provenance only.",No newer-version comparison for the main conclusion.,reports/anneal-3730-3731-final-coverage-audit-2026-09-29-v39/REPORT.json,reports/anneal-3730-3731-final-coverage-audit-2026-09-29-v39/REPORT.md,"[{""name"":""Published v38 coverage ledger"",""identity"":{""repository"":""google/zerocopy"",""reference_revision"":""f15ee4d3a9896c17b13c3167e364cb98f11a259f"",""row_challenge_sha256"":""799526dc4516ee789f94e5aa458a3e7296deba371e36ad98456deffbcf20e71d""}},{""name"":""Public issues 3730 and 3731 as retained in v38"",""identity"":{""repository"":""google/zerocopy"",""issue_3730_body_sha256"":""81bdc705843328085400eb3816ccd473266a95723cfcdba94c753bc22617e6f0"",""issue_3731_body_sha256"":""0375e6dc74b7f89e170c6c1a699212c1cf82b4260dfda4f14a02bcb54b2c4a88"",""comment_3730_sha256"":""7544fde70a98d0fdc6ffa14a7bb08827e1b40ad7b8f8eb4263a0f67d0491531e"",""comment_3731_sha256"":""4cc532789c728ce2cfaca08d7636c6f0fd91f0710fd9e90de74a25993b43f488""}},{""name"":""Retained selected-binary cold/warm full-field LLBC comparison"",""identity"":{""source_report_sha256"":""f3b94a4babb7fe89a104c476c27a12b9381486d679ed69e6edbc21153a019fac"",""compare_sha256"":""8e511e81aa48dde2695348314bf1145eb6496919e2055a8fdfd67682a24f9332"",""comparison_sha256"":""463abe75a867c3a14dc1d827bd08430b606ee07aaaadf0270fdc89eddeab4360"",""source_results_sha256"":""ecc7934451a6da4bc94ee7e0e7006f5fdfa162736afa344e32f31d4491b7dac5""}}]"
R076,incidental_or_citation,No pinned-software conclusion requiring a newer-version rerun,#3730/#3731 evidence audit v4: completed R08–R13 and remaining gates,"At the preserved 2026-09-29T10:23:59Z public issue snapshot, #3730 is closed and #3731 is open. Their bodies and single comments are byte-identical to the v3 snapshot: #3730 body SHA-256 81bdc705843328085400eb3816ccd473266a95723cfcdba94c753bc22617e6f0, comment 7544fde70a98d0fdc6ffa14a7bb08827e1b40ad7b8f8eb4263a0f67d0491531e; #3731 body 0375e6dc74b7f89e170c6c1a699212c1cf82b4260dfda4f14a02bcb54b2c4a88, scope-extension comment 4cc532789c728ce2cfaca08d7636c6f0fd91f0710fd9e90de74a",public issue #3730 and #3731 snapshot; reference report package corpus; deterministic row-level audit builder,False,"Main conclusion is an audit, general model, history, standard, or contextual evidence; software versions identify provenance only.",No newer-version comparison for the main conclusion.,reports/anneal-3730-3731-final-coverage-audit-2026-09-29-v4/REPORT.json,reports/anneal-3730-3731-final-coverage-audit-2026-09-29-v4/REPORT.md,"[{""name"":""public issue #3730 and #3731 snapshot"",""identity"":{""issue_3730_body_sha256"":""81bdc705843328085400eb3816ccd473266a95723cfcdba94c753bc22617e6f0"",""issue_3731_body_sha256"":""0375e6dc74b7f89e170c6c1a699212c1cf82b4260dfda4f14a02bcb54b2c4a88"",""issue_3731_scope_extension_sha256"":""4cc532789c728ce2cfaca08d7636c6f0fd91f0710fd9e90de74a25993b43f488""}},{""name"":""reference report package corpus"",""identity"":{""report_package_count"":""61"",""new_reviewed_package_count"":""6"",""new_inspected_file_count"":""278""}},{""name"":""deterministic row-level audit builder"",""identity"":{""file"":""support/build_audit.py"",""sha256"":""e9e49c2679f480f2b375b11d3a7911c97afa0757de3386cbf5bda0da1275273c""}}]"
R077,incidental_or_citation,No pinned-software conclusion requiring a newer-version rerun,#3730/#3731 coverage audit v40: target-layout LLBC field matrix,"The retained target-layout full-field report adds bounded direct evidence to #3731 I080 in published v39. It recursively compares every decoded JSON field in 16 LLBC outputs across 24 matched one-axis pairs: eight warm/cold, eight shared/private, and eight incremental-on/off. Every observed difference is a requested destination path, a positional shortnames leaf, or, in the last two contrast families, a generated-file local path. The typed-key/name shortnames maps agree in al",Published v39 coverage ledger; Public issues 3730 and 3731 as retained in v39; Retained I080 target-layout full-field LLBC comparison,False,"Main conclusion is an audit, general model, history, standard, or contextual evidence; software versions identify provenance only.",No newer-version comparison for the main conclusion.,reports/anneal-3730-3731-final-coverage-audit-2026-09-29-v40/REPORT.json,reports/anneal-3730-3731-final-coverage-audit-2026-09-29-v40/REPORT.md,"[{""name"":""Published v39 coverage ledger"",""identity"":{""repository"":""google/zerocopy"",""reference_revision"":""bc6753abb676164cf355af600d7abfecd6c3f59f"",""row_challenge_sha256"":""a23709b9fa94a770b1e130996d006f3b5372eba751e847dabe379c914ea2888f""}},{""name"":""Public issues 3730 and 3731 as retained in v39"",""identity"":{""repository"":""google/zerocopy"",""issue_3730_body_sha256"":""81bdc705843328085400eb3816ccd473266a95723cfcdba94c753bc22617e6f0"",""issue_3731_body_sha256"":""0375e6dc74b7f89e170c6c1a699212c1cf82b4260dfda4f14a02bcb54b2c4a88"",""comment_3730_sha256"":""7544fde70a98d0fdc6ffa14a7bb08827e1b40ad7b8f8eb4263a0f67d0491531e"",""comment_3731_sha256"":""4cc532789c728ce2cfaca08d7636c6f0fd91f0710fd9e90de74a25993b43f488""}},{""name"":""Retained I080 target-layout full-field LLBC comparison"",""identity"":{""source_report_sha256"":""ab5216cf770b870b3a1596e4fcdf2e4980e0e614173a08109d19290e3fab5271"",""compare_sha256"":""867d5f0f2d568d6f7b1a69057df48c90757ea482ceb34852eba668508cd5eae7"",""comparison_sha256"":""4d4396890b7a05eaad9684ccaf76067cf6f0ba1e74bd8d48caf109dd75dd4c02"",""source_results_sha256"":""040f6e477a358b602af87298fbc8517cd5269e8803d4ede7e70762ae31d58828""}}]"
R078,incidental_or_citation,No pinned-software conclusion requiring a newer-version rerun,#3730/#3731 coverage audit v41: Aeneas lexical declaration blocks,"The retained Aeneas declaration-block report adds bounded direct evidence to #3731 I083 and I084 in published v40. It compares head-through-body text of 83 lexically delimited generated Lean blocks across seven retained Aeneas generations. Six base-versus-mutation contrasts distinguish changed, unchanged, added and removed block text and moved declaration-head lines, while the original published report compared whole-file bytes and inventoried heads. These name-matched slices",Published v40 coverage ledger; Public issues 3730 and 3731 as retained in v40; Retained Aeneas lexical declaration-block comparison,False,"Main conclusion is an audit, general model, history, standard, or contextual evidence; software versions identify provenance only.",No newer-version comparison for the main conclusion.,reports/anneal-3730-3731-final-coverage-audit-2026-09-29-v41/REPORT.json,reports/anneal-3730-3731-final-coverage-audit-2026-09-29-v41/REPORT.md,"[{""name"":""Published v40 coverage ledger"",""identity"":{""repository"":""google/zerocopy"",""reference_revision"":""1332bf21478d8418403d306a7884b653cd735eea"",""row_challenge_sha256"":""cc5e063d2fe1fd186f968ea0e90c917291e6d682f98d4cbbd1840cd7e37f9317""}},{""name"":""Public issues 3730 and 3731 as retained in v40"",""identity"":{""repository"":""google/zerocopy"",""issue_3730_body_sha256"":""81bdc705843328085400eb3816ccd473266a95723cfcdba94c753bc22617e6f0"",""issue_3731_body_sha256"":""0375e6dc74b7f89e170c6c1a699212c1cf82b4260dfda4f14a02bcb54b2c4a88"",""comment_3730_sha256"":""7544fde70a98d0fdc6ffa14a7bb08827e1b40ad7b8f8eb4263a0f67d0491531e"",""comment_3731_sha256"":""4cc532789c728ce2cfaca08d7636c6f0fd91f0710fd9e90de74a25993b43f488""}},{""name"":""Retained Aeneas lexical declaration-block comparison"",""identity"":{""source_report_sha256"":""2282fed71847e05995e786b8249a712841089a6ccef8a58c31489acdc7497710"",""compare_sha256"":""1edd1769c67ece63917399f457eb30164ce52b2e63fe16d9c3ff39df1fc7fe3d"",""comparison_sha256"":""1f3219d4c97bfd02b0109b66123f9fecb7383dc29d96865affd01d0627fff475"",""source_results_sha256"":""694c43532ac90504947bd5cfe9e34369cae68e2164683e8c3f772138022d45b4"",""source_handoff_manifest_sha256"":""e9870d6f9844eb5ebc192d297d642319333549aac483d9f9a3322c75ba3c8826""}}]"
R079,incidental_or_citation,No pinned-software conclusion requiring a newer-version rerun,#3730/#3731 coverage audit v42: local LLBC source spans,"The retained ASCII-local source-span report adds bounded direct evidence to #3731 I079 in published v41. It checks all 16 retained I080 edit/revert LLBCs against the baseline Rust fixture and its hash-verified one-expression edited state. All 64 testable local app/src/lib.rs file-ID-0 item spans select exactly their serialized itemmeta.sourcetext in the corresponding source state. This is a fixture-specific ASCII source-provenance observation, not an authenticated cross-layer",Published v41 coverage ledger; Public issues 3730 and 3731 as retained in v41; Retained I079 ASCII-local source-span comparison,False,"Main conclusion is an audit, general model, history, standard, or contextual evidence; software versions identify provenance only.",No newer-version comparison for the main conclusion.,reports/anneal-3730-3731-final-coverage-audit-2026-09-29-v42/REPORT.json,reports/anneal-3730-3731-final-coverage-audit-2026-09-29-v42/REPORT.md,"[{""name"":""Published v41 coverage ledger"",""identity"":{""repository"":""google/zerocopy"",""reference_revision"":""974c035a2a32b8b873ad560b572eeda7a69679bb"",""row_challenge_sha256"":""7ce65cad2ea669dd9832ca1271c4000b44327c26e92d14d2ab3545eaf7717ca5""}},{""name"":""Public issues 3730 and 3731 as retained in v41"",""identity"":{""repository"":""google/zerocopy"",""issue_3730_body_sha256"":""81bdc705843328085400eb3816ccd473266a95723cfcdba94c753bc22617e6f0"",""issue_3731_body_sha256"":""0375e6dc74b7f89e170c6c1a699212c1cf82b4260dfda4f14a02bcb54b2c4a88"",""comment_3730_sha256"":""7544fde70a98d0fdc6ffa14a7bb08827e1b40ad7b8f8eb4263a0f67d0491531e"",""comment_3731_sha256"":""4cc532789c728ce2cfaca08d7636c6f0fd91f0710fd9e90de74a25993b43f488""}},{""name"":""Retained I079 ASCII-local source-span comparison"",""identity"":{""source_report_sha256"":""64bd5603348fa455d47e1e4bc49f81e5ce04e65a0ab9cc26b6d28792742803ea"",""compare_sha256"":""e82b9b9d4ff2334c1ad92578ecc945b704ed092bf1dc7c4bf708d7b0c7e49ef7"",""comparison_sha256"":""c8a5f5b1c3e094f17cff42067f8ca118fb15ce2f8f0e7077d362042584eb4c7f"",""source_results_sha256"":""e1f8ac94a2bda6f93ca21d11c8fae4c6030bd2f9a9ac5491d2e4b36f981e1d4a"",""baseline_source_sha256"":""bbe231375dfe3d5ae46a420067496a466ee223e8e2acb2aa54d0c931691d041e"",""edited_source_sha256"":""d264e3214d6b82cc98a3dc13d3fb4d839d1ed54ccdf705225c17210195e61bae""}}]"
R080,incidental_or_citation,No pinned-software conclusion requiring a newer-version rerun,#3730/#3731 coverage audit v43: nested Lake goal positions,"The nested Lake constructor/have report adds bounded direct evidence to #3731 I043 and #3730 C02 in published v42. One pinned imported proof exposed an outer conjunction, two goals after constructor, an inner equality goal, the resumed left goal with a new hz hypothesis, and the right True goal. Plain and rich APIs agreed on goal counts and displayed contexts at 13 exact positions; a fresh batch process accepted the same source text and reported no theorem axioms. This is one",Published v42 coverage ledger; Public issues 3730 and 3731 as retained in v42; Pinned nested Lake tactic-position report,False,"Main conclusion is an audit, general model, history, standard, or contextual evidence; software versions identify provenance only.",No newer-version comparison for the main conclusion.,reports/anneal-3730-3731-final-coverage-audit-2026-09-29-v43/REPORT.json,reports/anneal-3730-3731-final-coverage-audit-2026-09-29-v43/REPORT.md,"[{""name"":""Published v42 coverage ledger"",""identity"":{""repository"":""google/zerocopy"",""reference_revision"":""29ea19d9dccef4f046d0b53eed0e8dc20b9c9ae7"",""row_challenge_sha256"":""ef8779ed218dbe7f8a77c278e0960ccb2e1ed3d59d6c3b02f732b291cbcc6db4""}},{""name"":""Public issues 3730 and 3731 as retained in v42"",""identity"":{""repository"":""google/zerocopy"",""issue_3730_body_sha256"":""81bdc705843328085400eb3816ccd473266a95723cfcdba94c753bc22617e6f0"",""issue_3731_body_sha256"":""0375e6dc74b7f89e170c6c1a699212c1cf82b4260dfda4f14a02bcb54b2c4a88"",""comment_3730_sha256"":""7544fde70a98d0fdc6ffa14a7bb08827e1b40ad7b8f8eb4263a0f67d0491531e"",""comment_3731_sha256"":""4cc532789c728ce2cfaca08d7636c6f0fd91f0710fd9e90de74a25993b43f488""}},{""name"":""Pinned nested Lake tactic-position report"",""identity"":{""repository"":""leanprover/lean4"",""revision"":""3dc1a088b6d2d8eafe25a7cd7ec7b58d731bd7cc"",""version"":""v4.30.0-rc2"",""source_report_sha256"":""9ecc7b9387bed19d113a99ba576cdf74ec6daa240445522eb03ceab200d6e69f"",""results_sha256"":""821402691c13066d19146d766eae67666c2ce3c018e208aa5e640d80bbefa881"",""probe_sha256"":""1ef7547483edd5cf5830a62f1275c7fd356ad8fd50e76d5484a7f235a3f9dc43""}}]"
R081,incidental_or_citation,No pinned-software conclusion requiring a newer-version rerun,#3730/#3731 coverage audit v44: Lake tactic and term positions,"The Lake reflexive term-proof report adds bounded direct evidence to #3731 I043 and #3730 C02 in published v43. One imported by exact Eq.refl depValue proof was queried at nine exact positions through plain tactic goals, rich tactic goals, and plainTermGoal. At the start of exact, both tactic APIs showed ⊢ depValue = depValue. Inside Eq.refl, both tactic APIs returned empty goal lists while plainTermGoal returned the equality goal over (3,8)–(3,24); inside its argument, plain",Published v43 coverage ledger; Public issues 3730 and 3731 as retained in v43; Pinned reflexive Lake tactic and term-position report,False,"Main conclusion is an audit, general model, history, standard, or contextual evidence; software versions identify provenance only.",No newer-version comparison for the main conclusion.,reports/anneal-3730-3731-final-coverage-audit-2026-09-29-v44/REPORT.json,reports/anneal-3730-3731-final-coverage-audit-2026-09-29-v44/REPORT.md,"[{""name"":""Published v43 coverage ledger"",""identity"":{""repository"":""google/zerocopy"",""reference_revision"":""3d88b2c31d6c0774066ff581cf5d2bc27547b948"",""row_challenge_sha256"":""1bba9b2778f0d436f79c56df00e3be25fb354bd483d9eb247e92ba1a5c3737a9""}},{""name"":""Public issues 3730 and 3731 as retained in v43"",""identity"":{""repository"":""google/zerocopy"",""issue_3730_body_sha256"":""81bdc705843328085400eb3816ccd473266a95723cfcdba94c753bc22617e6f0"",""issue_3731_body_sha256"":""0375e6dc74b7f89e170c6c1a699212c1cf82b4260dfda4f14a02bcb54b2c4a88"",""comment_3730_sha256"":""7544fde70a98d0fdc6ffa14a7bb08827e1b40ad7b8f8eb4263a0f67d0491531e"",""comment_3731_sha256"":""4cc532789c728ce2cfaca08d7636c6f0fd91f0710fd9e90de74a25993b43f488""}},{""name"":""Pinned reflexive Lake tactic and term-position report"",""identity"":{""repository"":""leanprover/lean4"",""revision"":""3dc1a088b6d2d8eafe25a7cd7ec7b58d731bd7cc"",""version"":""v4.30.0-rc2"",""source_report_sha256"":""a4a30d43f685380fa285324cb75b538fe181ec565d27ce8effea192e7f84875c"",""results_sha256"":""71c94390d16bbfaa1f0e5e5c5260de689fcdd68febf40028a7f622b0149d0455"",""probe_sha256"":""9f17d45428378c76bd5995e3c7ea20b31223562b0a594dd75cba52f78576fb16""}}]"
R082,incidental_or_citation,No pinned-software conclusion requiring a newer-version rerun,#3730/#3731 evidence audit v5: R14–R17 and remaining work,"At the preserved public issue snapshot of 2026-09-29T10:41:15Z, #3730 is closed and #3731 is open. Both issue bodies and their single comments have the same SHA-256 values as v4: #3730 body 81bdc705843328085400eb3816ccd473266a95723cfcdba94c753bc22617e6f0, comment 7544fde70a98d0fdc6ffa14a7bb08827e1b40ad7b8f8eb4263a0f67d0491531e; #3731 body 0375e6dc74b7f89e170c6c1a699212c1cf82b4260dfda4f14a02bcb54b2c4a88, scope-extension comment 4cc532789c728ce2cfaca08d7636c6f0fd91f0710fd9e90de",public issue #3730 and #3731 snapshot; reference report package corpus; deterministic row-level audit builder,False,"Main conclusion is an audit, general model, history, standard, or contextual evidence; software versions identify provenance only.",No newer-version comparison for the main conclusion.,reports/anneal-3730-3731-final-coverage-audit-2026-09-29-v5/REPORT.json,reports/anneal-3730-3731-final-coverage-audit-2026-09-29-v5/REPORT.md,"[{""name"":""public issue #3730 and #3731 snapshot"",""identity"":{""issue_3730_body_sha256"":""81bdc705843328085400eb3816ccd473266a95723cfcdba94c753bc22617e6f0"",""issue_3731_body_sha256"":""0375e6dc74b7f89e170c6c1a699212c1cf82b4260dfda4f14a02bcb54b2c4a88"",""issue_3731_scope_extension_sha256"":""4cc532789c728ce2cfaca08d7636c6f0fd91f0710fd9e90de74a25993b43f488""}},{""name"":""reference report package corpus"",""identity"":{""report_package_count"":""65"",""new_reviewed_package_count"":""4"",""new_inspected_file_count"":""107""}},{""name"":""deterministic row-level audit builder"",""identity"":{""file"":""support/build_audit.py"",""sha256"":""84458f7bc713354b9eec788a54311ec3affbf6777afebda2c1cb54740f030990""}}]"
R083,incidental_or_citation,No pinned-software conclusion requiring a newer-version rerun,#3730/#3731 evidence audit v6: R18–R20 and remaining boundaries,"At the preserved public issue snapshot of 2026-09-29T10:57:07Z, #3730 is closed and #3731 is open. Their bodies and single comments remain byte-identical to v5: #3730 body SHA-256 81bdc705843328085400eb3816ccd473266a95723cfcdba94c753bc22617e6f0, comment 7544fde70a98d0fdc6ffa14a7bb08827e1b40ad7b8f8eb4263a0f67d0491531e; #3731 body 0375e6dc74b7f89e170c6c1a699212c1cf82b4260dfda4f14a02bcb54b2c4a88, scope-extension comment 4cc532789c728ce2cfaca08d7636c6f0fd91f0710fd9e90de74a25993b4",public issue #3730 and #3731 snapshot; reference report package corpus; deterministic row-level audit builder,False,"Main conclusion is an audit, general model, history, standard, or contextual evidence; software versions identify provenance only.",No newer-version comparison for the main conclusion.,reports/anneal-3730-3731-final-coverage-audit-2026-09-29-v6/REPORT.json,reports/anneal-3730-3731-final-coverage-audit-2026-09-29-v6/REPORT.md,"[{""name"":""public issue #3730 and #3731 snapshot"",""identity"":{""issue_3730_body_sha256"":""81bdc705843328085400eb3816ccd473266a95723cfcdba94c753bc22617e6f0"",""issue_3731_body_sha256"":""0375e6dc74b7f89e170c6c1a699212c1cf82b4260dfda4f14a02bcb54b2c4a88"",""issue_3731_scope_extension_sha256"":""4cc532789c728ce2cfaca08d7636c6f0fd91f0710fd9e90de74a25993b43f488""}},{""name"":""reference report package corpus"",""identity"":{""report_package_count"":""68"",""new_reviewed_package_count"":""3"",""new_inspected_file_count"":""126""}},{""name"":""deterministic row-level audit builder"",""identity"":{""file"":""support/build_audit.py"",""sha256"":""50d8fe574b1afb71b4caf50885af4997495ef53dbf27ebb2841522edacc42d45""}}]"
R084,incidental_or_citation,No pinned-software conclusion requiring a newer-version rerun,#3730/#3731 evidence audit v7: R21–R22 and remaining boundaries,"At the public GitHub API snapshot of 2026-09-29T11:09:11Z, #3730 was closed and #3731 open. The body and single comment of each issue were byte-identical to v6: #3730 body SHA-256 81bdc705843328085400eb3816ccd473266a95723cfcdba94c753bc22617e6f0, comment 7544fde70a98d0fdc6ffa14a7bb08827e1b40ad7b8f8eb4263a0f67d0491531e; #3731 body 0375e6dc74b7f89e170c6c1a699212c1cf82b4260dfda4f14a02bcb54b2c4a88, scope-extension comment 4cc532789c728ce2cfaca08d7636c6f0fd91f0710fd9e90de74a25993b4","Issue #3730 and #3731 public scope at 2026-09-29T11:09:11Z; 159 investigations, 174 crosswalk suggestions, 70 completed substantive report packages",False,"Main conclusion is an audit, general model, history, standard, or contextual evidence; software versions identify provenance only.",No newer-version comparison for the main conclusion.,reports/anneal-3730-3731-final-coverage-audit-2026-09-29-v7/REPORT.json,reports/anneal-3730-3731-final-coverage-audit-2026-09-29-v7/REPORT.md,"[{""name"":""Issue #3730 and #3731 public scope at 2026-09-29T11:09:11Z"",""identity"":{""3730_body_sha256"":""81bdc705843328085400eb3816ccd473266a95723cfcdba94c753bc22617e6f0"",""3730_comment_sha256"":""7544fde70a98d0fdc6ffa14a7bb08827e1b40ad7b8f8eb4263a0f67d0491531e"",""3731_body_sha256"":""0375e6dc74b7f89e170c6c1a699212c1cf82b4260dfda4f14a02bcb54b2c4a88"",""3731_comment_sha256"":""4cc532789c728ce2cfaca08d7636c6f0fd91f0710fd9e90de74a25993b43f488""}},{""name"":""159 investigations, 174 crosswalk suggestions, 70 completed substantive report packages"",""identity"":{""source_v6_investigation_sha256"":""c0edaca60bc674b2fc1ac2733ca1793cf9af31303402c594fec1902918659ddf"",""source_v6_crosswalk_sha256"":""8beb834effefccbe7017c5d891af6b7fccc48934f92cea78c2eb0a4366d038c6""}}]"
R085,incidental_or_citation,No pinned-software conclusion requiring a newer-version rerun,#3730/#3731 evidence audit v8: provisional models and scratch tactics,"At the public GitHub API snapshot of 2026-09-29T11:16:36Z, #3730 was closed and #3731 open. Their bodies and single comments remained byte-identical to v7: #3730 body SHA-256 81bdc705843328085400eb3816ccd473266a95723cfcdba94c753bc22617e6f0, comment 7544fde70a98d0fdc6ffa14a7bb08827e1b40ad7b8f8eb4263a0f67d0491531e; #3731 body 0375e6dc74b7f89e170c6c1a699212c1cf82b4260dfda4f14a02bcb54b2c4a88, extension comment 4cc532789c728ce2cfaca08d7636c6f0fd91f0710fd9e90de74a25993b43f488. The ","Issue #3730 and #3731 public scope at 2026-09-29T11:16:36Z; 159 investigations, 174 crosswalk suggestions, 72 completed substantive report packages",False,"Main conclusion is an audit, general model, history, standard, or contextual evidence; software versions identify provenance only.",No newer-version comparison for the main conclusion.,reports/anneal-3730-3731-final-coverage-audit-2026-09-29-v8/REPORT.json,reports/anneal-3730-3731-final-coverage-audit-2026-09-29-v8/REPORT.md,"[{""name"":""Issue #3730 and #3731 public scope at 2026-09-29T11:16:36Z"",""identity"":{""3730_body_sha256"":""81bdc705843328085400eb3816ccd473266a95723cfcdba94c753bc22617e6f0"",""3730_comment_sha256"":""7544fde70a98d0fdc6ffa14a7bb08827e1b40ad7b8f8eb4263a0f67d0491531e"",""3731_body_sha256"":""0375e6dc74b7f89e170c6c1a699212c1cf82b4260dfda4f14a02bcb54b2c4a88"",""3731_comment_sha256"":""4cc532789c728ce2cfaca08d7636c6f0fd91f0710fd9e90de74a25993b43f488""}},{""name"":""159 investigations, 174 crosswalk suggestions, 72 completed substantive report packages"",""identity"":{""source_v7_investigation_sha256"":""612d7398c5ec524ec7b92bac26712ef597acacb3a080fe1058e7992caca080d9"",""source_v7_crosswalk_sha256"":""7dfd45e7a9dacc1298aac82036ebb3fc4f11f077920ab1012a6dc3ca5d038da1""}}]"
R086,incidental_or_citation,No pinned-software conclusion requiring a newer-version rerun,#3730/#3731 evidence audit v9: seven new component suites,"At the public GitHub API snapshot of 2026-09-29T11:35:20Z, #3730 was closed and #3731 open. Their bodies and single comments remained byte-identical to v8: #3730 body SHA-256 81bdc705843328085400eb3816ccd473266a95723cfcdba94c753bc22617e6f0, comment 7544fde70a98d0fdc6ffa14a7bb08827e1b40ad7b8f8eb4263a0f67d0491531e; #3731 body 0375e6dc74b7f89e170c6c1a699212c1cf82b4260dfda4f14a02bcb54b2c4a88, extension comment 4cc532789c728ce2cfaca08d7636c6f0fd91f0710fd9e90de74a25993b43f488. The ","Issue #3730 and #3731 public scope at 2026-09-29T11:35:20Z; 159 investigations, 174 crosswalk suggestions, 79 completed substantive report packages",False,"Main conclusion is an audit, general model, history, standard, or contextual evidence; software versions identify provenance only.",No newer-version comparison for the main conclusion.,reports/anneal-3730-3731-final-coverage-audit-2026-09-29-v9/REPORT.json,reports/anneal-3730-3731-final-coverage-audit-2026-09-29-v9/REPORT.md,"[{""name"":""Issue #3730 and #3731 public scope at 2026-09-29T11:35:20Z"",""identity"":{""3730_body_sha256"":""81bdc705843328085400eb3816ccd473266a95723cfcdba94c753bc22617e6f0"",""3730_comment_sha256"":""7544fde70a98d0fdc6ffa14a7bb08827e1b40ad7b8f8eb4263a0f67d0491531e"",""3731_body_sha256"":""0375e6dc74b7f89e170c6c1a699212c1cf82b4260dfda4f14a02bcb54b2c4a88"",""3731_comment_sha256"":""4cc532789c728ce2cfaca08d7636c6f0fd91f0710fd9e90de74a25993b43f488""}},{""name"":""159 investigations, 174 crosswalk suggestions, 79 completed substantive report packages"",""identity"":{""source_v8_investigation_sha256"":""fee613745ca963a5784bacbab758be55a2faff8b9afb41fb08f3a6a5024e81b5"",""source_v8_crosswalk_sha256"":""364796a09d67981e6f03ddd630453e1e60745fd71b6a8ce4eeb105d20ad75256""}}]"
R087,incidental_or_citation,No pinned-software conclusion requiring a newer-version rerun,Bounded final coverage audit for Anneal issues #3730 and #3731,"This audit reconciles all 159 unique #3731 investigations (I001–I159) and all 174 #3730 suggestions against the research corpus available at 2026-09-29 08:18 UTC. It includes 15 completed report packages created after the interim audit. A manifest records all 470 files in those packages (19,969,913 bytes), their hashes, format checks and each package's validator result. The report methods, findings and boundaries were read for scope judgments; the manifest is not a claim that",google/zerocopy issue #3730; google/zerocopy issue #3731; reference research snapshot,False,"Main conclusion is an audit, general model, history, standard, or contextual evidence; software versions identify provenance only.",No newer-version comparison for the main conclusion.,reports/anneal-3730-3731-final-coverage-audit-2026-09-29/REPORT.json,reports/anneal-3730-3731-final-coverage-audit-2026-09-29/REPORT.md,"[{""name"":""google/zerocopy issue #3730"",""identity"":{""repository"":""google/zerocopy"",""issue"":""3730"",""body_sha256"":""81bdc705843328085400eb3816ccd473266a95723cfcdba94c753bc22617e6f0"",""closure_comment_sha256"":""7544fde70a98d0fdc6ffa14a7bb08827e1b40ad7b8f8eb4263a0f67d0491531e""}},{""name"":""google/zerocopy issue #3731"",""identity"":{""repository"":""google/zerocopy"",""issue"":""3731"",""body_sha256"":""603eb92dc737e34912eff048b9901306239ebba8e77b8a3a2acc6371bcc9227f"",""scope_extension_comment_sha256"":""2451c7f38f864676a5aa23b16d4eb25ba18f768318829fd68715f9b384c1f533""}},{""name"":""reference research snapshot"",""identity"":{""git_commit"":""37a0ecd080d333f93bfe900d9c7dab193608e478"",""snapshot_utc"":""2026-09-29 08:18 UTC"",""post_interim_package_count"":""15""}}]"
R088,incidental_or_citation,No pinned-software conclusion requiring a newer-version rerun,"#3730/#3731 coverage audit v45: rich term goals, Unicode spans, and identity ablation","Three reviewed source packages add bounded evidence to the published v44 ledger: a nested Lake rich term-goal probe, a Charon Unicode local-span probe, and a symbolic identity-ablation model. Residuals change only for I043, C02, I079, and I145. The Unicode source-coordinate observation is bounded context for D05, A02, and A08; those three residuals are unchanged. These observations do not implement an Anneal V2 service or close any product gate.",Published v44 coverage ledger; Public issues 3730 and 3731 refreshed for v45; Pinned nested Lake rich term-goal component report; Pinned Charon Unicode local-span component report; Bounded symbolic I145 identity-ablation model,False,"Main conclusion is an audit, general model, history, standard, or contextual evidence; software versions identify provenance only.",No newer-version comparison for the main conclusion.,reports/anneal-3730-3731-final-coverage-audit-2026-09-30-v45/REPORT.json,reports/anneal-3730-3731-final-coverage-audit-2026-09-30-v45/REPORT.md,"[{""name"":""Published v44 coverage ledger"",""identity"":{""repository"":""google/zerocopy"",""reference_revision"":""d8a86362f68d2f84c6f1165e4fe3bffa35529ee2"",""row_challenge_sha256"":""1b32e2bcbc8030c0011ef65075dc55f09f9f2291127c272afc271814e5ca83c0""}},{""name"":""Public issues 3730 and 3731 refreshed for v45"",""identity"":{""repository"":""google/zerocopy"",""issue_3730_body_sha256"":""81bdc705843328085400eb3816ccd473266a95723cfcdba94c753bc22617e6f0"",""issue_3731_body_sha256"":""0375e6dc74b7f89e170c6c1a699212c1cf82b4260dfda4f14a02bcb54b2c4a88"",""comment_3730_sha256"":""7544fde70a98d0fdc6ffa14a7bb08827e1b40ad7b8f8eb4263a0f67d0491531e"",""comment_3731_sha256"":""4cc532789c728ce2cfaca08d7636c6f0fd91f0710fd9e90de74a25993b43f488""}},{""name"":""Pinned nested Lake rich term-goal component report"",""identity"":{""repository"":""leanprover/lean4"",""revision"":""3dc1a088b6d2d8eafe25a7cd7ec7b58d731bd7cc"",""source_report_sha256"":""408aa0cc32d9200d659ab5896bb5b4439a75ef53212368ca3c010382a40a9392""}},{""name"":""Pinned Charon Unicode local-span component report"",""identity"":{""charon_binary_sha256"":""51bb6d23beab3f97a684c25162d3e402fc820c891b57b21d2ca781c1da211a8b"",""source_report_sha256"":""649cbfb3ef0638a0035984a925e7a393bc3a64c0e13234ad7292ee3779bd3212""}},{""name"":""Bounded symbolic I145 identity-ablation model"",""identity"":{""artifact"":""check.py"",""source_report_sha256"":""1c9bad6e2aa190295f7c06d5c0239d0088c15182f63fe3ec0287ed17e3262258""}}]"
R089,incidental_or_citation,No pinned-software conclusion requiring a newer-version rerun,#3730/#3731 coverage audit v46: native-plugin mappings in Lean workers,"One reviewed native-plugin mapped-worker report adds bounded direct evidence to the published v45 ledger. Residuals change only for I125 and I154. The report is bounded context for J08 and J12, the two #3730 suggestions whose retained destinations include I154; their residuals stay unchanged. No other agenda row receives new evidence.",Published v45 coverage ledger; Public issues 3730 and 3731 refreshed for v46; Pinned Lean native-plugin mapped-worker component report,False,"Main conclusion is an audit, general model, history, standard, or contextual evidence; software versions identify provenance only.",No newer-version comparison for the main conclusion.,reports/anneal-3730-3731-final-coverage-audit-2026-09-30-v46/REPORT.json,reports/anneal-3730-3731-final-coverage-audit-2026-09-30-v46/REPORT.md,"[{""name"":""Published v45 coverage ledger"",""identity"":{""repository"":""google/zerocopy"",""reference_revision"":""22c27b3d8ba12ab9708cb7cd8f13eb29217ec71a"",""row_challenge_sha256"":""74948ac2e3847354b0db3b260a936c34150c5be55544502543cd9f472ea3a511""}},{""name"":""Public issues 3730 and 3731 refreshed for v46"",""identity"":{""repository"":""google/zerocopy"",""issue_3730_body_sha256"":""81bdc705843328085400eb3816ccd473266a95723cfcdba94c753bc22617e6f0"",""comment_3730_sha256"":""7544fde70a98d0fdc6ffa14a7bb08827e1b40ad7b8f8eb4263a0f67d0491531e"",""issue_3731_body_sha256"":""0375e6dc74b7f89e170c6c1a699212c1cf82b4260dfda4f14a02bcb54b2c4a88"",""comment_3731_sha256"":""4cc532789c728ce2cfaca08d7636c6f0fd91f0710fd9e90de74a25993b43f488""}},{""name"":""Pinned Lean native-plugin mapped-worker component report"",""identity"":{""repository"":""leanprover/lean4"",""source_revision"":""3dc1a088b6d2d8eafe25a7cd7ec7b58d731bd7cc"",""observed_binary_sha256"":""b48bc5ab229bd8b320a224b87e20fc428dba6fa8a1c054bd4fa6def846e19997"",""source_report_sha256"":""620934319cd5ee64bafbe0cc3699a1d6d165eee228d6d1fbe83aa3e54bd6dc27""}}]"
R090,incidental_or_citation,No pinned-software conclusion requiring a newer-version rerun,#3730/#3731 coverage audit v47: sequential Charon destination reuse,"One sequential Charon destination report adds bounded profile/cfg output evidence to the published v46 ledger. Only I020 and I076 receive revised residual descriptions. D07 receives bounded context while its residual stays unchanged. All 333 row IDs, 159 investigations, 174 #3730 suggestions, 345 destination links, issue fields and row order are preserved. Every status, gate and next prerequisite remains unchanged.",Published #3730/#3731 v46 coverage ledger; Sequential Charon profile/cfg shared-destination evidence; Inherited public #3730/#3731 issue snapshot,False,"Main conclusion is an audit, general model, history, standard, or contextual evidence; software versions identify provenance only.",No newer-version comparison for the main conclusion.,reports/anneal-3730-3731-final-coverage-audit-2026-09-30-v47/REPORT.json,reports/anneal-3730-3731-final-coverage-audit-2026-09-30-v47/REPORT.md,"[{""name"":""Published #3730/#3731 v46 coverage ledger"",""identity"":{""reference_commit"":""24eb9c0b5896c54d24884755f68dfe5b8b077d20"",""package"":""anneal-3730-3731-final-coverage-audit-2026-09-30-v46""}},{""name"":""Sequential Charon profile/cfg shared-destination evidence"",""identity"":{""charon_sha256"":""51bb6d23beab3f97a684c25162d3e402fc820c891b57b21d2ca781c1da211a8b"",""fixture_source_sha256"":""990beab58abb9a04f48c119fdcea2918865232730e278de3def35e15831b123d"",""results_sha256"":""02774561d268e4e483a5cf05892e3dd4917fad39bf4a2ec7c5295b6d618358d3""}},{""name"":""Inherited public #3730/#3731 issue snapshot"",""identity"":{""source_package"":""anneal-3730-3731-final-coverage-audit-2026-09-30-v46"",""snapshot_sha256"":""08de544674dc82f8b7753283b80dc92d315a25abafcc9b87985e952b90d43f3c""}}]"
R091,incidental_or_citation,No pinned-software conclusion requiring a newer-version rerun,#3730/#3731 coverage audit v48: concurrent Charon destination cell,"One concurrent Charon destination report adds a bounded simultaneous-producer outcome to the published v47 ledger. Only I020 and I076 receive revised residuals; D07 receives context with its residual unchanged. All 333 row IDs, 159 investigations, 174 #3730 suggestions, 345 destination links, issue fields and row order are preserved. Every status, gate and next prerequisite remains unchanged.",Published #3730/#3731 v47 coverage ledger; Concurrent Charon profile/cfg shared-destination evidence; Inherited public #3730/#3731 issue snapshot,False,"Main conclusion is an audit, general model, history, standard, or contextual evidence; software versions identify provenance only.",No newer-version comparison for the main conclusion.,reports/anneal-3730-3731-final-coverage-audit-2026-09-30-v48/REPORT.json,reports/anneal-3730-3731-final-coverage-audit-2026-09-30-v48/REPORT.md,"[{""name"":""Published #3730/#3731 v47 coverage ledger"",""identity"":{""reference_commit"":""c22836d6c4f2b8c8b37ae7626795412afc695b01"",""package"":""anneal-3730-3731-final-coverage-audit-2026-09-30-v47""}},{""name"":""Concurrent Charon profile/cfg shared-destination evidence"",""identity"":{""charon_sha256"":""51bb6d23beab3f97a684c25162d3e402fc820c891b57b21d2ca781c1da211a8b"",""fixture_source_sha256"":""990beab58abb9a04f48c119fdcea2918865232730e278de3def35e15831b123d"",""results_sha256"":""53725101e53907a76b6c672fd1e4fe3e9865483539bedde197c6c677f88cdc52""}},{""name"":""Inherited public #3730/#3731 issue snapshot"",""identity"":{""source_package"":""anneal-3730-3731-final-coverage-audit-2026-09-30-v47"",""snapshot_sha256"":""08de544674dc82f8b7753283b80dc92d315a25abafcc9b87985e952b90d43f3c""}}]"
R092,incidental_or_citation,No pinned-software conclusion requiring a newer-version rerun,#3730/#3731 coverage audit v49: generated-file Charon spans,"The generated-file Charon span report adds one bounded source oracle to the published v48 ledger. Only I079 receives a revised residual. All 333 row IDs, 159 investigations, 174 #3730 suggestions, 345 destination links, issue fields and row order are preserved. Every status, gate and next prerequisite remains unchanged; no context-only row receives new evidence.",Published #3730/#3731 v48 coverage ledger; Generated-file Charon item-span evidence; Inherited public #3730/#3731 issue snapshot,False,"Main conclusion is an audit, general model, history, standard, or contextual evidence; software versions identify provenance only.",No newer-version comparison for the main conclusion.,reports/anneal-3730-3731-final-coverage-audit-2026-09-30-v49/REPORT.json,reports/anneal-3730-3731-final-coverage-audit-2026-09-30-v49/REPORT.md,"[{""name"":""Published #3730/#3731 v48 coverage ledger"",""identity"":{""reference_commit"":""ff9f5253bd129da0ab4b20e05103ac56993eac0d"",""package"":""anneal-3730-3731-final-coverage-audit-2026-09-30-v48""}},{""name"":""Generated-file Charon item-span evidence"",""identity"":{""generated_source_sha256"":""d0ee5a2c97d8a1797c31955136c6f5dbf62cde9cdc4f88f7a5cf5f551ba2d0c8"",""llbc_sha256"":""c8c27d0ac205205ed34d0f7a7efd30efa12750455cd7281025bf2174fac0ae16"",""results_sha256"":""fdda99e59dbce0694d1ef7ea8815577503d4e3e0f990ea8925117b8aec5bf242""}},{""name"":""Inherited public #3730/#3731 issue snapshot"",""identity"":{""source_package"":""anneal-3730-3731-final-coverage-audit-2026-09-30-v48"",""snapshot_sha256"":""08de544674dc82f8b7753283b80dc92d315a25abafcc9b87985e952b90d43f3c""}}]"
R093,incidental_or_citation,No pinned-software conclusion requiring a newer-version rerun,#3730/#3731 coverage audit v50: generated-source edge spans,"The generated-source CRLF/tab/multiline report adds one bounded Charon source-normalization and coordinate observation to the published v49 ledger. Only I079 receives a revised residual. All 333 row IDs, 159 investigations, 174 #3730 suggestions, 345 destination links, issue fields and row order are preserved. Every status, gate and next prerequisite remains unchanged; no context-only row receives new evidence.",Published #3730/#3731 v49 coverage ledger; Generated-source CRLF/tab/multiline Charon evidence; Inherited public #3730/#3731 issue snapshot,False,"Main conclusion is an audit, general model, history, standard, or contextual evidence; software versions identify provenance only.",No newer-version comparison for the main conclusion.,reports/anneal-3730-3731-final-coverage-audit-2026-09-30-v50/REPORT.json,reports/anneal-3730-3731-final-coverage-audit-2026-09-30-v50/REPORT.md,"[{""name"":""Published #3730/#3731 v49 coverage ledger"",""identity"":{""reference_commit"":""4db5d007205b9b1a3967f0f05b4b08d49c6563e1"",""package"":""anneal-3730-3731-final-coverage-audit-2026-09-30-v49""}},{""name"":""Generated-source CRLF/tab/multiline Charon evidence"",""identity"":{""raw_generated_sha256"":""1a8f1e3ba34f78259326d24feeebf69c6b03356019ba08773e4f5992c833c620"",""llbc_embedded_normalized_sha256"":""59d0ebba3ee4303cb2284105e1915e7cdfd5bf95995e4f20ebc901b1de319e99"",""results_sha256"":""255d308559e0059cc72735885ebae85b629578fb1dc0f59cbea257c66e458151""}},{""name"":""Inherited public #3730/#3731 issue snapshot"",""identity"":{""source_package"":""anneal-3730-3731-final-coverage-audit-2026-09-30-v49"",""snapshot_sha256"":""08de544674dc82f8b7753283b80dc92d315a25abafcc9b87985e952b90d43f3c""}}]"
R094,incidental_or_citation,No pinned-software conclusion requiring a newer-version rerun,#3730/#3731 coverage audit v51: Unicode Lean LSP encoding offers,"The Unicode Lean LSP encoding report adds one bounded direct server result to the published v50 ledger. Only I062 receives a revised residual. B03 and I025 receive bounded context while their residuals remain unchanged. All 333 row IDs, 159 investigations, 174 #3730 suggestions, 345 destination links, issue fields and row order are preserved. Every status, gate and next prerequisite remains unchanged.",Published #3730/#3731 v50 coverage ledger; Unicode Lean LSP capability and edit evidence; Inherited public #3730/#3731 issue snapshot,False,"Main conclusion is an audit, general model, history, standard, or contextual evidence; software versions identify provenance only.",No newer-version comparison for the main conclusion.,reports/anneal-3730-3731-final-coverage-audit-2026-09-30-v51/REPORT.json,reports/anneal-3730-3731-final-coverage-audit-2026-09-30-v51/REPORT.md,"[{""name"":""Published #3730/#3731 v50 coverage ledger"",""identity"":{""reference_commit"":""ebfeac694e945da0b52e09c6a185d857f982f4f3"",""package"":""anneal-3730-3731-final-coverage-audit-2026-09-30-v50""}},{""name"":""Unicode Lean LSP capability and edit evidence"",""identity"":{""lean_sha256"":""b48bc5ab229bd8b320a224b87e20fc428dba6fa8a1c054bd4fa6def846e19997"",""original_sha256"":""1c303b95f46f0971463bb85cba3bd56676efff5230ae514e6a720b9260be037a"",""oracle_prelaunch_sha256"":""7f7aac75610935a82f2382381ca0fbab519eaee9abb26767dcd90ab8cabe4cc7"",""results_sha256"":""a81a7fbbecc428f1cf4ce91eea2f03d49185a4a4b694ca3b0b48c6f46ea38469""}},{""name"":""Inherited public #3730/#3731 issue snapshot"",""identity"":{""source_package"":""anneal-3730-3731-final-coverage-audit-2026-09-30-v50"",""snapshot_sha256"":""08de544674dc82f8b7753283b80dc92d315a25abafcc9b87985e952b90d43f3c""}}]"
R095,incidental_or_citation,No pinned-software conclusion requiring a newer-version rerun,#3730/#3731 coverage audit v52: Lean LSP encoding version boundary,"The Lean 4.29 versus 4.30-rc2 Unicode LSP report adds a bounded version comparison to the published v51 ledger. Only I062 receives a revised residual. B03 and I025 receive bounded context while their residuals remain unchanged. All 333 row IDs, 159 investigations, 174 #3730 suggestions, 345 destination links, issue fields and row order are preserved. Every status, gate and next prerequisite remains unchanged.",Published #3730/#3731 v51 coverage ledger; Lean 4.29 versus 4.30-rc2 Unicode LSP comparison; Inherited public #3730/#3731 issue snapshot,False,"Main conclusion is an audit, general model, history, standard, or contextual evidence; software versions identify provenance only.",No newer-version comparison for the main conclusion.,reports/anneal-3730-3731-final-coverage-audit-2026-09-30-v52/REPORT.json,reports/anneal-3730-3731-final-coverage-audit-2026-09-30-v52/REPORT.md,"[{""name"":""Published #3730/#3731 v51 coverage ledger"",""identity"":{""reference_commit"":""badec4d90493d883e5e6886f6695239fbfb7ac74"",""package"":""anneal-3730-3731-final-coverage-audit-2026-09-30-v51""}},{""name"":""Lean 4.29 versus 4.30-rc2 Unicode LSP comparison"",""identity"":{""lean_429_sha256"":""2974847fff2e2621502841f4c2dbac4035b4847d6060a4f2087cbc0d04005e37"",""lean_430_rc2_sha256"":""b48bc5ab229bd8b320a224b87e20fc428dba6fa8a1c054bd4fa6def846e19997"",""baseline_results_sha256"":""a81a7fbbecc428f1cf4ce91eea2f03d49185a4a4b694ca3b0b48c6f46ea38469"",""results_sha256"":""c9a890bacc174f34a4896d3b05bf5ba5ba6b54a8e16ec066e9fa19c999d036b5""}},{""name"":""Inherited public #3730/#3731 issue snapshot"",""identity"":{""source_package"":""anneal-3730-3731-final-coverage-audit-2026-09-30-v51"",""snapshot_sha256"":""08de544674dc82f8b7753283b80dc92d315a25abafcc9b87985e952b90d43f3c""}}]"
R096,incidental_or_citation,No pinned-software conclusion requiring a newer-version rerun,#3730/#3731 coverage audit v53: owned empty-line coordinate bridge,"The copied empty-line/v2 bridge report adds a bounded component specimen to the published v52 ledger. Only I025 receives a revised residual. I026 receives border-policy context; its residual is unchanged. All 333 row IDs, 159 investigations, 174 #3730 suggestions, 345 destination links, issue fields and row order are preserved. Every status, gate and next prerequisite remains unchanged.",Published #3730/#3731 v52 coverage ledger; Copied empty Rust doc line and version-2 Lean diagnostic evidence; Inherited public #3730/#3731 issue snapshot,False,"Main conclusion is an audit, general model, history, standard, or contextual evidence; software versions identify provenance only.",No newer-version comparison for the main conclusion.,reports/anneal-3730-3731-final-coverage-audit-2026-09-30-v53/REPORT.json,reports/anneal-3730-3731-final-coverage-audit-2026-09-30-v53/REPORT.md,"[{""name"":""Published #3730/#3731 v52 coverage ledger"",""identity"":{""reference_commit"":""e1c4cf18da52136936eec8d6361607a9036adcb9"",""package"":""anneal-3730-3731-final-coverage-audit-2026-09-30-v52""}},{""name"":""Copied empty Rust doc line and version-2 Lean diagnostic evidence"",""identity"":{""source_package"":""anneal-3731-i025-empty-owned-v2-bridge-2026-09-30"",""host_sha256"":""9e32bf3e46146fb293ba1cf06a5817c73d5088ec41ea8193a2c10a635fb3508e"",""lean_v1_sha256"":""28f76f64a2d7a9d1b28f7df403fdf4a69ecebdc7ecc887cdc8cdb5e2ffa9f5b9"",""lean_v2_sha256"":""bcd5968dc5282d430a961ad40cfa1b84e244a1f3343e9942507f8639a73401c7"",""results_sha256"":""99adb9571ff46b91c8813ff266cf79fe259dcc1b6248357683ce0e00697c0e72""}},{""name"":""Inherited public #3730/#3731 issue snapshot"",""identity"":{""source_package"":""anneal-3730-3731-final-coverage-audit-2026-09-30-v52"",""snapshot_sha256"":""08de544674dc82f8b7753283b80dc92d315a25abafcc9b87985e952b90d43f3c""}}]"
R097,incidental_or_citation,No pinned-software conclusion requiring a newer-version rerun,#3730/#3731 coverage audit v54: Charon lexical source-file aliases,"The matched Charon symlink/copy report adds a bounded file-identity specimen to the published v53 ledger. Only I079 receives a revised residual. I031 gains source-provenance context with its residual unchanged. All 333 row IDs, 159 investigations, 174 #3730 suggestions, 345 destination links and row order are preserved. Every status, gate and next prerequisite remains unchanged.",Published #3730/#3731 v53 coverage ledger; Matched Charon symlink-alias and physical-copy LLBC observations; Fresh public #3730/#3731 issue snapshot,False,"Main conclusion is an audit, general model, history, standard, or contextual evidence; software versions identify provenance only.",No newer-version comparison for the main conclusion.,reports/anneal-3730-3731-final-coverage-audit-2026-09-30-v54/REPORT.json,reports/anneal-3730-3731-final-coverage-audit-2026-09-30-v54/REPORT.md,"[{""name"":""Published #3730/#3731 v53 coverage ledger"",""identity"":{""reference_commit"":""6b0acaee13124bc17bef31c764693836a93ff25a"",""package"":""anneal-3730-3731-final-coverage-audit-2026-09-30-v53""}},{""name"":""Matched Charon symlink-alias and physical-copy LLBC observations"",""identity"":{""source_package"":""anneal-3731-i079-symlink-module-identity-2026-09-30"",""charon_sha256"":""51bb6d23beab3f97a684c25162d3e402fc820c891b57b21d2ca781c1da211a8b"",""alias_llbc_sha256"":""1b856001a5eeda4b86a4f74fcc0ede06d6e917581435910fa9156055916bc724"",""copy_llbc_sha256"":""603a8931af4c51a6c9a9a8ffdaca9db56d66572a74536b4926288e48780449a9"",""results_sha256"":""2acbcbea3a2b8b52315d86fd990ac1a59dd2216c1a3d3e9170547e9b1a10a61a""}},{""name"":""Fresh public #3730/#3731 issue snapshot"",""identity"":{""snapshot_sha256"":""edde2123a541a51eba065324642a6c409a2949ca419ca7eddfe2dc7964c7fcc2"",""source"":""public GitHub REST issue and comments endpoints""}}]"
R098,incidental_or_citation,No pinned-software conclusion requiring a newer-version rerun,#3730/#3731 coverage audit v55: Rust and Charon path remapping,"The pinned path-remap experiment adds a bounded cross-tool filename specimen to the published v54 ledger. Only I079 receives an appended residual. I031 gains source-provenance context with its residual unchanged. All 333 row IDs, 159 investigations, 174 #3730 suggestions, 345 destination links and row order are preserved. No status, gate or next prerequisite changes.",Published #3730/#3731 v54 coverage ledger; Pinned Rust diagnostic and Charon LLBC path-remap observations; Fresh public #3730/#3731 issue snapshot,False,"Main conclusion is an audit, general model, history, standard, or contextual evidence; software versions identify provenance only.",No newer-version comparison for the main conclusion.,reports/anneal-3730-3731-final-coverage-audit-2026-09-30-v55/REPORT.json,reports/anneal-3730-3731-final-coverage-audit-2026-09-30-v55/REPORT.md,"[{""name"":""Published #3730/#3731 v54 coverage ledger"",""identity"":{""reference_commit"":""87bbe2425ed749ba4eff9e729ad6799313124cb2"",""package"":""anneal-3730-3731-final-coverage-audit-2026-09-30-v54""}},{""name"":""Pinned Rust diagnostic and Charon LLBC path-remap observations"",""identity"":{""source_package"":""anneal-3731-i079-path-remap-2026-09-30"",""charon_sha256"":""51bb6d23beab3f97a684c25162d3e402fc820c891b57b21d2ca781c1da211a8b"",""plain_llbc_sha256"":""c574d05f3036d0c6d652b088cbd8a9ac99f3e1315fe5d3a905b3896b3a42853f"",""remap_llbc_sha256"":""323fbe9ee1881ef8e896da2eec36d99affa98ddb6638d42bdc91d848bfcaf530"",""results_sha256"":""e27b10622230a96ed937d66ae6d388ac4de19b9927c73a61df6a4e7b13fd83cf""}},{""name"":""Fresh public #3730/#3731 issue snapshot"",""identity"":{""snapshot_sha256"":""91f77e310f2de83570a25aea7a685a9f09438b0e5f9fa6a97eb22da0f281c9bc"",""source"":""public GitHub REST issue and comments endpoints""}}]"
R099,incidental_or_citation,No pinned-software conclusion requiring a newer-version rerun,#3730/#3731 coverage audit v56: conditional Charon module source,"The corrected Charon cfgattr(path) experiment adds a bounded conditional source-selection specimen to the published v55 ledger. Only I079 receives an appended residual. I031 gains source-provenance context with its residual unchanged. All 333 row IDs, 159 investigations, 174 #3730 suggestions, 345 destination links and row order are preserved. No status, gate or next prerequisite changes.",Published #3730/#3731 v55 coverage ledger; Corrected conditional Charon module-source observations; Fresh public #3730/#3731 issue snapshot,False,"Main conclusion is an audit, general model, history, standard, or contextual evidence; software versions identify provenance only.",No newer-version comparison for the main conclusion.,reports/anneal-3730-3731-final-coverage-audit-2026-09-30-v56/REPORT.json,reports/anneal-3730-3731-final-coverage-audit-2026-09-30-v56/REPORT.md,"[{""name"":""Published #3730/#3731 v55 coverage ledger"",""identity"":{""reference_commit"":""1018438e175202747f052dc1c0734d331b656f01"",""package"":""anneal-3730-3731-final-coverage-audit-2026-09-30-v55""}},{""name"":""Corrected conditional Charon module-source observations"",""identity"":{""source_package"":""anneal-3731-i079-cfg-attr-module-2026-09-30"",""charon_sha256"":""51bb6d23beab3f97a684c25162d3e402fc820c891b57b21d2ca781c1da211a8b"",""default_llbc_sha256"":""6afd8dc318bc9282887dc2b890c5b06a0ea0a9bb0b2284fd4dfa2236beba7498"",""alternate_llbc_sha256"":""f63c540636eef0caaf351a63db9569507b3d3e20d3015dd64c7e3d44a19e569c"",""results_sha256"":""979dc2b0f410e8829f676299887a9cfab56341c361836359d666bf8c38f81405""}},{""name"":""Fresh public #3730/#3731 issue snapshot"",""identity"":{""snapshot_sha256"":""a2f5f61de2f08a72d2e7026088942aabba551f6183753538c336fe5800cebcd1"",""source"":""public GitHub REST issue and comments endpoints""}}]"
R100,incidental_or_citation,No pinned-software conclusion requiring a newer-version rerun,#3730/#3731 coverage audit v57: Lean UTF-32-only LSP offer,"The UTF-32-only Lean LSP experiment adds a bounded capability-offer and Unicode edit specimen to the published v56 ledger. Only I062 receives an appended residual. I025 gains coordinate context with its residual unchanged. All 333 row IDs, 159 investigations, 174 #3730 suggestions, 345 destination links and row order are preserved. Every status, gate and next prerequisite remains unchanged.",Published #3730/#3731 v56 coverage ledger; Lean UTF-32-only Unicode LSP and batch observation; Fresh public #3730/#3731 issue snapshot,False,"Main conclusion is an audit, general model, history, standard, or contextual evidence; software versions identify provenance only.",No newer-version comparison for the main conclusion.,reports/anneal-3730-3731-final-coverage-audit-2026-09-30-v57/REPORT.json,reports/anneal-3730-3731-final-coverage-audit-2026-09-30-v57/REPORT.md,"[{""name"":""Published #3730/#3731 v56 coverage ledger"",""identity"":{""reference_commit"":""a5ecd5bde3d2b33457b5a13b4b435d79515f4012"",""package"":""anneal-3730-3731-final-coverage-audit-2026-09-30-v56""}},{""name"":""Lean UTF-32-only Unicode LSP and batch observation"",""identity"":{""source_package"":""anneal-3731-i062-utf32-only-unicode-lsp-2026-09-30"",""lean_sha256"":""b48bc5ab229bd8b320a224b87e20fc428dba6fa8a1c054bd4fa6def846e19997"",""results_sha256"":""15bbeb7d5ae7f7c0d7e5f9016363214d3ef02558fd280069134333a850ab05ac"",""oracle_prelaunch_sha256"":""c7bf9661e8ebef39410aa24e898949fc16614770cc2477ce601f2c14a68cc894""}},{""name"":""Fresh public #3730/#3731 issue snapshot"",""identity"":{""snapshot_sha256"":""a90f3bb21b44da69b64e82dd86d85f9e3f88e4d74da3f53101ab6d7583e42001"",""source"":""public GitHub REST issue and comments endpoints""}}]"
R101,incidental_or_citation,No pinned-software conclusion requiring a newer-version rerun,#3730/#3731 coverage audit v58: direct Lean RPC keep-alive control,"The Lean RPC keep-alive experiment adds a bounded positive control to the published v57 ledger. Only I044 receives an appended residual. C08 gains handle-lifetime context with its residual unchanged. All 333 row IDs, 159 investigations, 174 #3730 suggestions, 345 destination links, and row order are preserved. Every status, gate, and next prerequisite remains unchanged.",Published #3730/#3731 v57 coverage ledger; Lean direct RPC keep-alive observation; Fresh public #3730/#3731 issue snapshot,False,"Main conclusion is an audit, general model, history, standard, or contextual evidence; software versions identify provenance only.",No newer-version comparison for the main conclusion.,reports/anneal-3730-3731-final-coverage-audit-2026-09-30-v58/REPORT.json,reports/anneal-3730-3731-final-coverage-audit-2026-09-30-v58/REPORT.md,"[{""name"":""Published #3730/#3731 v57 coverage ledger"",""identity"":{""reference_commit"":""30b9d5749aed6049d949f4f582dd64c70088d07a"",""package"":""anneal-3730-3731-final-coverage-audit-2026-09-30-v57""}},{""name"":""Lean direct RPC keep-alive observation"",""identity"":{""source_package"":""anneal-3731-i044-rpc-keepalive-positive-2026-09-30"",""lean_sha256"":""b48bc5ab229bd8b320a224b87e20fc428dba6fa8a1c054bd4fa6def846e19997"",""results_sha256"":""ae38ed7182bb67714b0f3b524a865251643478c5159369a10cae008b24d7194a"",""oracle_prelaunch_sha256"":""1d6981c93c39e8f0ae1c7d4912db68521c24dee178bf65d3ae7f3b573e9d25d2""}},{""name"":""Fresh public #3730/#3731 issue snapshot"",""identity"":{""snapshot_sha256"":""475f8399e00175303693dc2d0cb3a40a72d24b8a761e53a16ef731ad22e865b8"",""source"":""public GitHub REST issue and comments endpoints""}}]"
R102,incidental_or_citation,No pinned-software conclusion requiring a newer-version rerun,#3730/#3731 coverage audit v59: thirty-two Lean RPC references,"The 32-reference release and keep-alive experiment adds a bounded many-reference functional cell to the published v58 ledger. Only I044 receives an appended residual. C08 gains handle-lifetime context with its residual unchanged. All 333 row IDs, 159 investigations, 174 #3730 suggestions, 345 destination links, and row order are preserved. Every status, gate, and next prerequisite remains unchanged.",Published #3730/#3731 v58 coverage ledger; Lean direct 32-reference RPC observation; Fresh public #3730/#3731 issue snapshot,False,"Main conclusion is an audit, general model, history, standard, or contextual evidence; software versions identify provenance only.",No newer-version comparison for the main conclusion.,reports/anneal-3730-3731-final-coverage-audit-2026-09-30-v59/REPORT.json,reports/anneal-3730-3731-final-coverage-audit-2026-09-30-v59/REPORT.md,"[{""name"":""Published #3730/#3731 v58 coverage ledger"",""identity"":{""reference_commit"":""e24b726c9f84d54957c034ac856e8dad83ea6a96"",""package"":""anneal-3730-3731-final-coverage-audit-2026-09-30-v58""}},{""name"":""Lean direct 32-reference RPC observation"",""identity"":{""source_package"":""anneal-3731-i044-many-ref-retention-release-2026-09-30"",""lean_sha256"":""b48bc5ab229bd8b320a224b87e20fc428dba6fa8a1c054bd4fa6def846e19997"",""results_sha256"":""c7cec93268a3a84cda698d9f71b2ca093f554dcf9dd6c3e08e59d070e9516363"",""oracle_prelaunch_sha256"":""aada7e10b95d362927047ce76285a9f68a989668608bd8954de3f5abb830c667""}},{""name"":""Fresh public #3730/#3731 issue snapshot"",""identity"":{""snapshot_sha256"":""6d273e275fadcbcbdbcc7d08711fe6fcbb7d7d32fa8dad058df531e68dd83b32"",""source"":""public GitHub REST issue and comments endpoints""}}]"
R103,incidental_or_citation,No pinned-software conclusion requiring a newer-version rerun,#3730/#3731 coverage audit v60: stepwise Lean document versions,"The stepwise direct Lean LSP experiment adds intermediate diagnostic and goal observations to the published v59 ledger. Only I112 receives an appended residual. The #3730 crosswalk has no suggestion mapped to I112, so no suggestion row receives context or a changed residual. All 333 row IDs, 159 investigations, 174 #3730 suggestions, 345 destination links, and row order are preserved. Every status, gate, and next prerequisite remains unchanged.",Published #3730/#3731 v59 coverage ledger; Lean direct stepwise document-version observation; Fresh public #3730/#3731 issue snapshot,False,"Main conclusion is an audit, general model, history, standard, or contextual evidence; software versions identify provenance only.",No newer-version comparison for the main conclusion.,reports/anneal-3730-3731-final-coverage-audit-2026-09-30-v60/REPORT.json,reports/anneal-3730-3731-final-coverage-audit-2026-09-30-v60/REPORT.md,"[{""name"":""Published #3730/#3731 v59 coverage ledger"",""identity"":{""reference_commit"":""2cec790eeec883e83ac66dcfa021c51ad65ad4f1"",""package"":""anneal-3730-3731-final-coverage-audit-2026-09-30-v59""}},{""name"":""Lean direct stepwise document-version observation"",""identity"":{""source_package"":""anneal-3731-i112-stepwise-lsp-versions-2026-09-30"",""lean_sha256"":""b48bc5ab229bd8b320a224b87e20fc428dba6fa8a1c054bd4fa6def846e19997"",""results_sha256"":""78ea3cc14a7675d866d2af0da242a4f32093f6f2c453c8c3f9e7750826e062f9"",""oracle_prelaunch_sha256"":""bc5b7a0af6afffc603de296ce562154e50f4bffb6de9ec5951bb8caa082eb5be""}},{""name"":""Fresh public #3730/#3731 issue snapshot"",""identity"":{""snapshot_sha256"":""9ce4ddf0d96e30205d256b94b4407039b5dead14f9cc0296fa5b3c7fa406e28e"",""source"":""public GitHub REST issue and comments endpoints""}}]"
R104,incidental_or_citation,No pinned-software conclusion requiring a newer-version rerun,#3730/#3731 coverage audit v61: Lake package-version-only cell,"This audit inherits all 333 rows, including 159 consolidated investigations and 174 #3730 suggestions, from published v60 at 97677918e2120591c57486a353ee1b75e2f0bd6f. A fresh public GitHub REST read found #3730 closed and #3731 open, with bodies, comments, and update timestamps unchanged from v60. The exact snapshot is support/live-issue-snapshot-v61.json.",Published #3730/#3731 v60 coverage ledger; Lake producer package-version-only identity observation; Fresh public #3730/#3731 issue snapshot,False,"Main conclusion is an audit, general model, history, standard, or contextual evidence; software versions identify provenance only.",No newer-version comparison for the main conclusion.,reports/anneal-3730-3731-final-coverage-audit-2026-09-30-v61/REPORT.json,reports/anneal-3730-3731-final-coverage-audit-2026-09-30-v61/REPORT.md,"[{""name"":""Published #3730/#3731 v60 coverage ledger"",""identity"":{""reference_commit"":""97677918e2120591c57486a353ee1b75e2f0bd6f"",""package"":""anneal-3730-3731-final-coverage-audit-2026-09-30-v60""}},{""name"":""Lake producer package-version-only identity observation"",""identity"":{""source_package"":""anneal-3731-i090-lake-version-only-identity-2026-09-30"",""lake_sha256"":""9a89b2af1bddb7e6d5a8dbb2c715288bcb4f24b9129132640cee950734366bcb"",""results_sha256"":""cd7584e45ac2985a604f8bbb7329c3b373f08e7106e90cdcbf97ade28d15cfba"",""oracle_sha256"":""3a21cf2380212bda121d64a236301b6f219a4530b1ed47f08ea63415c1904afc""}},{""name"":""Fresh public #3730/#3731 issue snapshot"",""identity"":{""snapshot_sha256"":""60eba5b7544f67302871de7cfc3a3aea53092748bf7b132c65ee9e019a8fa38a"",""source"":""public GitHub REST issue and comments endpoints""}}]"
R105,incidental_or_citation,No pinned-software conclusion requiring a newer-version rerun,#3730/#3731 coverage audit v62: package-local OLean interruption,"This audit inherits all 333 rows, including 159 consolidated investigations and 174 #3730 suggestions, from published v61 at 60ac83369bb7355bd6c729bc2b7256e479489987. A fresh public GitHub REST read found #3730 closed and #3731 open, with bodies, comments, and update timestamps unchanged from v61. The exact snapshot is support/live-issue-snapshot-v62.json.",Published #3730/#3731 v61 coverage ledger; Lake package-local interrupted OLean observation; Fresh public #3730/#3731 issue snapshot,False,"Main conclusion is an audit, general model, history, standard, or contextual evidence; software versions identify provenance only.",No newer-version comparison for the main conclusion.,reports/anneal-3730-3731-final-coverage-audit-2026-09-30-v62/REPORT.json,reports/anneal-3730-3731-final-coverage-audit-2026-09-30-v62/REPORT.md,"[{""name"":""Published #3730/#3731 v61 coverage ledger"",""identity"":{""reference_commit"":""60ac83369bb7355bd6c729bc2b7256e479489987"",""package"":""anneal-3730-3731-final-coverage-audit-2026-09-30-v61""}},{""name"":""Lake package-local interrupted OLean observation"",""identity"":{""source_package"":""anneal-3731-i151-package-local-interrupted-olean-2026-09-30"",""lake_sha256"":""9a89b2af1bddb7e6d5a8dbb2c715288bcb4f24b9129132640cee950734366bcb"",""results_sha256"":""50701ff9bcbdad74a8097e2d3a330e1a30d32dece848e9227e40271b6c15a05d"",""checker_sha256"":""03dc2a855a31aa2e7af67162df069c59a75c1c9929d97308c732c3cbd335f16a""}},{""name"":""Fresh public #3730/#3731 issue snapshot"",""identity"":{""snapshot_sha256"":""d5d962f78229165289a303f28218b4ba6b7ca209a6028edb2818c20ad7332381"",""source"":""public GitHub REST issue and comments endpoints""}}]"
R106,incidental_or_citation,No pinned-software conclusion requiring a newer-version rerun,#3730/#3731 coverage audit v63: malformed consumer manifest,"This audit inherits all 333 rows, including 159 consolidated investigations and 174 #3730 suggestions, from published v62 at 249263d6b8c2aed57a3d2757947458e636f126c0. A fresh public GitHub REST read found #3730 closed and #3731 open; issue bodies, comments, and update timestamps were unchanged from v62. The exact snapshot is live-issue-snapshot-v63.json.",Published #3730/#3731 v62 coverage ledger; Lake malformed consumer manifest observation; Fresh public #3730/#3731 issue snapshot,False,"Main conclusion is an audit, general model, history, standard, or contextual evidence; software versions identify provenance only.",No newer-version comparison for the main conclusion.,reports/anneal-3730-3731-final-coverage-audit-2026-09-30-v63/REPORT.json,reports/anneal-3730-3731-final-coverage-audit-2026-09-30-v63/REPORT.md,"[{""name"":""Published #3730/#3731 v62 coverage ledger"",""identity"":{""reference_commit"":""249263d6b8c2aed57a3d2757947458e636f126c0"",""package"":""anneal-3730-3731-final-coverage-audit-2026-09-30-v62""}},{""name"":""Lake malformed consumer manifest observation"",""identity"":{""source_package"":""anneal-3731-i092-malformed-manifest-preflight-2026-09-30"",""lake_sha256"":""9a89b2af1bddb7e6d5a8dbb2c715288bcb4f24b9129132640cee950734366bcb"",""results_sha256"":""d4c3000b980f44c43bb15440866c043bc10c0f8e0bb04b9cbfeef1312d6b46b0"",""checker_sha256"":""38db394b53074984c7beeb424450f6b792b62b0c6c494c4182581da1348e3daa""}},{""name"":""Fresh public #3730/#3731 issue snapshot"",""identity"":{""snapshot_sha256"":""8d64b5db89c6cdff55857fa1f661587cb3119b0fcb58f68da1c5dbef83ccf1b1"",""source"":""public GitHub REST issue and comments endpoints""}}]"
R107,incidental_or_citation,No pinned-software conclusion requiring a newer-version rerun,#3730/#3731 coverage audit v64: staggered Charon shared-path readers,"This audit inherits all 333 rows, including 159 consolidated investigations and 174 #3730 suggestions, from published v63 at 6318115869e612a771ffceb26f10d7bd3a15f257. A fresh public GitHub REST read found #3730 closed and #3731 open, with issue bodies, comments, and update timestamps unchanged from v63. The exact snapshot is live-issue-snapshot-v64.json.",Published #3730/#3731 v63 coverage ledger; Charon staggered shared-destination reader observation; Fresh public #3730/#3731 issue snapshot,False,"Main conclusion is an audit, general model, history, standard, or contextual evidence; software versions identify provenance only.",No newer-version comparison for the main conclusion.,reports/anneal-3730-3731-final-coverage-audit-2026-09-30-v64/REPORT.json,reports/anneal-3730-3731-final-coverage-audit-2026-09-30-v64/REPORT.md,"[{""name"":""Published #3730/#3731 v63 coverage ledger"",""identity"":{""reference_commit"":""6318115869e612a771ffceb26f10d7bd3a15f257"",""package"":""anneal-3730-3731-final-coverage-audit-2026-09-30-v63""}},{""name"":""Charon staggered shared-destination reader observation"",""identity"":{""source_package"":""anneal-3731-i076-live-reader-shared-destination-2026-09-30"",""charon_sha256"":""51bb6d23beab3f97a684c25162d3e402fc820c891b57b21d2ca781c1da211a8b"",""results_sha256"":""86a764a35dd78f9bd63f98c810cec2ba688f0bd3b89bcf567f85cf7850b71340"",""checker_sha256"":""a05e8b06320e677f2ef3bcacb617257855d6f58b8e12f74d17ab035d05684202""}},{""name"":""Fresh public #3730/#3731 issue snapshot"",""identity"":{""snapshot_sha256"":""f664b72ace3d135be170f2f1f6f91ab22fb9703464c3a98e2e49184b6f328401"",""source"":""public GitHub REST issue and comments endpoints""}}]"
R108,incidental_or_citation,No pinned-software conclusion requiring a newer-version rerun,#3730/#3731 coverage audit v65: preseeded valid Lake server goal,"This audit inherits all 333 rows, including 159 consolidated investigations and 174 #3730 suggestions, from published v64 at 4288c5b97a3dd398c77fe6c9f18e7de3000b1c63; the current reference parent is e2692485db6b8417bf415c83223cfc5a99e73e4f and also contains #3732 reports. A fresh public GitHub REST read found #3730 closed and #3731 open, with issue bodies, comments, and update timestamps unchanged from v64. The exact snapshot is live-issue-snapshot-v65.json.",Current reference parent containing the published v64 ledger and #3732 reports; Preseeded valid Lake server goal observation; Fresh public #3730/#3731 issue snapshot,False,"Main conclusion is an audit, general model, history, standard, or contextual evidence; software versions identify provenance only.",No newer-version comparison for the main conclusion.,reports/anneal-3730-3731-final-coverage-audit-2026-09-30-v65/REPORT.json,reports/anneal-3730-3731-final-coverage-audit-2026-09-30-v65/REPORT.md,"[{""name"":""Current reference parent containing the published v64 ledger and #3732 reports"",""identity"":{""reference_commit"":""e2692485db6b8417bf415c83223cfc5a99e73e4f"",""v64_published_commit"":""4288c5b97a3dd398c77fe6c9f18e7de3000b1c63"",""package"":""anneal-3730-3731-final-coverage-audit-2026-09-30-v64""}},{""name"":""Preseeded valid Lake server goal observation"",""identity"":{""source_package"":""anneal-3731-i092-preseeded-valid-server-goal-2026-09-30"",""lake_sha256"":""9a89b2af1bddb7e6d5a8dbb2c715288bcb4f24b9129132640cee950734366bcb"",""results_sha256"":""8afec7f0e6e0ebcaedb9d690711c6d06dad65f81252caa6556ea85f91da417a4"",""checker_sha256"":""19293c035edffe9db7d8966e663649c05b2f24978849861dcc0bde590dde7a4f""}},{""name"":""Fresh public #3730/#3731 issue snapshot"",""identity"":{""snapshot_sha256"":""2ee70de6c25dab244b5a9f4e113f797b2d0aedb53a17d293738ab23e3061293d"",""source"":""public GitHub REST issue and comments endpoints""}}]"
R109,incidental_or_citation,No pinned-software conclusion requiring a newer-version rerun,#3730/#3731 coverage audit v66: preseeded manifest server readiness,This audit inherits all 333 rows from the published v65 ledger at current reference parent 57155f6541e478f201ae47d8a27da2f3d448df5e. The new I092 three-manifest server report adds a valid live-goal control and two invalid-manifest didOpen controls. The invalid cells produced Lake setup diagnostics and null goals after bounded waits but did not reach final processing-empty quiescence. I092 receives one direct appended residual; F07 and F08 receive bounded context while their r,Reference parent containing published v65 ledger; Three-manifest preseeded Lake server observation; Inherited public #3730/#3731 issue snapshot from v65,False,Ledger/audit conclusion inherits source report; version behavior belongs to the I092 source package.,No newer-version comparison for the main conclusion.,reports/anneal-3730-3731-final-coverage-audit-2026-09-30-v66/REPORT.json,reports/anneal-3730-3731-final-coverage-audit-2026-09-30-v66/REPORT.md,"[{""name"":""Reference parent containing published v65 ledger"",""identity"":{""reference_commit"":""57155f6541e478f201ae47d8a27da2f3d448df5e"",""package"":""anneal-3730-3731-final-coverage-audit-2026-09-30-v65""}},{""name"":""Three-manifest preseeded Lake server observation"",""identity"":{""source_package"":""anneal-3731-i092-preseeded-manifest-server-readiness-2026-09-30"",""lake_sha256"":""9a89b2af1bddb7e6d5a8dbb2c715288bcb4f24b9129132640cee950734366bcb"",""results_sha256"":""73bcd2c942ec5a9306fab22a77ceecbb2dbdc43d40516e9b4999a6593f0dd158"",""checker_sha256"":""6f2649cf46d72b079bb0f35a4772935a7eb52644d94cb36af506c1fc25f0d7ad""}},{""name"":""Inherited public #3730/#3731 issue snapshot from v65"",""identity"":{""snapshot_sha256"":""2ee70de6c25dab244b5a9f4e113f797b2d0aedb53a17d293738ab23e3061293d"",""source"":""public GitHub REST issue and comments endpoints""}}]"
R110,incidental_or_citation,No pinned-software conclusion requiring a newer-version rerun,Interim gap audit for Anneal issues #3730 and #3731,"The issue backlog contains 159 consolidated investigations and a 174-suggestion crosswalk. At the completed-package snapshot 2026-09-29T07:20:04Z, all 159 IDs and all 174 suggestions have a row in the preserved ledgers. The 21 newly completed #3730 report packages and 42 older relevant corpus packages provide evidence across the agenda, but no investigation is certified complete against its full requested scope by this audit. The explicit per-ID remaining conditions are in su",google/zerocopy issue #3730; google/zerocopy issue #3731,False,"Main conclusion is an audit, general model, history, standard, or contextual evidence; software versions identify provenance only.",No newer-version comparison for the main conclusion.,reports/anneal-3730-3731-gap-audit-interim-2026-09-29/REPORT.json,reports/anneal-3730-3731-gap-audit-interim-2026-09-29/REPORT.md,"[{""name"":""google/zerocopy issue #3730"",""identity"":{""repository"":""google/zerocopy"",""issue"":""3730"",""body_sha256"":""81bdc705843328085400eb3816ccd473266a95723cfcdba94c753bc22617e6f0"",""closure_comment_sha256"":""7544fde70a98d0fdc6ffa14a7bb08827e1b40ad7b8f8eb4263a0f67d0491531e""}},{""name"":""google/zerocopy issue #3731"",""identity"":{""repository"":""google/zerocopy"",""issue"":""3731"",""body_sha256"":""603eb92dc737e34912eff048b9901306239ebba8e77b8a3a2acc6371bcc9227f"",""scope_extension_comment_sha256"":""2451c7f38f864676a5aa23b16d4eb25ba18f768318829fd68715f9b384c1f533""}}]"
R111,incidental_or_citation,No pinned-software conclusion requiring a newer-version rerun,Independent review of the #3730/#3731 v22 coverage audit,"The dated v22 ledger is structurally reproducible: the frozen issue contains exactly 159 investigation headings and 174 suggestion headings; all 159 investigation titles, all 174 crosswalk titles, and all 345 suggestion-to-investigation links match the ledger. The 333 IDs are unique, 175 distinct cumulatively cited report packages exist, and v22's checker passes. Its 62 current-source mappings and nine residual rewrites are deterministic v21 carry-forwards; they do not promot",#3730/#3731 v22 coverage audit,False,"Main conclusion is an audit, general model, history, standard, or contextual evidence; software versions identify provenance only.",No newer-version comparison for the main conclusion.,reports/anneal-3730-3731-v22-independent-rereview-2026-09-29/REPORT.json,reports/anneal-3730-3731-v22-independent-rereview-2026-09-29/REPORT.md,"[{""name"":""#3730/#3731 v22 coverage audit"",""identity"":{""repository"":""google/zerocopy"",""reference_revision"":""75fa78c1b623ab8db9d9acb4f31ec7958bfb9110"",""reviewed_package"":""anneal-3730-3731-final-coverage-audit-2026-09-29-v22"",""review_manifest"":""support/review.json""}}]"
R112,newer_version_recheck,June 2026 Rust→Charon→Aeneas→Lean 4.30.0-rc2 bundle,Acceptance oracle matrix and its untested boundaries,"Seven disposable Lean fixtures separate proof-source compilation, a fixed expected-proposition consumer, imported-model identity, obligation presence, and reported axiom dependencies. A fresh process re-elaborated exact captured proof bytes with an identical imported .olean; a direct Lean server first showed an unsaved open goal and then no goals for the repaired bytes. A separately gated fresh consumer was killed after elaboration began: its status remained interrupted/unkno",Lean 4 compiler and language server; synthetic acceptance/comparator fixture,False,Empirical or source-backed behavior depends on the named toolchain pin.,Aeneas nightly-2026.09.30-0855ce1 with its paired Charon e435e5f and Lean 4.31.0; separate standalone Charon comparison.,reports/anneal-3730-acceptance-oracle-matrix-2026-09-29/REPORT.json,reports/anneal-3730-acceptance-oracle-matrix-2026-09-29/REPORT.md,"[{""name"":""Lean 4 compiler and language server"",""identity"":{""repository"":""leanprover/lean4"",""revision"":""3dc1a088b6d2d8eafe25a7cd7ec7b58d731bd7cc"",""version"":""v4.30.0-rc2"",""binary_sha256"":""b48bc5ab229bd8b320a224b87e20fc428dba6fa8a1c054bd4fa6def846e19997""}},{""name"":""synthetic acceptance/comparator fixture"",""identity"":{""file"":""support/probe.py"",""sha256"":""74b6ef237386a50b811733ddaae1168509767f36196ff88b8180d281ee47684d""}}]"
R113,newer_version_recheck,June 2026 Rust→Charon→Aeneas→Lean 4.30.0-rc2 bundle,I086: serialized files and byte-buffer handoff around one-shot Aeneas,"Observed 2026-09-29 with pinned Charon, Aeneas and Lean 4.30.0-rc2 CLIs. A tiny Rust inc source produced a 6,851-byte LLBC file. The file path passed that LLBC directly to Aeneas; the buffer path read its exact bytes into Python, forced a copy, materialized a second source.llbc, then called the same one-shot Aeneas CLI. Both runs exited 0, generated three byte-identical Lean files, and fresh file-based Lean module builds plus proof consumers passed. The LLBC digest, output di",Pinned Charon CLI; Pinned Aeneas CLI; Lean v4.30.0-rc2,False,Empirical or source-backed behavior depends on the named toolchain pin.,Aeneas nightly-2026.09.30-0855ce1 with its paired Charon e435e5f and Lean 4.31.0; separate standalone Charon comparison.,reports/anneal-3730-aeneas-handoff-memory-vs-files-2026-09-29/REPORT.json,reports/anneal-3730-aeneas-handoff-memory-vs-files-2026-09-29/REPORT.md,"[{""name"":""Pinned Charon CLI"",""identity"":{""executable_sha256"":""51bb6d23beab3f97a684c25162d3e402fc820c891b57b21d2ca781c1da211a8b""}},{""name"":""Pinned Aeneas CLI"",""identity"":{""executable_sha256"":""f476001e1a8e8c5cb1d8a621a25716d8e15f0809c8a023c5349357acc0911d03""}},{""name"":""Lean v4.30.0-rc2"",""identity"":{""version"":""v4.30.0-rc2"",""executable_sha256"":""b48bc5ab229bd8b320a224b87e20fc428dba6fa8a1c054bd4fa6def846e19997""}}]"
R114,newer_version_recheck,June 2026 Rust→Charon→Aeneas→Lean 4.30.0-rc2 bundle,"Pinned Aeneas CLI identity, output manifest, and invalidation probe","A seven-input, nine-option-control CLI matrix shows that exact Aeneas output ownership requires more than an LLBC filename or a Rust item text comparison. At the pinned Aeneas nightly, changing one Rust function, type shape, trait implementation, or one member of a recursive group changed the whole Funs.lean byte artifact. Namespace, split layout, and heartbeat flags changed output bytes; clearing LLBC shortnames did not; a forged Charon schema version was rejected. A complet",Pinned Charon extraction executable; Pinned Aeneas translation executable and runtime library; Aeneas CLI identity and output-manifest probe,False,Empirical or source-backed behavior depends on the named toolchain pin.,Aeneas nightly-2026.09.30-0855ce1 with its paired Charon e435e5f and Lean 4.31.0; separate standalone Charon comparison.,reports/anneal-3730-aeneas-identity-manifest-2026-09-29/REPORT.json,reports/anneal-3730-aeneas-identity-manifest-2026-09-29/REPORT.md,"[{""name"":""Pinned Charon extraction executable"",""identity"":{""artifact"":""local macOS arm64 charon executable"",""sha256"":""51bb6d23beab3f97a684c25162d3e402fc820c891b57b21d2ca781c1da211a8b"",""version"":""0.1.210""}},{""name"":""Pinned Aeneas translation executable and runtime library"",""identity"":{""artifact"":""local macOS arm64 aeneas nightly-2026.06.03"",""sha256"":""f476001e1a8e8c5cb1d8a621a25716d8e15f0809c8a023c5349357acc0911d03"",""libgmp_sha256"":""1b0ae61990da7a4661f2c8c601f55f6c9950279bbfef12453dd5bb0c01e4b0df""}},{""name"":""Aeneas CLI identity and output-manifest probe"",""identity"":{""artifact"":""support/probe.py"",""sha256"":""e561d0eaba807dcc9c23d2df1f084e7b8f6cb97aec88f09ffe0d13deea18426e""}}]"
R115,newer_version_recheck,June 2026 Rust→Charon→Aeneas→Lean 4.30.0-rc2 bundle,Aeneas declaration manifest and fresh Lean batch oracle on an independent Rust fixture,"On one new three-function Rust crate, pinned Charon and one-shot Aeneas generated Lean modules that the cached Lean 4.30.0-rc2 batch checker accepted. Changing only the body of inc from wrapping +1 to wrapping +2 changed the generated Funs.lean and the checked Lean results: inc 0/twice 0 evaluated to 1/2 before and 2/4 after. Each matching theorem compiled, and each deliberately wrong result theorem failed with an rfl error. A forged LLBC charonversion marker was rejected by ",pinned local Charon executable; pinned local Aeneas executable; Lean 4 batch checker and prebuilt Aeneas Lean environment; independent Rust-to-Aeneas batch oracle probe,False,Empirical or source-backed behavior depends on the named toolchain pin.,Aeneas nightly-2026.09.30-0855ce1 with its paired Charon e435e5f and Lean 4.31.0; separate standalone Charon comparison.,reports/anneal-3730-aeneas-manifest-batch-oracle-2026-09-29/REPORT.json,reports/anneal-3730-aeneas-manifest-batch-oracle-2026-09-29/REPORT.md,"[{""name"":""pinned local Charon executable"",""identity"":{""artifact"":""macOS arm64 charon 0.1.210 executable"",""sha256"":""51bb6d23beab3f97a684c25162d3e402fc820c891b57b21d2ca781c1da211a8b""}},{""name"":""pinned local Aeneas executable"",""identity"":{""artifact"":""macOS arm64 aeneas nightly-2026.06.03 executable"",""sha256"":""f476001e1a8e8c5cb1d8a621a25716d8e15f0809c8a023c5349357acc0911d03""}},{""name"":""Lean 4 batch checker and prebuilt Aeneas Lean environment"",""identity"":{""repository"":""leanprover/lean4"",""revision"":""3dc1a088b6d2d8eafe25a7cd7ec7b58d731bd7cc"",""version"":""v4.30.0-rc2"",""lean_binary_sha256"":""b48bc5ab229bd8b320a224b87e20fc428dba6fa8a1c054bd4fa6def846e19997"",""aeneas_olean_sha256"":""67701a9e8bf68cf0d51a01a4cb5648e2981c08d09402c4c4ac7bb8452d6263cb""}},{""name"":""independent Rust-to-Aeneas batch oracle probe"",""identity"":{""file"":""support/probe.py"",""sha256"":""2ff31ce81b1a85295b34c3f9aaf80e2e9f36379b4a7da4d266030e34ccd8bb56""}}]"
R116,newer_version_recheck,June 2026 Rust→Charon→Aeneas→Lean 4.30.0-rc2 bundle,Pinned Aeneas namespace move and Lean proof context,"A Rust helper moved from core::usestep to moved::core::usestep while its body and the caller's behavior stayed the same. At the pinned Charon/Aeneas tools, the generated Lean helper changed from moveprobe.core.usestep to moveprobe.moved.core.usestep; moveprobe.caller retained its name. Fresh Lean compilation and rfl proofs for the caller and each generation's helper passed. A fresh consumer of the moved generation rejected the old helper name as an unknown identifier. This is","Pinned local Charon, Aeneas, and Lean CLIs; Rust module-move fixture",False,Empirical or source-backed behavior depends on the named toolchain pin.,Aeneas nightly-2026.09.30-0855ce1 with its paired Charon e435e5f and Lean 4.31.0; separate standalone Charon comparison.,reports/anneal-3730-aeneas-namespace-move-proof-context-2026-09-29/REPORT.json,reports/anneal-3730-aeneas-namespace-move-proof-context-2026-09-29/REPORT.md,"[{""name"":""Pinned local Charon, Aeneas, and Lean CLIs"",""identity"":{""sha256_file"":""support/raw-results.json#tool_sha256""}},{""name"":""Rust module-move fixture"",""identity"":{""source_files"":""support/work/base/fixture.rs;support/work/moved/fixture.rs""}}]"
R117,newer_version_recheck,June 2026 Rust→Charon→Aeneas→Lean 4.30.0-rc2 bundle,Aeneas process reuse API and output ownership at a pinned release,"The selected Aeneas source exposes translation functions through a public Dune library, but the local release installation has only the CLI executable. This host has no OCaml/Dune toolchain or compiled Aeneas library objects, so same-process sequential and concurrent request reuse was not run. Source-level mutable configuration and error accumulators make reset and isolation an explicit adapter design question; they are not a measured same-process failure.",Aeneas nightly-2026.06.03 local release executable; Aeneas source API checkout; Aeneas process contract probe,False,Empirical or source-backed behavior depends on the named toolchain pin.,Aeneas nightly-2026.09.30-0855ce1 with its paired Charon e435e5f and Lean 4.31.0; separate standalone Charon comparison.,reports/anneal-3730-aeneas-process-contract-2026-09-29/REPORT.json,reports/anneal-3730-aeneas-process-contract-2026-09-29/REPORT.md,"[{""name"":""Aeneas nightly-2026.06.03 local release executable"",""identity"":{""artifact"":""local macOS arm64 aeneas executable"",""sha256"":""f476001e1a8e8c5cb1d8a621a25716d8e15f0809c8a023c5349357acc0911d03"",""release_label"":""nightly-2026.06.03""}},{""name"":""Aeneas source API checkout"",""identity"":{""repository"":""AeneasVerif/aeneas"",""revision"":""ac9f1bc5262a5e4ff1e24ca78617121382202727""}},{""name"":""Aeneas process contract probe"",""identity"":{""artifact"":""support/probe.py"",""sha256"":""ea9924ef981f0534bed75d57b0f82ddb23c754b2ddd0fed381c443b5848cbab0""}}]"
R118,newer_version_recheck,June 2026 Rust→Charon→Aeneas→Lean 4.30.0-rc2 bundle,Restricted generated-module reuse after Aeneas trait changes,"In a tiny pinned Rust→Charon→Aeneas→Lean fixture, changing a trait implementation body left generated Types.lean byte-identical while changing Funs.lean; changing the trait method signature changed both. An oracle-guided prototype reused the old compiled Types.olean only for the body edit, recompiled affected imports, and passed the same fresh Lean proof as full regeneration. Reusing stale Funs.olean after the body edit made the updated proof fail; reusing stale Types.olean a",Pinned local Charon CLI; Pinned local Aeneas CLI; Lean 4.30.0-rc2 and cached Aeneas Lean runtime; Local three-variant Rust trait fixture,False,Empirical or source-backed behavior depends on the named toolchain pin.,Aeneas nightly-2026.09.30-0855ce1 with its paired Charon e435e5f and Lean 4.31.0; separate standalone Charon comparison.,reports/anneal-3730-aeneas-restricted-reuse-2026-09-29/REPORT.json,reports/anneal-3730-aeneas-restricted-reuse-2026-09-29/REPORT.md,"[{""name"":""Pinned local Charon CLI"",""identity"":{""version"":""0.1.210"",""sha256"":""51bb6d23beab3f97a684c25162d3e402fc820c891b57b21d2ca781c1da211a8b""}},{""name"":""Pinned local Aeneas CLI"",""identity"":{""release"":""nightly-2026.06.03"",""sha256"":""f476001e1a8e8c5cb1d8a621a25716d8e15f0809c8a023c5349357acc0911d03""}},{""name"":""Lean 4.30.0-rc2 and cached Aeneas Lean runtime"",""identity"":{""repository"":""leanprover/lean4"",""revision"":""3dc1a088b6d2d8eafe25a7cd7ec7b58d731bd7cc"",""lean_sha256"":""b48bc5ab229bd8b320a224b87e20fc428dba6fa8a1c054bd4fa6def846e19997"",""aeneas_olean_sha256"":""67701a9e8bf68cf0d51a01a4cb5648e2981c08d09402c4c4ac7bb8452d6263cb""}},{""name"":""Local three-variant Rust trait fixture"",""identity"":{""artifact"":""support/source-base.rs"",""sha256"":""ed29b097aacbf211949aab72a03c28fbd7aab19bf8cebf18a1100f42a72ef773""}}]"
R119,newer_version_recheck,June 2026 Rust→Charon→Aeneas→Lean 4.30.0-rc2 bundle,"Pinned one-shot Aeneas trait, external, shrink, reorder, and error matrix","At the selected Charon/Aeneas CLI pins, a small Rust trait and external function produced four split Lean files. Reordering unchanged Rust declarations changed generated bytes and ranges while fresh Lean consumers still checked the selected trait caller. Removing the external call and an old function reduced the clean output set to three files and made their names unavailable to a fresh consumer; regenerating into a reused directory retained the old external template. A trans",pinned local Charon extraction executable; pinned local Aeneas translation executable; Lean 4 fresh batch consumer and Aeneas runtime,False,Empirical or source-backed behavior depends on the named toolchain pin.,Aeneas nightly-2026.09.30-0855ce1 with its paired Charon e435e5f and Lean 4.31.0; separate standalone Charon comparison.,reports/anneal-3730-aeneas-trait-output-shrink-matrix-2026-09-29/REPORT.json,reports/anneal-3730-aeneas-trait-output-shrink-matrix-2026-09-29/REPORT.md,"[{""name"":""pinned local Charon extraction executable"",""identity"":{""artifact"":""macOS arm64 charon 0.1.210 executable"",""sha256"":""51bb6d23beab3f97a684c25162d3e402fc820c891b57b21d2ca781c1da211a8b""}},{""name"":""pinned local Aeneas translation executable"",""identity"":{""artifact"":""macOS arm64 aeneas nightly-2026.06.03 executable"",""sha256"":""f476001e1a8e8c5cb1d8a621a25716d8e15f0809c8a023c5349357acc0911d03""}},{""name"":""Lean 4 fresh batch consumer and Aeneas runtime"",""identity"":{""repository"":""leanprover/lean4"",""revision"":""3dc1a088b6d2d8eafe25a7cd7ec7b58d731bd7cc"",""version"":""v4.30.0-rc2"",""lean_binary_sha256"":""b48bc5ab229bd8b320a224b87e20fc428dba6fa8a1c054bd4fa6def846e19997"",""aeneas_olean_sha256"":""67701a9e8bf68cf0d51a01a4cb5648e2981c08d09402c4c4ac7bb8452d6263cb""}}]"
R120,newer_version_recheck,June 2026 Rust→Charon→Aeneas→Lean 4.30.0-rc2 bundle,One agent repair comparison: exact Lean goal versus batch diagnostics,"One Codex agent, identified for this task as GPT-6 Sol with high reasoning, repaired the same disposable Lean theorem twice: once after a versioned lean --server goal/context query, and once from fresh lean --json diagnostics. Both arms preserved the intended theorem, rejected one injected stale edit, and ended with the fixed consumer passing and #print axioms claim reporting no axioms. The first candidate in both arms compiled and satisfied the consumer but depended on prope",Lean 4; disposable proof workflow evaluator,False,Empirical or source-backed behavior depends on the named toolchain pin.,Aeneas nightly-2026.09.30-0855ce1 with its paired Charon e435e5f and Lean 4.31.0; separate standalone Charon comparison.,reports/anneal-3730-agent-workflow-evaluation-v4-30-0-rc2/REPORT.json,reports/anneal-3730-agent-workflow-evaluation-v4-30-0-rc2/REPORT.md,"[{""name"":""Lean 4"",""identity"":{""repository"":""leanprover/lean4"",""revision"":""3dc1a088b6d2d8eafe25a7cd7ec7b58d731bd7cc"",""version"":""v4.30.0-rc2"",""binary_sha256"":""b48bc5ab229bd8b320a224b87e20fc428dba6fa8a1c054bd4fa6def846e19997""}},{""name"":""disposable proof workflow evaluator"",""identity"":{""artifact"":""support/experiment.py"",""sha256"":""6b12b9c25d512c68e1cf16dd97032c2942e418f9f42cda594bc4d6a04c0d94bc""}}]"
R121,newer_version_recheck,June 2026 Rust→Charon→Aeneas→Lean 4.30.0-rc2 bundle,"Incomplete annotations, authored text, and multi-edit boundaries in a controlled fixture","A small invented Rust-comment annotation fixture separates discovery from semantic attachment. Its scanner still located a complete annotation while the containing Rust source failed to compile, but it withheld projection after an unfinished closing marker or a malformed payload line. Regeneration from an unsaved source buffer retained exact authored proof spacing through a Rust-body change. A two-edit action was accepted only when both edits mapped to authored payload ranges",Controlled Rust-hosted annotation and edit-action fixture; Lean 4; Rust compiler,False,Empirical or source-backed behavior depends on the named toolchain pin.,Aeneas nightly-2026.09.30-0855ce1 with its paired Charon e435e5f and Lean 4.31.0; separate standalone Charon comparison.,reports/anneal-3730-annotation-gap-probes-2026-09-29/REPORT.json,reports/anneal-3730-annotation-gap-probes-2026-09-29/REPORT.md,"[{""name"":""Controlled Rust-hosted annotation and edit-action fixture"",""identity"":{""artifact"":""support/probe.py"",""sha256"":""c80616ee85dcb6437eff17c18e1cf1a03b6f3037c61238ea7f47d1e5c5ee8b7b""}},{""name"":""Lean 4"",""identity"":{""repository"":""leanprover/lean4"",""revision"":""3dc1a088b6d2d8eafe25a7cd7ec7b58d731bd7cc"",""version"":""v4.30.0-rc2"",""sha256"":""b48bc5ab229bd8b320a224b87e20fc428dba6fa8a1c054bd4fa6def846e19997""}},{""name"":""Rust compiler"",""identity"":{""version"":""1.98.1"",""commit"":""48a229cea"",""sha256"":""2814fb55fb9cfb3eef5848a8104d77e3de7fd95394661144a12ee90cd4405340""}}]"
R122,newer_version_recheck,June 2026 Rust→Charon→Aeneas→Lean 4.30.0-rc2 bundle,Annotation discovery and compiler-subject boundary matrix,"A tiny Rust crate with five invented //% comment annotations, a shared Lean helper, namespaced claims, a build script, and an includestr! macro was run through actual rustc, Cargo, pinned Charon, and Lean. A deliberately small line-marker locator continued to discover complete annotation text when Rust parsing failed, but Charon could not produce a compiler-backed subject for that malformed source. An unfinished comment marker compiled as Rust yet remained incomplete in the l",Rust nightly rustc; Cargo nightly; Charon executable; Lean 4; Minimal annotation fixture model,False,Empirical or source-backed behavior depends on the named toolchain pin.,Aeneas nightly-2026.09.30-0855ce1 with its paired Charon e435e5f and Lean 4.31.0; separate standalone Charon comparison.,reports/anneal-3730-annotation-subject-boundary-matrix-2026-09-29/REPORT.json,reports/anneal-3730-annotation-subject-boundary-matrix-2026-09-29/REPORT.md,"[{""name"":""Rust nightly rustc"",""identity"":{""repository"":""rust-lang/rust"",""version"":""nightly-2026-05-31"",""sha256"":""2ab7af1ea2ec5c69195fd8dfb0e1f91afdb7cc1e53127bba416616ce43a18dbc""}},{""name"":""Cargo nightly"",""identity"":{""repository"":""rust-lang/cargo"",""version"":""nightly-2026-05-31"",""sha256"":""71d7b3f81809731f3c95737386b0056cf0a335dd1e3dcb42ac4e3d81599480b1""}},{""name"":""Charon executable"",""identity"":{""repository"":""AeneasVerif/charon"",""sha256"":""51bb6d23beab3f97a684c25162d3e402fc820c891b57b21d2ca781c1da211a8b""}},{""name"":""Lean 4"",""identity"":{""repository"":""leanprover/lean4"",""revision"":""3dc1a088b6d2d8eafe25a7cd7ec7b58d731bd7cc"",""version"":""v4.30.0-rc2"",""sha256"":""b48bc5ab229bd8b320a224b87e20fc428dba6fa8a1c054bd4fa6def846e19997""}},{""name"":""Minimal annotation fixture model"",""identity"":{""artifact"":""support/probe.py"",""sha256"":""d600c58b12e0f2b95aeb1194780e396725024de16d7ee58d1066f30de6b3de71""}}]"
R123,incidental_or_citation,No pinned-software conclusion requiring a newer-version rerun,APFS and cached Ubuntu overlayfs resource accounting for a bounded proof workspace,"Observed 2026-09-29 on the local macOS arm64 APFS Data volume and the already cached Ubuntu 24.04 container in OrbStack. This is R40 for the #3730 J14 filesystem-specific scaling question and #3731 I119/I124, with supporting relevance to I113/I115 resource budgets. It compares counters for a tiny Anneal-like file tree; it does not measure Anneal itself or a large Mathlib environment.","APFS Data volume and cached Ubuntu overlayfs image; Bounded base, copy, clone, hardlink, and mutation ledger",False,"Main conclusion is an audit, general model, history, standard, or contextual evidence; software versions identify provenance only.",No newer-version comparison for the main conclusion.,reports/anneal-3730-apfs-overlayfs-resource-accounting-2026-09-29/REPORT.json,reports/anneal-3730-apfs-overlayfs-resource-accounting-2026-09-29/REPORT.md,"[{""name"":""APFS Data volume and cached Ubuntu overlayfs image"",""identity"":{""filesystem_apfs"":""apfs"",""filesystem_linux"":""overlayfs"",""ubuntu_image_sha256"":""224a1869083a311ef3f13648a154ba79832fbef6364d31493642ca03082da254"",""dep_olean_sha256"":""7ae5507721d0d228cfdb0c2399d6ef858bc918e48376470954b3600e40862cb3"",""plugin_olean_sha256"":""24d1cf9fcaa36b2d918eb2985e517153a537958e7f4393bfbf768966a2084bbc""}},{""name"":""Bounded base, copy, clone, hardlink, and mutation ledger"",""identity"":{""probe_sha256"":""5a3a9f4547dcdb451242c2cc708a3ca52fefd52906a11b0128e985698638a971"",""verifier_sha256"":""f28aee12b1b6e03e25ee7ec2b53ce0b4abb336227a21d8db90b4de5847bee992"",""results_sha256"":""aa3264d28a83d784d863983d01b62e33146961dfb04f32b970beeb979dc4c263"",""logical_base_bytes"":""2147019""}}]"
R124,incidental_or_citation,No pinned-software conclusion requiring a newer-version rerun,Architecture contracts and adoption gates for an interactive Anneal,"A fresh, fully specified request and a fenced complete result are a viable baseline contract for batch and live Anneal; keeping a backend process alive is an optimization that needs separate evidence of state reset, resource benefit, and cross-project isolation. The current Anneal V2 source at the examined commit does not yet implement a batch/LSP/MCP engine, so these are design gates rather than observations of an implemented architecture.",google/zerocopy Anneal V2 source baseline; Anneal selected Charon source; Anneal selected Aeneas source; Lean 4 and Lake; synthetic Python topology fixture; language tooling precedent documentation,False,"Main conclusion is an audit, general model, history, standard, or contextual evidence; software versions identify provenance only.",No newer-version comparison for the main conclusion.,reports/anneal-3730-architecture-contracts-2026-09-29/REPORT.json,reports/anneal-3730-architecture-contracts-2026-09-29/REPORT.md,"[{""name"":""google/zerocopy Anneal V2 source baseline"",""identity"":{""repository"":""google/zerocopy"",""revision"":""41f5b37afe7060fd9fe08c00b200672cd76d77b9""}},{""name"":""Anneal selected Charon source"",""identity"":{""repository"":""AeneasVerif/charon"",""revision"":""a535e914f74db4fd9e6be7048f4233270d8945c0""}},{""name"":""Anneal selected Aeneas source"",""identity"":{""repository"":""AeneasVerif/aeneas"",""revision"":""ac9f1bc5262a5e4ff1e24ca78617121382202727""}},{""name"":""Lean 4 and Lake"",""identity"":{""repository"":""leanprover/lean4"",""revision"":""3dc1a088b6d2d8eafe25a7cd7ec7b58d731bd7cc"",""version"":""v4.30.0-rc2""}},{""name"":""synthetic Python topology fixture"",""identity"":{""file"":""support/topology_probe.py"",""sha256"":""bd3189ca48a42ff772c41b13db761df7363263a8d60d9e235162803f83e11070""}},{""name"":""language tooling precedent documentation"",""identity"":{""typescript_wiki_revision"":""966988bcca7c835fd22ab066bb6a9ff4d5ba511d"",""roslyn_revision"":""3f15e26bcfc984bd9582487713e252f78b8cbbd1"",""clangd_www_revision"":""ae5866d4552e30a173b8e9c3cec872a82e4c0120"",""rust_analyzer_revision"":""03fcb77246f2568adb0e9b2fa60d19c6cc1686f4"",""volar_revision"":""44d58aee30d1d476c8ad3f6f5581b288d7185d1e""}}]"
R125,newer_version_recheck,Lean/Lake v4.30.0-rc2,Resending a proof does not refresh its imported Lean artifact in one pinned worker,"In a direct Lean 4.30.0-rc2 server, an open proof continued to return no goals after its imported Dep.olean and Dep.lean changed from selected = 7 to selected = 9. Watched-file notifications, resending identical proof text as document version 2, and appending a newline as version 3 did not refresh that worker's imported environment. Closing/reopening the URI and starting a fresh server exposed ⊢ selected = 7 with an rfl error. Fresh batch Lean exited 1 with the same mismatch.",Lean 4 direct language server and batch compiler; Gated proof-resend imported-artifact fixture on macOS,False,Empirical or source-backed behavior depends on the named toolchain pin.,Lean/Lake stable v4.34.1; optional prerelease v4.35.0-rc3. Rebuild all OLean/native artifacts.,reports/anneal-3730-c03-proof-resend-refresh-2026-09-29/REPORT.json,reports/anneal-3730-c03-proof-resend-refresh-2026-09-29/REPORT.md,"[{""name"":""Lean 4 direct language server and batch compiler"",""identity"":{""repository"":""leanprover/lean4"",""revision"":""3dc1a088b6d2d8eafe25a7cd7ec7b58d731bd7cc"",""version"":""v4.30.0-rc2"",""lean_sha256"":""b48bc5ab229bd8b320a224b87e20fc428dba6fa8a1c054bd4fa6def846e19997""}},{""name"":""Gated proof-resend imported-artifact fixture on macOS"",""identity"":{""probe_sha256"":""391c1e3a8ea0f6d08eb852ab42e72aabfa8f208604b8084da5282b5b17d20d7f"",""host"":""macOS 26.6.2 arm64""}}]"
R126,newer_version_recheck,June 2026 Rust→Charon→Aeneas→Lean 4.30.0-rc2 bundle,Charon and Aeneas generation boundaries under A→B→A and failure,"At the installed June 3 Charon/Aeneas pair, a small source A→comment-only C→body-changed B→A sequence produced the expected changed and restored generated Lean source. Three A extractions did not always have identical raw LLBC bytes: the observed differences were ordering of entries in serialized keyed shortnames; sorting only keyed shortnames and itemnames maps made the A LLBC values equal, and their three-file Lean inventories were byte-identical. Comment-only C changed sou",Charon 0.1.210 release executable; Aeneas nightly-2026.06.03 release executable; Rust compiler nightly-2026-05-31; Sequential Charon/Aeneas boundary probe,False,Empirical or source-backed behavior depends on the named toolchain pin.,Aeneas nightly-2026.09.30-0855ce1 with its paired Charon e435e5f and Lean 4.31.0; separate standalone Charon comparison.,reports/anneal-3730-charon-aeneas-boundary-2026-09-29/REPORT.json,reports/anneal-3730-charon-aeneas-boundary-2026-09-29/REPORT.md,"[{""name"":""Charon 0.1.210 release executable"",""identity"":{""artifact"":""local macOS arm64 release executable"",""sha256"":""51bb6d23beab3f97a684c25162d3e402fc820c891b57b21d2ca781c1da211a8b"",""version"":""0.1.210""}},{""name"":""Aeneas nightly-2026.06.03 release executable"",""identity"":{""artifact"":""local macOS arm64 release executable"",""sha256"":""f476001e1a8e8c5cb1d8a621a25716d8e15f0809c8a023c5349357acc0911d03"",""release_label"":""nightly-2026.06.03""}},{""name"":""Rust compiler nightly-2026-05-31"",""identity"":{""repository"":""rust-lang/rust"",""revision"":""f8a08b688cbe60acc386ed1fbd1b7cbaaf5576b1""}},{""name"":""Sequential Charon/Aeneas boundary probe"",""identity"":{""artifact"":""support/probe.py"",""sha256"":""ca098f663933e0d0993f9a0691ab50a24bec6d31f100e59d6ed3dabc94af82df""}}]"
R127,newer_version_recheck,Charon 0.1.210 + Rust/Cargo nightly-2026-05-31,Pinned Charon/Cargo build-input closure and wrong-unit control,"This is a component experiment for #3731 I073–I080/I105 and the related Rust-subject rows of #3730. It does not exercise an Anneal implementation. The fixture is a three-package offline Cargo workspace: a primary library and independent binary, a path dependency, and a local proc macro. The primary library uses a build.rs-generated include!, includestr!, env!, the path dependency, and proc-macro-generated code.",Pinned Charon/Cargo/rustc macOS arm64; Offline Cargo closure fixture and executable probe,False,Empirical or source-backed behavior depends on the named toolchain pin.,Charon nightly-2026.09.30 (2804f2d) with its pinned Rust nightly-2026-09-17; Aeneas paired lane separately.,reports/anneal-3730-charon-build-closure-control-2026-09-29/REPORT.json,reports/anneal-3730-charon-build-closure-control-2026-09-29/REPORT.md,"[{""name"":""Pinned Charon/Cargo/rustc macOS arm64"",""identity"":{""cargo_sha256"":""71d7b3f81809731f3c95737386b0056cf0a335dd1e3dcb42ac4e3d81599480b1"",""charon_sha256"":""51bb6d23beab3f97a684c25162d3e402fc820c891b57b21d2ca781c1da211a8b"",""rustc_sha256"":""2ab7af1ea2ec5c69195fd8dfb0e1f91afdb7cc1e53127bba416616ce43a18dbc""}},{""name"":""Offline Cargo closure fixture and executable probe"",""identity"":{""fixture_cargo_lock_sha256"":""03e504f1142592aee78ac87ec13656bfad68cacc181255c5efb48ac9ad4b7ffa"",""probe_sha256"":""dbfc239eb2d22faff886befaf203ef44363f441cf5c17e7a8915d825eafcd131"",""raw_results_sha256"":""e8ec4b7d29fafefe706b087659e1c7cc9fe66d11c12ba8a176159656580e367a""}}]"
R128,newer_version_recheck,Charon 0.1.210 + Rust/Cargo nightly-2026-05-31,Concurrent Charon outputs and interrupted artifact families,"Pinned Charon 0.1.210 was run against two tiny saved Rust crates with at most two extraction processes at once. When alpha and beta used different destinations, both direct charon rustc and charon cargo pairs exited 0 and left two parseable, correctly identified LLBC files. When both processes used one destination, a zero exit from each producer did not imply that the shared file was usable: in the preserved run, 1/6 direct and 1/3 Cargo collision rounds left malformed JSON. ",Charon 0.1.210 executable and source; Rust compiler and Cargo nightly 2026-05-31; Controlled local Charon/Cargo concurrency probe,False,Empirical or source-backed behavior depends on the named toolchain pin.,Charon nightly-2026.09.30 (2804f2d) with its pinned Rust nightly-2026-09-17; Aeneas paired lane separately.,reports/anneal-3730-charon-concurrency-interruption-2026-09-29/REPORT.json,reports/anneal-3730-charon-concurrency-interruption-2026-09-29/REPORT.md,"[{""name"":""Charon 0.1.210 executable and source"",""identity"":{""repository"":""AeneasVerif/charon"",""revision"":""0c91ca1a8e002d6bfa8d8f1f452804fce2f92cf1"",""version"":""0.1.210"",""sha256"":""51bb6d23beab3f97a684c25162d3e402fc820c891b57b21d2ca781c1da211a8b""}},{""name"":""Rust compiler and Cargo nightly 2026-05-31"",""identity"":{""rustc_sha256"":""2ab7af1ea2ec5c69195fd8dfb0e1f91afdb7cc1e53127bba416616ce43a18dbc"",""cargo_sha256"":""71d7b3f81809731f3c95737386b0056cf0a335dd1e3dcb42ac4e3d81599480b1"",""rustc_commit"":""f8a08b688"",""cargo_commit"":""fbb61be30""}},{""name"":""Controlled local Charon/Cargo concurrency probe"",""identity"":{""artifact"":""support/probe.py"",""sha256"":""bf8867ed0d0da1719c39fb963c3f15896901cae7af73c544145cc568b8d0565f""}}]"
R129,newer_version_recheck,Charon 0.1.210 + Rust/Cargo nightly-2026-05-31,Charon root closure and Cargo workspace inputs in a bounded scaling matrix,"At pinned Charon 0.1.210, a two-member offline Cargo workspace exposed three distinct sets: the Cargo units built, the local declarations Charon selected from the primary crate, and foreign dependency signatures that remained opaque. Selecting one app root chased its local node, leaf, and generated constant, producing four local function records; selecting 32 roots produced 97; the whole 192-root library produced 579. Feature selection, a build-script environment value, and a",Charon 0.1.210 executable and source; Rust compiler and Cargo nightly 2026-05-31; Controlled two-member Cargo workspace and probe,False,Empirical or source-backed behavior depends on the named toolchain pin.,Charon nightly-2026.09.30 (2804f2d) with its pinned Rust nightly-2026-09-17; Aeneas paired lane separately.,reports/anneal-3730-charon-scaling-subject-closure-2026-09-29/REPORT.json,reports/anneal-3730-charon-scaling-subject-closure-2026-09-29/REPORT.md,"[{""name"":""Charon 0.1.210 executable and source"",""identity"":{""repository"":""AeneasVerif/charon"",""revision"":""0c91ca1a8e002d6bfa8d8f1f452804fce2f92cf1"",""version"":""0.1.210"",""sha256"":""51bb6d23beab3f97a684c25162d3e402fc820c891b57b21d2ca781c1da211a8b""}},{""name"":""Rust compiler and Cargo nightly 2026-05-31"",""identity"":{""rustc_sha256"":""2ab7af1ea2ec5c69195fd8dfb0e1f91afdb7cc1e53127bba416616ce43a18dbc"",""cargo_sha256"":""71d7b3f81809731f3c95737386b0056cf0a335dd1e3dcb42ac4e3d81599480b1"",""rustc_commit"":""f8a08b688"",""cargo_commit"":""fbb61be30""}},{""name"":""Controlled two-member Cargo workspace and probe"",""identity"":{""artifact"":""support/probe.py"",""sha256"":""3a97c7f96332b63c1ab021769afec44e83f3de50e9c2fb8e38eeac79174c8d84""}}]"
R130,newer_version_recheck,June 2026 Rust→Charon→Aeneas→Lean 4.30.0-rc2 bundle,R43: downstream effect of R42's `short_names` permutations,"Observed 2026-09-29 with the locally pinned Aeneas CLI, Lean 4.30.0-rc2 and Lake 4.30.0-rc2. This is a direct component follow-up to R42, mapped to #3731 I079 and I148. R42 retained five source-unchanged LLBC files whose raw bytes differ only in translated.shortnames entry order. R43 asks whether that order reached the generated Lean source or a fresh Lean/Lake consumer in this fixture.",Pinned Aeneas CLI; Lean v4.30.0-rc2; Lake v4.30.0-rc2,False,Empirical or source-backed behavior depends on the named toolchain pin.,Aeneas nightly-2026.09.30-0855ce1 with its paired Charon e435e5f and Lean 4.31.0; separate standalone Charon comparison.,reports/anneal-3730-charon-shortname-aeneas-impact-2026-09-29/REPORT.json,reports/anneal-3730-charon-shortname-aeneas-impact-2026-09-29/REPORT.md,"[{""name"":""Pinned Aeneas CLI"",""identity"":{""executable_sha256"":""f476001e1a8e8c5cb1d8a621a25716d8e15f0809c8a023c5349357acc0911d03""}},{""name"":""Lean v4.30.0-rc2"",""identity"":{""version"":""v4.30.0-rc2"",""executable_sha256"":""b48bc5ab229bd8b320a224b87e20fc428dba6fa8a1c054bd4fa6def846e19997""}},{""name"":""Lake v4.30.0-rc2"",""identity"":{""executable_sha256"":""9a89b2af1bddb7e6d5a8dbb2c715288bcb4f24b9129132640cee950734366bcb""}}]"
R131,newer_version_recheck,Charon 0.1.210 + Rust/Cargo nightly-2026-05-31,"Charon item identity under feature, target, macro, and structural changes","A dependency-free Cargo fixture was extracted six times with pinned Charon while reusing one src/lib.rs pathname. The same A source bytes yielded different local LLBC function sets for default-feature library, selected-feature library, and test target. Charon serialized distinct structured paths and in-crate IDs for same-named module functions; it also carried a macro-generated function whose item span pointed into the macro definition. A doc marker on a trait default appeare",Rust nightly-2026-05-31 rustc executable; Cargo nightly-2026-05-31 executable; Local Charon executable; Compiler subject identity probe,False,Empirical or source-backed behavior depends on the named toolchain pin.,Charon nightly-2026.09.30 (2804f2d) with its pinned Rust nightly-2026-09-17; Aeneas paired lane separately.,reports/anneal-3730-charon-subject-identity-2026-09-29/REPORT.json,reports/anneal-3730-charon-subject-identity-2026-09-29/REPORT.md,"[{""name"":""Rust nightly-2026-05-31 rustc executable"",""identity"":{""repository"":""rust-lang/rust"",""revision"":""f8a08b688cbe60acc386ed1fbd1b7cbaaf5576b1"",""sha256"":""2ab7af1ea2ec5c69195fd8dfb0e1f91afdb7cc1e53127bba416616ce43a18dbc""}},{""name"":""Cargo nightly-2026-05-31 executable"",""identity"":{""repository"":""rust-lang/cargo"",""revision"":""fbb61be30e5f9ac3a6ad58e56a5c0f5db2d2b3ef"",""sha256"":""71d7b3f81809731f3c95737386b0056cf0a335dd1e3dcb42ac4e3d81599480b1""}},{""name"":""Local Charon executable"",""identity"":{""artifact"":""local macOS arm64 charon executable"",""sha256"":""51bb6d23beab3f97a684c25162d3e402fc820c891b57b21d2ca781c1da211a8b""}},{""name"":""Compiler subject identity probe"",""identity"":{""artifact"":""support/probe.py"",""sha256"":""4561c1da3a588c91d35c1c534a101170e43a9a5a3c9a4bab78c456e5f7f16814""}}]"
R132,newer_version_recheck,Charon 0.1.210 + Rust/Cargo nightly-2026-05-31,Charon/Cargo compilation subjects and regular-file output interruption,"Pinned Charon 0.1.210 extracted a small offline Cargo fixture through separate library, binary, test, feature, source-order, flag, and host-target requests. The important subject-control failure was charon cargo ... --test check --dest-file one.llbc: each of four identical requests invoked Charon's rustc driver for the library, the named test, and the binary. The one destination ended as the test crate in two runs and the binary crate in two runs, although all four commands e",Pinned Charon/Cargo nightly macOS arm64; Private-subject and regular-file output probe,False,Empirical or source-backed behavior depends on the named toolchain pin.,Charon nightly-2026.09.30 (2804f2d) with its pinned Rust nightly-2026-09-17; Aeneas paired lane separately.,reports/anneal-3730-charon-subject-output-phase-matrix-2026-09-29/REPORT.json,reports/anneal-3730-charon-subject-output-phase-matrix-2026-09-29/REPORT.md,"[{""name"":""Pinned Charon/Cargo nightly macOS arm64"",""identity"":{""charon_sha256"":""51bb6d23beab3f97a684c25162d3e402fc820c891b57b21d2ca781c1da211a8b"",""cargo_sha256"":""71d7b3f81809731f3c95737386b0056cf0a335dd1e3dcb42ac4e3d81599480b1"",""rustc_sha256"":""2ab7af1ea2ec5c69195fd8dfb0e1f91afdb7cc1e53127bba416616ce43a18dbc""}},{""name"":""Private-subject and regular-file output probe"",""identity"":{""artifact"":""support/probe.py"",""sha256"":""71f10e3745448d1da23af25c985688bdff7c7aff71f325b87e127b5ecda1e8fa""}}]"
R133,newer_version_recheck,Charon 0.1.210 + Rust/Cargo nightly-2026-05-31,Same-path warm Charon LLBC bytes vary only in short-name array order,"Observed 2026-09-29 with pinned Charon 0.1.210 and Rust/Cargo nightly 2026-05-31 on macOS arm64. This R42 follow-up to R37 addresses a narrow part of #3731 I079: why a warm, source-unchanged Charon request rewrote LLBC with a new SHA-256. It uses a copy of R37's tiny root crate, two path dependencies, build script, command flags, and environment controls. It is a component observation, not an Anneal cache-key implementation.",Pinned Charon/Cargo R37-derived same-path crate; Five LLBC byte snapshots and isolated short-name order diff,False,Empirical or source-backed behavior depends on the named toolchain pin.,Charon nightly-2026.09.30 (2804f2d) with its pinned Rust nightly-2026-09-17; Aeneas paired lane separately.,reports/anneal-3730-charon-warm-noop-byte-diff-2026-09-29/REPORT.json,reports/anneal-3730-charon-warm-noop-byte-diff-2026-09-29/REPORT.md,"[{""name"":""Pinned Charon/Cargo R37-derived same-path crate"",""identity"":{""charon_sha256"":""51bb6d23beab3f97a684c25162d3e402fc820c891b57b21d2ca781c1da211a8b"",""cargo_sha256"":""71d7b3f81809731f3c95737386b0056cf0a335dd1e3dcb42ac4e3d81599480b1"",""rustc_sha256"":""2ab7af1ea2ec5c69195fd8dfb0e1f91afdb7cc1e53127bba416616ce43a18dbc"",""source_commit"":""0c91ca1a8e002d6bfa8d8f1f452804fce2f92cf1""}},{""name"":""Five LLBC byte snapshots and isolated short-name order diff"",""identity"":{""probe_sha256"":""da7599de5f9b054f3d859ea075a6fbbbbb7da8bae499fca3e25b0d80ff1a7e7e"",""verifier_sha256"":""45ba5314c9379ff7ea9150f76dc87e7fe5cb2cd91bc4e7d752bf968e578249af"",""results_sha256"":""55a9237130254c5d457567fa5829230a7fdab4246808ad028605dea53b506181"",""source_inspection_sha256"":""b489159bd94520fa893384215c054d9a834f7e870c068348732197e165c762a2"",""canonical_sha256"":""ec4dc523318d6e1ed34b0d82f3650fe68c69998d17bbd65a3552c19d0cbed1ba""}}]"
R134,newer_version_recheck,Charon 0.1.210 + Rust/Cargo nightly-2026-05-31,Charon/Cargo warm-target and materialized-snapshot controls,"In this pinned, offline two-crate Cargo fixture, charon cargo regenerated a fresh LLBC on repeated requests with a warm target directory: it overwrote a deliberately invalid destination sentinel and created an absent destination. Ordinary Cargo's second build had reported Fresh, so the observed Charon invocation behaved differently from a plain warm build. A copied B workspace with a private target translated its own path-sensitive build-script constant as 217; the same B wor",Pinned Charon Cargo extraction; Pinned nightly Cargo and rustc; Charon warm-target controls,False,Empirical or source-backed behavior depends on the named toolchain pin.,Charon nightly-2026.09.30 (2804f2d) with its pinned Rust nightly-2026-09-17; Aeneas paired lane separately.,reports/anneal-3730-charon-warm-target-controls-2026-09-29/REPORT.json,reports/anneal-3730-charon-warm-target-controls-2026-09-29/REPORT.md,"[{""name"":""Pinned Charon Cargo extraction"",""identity"":{""artifact"":""local macOS arm64 charon executable"",""sha256"":""51bb6d23beab3f97a684c25162d3e402fc820c891b57b21d2ca781c1da211a8b"",""version"":""0.1.210""}},{""name"":""Pinned nightly Cargo and rustc"",""identity"":{""cargo_sha256"":""71d7b3f81809731f3c95737386b0056cf0a335dd1e3dcb42ac4e3d81599480b1"",""rustc_sha256"":""2ab7af1ea2ec5c69195fd8dfb0e1f91afdb7cc1e53127bba416616ce43a18dbc"",""toolchain"":""nightly-2026-05-31-aarch64-apple-darwin""}},{""name"":""Charon warm-target controls"",""identity"":{""artifact"":""support/probe.py"",""sha256"":""c9bc12936bf3dd34741f615eee0670457c5d22e156c750bfb6bc0c5bcdade665""}}]"
R135,newer_version_recheck,Lean/Lake v4.30.0-rc2,Claim-relative taint through a compiled Lean import,"With one pinned Lean 4.30.0-rc2 compiler, an imported theorem backed by an axiom made a downstream caller depend on that axiom; a separate independent theorem in the same consumer had no axiom dependency. Changing the imported source to a concrete proof without rebuilding its .olean left caller axiom-tainted. Rebuilding the artifact removed the taint. Rebuilding a sorry variant instead made the downstream theorem depend on sorryAx. All consumer Lean commands exited 0. This is",Lean 4.30.0-rc2 claim-relative caller taint through compiled imports,False,Empirical or source-backed behavior depends on the named toolchain pin.,Lean/Lake stable v4.34.1; optional prerelease v4.35.0-rc3. Rebuild all OLean/native artifacts.,reports/anneal-3730-claim-relative-import-taint-2026-09-29/REPORT.json,reports/anneal-3730-claim-relative-import-taint-2026-09-29/REPORT.md,"[{""name"":""Lean 4.30.0-rc2 claim-relative caller taint through compiled imports"",""identity"":{""lean_sha256"":""b48bc5ab229bd8b320a224b87e20fc428dba6fa8a1c054bd4fa6def846e19997"",""probe_sha256"":""025d2027c85a7c144738bc8d67de9ed97392717fe076706bd6e3712ba5fa42ca"",""platform"":""Darwin 25.6.0 arm64""}}]"
R136,newer_version_recheck,June 2026 Rust→Charon→Aeneas→Lean 4.30.0-rc2 bundle,R22: selected CLI cancellation signals and same-directory recovery,"Observed 2026-09-29 with pinned local Charon, one-shot Aeneas, Lake and Lean CLIs. support/probe.py creates tiny private fixtures and serially runs seven active-gate cases. support/results.json.gz preserves every command, elapsed time, stdout/stderr, PID, process-group membership and status, signal timeline, raw lsof output, advisory flock probe, artifact inventory and hash, retry, and fresh consumer. python3 support/check.py validates the retained evidence without rerunning ",Pinned Charon CLI; Pinned Aeneas CLI; Lean/Lake v4.30.0-rc2,False,Empirical or source-backed behavior depends on the named toolchain pin.,Aeneas nightly-2026.09.30-0855ce1 with its paired Charon e435e5f and Lean 4.31.0; separate standalone Charon comparison.,reports/anneal-3730-cli-graceful-cancel-signals-2026-09-29/REPORT.json,reports/anneal-3730-cli-graceful-cancel-signals-2026-09-29/REPORT.md,"[{""name"":""Pinned Charon CLI"",""identity"":{""executable_sha256"":""51bb6d23beab3f97a684c25162d3e402fc820c891b57b21d2ca781c1da211a8b""}},{""name"":""Pinned Aeneas CLI"",""identity"":{""executable_sha256"":""f476001e1a8e8c5cb1d8a621a25716d8e15f0809c8a023c5349357acc0911d03""}},{""name"":""Lean/Lake v4.30.0-rc2"",""identity"":{""version"":""v4.30.0-rc2"",""lean_executable_sha256"":""b48bc5ab229bd8b320a224b87e20fc428dba6fa8a1c054bd4fa6def846e19997"",""lake_executable_sha256"":""9a89b2af1bddb7e6d5a8dbb2c715288bcb4f24b9129132640cee950734366bcb""}}]"
R137,newer_version_recheck,June 2026 Rust→Charon→Aeneas→Lean 4.30.0-rc2 bundle,Bounded combined Charon–Aeneas–Lean workflow concurrency on tiny Rust crates,"Two complete private-root Rust→Charon→Aeneas→Lean workflows passed both serially and concurrently on the pinned local macOS tool bundle. Every generated Lean text and selected compiled OLean hash matched across six units in each retained run; all three rfl proofs per unit passed without sorryAx. A 4,000,000 KiB sampled group RSS guard admitted two concurrent workflows and rejected the four-worker ramp before execution. In the lower-overhead run, two unconstrained workflows to",Pinned local Charon CLI; Pinned local Aeneas CLI; Pinned local Rust nightly Cargo; Lean 4 batch checker and cached Aeneas library,False,Empirical or source-backed behavior depends on the named toolchain pin.,Aeneas nightly-2026.09.30-0855ce1 with its paired Charon e435e5f and Lean 4.31.0; separate standalone Charon comparison.,reports/anneal-3730-combined-pipeline-concurrency-2026-09-29/REPORT.json,reports/anneal-3730-combined-pipeline-concurrency-2026-09-29/REPORT.md,"[{""name"":""Pinned local Charon CLI"",""identity"":{""version"":""0.1.210"",""sha256"":""51bb6d23beab3f97a684c25162d3e402fc820c891b57b21d2ca781c1da211a8b""}},{""name"":""Pinned local Aeneas CLI"",""identity"":{""release"":""nightly-2026.06.03"",""sha256"":""f476001e1a8e8c5cb1d8a621a25716d8e15f0809c8a023c5349357acc0911d03""}},{""name"":""Pinned local Rust nightly Cargo"",""identity"":{""toolchain"":""nightly-2026-05-31-aarch64-apple-darwin"",""sha256"":""71d7b3f81809731f3c95737386b0056cf0a335dd1e3dcb42ac4e3d81599480b1""}},{""name"":""Lean 4 batch checker and cached Aeneas library"",""identity"":{""repository"":""leanprover/lean4"",""revision"":""3dc1a088b6d2d8eafe25a7cd7ec7b58d731bd7cc"",""version"":""v4.30.0-rc2"",""lean_sha256"":""b48bc5ab229bd8b320a224b87e20fc428dba6fa8a1c054bd4fa6def846e19997"",""aeneas_olean_sha256"":""67701a9e8bf68cf0d51a01a4cb5648e2981c08d09402c4c4ac7bb8452d6263cb""}}]"
R138,prior_comparison,June 2026 Charon/Aeneas revision pairs (prior comparison),Compatible Charon/Aeneas bundle upgrade: Rust → LLBC → Lean golden,Observed 2026-09-29 on an AArch64 macOS host. This report addresses the locally executable M03/M04 upgrade replay in issue #3730's follow-up scope and investigation I158 in #3731. It also inventories the available Lean/Lake pins for F03. The experiment uses cached binaries and source only; it does not run an Anneal generator or service.,two compatible cached Charon/Aeneas bundles; Lean v4.30.0-rc2 local checker; two-bundle Rust-to-Lean replay and controls,False,Existing comparison of earlier adjacent versions; refresh on the newer target.,Aeneas nightly-2026.09.30-0855ce1 with its paired Charon e435e5f and Lean 4.31.0; separate standalone Charon comparison.,reports/anneal-3730-compatible-bundle-upgrade-golden-2026-09-29/REPORT.json,reports/anneal-3730-compatible-bundle-upgrade-golden-2026-09-29/REPORT.md,"[{""name"":""two compatible cached Charon/Aeneas bundles"",""identity"":{""june1_aeneas_source_commit"":""f95a80abaf554d4612cb60ef9ec8e849139bec44"",""june1_charon_source_pin"":""42836b36b666a980cbc9d438a8aed340ad3b848b"",""june3_aeneas_source_commit"":""ac9f1bc5262a5e4ff1e24ca78617121382202727"",""june3_charon_source_pin"":""a535e914f74db4fd9e6be7048f4233270d8945c0""}},{""name"":""Lean v4.30.0-rc2 local checker"",""identity"":{""lean_binary_sha256"":""b48bc5ab229bd8b320a224b87e20fc428dba6fa8a1c054bd4fa6def846e19997"",""aeneas_olean_sha256"":""67701a9e8bf68cf0d51a01a4cb5648e2981c08d09402c4c4ac7bb8452d6263cb""}},{""name"":""two-bundle Rust-to-Lean replay and controls"",""identity"":{""file"":""support/probe.py"",""fixture"":""support/fixture/src/lib.rs"",""observations"":""support/results.json""}}]"
R139,newer_version_recheck,June 2026 Rust→Charon→Aeneas→Lean 4.30.0-rc2 bundle,Pinned Rust → LLBC → Lean comparator mutants and acceptance gates,"A new three-function Rust fixture ran through pinned rustc, Charon 0.1.210, one-shot Aeneas nightly-2026.06.03, and cached Lean 4.30.0-rc2. Four source cases were checked: base, declaration reorder, changed wrappingadd(1) to wrappingadd(2), and a fresh clean rerun of base in a separate directory. Pinned rustc executable oracles confirmed selected inc/twice/choose values 1/2/3 for base, reorder, and clean rerun, and 2/4/5 for changed source. Fresh Lean processes compiled each ","pinned local Rust, Charon, Aeneas and Lean executables; replayable comparator mutant fixture; saved evidence checker",False,Empirical or source-backed behavior depends on the named toolchain pin.,Aeneas nightly-2026.09.30-0855ce1 with its paired Charon e435e5f and Lean 4.31.0; separate standalone Charon comparison.,reports/anneal-3730-cross-layer-comparator-mutants-2026-09-29/REPORT.json,reports/anneal-3730-cross-layer-comparator-mutants-2026-09-29/REPORT.md,"[{""name"":""pinned local Rust, Charon, Aeneas and Lean executables"",""identity"":{""charon_sha256"":""51bb6d23beab3f97a684c25162d3e402fc820c891b57b21d2ca781c1da211a8b"",""aeneas_sha256"":""f476001e1a8e8c5cb1d8a621a25716d8e15f0809c8a023c5349357acc0911d03"",""rustc_sha256"":""2ab7af1ea2ec5c69195fd8dfb0e1f91afdb7cc1e53127bba416616ce43a18dbc"",""lean_sha256"":""b48bc5ab229bd8b320a224b87e20fc428dba6fa8a1c054bd4fa6def846e19997"",""aeneas_olean_sha256"":""67701a9e8bf68cf0d51a01a4cb5648e2981c08d09402c4c4ac7bb8452d6263cb""}},{""name"":""replayable comparator mutant fixture"",""identity"":{""file"":""support/probe.py"",""sha256"":""90bbca48554000d61e39da1a81c2f2f11e09071def60bb60bc727c47c28ef4ee""}},{""name"":""saved evidence checker"",""identity"":{""file"":""support/check.py"",""sha256"":""fd2d73894e4de5225e8fe98b2d689ba38d0b8def72f2f1a05fa11042e93436a9""}}]"
R140,newer_version_recheck,June 2026 Rust→Charon→Aeneas→Lean 4.30.0-rc2 bundle,R20: active cross-tool cancellation barriers,"Observed on 2026-09-29 with pinned local Charon, one-shot Aeneas, Lean and Lake CLIs. The bounded fixture used one active process group at a time, tiny Rust/Lean sources, private output directories, deterministic FIFO or tactic barriers, a retry, and a fresh Lean consumer. support/results.json retains commands, stdout/stderr, exit codes, process-group members before/after termination, artifact inventories and hashes, oracle output, and event markers. support/probe.py recreate",Pinned Charon CLI; Pinned Aeneas CLI; Lean/Lake v4.30.0-rc2,False,Empirical or source-backed behavior depends on the named toolchain pin.,Aeneas nightly-2026.09.30-0855ce1 with its paired Charon e435e5f and Lean 4.31.0; separate standalone Charon comparison.,reports/anneal-3730-cross-tool-active-cancellation-barriers-2026-09-29/REPORT.json,reports/anneal-3730-cross-tool-active-cancellation-barriers-2026-09-29/REPORT.md,"[{""name"":""Pinned Charon CLI"",""identity"":{""executable_sha256"":""51bb6d23beab3f97a684c25162d3e402fc820c891b57b21d2ca781c1da211a8b""}},{""name"":""Pinned Aeneas CLI"",""identity"":{""executable_sha256"":""f476001e1a8e8c5cb1d8a621a25716d8e15f0809c8a023c5349357acc0911d03""}},{""name"":""Lean/Lake v4.30.0-rc2"",""identity"":{""version"":""v4.30.0-rc2"",""lean_executable_sha256"":""b48bc5ab229bd8b320a224b87e20fc428dba6fa8a1c054bd4fa6def846e19997"",""lake_executable_sha256"":""9a89b2af1bddb7e6d5a8dbb2c715288bcb4f24b9129132640cee950734366bcb""}}]"
R141,newer_version_recheck,June 2026 Rust→Charon→Aeneas→Lean 4.30.0-rc2 bundle,"First failing stage and provenance across rustc, Charon, Aeneas, and Lean","On five tiny, pinned Rust inputs and one authored Lean proof, the first failing stage could be identified from stage-local process results: invalid Rust failed rustc; rustc-valid async fn reached a Charon unsupported-coroutine panic under strict error policy; valid raw-pointer Rust reached Aeneas, which exited 1 while emitting partial Lean containing sorry; a supported A model compiled in Lean before a separate proof failed in Lean batch and server modes. A fresh source revis",Rust nightly-2026-05-31 rustc executable; Local Charon executable; Aeneas nightly-2026.06.03 executable; Lean v4.30.0-rc2 executable; Cross-tool provenance specimen harness,False,Empirical or source-backed behavior depends on the named toolchain pin.,Aeneas nightly-2026.09.30-0855ce1 with its paired Charon e435e5f and Lean 4.31.0; separate standalone Charon comparison.,reports/anneal-3730-cross-tool-provenance-2026-09-29/REPORT.json,reports/anneal-3730-cross-tool-provenance-2026-09-29/REPORT.md,"[{""name"":""Rust nightly-2026-05-31 rustc executable"",""identity"":{""repository"":""rust-lang/rust"",""revision"":""f8a08b688cbe60acc386ed1fbd1b7cbaaf5576b1"",""sha256"":""2ab7af1ea2ec5c69195fd8dfb0e1f91afdb7cc1e53127bba416616ce43a18dbc""}},{""name"":""Local Charon executable"",""identity"":{""artifact"":""local macOS arm64 charon executable"",""sha256"":""51bb6d23beab3f97a684c25162d3e402fc820c891b57b21d2ca781c1da211a8b""}},{""name"":""Aeneas nightly-2026.06.03 executable"",""identity"":{""artifact"":""local macOS arm64 aeneas executable"",""sha256"":""f476001e1a8e8c5cb1d8a621a25716d8e15f0809c8a023c5349357acc0911d03""}},{""name"":""Lean v4.30.0-rc2 executable"",""identity"":{""repository"":""leanprover/lean4"",""revision"":""3dc1a088b6d2d8eafe25a7cd7ec7b58d731bd7cc"",""sha256"":""b48bc5ab229bd8b320a224b87e20fc428dba6fa8a1c054bd4fa6def846e19997""}},{""name"":""Cross-tool provenance specimen harness"",""identity"":{""artifact"":""support/probe.py"",""sha256"":""53980c7ec8d3e3dc14cdc3b91404cfb63f41c62ab34e80e0a2c4fb5cb3122114""}}]"
R142,newer_version_recheck,June 2026 Rust→Charon→Aeneas→Lean 4.30.0-rc2 bundle,"Cross-tool CLI cancellation, descendant cleanup, retry, and a synthetic fence","Eight sequential private-output trials launched actual pinned CLIs in new process groups: Cargo, Charon, Aeneas, Lake, and Lean at the invocation boundary, then delayed cold Cargo, Charon, and Lake controls after 80 ms. After process launch, the harness sent SIGSTOP to the group, inspected its members with ps, sent SIGKILL to the group, waited for the parent, checked the group and recorded PIDs again, inventoried the output, and retried the same command in the same private di",Pinned Cargo Charon Aeneas Lake Lean CLI process groups; Private stage cancellation and retry fixture,False,Empirical or source-backed behavior depends on the named toolchain pin.,Aeneas nightly-2026.09.30-0855ce1 with its paired Charon e435e5f and Lean 4.31.0; separate standalone Charon comparison.,reports/anneal-3730-cross-tool-stage-cancellation-cleanup-2026-09-29/REPORT.json,reports/anneal-3730-cross-tool-stage-cancellation-cleanup-2026-09-29/REPORT.md,"[{""name"":""Pinned Cargo Charon Aeneas Lake Lean CLI process groups"",""identity"":{""aeneas_sha256"":""f476001e1a8e8c5cb1d8a621a25716d8e15f0809c8a023c5349357acc0911d03"",""cargo_sha256"":""71d7b3f81809731f3c95737386b0056cf0a335dd1e3dcb42ac4e3d81599480b1"",""charon_sha256"":""51bb6d23beab3f97a684c25162d3e402fc820c891b57b21d2ca781c1da211a8b"",""lake_sha256"":""9a89b2af1bddb7e6d5a8dbb2c715288bcb4f24b9129132640cee950734366bcb"",""lean_sha256"":""b48bc5ab229bd8b320a224b87e20fc428dba6fa8a1c054bd4fa6def846e19997""}},{""name"":""Private stage cancellation and retry fixture"",""identity"":{""fence_sha256"":""c66127990803f3dc0cfa992cf836d9a95b46c1cdeea7e6537e5eb6e58f5c36de"",""probe_sha256"":""116a7e46c9a44c0569920b06f34926b16b3b908671642e1da38f6ea3e12abd6e"",""results_sha256"":""a6807ef72366c483ab37f743090fafdf8c715f6ff9a14ec0f6316a1416721cab""}}]"
R143,newer_version_recheck,Lean/Lake v4.30.0-rc2,"Direct Lean document context, imported buffers, and module layout","In a tiny Lean/Lake fixture, editing an open A.lean buffer from value 7 to 9 did not change the separately open B.lean worker's import of the compiled A.olean value 7. Rebuilding that artifact made a fresh B proof of marker = 7 fail. A clean Lake import cycle and the same cycle introduced after valid .olean outputs both failed; stale outputs did not make this Lake build graph accept the cycle. Moving a generated declaration after its use silently changed the type of an axiom ",Lean 4 and Lake,False,Empirical or source-backed behavior depends on the named toolchain pin.,Lean/Lake stable v4.34.1; optional prerelease v4.35.0-rc3. Rebuild all OLean/native artifacts.,reports/anneal-3730-document-context-v4-30-0-rc2/REPORT.json,reports/anneal-3730-document-context-v4-30-0-rc2/REPORT.md,"[{""name"":""Lean 4 and Lake"",""identity"":{""repository"":""leanprover/lean4"",""revision"":""3dc1a088b6d2d8eafe25a7cd7ec7b58d731bd7cc"",""version"":""v4.30.0-rc2""}}]"
R144,newer_version_recheck,Lean/Lake v4.30.0-rc2,Editor-owned Lean documents and MCP reconciliation boundary,A direct Lean 4.30.0-rc2 LSP server elaborated unsaved didOpen/didChange text while the same file URI's disk bytes remained stale. Closing and reopening from disk changed the goal back to the disk version; replaying the unsaved text after a forced server restart restored the prior goal. Two open documents kept separate diagnostics and versions. The bare direct server also accepted an open file: URI with no physical file and an untitled: URI for a small core proof.,Lean 4; Language Server Protocol 3.18 specification source; Model Context Protocol core specification; Anneal current source checkout,False,Empirical or source-backed behavior depends on the named toolchain pin.,Lean/Lake stable v4.34.1; optional prerelease v4.35.0-rc3. Rebuild all OLean/native artifacts.,reports/anneal-3730-editor-mcp-shadow-authority-v4-30-0-rc2/REPORT.json,reports/anneal-3730-editor-mcp-shadow-authority-v4-30-0-rc2/REPORT.md,"[{""name"":""Lean 4"",""identity"":{""repository"":""leanprover/lean4"",""revision"":""3dc1a088b6d2d8eafe25a7cd7ec7b58d731bd7cc"",""version"":""v4.30.0-rc2""}},{""name"":""Language Server Protocol 3.18 specification source"",""identity"":{""repository"":""microsoft/language-server-protocol"",""revision"":""de9a671ae6ba374cc748a29c1c620cbc536302ff"",""specification"":""3.18""}},{""name"":""Model Context Protocol core specification"",""identity"":{""repository"":""modelcontextprotocol/modelcontextprotocol"",""revision"":""5f5440bb26a62e2cf3440b92da5a667efa03b267"",""version"":""2026-07-28""}},{""name"":""Anneal current source checkout"",""identity"":{""repository"":""google/zerocopy"",""revision"":""bd0956be95c5f798f0c0484921b9b9d1fc6e9988""}}]"
R145,newer_version_recheck,Lean/Lake v4.30.0-rc2,"Direct Lean LSP and watched build loop under save, format, and overwrite events","Observed 2026-09-29 on macOS arm64. This is a bounded component experiment for issue #3731 I063 and the related #3730 editor/update crosswalk. It uses Lean 4.30.0-rc2 directly through lean --server, actual lean -o/-i compilations, and a Python hash-polling watcher. The Rust-to-Lean marker parser is an illustrative model; there is no Anneal generator, editor adapter, or product watcher in this probe.",Pinned Lean 4.30.0-rc2 and local rustfmt; Direct LSP and private hash-polling build harness,False,Empirical or source-backed behavior depends on the named toolchain pin.,Lean/Lake stable v4.34.1; optional prerelease v4.35.0-rc3. Rebuild all OLean/native artifacts.,reports/anneal-3730-editor-save-format-watch-loop-2026-09-29/REPORT.json,reports/anneal-3730-editor-save-format-watch-loop-2026-09-29/REPORT.md,"[{""name"":""Pinned Lean 4.30.0-rc2 and local rustfmt"",""identity"":{""lean_sha256"":""b48bc5ab229bd8b320a224b87e20fc428dba6fa8a1c054bd4fa6def846e19997"",""rustfmt_sha256"":""ee717a093f2b2e2c124cde782b4b955fb26ec0c7cf241e6403fed99d624f0c76"",""lean_fixture_sha256"":""f5e8cee953e6f355bc2ffda3f7b1ce7a72b197451531f8ad57accf2d2132ce42"",""rust_fixture_sha256"":""8530bb262bfe063e2835ce478866e1cc8a808a17d56aa4eb64ca437d68825c4a""}},{""name"":""Direct LSP and private hash-polling build harness"",""identity"":{""probe_sha256"":""fe824066f391a01c191390c3a1068f8c5934ed7b7cf02af674624aabd4ebc6e2"",""verifier_sha256"":""8e1d38eefdac821152d00c2ec124027303cb040961f3537e5cd8c8d483614787"",""results_sha256"":""4ac07b740dba2caf6e78e363b7e25d360eccc96e964621c85a7f802d19875ce6"",""initial_olean_sha256"":""8ea70a281294672df6869af60b55d20ace674423bce6075ddfd56ab91179840b"",""final_olean_sha256"":""18fb83a0a6b635740cbd0d0abd06207e8be4d9f56945e69391264a210ea4116c""}}]"
R146,newer_version_recheck,Lean/Lake v4.30.0-rc2,Eight-proof stale-oracle fanout over a tiny Model→Helper graph,"All eight fresh batch checks at value 8 exited 0 and printed 8. All eight fresh batch checks after the value-7 rebuild exited 1, printed 7, and reported that rfl failed on ⊢ helper = 8. Every wave reproduced the same artifact identities: base Model 8c104a28…, base Helper 8de87e62…; edited Model eb45899e…, edited Helper e07f4a8c… (full SHA-256 values in support/results.json).",Lean v4.30.0-rc2; Lake v4.30.0-rc2,False,Empirical or source-backed behavior depends on the named toolchain pin.,Lean/Lake stable v4.34.1; optional prerelease v4.35.0-rc3. Rebuild all OLean/native artifacts.,reports/anneal-3730-eight-proof-live-stale-oracle-fanout-2026-09-29/REPORT.json,reports/anneal-3730-eight-proof-live-stale-oracle-fanout-2026-09-29/REPORT.md,"[{""name"":""Lean v4.30.0-rc2"",""identity"":{""version"":""v4.30.0-rc2"",""executable_sha256"":""b48bc5ab229bd8b320a224b87e20fc428dba6fa8a1c054bd4fa6def846e19997""}},{""name"":""Lake v4.30.0-rc2"",""identity"":{""version"":""5.0.0-src+3dc1a08"",""executable_sha256"":""9a89b2af1bddb7e6d5a8dbb2c715288bcb4f24b9129132640cee950734366bcb""}}]"
R147,newer_version_recheck,June 2026 Rust→Charon→Aeneas→Lean 4.30.0-rc2 bundle,E10: an external Lean model changes while Aeneas output stays fixed,"Observed 2026-09-29 with pinned Charon, one-shot Aeneas and Lean 4.30.0-rc2. A tiny Rust function calls an extern ""C"" externaldouble. One LLBC input was translated twice, before and after the external-model variants were prepared. Every generated Aeneas file, including the FunsExternalTemplate.lean, had the same byte digest in both runs. The actual Source/FunsExternal.lean model is a separate Lean file supplied by this experiment, not an Aeneas compiled external registry or a",Pinned Charon CLI; Pinned Aeneas CLI; Lean v4.30.0-rc2,False,Empirical or source-backed behavior depends on the named toolchain pin.,Aeneas nightly-2026.09.30-0855ce1 with its paired Charon e435e5f and Lean 4.31.0; separate standalone Charon comparison.,reports/anneal-3730-external-model-without-codegen-change-2026-09-29/REPORT.json,reports/anneal-3730-external-model-without-codegen-change-2026-09-29/REPORT.md,"[{""name"":""Pinned Charon CLI"",""identity"":{""executable_sha256"":""51bb6d23beab3f97a684c25162d3e402fc820c891b57b21d2ca781c1da211a8b""}},{""name"":""Pinned Aeneas CLI"",""identity"":{""executable_sha256"":""f476001e1a8e8c5cb1d8a621a25716d8e15f0809c8a023c5349357acc0911d03""}},{""name"":""Lean v4.30.0-rc2"",""identity"":{""version"":""v4.30.0-rc2"",""executable_sha256"":""b48bc5ab229bd8b320a224b87e20fc428dba6fa8a1c054bd4fa6def846e19997""}}]"
R148,newer_version_recheck,Lean/Lake v4.30.0-rc2,Tiny Lake project: final-path build versus staging build and rename,"This paired local experiment covers the small cached-only part of #3730 F15. The same four-source Lean/Lake project was built once directly at a final pathname, then built at a staging pathname and renamed to that same final pathname. In both cases, lake setup-file Proof.lean returned the final-path Dep.olean, lake serve reported no goals for a valid proof and the same two informational diagnostics, fresh batch Lean exited 0, and lake --no-build build Dep said all targets wer",Cached Lean and Lake 4.30.0-rc2; Paired direct-final versus staging-rename Lake project on macOS,False,Empirical or source-backed behavior depends on the named toolchain pin.,Lean/Lake stable v4.34.1; optional prerelease v4.35.0-rc3. Rebuild all OLean/native artifacts.,reports/anneal-3730-f15-final-versus-moved-lake-2026-09-29/REPORT.json,reports/anneal-3730-f15-final-versus-moved-lake-2026-09-29/REPORT.md,"[{""name"":""Cached Lean and Lake 4.30.0-rc2"",""identity"":{""repository"":""leanprover/lean4"",""revision"":""3dc1a088b6d2d8eafe25a7cd7ec7b58d731bd7cc"",""version"":""v4.30.0-rc2"",""lean_sha256"":""b48bc5ab229bd8b320a224b87e20fc428dba6fa8a1c054bd4fa6def846e19997"",""lake_sha256"":""9a89b2af1bddb7e6d5a8dbb2c715288bcb4f24b9129132640cee950734366bcb""}},{""name"":""Paired direct-final versus staging-rename Lake project on macOS"",""identity"":{""probe_sha256"":""9db4cc17e93ea169d893c20cd04fec63b8e3e45cee471fead2a49fb7cb553d78"",""results_sha256"":""a51334657934e866f35d635a0076d18f2a760127a045c49fb9dbe6d8b02b41f8""}}]"
R149,incidental_or_citation,No pinned-software conclusion requiring a newer-version rerun,Bounded fault model for shared proof jobs and complete generation publication,"A new finite event model checked a small orchestration contract with two consumers, at most two jobs, separate source revision and digest, stage generation, worker and RPC incarnations, cancellation, partial stage output, and publication. Breadth-first exploration found no safety violation in 76,502 reachable baseline states through seven events. Removing each of eleven individual guards produced a shortest counterexample, including an unobserved external edit, a cancelled sh",bounded orchestration model; existing fake-stage subprocess harness,False,"Main conclusion is an audit, general model, history, standard, or contextual evidence; software versions identify provenance only.",No newer-version comparison for the main conclusion.,reports/anneal-3730-fault-model-2026-09-29/REPORT.json,reports/anneal-3730-fault-model-2026-09-29/REPORT.md,"[{""name"":""bounded orchestration model"",""identity"":{""artifact"":""support/model.py"",""sha256"":""aa91033fd3965c7da9e79dfd933c2d614bd4845c720e9007a07441135d9e37fa""}},{""name"":""existing fake-stage subprocess harness"",""identity"":{""artifact"":""reports/anneal-3730-snapshot-capture-jobs-2026-09-29/support/probe.py"",""sha256"":""fb1a7cbdff9cdb7b66a0f36234756af52c4862508dc5010735d4263d5a1995da""}}]"
R150,newer_version_recheck,June 2026 Rust→Charon→Aeneas→Lean 4.30.0-rc2 bundle,"APFS sharing of a prepared Lean artifact: aliases, copies, and live readers","On this Darwin 25.6.0 APFS host, a symlink and a hardlink to a writable producer .olean let a consumer overwrite the producer's bytes. A successful /bin/cp -c clone and an ordinary full copy gave separate files: the same consumer overwrite corrupted its own .olean but left the producer hash unchanged. Direct use of a producer file with mode 0444 allowed the initial read and rejected the tested in-place write. These are observations about one small artifact and one write path,",Lean 4 and Lake; macOS APFS filesystem sharing fixture,False,Empirical or source-backed behavior depends on the named toolchain pin.,Aeneas nightly-2026.09.30-0855ce1 with its paired Charon e435e5f and Lean 4.31.0; separate standalone Charon comparison.,reports/anneal-3730-filesystem-sharing-apfs-v4-30-0-rc2/REPORT.json,reports/anneal-3730-filesystem-sharing-apfs-v4-30-0-rc2/REPORT.md,"[{""name"":""Lean 4 and Lake"",""identity"":{""repository"":""leanprover/lean4"",""revision"":""3dc1a088b6d2d8eafe25a7cd7ec7b58d731bd7cc"",""version"":""v4.30.0-rc2""}},{""name"":""macOS APFS filesystem sharing fixture"",""identity"":{""platform"":""Darwin 25.6.0 arm64"",""filesystem"":""APFS /System/Volumes/Data"",""fixture"":""probe.py sha256 0a6de307f62e5334171360eaac343afcdae6ad58761ed02a9419f7fc9739d40b""}}]"
R151,incidental_or_citation,No pinned-software conclusion requiring a newer-version rerun,Independent re-review of five original #3730/#3731 reports,"A separate GPT-6 Sol High worker first re-read the five packages introduced in 41e3f34 and amended or reviewed in 9641a9e, including their retained evidence and replay/check scripts. The comparison point was reference at 335cf976f507b1bc65fea2e4742cd41a710e17d8. The public issue API returned the same #3730/#3731 body and scope-comment hashes as the retained initial-audit snapshot at 2026-09-29 16:45 UTC. A second pass reviewed the amended local package contents against checko",Five original #3730/#3731 report packages; GitHub issue scope,False,"Main conclusion is an audit, general model, history, standard, or contextual evidence; software versions identify provenance only.",No newer-version comparison for the main conclusion.,reports/anneal-3730-five-original-packages-rereview-2026-09-29/REPORT.json,reports/anneal-3730-five-original-packages-rereview-2026-09-29/REPORT.md,"[{""name"":""Five original #3730/#3731 report packages"",""identity"":{""repository"":""google/zerocopy"",""reference_revision"":""335cf976f507b1bc65fea2e4742cd41a710e17d8"",""source_commits"":""41e3f34 and 9641a9e"",""review_manifest"":""support/review.json"",""second_pass_base_revision"":""df4f6d6c84f936489c01edfa5ff19b2ee005f4d0"",""second_pass_observed_utc"":""2026-09-29T18:15:15Z""}},{""name"":""GitHub issue scope"",""identity"":{""issues"":""google/zerocopy#3730 and #3731"",""observed_utc"":""2026-09-29T16:45:25Z"",""body_and_comment_sha256"":""support/review.json""}}]"
R152,incidental_or_citation,No pinned-software conclusion requiring a newer-version rerun,Third-pass review of five original #3730/#3731 report packages,"This review covers the five original packages after the prior second-pass review, starting from checkout HEAD 75fa78c1b623ab8db9d9acb4f31ec7958bfb9110 on 2026-09-29. It is a source, evidence, and checker review. support/manifest.json pins the 28 current files, the prior review record and checker, and the prior report narrative. Run python3 support/check.py to verify these pins and replay all five package checkers. No package catalog or issue status was changed.","Five original #3730/#3731 report packages, third review point",False,"Main conclusion is an audit, general model, history, standard, or contextual evidence; software versions identify provenance only.",No newer-version comparison for the main conclusion.,reports/anneal-3730-five-original-packages-third-pass-review-2026-09-29/REPORT.json,reports/anneal-3730-five-original-packages-third-pass-review-2026-09-29/REPORT.md,"[{""name"":""Five original #3730/#3731 report packages, third review point"",""identity"":{""repository"":""google/zerocopy"",""checkout_base_revision"":""75fa78c1b623ab8db9d9acb4f31ec7958bfb9110"",""historical_second_pass_revision"":""c89f1410d4f1cfbd9b654ea5268b38f5c81e115e"",""manifest"":""support/manifest.json"",""prior_review"":""../anneal-3730-five-original-packages-rereview-2026-09-29/support/review.json""}}]"
R153,newer_version_recheck,Lean/Lake v4.30.0-rc2,Tiny Rust-to-Lake-to-server chain under an admission bound,"The prior combined-pipeline report ran two private Rust→Charon→Aeneas→batch Lean chains but did not include Lake or a live server. This follow-up ran one complete private chain through offline Cargo/Charon, one-shot Aeneas, fresh direct Lean, cached Lake build, Lake-launched Lean server goal query, and fresh Lake-environment batch checking. It did not admit the two-worker cell. This is bounded component evidence for #3731 I115/I153 and #3730 J06/H08, not an Anneal scheduler o",google/zerocopy issue #3730; google/zerocopy issue #3731; Lean 4.30.0-rc2,False,Empirical or source-backed behavior depends on the named toolchain pin.,Lean/Lake stable v4.34.1; optional prerelease v4.35.0-rc3. Rebuild all OLean/native artifacts.,reports/anneal-3730-full-lake-server-chain-2026-09-29/REPORT.json,reports/anneal-3730-full-lake-server-chain-2026-09-29/REPORT.md,"[{""name"":""google/zerocopy issue #3730"",""identity"":{""repository"":""google/zerocopy"",""issue"":""3730""}},{""name"":""google/zerocopy issue #3731"",""identity"":{""repository"":""google/zerocopy"",""issue"":""3731""}},{""name"":""Lean 4.30.0-rc2"",""identity"":{""version"":""4.30.0-rc2"",""commit"":""3dc1a088b6d2d8eafe25a7cd7ec7b58d731bd7cc""}}]"
R154,newer_version_recheck,Lean/Lake v4.30.0-rc2,Cached Aeneas generation retention and historical Lean goals,"Four previously generated Aeneas variants were retained as separate historical generations: base, changed body, changed trait signature, and a nested module move. Their Rust, LLBC, generated Lean, compiled OLean and proof bytes were copied from the earlier pinned packages; no Rust, Charon or Aeneas stage was rerun. Fresh direct Lean servers, used one at a time, returned the expected historical goal for each generation. A fresh server restart for the oldest and newest generati",Four cached pinned Charon/Aeneas outputs; Pinned Lean 4.30.0-rc2 direct servers,False,Empirical or source-backed behavior depends on the named toolchain pin.,Lean/Lake stable v4.34.1; optional prerelease v4.35.0-rc3. Rebuild all OLean/native artifacts.,reports/anneal-3730-generated-history-retention-economics-2026-09-29/REPORT.json,reports/anneal-3730-generated-history-retention-economics-2026-09-29/REPORT.md,"[{""name"":""Four cached pinned Charon/Aeneas outputs"",""identity"":{""inventory"":""support/results.json#generations""}},{""name"":""Pinned Lean 4.30.0-rc2 direct servers"",""identity"":{""sha256_file"":""support/results.json#tools.lean_sha256""}}]"
R155,newer_version_recheck,Lean/Lake v4.30.0-rc2,Synthetic generated Lean as canonical proof source: authority and projection challenge,"A tiny executable alternative makes an initially generated Proof.lean the canonical, user-editable proof source. Rust remains canonical for function semantics; an experiment-owned generator derives Model.lean from a small Rust subset. A generated HostView.rs embeds the proof as Rust comments with a line/range map and routes hosted edits into Proof.lean through a proof-hash compare-and-swap. The view itself is never an independent proof copy. Pinned Lean batch checks passed be",Lean 4; Rust compiler,False,Empirical or source-backed behavior depends on the named toolchain pin.,Lean/Lake stable v4.34.1; optional prerelease v4.35.0-rc3. Rebuild all OLean/native artifacts.,reports/anneal-3730-generated-lean-canonical-source-challenge-2026-09-29/REPORT.json,reports/anneal-3730-generated-lean-canonical-source-challenge-2026-09-29/REPORT.md,"[{""name"":""Lean 4"",""identity"":{""repository"":""leanprover/lean4"",""revision"":""3dc1a088b6d2d8eafe25a7cd7ec7b58d731bd7cc"",""version"":""v4.30.0-rc2""}},{""name"":""Rust compiler"",""identity"":{""version"":""rustc 1.98.1 (48a229cea 2026-09-01)""}}]"
R156,incidental_or_citation,No pinned-software conclusion requiring a newer-version rerun,Causally gated generation publication and recovery on APFS,"In a disposable multi-file generation fixture on macOS/APFS, a selected pointer exposed either the complete old generation or the complete new one across nine separately gated SIGKILL points. Kills before pointer replacement left A selected; a kill after replacement left B selected. A complete B directory moved into place just before the pointer update remained an orphan after interruption and was removed on reconstruction. A late old child completed successfully after logica",synthetic generation and recovery process harness; Anneal consolidated investigation agenda (#3731),False,"Main conclusion is an audit, general model, history, standard, or contextual evidence; software versions identify provenance only.",No newer-version comparison for the main conclusion.,reports/anneal-3730-generation-recovery-2026-09-29/REPORT.json,reports/anneal-3730-generation-recovery-2026-09-29/REPORT.md,"[{""name"":""synthetic generation and recovery process harness"",""identity"":{""file"":""support/probe.py"",""sha256"":""9d4672d507216c233df5c58f41661843cdddd213f654bfeb6f08a10f676af098""}},{""name"":""Anneal consolidated investigation agenda (#3731)"",""identity"":{""repository"":""google/zerocopy"",""issue"":""3731"",""body_sha256"":""603eb92dc737e34912eff048b9901306239ebba8e77b8a3a2acc6371bcc9227f""}}]"
R157,newer_version_recheck,June 2026 Rust→Charon→Aeneas→Lean 4.30.0-rc2 bundle,Two-project A→B→A routing over real Lean servers,"A small client-side router switched A→B→A between two private Lean 4.30.0-rc2 servers. A and B each had a same-named Dep module but defined selected as 11 and 22 respectively. A's unsaved version-2 edit made its rfl proof fail. After switching to B and back, routing to the original A process preserved that failing buffer and goal. B's proof remained valid under its own import. Closing A's server and reopening A from disk in a new server restored its saved valid proof; B remai",Lean 4 direct-server A/B project-switch fixture,False,Empirical or source-backed behavior depends on the named toolchain pin.,Aeneas nightly-2026.09.30-0855ce1 with its paired Charon e435e5f and Lean 4.31.0; separate standalone Charon comparison.,reports/anneal-3730-h08-project-switch-router-v4-30-0-rc2/REPORT.json,reports/anneal-3730-h08-project-switch-router-v4-30-0-rc2/REPORT.md,"[{""name"":""Lean 4 direct-server A/B project-switch fixture"",""identity"":{""repository"":""leanprover/lean4"",""revision"":""3dc1a088b6d2d8eafe25a7cd7ec7b58d731bd7cc"",""version"":""v4.30.0-rc2"",""binary_sha256"":""b48bc5ab229bd8b320a224b87e20fc428dba6fa8a1c054bd4fa6def846e19997"",""launch_mode"":""separate direct lean --server processes with private LEAN_PATH""}}]"
R158,newer_version_recheck,Lean/Lake v4.30.0-rc2,Direct Lean cancellation and private Cargo descendant control for H09,"A direct Lean 4.30.0-rc2 lean --server run returned JSON-RPC error -32800 for a cancelled textDocument/waitForDiagnostics request. A later request on the same open document succeeded, and fresh batch Lean accepted the proof. The cancellation response arrived about 3.91 seconds after $/cancelRequest, near the delayed elaboration's completion; this is evidence of processed cancellation and result suppression, not an observed saving in compute time.",Lean direct-server cancellation fixture; Cargo private process-group control,False,Empirical or source-backed behavior depends on the named toolchain pin.,Lean/Lake stable v4.34.1; optional prerelease v4.35.0-rc3. Rebuild all OLean/native artifacts.,reports/anneal-3730-h09-lsp-to-upstream-cancellation-boundaries-2026-09-29/REPORT.json,reports/anneal-3730-h09-lsp-to-upstream-cancellation-boundaries-2026-09-29/REPORT.md,"[{""name"":""Lean direct-server cancellation fixture"",""identity"":{""repository"":""leanprover/lean4"",""revision"":""3dc1a088b6d2d8eafe25a7cd7ec7b58d731bd7cc"",""version"":""v4.30.0-rc2"",""binary_sha256"":""b48bc5ab229bd8b320a224b87e20fc428dba6fa8a1c054bd4fa6def846e19997""}},{""name"":""Cargo private process-group control"",""identity"":{""version"":""1.98.1"",""binary_sha256"":""778478868dbfe74960e49329bb5813d2f5ba95c8bfb1f37cd626c62cb26a214a"",""host"":""arm64-apple-darwin""}}]"
R159,incidental_or_citation,No pinned-software conclusion requiring a newer-version rerun,Protocol for I141 human understanding of freshness and failure,"This package specifies a human comprehension study for #3731 I141. It has not been run: no participants were recruited, no consent was obtained, no real Anneal UI was available for this package, and there are no response or outcome data. The protocol tests whether people identify the subject of a result, choose a safe next action, and avoid an overbroad verification claim across six failure states and two current-state controls.",google/zerocopy issue 3731 I141 scope snapshot,False,"Main conclusion is an audit, general model, history, standard, or contextual evidence; software versions identify provenance only.",No newer-version comparison for the main conclusion.,reports/anneal-3730-human-freshness-study-protocol-2026-09-29/REPORT.json,reports/anneal-3730-human-freshness-study-protocol-2026-09-29/REPORT.md,"[{""name"":""google/zerocopy issue 3731 I141 scope snapshot"",""identity"":{""issue"":""https://github.com/google/zerocopy/issues/3731"",""snapshot_sha256"":""0b8eba07c4e1897fbe97ec5e5c2623a359cab9138b8a5a4b1ce3e09d8a9155f6""}}]"
R160,incidental_or_citation,No pinned-software conclusion requiring a newer-version rerun,Bounded identity and two-writer state mutation model,"A finite symbolic response model explored 2,710 reachable states and 11,060 enabled transitions through seven events. Its full captured response stamp had no invalid reuse in that bound. Four weaker policies each had a one-event counterexample: URI plus version missed an unnoticed source replacement, path alone missed a different Cargo subject for the same physical file, stage generation alone missed an editor source edit, and cancellation alone missed an imported artifact re",Finite identity and patch state model; CPython runtime,False,"Main conclusion is an audit, general model, history, standard, or contextual evidence; software versions identify provenance only.",No newer-version comparison for the main conclusion.,reports/anneal-3730-identity-state-mutation-model-2026-09-29/REPORT.json,reports/anneal-3730-identity-state-mutation-model-2026-09-29/REPORT.md,"[{""name"":""Finite identity and patch state model"",""identity"":{""artifact"":""support/model.py"",""sha256"":""ef8be2fe88cd027bcdc36cfcabc9b2ebb70fd8317a5525a2d1872afa8fd604ed""}},{""name"":""CPython runtime"",""identity"":{""version"":""3.14.7"",""platform"":""macOS-26.6.2-arm64""}}]"
R161,newer_version_recheck,Lean/Lake v4.30.0-rc2,Imported instance and notation changes split resident and new Lean workers,"Two tiny imported-model changes showed the same direct Lean 4.30.0-rc2 boundary. Rebuilding Model.olean after changing a typeclass instance value, or after redirecting a notation token, made a fresh batch proof fail. An already-open proof worker continued to report no goals with no diagnostics under its old import, while a newly opened proof URI in the same watchdog reported the remaining goal and an rfl failure. This extends the existing transitive-import/macro/plugin/option",Lean 4 direct server and batch compiler,False,Empirical or source-backed behavior depends on the named toolchain pin.,Lean/Lake stable v4.34.1; optional prerelease v4.35.0-rc3. Rebuild all OLean/native artifacts.,reports/anneal-3730-imported-instance-notation-worker-split-v4-30-0-rc2/REPORT.json,reports/anneal-3730-imported-instance-notation-worker-split-v4-30-0-rc2/REPORT.md,"[{""name"":""Lean 4 direct server and batch compiler"",""identity"":{""repository"":""leanprover/lean4"",""revision"":""3dc1a088b6d2d8eafe25a7cd7ec7b58d731bd7cc"",""version"":""v4.30.0-rc2"",""lean_binary_sha256"":""b48bc5ab229bd8b320a224b87e20fc428dba6fa8a1c054bd4fa6def846e19997""}}]"
R162,newer_version_recheck,June 2026 Rust→Charon→Aeneas→Lean 4.30.0-rc2 bundle,Procedural reproduction of the Lean vertical acceptance prototype,"A second GPT-6 Sol High worker wrote a separate driver for the preserved vertical report's small Rust-comment → generated-Lean → live-goal → fresh-check procedure and ran it twice in new isolated temporary directories. The A and B source/model/proof hashes, their compiled model/proof artifact hashes, fresh fixed-consumer results, invalid F model exit, stale A proof failure under B, and final B selection agreed with the original. The live server showed A's unfinished ⊢ modelVa",Lean 4 compiler and language server; original vertical acceptance report and third transcript; independent procedural reproduction driver,False,Empirical or source-backed behavior depends on the named toolchain pin.,Aeneas nightly-2026.09.30-0855ce1 with its paired Charon e435e5f and Lean 4.31.0; separate standalone Charon comparison.,reports/anneal-3730-independent-vertical-reproduction-2026-09-29/REPORT.json,reports/anneal-3730-independent-vertical-reproduction-2026-09-29/REPORT.md,"[{""name"":""Lean 4 compiler and language server"",""identity"":{""repository"":""leanprover/lean4"",""revision"":""3dc1a088b6d2d8eafe25a7cd7ec7b58d731bd7cc"",""version"":""v4.30.0-rc2"",""binary_sha256"":""b48bc5ab229bd8b320a224b87e20fc428dba6fa8a1c054bd4fa6def846e19997""}},{""name"":""original vertical acceptance report and third transcript"",""identity"":{""report_file"":""reports/anneal-3730-vertical-acceptance-v4-30-0-rc2/REPORT.md"",""report_sha256"":""8ec34505ae7c3bad9f9840788a6d17ddf60293e2b5060f54e033336833acf409"",""transcript_sha256"":""55e0dfc1083ee7d1a5ee5f71f9517a0018f2d4db81148a2843da4d97fd03bf80""}},{""name"":""independent procedural reproduction driver"",""identity"":{""file"":""support/reproduce.py"",""sha256"":""80ba94089321454a35443a8d469870d4820ebb952f4a019f3a1d0609c99a29fa""}}]"
R163,newer_version_recheck,Lean/Lake v4.30.0-rc2,"Lake artifact-cache publication: interrupted map, refused artifact, damaged object","With pinned Lake 4.30.0-rc2, a 64-byte file-size limit interrupted the actual output-map write after all three module artifacts had entered the cache. The Lake process ended on signal 25 and left a 64-byte invalid JSON mapping. A fresh consumer's no-build setup rejected the map with “invalid JSON” and exited 3; ordinary build rewrote it, after which no-build setup and direct Lean import succeeded. A separate permission failure at the cache artifact directory stopped the first",Pinned Lean/Lake v4.30.0-rc2; Lake cache publication probe,False,Empirical or source-backed behavior depends on the named toolchain pin.,Lean/Lake stable v4.34.1; optional prerelease v4.35.0-rc3. Rebuild all OLean/native artifacts.,reports/anneal-3730-lake-cache-publication-atomicity-2026-09-29/REPORT.json,reports/anneal-3730-lake-cache-publication-atomicity-2026-09-29/REPORT.md,"[{""name"":""Pinned Lean/Lake v4.30.0-rc2"",""identity"":{""repository"":""leanprover/lean4"",""revision"":""3dc1a088b6d2d8eafe25a7cd7ec7b58d731bd7cc"",""lake_sha256"":""9a89b2af1bddb7e6d5a8dbb2c715288bcb4f24b9129132640cee950734366bcb"",""lean_sha256"":""b48bc5ab229bd8b320a224b87e20fc428dba6fa8a1c054bd4fa6def846e19997""}},{""name"":""Lake cache publication probe"",""identity"":{""artifact"":""support/probe.py"",""sha256"":""b0402a686de8e3c8e880a8a888823ab04378b1475b5dd832deffe62cd7c94313""}}]"
R164,newer_version_recheck,Lean/Lake v4.30.0-rc2,"Lake preparation, cache integrity, and frozen-consumer execution probe","At Lean/Lake v4.30.0-rc2, a small built producer remained usable after relocation to a different path depth, removal of the original path, and removal of write permissions. Four independent Lake consumers then built against a separately frozen, prebuilt producer without changing its file inventory. A source/control-only workspace plus an isolated eight-file Lake artifact cache also fetched its two modules, including under --no-build; however lake env lean --json did not find ",Lean 4 and Lake,False,Empirical or source-backed behavior depends on the named toolchain pin.,Lean/Lake stable v4.34.1; optional prerelease v4.35.0-rc3. Rebuild all OLean/native artifacts.,reports/anneal-3730-lake-concurrency-preparation-v4-30-0-rc2/REPORT.json,reports/anneal-3730-lake-concurrency-preparation-v4-30-0-rc2/REPORT.md,"[{""name"":""Lean 4 and Lake"",""identity"":{""repository"":""leanprover/lean4"",""revision"":""3dc1a088b6d2d8eafe25a7cd7ec7b58d731bd7cc"",""version"":""v4.30.0-rc2""}}]"
R165,newer_version_recheck,Lean/Lake v4.30.0-rc2,Lake consumer identity collisions and observable build actions at Lean 4.30.0-rc2,"In a small offline Lake graph, two consumers of the same physical dependency tree collided in dependency-owned compiled-configuration state when they assigned different workspace indices. The first consumer left producer/.lake/config/probedep/lakefile.olean.trace with idx = 1; adding another dependency before probedep changed that same trace to idx = 2; a third consumer changed it back to idx = 1. All three builds reported Replayed Dep. Lake's module replay therefore did not ",Lake synthetic consumer identity and action probe,False,Empirical or source-backed behavior depends on the named toolchain pin.,Lean/Lake stable v4.34.1; optional prerelease v4.35.0-rc3. Rebuild all OLean/native artifacts.,reports/anneal-3730-lake-consumer-identity-observability-2026-09-29/REPORT.json,reports/anneal-3730-lake-consumer-identity-observability-2026-09-29/REPORT.md,"[{""name"":""Lake synthetic consumer identity and action probe"",""identity"":{""repository"":""leanprover/lean4"",""revision"":""3dc1a088b6d2d8eafe25a7cd7ec7b58d731bd7cc"",""version"":""v4.30.0-rc2""}}]"
R166,newer_version_recheck,Lean/Lake v4.30.0-rc2,"Pinned Lake dynamic configuration, timestamp, trace, and setup identity","On pinned Lean/Lake 4.30.0-rc2, five tiny clean producer/consumer cells compared an executable Lean lakefile.lean with static lakefile.toml and a static Lean option variant. The deliberately adversarial Lean configuration used runcmd to read PROBECONFIGVALUE and write its private Dep.lean as depValue := 7 for A or 9 for B. Clean A and TOML value-7 builds produced the same Dep.olean SHA-256 cebebbbc892381bd3920a0b12ab5e4d65f1804574357994ccb20f95f87f98f9b; clean B and TOML valu","pinned Lean/Lake v4.30.0-rc2; dynamic configuration, timestamp, trace and setup matrix",False,Empirical or source-backed behavior depends on the named toolchain pin.,Lean/Lake stable v4.34.1; optional prerelease v4.35.0-rc3. Rebuild all OLean/native artifacts.,reports/anneal-3730-lake-dynamic-config-identity-2026-09-29/REPORT.json,reports/anneal-3730-lake-dynamic-config-identity-2026-09-29/REPORT.md,"[{""name"":""pinned Lean/Lake v4.30.0-rc2"",""identity"":{""lake_sha256"":""9a89b2af1bddb7e6d5a8dbb2c715288bcb4f24b9129132640cee950734366bcb"",""lean_sha256"":""b48bc5ab229bd8b320a224b87e20fc428dba6fa8a1c054bd4fa6def846e19997"",""platform"":""macOS-26.6.2-arm64-arm-64bit-Mach-O""}},{""name"":""dynamic configuration, timestamp, trace and setup matrix"",""identity"":{""probe_sha256"":""38b625cd2674a414db2824b55470b4b89f576cdee2d1479e991dd47c1d166b69"",""results_sha256"":""4c9adfcaae077c8a875165d6a87223818737ce089f712f9e66c2a8a9a332d8b0"",""command_records"":""57"",""case_count"":""12""}}]"
R167,newer_version_recheck,Lean/Lake v4.30.0-rc2,A frozen Lake producer rejects a changed consumer dependency index,"At Lake v4.30.0-rc2, a producer prepared under one consumer dependency index could be reused by another consumer with the same index while the producer tree was frozen. A consumer that assigned the same physical producer a different index failed with permission denied on the producer's compiled-configuration lock file. Restoring producer write permission let that same consumer succeed and changed the producer configuration trace from idx=1 to idx=2. A prepared producer with f",Lake frozen producer consumer-index probe,False,Empirical or source-backed behavior depends on the named toolchain pin.,Lean/Lake stable v4.34.1; optional prerelease v4.35.0-rc3. Rebuild all OLean/native artifacts.,reports/anneal-3730-lake-frozen-index-collision-2026-09-29/REPORT.json,reports/anneal-3730-lake-frozen-index-collision-2026-09-29/REPORT.md,"[{""name"":""Lake frozen producer consumer-index probe"",""identity"":{""repository"":""leanprover/lean4"",""revision"":""3dc1a088b6d2d8eafe25a7cd7ec7b58d731bd7cc"",""version"":""v4.30.0-rc2""}}]"
R168,newer_version_recheck,Lean/Lake v4.30.0-rc2,"Lake cache ownership, package identity, and artifact-family execution matrix","At Lean/Lake v4.30.0-rc2, LAKECACHEDIR selected the cache location and LAKEARTIFACTCACHE selected whether this fixture populated it. An empty cache-dir input resolved to each consumer's .lake/cache; with artifact caching true, the build wrote six artifacts and two mappings there. An explicit cache directory received the same eight files when caching was true. Either location with caching false received none. This executes the ownership distinction previously established from ",Lean 4 and Lake,False,Empirical or source-backed behavior depends on the named toolchain pin.,Lean/Lake stable v4.34.1; optional prerelease v4.35.0-rc3. Rebuild all OLean/native artifacts.,reports/anneal-3730-lake-identity-matrix-v4-30-0-rc2/REPORT.json,reports/anneal-3730-lake-identity-matrix-v4-30-0-rc2/REPORT.md,"[{""name"":""Lean 4 and Lake"",""identity"":{""repository"":""leanprover/lean4"",""revision"":""3dc1a088b6d2d8eafe25a7cd7ec7b58d731bd7cc"",""version"":""v4.30.0-rc2""}}]"
R169,newer_version_recheck,Lean/Lake v4.30.0-rc2,Lake input keys and valid cross-generation artifact families at one pin,"Six tiny private Lake producer/consumer roots used the same isolated artifact cache and pinned Lean/Lake 4.30.0-rc2 on macOS arm64. Identical source/configuration in two different root paths reused the same producer output-map key. Changing the producer source added a map key; changing a package leanOptions setting added another key even though the resulting .olean, .ilean, and C bytes matched the baseline. Changing only the consumer manifest/package name added no new produce",pinned Lean/Lake v4.30.0-rc2; replay harness and retained results; native plugin artifact generations,False,Empirical or source-backed behavior depends on the named toolchain pin.,Lean/Lake stable v4.34.1; optional prerelease v4.35.0-rc3. Rebuild all OLean/native artifacts.,reports/anneal-3730-lake-key-artifact-family-matrix-2026-09-29/REPORT.json,reports/anneal-3730-lake-key-artifact-family-matrix-2026-09-29/REPORT.md,"[{""name"":""pinned Lean/Lake v4.30.0-rc2"",""identity"":{""lake_sha256"":""9a89b2af1bddb7e6d5a8dbb2c715288bcb4f24b9129132640cee950734366bcb"",""lean_sha256"":""b48bc5ab229bd8b320a224b87e20fc428dba6fa8a1c054bd4fa6def846e19997"",""platform"":""macOS-26.6.2-arm64-arm-64bit-Mach-O""}},{""name"":""replay harness and retained results"",""identity"":{""probe_sha256"":""6e0f838f8717472a069476542a69edb75fa9e5577e692114bd0c2bd0822e4455"",""results_sha256"":""88a206b4c42a1072791c1d40c2c6c81faf6f8bcce70850c8af77932a88552981"",""command_records"":""39""}},{""name"":""native plugin artifact generations"",""identity"":{""plugin_v1_sha256"":""3f4a1cb3a67a0027f0c90e819afc20d009ddb921cb7f4c0e0095db074e085aa4"",""plugin_v2_sha256"":""f7b4c875cb1c91a35259462b5034f48ad96f819e519d9414edc68975045f92a9""}}]"
R170,newer_version_recheck,Lean/Lake v4.30.0-rc2,Native plugin and prepared-artifact identity: bounded Lean/Lake probe,"On pinned Lean/Lake v4.30.0-rc2, a tiny Lake project imported a module containing a probetac macro and checked selected = 7; a separate Lean-built native plugin wrote plugin-v1 or plugin-v2 when loaded. A missing imported .olean made direct batch checking fail until lake setup-file rebuilt it. Missing .ilean or generated .c made the requested Lake --no-build target out of date, but direct batch import and the proof still passed. Removing the plugin dylib likewise made its nat",Lean 4 and Lake; Native plugin artifact fixture,False,Empirical or source-backed behavior depends on the named toolchain pin.,Lean/Lake stable v4.34.1; optional prerelease v4.35.0-rc3. Rebuild all OLean/native artifacts.,reports/anneal-3730-lake-plugin-artifact-identity-v4-30-0-rc2/REPORT.json,reports/anneal-3730-lake-plugin-artifact-identity-v4-30-0-rc2/REPORT.md,"[{""name"":""Lean 4 and Lake"",""identity"":{""repository"":""leanprover/lean4"",""revision"":""3dc1a088b6d2d8eafe25a7cd7ec7b58d731bd7cc"",""version"":""v4.30.0-rc2"",""lean_sha256"":""b48bc5ab229bd8b320a224b87e20fc428dba6fa8a1c054bd4fa6def846e19997"",""lake_sha256"":""9a89b2af1bddb7e6d5a8dbb2c715288bcb4f24b9129132640cee950734366bcb""}},{""name"":""Native plugin artifact fixture"",""identity"":{""artifact"":""support/probe.py"",""sha256"":""fb824c4a0549cd72ace1bc872152c5042438dff22df0afa532ab38e42abf48cc""}}]"
R171,newer_version_recheck,Lean/Lake v4.30.0-rc2,"Lake-discovered plugin, setup, and OLean family mix","On pinned Lean/Lake 4.30.0-rc2, a two-package fixture built two valid generations of an imported Dep module and native plugin. A third, disposable root mixed v1 source, v1 OLean, v1 ILean and proof with v2 plugin dylib, v2 generated C file and v2 consumer Lake setup option. A fresh lake serve session completed the proof, published #eval selected = 7, and ran the v2 plugin initializer (plugin-v2 marker). lake setup-file Proof.lean named the mixed root's exact Dep.olean and plu",pinned Lean/Lake v4.30.0-rc2 on macOS arm64; Lake-discovered combined native/plugin/setup/OLean fixture,False,Empirical or source-backed behavior depends on the named toolchain pin.,Lean/Lake stable v4.34.1; optional prerelease v4.35.0-rc3. Rebuild all OLean/native artifacts.,reports/anneal-3730-lake-plugin-combined-family-mix-2026-09-29/REPORT.json,reports/anneal-3730-lake-plugin-combined-family-mix-2026-09-29/REPORT.md,"[{""name"":""pinned Lean/Lake v4.30.0-rc2 on macOS arm64"",""identity"":{""lake_sha256"":""9a89b2af1bddb7e6d5a8dbb2c715288bcb4f24b9129132640cee950734366bcb"",""lean_sha256"":""b48bc5ab229bd8b320a224b87e20fc428dba6fa8a1c054bd4fa6def846e19997""}},{""name"":""Lake-discovered combined native/plugin/setup/OLean fixture"",""identity"":{""probe_sha256"":""bee17a0df909f0a3dbbde0a29038d414a0568935c8a7661d9940fb00289fd23f"",""transcript_sha256"":""a94170f6d250cc7c167c6f9ea4033ba1b9974cf913ad55e63e5c75dd411663e9"",""command_records"":""10"",""fresh_lake_servers"":""3""}}]"
R172,newer_version_recheck,Lean/Lake v4.30.0-rc2,"Prepared Lake operation, cache-integrity, and native-artifact contract probes","In a tiny two-package Lean/Lake 4.30.0-rc2 fixture, clean Lean-configured and TOML-configured producers built the same Dep.olean, .ilean, and generated .c bytes and passed the same consumer theorem and axiom check. The Lean package configuration additionally compiled a configuration OLean; the producer trace bytes differed. A prepared tree still passed no-build setup and batch checking after relocation to a new path depth with its old path absent, a frozen producer, isolated ",Lean and Lake 4.30.0-rc2 local executables; Controlled producer and consumer Lake fixture,False,Empirical or source-backed behavior depends on the named toolchain pin.,Lean/Lake stable v4.34.1; optional prerelease v4.35.0-rc3. Rebuild all OLean/native artifacts.,reports/anneal-3730-lake-prepared-contract-2026-09-29/REPORT.json,reports/anneal-3730-lake-prepared-contract-2026-09-29/REPORT.md,"[{""name"":""Lean and Lake 4.30.0-rc2 local executables"",""identity"":{""repository"":""leanprover/lean4"",""revision"":""3dc1a088b6d2d8eafe25a7cd7ec7b58d731bd7cc"",""version"":""v4.30.0-rc2"",""lean_sha256"":""b48bc5ab229bd8b320a224b87e20fc428dba6fa8a1c054bd4fa6def846e19997"",""lake_sha256"":""9a89b2af1bddb7e6d5a8dbb2c715288bcb4f24b9129132640cee950734366bcb""}},{""name"":""Controlled producer and consumer Lake fixture"",""identity"":{""artifact"":""support/probe.py"",""sha256"":""49164a0ff66b0feb871c774242b1d5d89c517512a847340992ab806495b81f19""}}]"
R173,newer_version_recheck,Lean/Lake v4.30.0-rc2,Lake same-key writers and interrupted OLean/ILean/C artifact writes,"With pinned Lake/Lean 4.30.0-rc2, three pairs of private package roots built the same Dep cache key against an initially empty shared cache. Both processes completed in each pair; the resulting map and .olean, .ilean, and .c object bytes matched a single-writer golden cache exactly. A fresh private consumer's no-build setup and direct Lean import succeeded after every pair. These are three successful overlapping process schedules on one small APFS fixture. The runcmd markers ",pinned Lean/Lake 4.30.0-rc2 executable and cache writer source; bounded same-key and interrupted-artifact replay; preserved-result validator,False,Empirical or source-backed behavior depends on the named toolchain pin.,Lean/Lake stable v4.34.1; optional prerelease v4.35.0-rc3. Rebuild all OLean/native artifacts.,reports/anneal-3730-lake-same-key-artifact-writers-2026-09-29/REPORT.json,reports/anneal-3730-lake-same-key-artifact-writers-2026-09-29/REPORT.md,"[{""name"":""pinned Lean/Lake 4.30.0-rc2 executable and cache writer source"",""identity"":{""lake_sha256"":""9a89b2af1bddb7e6d5a8dbb2c715288bcb4f24b9129132640cee950734366bcb"",""lean_sha256"":""b48bc5ab229bd8b320a224b87e20fc428dba6fa8a1c054bd4fa6def846e19997"",""cache_writer_source_sha256"":""4ce4b9ce5ad8b55335719928c56ec5a057e2d1b749e54022bca0c95c553d8ea3""}},{""name"":""bounded same-key and interrupted-artifact replay"",""identity"":{""file"":""support/probe.py"",""sha256"":""e8b7eb99f91e168d4c43bd39bf85b44e89ab1559dab5b99f4d7cb73ddc53b280""}},{""name"":""preserved-result validator"",""identity"":{""file"":""support/check.py"",""sha256"":""6ae2afef8fbe4eb620a1635ebe87a9f6250c44f345c0846d463616a6260ba0cc""}}]"
R174,newer_version_recheck,Lean/Lake v4.30.0-rc2,Two conflicting Lake writers in one writable package tree,"At pinned Lake/Lean 4.30.0-rc2, two Lake processes entered real Lean runcmd gates while building the same Dep.lean path and .lake output tree. Writer A had read a source definition depValue := 7; the file was then changed to depValue := 9 before writer B entered. The harness killed one writer at the gate and released the other. The two reverse schedules produced different intermediate states:",Pinned Lake and Lean 4.30.0-rc2; Two conflicting writer schedules in one package tree,False,Empirical or source-backed behavior depends on the named toolchain pin.,Lean/Lake stable v4.34.1; optional prerelease v4.35.0-rc3. Rebuild all OLean/native artifacts.,reports/anneal-3730-lake-shared-tree-conflicting-writers-2026-09-29/REPORT.json,reports/anneal-3730-lake-shared-tree-conflicting-writers-2026-09-29/REPORT.md,"[{""name"":""Pinned Lake and Lean 4.30.0-rc2"",""identity"":{""sha256_file"":""support/results.json#tools""}},{""name"":""Two conflicting writer schedules in one package tree"",""identity"":{""results"":""support/results.json;support/results-kill-B.json""}}]"
R175,newer_version_recheck,Lean/Lake v4.30.0-rc2,Unprivileged file-event witness for Lake replay and rebuild,"This report adds a bounded I095 / #3730 F10 observation absent from the prior Lake action-and-net-delta report: an unprivileged DYLDINSERTLIBRARIES observer recorded selected libc file calls by the actual Lake process and its Lean child. On one tiny private Lake module, a warm Replayed Dep still opened Dep.lean, Dep.trace, hash sidecars, and compiled configuration files; it positively recorded an 88-byte read of lakefile.olean, although the before/after file inventory showed ",Lean 4 and Lake; private libc-call observer,False,Empirical or source-backed behavior depends on the named toolchain pin.,Lean/Lake stable v4.34.1; optional prerelease v4.35.0-rc3. Rebuild all OLean/native artifacts.,reports/anneal-3730-lake-unprivileged-file-event-observability-2026-09-29/REPORT.json,reports/anneal-3730-lake-unprivileged-file-event-observability-2026-09-29/REPORT.md,"[{""name"":""Lean 4 and Lake"",""identity"":{""repository"":""leanprover/lean4"",""revision"":""3dc1a088b6d2d8eafe25a7cd7ec7b58d731bd7cc"",""version"":""v4.30.0-rc2"",""lean_binary_sha256"":""b48bc5ab229bd8b320a224b87e20fc428dba6fa8a1c054bd4fa6def846e19997"",""lake_binary_sha256"":""9a89b2af1bddb7e6d5a8dbb2c715288bcb4f24b9129132640cee950734366bcb""}},{""name"":""private libc-call observer"",""identity"":{""artifact"":""support/observe.c"",""sha256"":""cd94f96fbec7749fc71be8f24dc497276588af53490c0b891f681624f09d2a04""}}]"
R176,newer_version_recheck,Lean/Lake v4.30.0-rc2,Lake artifact-cache writer interruption and recovery at v4.30.0-rc2,"In a tiny Lean/Lake fixture with LAKEARTIFACTCACHE=true, killing the only writer during Dep.lean elaboration left no cache files and a partially prepared writable package directory. lake --no-build setup-file then exited 3 as out of date; an ordinary build repaired the package and populated the cache, after which setup succeeded. In a separate two-consumer run, both writers reached the controlled pause; one was killed, the other completed and published three cache artifacts p",Pinned Lean/Lake v4.30.0-rc2; Lake shared artifact-cache writer recovery probe,False,Empirical or source-backed behavior depends on the named toolchain pin.,Lean/Lake stable v4.34.1; optional prerelease v4.35.0-rc3. Rebuild all OLean/native artifacts.,reports/anneal-3730-lake-writer-recovery-2026-09-29/REPORT.json,reports/anneal-3730-lake-writer-recovery-2026-09-29/REPORT.md,"[{""name"":""Pinned Lean/Lake v4.30.0-rc2"",""identity"":{""repository"":""leanprover/lean4"",""revision"":""3dc1a088b6d2d8eafe25a7cd7ec7b58d731bd7cc"",""lake_sha256"":""9a89b2af1bddb7e6d5a8dbb2c715288bcb4f24b9129132640cee950734366bcb"",""lean_sha256"":""b48bc5ab229bd8b320a224b87e20fc428dba6fa8a1c054bd4fa6def846e19997""}},{""name"":""Lake shared artifact-cache writer recovery probe"",""identity"":{""artifact"":""support/probe.py"",""sha256"":""6304d7953ed43bc75dd621f85f882d51824d26341f7a63c2091cb8daf90badf2""}}]"
R177,newer_version_recheck,Lean/Lake v4.30.0-rc2,"Lake shared-writer, frozen-consumer, and changed-definition controls","On a tiny v4.30.0-rc2 Lake fixture, two simultaneous consumers sharing one writable source-only producer did not both succeed: one exited with compiled configuration is invalid; run with '-R' to reconfigure. Four simultaneous consumers in a separate run all succeeded while each logged Built Dep against the same producer paths. This contrast shows why one successful writer race is not a general shared-build-tree contract. Frozen prebuilt producer controls with separate consume",Lean 4 and Lake,False,Empirical or source-backed behavior depends on the named toolchain pin.,Lean/Lake stable v4.34.1; optional prerelease v4.35.0-rc3. Rebuild all OLean/native artifacts.,reports/anneal-3730-lake-writer-scale-v4-30-0-rc2/REPORT.json,reports/anneal-3730-lake-writer-scale-v4-30-0-rc2/REPORT.md,"[{""name"":""Lean 4 and Lake"",""identity"":{""repository"":""leanprover/lean4"",""revision"":""3dc1a088b6d2d8eafe25a7cd7ec7b58d731bd7cc"",""version"":""v4.30.0-rc2""}}]"
R178,incidental_or_citation,No pinned-software conclusion requiring a newer-version rerun,Coherent capture of a multi-file tree under concurrent edits,"A gated reader of 256 source files, 32 generated outputs, two target files, and one symlink obtained a complete A manifest after it pinned an immutable generation directory, even while a writer changed a live tree and switched the selected generation to B. Resolving the current symlink separately for every entry produced a mixed inventory: early A source bytes, B generated output and symlink target, and a missing renamed source. A third run mutated the pinned A directory itse",Gated multi-file capture fixture on macOS APFS,False,"Main conclusion is an audit, general model, history, standard, or contextual evidence; software versions identify provenance only.",No newer-version comparison for the main conclusion.,reports/anneal-3730-large-tree-coherent-capture-2026-09-29/REPORT.json,reports/anneal-3730-large-tree-coherent-capture-2026-09-29/REPORT.md,"[{""name"":""Gated multi-file capture fixture on macOS APFS"",""identity"":{""platform"":""macOS 26.6.2 arm64"",""filesystem"":""APFS"",""probe_sha256"":""fd362b30590020adbcf5cddcbd469bae78c346180d790cb17be5953ed3fa159c""}}]"
R179,newer_version_recheck,Rust/Cargo/rustc nightly-2026-05-31,I023: proof edits after the current Rust model fails,"Observed 2026-09-29 with pinned Charon, one-shot Aeneas and Lean 4.30.0-rc2. The tiny saved Rust source first defined inc(x: u32) = x + 1. Charon and Aeneas succeeded, generated Lean modules compiled, and proof v1 of lastgoodprobe.inc 0#u32 = .ok 1#u32 passed. The report records the exact source, LLBC, generated-file and proof hashes as model A.",Pinned Charon CLI; Pinned Aeneas CLI; Lean v4.30.0-rc2,False,Empirical or source-backed behavior depends on the named toolchain pin.,Rust stable 1.98.1 and nightly-2026-09-30 (rustc 1.101.0-nightly); use matching toolchain for compiler behavior.,reports/anneal-3730-last-good-model-after-rust-failure-2026-09-29/REPORT.json,reports/anneal-3730-last-good-model-after-rust-failure-2026-09-29/REPORT.md,"[{""name"":""Pinned Charon CLI"",""identity"":{""executable_sha256"":""51bb6d23beab3f97a684c25162d3e402fc820c891b57b21d2ca781c1da211a8b""}},{""name"":""Pinned Aeneas CLI"",""identity"":{""executable_sha256"":""f476001e1a8e8c5cb1d8a621a25716d8e15f0809c8a023c5349357acc0911d03""}},{""name"":""Lean v4.30.0-rc2"",""identity"":{""version"":""v4.30.0-rc2"",""executable_sha256"":""b48bc5ab229bd8b320a224b87e20fc428dba6fa8a1c054bd4fa6def846e19997""}}]"
R180,newer_version_recheck,June 2026 Rust→Charon→Aeneas→Lean 4.30.0-rc2 bundle,R25: last-good proof feedback ends on a fresh signature-changing model,"Observed 2026-09-29 with pinned Charon, one-shot Aeneas and Lean 4.30.0-rc2 CLIs. The source moved through A → failed revision → supported B at one saved Rust pathname. The scripts and raw command/status/diagnostic transcript are in support/; all source and proof revisions, LLBC and generated Lean outputs are retained under support/work.",Pinned Charon CLI; Pinned Aeneas CLI; Lean v4.30.0-rc2,False,Empirical or source-backed behavior depends on the named toolchain pin.,Aeneas nightly-2026.09.30-0855ce1 with its paired Charon e435e5f and Lean 4.31.0; separate standalone Charon comparison.,reports/anneal-3730-last-good-model-signature-recovery-2026-09-29/REPORT.json,reports/anneal-3730-last-good-model-signature-recovery-2026-09-29/REPORT.md,"[{""name"":""Pinned Charon CLI"",""identity"":{""executable_sha256"":""51bb6d23beab3f97a684c25162d3e402fc820c891b57b21d2ca781c1da211a8b""}},{""name"":""Pinned Aeneas CLI"",""identity"":{""executable_sha256"":""f476001e1a8e8c5cb1d8a621a25716d8e15f0809c8a023c5349357acc0911d03""}},{""name"":""Lean v4.30.0-rc2"",""identity"":{""version"":""v4.30.0-rc2"",""executable_sha256"":""b48bc5ab229bd8b320a224b87e20fc428dba6fa8a1c054bd4fa6def846e19997""}}]"
R181,newer_version_recheck,Lean/Lake v4.30.0-rc2,Tiny Lean/Lake proof layout tradeoffs under shared helpers,"Three disposable module layouts used the same two claims and helper against the same model at Lean/Lake v4.30.0-rc2. A per-annotation approximation used two proof modules and two live file workers; per-file and per-artifact approximations used one proof module and one worker. After editing only the first claim, the split layout rebuilt AnnOne and its aggregate consumer while AnnTwo's OLean stayed byte-identical; the combined layouts rebuilt their entire proof-bearing module a",Lean 4 and Lake; disposable layout probe,False,Empirical or source-backed behavior depends on the named toolchain pin.,Lean/Lake stable v4.34.1; optional prerelease v4.35.0-rc3. Rebuild all OLean/native artifacts.,reports/anneal-3730-lean-artifact-layouts-v4-30-0-rc2/REPORT.json,reports/anneal-3730-lean-artifact-layouts-v4-30-0-rc2/REPORT.md,"[{""name"":""Lean 4 and Lake"",""identity"":{""repository"":""leanprover/lean4"",""revision"":""3dc1a088b6d2d8eafe25a7cd7ec7b58d731bd7cc"",""version"":""v4.30.0-rc2"",""lean_binary_sha256"":""b48bc5ab229bd8b320a224b87e20fc428dba6fa8a1c054bd4fa6def846e19997"",""lake_binary_sha256"":""9a89b2af1bddb7e6d5a8dbb2c715288bcb4f24b9129132640cee950734366bcb""}},{""name"":""disposable layout probe"",""identity"":{""artifact"":""support/probe.py"",""sha256"":""4a603f56ae82d91d95060b05df5d09aff1225264774ffe0b183ed796871eeea0""}}]"
R182,prior_comparison,Lean/Lake v4.29.0 versus v4.30.0-rc2 (prior comparison),Clean/prepared and batch/live equivalence at cached Lean 4.29 and 4.30-rc2 pins,"A tiny two-file Lean/Lake package was run separately with cached Lean 4.29.0 and Lean 4.30.0-rc2 on arm64 macOS. In each version, a clean built tree and an exact copied prepared tree agreed: fresh direct and lake env batch checks exited 0, evaluated depValue as 7, printed that the theorem has no axioms, and direct, lake env lean --server, and lake serve live queries returned no goals with the same informational diagnostics. lake --no-cache --no-build setup-file succeeded for ",Lean and Lake v4.29.0; Lean and Lake v4.30.0-rc2; google/zerocopy issue #3731,False,Existing comparison of earlier adjacent versions; refresh on the newer target.,Lean/Lake stable v4.34.1; optional prerelease v4.35.0-rc3. Rebuild all OLean/native artifacts.,reports/anneal-3730-lean-cross-version-equivalence-v4-29-v4-30-rc2-2026-09-29/REPORT.json,reports/anneal-3730-lean-cross-version-equivalence-v4-29-v4-30-rc2-2026-09-29/REPORT.md,"[{""name"":""Lean and Lake v4.29.0"",""identity"":{""upstream_commit"":""98dc76e3c0a9b856c9b98726b713fb04fab16740"",""lean_binary_sha256"":""2974847fff2e2621502841f4c2dbac4035b4847d6060a4f2087cbc0d04005e37"",""lake_binary_sha256"":""0e56506385ec20d56bffd7c031c4d48573ab5fdb74e5246ec8c45a220bebc68b""}},{""name"":""Lean and Lake v4.30.0-rc2"",""identity"":{""upstream_commit"":""3dc1a088b6d2d8eafe25a7cd7ec7b58d731bd7cc"",""lean_binary_sha256"":""b48bc5ab229bd8b320a224b87e20fc428dba6fa8a1c054bd4fa6def846e19997"",""lake_binary_sha256"":""9a89b2af1bddb7e6d5a8dbb2c715288bcb4f24b9129132640cee950734366bcb""}},{""name"":""google/zerocopy issue #3731"",""identity"":{""repository"":""google/zerocopy"",""issue"":""3731"",""scope_extension_comment_sha256"":""2451c7f38f864676a5aa23b16d4eb25ba18f768318829fd68715f9b384c1f533""}}]"
R183,newer_version_recheck,Lean/Lake v4.30.0-rc2,Imported-definition refresh across three Lean server launch modes,"In a tiny Lake workspace at Lean/Lake v4.30.0-rc2, direct lean --server, lake env lean --server, and lake serve showed the same bounded imported-generation split. The already open proof worker kept evaluating selected as 7 after either a source-only change or a valid .olean-only replacement. A newly opened file saw 9, while the old file still saw 7 after the new file was ready; closing and reopening the old file made it see 9. An .olean-only fresh-server control also saw 9. T",Lean 4 and Lake 4; direct and Lake launch refresh probe,False,Empirical or source-backed behavior depends on the named toolchain pin.,Lean/Lake stable v4.34.1; optional prerelease v4.35.0-rc3. Rebuild all OLean/native artifacts.,reports/anneal-3730-lean-launch-refresh-matrix-v4-30-0-rc2/REPORT.json,reports/anneal-3730-lean-launch-refresh-matrix-v4-30-0-rc2/REPORT.md,"[{""name"":""Lean 4 and Lake 4"",""identity"":{""repository"":""leanprover/lean4"",""revision"":""3dc1a088b6d2d8eafe25a7cd7ec7b58d731bd7cc"",""version"":""v4.30.0-rc2"",""lean_binary_sha256"":""b48bc5ab229bd8b320a224b87e20fc428dba6fa8a1c054bd4fa6def846e19997"",""lake_binary_sha256"":""9a89b2af1bddb7e6d5a8dbb2c715288bcb4f24b9129132640cee950734366bcb""}},{""name"":""direct and Lake launch refresh probe"",""identity"":{""artifact"":""support/probe.py"",""sha256"":""d20a5c7b20b71d7fdfec608144934f227c6a48678fc4ebff3487d1d18a7b5a01""}}]"
R184,newer_version_recheck,Lean/Lake v4.30.0-rc2,"Lean LSP two-file rename, nonempty action, signature and inlay edits","Pinned Lean 4.30.0-rc2 compiled Helper.lean to .olean and .ilean, then a single lean --server session opened four small Unicode files. LEANPATH and LEANSRCPATH both pointed to the scratch source root. The source-path setting mattered: in a discarded preliminary run without it, Lean represented the open Helper.lean as an external:file: module and rename returned only Main.lean edits. With it, the retained result uses module Helper and includes the declaration file. The complet",Pinned Lean 4.30.0-rc2 macOS arm64 two-file LSP fixture; Applied returned edits and fresh batch Lean results,False,Empirical or source-backed behavior depends on the named toolchain pin.,Lean/Lake stable v4.34.1; optional prerelease v4.35.0-rc3. Rebuild all OLean/native artifacts.,reports/anneal-3730-lean-lsp-multifile-actions-hints-2026-09-29/REPORT.json,reports/anneal-3730-lean-lsp-multifile-actions-hints-2026-09-29/REPORT.md,"[{""name"":""Pinned Lean 4.30.0-rc2 macOS arm64 two-file LSP fixture"",""identity"":{""helper_source_sha256"":""88ab46a2f5640781815e68a189348d12cb8aa854bb1ae6a4351be02cd07a0ef3"",""lean_sha256"":""b48bc5ab229bd8b320a224b87e20fc428dba6fa8a1c054bd4fa6def846e19997"",""main_source_sha256"":""d75c7766dd33e725c28217605eaa0a724320b3aa0e4d72987d09d04b783e188e"",""transcript_sha256"":""0b790f3b965b55f59fb95b2ff416f0e080db8fd017c91336c35a2575c799f426""}},{""name"":""Applied returned edits and fresh batch Lean results"",""identity"":{""applied_results_sha256"":""39fc4ca61c432fbf2446837eea91d867553422c321ae6ac35bbf8b7a83e39d28"",""apply_script_sha256"":""03355eb477d452130f067d1d5f5343dd52fa4c8477120022bcdb18f1e8084397""}}]"
R185,newer_version_recheck,Lean/Lake v4.30.0-rc2,Lean LSP navigation and edit operations on a Unicode proof,"Pinned Lean 4.30.0-rc2 lean --server opened support/UnicodeOps.lean in one scratch workspace. The source has Greek identifiers (α, hα, β, hβ), a theorem reference, and the incomplete tactic exa hβ. The client advertised UTF-16 then UTF-8. The server did not return an explicit positionEncoding, and this package uses UTF-16 columns for every decoded range. The complete JSON-RPC exchange and initialization capabilities are retained in support/transcript.json.",Lean 4.30.0-rc2 macOS arm64 LSP navigation/edit fixture; Illustrative projection replay of returned edits,False,Empirical or source-backed behavior depends on the named toolchain pin.,Lean/Lake stable v4.34.1; optional prerelease v4.35.0-rc3. Rebuild all OLean/native artifacts.,reports/anneal-3730-lean-lsp-navigation-edit-operations-2026-09-29/REPORT.json,reports/anneal-3730-lean-lsp-navigation-edit-operations-2026-09-29/REPORT.md,"[{""name"":""Lean 4.30.0-rc2 macOS arm64 LSP navigation/edit fixture"",""identity"":{""fixture_sha256"":""e62b58357941c35b96e545c0e01919725ab8eaee4cf13e6e630dc7142e053f36"",""lean_sha256"":""b48bc5ab229bd8b320a224b87e20fc428dba6fa8a1c054bd4fa6def846e19997"",""transcript_sha256"":""95cb9c98771f12fdeab62c4e27fb0c6d3641e0d9ef243115459108dca366c67a""}},{""name"":""Illustrative projection replay of returned edits"",""identity"":{""applied_lean_sha256"":""96045db150d8f000e8c05c3c0d022ab53cbef307bc2d467e3b44a9ec0f9dfdbd"",""replay_sha256"":""316c44b1dc5e792fcc3e9280eaaa797184c5a44be3d3a05c593e368d23770888""}}]"
R186,newer_version_recheck,Lean/Lake v4.30.0-rc2,"Lean LSP position, completion, code-action, and illustrative projection controls","This component probe runs pinned Lean 4.30.0-rc2 lean --server twice against the same Unicode proof file. The two initialize requests offered ['utf-16','utf-8'] and ['utf-8','utf-16'] respectively. In both sessions, the server omitted positionEncoding in its returned capabilities. The retained direct diagnostic for unknownName after 😀 begins at line 3, character 14: the Python scalar index is 13 and UTF-8 byte offset is 16, while UTF-16 column 14 matches the LSP range. The ob",Lean 4.30.0-rc2 macOS arm64 LSP; Illustrative 64-line 500-edit projection model,False,Empirical or source-backed behavior depends on the named toolchain pin.,Lean/Lake stable v4.34.1; optional prerelease v4.35.0-rc3. Rebuild all OLean/native artifacts.,reports/anneal-3730-lean-lsp-projection-code-actions-2026-09-29/REPORT.json,reports/anneal-3730-lean-lsp-projection-code-actions-2026-09-29/REPORT.md,"[{""name"":""Lean 4.30.0-rc2 macOS arm64 LSP"",""identity"":{""fixture_sha256"":""b752ced4edc1b9be5437cf10b1f84d76c0544359c12501581361895aed79a237"",""lean_sha256"":""b48bc5ab229bd8b320a224b87e20fc428dba6fa8a1c054bd4fa6def846e19997"",""transcript_sha256"":""b1c2f5fc494ab1339e6be0c06373d819ae591e735ab95064939b64cff3fc522f""}},{""name"":""Illustrative 64-line 500-edit projection model"",""identity"":{""script_sha256"":""2bd5b2ea161f894e7d32ab48563cdb4e8f8ee16dce05352853725aae631e7e81"",""seed"":""373013"",""stream_sha256"":""de9315ec39e54732d9d0820a7eb70f64c1ca86b5bcfdb735d30c0036eeac47e1""}}]"
R187,incidental_or_citation,No pinned-software conclusion requiring a newer-version rerun,I072: scoped Lean MCP adapter availability and toy two-client contract,"An availability-first inventory found no Lean MCP adapter executable in the current PATH under six likely names or executable names containing an MCP/Lean token, and no vendored existing adapter source in this reference-publish checkout. The checkout's 16 matching paths were report/documentation files, earlier contract probes, and this report's own toy files. The pre-existing lean-mcp-implementations-2026-09-27 report surveyed public adapter sources but explicitly did not ins",scoped Lean MCP adapter availability in current checkout and PATH; synthetic two-client stdio bridge over Lean v4.30.0-rc2,False,"Main conclusion is an audit, general model, history, standard, or contextual evidence; software versions identify provenance only.",No newer-version comparison for the main conclusion.,reports/anneal-3730-lean-mcp-adapter-availability-probe-2026-09-29/REPORT.json,reports/anneal-3730-lean-mcp-adapter-availability-probe-2026-09-29/REPORT.md,"[{""name"":""scoped Lean MCP adapter availability in current checkout and PATH"",""identity"":{""scope"":""reference-publish checkout and current executable PATH only"",""named_adapter_executables_found"":""0"",""checkout_adapter_source_found"":""0""}},{""name"":""synthetic two-client stdio bridge over Lean v4.30.0-rc2"",""identity"":{""lean_sha256"":""b48bc5ab229bd8b320a224b87e20fc428dba6fa8a1c054bd4fa6def846e19997"",""bridge_sha256"":""985d994dbda88ba99a1c22132b8b2f7c5fd27ef0b53670ec2bdd71e609d8796e"",""probe_sha256"":""2bd66ac89cea50ae59b93850d20ce7e68157459622415e5778fcc2a9e09b54ed"",""results_sha256"":""3fc15e388d50767bdae8d187ef649b9dfb2018a671c994a4e80731b557af05f8""}}]"
R188,newer_version_recheck,Lean/Lake v4.30.0-rc2,Guarded multi-minute Lean server worker ramp and RPC-reference soak,"On one 8 GiB macOS host, direct Lean 4.30.0-rc2 handled a sequential one/two/four-file-worker ramp plus a separate conflicting-import workspace over 188.97 seconds. All four cells completed: 69 versioned edit/goal checks and eight initial goal checks kept the intended file-specific targets. Each cell closed/reopened its files once, invalidated its old RPC session, and returned current rich goals after reconnect. An interactive-goal info reference worked before release and fai",Lean 4 v4.30.0-rc2 direct language server,False,Empirical or source-backed behavior depends on the named toolchain pin.,Lean/Lake stable v4.34.1; optional prerelease v4.35.0-rc3. Rebuild all OLean/native artifacts.,reports/anneal-3730-lean-multiminute-restart-resource-soak-2026-09-29/REPORT.json,reports/anneal-3730-lean-multiminute-restart-resource-soak-2026-09-29/REPORT.md,"[{""name"":""Lean 4 v4.30.0-rc2 direct language server"",""identity"":{""repository"":""leanprover/lean4"",""revision"":""3dc1a088b6d2d8eafe25a7cd7ec7b58d731bd7cc"",""version"":""v4.30.0-rc2"",""executable_sha256"":""b48bc5ab229bd8b320a224b87e20fc428dba6fa8a1c054bd4fa6def846e19997""}}]"
R189,newer_version_recheck,Lean/Lake v4.30.0-rc2,Direct Lean pool fault isolation and guarded restart,"Observed 2026-09-29 on an 8 GiB macOS arm64 host with pinned Lean 4.30.0-rc2. This is a direct-server component probe for #3730 J09 and #3731 I105/I110/I139. It uses four independent lean --server process groups, each with one tiny proof document. A proposed eight-worker follow-up was denied by the probe's admission guard: system-wide free memory was 42% after the four-worker cell, below its 45% eight-worker threshold. No eight-worker behavior is claimed.","Pinned Lean 4.30.0-rc2 four-worker direct-server fixture; Fault, crash, resource and synthetic fence transcript",False,Empirical or source-backed behavior depends on the named toolchain pin.,Lean/Lake stable v4.34.1; optional prerelease v4.35.0-rc3. Rebuild all OLean/native artifacts.,reports/anneal-3730-lean-pool-failure-isolation-2026-09-29/REPORT.json,reports/anneal-3730-lean-pool-failure-isolation-2026-09-29/REPORT.md,"[{""name"":""Pinned Lean 4.30.0-rc2 four-worker direct-server fixture"",""identity"":{""lean_sha256"":""b48bc5ab229bd8b320a224b87e20fc428dba6fa8a1c054bd4fa6def846e19997"",""worker_count"":""4"",""physical_bytes"":""8589934592"",""rss_cap_bytes"":""2516582400""}},{""name"":""Fault, crash, resource and synthetic fence transcript"",""identity"":{""probe_sha256"":""4f9e9ea1231b0c6c6210cd4d298fa01ca1b98af395dac2677ceadd73be0b019e"",""verifier_sha256"":""2fd8986ff497c5b83361e4067b273517a53c39e1fa8cad82ef36783e8777985b"",""transcript_sha256"":""4cd6c5becb743aa96c796b6ee0d0b9a7b6d8deffd31b3b918487b74e8fd03fe7"",""eight_admitted"":""false""}}]"
R190,newer_version_recheck,Lean/Lake v4.30.0-rc2,Deleted imported artifact remains usable in an open Lean worker,"In a direct Lean 4.30.0-rc2 server, deleting an imported module's source and .olean left an already open proof worker reporting no goals for a proof that depended on that module. A newly opened proof worker in the same server process, a closed and reopened original URI, and fresh batch Lean could no longer resolve the module. The source text of the proof did not change. The open worker's local result therefore cannot attest that the module still exists in the selected filesys",Lean 4,False,Empirical or source-backed behavior depends on the named toolchain pin.,Lean/Lake stable v4.34.1; optional prerelease v4.35.0-rc3. Rebuild all OLean/native artifacts.,reports/anneal-3730-lean-protocol-import-deletion-v4-30-0-rc2/REPORT.json,reports/anneal-3730-lean-protocol-import-deletion-v4-30-0-rc2/REPORT.md,"[{""name"":""Lean 4"",""identity"":{""repository"":""leanprover/lean4"",""revision"":""3dc1a088b6d2d8eafe25a7cd7ec7b58d731bd7cc"",""version"":""v4.30.0-rc2""}}]"
R191,newer_version_recheck,Lean/Lake v4.30.0-rc2,Lean goal-query version race with a tactic gate,"At Lean 4.30.0-rc2, a client can receive a successful version-1 diagnostics wait and a version-1 goal after it has sent a version-2 edit. Once version 2 completes, a waitForDiagnostics request specifying version 1 still succeeds, and $/lean/plainGoal returns version-2 goals even when its textDocument object includes version: 1. The plainGoal request schema has no version field. A separate controlled cancellation returned JSON-RPC error -32800 before any edit in three runs. Th",Lean 4,False,Empirical or source-backed behavior depends on the named toolchain pin.,Lean/Lake stable v4.34.1; optional prerelease v4.35.0-rc3. Rebuild all OLean/native artifacts.,reports/anneal-3730-lean-protocol-races-v4-30-0-rc2/REPORT.json,reports/anneal-3730-lean-protocol-races-v4-30-0-rc2/REPORT.md,"[{""name"":""Lean 4"",""identity"":{""repository"":""leanprover/lean4"",""revision"":""3dc1a088b6d2d8eafe25a7cd7ec7b58d731bd7cc"",""version"":""v4.30.0-rc2""}}]"
R192,newer_version_recheck,Lean/Lake v4.30.0-rc2,"Direct Lean RPC session lifetimes, delayed replies, and historical snapshots","For direct Lean 4.30.0-rc2 servers, an RPC session remained usable across an in-place document edit and returned the new goal. It became invalid after close/reopen or a new server, returning -32900. A cancelled, gated RPC request returned -32800, while the session remained usable. A killed worker's outstanding request did not complete within 15 seconds; close/reopen then delivered -32801 and started a usable worker. Separate old and replacement servers returned opposite goals",Lean 4; direct Lean RPC lifecycle probe,False,Empirical or source-backed behavior depends on the named toolchain pin.,Lean/Lake stable v4.34.1; optional prerelease v4.35.0-rc3. Rebuild all OLean/native artifacts.,reports/anneal-3730-lean-rpc-lifetimes-v4-30-0-rc2/REPORT.json,reports/anneal-3730-lean-rpc-lifetimes-v4-30-0-rc2/REPORT.md,"[{""name"":""Lean 4"",""identity"":{""repository"":""leanprover/lean4"",""revision"":""3dc1a088b6d2d8eafe25a7cd7ec7b58d731bd7cc"",""version"":""v4.30.0-rc2"",""binary_sha256"":""b48bc5ab229bd8b320a224b87e20fc428dba6fa8a1c054bd4fa6def846e19997""}},{""name"":""direct Lean RPC lifecycle probe"",""identity"":{""artifact"":""support/probe.py"",""sha256"":""b17723466f7ff64e8566cd1df1b861fa81b3c3b8893d365cd99a31703f6b859b""}}]"
R193,newer_version_recheck,Lean/Lake v4.30.0-rc2,Guarded direct Lean server edit/query/restart resource soak,"One pinned direct Lean LSP proof workspace ran for 336.55 seconds across three consecutive server lifetimes and two restarts. Each lifetime lasted about 111.6 seconds, executed 21 versioned proof-buffer edits and 21 goal queries, then shut down cleanly. All 63 edited goals returned ⊢ depValue = 7; a fresh server reopened the saved proof after each prior shutdown and returned the same goal. Thirty-six periodic full samples recorded macOS process-tree footprint, summed RSS, hos",Lean 4,False,Empirical or source-backed behavior depends on the named toolchain pin.,Lean/Lake stable v4.34.1; optional prerelease v4.35.0-rc3. Rebuild all OLean/native artifacts.,reports/anneal-3730-lean-server-resource-drift-soak-2026-09-29/REPORT.json,reports/anneal-3730-lean-server-resource-drift-soak-2026-09-29/REPORT.md,"[{""name"":""Lean 4"",""identity"":{""repository"":""leanprover/lean4"",""revision"":""3dc1a088b6d2d8eafe25a7cd7ec7b58d731bd7cc"",""version"":""v4.30.0-rc2""}}]"
R194,newer_version_recheck,Lean/Lake v4.30.0-rc2,"Bounded direct Lean server edit soak, import context, and RPC reference lifetime","One direct Lean 4.30.0-rc2 watchdog at a time handled 12 edits in each of two tiny workspaces, two close/reopens per workspace, a clean server restart, and a client-side timeout followed by another clean restart. All 24 current goals retained their expected file value. Same-named Dep imports were not selected by URI: opening B's proof under A's server evaluated A's value and failed B's rfl check, whereas B's own fresh server evaluated B's value. An interactive-goal info refer",Lean 4 v4.30.0-rc2 direct language server,False,Empirical or source-backed behavior depends on the named toolchain pin.,Lean/Lake stable v4.34.1; optional prerelease v4.35.0-rc3. Rebuild all OLean/native artifacts.,reports/anneal-3730-lean-server-soak-context-rpc-2026-09-29/REPORT.json,reports/anneal-3730-lean-server-soak-context-rpc-2026-09-29/REPORT.md,"[{""name"":""Lean 4 v4.30.0-rc2 direct language server"",""identity"":{""repository"":""leanprover/lean4"",""revision"":""3dc1a088b6d2d8eafe25a7cd7ec7b58d731bd7cc"",""version"":""v4.30.0-rc2"",""executable_sha256"":""b48bc5ab229bd8b320a224b87e20fc428dba6fa8a1c054bd4fa6def846e19997""}}]"
R195,newer_version_recheck,Lean/Lake v4.30.0-rc2,Direct Lean edit burst with slow document and concurrent batch check,"One pinned Lean 4.30.0-rc2 watchdog held a slow document at a runtac file gate while a second open document received five full-text didChange notifications with versions 2, 4, 4, 3, 5. A fresh lean --json batch checker was actively inside a separate timed runcmd during the burst. The fast document's final version-5 diagnostics wait completed 253 ms after the burst, and its goal request completed 274 ms after the burst with ⊢ 5 = 5. The batch exited 0; releasing the slow gate ",Pinned Lean 4.30.0-rc2 direct server and batch CLI; Two open documents and one fresh batch source,False,Empirical or source-backed behavior depends on the named toolchain pin.,Lean/Lake stable v4.34.1; optional prerelease v4.35.0-rc3. Rebuild all OLean/native artifacts.,reports/anneal-3730-lean-three-document-edit-storm-2026-09-29/REPORT.json,reports/anneal-3730-lean-three-document-edit-storm-2026-09-29/REPORT.md,"[{""name"":""Pinned Lean 4.30.0-rc2 direct server and batch CLI"",""identity"":{""sha256_file"":""support/transcript.json#subject.lean_sha256""}},{""name"":""Two open documents and one fresh batch source"",""identity"":{""source_dir"":""support/work""}}]"
R196,prior_comparison,Lean/Lake v4.29.0 versus v4.30.0-rc2 (prior comparison),"Transitive import, option, macro, plugin, and RPC lifecycle matrix","Against cached Lean/Lake 4.29.0 and 4.30.0-rc2, one tiny Lake project showed the same qualitative split. An already open proof worker kept evaluating a transitive import as 7, reported Lake option pp.universes=false, and completed an imported probetac macro after its upstream module, Lake option, and native plugin binary changed. A newly opened proof file saw value 9, option true, and a remaining ⊢ True macro goal. Its failed rfl left ⊢ Eq.{1} transitive 7; the old file still",Lean 4 and Lake 4.29.0; Lean 4 and Lake 4.30.0-rc2; Transitive import and RPC fixture,False,Existing comparison of earlier adjacent versions; refresh on the newer target.,Lean/Lake stable v4.34.1; optional prerelease v4.35.0-rc3. Rebuild all OLean/native artifacts.,reports/anneal-3730-lean-transitive-import-rpc-matrix-2026-09-29/REPORT.json,reports/anneal-3730-lean-transitive-import-rpc-matrix-2026-09-29/REPORT.md,"[{""name"":""Lean 4 and Lake 4.29.0"",""identity"":{""repository"":""leanprover/lean4"",""revision"":""98dc76e3c0a9b856c9b98726b713fb04fab16740"",""version"":""v4.29.0"",""lean_sha256"":""2974847fff2e2621502841f4c2dbac4035b4847d6060a4f2087cbc0d04005e37"",""lake_sha256"":""0e56506385ec20d56bffd7c031c4d48573ab5fdb74e5246ec8c45a220bebc68b""}},{""name"":""Lean 4 and Lake 4.30.0-rc2"",""identity"":{""repository"":""leanprover/lean4"",""revision"":""3dc1a088b6d2d8eafe25a7cd7ec7b58d731bd7cc"",""version"":""v4.30.0-rc2"",""lean_sha256"":""b48bc5ab229bd8b320a224b87e20fc428dba6fa8a1c054bd4fa6def846e19997"",""lake_sha256"":""9a89b2af1bddb7e6d5a8dbb2c715288bcb4f24b9129132640cee950734366bcb""}},{""name"":""Transitive import and RPC fixture"",""identity"":{""artifact"":""support/probe.py"",""sha256"":""54d4478ab58cbb5665e19d41ef632c0a1ae79094f6dae6b0bfa32a71b2c1117e""}}]"
R197,newer_version_recheck,Lean/Lake v4.30.0-rc2,"Lean URI, historical query, and imported-model boundaries","This is a bounded direct Lean/Lake component experiment for I033/H01–H02/H04, I047/A05–A06, and I056/C10. It uses the cached Lean/Lake 4.30.0-rc2 pin, tiny private projects, fresh batch checks, and sequential LSP sessions. It does not exercise an Anneal generated workspace, Rust editor host, historical-query broker, or proof cache. The probe loads only the class/function definitions from the previously published direct/Lake LSP framing harness in anneal-3730-lean-launch-refre",Lean 4 and Lake,False,Empirical or source-backed behavior depends on the named toolchain pin.,Lean/Lake stable v4.34.1; optional prerelease v4.35.0-rc3. Rebuild all OLean/native artifacts.,reports/anneal-3730-lean-uri-history-import-boundaries-2026-09-29/REPORT.json,reports/anneal-3730-lean-uri-history-import-boundaries-2026-09-29/REPORT.md,"[{""name"":""Lean 4 and Lake"",""identity"":{""repository"":""leanprover/lean4"",""revision"":""3dc1a088b6d2d8eafe25a7cd7ec7b58d731bd7cc"",""version"":""v4.30.0-rc2"",""lean_binary_sha256"":""b48bc5ab229bd8b320a224b87e20fc428dba6fa8a1c054bd4fa6def846e19997"",""lake_binary_sha256"":""9a89b2af1bddb7e6d5a8dbb2c715288bcb4f24b9129132640cee950734366bcb""}}]"
R198,newer_version_recheck,Lean/Lake v4.30.0-rc2,Lean wrapper context and command-prefix reuse at v4.30.0-rc2,"This direct Lean experiment fills two previously unexecuted component cells in #3731: I037/B08 compares elaborated theorem outputs under local instances, macros, and autoImplicit; I036 records which commands actually re-elaborated after separate late tactic, definition, option, namespace, and import edits. It uses the cached Lean v4.30.0-rc2 binary, seven fresh lean --json batch files, and one sequential lean --server process with eleven document versions. There is no Anneal ",Lean 4,False,Empirical or source-backed behavior depends on the named toolchain pin.,Lean/Lake stable v4.34.1; optional prerelease v4.35.0-rc3. Rebuild all OLean/native artifacts.,reports/anneal-3730-lean-wrapper-context-prefix-reuse-v4-30-0-rc2/REPORT.json,reports/anneal-3730-lean-wrapper-context-prefix-reuse-v4-30-0-rc2/REPORT.md,"[{""name"":""Lean 4"",""identity"":{""repository"":""leanprover/lean4"",""revision"":""3dc1a088b6d2d8eafe25a7cd7ec7b58d731bd7cc"",""version"":""v4.30.0-rc2"",""binary_sha256"":""b48bc5ab229bd8b320a224b87e20fc428dba6fa8a1c054bd4fa6def846e19997""}}]"
R199,newer_version_recheck,Lean/Lake v4.30.0-rc2,Live Lean import after an OLean artifact is removed,"An already-open Lean server document continued to return its prior goal after its imported Dep.olean was unlinked. A second document opened in that same server after the unlink, and a document opened in a fresh server, both reported unknown module prefix 'Dep' and returned no goal. A fresh lean --json process also failed while the OLean was missing, then passed after exact artifact reconstruction. The experiment identifies a live-reader retention boundary for #3731 I121; it i",Direct Lean 4.30.0-rc2 server import after local OLean unlink,False,Empirical or source-backed behavior depends on the named toolchain pin.,Lean/Lake stable v4.34.1; optional prerelease v4.35.0-rc3. Rebuild all OLean/native artifacts.,reports/anneal-3730-live-lean-artifact-unlink-2026-09-29/REPORT.json,reports/anneal-3730-live-lean-artifact-unlink-2026-09-29/REPORT.md,"[{""name"":""Direct Lean 4.30.0-rc2 server import after local OLean unlink"",""identity"":{""lean_sha256"":""b48bc5ab229bd8b320a224b87e20fc428dba6fa8a1c054bd4fa6def846e19997"",""probe_sha256"":""d703178dad96db715f3ea59cac50c536ffa830a15fa1f065162c89a4df9edd26"",""platform"":""Darwin 25.6.0 arm64""}}]"
R200,newer_version_recheck,Lean/Lake v4.30.0-rc2,Live proof imports require a compiled upstream generation,"Observed 2026-09-29 with Lean 4.30.0-rc2 on macOS arm64. This direct Lean component experiment addresses #3730 C11 and the related #3731 I038–I040 questions about one live proof importing another. It uses tiny A.lean and B.lean modules, lean --server, batch lean --json, and controlled .olean rebuilds. There is no Anneal workspace, editor, annotation parser, or proof sandbox implementation in this fixture.","Lean 4.30.0-rc2 macOS arm64 two-proof import fixture; Direct LSP, batch, and import-context control",False,Empirical or source-backed behavior depends on the named toolchain pin.,Lean/Lake stable v4.34.1; optional prerelease v4.35.0-rc3. Rebuild all OLean/native artifacts.,reports/anneal-3730-live-proof-import-state-2026-09-29/REPORT.json,reports/anneal-3730-live-proof-import-state-2026-09-29/REPORT.md,"[{""name"":""Lean 4.30.0-rc2 macOS arm64 two-proof import fixture"",""identity"":{""lean_sha256"":""b48bc5ab229bd8b320a224b87e20fc428dba6fa8a1c054bd4fa6def846e19997"",""A0_source_sha256"":""639fb8886e82c890666f471b23b5576942cd642e4f6009ee53eeeb2299ff761e"",""A0_olean_sha256"":""a9e55ecd6b9847ed795703313da547bdb46f7e6d4dfa7c6de1d825888c9d8aef"",""A1_source_sha256"":""3267955b15d7578459c148ea403618af826044e7b589f9d011fb426e5b9a7f48"",""A1_olean_sha256"":""a901beed39bb578d291a65c258e9db339a24154b0ec427d2047810730339e28f""}},{""name"":""Direct LSP, batch, and import-context control"",""identity"":{""probe_sha256"":""28bf8756167fd13fe81de5030959a78f3a2fbe435d064cbb77c7344b0b20f802"",""verifier_sha256"":""bbd32a426dfdeb6ad1f0baf5842731fb32b90226c162222ddaf66af97639f5ee"",""transcript_sha256"":""4d38656b4e35a2f5cdb1f98d040ab1f8e18afb5076d8b27ca7d1e62fc5e283e4""}}]"
R201,newer_version_recheck,Lean/Lake v4.30.0-rc2,M06: Lake trace and artifact response to a generated-source provenance change,"Observed 2026-09-29 using the pinned local Lean 4.30.0-rc2, Lake 5.0.0-src+3dc1a08, and cached Aeneas Lean backend. This is executed component evidence for #3730 M06 and #3731 I100/I142. It extends R21's artifact-family inventory and R43's byte-identical generated-source replay with a byte-different, real Aeneas-generated module pair from the cross-layer comparator mutants.",Lean v4.30.0-rc2; Lake v4.30.0-rc2; Cached Aeneas Lean backend,False,Empirical or source-backed behavior depends on the named toolchain pin.,Lean/Lake stable v4.34.1; optional prerelease v4.35.0-rc3. Rebuild all OLean/native artifacts.,reports/anneal-3730-m06-generated-lake-source-order-trace-2026-09-29/REPORT.json,reports/anneal-3730-m06-generated-lake-source-order-trace-2026-09-29/REPORT.md,"[{""name"":""Lean v4.30.0-rc2"",""identity"":{""version"":""v4.30.0-rc2"",""executable_sha256"":""b48bc5ab229bd8b320a224b87e20fc428dba6fa8a1c054bd4fa6def846e19997""}},{""name"":""Lake v4.30.0-rc2"",""identity"":{""version"":""5.0.0-src+3dc1a08"",""executable_sha256"":""9a89b2af1bddb7e6d5a8dbb2c715288bcb4f24b9129132640cee950734366bcb""}},{""name"":""Cached Aeneas Lean backend"",""identity"":{""aeneas_olean_sha256"":""67701a9e8bf68cf0d51a01a4cb5648e2981c08d09402c4c4ac7bb8452d6263cb"",""manifest_sha256"":""92f8605a5f81a49924d1cac5e5a16d1b8328b797df787cf3afe87bdfdcc12bdb""}}]"
R202,newer_version_recheck,Lean/Lake v4.30.0-rc2,Direct Lean macro tactic goal positions through unsolved and solved edits,"For one pinned Lean 4.30.0-rc2 direct server, an unsolved macro tactic, a solved edit, and restoration of the unsolved text produced matching live and fresh-batch success/failure classifications. At the same tactic-line positions, plainGoal showed the incoming h : True ⊢ True before the tactic, then either that open goal or no goals after the macro token depending on the current edit. Exact cursor position and current document version matter even for a tiny macro expansion. T",Lean 4 direct server and batch compiler,False,Empirical or source-backed behavior depends on the named toolchain pin.,Lean/Lake stable v4.34.1; optional prerelease v4.35.0-rc3. Rebuild all OLean/native artifacts.,reports/anneal-3730-macro-tactic-position-recovery-v4-30-0-rc2/REPORT.json,reports/anneal-3730-macro-tactic-position-recovery-v4-30-0-rc2/REPORT.md,"[{""name"":""Lean 4 direct server and batch compiler"",""identity"":{""repository"":""leanprover/lean4"",""revision"":""3dc1a088b6d2d8eafe25a7cd7ec7b58d731bd7cc"",""version"":""v4.30.0-rc2"",""lean_binary_sha256"":""b48bc5ab229bd8b320a224b87e20fc428dba6fa8a1c054bd4fa6def846e19997""}}]"
R203,incidental_or_citation,No pinned-software conclusion requiring a newer-version rerun,Current-wire task model backed by a real Lean goal query,"The 2026 MCP task wire-control report checked the contemporary discovery/version/Tasks shapes with fixture text, while the earlier Lean-backed toy lifecycle queried real Lean under invented task methods. This report composes those two local test ideas: a standard-library stdio bridge shaped around 2026-07-28 server/discover, per-request version/capability metadata, tools/call, tasks/get, and tasks/cancel invokes an actual pinned Lean 4.30.0-rc2 LSP goal query. The core versio",google/zerocopy issue #3730; google/zerocopy issue #3731; Lean 4.30.0-rc2,False,"Main conclusion is an audit, general model, history, standard, or contextual evidence; software versions identify provenance only.",No newer-version comparison for the main conclusion.,reports/anneal-3730-mcp-2026-lean-goal-wire-composition-2026-09-29/REPORT.json,reports/anneal-3730-mcp-2026-lean-goal-wire-composition-2026-09-29/REPORT.md,"[{""name"":""google/zerocopy issue #3730"",""identity"":{""repository"":""google/zerocopy"",""issue"":""3730""}},{""name"":""google/zerocopy issue #3731"",""identity"":{""repository"":""google/zerocopy"",""issue"":""3731""}},{""name"":""Lean 4.30.0-rc2"",""identity"":{""version"":""4.30.0-rc2"",""commit"":""3dc1a088b6d2d8eafe25a7cd7ec7b58d731bd7cc""}}]"
R204,incidental_or_citation,No pinned-software conclusion requiring a newer-version rerun,MCP 2026 task wire controls in a local stdio test bridge,"The earlier MCP-shaped async lifecycle report deliberately used invented revision names and tools. The current MCP 2026-07-28 core and Tasks extension use materially different wire shapes: modern requests carry version and capabilities per request, server/discover replaces initialize, a task-capable tools/call may return resultType: ""task"", and tasks/get carries the final result. A new standard-library-only stdio test bridge exercised these shapes and negative controls. It is",Model Context Protocol base specification; MCP Tasks extension specification; Local raw stdio bridge and client probe,False,"Main conclusion is an audit, general model, history, standard, or contextual evidence; software versions identify provenance only.",No newer-version comparison for the main conclusion.,reports/anneal-3730-mcp-2026-task-wire-controls-2026-09-29/REPORT.json,reports/anneal-3730-mcp-2026-task-wire-controls-2026-09-29/REPORT.md,"[{""name"":""Model Context Protocol base specification"",""identity"":{""revision"":""2026-07-28"",""source"":""https://modelcontextprotocol.io/specification/2026-07-28/basic/versioning""}},{""name"":""MCP Tasks extension specification"",""identity"":{""revision"":""2026-07-28 draft as read 2026-09-29"",""source"":""https://tasks.extensions.modelcontextprotocol.io/specification/draft/tasks""}},{""name"":""Local raw stdio bridge and client probe"",""identity"":{""bridge"":""support/bridge.py"",""bridge_sha256"":""2fe6aa257a42f02deade18f1a9ecb9862eb3b8c1bf3c809211f906853c56165e"",""probe_sha256"":""154579a8f76b421cca54fe25fb2304aa1fb9d01e11c9f727f01af5b96b14df8b""}}]"
R205,incidental_or_citation,No pinned-software conclusion requiring a newer-version rerun,G03: toy async task lifecycle over a real Lean goal query,"Observed 2026-09-29 on AArch64 macOS. This is new component/contract evidence for #3730 G03 and #3731 I065/I071 beyond the earlier I072 adapter-availability/two-client probe. It is not an existing MCP adapter, an MCP SDK/conformance test, an Anneal bridge, or a product implementation. Accordingly G03's requested actual MCP long-running-task integration remains not run.",cached Lean 4.30.0-rc2 language server; toy stdio task bridge and pinned fixture,False,"Main conclusion is an audit, general model, history, standard, or contextual evidence; software versions identify provenance only.",No newer-version comparison for the main conclusion.,reports/anneal-3730-mcp-shaped-async-task-lifecycle-2026-09-29/REPORT.json,reports/anneal-3730-mcp-shaped-async-task-lifecycle-2026-09-29/REPORT.md,"[{""name"":""cached Lean 4.30.0-rc2 language server"",""identity"":{""lean_binary_sha256"":""b48bc5ab229bd8b320a224b87e20fc428dba6fa8a1c054bd4fa6def846e19997""}},{""name"":""toy stdio task bridge and pinned fixture"",""identity"":{""bridge"":""support/bridge.py"",""fixture_sha256"":""7f26c6edb74cf1cab89a66ddcc47530d92bdd989863ebe305c6f30c9d29bd0a3"",""observations"":""support/results.json""}}]"
R206,newer_version_recheck,Lean/Lake v4.30.0-rc2,Two logical clients over one Lean document authority,"A direct Lean 4.30.0-rc2 server answered two separately correlated local-client goal requests for the same unsaved projected document, while a small broker model kept one Rust-host source buffer authoritative. Its editor and agent roles alternated version-checked edits and queries; stale edits conflicted, an identical retry did not repeat a mutation, a reused request ID with changed payload conflicted, and polling repaired a deliberately dropped local notification. An unchang",Lean 4 language server; synthetic two-client editor and MCP-shaped broker fixture; Language Server Protocol 3.18 specification; Model Context Protocol 2026-07-28 specification,False,Empirical or source-backed behavior depends on the named toolchain pin.,Lean/Lake stable v4.34.1; optional prerelease v4.35.0-rc3. Rebuild all OLean/native artifacts.,reports/anneal-3730-multiclient-editor-contract-2026-09-29/REPORT.json,reports/anneal-3730-multiclient-editor-contract-2026-09-29/REPORT.md,"[{""name"":""Lean 4 language server"",""identity"":{""repository"":""leanprover/lean4"",""revision"":""3dc1a088b6d2d8eafe25a7cd7ec7b58d731bd7cc"",""version"":""v4.30.0-rc2"",""binary_sha256"":""b48bc5ab229bd8b320a224b87e20fc428dba6fa8a1c054bd4fa6def846e19997""}},{""name"":""synthetic two-client editor and MCP-shaped broker fixture"",""identity"":{""file"":""support/probe.py"",""sha256"":""f222d8e7397bc9ffadeeaab10924aeadc3da55546ac770d2b78321dc67e17e75""}},{""name"":""Language Server Protocol 3.18 specification"",""identity"":{""repository"":""microsoft/language-server-protocol"",""revision"":""de9a671ae6ba374cc748a29c1c620cbc536302ff""}},{""name"":""Model Context Protocol 2026-07-28 specification"",""identity"":{""repository"":""modelcontextprotocol/modelcontextprotocol"",""revision"":""5f5440bb26a62e2cf3440b92da5a667efa03b267""}}]"
R207,newer_version_recheck,June 2026 Rust→Charon→Aeneas→Lean 4.30.0-rc2 bundle,R37: tiny nested parallelism budget (J06 / I115),"Observed 2026-09-29 on Darwin 25.6.0 arm64, 8 GiB RAM. This is a direct component experiment, not an Anneal scheduler or Mathlib capacity measurement. It fills part of J06/I115 by measuring simultaneous outer units and configured inner budgets for Charon's Cargo invocation and direct Lean servers.",Pinned Charon CLI; Pinned Cargo nightly-2026-05-31; Lean v4.30.0-rc2 direct server,False,Empirical or source-backed behavior depends on the named toolchain pin.,Aeneas nightly-2026.09.30-0855ce1 with its paired Charon e435e5f and Lean 4.31.0; separate standalone Charon comparison.,reports/anneal-3730-nested-parallelism-budget-2026-09-29/REPORT.json,reports/anneal-3730-nested-parallelism-budget-2026-09-29/REPORT.md,"[{""name"":""Pinned Charon CLI"",""identity"":{""executable_sha256"":""51bb6d23beab3f97a684c25162d3e402fc820c891b57b21d2ca781c1da211a8b""}},{""name"":""Pinned Cargo nightly-2026-05-31"",""identity"":{""executable_sha256"":""71d7b3f81809731f3c95737386b0056cf0a335dd1e3dcb42ac4e3d81599480b1""}},{""name"":""Lean v4.30.0-rc2 direct server"",""identity"":{""version"":""v4.30.0-rc2"",""executable_sha256"":""b48bc5ab229bd8b320a224b87e20fc428dba6fa8a1c054bd4fa6def846e19997""}}]"
R208,newer_version_recheck,Lean/Lake v4.30.0-rc2,Nested tactic and term position grid in Lean 4.30.0-rc2,"Observed 2026-09-29 with local lean at leanprover/lean4@3dc1a088b6d2d8eafe25a7cd7ec7b58d731bd7cc. This is direct component evidence for #3731 I043. The prior plain-goal protocol transcript tested a flat tactic and versioned edit; the partial-elaboration report tested a few positions on valid flat tactics and explicitly left nested tactics, combinators, and a fuller position grid open. The InfoTree report explains the source selection machinery but did not execute this nested ",Lean v4.30.0-rc2,False,Empirical or source-backed behavior depends on the named toolchain pin.,Lean/Lake stable v4.34.1; optional prerelease v4.35.0-rc3. Rebuild all OLean/native artifacts.,reports/anneal-3730-nested-tactic-position-grid-v4-30-0-rc2/REPORT.json,reports/anneal-3730-nested-tactic-position-grid-v4-30-0-rc2/REPORT.md,"[{""name"":""Lean v4.30.0-rc2"",""identity"":{""version"":""v4.30.0-rc2"",""commit"":""3dc1a088b6d2d8eafe25a7cd7ec7b58d731bd7cc"",""executable_sha256"":""b48bc5ab229bd8b320a224b87e20fc428dba6fa8a1c054bd4fa6def846e19997""}}]"
R209,newer_version_recheck,June 2026 Rust→Charon→Aeneas→Lean 4.30.0-rc2 bundle,Nested tactic positions across unsaved errors and recovery in Lean 4.30.0-rc2,"In one direct Lean server, an unsaved nested syntax error made $/lean/plainGoal return JSON null at the malformed token and the following outer tactic, while a later theorem still exposed its ordinary goal. Replacing the error with an unknown nested tactic instead returned the unresolved outer target at the error token and null at the following tactic. Restoring the original unsaved text restored all seven queried positions and cleared diagnostics. These are versioned-wait ob",Lean v4.30.0-rc2,False,Empirical or source-backed behavior depends on the named toolchain pin.,Aeneas nightly-2026.09.30-0855ce1 with its paired Charon e435e5f and Lean 4.31.0; separate standalone Charon comparison.,reports/anneal-3730-nested-unsaved-recovery-grid-v4-30-0-rc2/REPORT.json,reports/anneal-3730-nested-unsaved-recovery-grid-v4-30-0-rc2/REPORT.md,"[{""name"":""Lean v4.30.0-rc2"",""identity"":{""version"":""v4.30.0-rc2"",""commit"":""3dc1a088b6d2d8eafe25a7cd7ec7b58d731bd7cc"",""executable_sha256"":""b48bc5ab229bd8b320a224b87e20fc428dba6fa8a1c054bd4fa6def846e19997""}}]"
R210,incidental_or_citation,No pinned-software conclusion requiring a newer-version rerun,OS lock ordering and file-descriptor recovery controls,"Two bounded macOS child processes taking advisory locks in opposite order each held one lock and blocked on the other. Killing one released its lock and let the survivor complete. With both children using the same order, both completed without intervention. In a separate child limited to 32 open descriptors, staging a candidate artifact failed with EMFILE; the selected last-good pointer still named A. After releasing descriptors, the child staged and selected B. These are dir",Bounded two-lock and child-only descriptor exhaustion controls,False,"Main conclusion is an audit, general model, history, standard, or contextual evidence; software versions identify provenance only.",No newer-version comparison for the main conclusion.,reports/anneal-3730-os-lock-fd-recovery-controls-2026-09-29/REPORT.json,reports/anneal-3730-os-lock-fd-recovery-controls-2026-09-29/REPORT.md,"[{""name"":""Bounded two-lock and child-only descriptor exhaustion controls"",""identity"":{""platform"":""macOS Darwin 25.6.0 arm64"",""python"":""3.14.7"",""probe_sha256"":""f137e4520adc6c793d20b3ecd073c2fed8ee74a1090a763a6c82742fe9aeec0e""}}]"
R211,newer_version_recheck,June 2026 Rust→Charon→Aeneas→Lean 4.30.0-rc2 bundle,Goal queries around partial and failed Lean elaboration,"In four direct Lean 4.30.0-rc2 fixtures, a failed middle declaration did not prevent the server from exposing tactic goals in valid declarations both before and after it. Batch compilation still exited 1 in every case. The failure-position goal depended on the error: unfinished proof and unknown tactic yielded ⊢ True; deterministic heartbeat timeout and recoverable syntax error yielded JSON null. #print axioms after reported that the later after theorem used no axioms in all ",Lean 4; partial-elaboration batch and LSP probe,False,Empirical or source-backed behavior depends on the named toolchain pin.,Aeneas nightly-2026.09.30-0855ce1 with its paired Charon e435e5f and Lean 4.31.0; separate standalone Charon comparison.,reports/anneal-3730-partial-elaboration-queries-v4-30-0-rc2/REPORT.json,reports/anneal-3730-partial-elaboration-queries-v4-30-0-rc2/REPORT.md,"[{""name"":""Lean 4"",""identity"":{""repository"":""leanprover/lean4"",""revision"":""3dc1a088b6d2d8eafe25a7cd7ec7b58d731bd7cc"",""version"":""v4.30.0-rc2"",""binary_sha256"":""b48bc5ab229bd8b320a224b87e20fc428dba6fa8a1c054bd4fa6def846e19997""}},{""name"":""partial-elaboration batch and LSP probe"",""identity"":{""artifact"":""support/probe.py"",""sha256"":""1a52598fa127dbdc06ca021a8b954e03c320419c3c8575a98f66116913a5f6a9""}}]"
R212,newer_version_recheck,Lean/Lake v4.30.0-rc2,Per-worker copied-byte inventory for a tiny Lean proof project,"A direct Lean 4.30.0-rc2 experiment built one 5-file dependency universe and one or two private proof workers on the local APFS Data volume. Each worker built and then batch-checked a generated Proof.lean against Dep.olean in a fresh process. The proof was accepted in every configuration, and all worker Proof.olean files had the same SHA-256. With ordinary byte copies, each worker added 5 dependency files, 6,189 payload bytes, and 24,576 bytes of stblocks charge. With a direc",Lean 4,False,Empirical or source-backed behavior depends on the named toolchain pin.,Lean/Lake stable v4.34.1; optional prerelease v4.35.0-rc3. Rebuild all OLean/native artifacts.,reports/anneal-3730-per-worker-copied-byte-inventory-2026-09-29/REPORT.json,reports/anneal-3730-per-worker-copied-byte-inventory-2026-09-29/REPORT.md,"[{""name"":""Lean 4"",""identity"":{""repository"":""leanprover/lean4"",""revision"":""3dc1a088b6d2d8eafe25a7cd7ec7b58d731bd7cc"",""version"":""v4.30.0-rc2""}}]"
R213,newer_version_recheck,June 2026 Rust→Charon→Aeneas→Lean 4.30.0-rc2 bundle,"G15: pinned Rust-to-Lean navigation, and the producer-ID boundary","Observed 2026-09-29 on AArch64 macOS. This report adds executable component navigation evidence for #3730 G15 and #3731 I066/I149 using the already retained R44 compatible-bundle full-pipeline fixture, the R12 reorder fixture, and fresh same-leaf-name and loop-helper fixtures. The manifests pin bytes cryptographically, but their Charon→Aeneas→obligation links are derived name/span matches and fixture-authored choices, not a producer-authenticated cross-layer identity. The req",R44 cached June 3 Charon/Aeneas/Lean bundle; content-pinned derived navigation manifest,False,Empirical or source-backed behavior depends on the named toolchain pin.,Aeneas nightly-2026.09.30-0855ce1 with its paired Charon e435e5f and Lean 4.31.0; separate standalone Charon comparison.,reports/anneal-3730-pinned-cross-layer-navigation-boundary-2026-09-29/REPORT.json,reports/anneal-3730-pinned-cross-layer-navigation-boundary-2026-09-29/REPORT.md,"[{""name"":""R44 cached June 3 Charon/Aeneas/Lean bundle"",""identity"":{""charon_sha256"":""51bb6d23beab3f97a684c25162d3e402fc820c891b57b21d2ca781c1da211a8b"",""aeneas_sha256"":""f476001e1a8e8c5cb1d8a621a25716d8e15f0809c8a023c5349357acc0911d03"",""lean_sha256"":""b48bc5ab229bd8b320a224b87e20fc428dba6fa8a1c054bd4fa6def846e19997""}},{""name"":""content-pinned derived navigation manifest"",""identity"":{""manifest"":""support/manifest.json"",""manifest_sha256"":""c897830c70cd75c9c1e036fd8ef4f12cb0732d8748eadde402e09f73bbed6c37"",""extra_manifest_sha256"":""4a903e94ede9668f2d734fa0fe5597c2fc15e108730b71fdffbf3b16260a8942"",""helper_manifest_sha256"":""9c0655062bc22faf3d8670fe1e9d0b5fa13c70564f6544e202fc72f71e44394c"",""source_report"":""anneal-3730-compatible-bundle-upgrade-golden-2026-09-29"",""results"":""support/results.json""}}]"
R214,incidental_or_citation,No pinned-software conclusion requiring a newer-version rerun,Scratch publication semantics on APFS and a cached Linux overlayfs container,"The host already had Docker/OrbStack and a cached Ubuntu 24.04 image, allowing a bounded second-OS probe without installation, download, or host-volume mount. On the macOS APFS scratch volume and inside an ephemeral Linux overlayfs container, a descriptor opened before same-directory replacement still read the old file, a fresh path read the new file, and a descriptor opened before unlink still read its file after the pathname disappeared. A second process could not acquire a",macOS host APFS scratch filesystem; cached Ubuntu container on OrbStack Linux overlayfs; scratch-only cross-platform filesystem probe,False,"Main conclusion is an audit, general model, history, standard, or contextual evidence; software versions identify provenance only.",No newer-version comparison for the main conclusion.,reports/anneal-3730-platform-filesystem-boundary-2026-09-29/REPORT.json,reports/anneal-3730-platform-filesystem-boundary-2026-09-29/REPORT.md,"[{""name"":""macOS host APFS scratch filesystem"",""identity"":{""operating_system"":""macOS 26.6.2 build 25G83"",""kernel"":""Darwin 25.6.0 arm64"",""filesystem"":""APFS"",""device"":""disk3s1""}},{""name"":""cached Ubuntu container on OrbStack Linux overlayfs"",""identity"":{""image"":""ubuntu:24.04"",""image_digest"":""sha256:224a1869083a311ef3f13648a154ba79832fbef6364d31493642ca03082da254"",""linux_image_id"":""sha256:a61567bd31828687156d735ea8eb01ba4e37636e225dd6a48ba94136a70d9d61"",""kernel"":""7.0.14-orbstack-00380-ga7e0a2dc9535"",""filesystem"":""overlayfs""}},{""name"":""scratch-only cross-platform filesystem probe"",""identity"":{""file"":""support/fs_probe.pl"",""sha256"":""05e619e1fd3c6241070f5b3c421c66d5f84803c66a1e26e8a8623bc2eb98d54a""}}]"
R215,newer_version_recheck,Lean/Lake v4.30.0-rc2,Native plugin reversal across Lean file workers and restart,"One pinned Lean 4.30.0-rc2 watchdog opened three proof files while the same native plugin path was atomically changed from valid v1 to valid v2 and back to v1. Each newly opened file produced the matching initializer marker: plugin-v1, plugin-v2, plugin-v1. Previously opened proof files still answered no goals after each replacement. After that watchdog exited, a fresh server opened a fourth file and again produced plugin-v1. All four diagnostics waits and proof goal requests",Pinned Lean 4.30.0-rc2 direct server; Valid native plugin v1 and v2 binaries,False,Empirical or source-backed behavior depends on the named toolchain pin.,Lean/Lake stable v4.34.1; optional prerelease v4.35.0-rc3. Rebuild all OLean/native artifacts.,reports/anneal-3730-plugin-reversal-worker-order-2026-09-29/REPORT.json,reports/anneal-3730-plugin-reversal-worker-order-2026-09-29/REPORT.md,"[{""name"":""Pinned Lean 4.30.0-rc2 direct server"",""identity"":{""sha256_file"":""support/transcript.json#subject.lean_sha256""}},{""name"":""Valid native plugin v1 and v2 binaries"",""identity"":{""artifacts"":""support/artifacts/plugin-v1.dylib;support/artifacts/plugin-v2.dylib""}}]"
R216,newer_version_recheck,June 2026 Rust→Charon→Aeneas→Lean 4.30.0-rc2 bundle,Early prefix edit and cancellation during direct Lean elaboration,"In one pinned Lean server run, an unsaved early definition edit entered a deterministic elaboration gate before its suffix commands. The client then sent a newer early edit, canceled the older diagnostics wait, and released the gate. The older wait returned -32800; only the newer version's suffix markers ran, and its goal query selected ⊢ generated = 3. The unchanged leading marker did not rerun. This adds a bounded combined edit/cancel observation to #3731 I036; it does not ",Lean v4.30.0-rc2,False,Empirical or source-backed behavior depends on the named toolchain pin.,Aeneas nightly-2026.09.30-0855ce1 with its paired Charon e435e5f and Lean 4.31.0; separate standalone Charon comparison.,reports/anneal-3730-prefix-edit-cancellation-v4-30-0-rc2/REPORT.json,reports/anneal-3730-prefix-edit-cancellation-v4-30-0-rc2/REPORT.md,"[{""name"":""Lean v4.30.0-rc2"",""identity"":{""version"":""v4.30.0-rc2"",""commit"":""3dc1a088b6d2d8eafe25a7cd7ec7b58d731bd7cc"",""executable_sha256"":""b48bc5ab229bd8b320a224b87e20fc428dba6fa8a1c054bd4fa6def846e19997""}}]"
R217,newer_version_recheck,Lean/Lake v4.30.0-rc2,"Macro and doc-comment projection: ownership, patches, diagnostics, and edit stream","A real Rust fixture compiled with pinned nightly rustc and extracted with pinned Charon. Its ordinary function records had physical source spans and sourcetext; the macro-generated function had a span inside the macro definition and no sourcetext or generatedfromspan. A separate, explicitly illustrative projector copied three Rust doc-comment blocks into Lean text: one block fed two obligations, and two blocks fed one declaration. Pinned Lean accepted the baseline text and em",Pinned nightly Rust and Charon fixture; Pinned Lean v4.30.0-rc2 diagnostic specimens; Illustrative projection and patch matrix,False,Empirical or source-backed behavior depends on the named toolchain pin.,Lean/Lake stable v4.34.1; optional prerelease v4.35.0-rc3. Rebuild all OLean/native artifacts.,reports/anneal-3730-projection-macro-doccomment-patch-matrix-2026-09-29/REPORT.json,reports/anneal-3730-projection-macro-doccomment-patch-matrix-2026-09-29/REPORT.md,"[{""name"":""Pinned nightly Rust and Charon fixture"",""identity"":{""rustc_sha256"":""2ab7af1ea2ec5c69195fd8dfb0e1f91afdb7cc1e53127bba416616ce43a18dbc"",""charon_sha256"":""51bb6d23beab3f97a684c25162d3e402fc820c891b57b21d2ca781c1da211a8b"",""source_sha256"":""8000c44b932d72c22a026333f3f484d70cd88d33d738e729bedebff9e16c1dc5"",""llbc_sha256"":""a3695b9ecea33c962f1409db4d598fa56d1dce5cedc080fdd7811aff0bc444a7""}},{""name"":""Pinned Lean v4.30.0-rc2 diagnostic specimens"",""identity"":{""lean_sha256"":""b48bc5ab229bd8b320a224b87e20fc428dba6fa8a1c054bd4fa6def846e19997"",""generated_sha256"":""88f95120e60ba65cdb9cfa3e9b4ad6e5ee8d07d82d918b437608a3896d1e8181""}},{""name"":""Illustrative projection and patch matrix"",""identity"":{""artifact"":""support/probe.py"",""sha256"":""9a6f4fd11ae21b7843e88647f3667ba8ab2bdf6b8eca09e0e2d954203fabbb47""}}]"
R218,incidental_or_citation,No pinned-software conclusion requiring a newer-version rerun,"Piecewise projection, coordinate, and stale-patch properties in an illustrative harness","A deterministic property harness checked 2,982 invertible source boundaries across 106 Unicode/line-ending specimens and 800 edit steps against full projection regeneration. Its restricted incremental path matched regenerated text and segment maps in all 393 fast-path steps; 407 edits used full regeneration. Negative controls rejected edits into synthetic text, across distinct authored segments, at ambiguous insertion borders, and after the host/projection/version changed. Th",Illustrative piecewise projection property harness; CPython,False,"Main conclusion is an audit, general model, history, standard, or contextual evidence; software versions identify provenance only.",No newer-version comparison for the main conclusion.,reports/anneal-3730-projection-properties-2026-09-29/REPORT.json,reports/anneal-3730-projection-properties-2026-09-29/REPORT.md,"[{""name"":""Illustrative piecewise projection property harness"",""identity"":{""artifact"":""support/probe.py"",""sha256"":""78e4b04b5f1278a3c24f6b4d38360bf3ec8eb3cd69fa6dc37ac41d87bbee6e83""}},{""name"":""CPython"",""identity"":{""version"":""3.14.7""}}]"
R219,newer_version_recheck,Lean/Lake v4.30.0-rc2,Exact authored edit ranges versus compiler and generated-source provenance,"In frozen real tool output, Charon's macro-generated generated function had an item span inside the macro definition and no sourcetext; rustfmt moved that span from line 35 to lines 47–49 while preserving the function and its marker. Aeneas' generated Lean source named two Rust functions and printed source locations, but those comments only support lexical candidate links. Neither form identifies an exact editable Rust-hosted Lean range.",Charon 0.1.210 executable and frozen LLBC specimens; Aeneas generated Lean specimen; Controlled exact-origin and edit-authority harness,False,Empirical or source-backed behavior depends on the named toolchain pin.,Lean/Lake stable v4.34.1; optional prerelease v4.35.0-rc3. Rebuild all OLean/native artifacts.,reports/anneal-3730-projection-provenance-2026-09-29/REPORT.json,reports/anneal-3730-projection-provenance-2026-09-29/REPORT.md,"[{""name"":""Charon 0.1.210 executable and frozen LLBC specimens"",""identity"":{""repository"":""AeneasVerif/charon"",""revision"":""0c91ca1a8e002d6bfa8d8f1f452804fce2f92cf1"",""sha256"":""51bb6d23beab3f97a684c25162d3e402fc820c891b57b21d2ca781c1da211a8b"",""frozen_macro_llbc_sha256"":""aacad16387a02f5589d2f0006eaaf41ff91fa419854b773870e470dd04ecf0d6"",""frozen_snapshot_llbc_sha256"":""c0f36fd68ad9c6fa2796e1633089d8cef57db9214898bec28f3ddff765bfad00""}},{""name"":""Aeneas generated Lean specimen"",""identity"":{""repository"":""AeneasVerif/aeneas"",""revision"":""42c0e90dacf486f7d3ed5b6cde3a9a81f04915a4"",""artifact"":""support/frozen/Funs.lean"",""sha256"":""807263e41d4e0f0b32e6daf74d6ba02985048d3088043b407c1674a7ef8d4447""}},{""name"":""Controlled exact-origin and edit-authority harness"",""identity"":{""artifact"":""support/probe.py"",""sha256"":""15aff27d8721aa746401dee31740ac3f048c1a23b985221fc9d30b470e608026""}}]"
R220,newer_version_recheck,Lean/Lake v4.30.0-rc2,Prepared Lake pruning changes interactive extension behavior,"In one tiny pinned Lake project, deleting the compiled Extra and Macro OLeans and the native plugin dylib saved 102,240 bytes of 174,866 generated build bytes. The base proof and a proof using Lean's existing decide tactic still passed fresh batch checks. Proofs adding Extra or Macro imports and an explicit plugin load failed while those artifacts were absent. lake --no-build build reported both modules out of date. An ordinary lake serve session then rebuilt Extra from retai",Lean 4 and Lake local producer/consumer fixture,False,Empirical or source-backed behavior depends on the named toolchain pin.,Lean/Lake stable v4.34.1; optional prerelease v4.35.0-rc3. Rebuild all OLean/native artifacts.,reports/anneal-3730-pruned-lake-interactive-extension-v4-30-0-rc2/REPORT.json,reports/anneal-3730-pruned-lake-interactive-extension-v4-30-0-rc2/REPORT.md,"[{""name"":""Lean 4 and Lake local producer/consumer fixture"",""identity"":{""repository"":""leanprover/lean4"",""revision"":""3dc1a088b6d2d8eafe25a7cd7ec7b58d731bd7cc"",""version"":""v4.30.0-rc2"",""lean_binary_sha256"":""b48bc5ab229bd8b320a224b87e20fc428dba6fa8a1c054bd4fa6def846e19997"",""lake_binary_sha256"":""9a89b2af1bddb7e6d5a8dbb2c715288bcb4f24b9129132640cee950734366bcb""}}]"
R221,incidental_or_citation,No pinned-software conclusion requiring a newer-version rerun,Prepared Anneal archive availability and bounded missing-manifest Lake control,"The actual prepared Anneal omnibus archive needed for #3730 F04 / #3731 I089 was not present in the enumerated local checkout, .anneal-local-tools, or top-level Nix store. Three Nix derivation files were present, but no built archive output. The available Aeneas release tar and its mutable extracted/build tree are a different artifact. Thus this run does not execute F04 on the real archive.","Lean and Lake 4.30.0-rc2 local executables; Aeneas macOS arm64 release tar, examined as an archive-availability distinction; Synthetic prepared Lake producer and fresh consumers",False,"Main conclusion is an audit, general model, history, standard, or contextual evidence; software versions identify provenance only.",No newer-version comparison for the main conclusion.,reports/anneal-3730-real-archive-manifest-gate-2026-09-29/REPORT.json,reports/anneal-3730-real-archive-manifest-gate-2026-09-29/REPORT.md,"[{""name"":""Lean and Lake 4.30.0-rc2 local executables"",""identity"":{""repository"":""leanprover/lean4"",""revision"":""3dc1a088b6d2d8eafe25a7cd7ec7b58d731bd7cc"",""version"":""v4.30.0-rc2"",""lake_sha256"":""9a89b2af1bddb7e6d5a8dbb2c715288bcb4f24b9129132640cee950734366bcb"",""lean_sha256"":""b48bc5ab229bd8b320a224b87e20fc428dba6fa8a1c054bd4fa6def846e19997""}},{""name"":""Aeneas macOS arm64 release tar, examined as an archive-availability distinction"",""identity"":{""artifact"":""aeneas-macos-aarch64.tar.gz"",""sha256"":""76f78b645e338ec7e89329f0ad22792997f42bd9b5eb14643ac32ade224eeb61""}},{""name"":""Synthetic prepared Lake producer and fresh consumers"",""identity"":{""artifact"":""support/probe.py"",""sha256"":""d1fc309aeeb98bf146cc5e2d078b2ae193c6fb4159f0b58c9dfe14c1c75414dd""}}]"
R222,newer_version_recheck,Lean/Lake v4.30.0-rc2,Real Lean artifact path identity and reader lifetimes on APFS and overlayfs,"A pinned Lean 4.30.0-rc2 compiled two distinct Dep.olean generations and a separate Plugin.olean containing a tactic macro. On the Mac's APFS data volume, fresh Lean processes resolved symlink, hardlink, relative, case, and Unicode directory aliases. A resident Lean process that had already imported generation 7 returned 7 after an atomic path replacement with generation 9; a fresh process imported and proved against generation 9. An open file descriptor and read-only mmap co",Pinned Lean v4.30.0-rc2; Cached Ubuntu 24.04 amd64 overlayfs image; Real Lean filesystem lifetime probe,False,Empirical or source-backed behavior depends on the named toolchain pin.,Lean/Lake stable v4.34.1; optional prerelease v4.35.0-rc3. Rebuild all OLean/native artifacts.,reports/anneal-3730-real-lean-filesystem-lifetimes-2026-09-29/REPORT.json,reports/anneal-3730-real-lean-filesystem-lifetimes-2026-09-29/REPORT.md,"[{""name"":""Pinned Lean v4.30.0-rc2"",""identity"":{""repository"":""leanprover/lean4"",""revision"":""3dc1a088b6d2d8eafe25a7cd7ec7b58d731bd7cc"",""lean_sha256"":""b48bc5ab229bd8b320a224b87e20fc428dba6fa8a1c054bd4fa6def846e19997""}},{""name"":""Cached Ubuntu 24.04 amd64 overlayfs image"",""identity"":{""image_id"":""sha256:224a1869083a311ef3f13648a154ba79832fbef6364d31493642ca03082da254""}},{""name"":""Real Lean filesystem lifetime probe"",""identity"":{""artifact"":""support/probe.py"",""sha256"":""e83dbaad6a5e5133bb540692aa36f48d63c71ad022108c462e2444f0143585b0""}}]"
R223,newer_version_recheck,June 2026 Rust→Charon→Aeneas→Lean 4.30.0-rc2 bundle,Bounded Lake consumer and Lean server resource economics on an 8 GiB APFS host,Two independent tiny Lake consumers built distinct same-name Generated modules successfully with a sampled peak of 2.10 GB summed RSS across four Lake/Lean processes. One no-change warm pair sampled two processes and 1.30 GB summed RSS. Four short edit rounds under two separate direct Lean servers kept value-7 and value-9 goal/diagnostic sentinels distinct; the two watchdogs plus two workers grew in sampled summed RSS from 1.04 to 1.39 GB and dropped to zero after clean shutd,Lean 4 and Lake 4; bounded resource-economics probe,False,Empirical or source-backed behavior depends on the named toolchain pin.,Aeneas nightly-2026.09.30-0855ce1 with its paired Charon e435e5f and Lean 4.31.0; separate standalone Charon comparison.,reports/anneal-3730-resource-economics-2026-09-29/REPORT.json,reports/anneal-3730-resource-economics-2026-09-29/REPORT.md,"[{""name"":""Lean 4 and Lake 4"",""identity"":{""repository"":""leanprover/lean4"",""revision"":""3dc1a088b6d2d8eafe25a7cd7ec7b58d731bd7cc"",""version"":""v4.30.0-rc2"",""lean_binary_sha256"":""b48bc5ab229bd8b320a224b87e20fc428dba6fa8a1c054bd4fa6def846e19997"",""lake_binary_sha256"":""9a89b2af1bddb7e6d5a8dbb2c715288bcb4f24b9129132640cee950734366bcb""}},{""name"":""bounded resource-economics probe"",""identity"":{""artifact"":""support/probe.py"",""sha256"":""787f967a151e85c93761ae505f98c011af75e95362d4499be5841c354d8514c6""}}]"
R224,newer_version_recheck,June 2026 Rust→Charon→Aeneas→Lean 4.30.0-rc2 bundle,Bounded Lean server file-worker soak and contamination sentinels,"On one 8 GiB arm64 macOS host, a direct Lean 4.30.0-rc2 server opened one, two, then four tiny imported files. All 25 exact-position goal queries retained their file-specific sentinels through three edits per cell. The four-worker cell was admitted only after a measured two-worker extrapolation. Its largest sampled process-tree summed RSS was 1,846,132,736 bytes, below the 3,355,443,200-byte guard. This is a small component workload, not evidence of Mathlib-scale capacity or ",Lean 4 v4.30.0-rc2 arm64 macOS executable,False,Empirical or source-backed behavior depends on the named toolchain pin.,Aeneas nightly-2026.09.30-0855ce1 with its paired Charon e435e5f and Lean 4.31.0; separate standalone Charon comparison.,reports/anneal-3730-resource-soak-contamination-2026-09-29/REPORT.json,reports/anneal-3730-resource-soak-contamination-2026-09-29/REPORT.md,"[{""name"":""Lean 4 v4.30.0-rc2 arm64 macOS executable"",""identity"":{""repository"":""leanprover/lean4"",""revision"":""3dc1a088b6d2d8eafe25a7cd7ec7b58d731bd7cc"",""version"":""v4.30.0-rc2"",""executable_sha256"":""b48bc5ab229bd8b320a224b87e20fc428dba6fa8a1c054bd4fa6def846e19997""}}]"
R225,newer_version_recheck,June 2026 Rust→Charon→Aeneas→Lean 4.30.0-rc2 bundle,Retained one-worker full-chain byte and timing inventory,"The earlier anneal-3730-full-lake-server-chain-2026-09-29 report retained a successful single Rust→Charon→Aeneas→direct Lean→Lake→live Lean→fresh batch chain but did not group every retained local byte/inode. This read-only analysis inventoried that exact saved worker tree and extracted its recorded stage times. The 54 regular files and one symlink total 4,524,103 logical bytes and 4,698,112 stblocks × 512 bytes. Three generated Lean modules appear byte-identically in the gen",Read-only accounting of R48 one-worker Rust-to-Lake-to-server evidence,False,Empirical or source-backed behavior depends on the named toolchain pin.,Aeneas nightly-2026.09.30-0855ce1 with its paired Charon e435e5f and Lean 4.31.0; separate standalone Charon comparison.,reports/anneal-3730-retained-full-chain-byte-timing-inventory-2026-09-29/REPORT.json,reports/anneal-3730-retained-full-chain-byte-timing-inventory-2026-09-29/REPORT.md,"[{""name"":""Read-only accounting of R48 one-worker Rust-to-Lake-to-server evidence"",""identity"":{""source_package"":""anneal-3730-full-lake-server-chain-2026-09-29"",""source_results_sha256"":""8bb8a9d61054e8a6550b102c8985fc1befdac325d701c2814bc9bdc414b50f1c"",""inventory_script_sha256"":""7b843daa6a6396d74d325441fa23f917a6f9f8cbd632b86bf49c5edb6f5d904d""}}]"
R226,newer_version_recheck,Lean/Lake v4.30.0-rc2,"Tiny Lake generation retention, reconstruction, and owned-cleanup probe","Sixteen tiny, distinct Lean/Lake generations were built sequentially at v4.30.0-rc2. Retaining only a 14-byte value record per generation was cheapest but required rebuilding the source/control workspace for a query; retaining generated Lean and Lake control files still required a build; retaining compiled .lake state allowed --no-build preparation. For one old and one current generation, all three tiers reconstructed the expected theorem and batch evaluation in fresh process",Lean 4 and Lake,False,Empirical or source-backed behavior depends on the named toolchain pin.,Lean/Lake stable v4.34.1; optional prerelease v4.35.0-rc3. Rebuild all OLean/native artifacts.,reports/anneal-3730-retention-economics-v4-30-0-rc2/REPORT.json,reports/anneal-3730-retention-economics-v4-30-0-rc2/REPORT.md,"[{""name"":""Lean 4 and Lake"",""identity"":{""repository"":""leanprover/lean4"",""revision"":""3dc1a088b6d2d8eafe25a7cd7ec7b58d731bd7cc"",""version"":""v4.30.0-rc2""}}]"
R227,newer_version_recheck,Lean/Lake v4.30.0-rc2,Direct Lean RPC session expires without keep-alive,One pinned Lean direct server accepted an interactive-goal context reference and dereferenced it before a 42.01-second idle interval. The client sent no keep-alive or other message during that interval. Dereferencing the same reference through the old session then returned -32900 Outdated RPC session; a new RPC connection to the still-open document returned interactive goals. This closes a narrow direct Lean idle-expiry cell that earlier release/reopen reports left unmeasured,Lean 4 direct server RPC session,False,Empirical or source-backed behavior depends on the named toolchain pin.,Lean/Lake stable v4.34.1; optional prerelease v4.35.0-rc3. Rebuild all OLean/native artifacts.,reports/anneal-3730-rpc-idle-expiry-v4-30-0-rc2/REPORT.json,reports/anneal-3730-rpc-idle-expiry-v4-30-0-rc2/REPORT.md,"[{""name"":""Lean 4 direct server RPC session"",""identity"":{""repository"":""leanprover/lean4"",""revision"":""3dc1a088b6d2d8eafe25a7cd7ec7b58d731bd7cc"",""version"":""v4.30.0-rc2"",""lean_binary_sha256"":""b48bc5ab229bd8b320a224b87e20fc428dba6fa8a1c054bd4fa6def846e19997""}}]"
R228,newer_version_recheck,June 2026 Rust→Charon→Aeneas→Lean 4.30.0-rc2 bundle,Pinned Cargo → Charon → Aeneas → Lean golden vertical with negative controls,"A new three-function Cargo library compiled through pinned Charon 0.1.210, one-shot Aeneas nightly-2026.06.03, and cached Lean 4.30.0-rc2. The three selected Rust results and translated Lean claims matched for inc, twice, and choose: with wrappingadd(1), the results at zero were 1, 2, and 3; after changing the Rust body to wrappingadd(2), they were 2, 4, and 5. Cargo executed a selected-value test in each source state. Fresh Lean processes compiled the generated modules and p",pinned local Charon and Aeneas executables; pinned local Rust/Cargo nightly and Lean batch checker; self-contained Rust-to-Lean replay,False,Empirical or source-backed behavior depends on the named toolchain pin.,Aeneas nightly-2026.09.30-0855ce1 with its paired Charon e435e5f and Lean 4.31.0; separate standalone Charon comparison.,reports/anneal-3730-rust-charon-aeneas-lean-golden-vertical-2026-09-29/REPORT.json,reports/anneal-3730-rust-charon-aeneas-lean-golden-vertical-2026-09-29/REPORT.md,"[{""name"":""pinned local Charon and Aeneas executables"",""identity"":{""charon_sha256"":""51bb6d23beab3f97a684c25162d3e402fc820c891b57b21d2ca781c1da211a8b"",""aeneas_sha256"":""f476001e1a8e8c5cb1d8a621a25716d8e15f0809c8a023c5349357acc0911d03""}},{""name"":""pinned local Rust/Cargo nightly and Lean batch checker"",""identity"":{""cargo_sha256"":""71d7b3f81809731f3c95737386b0056cf0a335dd1e3dcb42ac4e3d81599480b1"",""lean_binary_sha256"":""b48bc5ab229bd8b320a224b87e20fc428dba6fa8a1c054bd4fa6def846e19997"",""aeneas_olean_sha256"":""67701a9e8bf68cf0d51a01a4cb5648e2981c08d09402c4c4ac7bb8452d6263cb""}},{""name"":""self-contained Rust-to-Lean replay"",""identity"":{""file"":""support/probe.py"",""sha256"":""a09a11988be827b35fc300a55d960a9e9419353366a3a37da871f81e28486430""}}]"
R229,newer_version_recheck,Rust/Cargo/rustc nightly-2026-05-31,Cargo input closure and workspace ownership controls for an interactive Rust subject,"At one pinned Rust/Cargo toolchain, a dependency-free two-crate fixture produced different compiled output while app/src/main.rs stayed byte-identical: changing a file consumed by includestr!, selecting a Cargo feature, or changing the manifest's default feature altered the program. Changing a doc comment from proof: alpha to proof: beta changed a local derive macro's generated constant and the binary's output. A→B→A restored the original source hash/output but represented a ",Rust compiler nightly-2026-05-31; Cargo 1.98.0-nightly; Offline Cargo input and ownership probe; Two-crate no-registry fixture,False,Empirical or source-backed behavior depends on the named toolchain pin.,Rust stable 1.98.1 and nightly-2026-09-30 (rustc 1.101.0-nightly); use matching toolchain for compiler behavior.,reports/anneal-3730-rust-input-snapshot-2026-09-29/REPORT.json,reports/anneal-3730-rust-input-snapshot-2026-09-29/REPORT.md,"[{""name"":""Rust compiler nightly-2026-05-31"",""identity"":{""repository"":""rust-lang/rust"",""revision"":""f8a08b688cbe60acc386ed1fbd1b7cbaaf5576b1"",""binary_sha256"":""2ab7af1ea2ec5c69195fd8dfb0e1f91afdb7cc1e53127bba416616ce43a18dbc""}},{""name"":""Cargo 1.98.0-nightly"",""identity"":{""repository"":""rust-lang/cargo"",""revision"":""fbb61be30e5f9ac3a6ad58e56a5c0f5db2d2b3ef"",""binary_sha256"":""71d7b3f81809731f3c95737386b0056cf0a335dd1e3dcb42ac4e3d81599480b1""}},{""name"":""Offline Cargo input and ownership probe"",""identity"":{""artifact"":""support/probe.py"",""sha256"":""4101c4def098de100aaa87b2cb8002d7f22ff7872717f50950a8fa6cee37b079""}},{""name"":""Two-crate no-registry fixture"",""identity"":{""artifact"":""support/fixture"",""canonical_file_hash_manifest_sha256"":""2e78b1712c66a02a2167b2102e16c4dfe0b60ecb75e1b89d1bae320640b2561f""}}]"
R230,newer_version_recheck,Lean/Lake v4.30.0-rc2,I061: local Rust position projection into Lean goal/RPC queries,"Observed 2026-09-29 with pinned nightly rustc and direct Lean 4.30.0-rc2 --server. A tiny local Python harness reads three // Lean lines between explicit markers in a valid Rust file, emits Projected.lean with two scaffold lines, and records a line/column map. The Rust file compiled to metadata. This is a minimal locator and protocol adapter, not Anneal parsing, an editor extension, or an InfoView UI.",Lean 4 v4.30.0-rc2 direct language server; Pinned nightly rustc,False,Empirical or source-backed behavior depends on the named toolchain pin.,Lean/Lake stable v4.34.1; optional prerelease v4.35.0-rc3. Rebuild all OLean/native artifacts.,reports/anneal-3730-rust-to-lean-infoview-reconnect-2026-09-29/REPORT.json,reports/anneal-3730-rust-to-lean-infoview-reconnect-2026-09-29/REPORT.md,"[{""name"":""Lean 4 v4.30.0-rc2 direct language server"",""identity"":{""version"":""v4.30.0-rc2"",""executable_sha256"":""b48bc5ab229bd8b320a224b87e20fc428dba6fa8a1c054bd4fa6def846e19997""}},{""name"":""Pinned nightly rustc"",""identity"":{""version"":""1.98.0-nightly (f8a08b688 2026-05-30)"",""executable_sha256"":""2ab7af1ea2ec5c69195fd8dfb0e1f91afdb7cc1e53127bba416616ce43a18dbc""}}]"
R231,newer_version_recheck,Rust/Cargo/rustc nightly-2026-05-31,Saved Rust subject versus a private materialized overlay,"Observed 2026-09-29 on macOS arm64 with pinned Charon 0.1.210, Cargo/rustc nightly 2026-05-31. This bounded component experiment addresses #3730 D01 and #3731 I009/I015/I073–I080. “Overlay” here means a copied, path-isolated Cargo workspace with a private target and LLBC destination. It is not an in-memory rustc editor overlay or an Anneal scheduler.",Pinned Cargo/Charon and three-package Rust fixture; Saved and materialized private-overlay Cargo/Charon matrix,False,Empirical or source-backed behavior depends on the named toolchain pin.,Rust stable 1.98.1 and nightly-2026-09-30 (rustc 1.101.0-nightly); use matching toolchain for compiler behavior.,reports/anneal-3730-saved-vs-private-rust-overlay-2026-09-29/REPORT.json,reports/anneal-3730-saved-vs-private-rust-overlay-2026-09-29/REPORT.md,"[{""name"":""Pinned Cargo/Charon and three-package Rust fixture"",""identity"":{""cargo"":""71d7b3f81809731f3c95737386b0056cf0a335dd1e3dcb42ac4e3d81599480b1"",""charon"":""51bb6d23beab3f97a684c25162d3e402fc820c891b57b21d2ca781c1da211a8b"",""rustc"":""2ab7af1ea2ec5c69195fd8dfb0e1f91afdb7cc1e53127bba416616ce43a18dbc"",""fixture_tree_sha256"":""2f8bce5daaea80b2c104afec7c903a68230848b6ee8b1e0085bafbd029e2f4da""}},{""name"":""Saved and materialized private-overlay Cargo/Charon matrix"",""identity"":{""probe_sha256"":""5ca55f7a8de3a46ce1764fbafbaaa41d0c51885f8c91a15d485ee065eefabb2b"",""verifier_sha256"":""e05f6ea762e746950690e258a2d6d8ed19069f8de43be8232f31366d47f5b483"",""results_sha256"":""5e8c3f8c21624362d6e82c890901546701b9c6891c3f123f91bc436c084e0e56"",""saved_subject_sha256"":""f1c8ac4ffd7ecce58f07d547e370658b3e3cec76f8b953095bba8ef151a7f248"",""clean_overlay_subject_sha256"":""f1c8ac4ffd7ecce58f07d547e370658b3e3cec76f8b953095bba8ef151a7f248"",""saved_unit_graph_sha256"":""dfe8b4f62e1f0336652a498c6fd3f926c0cc4601479a02f69854a6a27071e8f0""}}]"
R232,newer_version_recheck,Lean/Lake v4.30.0-rc2,Bounded 1/2/4/8 scratch-pool scaling with tiny imported Lean goals,"Eight direct Lean language-server cells exercised one, two, four, and eight simultaneous scratch workers in both cold local-build and warm shared-dependency modes. Every worker opened an unsolved imported proof, returned ⊢ depValue = 7, received an edit to rfl, then returned no goal. All 30 server shutdowns were clean. The eight-worker edited-state macOS group footprint charges were 1,288 MiB cold and 1,337 MiB warm; both were below the preflight 4.5 GiB cap. Summed RSS at th",Lean 4,False,Empirical or source-backed behavior depends on the named toolchain pin.,Lean/Lake stable v4.34.1; optional prerelease v4.35.0-rc3. Rebuild all OLean/native artifacts.,reports/anneal-3730-scratch-pool-scaling-2026-09-29/REPORT.json,reports/anneal-3730-scratch-pool-scaling-2026-09-29/REPORT.md,"[{""name"":""Lean 4"",""identity"":{""repository"":""leanprover/lean4"",""revision"":""3dc1a088b6d2d8eafe25a7cd7ec7b58d731bd7cc"",""version"":""v4.30.0-rc2""}}]"
R233,newer_version_recheck,Lean/Lake v4.30.0-rc2,Scratch tactic candidates with source and environment CAS,"This is a small contract prototype, not an Anneal scratch service. It uses pinned Lean 4.30.0-rc2 on one theorem in Proof.lean, imported from ProbeEnv.lean. Canonical state is a sequence of immutable generation directories plus an atomically replaced CURRENT.json pointer. Each candidate gets a private copy of the proof, import source, and compiled .olean; it is batch-checked with lean --json. Under a file lock, application compares the candidate's recorded source bytes, impor",Pinned Lean 4.30.0-rc2 macOS arm64 proof fixture; Private scratch candidate and immutable-generation CAS prototype,False,Empirical or source-backed behavior depends on the named toolchain pin.,Lean/Lake stable v4.34.1; optional prerelease v4.35.0-rc3. Rebuild all OLean/native artifacts.,reports/anneal-3730-scratch-tactic-cas-experiment-2026-09-29/REPORT.json,reports/anneal-3730-scratch-tactic-cas-experiment-2026-09-29/REPORT.md,"[{""name"":""Pinned Lean 4.30.0-rc2 macOS arm64 proof fixture"",""identity"":{""environment_source_sha256"":""715492091649a63fdf9dd4ce6ac08b96319e0ee8ed09347775d50149859b70e1"",""lean_sha256"":""b48bc5ab229bd8b320a224b87e20fc428dba6fa8a1c054bd4fa6def846e19997"",""proof_source_sha256"":""85cbe18dc39e096d9a266600f2f00ad280389eed1f4103a07df0e3d9cfde15d1""}},{""name"":""Private scratch candidate and immutable-generation CAS prototype"",""identity"":{""probe_sha256"":""884eb98f4313bb5f387b3bc4e21aa5d0c9fb0d6cb9e79f650de763965afebab2"",""results_sha256"":""796f642fbeee331ff955c2580a2c4aa0d8f0303c5dbb4632fad79683557d6cee""}}]"
R234,newer_version_recheck,Lean/Lake v4.30.0-rc2,"Two scratch writers, crash boundaries, and pinned-generation recovery","This extends the preceding I070 scratch-candidate contract prototype. Two separate local client processes copied the same canonical proof/import snapshot, ran pinned Lean 4.30.0-rc2 lean --json on different valid tactic candidates, and waited at one process barrier. Each then attempted a file-lock-protected CAS against the same CURRENT.json pointer. Exactly one candidate published generation 2; the other observed the changed proof preimage and was rejected as staleproof. The ",Pinned Lean 4.30.0-rc2 macOS arm64 proof fixture; Two-writer and crash-injected generation-pointer prototype,False,Empirical or source-backed behavior depends on the named toolchain pin.,Lean/Lake stable v4.34.1; optional prerelease v4.35.0-rc3. Rebuild all OLean/native artifacts.,reports/anneal-3730-scratch-tactic-concurrency-crash-2026-09-29/REPORT.json,reports/anneal-3730-scratch-tactic-concurrency-crash-2026-09-29/REPORT.md,"[{""name"":""Pinned Lean 4.30.0-rc2 macOS arm64 proof fixture"",""identity"":{""environment_source_sha256"":""715492091649a63fdf9dd4ce6ac08b96319e0ee8ed09347775d50149859b70e1"",""lean_sha256"":""b48bc5ab229bd8b320a224b87e20fc428dba6fa8a1c054bd4fa6def846e19997"",""proof_source_sha256"":""85cbe18dc39e096d9a266600f2f00ad280389eed1f4103a07df0e3d9cfde15d1""}},{""name"":""Two-writer and crash-injected generation-pointer prototype"",""identity"":{""orphan_manifest_sha256"":""f5cd3f3147adfa3b1865efad7345874c1409469936faba5ecf3f1d51fcccd021"",""probe_sha256"":""0655ef02a442130f2ec8165d43913660244afbbe2b8bfdea3e834121944c6acf"",""results_sha256"":""067e50deedc29cab80367c590640f1f38dd7af9b65b8fce3097fa21af2068d61""}}]"
R235,newer_version_recheck,Lean/Lake v4.30.0-rc2,Direct Lean server topology with conflicting imports and scratch workers,"One direct lean --server watchdog opened two files from independent directories whose same-named Dep imports disagreed. With the server launched under A's LEANPATH, both files evaluated selected as 11; B's proof expecting 22 failed. With separate A and B watchdogs, A evaluated 11 and B evaluated 22, and B's proof no longer had that error. This is an executable counterexample to treating two document URIs under one direct server as independently configured workspaces.",Lean 4; direct server topology probe,False,Empirical or source-backed behavior depends on the named toolchain pin.,Lean/Lake stable v4.34.1; optional prerelease v4.35.0-rc3. Rebuild all OLean/native artifacts.,reports/anneal-3730-server-topology-v4-30-0-rc2/REPORT.json,reports/anneal-3730-server-topology-v4-30-0-rc2/REPORT.md,"[{""name"":""Lean 4"",""identity"":{""repository"":""leanprover/lean4"",""revision"":""3dc1a088b6d2d8eafe25a7cd7ec7b58d731bd7cc"",""version"":""v4.30.0-rc2"",""binary_sha256"":""b48bc5ab229bd8b320a224b87e20fc428dba6fa8a1c054bd4fa6def846e19997""}},{""name"":""direct server topology probe"",""identity"":{""artifact"":""support/probe.py"",""sha256"":""e25dffeefadbd86f7d3eec4f862a8cf882e709fb99365a6730d8359be42288c0""}}]"
R236,newer_version_recheck,June 2026 Rust→Charon→Aeneas→Lean 4.30.0-rc2 bundle,Shared real Cargo job with two cancelling consumers,"Can two requests share one actual backend build while cancellation of one leaves the other's build alive, cancellation of both stops the child tree, and a backend failure fans out to both? On this tiny experimental owner/refcount harness, yes. The backend was an installed, offline Cargo 1.98.1 build of a dependency-free crate; two consumer records in one Python process shared exactly that one Popen handle. The harness is not Anneal's scheduler, editor or MCP transport. This i",google/zerocopy issue #3730; google/zerocopy issue #3731; Cargo 1.98.1,False,Empirical or source-backed behavior depends on the named toolchain pin.,Aeneas nightly-2026.09.30-0855ce1 with its paired Charon e435e5f and Lean 4.31.0; separate standalone Charon comparison.,reports/anneal-3730-shared-cargo-consumer-ownership-2026-09-29/REPORT.json,reports/anneal-3730-shared-cargo-consumer-ownership-2026-09-29/REPORT.md,"[{""name"":""google/zerocopy issue #3730"",""identity"":{""repository"":""google/zerocopy"",""issue"":""3730""}},{""name"":""google/zerocopy issue #3731"",""identity"":{""repository"":""google/zerocopy"",""issue"":""3731""}},{""name"":""Cargo 1.98.1"",""identity"":{""version"":""1.98.1"",""executable_sha256"":""778478868dbfe74960e49329bb5813d2f5ba95c8bfb1f37cd626c62cb26a214a""}}]"
R237,newer_version_recheck,June 2026 Rust→Charon→Aeneas→Lean 4.30.0-rc2 bundle,I028: shared generator plan with file and live sinks,"This is a synthetic generator, not Anneal source. A typed Input carries an import choice and a proof annotation. One construct function creates the header, annotation and footer as a deterministic Plan, including an exhaustive codepoint-boundary map from annotation UTF-8 offsets to generated UTF-8 offsets and corresponding UTF-16 positions. Two independent sinks consume the same segments: a file sink writes Generated.lean incrementally; a live sink sends didOpen for the heade",Lean v4.30.0-rc2 on macOS arm64; synthetic shared-plan file/live generator and four controls,False,Empirical or source-backed behavior depends on the named toolchain pin.,Aeneas nightly-2026.09.30-0855ce1 with its paired Charon e435e5f and Lean 4.31.0; separate standalone Charon comparison.,reports/anneal-3730-shared-generator-batch-live-sinks-2026-09-29/REPORT.json,reports/anneal-3730-shared-generator-batch-live-sinks-2026-09-29/REPORT.md,"[{""name"":""Lean v4.30.0-rc2 on macOS arm64"",""identity"":{""lean_sha256"":""b48bc5ab229bd8b320a224b87e20fc428dba6fa8a1c054bd4fa6def846e19997"",""commit"":""3dc1a088b6d2d8eafe25a7cd7ec7b58d731bd7cc""}},{""name"":""synthetic shared-plan file/live generator and four controls"",""identity"":{""probe_sha256"":""b22ec9536b70f0a49e840f3d3e7cd37535708206bae6c059a377216af74eed5f"",""results_sha256"":""381315225e16680f56dce0dfc7539d8731a31b2c9c9ae2f80e77ac96797eb640""}}]"
R238,incidental_or_citation,No pinned-software conclusion requiring a newer-version rerun,Controlled snapshot capture and subprocess publication probes,"Sequentially reading and revalidating files through a mutable generation pointer accepted a mixed snapshot under a controlled A/B/A/B schedule on APFS. Resolving one immutable generation directory before reading both files kept the pair coherent across a pointer swap. Separately, a small subprocess stage adapter showed that cancellation alone cannot be the publication guard: an old stage completed after a newer one and would have replaced the current result under last-complet",Controlled snapshot and job-stage probe; CPython; macOS APFS data volume,False,"Main conclusion is an audit, general model, history, standard, or contextual evidence; software versions identify provenance only.",No newer-version comparison for the main conclusion.,reports/anneal-3730-snapshot-capture-jobs-2026-09-29/REPORT.json,reports/anneal-3730-snapshot-capture-jobs-2026-09-29/REPORT.md,"[{""name"":""Controlled snapshot and job-stage probe"",""identity"":{""artifact"":""support/probe.py"",""sha256"":""fb1a7cbdff9cdb7b66a0f36234756af52c4862508dc5010735d4263d5a1995da""}},{""name"":""CPython"",""identity"":{""version"":""3.14.7""}},{""name"":""macOS APFS data volume"",""identity"":{""operating_system"":""macOS 26.6.2 (25G83)"",""filesystem"":""APFS""}}]"
R239,newer_version_recheck,Lean/Lake v4.30.0-rc2,Source-owned proof ranges versus compiler and Lean diagnostic origins,"A pinned Rust→Charon→Aeneas→Lean run retained source bytes, LLBC, generated Lean, compiled model modules, and a projected proof document. Rustc located a deliberately wrong Rust expression at source bytes 156–163. Charon gave ordinary functions source spans/text but gave a macro-generated function a span inside the macro definition with no sourcetext. Aeneas printed all three names and source locations in generated Lean comments; those are lexical navigation candidates, not a",Pinned Rust/Charon/Aeneas/Lean toolchain specimen; Source-owned projection and diagnostic probe,False,Empirical or source-backed behavior depends on the named toolchain pin.,Lean/Lake stable v4.34.1; optional prerelease v4.35.0-rc3. Rebuild all OLean/native artifacts.,reports/anneal-3730-source-owned-projection-diagnostic-matrix-2026-09-29/REPORT.json,reports/anneal-3730-source-owned-projection-diagnostic-matrix-2026-09-29/REPORT.md,"[{""name"":""Pinned Rust/Charon/Aeneas/Lean toolchain specimen"",""identity"":{""rustc_sha256"":""2ab7af1ea2ec5c69195fd8dfb0e1f91afdb7cc1e53127bba416616ce43a18dbc"",""charon_sha256"":""51bb6d23beab3f97a684c25162d3e402fc820c891b57b21d2ca781c1da211a8b"",""aeneas_sha256"":""f476001e1a8e8c5cb1d8a621a25716d8e15f0809c8a023c5349357acc0911d03"",""lean_sha256"":""b48bc5ab229bd8b320a224b87e20fc428dba6fa8a1c054bd4fa6def846e19997"",""source_sha256"":""36b8dc373f8217d0cceaf4574ee8cd06c7567d373345a90e053eccb1fb552c1f""}},{""name"":""Source-owned projection and diagnostic probe"",""identity"":{""artifact"":""support/probe.py"",""sha256"":""694521d4e7f656bfdbbd75785e59e814e80b52606ed807fdd7dc6d13568f8bb3""}}]"
R240,newer_version_recheck,Rust/Cargo/rustc nightly-2026-05-31,Local execution and evidence-boundary fixture for Rust and Lean,"In a disposable synthetic fixture, source hashing and cargo metadata --offline --no-deps left the workspace files unchanged and produced no side-effect markers. cargo check --offline then executed both a build script and a proc macro: each wrote an owned marker outside the intended fixture workspace, wrote through an owned TMPDIR, spawned /usr/bin/true, and sent a datagram to an owned 127.0.0.1 receiver. Direct lean --json executed a runcmd block that wrote one file inside an",Rust compiler; Cargo executable; Lean 4,False,Empirical or source-backed behavior depends on the named toolchain pin.,Rust stable 1.98.1 and nightly-2026-09-30 (rustc 1.101.0-nightly); use matching toolchain for compiler behavior.,reports/anneal-3730-trust-evidence-boundary-2026-09-29/REPORT.json,reports/anneal-3730-trust-evidence-boundary-2026-09-29/REPORT.md,"[{""name"":""Rust compiler"",""identity"":{""repository"":""rust-lang/rust"",""revision"":""48a229ceaefd4985c50990b14116b6d856af0985"",""version"":""1.98.1"",""binary_sha256"":""2814fb55fb9cfb3eef5848a8104d77e3de7fd95394661144a12ee90cd4405340""}},{""name"":""Cargo executable"",""identity"":{""version"":""1.98.1"",""binary_sha256"":""778478868dbfe74960e49329bb5813d2f5ba95c8bfb1f37cd626c62cb26a214a""}},{""name"":""Lean 4"",""identity"":{""repository"":""leanprover/lean4"",""revision"":""3dc1a088b6d2d8eafe25a7cd7ec7b58d731bd7cc"",""version"":""v4.30.0-rc2"",""binary_sha256"":""b48bc5ab229bd8b320a224b87e20fc428dba6fa8a1c054bd4fa6def846e19997""}}]"
R241,newer_version_recheck,Lean/Lake v4.30.0-rc2,Pinned editor API and projection precedents for an interactive Anneal,"The selected upstream APIs support a conservative adapter: keep the complete authored input and imported Lean environment as explicit job inputs, treat live goals as versioned editor observations, enumerate every generated-to-authored edit mapping, and decline edits whose ownership is ambiguous or crosses generated text. This is a design inference, not an observation of an Anneal V2 implementation. The earlier architecture-contracts report compared broad topologies and upstre",Lean 4 server protocol at the selected Anneal pin; rust-analyzer IDE host and architecture guide; Volar source map and language-service edit transforms; synthetic projection and edit mapping fixture,False,Empirical or source-backed behavior depends on the named toolchain pin.,Lean/Lake stable v4.34.1; optional prerelease v4.35.0-rc3. Rebuild all OLean/native artifacts.,reports/anneal-3730-upstream-api-projection-precedents-2026-09-29/REPORT.json,reports/anneal-3730-upstream-api-projection-precedents-2026-09-29/REPORT.md,"[{""name"":""Lean 4 server protocol at the selected Anneal pin"",""identity"":{""repository"":""leanprover/lean4"",""revision"":""3dc1a088b6d2d8eafe25a7cd7ec7b58d731bd7cc"",""version"":""v4.30.0-rc2""}},{""name"":""rust-analyzer IDE host and architecture guide"",""identity"":{""repository"":""rust-lang/rust-analyzer"",""revision"":""03fcb77246f2568adb0e9b2fa60d19c6cc1686f4""}},{""name"":""Volar source map and language-service edit transforms"",""identity"":{""repository"":""volarjs/volar.js"",""revision"":""44d58aee30d1d476c8ad3f6f5581b288d7185d1e""}},{""name"":""synthetic projection and edit mapping fixture"",""identity"":{""file"":""support/projection_probe.py"",""sha256"":""4f1974c8f49ddc2f630364b45a8e49c2cf9ebc5640921b3c16e5ae6547ffa99d""}}]"
R242,newer_version_recheck,June 2026 Rust→Charon→Aeneas→Lean 4.30.0-rc2 bundle,Prototype batch/live claim acceptance with generation failure and late output,"A disposable prototype used one captured Rust comment annotation and a tiny generated Lean model to drive both a versioned Lean server edit/query path and fresh batch checks. For the A and B model generations, solved local goals agreed with fresh Lean compilation and a fixed proposition consumer. Three controls separated those meanings: an old proof failed against B's model, a weakened True theorem compiled but failed the fixed proposition consumer, and a theorem using sorry ",Lean 4; Anneal source checkout used for scope comparison,False,Empirical or source-backed behavior depends on the named toolchain pin.,Aeneas nightly-2026.09.30-0855ce1 with its paired Charon e435e5f and Lean 4.31.0; separate standalone Charon comparison.,reports/anneal-3730-vertical-acceptance-v4-30-0-rc2/REPORT.json,reports/anneal-3730-vertical-acceptance-v4-30-0-rc2/REPORT.md,"[{""name"":""Lean 4"",""identity"":{""repository"":""leanprover/lean4"",""revision"":""3dc1a088b6d2d8eafe25a7cd7ec7b58d731bd7cc"",""version"":""v4.30.0-rc2""}},{""name"":""Anneal source checkout used for scope comparison"",""identity"":{""repository"":""google/zerocopy"",""revision"":""bd0956be95c5f798f0c0484921b9b9d1fc6e9988""}}]"
R243,newer_version_recheck,June 2026 Rust→Charon→Aeneas→Lean 4.30.0-rc2 bundle,Lexical declaration-block comparison of retained Aeneas mutation outputs,"The published Aeneas identity-manifest report preserved seven successful source/LLBC inputs and their complete generated Lean output trees. It compared whole-file bytes and inventoried declaration heads, but did not compare the text of individual generated declaration blocks. This offline reanalysis compares the lexically delimited head-through-body text for every retained declaration in the six mutation outputs against the base output. It adds bounded textual evidence for #3",Published Aeneas identity-manifest mutation corpus; Offline lexical declaration-block comparison,False,Empirical or source-backed behavior depends on the named toolchain pin.,Aeneas nightly-2026.09.30-0855ce1 with its paired Charon e435e5f and Lean 4.31.0; separate standalone Charon comparison.,reports/anneal-3731-aeneas-declaration-block-diff-2026-09-29/REPORT.json,reports/anneal-3731-aeneas-declaration-block-diff-2026-09-29/REPORT.md,"[{""name"":""Published Aeneas identity-manifest mutation corpus"",""identity"":{""repository"":""google/zerocopy"",""reference_revision"":""1332bf21478d8418403d306a7884b653cd735eea"",""source_report_sha256"":""f73fc593ab77cbbbf1647f242cf6a2d8c58441ea8120e1c4b9820b04c667e929"",""source_results_sha256"":""694c43532ac90504947bd5cfe9e34369cae68e2164683e8c3f772138022d45b4"",""source_handoff_manifest_sha256"":""e9870d6f9844eb5ebc192d297d642319333549aac483d9f9a3322c75ba3c8826"",""source_probe_sha256"":""e561d0eaba807dcc9c23d2df1f084e7b8f6cb97aec88f09ffe0d13deea18426e""}},{""name"":""Offline lexical declaration-block comparison"",""identity"":{""compare_sha256"":""1edd1769c67ece63917399f457eb30164ce52b2e63fe16d9c3ff39df1fc7fe3d"",""comparison_sha256"":""1f3219d4c97bfd02b0109b66123f9fecb7383dc29d96865affd01d0627fff475"",""source_results_sha256"":""694c43532ac90504947bd5cfe9e34369cae68e2164683e8c3f772138022d45b4""}}]"
R244,newer_version_recheck,Charon 0.1.210 + Rust/Cargo nightly-2026-05-31,Charon source-location and inert-comment effects across LLBC and Aeneas Lean,"On one pinned macOS toolchain, moving identical Rust bytes between two roots changed exactly the local source-file path in a schema-aware LLBC comparison, and changed only the source-path documentation line in Aeneas's generated Lean. Appending a comment after the function changed the complete source contents embedded in LLBC but produced byte-identical Lean at the same path. A repeated original extraction had the same normalized LLBC and Lean as the first. These observations",Charon 0.1.210 release binary; Aeneas nightly 2026.06.03 release binary; Rust nightly 2026-05-31,False,Empirical or source-backed behavior depends on the named toolchain pin.,Charon nightly-2026.09.30 (2804f2d) with its pinned Rust nightly-2026-09-17; Aeneas paired lane separately.,reports/anneal-3731-charon-relocation-comment-provenance-2026-09-29/REPORT.json,reports/anneal-3731-charon-relocation-comment-provenance-2026-09-29/REPORT.md,"[{""name"":""Charon 0.1.210 release binary"",""identity"":{""repository"":""charon-lang/charon"",""revision"":""0c91ca1a8e002d6bfa8d8f1f452804fce2f92cf1"",""binary_sha256"":""51bb6d23beab3f97a684c25162d3e402fc820c891b57b21d2ca781c1da211a8b""}},{""name"":""Aeneas nightly 2026.06.03 release binary"",""identity"":{""repository"":""AeneasVerif/aeneas"",""revision"":""ac9f1bc5262a5e4ff1e24ca78617121382202727"",""binary_sha256"":""f476001e1a8e8c5cb1d8a621a25716d8e15f0809c8a023c5349357acc0911d03""}},{""name"":""Rust nightly 2026-05-31"",""identity"":{""repository"":""rust-lang/rust"",""revision"":""f8a08b688cbe60acc386ed1fbd1b7cbaaf5576b1"",""toolchain"":""nightly-2026-05-31-aarch64-apple-darwin""}}]"
R245,newer_version_recheck,June 2026 Rust→Charon→Aeneas→Lean 4.30.0-rc2 bundle,Compiler-backed Rust and Lean coordinates over exact copied doc-comment bytes,"A tiny Rust file with CRLF, an emoji, a combining mark, and a tab produced a real rustc JSON error whose byte span and scalar column disagree numerically. A byte-for-byte copied Rust doc-comment payload produced a real Lean batch error and Lean LSP diagnostic on the same missingLean token. The bridge mapped both Lean ranges back to the exact Rust source bytes, round-tripped 28 valid scalar boundaries in the copied payload, and rejected seven invalid or unowned cases. The brid",Anneal V2 source snapshot; Rust nightly compiler; Lean 4 batch compiler and direct server,False,Empirical or source-backed behavior depends on the named toolchain pin.,Aeneas nightly-2026.09.30-0855ce1 with its paired Charon e435e5f and Lean 4.31.0; separate standalone Charon comparison.,reports/anneal-3731-compiler-backed-coordinate-bridge-2026-09-29/REPORT.json,reports/anneal-3731-compiler-backed-coordinate-bridge-2026-09-29/REPORT.md,"[{""name"":""Anneal V2 source snapshot"",""identity"":{""repository"":""google/zerocopy"",""revision"":""bd0956be95c5f798f0c0484921b9b9d1fc6e9988""}},{""name"":""Rust nightly compiler"",""identity"":{""repository"":""rust-lang/rust"",""revision"":""f8a08b688cbe60acc386ed1fbd1b7cbaaf5576b1"",""version"":""nightly-2026-05-31"",""rustc_binary_sha256"":""2ab7af1ea2ec5c69195fd8dfb0e1f91afdb7cc1e53127bba416616ce43a18dbc""}},{""name"":""Lean 4 batch compiler and direct server"",""identity"":{""repository"":""leanprover/lean4"",""revision"":""3dc1a088b6d2d8eafe25a7cd7ec7b58d731bd7cc"",""version"":""v4.30.0-rc2"",""lean_binary_sha256"":""b48bc5ab229bd8b320a224b87e20fc428dba6fa8a1c054bd4fa6def846e19997""}}]"
R246,newer_version_recheck,June 2026 Rust→Charon→Aeneas→Lean 4.30.0-rc2 bundle,Unsaved Rust-comment proof over a retained Charon/Aeneas model,"A disposable driver joined a Rust-hosted, unsaved Lean comment to a real prepared Charon/Aeneas generated model. It projected the comment into Lean, opened and changed that document in Lean 4.30.0-rc2's actual language server, queried the initial goal and solved state, applied the proof change under a host/projection/version/model compare-and-swap guard, and checked the exact captured projected bytes in fresh batch Lean. A fixed proposition consumer accepted the theorem and #",Lean 4 direct server and batch checker; retained Charon/Aeneas generated golden_vertical model; fixture-local Rust comment projection and CAS driver; changed Charon/Aeneas generated golden_vertical model,False,Empirical or source-backed behavior depends on the named toolchain pin.,Aeneas nightly-2026.09.30-0855ce1 with its paired Charon e435e5f and Lean 4.31.0; separate standalone Charon comparison.,reports/anneal-3731-embedded-proof-generated-model-vertical-v4-30-0-rc2/REPORT.json,reports/anneal-3731-embedded-proof-generated-model-vertical-v4-30-0-rc2/REPORT.md,"[{""name"":""Lean 4 direct server and batch checker"",""identity"":{""repository"":""leanprover/lean4"",""revision"":""3dc1a088b6d2d8eafe25a7cd7ec7b58d731bd7cc"",""version"":""v4.30.0-rc2"",""binary_sha256"":""b48bc5ab229bd8b320a224b87e20fc428dba6fa8a1c054bd4fa6def846e19997""}},{""name"":""retained Charon/Aeneas generated golden_vertical model"",""identity"":{""reference_commit"":""b1787210c0143a705f6bbbf2da3b2fba30cc5718"",""source_sha256"":""4d39ee7a9118684caa597d21c353b11632370c62d8eac52d1eb5730e71fe29db"",""llbc_sha256"":""7032ef983ec41624dc31c6380414c4be6b8807ca6605c13686861e98da86790a"",""charon_sha256"":""51bb6d23beab3f97a684c25162d3e402fc820c891b57b21d2ca781c1da211a8b"",""aeneas_sha256"":""f476001e1a8e8c5cb1d8a621a25716d8e15f0809c8a023c5349357acc0911d03""}},{""name"":""fixture-local Rust comment projection and CAS driver"",""identity"":{""model_generation_id"":""b58c86aba81f7d2d08fd9d9edb1d2aaabd8beb2cf7d89eb2bd113a40d338bf74"",""captured_projection_sha256"":""1b0f94d5b43f433d01e8cb764b1c1eeff7726c73003a6db43417dcb726fed415""}},{""name"":""changed Charon/Aeneas generated golden_vertical model"",""identity"":{""source_sha256"":""e1d8e8151a057cdbcef186bb31c374a561170815311e8bdafbe181845cd8ef88"",""llbc_sha256"":""f3d266ebbcb327ea6c450bc7d97dc3baef0c61cf1b382fa6ec197bf645d41e78"",""funs_olean_sha256"":""57bcadabf1795a8540685e174966444097701f49da4c704446a2bb5ae5d94871"",""charon_sha256"":""51bb6d23beab3f97a684c25162d3e402fc820c891b57b21d2ca781c1da211a8b"",""aeneas_sha256"":""f476001e1a8e8c5cb1d8a621a25716d8e15f0809c8a023c5349357acc0911d03""}}]"
R247,newer_version_recheck,June 2026 Rust→Charon→Aeneas→Lean 4.30.0-rc2 bundle,Full-chain transient workspace accounting for issue #3731 I113,"One bounded replay of the existing tiny Rust→Charon→Aeneas→direct Lean→Lake→live server→fresh batch fixture recorded file-level snapshots at 24 stage boundaries and 331 intervening samples. The largest observed regular-file allocation in the disposable run directory was 4,825,088 bytes. Cargo left 12 files, 5,838 logical bytes and 28,672 allocated bytes in its target directory before the harness deleted it. The prior retained-file inventory could not count that temporary targ",google/zerocopy issue #3731; Lean 4.30.0-rc2,False,Empirical or source-backed behavior depends on the named toolchain pin.,Aeneas nightly-2026.09.30-0855ce1 with its paired Charon e435e5f and Lean 4.31.0; separate standalone Charon comparison.,reports/anneal-3731-full-chain-transient-workspace-accounting-2026-09-29/REPORT.json,reports/anneal-3731-full-chain-transient-workspace-accounting-2026-09-29/REPORT.md,"[{""name"":""google/zerocopy issue #3731"",""identity"":{""repository"":""google/zerocopy"",""issue"":""3731""}},{""name"":""Lean 4.30.0-rc2"",""identity"":{""version"":""4.30.0-rc2"",""commit"":""3dc1a088b6d2d8eafe25a7cd7ec7b58d731bd7cc""}}]"
R248,incidental_or_citation,No pinned-software conclusion requiring a newer-version rerun,#3731 I001–I053 post-publication residual review,"The 53-row decision table records each investigation's exact requested scope, present evidence, status, remaining gate, and next prerequisite. I046 and I049 remain complete at their narrow direct-Lean scope; the other 51 remain partial. No present Anneal V2 batch/live, editor, LSP, MCP, archive, or worker integration is inferred. This is a supplement to the published v23 ledger, not a revision of its dated classification.","Reference v23 investigation ledger, I001-I053; Issue 3731 live scope, I001-I053; I005 matched fake-backend orchestration probe",False,"Main conclusion is an audit, general model, history, standard, or contextual evidence; software versions identify provenance only.",No newer-version comparison for the main conclusion.,reports/anneal-3731-i001-i053-postpublication-residual-review-2026-09-29/REPORT.json,reports/anneal-3731-i001-i053-postpublication-residual-review-2026-09-29/REPORT.md,"[{""name"":""Reference v23 investigation ledger, I001-I053"",""identity"":{""repository"":""google/zerocopy"",""revision"":""9d2426519c7eaaf58b13b109a2f4c16d84c51616"",""ledger_sha256"":""df8517ecf396a7fd1ee230afa95a67c0ed5929edb48dc7b571949c74466a234a""}},{""name"":""Issue 3731 live scope, I001-I053"",""identity"":{""repository"":""google/zerocopy"",""issue"":""3731"",""body_sha256"":""0375e6dc74b7f89e170c6c1a699212c1cf82b4260dfda4f14a02bcb54b2c4a88""}},{""name"":""I005 matched fake-backend orchestration probe"",""identity"":{""probe_sha256"":""4655680b49740e150bf0fe358d4509f9a14cf55b361cd77a3aff51548a27f942"",""result_sha256"":""cc982bddd247b2425a331ff0a14f8fc4fcbf0bc236eaff3756cfea6d183d5101""}}]"
R249,incidental_or_citation,No pinned-software conclusion requiring a newer-version rerun,Independent I001–I053 residual challenge at reference `75fa78c1b623ab8db9d9acb4f31ec7958bfb9110`,"At reference 75fa78c1b623ab8db9d9acb4f31ec7958bfb9110, I046 and I049 answer their narrow issue questions; I001–I045, I047–I048, and I050–I053 remain partial with explicit gates. A new local ABA double-collect probe supplies a distinct I010/I011 counterexample, and one cited historical re-review checker fails against eight current-file hashes. No #3731 status is changed.",#3731 investigation agenda I001-I053 and reference evidence corpus; APFS pointer-ABA double-collect fixture,False,"Main conclusion is an audit, general model, history, standard, or contextual evidence; software versions identify provenance only.",No newer-version comparison for the main conclusion.,reports/anneal-3731-i001-i053-residual-reaudit-2026-09-29/REPORT.json,reports/anneal-3731-i001-i053-residual-reaudit-2026-09-29/REPORT.md,"[{""name"":""#3731 investigation agenda I001-I053 and reference evidence corpus"",""identity"":{""repository"":""google/zerocopy"",""reference_revision"":""75fa78c1b623ab8db9d9acb4f31ec7958bfb9110"",""issue"":""3731""}},{""name"":""APFS pointer-ABA double-collect fixture"",""identity"":{""platform"":""macOS 26.6.2 arm64"",""filesystem"":""APFS"",""probe_sha256"":""8378c6aadc89427a9f2f754f8030aeb5c1ca14e93048a510a94df0e7867ecd40""}}]"
R250,incidental_or_citation,No pinned-software conclusion requiring a newer-version rerun,"Copied empty Rust doc line, unsaved Lean insertion, and coordinate ownership","A dependency-free Rust fixture compiled successfully with the locally installed pinned nightly. A hand-authored copier then supplied a Lean file with a synthetic header, a copied Unicode doc-comment payload, and a separately owned empty ///| payload line. In a direct Lean 4.30.0-rc2 server, a version-2 incremental insertion at that empty line produced Unknown identifier missingEmpty while the disk file retained the version-1 hash. Fresh batch lean --json on the exact version-",Observed local nightly-2026-05-31 rustc executable; Observed local Lean 4.30.0-rc2 executable; Hand-authored owned-empty-line Rust to Lean bridge fixture and valid acquisition,False,"Main conclusion is an audit, general model, history, standard, or contextual evidence; software versions identify provenance only.",No newer-version comparison for the main conclusion.,reports/anneal-3731-i025-empty-owned-v2-bridge-2026-09-30/REPORT.json,reports/anneal-3731-i025-empty-owned-v2-bridge-2026-09-30/REPORT.md,"[{""name"":""Observed local nightly-2026-05-31 rustc executable"",""identity"":{""rustc_sha256"":""2ab7af1ea2ec5c69195fd8dfb0e1f91afdb7cc1e53127bba416616ce43a18dbc"",""toolchain"":""nightly-2026-05-31-aarch64-apple-darwin""}},{""name"":""Observed local Lean 4.30.0-rc2 executable"",""identity"":{""lean_sha256"":""b48bc5ab229bd8b320a224b87e20fc428dba6fa8a1c054bd4fa6def846e19997"",""toolchain"":""leanprover/lean4 v4.30.0-rc2"",""architecture"":""aarch64-darwin""}},{""name"":""Hand-authored owned-empty-line Rust to Lean bridge fixture and valid acquisition"",""identity"":{""host_sha256"":""9e32bf3e46146fb293ba1cf06a5817c73d5088ec41ea8193a2c10a635fb3508e"",""lean_v1_sha256"":""28f76f64a2d7a9d1b28f7df403fdf4a69ecebdc7ecc887cdc8cdb5e2ffa9f5b9"",""lean_v2_sha256"":""bcd5968dc5282d430a961ad40cfa1b84e244a1f3343e9942507f8639a73401c7"",""oracle_prelaunch_sha256"":""b63a7b0e6c53f69d89dbf204948c58c84f937fe706ddce039d96ea35b5090e16"",""results_sha256"":""99adb9571ff46b91c8813ff266cf79fe259dcc1b6248357683ce0e00697c0e72""}}]"
R251,newer_version_recheck,Lean/Lake v4.30.0-rc2,Thirty-two Lean rich RPC references: release and keep-alive in one session,"One pinned Lean 4.30.0-rc2 direct server returned 32 distinct InfoWithCtx references for 32 named hypotheses in one goal. All 32 resolved successfully before release. The client released the 16 odd-indexed references in one $/lean/rpc/release notification, sent five $/lean/rpc/keepAlive notifications over 43.2004 seconds, and then queried all 32 exact references through the original session. All 16 released references returned -32602 with their own RPC reference '…' is not va",Lean 4 direct server many-reference RPC lifetime,False,Empirical or source-backed behavior depends on the named toolchain pin.,Lean/Lake stable v4.34.1; optional prerelease v4.35.0-rc3. Rebuild all OLean/native artifacts.,reports/anneal-3731-i044-many-ref-retention-release-2026-09-30/REPORT.json,reports/anneal-3731-i044-many-ref-retention-release-2026-09-30/REPORT.md,"[{""name"":""Lean 4 direct server many-reference RPC lifetime"",""identity"":{""repository"":""leanprover/lean4"",""version"":""v4.30.0-rc2"",""lean_binary_sha256"":""b48bc5ab229bd8b320a224b87e20fc428dba6fa8a1c054bd4fa6def846e19997""}}]"
R252,newer_version_recheck,Lean/Lake v4.30.0-rc2,Lean RPC keep-alive preserves one live rich reference past an observed idle-expiry interval,"One pinned Lean 4.30.0-rc2 lean --server session returned a real InfoWithCtx reference from Lean.Widget.getInteractiveGoals. Lean.Widget.InteractiveDiagnostics.infoToInteractive resolved that reference to Nat before and after a 43.1137-second interval. During the interval the client sent exactly five $/lean/rpc/keepAlive notifications, at 8.1408, 16.1996, 24.0836, 32.0991, and 40.1340 seconds, with the original URI and session ID. The same server and file-worker PIDs remained",Lean 4 direct server RPC keep-alive,False,Empirical or source-backed behavior depends on the named toolchain pin.,Lean/Lake stable v4.34.1; optional prerelease v4.35.0-rc3. Rebuild all OLean/native artifacts.,reports/anneal-3731-i044-rpc-keepalive-positive-2026-09-30/REPORT.json,reports/anneal-3731-i044-rpc-keepalive-positive-2026-09-30/REPORT.md,"[{""name"":""Lean 4 direct server RPC keep-alive"",""identity"":{""repository"":""leanprover/lean4"",""version"":""v4.30.0-rc2"",""lean_binary_sha256"":""b48bc5ab229bd8b320a224b87e20fc428dba6fa8a1c054bd4fa6def846e19997""}}]"
R253,incidental_or_citation,No pinned-software conclusion requiring a newer-version rerun,Independent #3731 I054–I106 evidence and residual review,"A fresh audit of the 53 #3731 investigations I054–I106 against the v22 ledger and their 85 cited report packages found 51 partial, one not-run (I072), and one conditional (I081) at the requested scopes. One distinct local component cell was missing: two Charon jobs sharing a writable Cargo target. The new I080 package executed that bounded cell, without completing the representative resource and cleanup question.",Reference v22 investigation ledger; Frozen #3731 issue scope in v22; New bounded I080 component control,False,"Main conclusion is an audit, general model, history, standard, or contextual evidence; software versions identify provenance only.",No newer-version comparison for the main conclusion.,reports/anneal-3731-i054-i106-independent-rereview-2026-09-29/REPORT.json,reports/anneal-3731-i054-i106-independent-rereview-2026-09-29/REPORT.md,"[{""name"":""Reference v22 investigation ledger"",""identity"":{""repository"":""google/zerocopy"",""revision"":""75fa78c1b623ab8db9d9acb4f31ec7958bfb9110"",""investigation_csv_sha256"":""2b7e31ba897abbbdd6c1268c0ed278baa7e6ccdc29dce504380d22e79195b5d6"",""row_challenge_sha256"":""7e458e97a57e6757742ab221881fa69d7e374994593477b68b81bd4ecb1bf4d7""}},{""name"":""Frozen #3731 issue scope in v22"",""identity"":{""artifact"":""anneal-3730-3731-final-coverage-audit-2026-09-29-v22/support/issue-scope-snapshot.json"",""sha256"":""5c261d44e788ac96a0cb2d347752d01bbc51ffb03697a6a08a76e02f55469a6d""}},{""name"":""New bounded I080 component control"",""identity"":{""artifact"":""anneal-3731-i080-shared-cargo-target-two-process-2026-09-29"",""observed_probe_sha256"":""8ea5be460e0ce3d1ec99f7f6dfa1cf4ffac9c402eddbbcd6e6f69cb82aab0de1""}}]"
R254,incidental_or_citation,No pinned-software conclusion requiring a newer-version rerun,Post-publication #3731 I054–I106 residual audit and same-name Charon control,"The live #3731 wording for all 53 investigations I054–I106 still matches the published v23 ledger exactly. This audit retains v23's 51 partial, one not-run (I072), and one conditional (I081) classifications. The per-ID decision table records the exact requested scope, cited evidence, fresh assessment, availability decision, and remaining gate for every row.","Reference v23 investigation ledger; Issue 3731 live scope, I054-I106; Pinned Charon same-name Cargo fixture",False,"Main conclusion is an audit, general model, history, standard, or contextual evidence; software versions identify provenance only.",No newer-version comparison for the main conclusion.,reports/anneal-3731-i054-i106-postpublication-residual-audit-2026-09-29/REPORT.json,reports/anneal-3731-i054-i106-postpublication-residual-audit-2026-09-29/REPORT.md,"[{""name"":""Reference v23 investigation ledger"",""identity"":{""repository"":""google/zerocopy"",""revision"":""9d2426519c7eaaf58b13b109a2f4c16d84c51616"",""ledger_sha256"":""df8517ecf396a7fd1ee230afa95a67c0ed5929edb48dc7b571949c74466a234a""}},{""name"":""Issue 3731 live scope, I054-I106"",""identity"":{""repository"":""google/zerocopy"",""issue"":""3731"",""scope_sha256"":""e2b1de4faa69aaef8fd0bfbae01108d0f01eb7d0c49c5e19bb755f77cb6890b0"",""full_body_sha256"":""e1ca20c129376f0459674098d4f6ddd5355f4b24cdceaad0f2a9c6cb7e4d98aa""}},{""name"":""Pinned Charon same-name Cargo fixture"",""identity"":{""charon_sha256"":""51bb6d23beab3f97a684c25162d3e402fc820c891b57b21d2ca781c1da211a8b"",""charon_version"":""0.1.210"",""probe_sha256"":""d1267960f4ba3e8bba81e1173f0e0a9c215d4aac8cc30e1acf1c11f8d3354bf9""}}]"
R255,prior_comparison,Lean/Lake v4.29.0 versus v4.30.0-rc2 (prior comparison),Lean 4.29 versus 4.30-rc2 Unicode LSP encoding-offer boundary,"The exact Unicode fixture and coordinate oracle from the Lean 4.30.0-rc2 UTF-8-only/UTF-16-only report were replayed once under locally installed Lean 4.29.0, with two sequential direct server sessions and two fresh batch checks. The diagnostic ranges, incremental-edit outcomes, wait responses and batch JSON messages were the same at the two pins in this one fixture. Both servers omitted an explicit positionEncoding, both emitted the initial error at UTF-16 characters 16–27 d","Observed local Lean 4.29.0 executable; Published Lean 4.30.0-rc2 comparison executable; Identical Unicode fixture, oracle and guarded version comparison",False,Existing comparison of earlier adjacent versions; refresh on the newer target.,Lean/Lake stable v4.34.1; optional prerelease v4.35.0-rc3. Rebuild all OLean/native artifacts.,reports/anneal-3731-i062-lean429-version-diff-2026-09-30/REPORT.json,reports/anneal-3731-i062-lean429-version-diff-2026-09-30/REPORT.md,"[{""name"":""Observed local Lean 4.29.0 executable"",""identity"":{""lean_sha256"":""2974847fff2e2621502841f4c2dbac4035b4847d6060a4f2087cbc0d04005e37"",""toolchain"":""leanprover/lean4 v4.29.0"",""architecture"":""aarch64-darwin""}},{""name"":""Published Lean 4.30.0-rc2 comparison executable"",""identity"":{""baseline_lean_sha256"":""b48bc5ab229bd8b320a224b87e20fc428dba6fa8a1c054bd4fa6def846e19997"",""toolchain"":""leanprover/lean4 v4.30.0-rc2""}},{""name"":""Identical Unicode fixture, oracle and guarded version comparison"",""identity"":{""original_sha256"":""1c303b95f46f0971463bb85cba3bd56676efff5230ae514e6a720b9260be037a"",""patched_sha256"":""8f21a693fb5e30fc4901f7644453e4d4e77c24674e7e21caccdc818e4c3e902f"",""oracle_prelaunch_sha256"":""7f7aac75610935a82f2382381ca0fbab519eaee9abb26767dcd90ab8cabe4cc7"",""baseline_results_sha256"":""a81a7fbbecc428f1cf4ce91eea2f03d49185a4a4b694ca3b0b48c6f46ea38469"",""results_sha256"":""c9a890bacc174f34a4896d3b05bf5ba5ba6b54a8e16ec066e9fa19c999d036b5""}}]"
R256,newer_version_recheck,Lean/Lake v4.30.0-rc2,Lean LSP Unicode positions under a UTF-32-only client offer,"One direct Lean 4.30.0-rc2 server session opened a Unicode error file while the client advertised only utf-32. The initialize response omitted positionEncoding; the diagnostic range for unknownName was line 0, characters 16–27, matching UTF-16 code units rather than UTF-32/scalar columns 15–26 or UTF-8 bytes 19–30. A version-2 incremental edit sent at the scalar range left an Unknown constant Nat.zeroe diagnostic. Fresh batch checks on the exact original and intended patched ",Observed Lean v4.30.0-rc2 executable; UTF-32-only Unicode LSP and fresh batch fixture,False,Empirical or source-backed behavior depends on the named toolchain pin.,Lean/Lake stable v4.34.1; optional prerelease v4.35.0-rc3. Rebuild all OLean/native artifacts.,reports/anneal-3731-i062-utf32-only-unicode-lsp-2026-09-30/REPORT.json,reports/anneal-3731-i062-utf32-only-unicode-lsp-2026-09-30/REPORT.md,"[{""name"":""Observed Lean v4.30.0-rc2 executable"",""identity"":{""lean_sha256"":""b48bc5ab229bd8b320a224b87e20fc428dba6fa8a1c054bd4fa6def846e19997"",""version"":""v4.30.0-rc2"",""architecture"":""aarch64-darwin""}},{""name"":""UTF-32-only Unicode LSP and fresh batch fixture"",""identity"":{""original_sha256"":""1c303b95f46f0971463bb85cba3bd56676efff5230ae514e6a720b9260be037a"",""patched_sha256"":""8f21a693fb5e30fc4901f7644453e4d4e77c24674e7e21caccdc818e4c3e902f"",""oracle_prelaunch_sha256"":""c7bf9661e8ebef39410aa24e898949fc16614770cc2477ce601f2c14a68cc894"",""results_sha256"":""15bbeb7d5ae7f7c0d7e5f9016363214d3ef02558fd280069134333a850ab05ac""}}]"
R257,newer_version_recheck,Lean/Lake v4.30.0-rc2,Unicode positions under UTF-8-only and UTF-16-only Lean LSP offers,"Two sequential direct Lean 4.30.0-rc2 server sessions opened the same one-line Unicode error. One client offered only utf-8; the other offered only utf-16. Both initialize responses omitted an explicit positionEncoding choice, and both initial diagnostic ranges used characters 16–27, matching the independent UTF-16 coordinates of unknownName after 😀é. The UTF-8 byte coordinates are 19–30, and scalar coordinates are 15–26. Thus the UTF-8-only offer did not establish UTF-8 wir",Observed local Lean LSP and batch binary; Unicode fixture and sequential protocol observation,False,Empirical or source-backed behavior depends on the named toolchain pin.,Lean/Lake stable v4.34.1; optional prerelease v4.35.0-rc3. Rebuild all OLean/native artifacts.,reports/anneal-3731-i062-utf8-only-unicode-lsp-2026-09-30/REPORT.json,reports/anneal-3731-i062-utf8-only-unicode-lsp-2026-09-30/REPORT.md,"[{""name"":""Observed local Lean LSP and batch binary"",""identity"":{""lean_sha256"":""b48bc5ab229bd8b320a224b87e20fc428dba6fa8a1c054bd4fa6def846e19997"",""toolchain"":""leanprover/lean4 v4.30.0-rc2"",""architecture"":""aarch64-darwin""}},{""name"":""Unicode fixture and sequential protocol observation"",""identity"":{""original_sha256"":""1c303b95f46f0971463bb85cba3bd56676efff5230ae514e6a720b9260be037a"",""patched_sha256"":""8f21a693fb5e30fc4901f7644453e4d4e77c24674e7e21caccdc818e4c3e902f"",""oracle_prelaunch_sha256"":""7f7aac75610935a82f2382381ca0fbab519eaee9abb26767dcd90ab8cabe4cc7"",""results_sha256"":""a81a7fbbecc428f1cf4ce91eea2f03d49185a4a4b694ca3b0b48c6f46ea38469""}}]"
R258,newer_version_recheck,Charon 0.1.210 + Rust/Cargo nightly-2026-05-31,Full-field explanation of the retained cold/warm selected-binary LLBC hash change,"The two raw Charon LLBC files in the warm selected-binary report have different SHA-256 values. An exhaustive decoded JSON comparison finds exactly 30 differing leaves: one requested destination path and 29 positional leaves under translated.shortnames. The 15 typed-key/name entries are the same map in both files; 11 array slots changed position. Every other decoded field, including all function declarations, embedded source contents, crate name and error status, agrees. Both",Retained selected-binary Charon cold/warm LLBC pair; Python full-field warm-bin comparison,False,Empirical or source-backed behavior depends on the named toolchain pin.,Charon nightly-2026.09.30 (2804f2d) with its pinned Rust nightly-2026-09-17; Aeneas paired lane separately.,reports/anneal-3731-i075-warm-bin-full-field-2026-09-29/REPORT.json,reports/anneal-3731-i075-warm-bin-full-field-2026-09-29/REPORT.md,"[{""name"":""Retained selected-binary Charon cold/warm LLBC pair"",""identity"":{""source_report"":""anneal-3731-i075-warm-bin-target-2026-09-29"",""source_report_sha256"":""866d4712bc9991cb95c6ecfad3c395a0b34f58799ec0a9e145144dde71267914"",""source_results_sha256"":""ecc7934451a6da4bc94ee7e0e7006f5fdfa162736afa344e32f31d4491b7dac5"",""charon_sha256"":""51bb6d23beab3f97a684c25162d3e402fc820c891b57b21d2ca781c1da211a8b""}},{""name"":""Python full-field warm-bin comparison"",""identity"":{""compare_sha256"":""8e511e81aa48dde2695348314bf1145eb6496919e2055a8fdfd67682a24f9332"",""comparison_sha256"":""463abe75a867c3a14dc1d827bd08430b606ee07aaaadf0270fdc89eddeab4360"",""source_results_sha256"":""ecc7934451a6da4bc94ee7e0e7006f5fdfa162736afa344e32f31d4491b7dac5""}}]"
R259,newer_version_recheck,Charon 0.1.210 + Rust/Cargo nightly-2026-05-31,Warm selected binary target: a bounded Charon producer control,Observed 2026-09-29 on macOS arm64 with Charon 0.1.210 and nightly Rust/Cargo 2026-05-31. This report adds a narrow --bin subjectmatrixcli control for #3731 I075/I076.,Pinned Charon/Cargo nightly macOS arm64; Guarded retained-target forced-dirty binary probe; Retained two-cell result,False,Empirical or source-backed behavior depends on the named toolchain pin.,Charon nightly-2026.09.30 (2804f2d) with its pinned Rust nightly-2026-09-17; Aeneas paired lane separately.,reports/anneal-3731-i075-warm-bin-target-2026-09-29/REPORT.json,reports/anneal-3731-i075-warm-bin-target-2026-09-29/REPORT.md,"[{""name"":""Pinned Charon/Cargo nightly macOS arm64"",""identity"":{""charon_sha256"":""51bb6d23beab3f97a684c25162d3e402fc820c891b57b21d2ca781c1da211a8b"",""cargo_sha256"":""71d7b3f81809731f3c95737386b0056cf0a335dd1e3dcb42ac4e3d81599480b1"",""rustc_sha256"":""2ab7af1ea2ec5c69195fd8dfb0e1f91afdb7cc1e53127bba416616ce43a18dbc""}},{""name"":""Guarded retained-target forced-dirty binary probe"",""identity"":{""artifact"":""support/probe.py"",""sha256"":""2e13fc914b7e674f5c5ce0c348bed4d7e86d1eba2c8a939e6735a25658355cee""}},{""name"":""Retained two-cell result"",""identity"":{""artifact"":""support/results.json"",""sha256"":""ecc7934451a6da4bc94ee7e0e7006f5fdfa162736afa344e32f31d4491b7dac5""}}]"
R260,newer_version_recheck,Charon 0.1.210 + Rust/Cargo nightly-2026-05-31,Warm multi-unit Cargo test target: Charon producer and destination ownership,Observed 2026-09-29 on macOS arm64 with pinned Charon 0.1.210 and nightly Rust/Cargo 2026-05-31. This is a bounded component follow-up for #3731 I075/I076. It does not exercise the Anneal V2 extraction publisher.,Pinned Charon/Cargo nightly macOS arm64; Guarded warm multi-unit test target probe; Retained two-cell result,False,Empirical or source-backed behavior depends on the named toolchain pin.,Charon nightly-2026.09.30 (2804f2d) with its pinned Rust nightly-2026-09-17; Aeneas paired lane separately.,reports/anneal-3731-i075-warm-multiunit-test-target-2026-09-29/REPORT.json,reports/anneal-3731-i075-warm-multiunit-test-target-2026-09-29/REPORT.md,"[{""name"":""Pinned Charon/Cargo nightly macOS arm64"",""identity"":{""charon_sha256"":""51bb6d23beab3f97a684c25162d3e402fc820c891b57b21d2ca781c1da211a8b"",""cargo_sha256"":""71d7b3f81809731f3c95737386b0056cf0a335dd1e3dcb42ac4e3d81599480b1"",""rustc_sha256"":""2ab7af1ea2ec5c69195fd8dfb0e1f91afdb7cc1e53127bba416616ce43a18dbc""}},{""name"":""Guarded warm multi-unit test target probe"",""identity"":{""artifact"":""support/probe.py"",""sha256"":""415020d8a58641e831a8e97e5e97e00b392614add53b40d1d3144713321fdc3b""}},{""name"":""Retained two-cell result"",""identity"":{""artifact"":""support/results.json"",""sha256"":""33addb1604c2d4643149e8674f898f25776bac7e73624c90e353cb3bddbcd232""}}]"
R261,newer_version_recheck,Charon 0.1.210 + Rust/Cargo nightly-2026-05-31,Concurrent Charon release/cfg writers at one LLBC destination,"One guarded pair of pinned Charon 0.1.210 cargo requests compiled distinct release and debug --cfg probealt subjects concurrently into one initially absent .llbc destination. Both commands exited 0, and repeated RSS samples show both process groups alive simultaneously. After both settled, the single retained output was parseable, error-free LLBC whose selected function literals matched the release control (11/23), not the cfg control (7/29). This is a concrete concurrent sha",Observed local Charon/Cargo/rustc binaries; Dependency-free profile/cfg fixture and concurrent Charon probe; Published v47 release/cfg separate-destination controls,False,Empirical or source-backed behavior depends on the named toolchain pin.,Charon nightly-2026.09.30 (2804f2d) with its pinned Rust nightly-2026-09-17; Aeneas paired lane separately.,reports/anneal-3731-i076-concurrent-shared-destination-2026-09-30/REPORT.json,reports/anneal-3731-i076-concurrent-shared-destination-2026-09-30/REPORT.md,"[{""name"":""Observed local Charon/Cargo/rustc binaries"",""identity"":{""charon_version"":""0.1.210"",""charon_sha256"":""51bb6d23beab3f97a684c25162d3e402fc820c891b57b21d2ca781c1da211a8b"",""cargo_sha256"":""71d7b3f81809731f3c95737386b0056cf0a335dd1e3dcb42ac4e3d81599480b1"",""rustc_sha256"":""2ab7af1ea2ec5c69195fd8dfb0e1f91afdb7cc1e53127bba416616ce43a18dbc"",""toolchain"":""nightly-2026-05-31-aarch64-apple-darwin""}},{""name"":""Dependency-free profile/cfg fixture and concurrent Charon probe"",""identity"":{""fixture_source_sha256"":""990beab58abb9a04f48c119fdcea2918865232730e278de3def35e15831b123d"",""probe_sha256"":""f5df01c8cd6963ca5812ff66285526524fa6e7dbc9b0769f3ad28d802d4d7621"",""results_sha256"":""53725101e53907a76b6c672fd1e4fe3e9865483539bedde197c6c677f88cdc52""}},{""name"":""Published v47 release/cfg separate-destination controls"",""identity"":{""source_package"":""anneal-3731-i076-sequential-shared-destination-2026-09-30"",""release_llbc_sha256"":""89a6ce7259eaf018a97e63c0e4833ac2cf521f50b9cd048e8728d065e53cb42d"",""cfg_llbc_sha256"":""3460774c7dba8a7ff1760f4e6285067e8c5d71a8a63522865aef3765675fd06c""}}]"
R262,newer_version_recheck,Charon 0.1.210 + Rust/Cargo nightly-2026-05-31,Staggered Charon writers and reads at one LLBC path,"This is a bounded follow-up to the single concurrent Charon pair for #3731 I020/I076, with #3730 D07 as context. The previous pair inspected the shared LLBC only after both Charon processes settled. Here a read-only poller also sampled it during two differently staggered pairs. The fixture source SHA-256 990beab58abb9a04f48c119fdcea2918865232730e278de3def35e15831b123d, pinned tool hashes, and separate release/cfg control LLBC hashes match the prior packages exactly. The contr",Charon 0.1.210 shared-destination release/cfg writers,False,Empirical or source-backed behavior depends on the named toolchain pin.,Charon nightly-2026.09.30 (2804f2d) with its pinned Rust nightly-2026-09-17; Aeneas paired lane separately.,reports/anneal-3731-i076-live-reader-shared-destination-2026-09-30/REPORT.json,reports/anneal-3731-i076-live-reader-shared-destination-2026-09-30/REPORT.md,"[{""name"":""Charon 0.1.210 shared-destination release/cfg writers"",""identity"":{""repository"":""aeneasverif/charon"",""version"":""0.1.210"",""charon_binary_sha256"":""51bb6d23beab3f97a684c25162d3e402fc820c891b57b21d2ca781c1da211a8b"",""cargo_binary_sha256"":""71d7b3f81809731f3c95737386b0056cf0a335dd1e3dcb42ac4e3d81599480b1"",""rustc_binary_sha256"":""2ab7af1ea2ec5c69195fd8dfb0e1f91afdb7cc1e53127bba416616ce43a18dbc""}}]"
R263,newer_version_recheck,Charon 0.1.210 + Rust/Cargo nightly-2026-05-31,Sequential Charon writes to one profile/cfg LLBC destination,"One dependency-free Rust source produced distinct Charon LLBC models under a release profile and a debug --cfg probealt build. In two serial orders, both Charon requests exited 0 when directed to the same initially absent .llbc path. The retained file after the second request contained the second subject's selected function literals in each order. This directly observes a last-completed-write outcome for the selected Charon 0.1.210 pin and fixture. It adds bounded #3731 I020/",Observed local Charon/Cargo/rustc binaries; Dependency-free profile/cfg Rust fixture and sequential probe,False,Empirical or source-backed behavior depends on the named toolchain pin.,Charon nightly-2026.09.30 (2804f2d) with its pinned Rust nightly-2026-09-17; Aeneas paired lane separately.,reports/anneal-3731-i076-sequential-shared-destination-2026-09-30/REPORT.json,reports/anneal-3731-i076-sequential-shared-destination-2026-09-30/REPORT.md,"[{""name"":""Observed local Charon/Cargo/rustc binaries"",""identity"":{""charon_version"":""0.1.210"",""charon_sha256"":""51bb6d23beab3f97a684c25162d3e402fc820c891b57b21d2ca781c1da211a8b"",""cargo_sha256"":""71d7b3f81809731f3c95737386b0056cf0a335dd1e3dcb42ac4e3d81599480b1"",""rustc_sha256"":""2ab7af1ea2ec5c69195fd8dfb0e1f91afdb7cc1e53127bba416616ce43a18dbc"",""toolchain"":""nightly-2026-05-31-aarch64-apple-darwin""}},{""name"":""Dependency-free profile/cfg Rust fixture and sequential probe"",""identity"":{""fixture_source_sha256"":""990beab58abb9a04f48c119fdcea2918865232730e278de3def35e15831b123d"",""acquisition_probe_sha256"":""6d9c4bea7a643638d54d75f19cfd665fb0b02a781aa6db08738003588a0e6bab"",""replay_probe_sha256"":""c9d88dbcbf5cc490857fc32871ada3d782cfbe40e7ffc3a7e8b6f77c8e3e84e3"",""results_sha256"":""02774561d268e4e483a5cf05892e3dd4917fad39bf4a2ec7c5295b6d618358d3""}}]"
R264,newer_version_recheck,Charon 0.1.210 + Rust/Cargo nightly-2026-05-31,Charon LLBC source identity under Cargo `cfg_attr(path)` selection,"A tiny crate declares one logical selected module with two cfgattr(path) attributes. Two corrected, offline Charon extractions differ by the Cargo alternate feature alone. Both succeed. Their LLBC outputs retain the same logical item cfgattrmoduleprobe::selected::marker with file ID 1 and identical source span, while the selected physical source entry changes from src/default.rs to src/alternate.rs, its embedded bytes and marker literal change from 17 to 29, and the unselecte",Observed local Charon 0.1.210 executable; Observed nightly Rust/Cargo executables; Corrected cfg_attr(path) two-feature Charon pair,False,Empirical or source-backed behavior depends on the named toolchain pin.,Charon nightly-2026.09.30 (2804f2d) with its pinned Rust nightly-2026-09-17; Aeneas paired lane separately.,reports/anneal-3731-i079-cfg-attr-module-2026-09-30/REPORT.json,reports/anneal-3731-i079-cfg-attr-module-2026-09-30/REPORT.md,"[{""name"":""Observed local Charon 0.1.210 executable"",""identity"":{""charon_sha256"":""51bb6d23beab3f97a684c25162d3e402fc820c891b57b21d2ca781c1da211a8b"",""version"":""0.1.210"",""architecture"":""aarch64-darwin""}},{""name"":""Observed nightly Rust/Cargo executables"",""identity"":{""rustc_sha256"":""2ab7af1ea2ec5c69195fd8dfb0e1f91afdb7cc1e53127bba416616ce43a18dbc"",""cargo_sha256"":""71d7b3f81809731f3c95737386b0056cf0a335dd1e3dcb42ac4e3d81599480b1"",""toolchain"":""nightly-2026-05-31-aarch64-apple-darwin""}},{""name"":""Corrected cfg_attr(path) two-feature Charon pair"",""identity"":{""oracle_prelaunch_sha256"":""50e8c818ce76ed873204e41c9bd4afef3f8d9d2f8e0569756d2b5a47e7f24a66"",""results_sha256"":""979dc2b0f410e8829f676299887a9cfab56341c361836359d666bf8c38f81405"",""default_llbc_sha256"":""6afd8dc318bc9282887dc2b890c5b06a0ea0a9bb0b2284fd4dfa2236beba7498"",""alternate_llbc_sha256"":""f63c540636eef0caaf351a63db9569507b3d3e20d3015dd64c7e3d44a19e569c""}}]"
R265,newer_version_recheck,Charon 0.1.210 + Rust/Cargo nightly-2026-05-31,"Charon spans across CRLF, tabs and a generated multiline item","One guarded offline Charon run used a build.rs-copied generated Rust file with six CRLF line endings, leading tabs, an emoji, a decomposed combining sequence and one multiline function. The actual 201-byte OUTDIR/generated.rs was retained independently of LLBC. Six local file-ID-1 item records (four unique items) match independently predeclared line/column endpoints under a fixture-specific fixed four-cell tab calculation. The multiline function spans line 2 column 4 through ",Observed local Charon/Cargo/rustc binaries; Raw generated Rust and guarded Charon observation,False,Empirical or source-backed behavior depends on the named toolchain pin.,Charon nightly-2026.09.30 (2804f2d) with its pinned Rust nightly-2026-09-17; Aeneas paired lane separately.,reports/anneal-3731-i079-generated-edge-spans-2026-09-30/REPORT.json,reports/anneal-3731-i079-generated-edge-spans-2026-09-30/REPORT.md,"[{""name"":""Observed local Charon/Cargo/rustc binaries"",""identity"":{""charon_sha256"":""51bb6d23beab3f97a684c25162d3e402fc820c891b57b21d2ca781c1da211a8b"",""cargo_sha256"":""71d7b3f81809731f3c95737386b0056cf0a335dd1e3dcb42ac4e3d81599480b1"",""rustc_sha256"":""2ab7af1ea2ec5c69195fd8dfb0e1f91afdb7cc1e53127bba416616ce43a18dbc"",""toolchain"":""nightly-2026-05-31-aarch64-apple-darwin""}},{""name"":""Raw generated Rust and guarded Charon observation"",""identity"":{""raw_generated_sha256"":""1a8f1e3ba34f78259326d24feeebf69c6b03356019ba08773e4f5992c833c620"",""llbc_embedded_normalized_sha256"":""59d0ebba3ee4303cb2284105e1915e7cdfd5bf95995e4f20ebc901b1de319e99"",""llbc_sha256"":""d66ef10093c31bc1050b02119220b25f2eb75213d0f37d61f92ab3d397fbff7b"",""predeclared_sha256"":""95e4dc48a1f343fd564a32bc64042eeb97b723979c44111d580035dca231d7a5"",""results_sha256"":""255d308559e0059cc72735885ebae85b629578fb1dc0f59cbea257c66e458151""}}]"
R266,newer_version_recheck,Charon 0.1.210 + Rust/Cargo nightly-2026-05-31,Charon item spans in a retained generated Rust file,"One offline pinned Charon extraction included a build.rs-produced Rust file whose actual OUTDIR/generated.rs bytes were retained independently of LLBC. Seven local item records in LLBC point to generated file ID 1. Each record's sourcetext is an exact, unique slice of those retained bytes at its serialized line. Their columns match a fixture-specific display-cell calculation over an emoji and a combining mark; UTF-8-byte, Unicode-scalar and UTF-16-unit calculations each disag","Observed local Charon/Cargo/rustc binaries; Generated Rust template, copied source and guarded Charon probe",False,Empirical or source-backed behavior depends on the named toolchain pin.,Charon nightly-2026.09.30 (2804f2d) with its pinned Rust nightly-2026-09-17; Aeneas paired lane separately.,reports/anneal-3731-i079-generated-file-charon-spans-2026-09-30/REPORT.json,reports/anneal-3731-i079-generated-file-charon-spans-2026-09-30/REPORT.md,"[{""name"":""Observed local Charon/Cargo/rustc binaries"",""identity"":{""charon_sha256"":""51bb6d23beab3f97a684c25162d3e402fc820c891b57b21d2ca781c1da211a8b"",""cargo_sha256"":""71d7b3f81809731f3c95737386b0056cf0a335dd1e3dcb42ac4e3d81599480b1"",""rustc_sha256"":""2ab7af1ea2ec5c69195fd8dfb0e1f91afdb7cc1e53127bba416616ce43a18dbc"",""toolchain"":""nightly-2026-05-31-aarch64-apple-darwin""}},{""name"":""Generated Rust template, copied source and guarded Charon probe"",""identity"":{""template_sha256"":""d0ee5a2c97d8a1797c31955136c6f5dbf62cde9cdc4f88f7a5cf5f551ba2d0c8"",""generated_source_sha256"":""d0ee5a2c97d8a1797c31955136c6f5dbf62cde9cdc4f88f7a5cf5f551ba2d0c8"",""build_rs_sha256"":""64400cefdde17eae6f67ccdbc10937f4b2cecf3fff4a24adb5420c302ac16c34"",""probe_sha256"":""b0ca1ec67c5821389c46ee37228d7838314a5d377ea3a65e103411ecaf721e78"",""results_sha256"":""fdda99e59dbce0694d1ef7ea8815577503d4e3e0f990ea8925117b8aec5bf242""}}]"
R267,newer_version_recheck,Charon 0.1.210 + Rust/Cargo nightly-2026-05-31,ASCII-local Charon span and source-text check across retained edit/revert LLBCs,"The published I080 edit/revert report retained 16 LLBC byte files from independent cold oracles and sequential shared-target requests at incremental-off/on settings. This offline analysis checks their local app/src/lib.rs item spans and itemmeta.sourcetext against the exact baseline Rust fixture and its hash-verified, one-expression edited state. All 64 locally testable ASCII function intervals match their recorded source text in the corresponding source state. This is bounde",Published I080 source edit/revert Charon corpus; Offline ASCII-local LLBC item-span comparison,False,Empirical or source-backed behavior depends on the named toolchain pin.,Charon nightly-2026.09.30 (2804f2d) with its pinned Rust nightly-2026-09-17; Aeneas paired lane separately.,reports/anneal-3731-i079-local-span-source-text-2026-09-29/REPORT.json,reports/anneal-3731-i079-local-span-source-text-2026-09-29/REPORT.md,"[{""name"":""Published I080 source edit/revert Charon corpus"",""identity"":{""repository"":""google/zerocopy"",""reference_revision"":""974c035a2a32b8b873ad560b572eeda7a69679bb"",""source_report_sha256"":""684b193a0d0362824df84d7dee42c7b58e35915405f412487552358cdcbbaeee"",""source_probe_sha256"":""014de68845008f2238863e17077ae7f429b17a44634f2620c8f34086404e72ca"",""source_results_sha256"":""e1f8ac94a2bda6f93ca21d11c8fae4c6030bd2f9a9ac5491d2e4b36f981e1d4a"",""baseline_source_sha256"":""bbe231375dfe3d5ae46a420067496a466ee223e8e2acb2aa54d0c931691d041e"",""edited_source_sha256"":""d264e3214d6b82cc98a3dc13d3fb4d839d1ed54ccdf705225c17210195e61bae""}},{""name"":""Offline ASCII-local LLBC item-span comparison"",""identity"":{""compare_sha256"":""e82b9b9d4ff2334c1ad92578ecc945b704ed092bf1dc7c4bf708d7b0c7e49ef7"",""comparison_sha256"":""c8a5f5b1c3e094f17cff42067f8ca118fb15ce2f8f0e7077d362042584eb4c7f"",""source_results_sha256"":""e1f8ac94a2bda6f93ca21d11c8fae4c6030bd2f9a9ac5491d2e4b36f981e1d4a""}}]"
R268,newer_version_recheck,Charon 0.1.210 + Rust/Cargo nightly-2026-05-31,Rust path remapping in diagnostics and pinned Charon LLBC,"A deliberately invalid Rust source file produced a JSON diagnostic with filename: src/error.rs under plain rustc and /virtual/anneal-src/error.rs with --remap-path-prefix=src=/virtual/anneal-src. The same flag was visibly passed to Charon's Cargo-invoked driver during a successful extraction of a tiny three-file crate. In both Charon LLBC outputs, the local file table retained src/lib.rs, src/left/common.rs, and src/right/common.rs; all three local item file IDs, spans, and s",Observed local Charon 0.1.210 executable; Observed nightly Rust/Cargo executables; Matched Rust diagnostic and Charon path-remap fixture,False,Empirical or source-backed behavior depends on the named toolchain pin.,Charon nightly-2026.09.30 (2804f2d) with its pinned Rust nightly-2026-09-17; Aeneas paired lane separately.,reports/anneal-3731-i079-path-remap-2026-09-30/REPORT.json,reports/anneal-3731-i079-path-remap-2026-09-30/REPORT.md,"[{""name"":""Observed local Charon 0.1.210 executable"",""identity"":{""charon_sha256"":""51bb6d23beab3f97a684c25162d3e402fc820c891b57b21d2ca781c1da211a8b"",""version"":""0.1.210"",""architecture"":""aarch64-darwin""}},{""name"":""Observed nightly Rust/Cargo executables"",""identity"":{""rustc_sha256"":""2ab7af1ea2ec5c69195fd8dfb0e1f91afdb7cc1e53127bba416616ce43a18dbc"",""cargo_sha256"":""71d7b3f81809731f3c95737386b0056cf0a335dd1e3dcb42ac4e3d81599480b1"",""toolchain"":""nightly-2026-05-31-aarch64-apple-darwin""}},{""name"":""Matched Rust diagnostic and Charon path-remap fixture"",""identity"":{""oracle_prelaunch_sha256"":""9ec39d93721465fbef500c61059ca4d77434477932f9c5a60fce5de59d5888e0"",""results_sha256"":""e27b10622230a96ed937d66ae6d388ac4de19b9927c73a61df6a4e7b13fd83cf"",""remap_flag"":""--remap-path-prefix=src=/virtual/anneal-src""}}]"
R269,newer_version_recheck,Charon 0.1.210 + Rust/Cargo nightly-2026-05-31,Charon file identity for two Rust module paths sharing one inode,"On macOS APFS, one tiny Rust crate loaded left/common.rs and right/common.rs through two relative symlinks to the same shared.rs file. A matched control used two physical copies with identical bytes at those same logical module paths. Pinned Charon/Cargo completed both offline extractions. In each LLBC, src/left/common.rs and src/right/common.rs were separate local file-table entries with IDs 1 and 2, even though the aliases shared one device/inode. left::step and right::step",Observed local Charon 0.1.210 executable; Observed nightly Rust/Cargo executables; Matched symlink-alias and physical-copy Rust module fixture,False,Empirical or source-backed behavior depends on the named toolchain pin.,Charon nightly-2026.09.30 (2804f2d) with its pinned Rust nightly-2026-09-17; Aeneas paired lane separately.,reports/anneal-3731-i079-symlink-module-identity-2026-09-30/REPORT.json,reports/anneal-3731-i079-symlink-module-identity-2026-09-30/REPORT.md,"[{""name"":""Observed local Charon 0.1.210 executable"",""identity"":{""charon_sha256"":""51bb6d23beab3f97a684c25162d3e402fc820c891b57b21d2ca781c1da211a8b"",""version"":""0.1.210"",""architecture"":""aarch64-darwin""}},{""name"":""Observed nightly Rust/Cargo executables"",""identity"":{""rustc_sha256"":""2ab7af1ea2ec5c69195fd8dfb0e1f91afdb7cc1e53127bba416616ce43a18dbc"",""cargo_sha256"":""71d7b3f81809731f3c95737386b0056cf0a335dd1e3dcb42ac4e3d81599480b1"",""toolchain"":""nightly-2026-05-31-aarch64-apple-darwin""}},{""name"":""Matched symlink-alias and physical-copy Rust module fixture"",""identity"":{""root_source_sha256"":""491a614d6596dcbc48c999f468f706908df0e635e848feb11faae77a06a77a2e"",""shared_source_sha256"":""8865d4672ee3a15e03a3de9c80d62296553f38bb8178fe93ab3c3c6189368d14"",""oracle_prelaunch_sha256"":""0244d27b7f13388a66092f0472f2a82d414e6a3930c118c67744879ed161e1e9"",""results_sha256"":""2acbcbea3a2b8b52315d86fd990ac1a59dd2216c1a3d3e9170547e9b1a10a61a""}}]"
R270,newer_version_recheck,Charon 0.1.210 + Rust/Cargo nightly-2026-05-31,Charon Unicode source-span columns in a small Rust crate,"One offline pinned Charon extraction produced an error-free LLBC for an independently retained three-line Rust source. Five unique local items, serialized as seven local item records because two constants appear in both function and global arrays, have spans and sourcetext matching their exact source slices. Their line numbers are one-based and their end columns follow the end of the item text. The seven local records match a fixture-specific display-cell calculation: the emo",Installed pinned Charon executable on macOS arm64; Pinned nightly Cargo and rustc; Retained three-line Rust Unicode fixture,False,Empirical or source-backed behavior depends on the named toolchain pin.,Charon nightly-2026.09.30 (2804f2d) with its pinned Rust nightly-2026-09-17; Aeneas paired lane separately.,reports/anneal-3731-i079-unicode-charon-spans-2026-09-30/REPORT.json,reports/anneal-3731-i079-unicode-charon-spans-2026-09-30/REPORT.md,"[{""name"":""Installed pinned Charon executable on macOS arm64"",""identity"":{""artifact"":""local Charon executable"",""sha256"":""51bb6d23beab3f97a684c25162d3e402fc820c891b57b21d2ca781c1da211a8b"",""version"":""0.1.210""}},{""name"":""Pinned nightly Cargo and rustc"",""identity"":{""cargo_sha256"":""71d7b3f81809731f3c95737386b0056cf0a335dd1e3dcb42ac4e3d81599480b1"",""rustc_sha256"":""2ab7af1ea2ec5c69195fd8dfb0e1f91afdb7cc1e53127bba416616ce43a18dbc"",""toolchain"":""nightly-2026-05-31-aarch64-apple-darwin""}},{""name"":""Retained three-line Rust Unicode fixture"",""identity"":{""src_lib_rs_sha256"":""b26ba311378fd7aeffcb4e82f2d38768e3577fa0df6b629cbdb602043655822c""}}]"
R271,newer_version_recheck,Charon 0.1.210 + Rust/Cargo nightly-2026-05-31,Full-field comparison of retained Charon cancellation and cold-oracle LLBCs,"Four retained successful LLBCs from the warmed shared-target cancellation/retry fixture were compared field by field with their independent cold-target oracles. In each same source-state pair, every decoded JSON leaf difference is confined to the requested destination path, one generated-file path under the Cargo target, or the positional order of translated.shortnames. The typed-key-to-name mappings in shortnames are equal. No function declaration, embedded source contents, ",Retained I080 Charon cancellation/retry LLBC corpus; Python full-field comparison procedure,False,Empirical or source-backed behavior depends on the named toolchain pin.,Charon nightly-2026.09.30 (2804f2d) with its pinned Rust nightly-2026-09-17; Aeneas paired lane separately.,reports/anneal-3731-i080-full-field-cancel-oracle-2026-09-29/REPORT.json,reports/anneal-3731-i080-full-field-cancel-oracle-2026-09-29/REPORT.md,"[{""name"":""Retained I080 Charon cancellation/retry LLBC corpus"",""identity"":{""source_report"":""anneal-3731-i080-incremental-on-shared-target-cancel-recovery-2026-09-29"",""source_results_sha256"":""42822b050fc86ffa0506927e7ba19a9055c2b57c04d6914253b0682070667107"",""charon_sha256"":""51bb6d23beab3f97a684c25162d3e402fc820c891b57b21d2ca781c1da211a8b"",""cargo_sha256"":""71d7b3f81809731f3c95737386b0056cf0a335dd1e3dcb42ac4e3d81599480b1"",""rustc_sha256"":""2ab7af1ea2ec5c69195fd8dfb0e1f91afdb7cc1e53127bba416616ce43a18dbc""}},{""name"":""Python full-field comparison procedure"",""identity"":{""compare_sha256"":""cbe0ac43e1a4d81458c9256a066b8cea224de504a889b5d47f2363895d8f22fc"",""comparison_sha256"":""be26b95d7a7e290624598f1916382ab79db89832271a1ad0ae742785db942029""}}]"
R272,newer_version_recheck,Charon 0.1.210 + Rust/Cargo nightly-2026-05-31,Full-field cold-oracle comparison of retained I080 source edit and revert LLBCs,"All 12 completed shared-target LLBCs in the retained I080 source edit → rebuild → revert corpus were compared with the cold oracle for their exact source state, using the original decoded JSON values and no normalization. Across both CARGOINCREMENTAL=0 and 1, every differing leaf in those 12 comparisons is a requested destination path, a generated-file local path, or a positional translated.shortnames entry. The typed-key/name maps in shortnames agree for each pair. Two edite",Retained I080 source edit/revert LLBC corpus; Python full-field edit/revert oracle comparison,False,Empirical or source-backed behavior depends on the named toolchain pin.,Charon nightly-2026.09.30 (2804f2d) with its pinned Rust nightly-2026-09-17; Aeneas paired lane separately.,reports/anneal-3731-i080-full-field-edit-revert-oracles-2026-09-29/REPORT.json,reports/anneal-3731-i080-full-field-edit-revert-oracles-2026-09-29/REPORT.md,"[{""name"":""Retained I080 source edit/revert LLBC corpus"",""identity"":{""source_report"":""anneal-3731-i080-source-edit-revert-incremental-cache-2026-09-29"",""source_report_sha256"":""684b193a0d0362824df84d7dee42c7b58e35915405f412487552358cdcbbaeee"",""source_results_sha256"":""e1f8ac94a2bda6f93ca21d11c8fae4c6030bd2f9a9ac5491d2e4b36f981e1d4a"",""charon_sha256"":""51bb6d23beab3f97a684c25162d3e402fc820c891b57b21d2ca781c1da211a8b""}},{""name"":""Python full-field edit/revert oracle comparison"",""identity"":{""compare_sha256"":""e70c139e1c4b9769b789ca67023bf1a523f89f118f5a68a199ff6565648bd804"",""comparison_sha256"":""7fb668a000adbf5bd8d2a8534e40b1c0164aac1e7e9c9d71d797bd17a3977be7"",""source_results_sha256"":""e1f8ac94a2bda6f93ca21d11c8fae4c6030bd2f9a9ac5491d2e4b36f981e1d4a""}}]"
R273,newer_version_recheck,Charon 0.1.210 + Rust/Cargo nightly-2026-05-31,Incremental-on shared Cargo target: cancellation and retry,"Two pinned Charon/Cargo consumers used one warmed, writable target with CARGOINCREMENTAL=1. After changing A's Rust body and build script, the probe launched A, observed its build-script entry marker, launched B, and sent SIGTERM to A's process group while both groups were live. B logged a Cargo build-directory lock wait, then completed with parseable baseline LLBC. A's canceled request left no LLBC at its destination. A fresh Charon process retried the edited A source agains",Pinned Charon Cargo extraction; Pinned nightly Cargo and rustc; Retained two-crate fixture and incremental cancellation probe,False,Empirical or source-backed behavior depends on the named toolchain pin.,Charon nightly-2026.09.30 (2804f2d) with its pinned Rust nightly-2026-09-17; Aeneas paired lane separately.,reports/anneal-3731-i080-incremental-on-shared-target-cancel-recovery-2026-09-29/REPORT.json,reports/anneal-3731-i080-incremental-on-shared-target-cancel-recovery-2026-09-29/REPORT.md,"[{""name"":""Pinned Charon Cargo extraction"",""identity"":{""artifact"":""local macOS arm64 charon executable"",""sha256"":""51bb6d23beab3f97a684c25162d3e402fc820c891b57b21d2ca781c1da211a8b"",""version"":""0.1.210""}},{""name"":""Pinned nightly Cargo and rustc"",""identity"":{""cargo_sha256"":""71d7b3f81809731f3c95737386b0056cf0a335dd1e3dcb42ac4e3d81599480b1"",""rustc_sha256"":""2ab7af1ea2ec5c69195fd8dfb0e1f91afdb7cc1e53127bba416616ce43a18dbc"",""toolchain"":""nightly-2026-05-31-aarch64-apple-darwin""}},{""name"":""Retained two-crate fixture and incremental cancellation probe"",""identity"":{""fixture_source_tree"":""af738e8e51a229bdc2940cc1caf176c2bec711b2"",""probe_sha256"":""9e9249c178d5e42dc6d800bde65d4769d2883b127b15a4d3a48adfdf0a41ff6e""}}]"
R274,newer_version_recheck,Charon 0.1.210 + Rust/Cargo nightly-2026-05-31,Incremental Cargo target layout for two Charon consumers,"On one small offline Cargo fixture, two Charon consumers completed from cold and warm targets in each of four cells: private or shared CARGOTARGETDIR, with CARGOINCREMENTAL=0 or 1. All 16 requests exited 0 and produced parseable LLBC with the same selected local function-body projection. Shared targets emitted Cargo build-directory lock-wait messages; private targets did not. Incremental-on targets retained more files and bytes. This adds a narrow incremental-on comparison to",Pinned Charon Cargo extraction; Pinned nightly Cargo and rustc; Retained two-crate warm-target fixture and matrix probe,False,Empirical or source-backed behavior depends on the named toolchain pin.,Charon nightly-2026.09.30 (2804f2d) with its pinned Rust nightly-2026-09-17; Aeneas paired lane separately.,reports/anneal-3731-i080-incremental-target-layout-matrix-2026-09-29/REPORT.json,reports/anneal-3731-i080-incremental-target-layout-matrix-2026-09-29/REPORT.md,"[{""name"":""Pinned Charon Cargo extraction"",""identity"":{""artifact"":""local macOS arm64 charon executable"",""sha256"":""51bb6d23beab3f97a684c25162d3e402fc820c891b57b21d2ca781c1da211a8b"",""version"":""0.1.210""}},{""name"":""Pinned nightly Cargo and rustc"",""identity"":{""cargo_sha256"":""71d7b3f81809731f3c95737386b0056cf0a335dd1e3dcb42ac4e3d81599480b1"",""rustc_sha256"":""2ab7af1ea2ec5c69195fd8dfb0e1f91afdb7cc1e53127bba416616ce43a18dbc"",""toolchain"":""nightly-2026-05-31-aarch64-apple-darwin""}},{""name"":""Retained two-crate warm-target fixture and matrix probe"",""identity"":{""fixture_source_tree"":""af738e8e51a229bdc2940cc1caf176c2bec711b2"",""matrix_probe_sha256"":""d7f5d76da27a817d550d380314feb18974c495c3bc1aac2261e3cdc588de26a0""}}]"
R275,newer_version_recheck,Charon 0.1.210 + Rust/Cargo nightly-2026-05-31,Two Charon consumers sharing a private Cargo target,"Two pinned charon cargo processes used distinct source roots and LLBC destinations but one fresh, writable CARGOTARGETDIR. Both processes overlapped, Cargo reported a build-directory file-lock wait for the second process, and both exited 0 with parseable LLBC. In a second fresh shared target, the first process was terminated after its build script entered; the companion completed and emitted parseable LLBC. The sampled process-tree RSS and scratch disk use stayed far below th",Pinned Charon Cargo extraction; Pinned nightly Cargo and rustc; Private two-process shared-target fixture,False,Empirical or source-backed behavior depends on the named toolchain pin.,Charon nightly-2026.09.30 (2804f2d) with its pinned Rust nightly-2026-09-17; Aeneas paired lane separately.,reports/anneal-3731-i080-shared-cargo-target-two-process-2026-09-29/REPORT.json,reports/anneal-3731-i080-shared-cargo-target-two-process-2026-09-29/REPORT.md,"[{""name"":""Pinned Charon Cargo extraction"",""identity"":{""artifact"":""local macOS arm64 charon executable"",""sha256"":""51bb6d23beab3f97a684c25162d3e402fc820c891b57b21d2ca781c1da211a8b"",""version"":""0.1.210""}},{""name"":""Pinned nightly Cargo and rustc"",""identity"":{""cargo_sha256"":""71d7b3f81809731f3c95737386b0056cf0a335dd1e3dcb42ac4e3d81599480b1"",""rustc_sha256"":""2ab7af1ea2ec5c69195fd8dfb0e1f91afdb7cc1e53127bba416616ce43a18dbc"",""toolchain"":""nightly-2026-05-31-aarch64-apple-darwin""}},{""name"":""Private two-process shared-target fixture"",""identity"":{""observed_probe_sha256"":""8ea5be460e0ce3d1ec99f7f6dfa1cf4ffac9c402eddbbcd6e6f69cb82aab0de1"",""fixture_source_tree"":""af738e8e51a229bdc2940cc1caf176c2bec711b2""}}]"
R276,newer_version_recheck,Charon 0.1.210 + Rust/Cargo nightly-2026-05-31,Source edit and revert in a shared Charon/Cargo target,"A bounded, offline source edit → rebuild → revert sequence tested a previously unobserved I080 cache transition. In a tiny two-crate fixture, two equal-length source roots used one writable Cargo target sequentially. Only root A changed its Rust step function from wrappingadd(1) to wrappingadd(2) and then reverted; root B stayed unchanged. With CARGOINCREMENTAL=0 and 1, every shared-target LLBC matched the selected local function-body projection of an independent cold target ",Pinned Charon Cargo extraction; Pinned nightly Cargo and rustc; Retained two-crate fixture and source-edit probe,False,Empirical or source-backed behavior depends on the named toolchain pin.,Charon nightly-2026.09.30 (2804f2d) with its pinned Rust nightly-2026-09-17; Aeneas paired lane separately.,reports/anneal-3731-i080-source-edit-revert-incremental-cache-2026-09-29/REPORT.json,reports/anneal-3731-i080-source-edit-revert-incremental-cache-2026-09-29/REPORT.md,"[{""name"":""Pinned Charon Cargo extraction"",""identity"":{""artifact"":""local macOS arm64 charon executable"",""sha256"":""51bb6d23beab3f97a684c25162d3e402fc820c891b57b21d2ca781c1da211a8b"",""version"":""0.1.210""}},{""name"":""Pinned nightly Cargo and rustc"",""identity"":{""cargo_sha256"":""71d7b3f81809731f3c95737386b0056cf0a335dd1e3dcb42ac4e3d81599480b1"",""rustc_sha256"":""2ab7af1ea2ec5c69195fd8dfb0e1f91afdb7cc1e53127bba416616ce43a18dbc"",""toolchain"":""nightly-2026-05-31-aarch64-apple-darwin""}},{""name"":""Retained two-crate fixture and source-edit probe"",""identity"":{""fixture_source_tree"":""af738e8e51a229bdc2940cc1caf176c2bec711b2"",""probe_sha256"":""014de68845008f2238863e17077ae7f429b17a44634f2620c8f34086404e72ca""}}]"
R277,newer_version_recheck,Charon 0.1.210 + Rust/Cargo nightly-2026-05-31,Full-field comparison of retained I080 target-layout LLBC matrix,"The published target-layout matrix retained 16 successful Charon LLBC outputs from four private/shared Cargo-target × incremental-off/on cells, each with cold and warm A/B requests. It checked five selected local function bodies per output. This offline reanalysis compares every decoded JSON field along all 24 matched one-axis pairs: eight warm versus cold, eight shared versus private, and eight incremental-on versus off. Every observed difference is a requested destination p",Retained I080 private/shared incremental cold/warm LLBC matrix; Python full-field target-layout matrix comparison,False,Empirical or source-backed behavior depends on the named toolchain pin.,Charon nightly-2026.09.30 (2804f2d) with its pinned Rust nightly-2026-09-17; Aeneas paired lane separately.,reports/anneal-3731-i080-target-layout-full-field-2026-09-29/REPORT.json,reports/anneal-3731-i080-target-layout-full-field-2026-09-29/REPORT.md,"[{""name"":""Retained I080 private/shared incremental cold/warm LLBC matrix"",""identity"":{""source_report"":""anneal-3731-i080-incremental-target-layout-matrix-2026-09-29"",""source_report_sha256"":""07ebaa3cb0d2177d4c088caf9cbcff6973bc4cb7ca932cc91e07a97d25e59d44"",""source_results_sha256"":""040f6e477a358b602af87298fbc8517cd5269e8803d4ede7e70762ae31d58828"",""charon_sha256"":""51bb6d23beab3f97a684c25162d3e402fc820c891b57b21d2ca781c1da211a8b""}},{""name"":""Python full-field target-layout matrix comparison"",""identity"":{""compare_sha256"":""867d5f0f2d568d6f7b1a69057df48c90757ea482ceb34852eba668508cd5eae7"",""comparison_sha256"":""4d4396890b7a05eaad9684ccaf76067cf6f0ba1e74bd8d48caf109dd75dd4c02"",""source_results_sha256"":""040f6e477a358b602af87298fbc8517cd5269e8803d4ede7e70762ae31d58828""}}]"
R278,newer_version_recheck,Lean/Lake v4.30.0-rc2,Lake package-version-only identity ablation,Observed 2026-09-30 on this Apple Silicon host with the installed Lean/Lake v4.30.0-rc2 toolchain. The exact Lake executable SHA-256 is 9a89b2af1bddb7e6d5a8dbb2c715288bcb4f24b9129132640cee950734366bcb; Lean is b48bc5ab229bd8b320a224b87e20fc428dba6fa8a1c054bd4fa6def846e19997. These executable hashes identify the binaries used; this package does not independently establish the source commit from which they were built.,Lake package version declaration and fixed-path dependency,False,Empirical or source-backed behavior depends on the named toolchain pin.,Lean/Lake stable v4.34.1; optional prerelease v4.35.0-rc3. Rebuild all OLean/native artifacts.,reports/anneal-3731-i090-lake-version-only-identity-2026-09-30/REPORT.json,reports/anneal-3731-i090-lake-version-only-identity-2026-09-30/REPORT.md,"[{""name"":""Lake package version declaration and fixed-path dependency"",""identity"":{""repository"":""leanprover/lean4"",""version"":""v4.30.0-rc2"",""lake_binary_sha256"":""9a89b2af1bddb7e6d5a8dbb2c715288bcb4f24b9129132640cee950734366bcb"",""lean_binary_sha256"":""b48bc5ab229bd8b320a224b87e20fc428dba6fa8a1c054bd4fa6def846e19997""}}]"
R279,newer_version_recheck,June 2026 Rust→Charon→Aeneas→Lean 4.30.0-rc2 bundle,Malformed consumer manifest: Lake preflight and server fallback,"This is one offline, package-local Lean/Lake 4.30.0-rc2 fixture for investigation I092 in #3731, with F07 of #3730 as historical context. It follows the earlier resource-gated attempt, which launched no Lake commands. This result establishes the behavior of the installed binaries identified by the hashes below; it does not establish behavior for other Lake versions, Anneal workspaces, or every malformed manifest.",Lean and Lake 4.30.0-rc2 malformed-manifest fixture,False,Empirical or source-backed behavior depends on the named toolchain pin.,Aeneas nightly-2026.09.30-0855ce1 with its paired Charon e435e5f and Lean 4.31.0; separate standalone Charon comparison.,reports/anneal-3731-i092-malformed-manifest-preflight-2026-09-30/REPORT.json,reports/anneal-3731-i092-malformed-manifest-preflight-2026-09-30/REPORT.md,"[{""name"":""Lean and Lake 4.30.0-rc2 malformed-manifest fixture"",""identity"":{""repository"":""leanprover/lean4"",""version"":""v4.30.0-rc2"",""lake_binary_sha256"":""9a89b2af1bddb7e6d5a8dbb2c715288bcb4f24b9129132640cee950734366bcb"",""lean_binary_sha256"":""b48bc5ab229bd8b320a224b87e20fc428dba6fa8a1c054bd4fa6def846e19997""}}]"
R280,newer_version_recheck,Lean/Lake v4.30.0-rc2,Preseeded Lake server goals with valid and invalid consumer manifests,"In one pinned Lean/Lake 4.30.0-rc2 two-package fixture, a valid consumer manifest let lake --no-build --no-cache serve open Generated.lean, reach a processing-empty quiescent state, and return the live goal ⊢ depValue = 7. Replacing only the consumer manifest with malformed JSON or a valid JSON manifest omitting its declared dependency made the opened document publish Lake setup errors. Both server processes still initialized and exited 0 through the plain lean --server fallb",Lean and Lake 4.30.0-rc2 preseeded manifest/server fixture,False,Three empirical server cells have behavior specific to pinned Lean/Lake.,Lean/Lake stable v4.34.1; optional prerelease v4.35.0-rc3. Rebuild all OLean/native artifacts.,reports/anneal-3731-i092-preseeded-manifest-server-readiness-2026-09-30/REPORT.json,reports/anneal-3731-i092-preseeded-manifest-server-readiness-2026-09-30/REPORT.md,"[{""name"":""Lean and Lake 4.30.0-rc2 preseeded manifest/server fixture"",""identity"":{""repository"":""leanprover/lean4"",""version"":""v4.30.0-rc2"",""lake_binary_sha256"":""9a89b2af1bddb7e6d5a8dbb2c715288bcb4f24b9129132640cee950734366bcb"",""lean_binary_sha256"":""b48bc5ab229bd8b320a224b87e20fc428dba6fa8a1c054bd4fa6def846e19997"",""results_sha256"":""73bcd2c942ec5a9306fab22a77ceecbb2dbdc43d40516e9b4999a6593f0dd158""}}]"
R281,newer_version_recheck,Lean/Lake v4.30.0-rc2,Preseeded Lake server: valid relocated consumer and admission boundary,"This is one valid-manifest server control for #3731 I092, with #3730 F07 as context. It extends the v63 malformed-manifest preflight report, whose server cells only initialized and shut down without opening a file. This attempt planned three manifest states, but the fresh resource admission rejected the second state before its server launched. No malformed-manifest or missing-dependency server behavior was observed here.",Lean and Lake 4.30.0-rc2 preseeded valid consumer,False,Empirical or source-backed behavior depends on the named toolchain pin.,Lean/Lake stable v4.34.1; optional prerelease v4.35.0-rc3. Rebuild all OLean/native artifacts.,reports/anneal-3731-i092-preseeded-valid-server-goal-2026-09-30/REPORT.json,reports/anneal-3731-i092-preseeded-valid-server-goal-2026-09-30/REPORT.md,"[{""name"":""Lean and Lake 4.30.0-rc2 preseeded valid consumer"",""identity"":{""repository"":""leanprover/lean4"",""version"":""v4.30.0-rc2"",""lake_binary_sha256"":""9a89b2af1bddb7e6d5a8dbb2c715288bcb4f24b9129132640cee950734366bcb"",""lean_binary_sha256"":""b48bc5ab229bd8b320a224b87e20fc428dba6fa8a1c054bd4fa6def846e19997""}}]"
R282,incidental_or_citation,No pinned-software conclusion requiring a newer-version rerun,I094 installed Lean/Lake upgrade-candidate inventory,"At reference commit 40b3024d5a3c73357abb6e90f10fcaf713768cd4, a read-only local inventory found no Lean/Lake tuple later than the examined v4.30.0-rc2 pin in the installed tool bundle or local Nix store. The bundle contains v4.29.0 and v4.30.0-rc2; 4.29 is earlier. The one Lean toolchain path in /nix/store is 4.30.0-rc2, and its lean and lake executable hashes match the bundled 4.30 pair. The Aeneas release and source backends/lean/lean-toolchain files both select leanprover/",I094 installed Lean/Lake inventory; Bundled and Nix Lean/Lake executables; Pinned Aeneas Lean selection,False,"Main conclusion is an audit, general model, history, standard, or contextual evidence; software versions identify provenance only.",No newer-version comparison for the main conclusion.,reports/anneal-3731-i094-installed-lean-lake-inventory-2026-09-29/REPORT.json,reports/anneal-3731-i094-installed-lean-lake-inventory-2026-09-29/REPORT.md,"[{""name"":""I094 installed Lean/Lake inventory"",""identity"":{""reference_revision"":""40b3024d5a3c73357abb6e90f10fcaf713768cd4"",""inventory_sha256"":""521462ea9a4c610e3f4f1b9d9efa47cdd90b011bd10d2f18267d093310f4644b"",""collector_sha256"":""d221a2171ac1f4d40092d01847ae7f883956412da2eccb6deb56d441b84d3e43"",""checker_sha256"":""070985b79b5b5e9d3a35f52a6b6fb9e759b8c1b878e0d8084deeb55de0dbfca8""}},{""name"":""Bundled and Nix Lean/Lake executables"",""identity"":{""bundled_versions"":""v4.29.0; v4.30.0-rc2"",""nix_store_lean_toolchain_version"":""v4.30.0-rc2"",""lean_v429_sha256"":""2974847fff2e2621502841f4c2dbac4035b4847d6060a4f2087cbc0d04005e37"",""lake_v429_sha256"":""0e56506385ec20d56bffd7c031c4d48573ab5fdb74e5246ec8c45a220bebc68b"",""lean_v430_rc2_sha256"":""b48bc5ab229bd8b320a224b87e20fc428dba6fa8a1c054bd4fa6def846e19997"",""lake_v430_rc2_sha256"":""9a89b2af1bddb7e6d5a8dbb2c715288bcb4f24b9129132640cee950734366bcb""}},{""name"":""Pinned Aeneas Lean selection"",""identity"":{""release"":""nightly-2026.06.03"",""aeneas_repository"":""AeneasVerif/aeneas"",""aeneas_revision"":""ac9f1bc5262a5e4ff1e24ca78617121382202727"",""lean_toolchain"":""leanprover/lean4:v4.30.0-rc2"",""release_pin_sha256"":""ce4c4e3d87434b9663f46de25ce34b48a0cf0d392e0a320a0787b4674a2d7b61"",""source_pin_sha256"":""ce4c4e3d87434b9663f46de25ce34b48a0cf0d392e0a320a0787b4674a2d7b61""}}]"
R283,incidental_or_citation,No pinned-software conclusion requiring a newer-version rerun,Independent review of Anneal #3731 I107–I159 and two I147 refresh controls,"At the retained #3731 issue scope and reference baseline 75fa78c1b623ab8db9d9acb4f31ec7958bfb9110, the 53 investigations I107–I159 remain 2 complete at disposable-prototype scope, 49 partial, and 2 conditional. I137 and I138 are the complete prototype rows; I141 and I143 are conditional. No current Anneal V2 product acceptance claim is complete in this range. The row review gives the exact issue question, status, gate, evidence-qualified residual, and next prerequisite for ev","Anneal consolidated investigation agenda (#3731), I107–I159; Reference corpus baseline for independent I107–I159 review; Lean 4.30.0-rc2 direct server and fresh batch binary",False,"Main conclusion is an audit, general model, history, standard, or contextual evidence; software versions identify provenance only.",No newer-version comparison for the main conclusion.,reports/anneal-3731-i107-i159-independent-rereview-2026-09-29/REPORT.json,reports/anneal-3731-i107-i159-independent-rereview-2026-09-29/REPORT.md,"[{""name"":""Anneal consolidated investigation agenda (#3731), I107–I159"",""identity"":{""repository"":""google/zerocopy"",""issue"":""3731"",""body_sha256"":""0375e6dc74b7f89e170c6c1a699212c1cf82b4260dfda4f14a02bcb54b2c4a88"",""scope_extension_comment"":""5884299718"",""comment_body_sha256"":""4cc532789c728ce2cfaca08d7636c6f0fd91f0710fd9e90de74a25993b43f488""}},{""name"":""Reference corpus baseline for independent I107–I159 review"",""identity"":{""repository"":""google/zerocopy"",""branch"":""reference"",""revision"":""75fa78c1b623ab8db9d9acb4f31ec7958bfb9110""}},{""name"":""Lean 4.30.0-rc2 direct server and fresh batch binary"",""identity"":{""repository"":""leanprover/lean4"",""revision"":""3dc1a088b6d2d8eafe25a7cd7ec7b58d731bd7cc"",""version"":""v4.30.0-rc2"",""binary_sha256"":""b48bc5ab229bd8b320a224b87e20fc428dba6fa8a1c054bd4fa6def846e19997""}}]"
R284,incidental_or_citation,No pinned-software conclusion requiring a newer-version rerun,Post-publication #3731 I107–I159 residual audit and Lake configuration control,"The live #3731 wording for all 53 investigations I107–I159 matches the published v23 ledger. This audit retains 49 partial, two complete at disposable-prototype scope (I137–I138), and two conditional (I141, I143) classifications. The per-ID table records each exact question, cited packages, evidence assessment, cached-only decision, and remaining gate. None of these rows establishes current Anneal V2 product acceptance.","Reference v23 investigation ledger; Issue 3731 live scope, I107-I159; Pinned Lake configuration execution and sandbox control",False,"Main conclusion is an audit, general model, history, standard, or contextual evidence; software versions identify provenance only.",No newer-version comparison for the main conclusion.,reports/anneal-3731-i107-i159-postpublication-residual-audit-2026-09-29/REPORT.json,reports/anneal-3731-i107-i159-postpublication-residual-audit-2026-09-29/REPORT.md,"[{""name"":""Reference v23 investigation ledger"",""identity"":{""repository"":""google/zerocopy"",""revision"":""9d2426519c7eaaf58b13b109a2f4c16d84c51616"",""ledger_sha256"":""df8517ecf396a7fd1ee230afa95a67c0ed5929edb48dc7b571949c74466a234a""}},{""name"":""Issue 3731 live scope, I107-I159"",""identity"":{""repository"":""google/zerocopy"",""issue"":""3731"",""scope_sha256"":""86ffa5e21acb87b8cca546e2081663173188c3b029085414429422bff287ae5a"",""full_body_sha256"":""e1ca20c129376f0459674098d4f6ddd5355f4b24cdceaad0f2a9c6cb7e4d98aa"",""scope_extension_comment_sha256"":""2451c7f38f864676a5aa23b16d4eb25ba18f768318829fd68715f9b384c1f533""}},{""name"":""Pinned Lake configuration execution and sandbox control"",""identity"":{""lean_version"":""4.30.0-rc2"",""lean_sha256"":""b48bc5ab229bd8b320a224b87e20fc428dba6fa8a1c054bd4fa6def846e19997"",""lake_sha256"":""9a89b2af1bddb7e6d5a8dbb2c715288bcb4f24b9129132640cee950734366bcb"",""sandbox_exec_sha256"":""abc5bb136d6b5cce8fa85d789f78e3326c51ca60cae637b2064adfb67a1dcd9a"",""probe_sha256"":""58248208c8e1dabe01a2731b3dad969ec7c80a253459eac552328e96d40ee55a""}}]"
R285,newer_version_recheck,Lean/Lake v4.30.0-rc2,Stepwise direct Lean document-version observations,"One pinned Lean 4.30.0-rc2 direct server received full-text didChange notifications in the order v2, v4, duplicate v4 with different bytes, lower v3, v5, after opening v1. The client awaited textDocument/waitForDiagnostics at each step, observed a unique marker-bearing publishDiagnostics notification, then queried $/lean/plainGoal before sending the next change. The successive goals were 1=1, 2=2, 4=4, 40=40, 3=3, 5=5. A second v5 goal after a 1.5-second quiet interval remain",Lean 4 direct server versioned document notifications,False,Empirical or source-backed behavior depends on the named toolchain pin.,Lean/Lake stable v4.34.1; optional prerelease v4.35.0-rc3. Rebuild all OLean/native artifacts.,reports/anneal-3731-i112-stepwise-lsp-versions-2026-09-30/REPORT.json,reports/anneal-3731-i112-stepwise-lsp-versions-2026-09-30/REPORT.md,"[{""name"":""Lean 4 direct server versioned document notifications"",""identity"":{""repository"":""leanprover/lean4"",""version"":""v4.30.0-rc2"",""lean_binary_sha256"":""b48bc5ab229bd8b320a224b87e20fc428dba6fa8a1c054bd4fa6def846e19997""}}]"
R286,newer_version_recheck,Lean/Lake v4.30.0-rc2,Loaded native-plugin paths across Lean file workers and a forced restart,"Published native-plugin evidence used initializer markers to show a v1→v2→v1 transition but did not inspect actual process mappings. This local extension inspected the mapped dylib in the Lean watchdog and file workers with both macOS lsof and vmmap. A stable plugin basename was a symlink to separate same-basename v1 and v2 dylibs, so the mapped target paths distinguish the versions without changing the initializer symbol.",Lean 4.30.0-rc2 server and worker executable; Prepared native plugin variants,False,Empirical or source-backed behavior depends on the named toolchain pin.,Lean/Lake stable v4.34.1; optional prerelease v4.35.0-rc3. Rebuild all OLean/native artifacts.,reports/anneal-3731-i125-i154-native-plugin-mapped-workers-2026-09-30/REPORT.json,reports/anneal-3731-i125-i154-native-plugin-mapped-workers-2026-09-30/REPORT.md,"[{""name"":""Lean 4.30.0-rc2 server and worker executable"",""identity"":{""repository"":""leanprover/lean4"",""revision"":""3dc1a088b6d2d8eafe25a7cd7ec7b58d731bd7cc"",""binary_sha256"":""b48bc5ab229bd8b320a224b87e20fc428dba6fa8a1c054bd4fa6def846e19997""}},{""name"":""Prepared native plugin variants"",""identity"":{""v1_sha256"":""3f4a1cb3a67a0027f0c90e819afc20d009ddb921cb7f4c0e0095db074e085aa4"",""v2_sha256"":""f7b4c875cb1c91a35259462b5034f48ad96f819e519d9414edc68975045f92a9""}}]"
R287,newer_version_recheck,Lean/Lake v4.30.0-rc2,I125: plugin basename resolution and path alias under Lean 4.30.0-rc2,"Pinned Lean's --plugin=file accepts a relative basename, but its plugin loader resolves that pathname with IO.FS.realPath before loading. It does not search LEANPATH or the system library path for a plugin basename. With LEANPATH set to directory A, invoking --plugin=pluginprobePlugin.dylib from an empty cwd failed with no such file or directory; invoking the identical argument from A loaded v1, and from B loaded v2. The successful cwd cases are relative pathname resolution, ",Pinned Lean 4.30.0-rc2 CLI and server; Compiled v1/v2 same-basename marker plugins; Pinned loader source,False,Empirical or source-backed behavior depends on the named toolchain pin.,Lean/Lake stable v4.34.1; optional prerelease v4.35.0-rc3. Rebuild all OLean/native artifacts.,reports/anneal-3731-i125-plugin-cwd-path-alias-v4-30-0-rc2/REPORT.json,reports/anneal-3731-i125-plugin-cwd-path-alias-v4-30-0-rc2/REPORT.md,"[{""name"":""Pinned Lean 4.30.0-rc2 CLI and server"",""identity"":{""sha256_file"":""support/transcript.json#subject.lean_sha256""}},{""name"":""Compiled v1/v2 same-basename marker plugins"",""identity"":{""sha256_fields"":""support/transcript.json#subject.v1_sha256;subject.v2_sha256""}},{""name"":""Pinned loader source"",""identity"":{""sha256"":""88941bc513806a35f7a86ee4056e1cecab8af9a8feb596ad01000914d3f570f1""}}]"
R288,incidental_or_citation,No pinned-software conclusion requiring a newer-version rerun,I145 bounded cross-layer identity ablation model,"This package answers a narrow version of #3731 I145: which separately observable fields are necessary under three declared symbolic policies? A Python standard-library checker exhaustively enumerated all 2^16 = 65,536 binary snapshots and held five locators constant. It tested all sixteen candidate fields against each policy: 31 tests actually removed a field present in that policy, and 17 were absent-field controls that left its key unchanged. The full keys were sound agains",Finite cross-layer identity ablation model,False,"Main conclusion is an audit, general model, history, standard, or contextual evidence; software versions identify provenance only.",No newer-version comparison for the main conclusion.,reports/anneal-3731-i145-cross-layer-identity-ablation-model-2026-09-30/REPORT.json,reports/anneal-3731-i145-cross-layer-identity-ablation-model-2026-09-30/REPORT.md,"[{""name"":""Finite cross-layer identity ablation model"",""identity"":{""artifact"":""check.py"",""sha256"":""6b8118b2d6e0f29de4a7086b7803a22615514040dd5bdd080aebf714474f747d""}}]"
R289,newer_version_recheck,June 2026 Rust→Charon→Aeneas→Lean 4.30.0-rc2 bundle,"I147/C06: syntax edit, identical rebuilt OLean, different trace and ILean","On pinned Lean/Lake v4.30.0-rc2, the fixture changed def selected : Nat := 7 to def selected:Nat := 0x7. Both are 24 source bytes and evaluate to 7. Lake rebuilt Dep after the edit: the OLean mtime changed, while its 4,616 bytes remained byte identical (SHA-256 c363ec99438400519e766fea241aaee6b7bafc2d593f5db9fd740bb5b7e69f62). The source SHA-256 changed from a65f7080… to 258b3e8a…; the Lake trace and ILean bytes also changed. A resident server file, a newly opened file, the r","Lean 4 direct language server, batch compiler, and Lake; Local syntax-equivalent imported-definition fixture",False,Empirical or source-backed behavior depends on the named toolchain pin.,Aeneas nightly-2026.09.30-0855ce1 with its paired Charon e435e5f and Lean 4.31.0; separate standalone Charon comparison.,reports/anneal-3731-i147-syntax-equivalent-rebuild-2026-09-29/REPORT.json,reports/anneal-3731-i147-syntax-equivalent-rebuild-2026-09-29/REPORT.md,"[{""name"":""Lean 4 direct language server, batch compiler, and Lake"",""identity"":{""repository"":""leanprover/lean4"",""revision"":""3dc1a088b6d2d8eafe25a7cd7ec7b58d731bd7cc"",""version"":""v4.30.0-rc2"",""lean_sha256"":""b48bc5ab229bd8b320a224b87e20fc428dba6fa8a1c054bd4fa6def846e19997"",""lake_sha256"":""9a89b2af1bddb7e6d5a8dbb2c715288bcb4f24b9129132640cee950734366bcb""}},{""name"":""Local syntax-equivalent imported-definition fixture"",""identity"":{""reference_parent"":""e26a9414ab48844eeb95b91ee8b743046c8a8982"",""baseline_source_sha256"":""a65f708068d277a77a351c90927ac6b9e0d36f7d42376cd84caf4fba41cfcefc"",""edited_source_sha256"":""258b3e8a5ffffa4c7edabc080a9c1af11b2d135019c5780e7248d7e0dc33cfbb"",""olean_sha256"":""c363ec99438400519e766fea241aaee6b7bafc2d593f5db9fd740bb5b7e69f62""}}]"
R290,newer_version_recheck,Lean/Lake v4.30.0-rc2,I148 five-function same-path Lake replay and function-change control,"The full cached Lake graph reported 1,686 jobs; the four rows above are the local consumer modules. During warm and identical-source replacement builds, every retained local .trace and .olean SHA-256 and mtime matched baseline. The function change altered Probe.Funs.olean and the traces for Probe.Funs, Probe, and Consumer; Probe.Types' trace and OLean remained unchanged. The Probe and Consumer OLean bytes also remained identical despite Lake marking those modules Built, while",I148 retained five-function corpus; Pinned local translation and Lake tools; Retained same-path replay and function-change control,False,Empirical or source-backed behavior depends on the named toolchain pin.,Lean/Lake stable v4.34.1; optional prerelease v4.35.0-rc3. Rebuild all OLean/native artifacts.,reports/anneal-3731-i148-five-function-lake-replay-2026-09-29/REPORT.json,reports/anneal-3731-i148-five-function-lake-replay-2026-09-29/REPORT.md,"[{""name"":""I148 retained five-function corpus"",""identity"":{""prior_report_sha256"":""48b6bd8de4255684656c8c4f737b6fed69d03697825b36c09acd080bb4616451"",""prior_results_sha256"":""f553da995110e9264c3f4504c5cb154865de37e121b1d6de5b73fa36db7e28b3"",""original_rust_source_sha256"":""c1307296746705f68f957cf4604aeca9695d1be87dba68b7a87deca4da825f6c""}},{""name"":""Pinned local translation and Lake tools"",""identity"":{""charon_sha256"":""51bb6d23beab3f97a684c25162d3e402fc820c891b57b21d2ca781c1da211a8b"",""aeneas_sha256"":""f476001e1a8e8c5cb1d8a621a25716d8e15f0809c8a023c5349357acc0911d03"",""lake_sha256"":""9a89b2af1bddb7e6d5a8dbb2c715288bcb4f24b9129132640cee950734366bcb"",""lean_version"":""v4.30.0-rc2""}},{""name"":""Retained same-path replay and function-change control"",""identity"":{""probe_sha256"":""2be6627b90bfde250077832db7233b01a6c95e973bc039decf6f7feae7f44e67"",""results_sha256"":""1d466c5283a2c5b8585cc97e092169660740768efb625165c8bb959ccd911967"",""mutant_rust_source_sha256"":""f3139d907e73cfec6bdb58dda1c800766ea771349b5693a1b58125e03a0281d7"",""mutant_funs_sha256"":""f5f50d295621081c3f68e3e09add0e9eb88b822350adc4700eec892c8e77b160""}}]"
R291,newer_version_recheck,June 2026 Rust→Charon→Aeneas→Lean 4.30.0-rc2 bundle,I148: error-free multi-function Charon/Aeneas repeat corpus,"All five Charon calls exited 0 and produced error-free LLBC. Their five raw SHA-256 hashes differed. The only parsed differences were the requested destination path and the order of six shortnames entries; after the two stated operations, the complete parsed LLBC values matched. The two concurrent Charon invocation intervals overlapped by about 165 ms, as retained in support/results.json. The timestamps bracket subprocess.run, rather than separately recording OS process start",I148 five-function Rust corpus; Pinned Charon/Cargo/rustc toolchain; Pinned Aeneas CLI; Lean v4.30.0-rc2; Five retained extraction and generation runs,False,Empirical or source-backed behavior depends on the named toolchain pin.,Aeneas nightly-2026.09.30-0855ce1 with its paired Charon e435e5f and Lean 4.31.0; separate standalone Charon comparison.,reports/anneal-3731-i148-multifunction-translation-repeat-2026-09-29/REPORT.json,reports/anneal-3731-i148-multifunction-translation-repeat-2026-09-29/REPORT.md,"[{""name"":""I148 five-function Rust corpus"",""identity"":{""fixture_source_sha256"":""c1307296746705f68f957cf4604aeca9695d1be87dba68b7a87deca4da825f6c"",""fixture_manifest_sha256"":""6c652347590ed406926d0caa083751ff8bb751eee2968126eedbaa33b8e8d672"",""fixture_lock_sha256"":""1b5f038a4792d67c98365ea9968bd2863d7d497d21ba0f068a87741d583d2139""}},{""name"":""Pinned Charon/Cargo/rustc toolchain"",""identity"":{""charon_repository"":""AeneasVerif/charon"",""charon_revision"":""0c91ca1a8e002d6bfa8d8f1f452804fce2f92cf1"",""charon_version"":""0.1.210"",""charon_binary_sha256"":""51bb6d23beab3f97a684c25162d3e402fc820c891b57b21d2ca781c1da211a8b"",""cargo_binary_sha256"":""71d7b3f81809731f3c95737386b0056cf0a335dd1e3dcb42ac4e3d81599480b1"",""rustc_binary_sha256"":""2ab7af1ea2ec5c69195fd8dfb0e1f91afdb7cc1e53127bba416616ce43a18dbc"",""rust_toolchain"":""nightly-2026-05-31-aarch64-apple-darwin""}},{""name"":""Pinned Aeneas CLI"",""identity"":{""repository"":""AeneasVerif/aeneas"",""revision"":""ac9f1bc5262a5e4ff1e24ca78617121382202727"",""release"":""nightly-2026.06.03"",""executable_sha256"":""f476001e1a8e8c5cb1d8a621a25716d8e15f0809c8a023c5349357acc0911d03""}},{""name"":""Lean v4.30.0-rc2"",""identity"":{""version"":""v4.30.0-rc2"",""executable_sha256"":""b48bc5ab229bd8b320a224b87e20fc428dba6fa8a1c054bd4fa6def846e19997""}},{""name"":""Five retained extraction and generation runs"",""identity"":{""probe_sha256"":""0a4e159eb57c5b8fe9382119c98122d81ae358413a4910c591fb8de34fe7ac4b"",""checker_sha256"":""c545a4a221fc5ade02615741b7d7b2f2725fff4b9b94d404d8eb49a0ca0c9204"",""results_sha256"":""f553da995110e9264c3f4504c5cb154865de37e121b1d6de5b73fa36db7e28b3""}}]"
R292,newer_version_recheck,Lean/Lake v4.30.0-rc2,Matched shared and isolated Lake writer interruption at 4.30.0-rc2,"Four two-writer cells compared one shared writable Lake package/build tree with two isolated package/build trees under the same source values and reverse killed-writer schedules. When the newer writer was killed, the older writer exited successfully in both topologies and produced the same old-definition OLean bytes. Its isolated tree remained up to date for its own unchanged source; its shared tree, whose source had changed from 7 to 9, failed an immediate lake --no-build bu",Lake and Lean 4.30.0-rc2,False,Empirical or source-backed behavior depends on the named toolchain pin.,Lean/Lake stable v4.34.1; optional prerelease v4.35.0-rc3. Rebuild all OLean/native artifacts.,reports/anneal-3731-i151-matched-lake-writer-isolation-2026-09-29/REPORT.json,reports/anneal-3731-i151-matched-lake-writer-isolation-2026-09-29/REPORT.md,"[{""name"":""Lake and Lean 4.30.0-rc2"",""identity"":{""repository"":""leanprover/lean4"",""revision"":""3dc1a088b6d2d8eafe25a7cd7ec7b58d731bd7cc"",""version"":""v4.30.0-rc2""}}]"
R293,newer_version_recheck,Lean/Lake v4.30.0-rc2,Interrupted package-local OLean write and repair,"Observed 2026-09-30 on macOS arm64/APFS with installed Lake/Lean v4.30.0-rc2. Lake executable SHA-256 9a89b2af1bddb7e6d5a8dbb2c715288bcb4f24b9129132640cee950734366bcb; Lean executable SHA-256 b48bc5ab229bd8b320a224b87e20fc428dba6fa8a1c054bd4fa6def846e19997. These hashes pin the actual binaries; the report does not independently establish their source-build commit. The fixture is one local probedep Lake package and one Dep module; no artifact cache, network, other package, nat",Lake package-local Dep module artifact interruption,False,Empirical or source-backed behavior depends on the named toolchain pin.,Lean/Lake stable v4.34.1; optional prerelease v4.35.0-rc3. Rebuild all OLean/native artifacts.,reports/anneal-3731-i151-package-local-interrupted-olean-2026-09-30/REPORT.json,reports/anneal-3731-i151-package-local-interrupted-olean-2026-09-30/REPORT.md,"[{""name"":""Lake package-local Dep module artifact interruption"",""identity"":{""repository"":""leanprover/lean4"",""version"":""v4.30.0-rc2"",""lake_binary_sha256"":""9a89b2af1bddb7e6d5a8dbb2c715288bcb4f24b9129132640cee950734366bcb"",""lean_binary_sha256"":""b48bc5ab229bd8b320a224b87e20fc428dba6fa8a1c054bd4fa6def846e19997""}}]"
R294,newer_version_recheck,Lean/Lake v4.30.0-rc2,Fresh Lake consumer with a seeded artifact cache and selected missing state,"A new two-package consumer fetched both modules from a seeded Lake artifact cache under --no-build, then matched an independently clean build on the tested OLean/ILEAN/C bytes, batch theorem/axiom output, and live first goal. Removing the dependency source from a prepared producer split the outcomes: no-build Lake rejected the missing Dep.lean, a direct lake env lean --json batch still accepted the retained OLean and printed the theorem's axiom result, and a fresh lake serve ",Lean and Lake 4.30.0-rc2,False,Empirical or source-backed behavior depends on the named toolchain pin.,Lean/Lake stable v4.34.1; optional prerelease v4.35.0-rc3. Rebuild all OLean/native artifacts.,reports/anneal-3731-lake-fresh-cache-consumer-matrix-2026-09-29/REPORT.json,reports/anneal-3731-lake-fresh-cache-consumer-matrix-2026-09-29/REPORT.md,"[{""name"":""Lean and Lake 4.30.0-rc2"",""identity"":{""repository"":""leanprover/lean4"",""revision"":""3dc1a088b6d2d8eafe25a7cd7ec7b58d731bd7cc"",""version"":""v4.30.0-rc2""}}]"
R295,newer_version_recheck,Lean/Lake v4.30.0-rc2,Lake-launched plain and rich goals through a prepared local import,"In a tiny two-package Lean/Lake 4.30.0-rc2 project, a fresh lake --no-cache serve process gave matching plain and rich goal content at seven positions in a nested proof that imports a dependency. Four positions had one goal, two had no goals, and the file-end position returned null. On the inner tactic line, moving from its start to inside simpa changed the selected target from n + 0 = depValue to n = depValue; after the inner proof, the outer goal included the newly introduc",Lean and Lake 4.30.0-rc2,False,Empirical or source-backed behavior depends on the named toolchain pin.,Lean/Lake stable v4.34.1; optional prerelease v4.35.0-rc3. Rebuild all OLean/native artifacts.,reports/anneal-3731-lake-launched-position-context-v4-30-0-rc2/REPORT.json,reports/anneal-3731-lake-launched-position-context-v4-30-0-rc2/REPORT.md,"[{""name"":""Lean and Lake 4.30.0-rc2"",""identity"":{""repository"":""leanprover/lean4"",""revision"":""3dc1a088b6d2d8eafe25a7cd7ec7b58d731bd7cc"",""version"":""v4.30.0-rc2""}}]"
R296,newer_version_recheck,Lean/Lake v4.30.0-rc2,Malformed Lake manifest probe refused at the resource gate,"The selected follow-up cell was not run. At the 2026-09-29 20:12:58 EDT preflight, the required estimated free-memory fraction was 25.09%, below the 30% minimum. No Lake or Lean command, fixture mutation, batch control, or live first-goal request was started. This report adds no Lake behavior evidence and changes no #3731 I092 or #3730 F07/F08 checklist status.",Lean and Lake 4.30.0-rc2,False,Empirical or source-backed behavior depends on the named toolchain pin.,Lean/Lake stable v4.34.1; optional prerelease v4.35.0-rc3. Rebuild all OLean/native artifacts.,reports/anneal-3731-lake-malformed-manifest-preflight-refusal-2026-09-29/REPORT.json,reports/anneal-3731-lake-malformed-manifest-preflight-refusal-2026-09-29/REPORT.md,"[{""name"":""Lean and Lake 4.30.0-rc2"",""identity"":{""repository"":""leanprover/lean4"",""revision"":""3dc1a088b6d2d8eafe25a7cd7ec7b58d731bd7cc"",""version"":""v4.30.0-rc2""}}]"
R297,newer_version_recheck,Lean/Lake v4.30.0-rc2,Lake-launched nested constructor and `have` goal positions,"One pinned Lean/Lake 4.30.0-rc2 server returned matching $/lean/plainGoal and Lean.Widget.getInteractiveGoals goal categories and displayed contexts at 13 exact positions in a successful imported proof. constructor exposed two goals, the first bullet selected the left goal, an inner have ... := by proof exposed its own equality goal, and the following outer exact saw the new hz hypothesis. The second bullet selected the right True goal. Three positions had empty goal lists an",Lean and Lake 4.30.0-rc2,False,Empirical or source-backed behavior depends on the named toolchain pin.,Lean/Lake stable v4.34.1; optional prerelease v4.35.0-rc3. Rebuild all OLean/native artifacts.,reports/anneal-3731-lake-nested-constructor-goal-positions-v4-30-0-rc2/REPORT.json,reports/anneal-3731-lake-nested-constructor-goal-positions-v4-30-0-rc2/REPORT.md,"[{""name"":""Lean and Lake 4.30.0-rc2"",""identity"":{""repository"":""leanprover/lean4"",""revision"":""3dc1a088b6d2d8eafe25a7cd7ec7b58d731bd7cc"",""version"":""v4.30.0-rc2""}}]"
R298,newer_version_recheck,Lean/Lake v4.30.0-rc2,Lake-launched tactic and term goals inside one reflexive proof,"In one pinned Lean/Lake 4.30.0-rc2 imported proof, $/lean/plainGoal and rich Lean.Widget.getInteractiveGoals agreed at nine exact positions, while $/lean/plainTermGoal exposed a term goal inside Eq.refl depValue where both tactic-goal APIs returned an empty goal list. At the Eq.refl expression, the term goal was ⊢ depValue = depValue over source range (3,8)–(3,24); within its depValue argument it was ⊢ Nat over (3,16)–(3,24). A separate fresh batch process accepted the same s",Lean and Lake 4.30.0-rc2,False,Empirical or source-backed behavior depends on the named toolchain pin.,Lean/Lake stable v4.34.1; optional prerelease v4.35.0-rc3. Rebuild all OLean/native artifacts.,reports/anneal-3731-lake-reflexive-term-goal-positions-v4-30-0-rc2/REPORT.json,reports/anneal-3731-lake-reflexive-term-goal-positions-v4-30-0-rc2/REPORT.md,"[{""name"":""Lean and Lake 4.30.0-rc2"",""identity"":{""repository"":""leanprover/lean4"",""revision"":""3dc1a088b6d2d8eafe25a7cd7ec7b58d731bd7cc"",""version"":""v4.30.0-rc2""}}]"
R299,newer_version_recheck,Lean/Lake v4.30.0-rc2,Rich term-goal selection in a nested Lake proof,"Issue #3731 I043 asks what goal a cursor selects inside a proof; issue #3730 C02 asks how Lean's rich RPC view compares with its plain goal view. The published corpus already has a Lake-launched reflexive proof with plainTermGoal, and separate paired plainGoal/getInteractiveGoals grids. It did not query Lean.Widget.getInteractiveTermGoal. This package exercises that distinct API in a nested Eq.trans proof.",Lean and Lake 4.30.0-rc2,False,Empirical or source-backed behavior depends on the named toolchain pin.,Lean/Lake stable v4.34.1; optional prerelease v4.35.0-rc3. Rebuild all OLean/native artifacts.,reports/anneal-3731-lake-rich-term-goal-nested-2026-09-30/REPORT.json,reports/anneal-3731-lake-rich-term-goal-nested-2026-09-30/REPORT.md,"[{""name"":""Lean and Lake 4.30.0-rc2"",""identity"":{""repository"":""leanprover/lean4"",""revision"":""3dc1a088b6d2d8eafe25a7cd7ec7b58d731bd7cc"",""version"":""v4.30.0-rc2""}}]"
R300,newer_version_recheck,Lean/Lake v4.30.0-rc2,Lake-launched unsaved macro and error goal positions,"In one pinned Lean/Lake 4.30.0-rc2 server, $/lean/plainGoal and Lean.Widget.getInteractiveGoals returned the same goal, empty, or null category at 20 paired positions across four versions of an imported proof. The disk file stayed valid while the open buffer changed from a solved tactic macro to an unresolved placeholder, a syntax error, and back to the valid text. At the syntax-error version, one position returned no goals even though the current buffer failed the fresh batc",Lean and Lake 4.30.0-rc2,False,Empirical or source-backed behavior depends on the named toolchain pin.,Lean/Lake stable v4.34.1; optional prerelease v4.35.0-rc3. Rebuild all OLean/native artifacts.,reports/anneal-3731-lake-unsaved-macro-error-positions-v4-30-0-rc2/REPORT.json,reports/anneal-3731-lake-unsaved-macro-error-positions-v4-30-0-rc2/REPORT.md,"[{""name"":""Lean and Lake 4.30.0-rc2"",""identity"":{""repository"":""leanprover/lean4"",""revision"":""3dc1a088b6d2d8eafe25a7cd7ec7b58d731bd7cc"",""version"":""v4.30.0-rc2""}}]"
R301,newer_version_recheck,Lean/Lake v4.30.0-rc2,Reader-owned generation leases across a worker crash,"Two independently spawned readers held their own shared leases on a retained real generated-model family. After selection changed from A to B, garbage collection deferred through one reader's forced death and the other reader's later Lean import. It reclaimed A only after the last reader exited. The published v20 audit had used a parent-held proxy lease; this is a distinct ownership and crash-lifetime cell for #3731 I121 and #3730 J11.",retained Charon/Aeneas generated A and B model families; Lean 4 direct batch checker; disposable independent-reader lease and GC fixture,False,Empirical or source-backed behavior depends on the named toolchain pin.,Lean/Lake stable v4.34.1; optional prerelease v4.35.0-rc3. Rebuild all OLean/native artifacts.,reports/anneal-3731-reader-owned-generation-lease-v4-30-0-rc2/REPORT.json,reports/anneal-3731-reader-owned-generation-lease-v4-30-0-rc2/REPORT.md,"[{""name"":""retained Charon/Aeneas generated A and B model families"",""identity"":{""source_reference_package"":""anneal-3731-real-generation-gc-lease-v4-30-0-rc2"",""old_origin_reference_commit"":""b1787210c0143a705f6bbbf2da3b2fba30cc5718"",""old_generation_id"":""bc62fce58f5d7edca726224f9174b1bc41ed706a4ced9bca8bafaededd6da2a9"",""new_generation_id"":""620055318c21f7616fb671ce0c33f3f289b9a6f237d21aeddb48c0fa5c5d4e4b""}},{""name"":""Lean 4 direct batch checker"",""identity"":{""repository"":""leanprover/lean4"",""revision"":""3dc1a088b6d2d8eafe25a7cd7ec7b58d731bd7cc"",""version"":""v4.30.0-rc2"",""binary_sha256"":""b48bc5ab229bd8b320a224b87e20fc428dba6fa8a1c054bd4fa6def846e19997""}},{""name"":""disposable independent-reader lease and GC fixture"",""identity"":{""source"":""support/probe.py"",""sha256"":""7ad4f5c28b1252022b31bf5c2cb639dd8cc11b2139aa28e535e91f356161293c"",""reference_checkout"":""c89f1410d4f1cfbd9b654ea5268b38f5c81e115e""}}]"
R302,newer_version_recheck,Lean/Lake v4.30.0-rc2,Cooperative garbage collection with a live real-generation Lean reader,"In a disposable fixture containing the retained seven-file Charon/Aeneas/Lean A and B model families, a shared advisory lease kept unselected A available for a fresh Lean process started after B selection and a GC attempt. The later A import accepted the A proof and rejected the B proof, while a fresh B import did the reverse. After the A server and gated reader exited and the lease was released, GC removed A; a new A import failed because Current was absent, and B still acce",retained Charon/Aeneas generated A and B model families; Lean 4 direct batch checker and language server; disposable cooperative generation lease and GC fixture,False,Empirical or source-backed behavior depends on the named toolchain pin.,Lean/Lake stable v4.34.1; optional prerelease v4.35.0-rc3. Rebuild all OLean/native artifacts.,reports/anneal-3731-real-generation-gc-lease-v4-30-0-rc2/REPORT.json,reports/anneal-3731-real-generation-gc-lease-v4-30-0-rc2/REPORT.md,"[{""name"":""retained Charon/Aeneas generated A and B model families"",""identity"":{""old_origin_reference_commit"":""b1787210c0143a705f6bbbf2da3b2fba30cc5718"",""old_generation_id"":""bc62fce58f5d7edca726224f9174b1bc41ed706a4ced9bca8bafaededd6da2a9"",""new_generation_id"":""620055318c21f7616fb671ce0c33f3f289b9a6f237d21aeddb48c0fa5c5d4e4b""}},{""name"":""Lean 4 direct batch checker and language server"",""identity"":{""repository"":""leanprover/lean4"",""revision"":""3dc1a088b6d2d8eafe25a7cd7ec7b58d731bd7cc"",""version"":""v4.30.0-rc2"",""binary_sha256"":""b48bc5ab229bd8b320a224b87e20fc428dba6fa8a1c054bd4fa6def846e19997""}},{""name"":""disposable cooperative generation lease and GC fixture"",""identity"":{""source"":""support/probe.py"",""sha256"":""5851d5d0902ea92faa110ffee0442e81af02f5f8fcc78687cedf5d0403eb4c47"",""input_family"":""retained real generated A/B seven-file LLBC/Lean/OLean family""}}]"
R303,newer_version_recheck,Lean/Lake v4.30.0-rc2,Complete-generation publication over a real Charon/Aeneas/Lean model family,"A disposable gated publisher used two retained, real Charon LLBC, Aeneas Lean source, and Lean .olean generations for the same Rust fixture. It staged all seven B files privately, checked their exact set and hashes, ran fresh Lean proof and axiom oracles, then replaced one selected-generation symlink. Fresh readers saw complete A at every preparation gate and complete B after publication. An A language server opened before publication still returned no goals afterward under i",retained Charon/Aeneas generated A and B model families; Lean 4 direct batch checker and language server; disposable gated generation publisher and reader,False,Empirical or source-backed behavior depends on the named toolchain pin.,Lean/Lake stable v4.34.1; optional prerelease v4.35.0-rc3. Rebuild all OLean/native artifacts.,reports/anneal-3731-real-generation-publication-v4-30-0-rc2/REPORT.json,reports/anneal-3731-real-generation-publication-v4-30-0-rc2/REPORT.md,"[{""name"":""retained Charon/Aeneas generated A and B model families"",""identity"":{""old_origin_reference_commit"":""b1787210c0143a705f6bbbf2da3b2fba30cc5718"",""old_llbc_sha256"":""7032ef983ec41624dc31c6380414c4be6b8807ca6605c13686861e98da86790a"",""new_llbc_sha256"":""f3d266ebbcb327ea6c450bc7d97dc3baef0c61cf1b382fa6ec197bf645d41e78"",""old_funs_olean_sha256"":""2320c0125c0e0748942a5fde0e6d204b4f77b9cd3f6ac7abf7f43f9c97c4546c"",""new_funs_olean_sha256"":""57bcadabf1795a8540685e174966444097701f49da4c704446a2bb5ae5d94871""}},{""name"":""Lean 4 direct batch checker and language server"",""identity"":{""repository"":""leanprover/lean4"",""revision"":""3dc1a088b6d2d8eafe25a7cd7ec7b58d731bd7cc"",""version"":""v4.30.0-rc2"",""binary_sha256"":""b48bc5ab229bd8b320a224b87e20fc428dba6fa8a1c054bd4fa6def846e19997""}},{""name"":""disposable gated generation publisher and reader"",""identity"":{""source"":""support/probe.py"",""sha256"":""d2a3d1c90aaf2aacb4d3f06ae4f4d645d2bc7c181151a87cfb284a0c56c635e8"",""input_family"":""retained real generated A/B seven-file LLBC/Lean/OLean family""}}]"
R304,newer_version_recheck,Lean/Lake v4.30.0-rc2,Plain and rich Lean goals across unsaved nested proof errors,"In one direct Lean 4.30.0-rc2 server, $/lean/plainGoal and Lean.Widget.getInteractiveGoals agreed at 24 matched cursor positions across valid, syntax-error, unknown-tactic, and recovered versions of an unsaved nested proof. They returned a goal at 17 pairs, an empty goal list at two, and JSON null at five. At every nonempty pair, the rendered rich goal target matched the plain target after stripping RPC presentation tags. The syntax error and unknown tactic had different loca",Lean 4 direct server and batch compiler,False,Empirical or source-backed behavior depends on the named toolchain pin.,Lean/Lake stable v4.34.1; optional prerelease v4.35.0-rc3. Rebuild all OLean/native artifacts.,reports/anneal-3731-rich-goal-unsaved-recovery-v4-30-0-rc2/REPORT.json,reports/anneal-3731-rich-goal-unsaved-recovery-v4-30-0-rc2/REPORT.md,"[{""name"":""Lean 4 direct server and batch compiler"",""identity"":{""repository"":""leanprover/lean4"",""revision"":""3dc1a088b6d2d8eafe25a7cd7ec7b58d731bd7cc"",""version"":""v4.30.0-rc2"",""lean_binary_sha256"":""b48bc5ab229bd8b320a224b87e20fc428dba6fa8a1c054bd4fa6def846e19997""}}]"
R305,newer_version_recheck,Lean/Lake v4.30.0-rc2,Two simultaneous fresh Lake cache consumers reached the same first goal,"One tiny Lake producer/consumer fixture was built into a private artifact cache. Two independent, source-only package roots then concurrently ran lake -v --no-build build Generated against that read-only cache. Both fetched Dep and Generated, exited 0, and received artifacts with the seed's SHA-256 identities. Each subsequently passed a direct batch theorem/value check and returned the same non-null first goal from its own lake --no-cache serve process. The cache and original",Lean and Lake 4.30.0-rc2,False,Empirical or source-backed behavior depends on the named toolchain pin.,Lean/Lake stable v4.34.1; optional prerelease v4.35.0-rc3. Rebuild all OLean/native artifacts.,reports/anneal-3731-two-concurrent-fresh-cache-goal-consumers-2026-09-29/REPORT.json,reports/anneal-3731-two-concurrent-fresh-cache-goal-consumers-2026-09-29/REPORT.md,"[{""name"":""Lean and Lake 4.30.0-rc2"",""identity"":{""repository"":""leanprover/lean4"",""revision"":""3dc1a088b6d2d8eafe25a7cd7ec7b58d731bd7cc"",""version"":""v4.30.0-rc2""}}]"
R306,source_revision_recheck,Anneal V1 / exocrate source 41f5b37,Anneal omnibus archive read-only behavior at main 41f5b37,"At google/zerocopy@41f5b37afe7060fd9fe08c00b200672cd76d77b9, Anneal's omnibus packager removes write permission bits from the entire staged lean, rust, and aeneas payload before creating the tar archive. The selected Exocrate installer then unpacks that archive into a staging directory and atomically renames the directory into place without adding write permission bits back. Anneal's v2 archive-cache test makes the intended consumer contract explicit: it recursively requires ",Anneal omnibus archive construction; Anneal v2 Exocrate setup and archive-cache reuse test; Exocrate installer selected by Anneal,False,Source-level behavior or installation property is bound to the inspected repository revision.,Compare named pinned source against the newer upstream source revision; preserve historical claims. Exact current tip/release requires per-repository verification.,reports/anneal-archive-read-only-behavior-main-41f5b37/REPORT.json,reports/anneal-archive-read-only-behavior-main-41f5b37/REPORT.md,"[{""name"":""Anneal omnibus archive construction"",""identity"":{""repository"":""google/zerocopy"",""revision"":""41f5b37afe7060fd9fe08c00b200672cd76d77b9"",""path"":""anneal/flake.nix""}},{""name"":""Anneal v2 Exocrate setup and archive-cache reuse test"",""identity"":{""repository"":""google/zerocopy"",""revision"":""41f5b37afe7060fd9fe08c00b200672cd76d77b9"",""path"":""anneal/src/main.rs""}},{""name"":""Exocrate installer selected by Anneal"",""identity"":{""repository"":""google/zerocopy"",""revision"":""41f5b37afe7060fd9fe08c00b200672cd76d77b9"",""path"":""exocrate/src""}}]"
R307,source_revision_recheck,Anneal V1 / exocrate source 41f5b37,Archive timestamp normalization and Lake reuse in Anneal,Current Anneal manipulates file modification times for two different reasons that should not be conflated.,Lake modification-time fallback selected by Anneal; Anneal archive timestamp normalization,False,Source-level behavior or installation property is bound to the inspected repository revision.,Compare named pinned source against the newer upstream source revision; preserve historical claims. Exact current tip/release requires per-repository verification.,reports/anneal-archive-timestamps-lake-reuse-v4-30-0-rc2/REPORT.json,reports/anneal-archive-timestamps-lake-reuse-v4-30-0-rc2/REPORT.md,"[{""name"":""Lake modification-time fallback selected by Anneal"",""identity"":{""repository"":""leanprover/lean4"",""revision"":""3dc1a088b6d2d8eafe25a7cd7ec7b58d731bd7cc"",""version"":""v4.30.0-rc2"",""component"":""Lake""}},{""name"":""Anneal archive timestamp normalization"",""identity"":{""repository"":""google/zerocopy"",""revision"":""41f5b37afe7060fd9fe08c00b200672cd76d77b9"",""path"":""anneal/flake.nix""}}]"
R308,source_revision_recheck,Anneal V1 / exocrate source 41f5b37,Cross-tool error and provenance specimens for Anneal translation,"The preserved specimen set follows supported and unsupported Rust fixtures across rustc/Charon, Aeneas, and Lean, and keeps transport/setup errors separate from compiler diagnostics. Supported examples complete the intended stages; explicit unsupported pointer cases retain Aeneas error messages and Rust source locations. Lean batch JSON and LSP diagnostics can be compared after normalizing their coordinate bases, but cancellation and process failures are separate events and m",Zerocopy Anneal source; Charon; Aeneas; Lean,False,Source-level behavior or installation property is bound to the inspected repository revision.,Compare named pinned source against the newer upstream source revision; preserve historical claims. Exact current tip/release requires per-repository verification.,reports/anneal-cross-tool-error-provenance-specimens-v4-30-0-rc2/REPORT.json,reports/anneal-cross-tool-error-provenance-specimens-v4-30-0-rc2/REPORT.md,"[{""name"":""Zerocopy Anneal source"",""identity"":{""repository"":""google/zerocopy"",""revision"":""bd0956be95c5f798f0c0484921b9b9d1fc6e9988""}},{""name"":""Charon"",""identity"":{""repository"":""charon-lang/charon"",""revision"":""0c91ca1a8e002d6bfa8d8f1f452804fce2f92cf1""}},{""name"":""Aeneas"",""identity"":{""repository"":""AeneasVerif/aeneas"",""revision"":""ac9f1bc5262a5e4ff1e24ca78617121382202727""}},{""name"":""Lean"",""identity"":{""repository"":""leanprover/lean4"",""revision"":""3dc1a088b6d2d8eafe25a7cd7ec7b58d731bd7cc"",""version"":""v4.30.0-rc2""}}]"
R309,source_revision_recheck,Anneal V1 / exocrate source 41f5b37,Distinguishing user errors from unsupported translation and tool failures,"At the exact toolchain revisions selected by current Anneal, there is no single exit code, severity field, or diagnostic string that reliably answers the cross-layer question “is this the user's error, an unsupported translation, or a tool failure?” The useful evidence is layer-specific.",rustc diagnostic failure classes selected by Charon; Charon process and translation failure channels selected by Aeneas; Aeneas translation and extraction failure channels selected by Anneal; Lean batch diagnostic failure channel selected by Anneal; Current Anneal authority,False,Source-level behavior or installation property is bound to the inspected repository revision.,Compare named pinned source against the newer upstream source revision; preserve historical claims. Exact current tip/release requires per-repository verification.,reports/anneal-error-provenance-classification-nightly-2026-06-03-v4-30-0-rc2/REPORT.json,reports/anneal-error-provenance-classification-nightly-2026-06-03-v4-30-0-rc2/REPORT.md,"[{""name"":""rustc diagnostic failure classes selected by Charon"",""identity"":{""repository"":""rust-lang/rust"",""revision"":""14210df0e27ccd7d9e6a05b8085cbd438e4bbc65"",""toolchain-date"":""nightly-2026-05-31""}},{""name"":""Charon process and translation failure channels selected by Aeneas"",""identity"":{""repository"":""AeneasVerif/charon"",""revision"":""a535e914f74db4fd9e6be7048f4233270d8945c0"",""version"":""0.1.210""}},{""name"":""Aeneas translation and extraction failure channels selected by Anneal"",""identity"":{""repository"":""AeneasVerif/aeneas"",""revision"":""ac9f1bc5262a5e4ff1e24ca78617121382202727"",""release"":""nightly-2026.06.03""}},{""name"":""Lean batch diagnostic failure channel selected by Anneal"",""identity"":{""repository"":""leanprover/lean4"",""revision"":""3dc1a088b6d2d8eafe25a7cd7ec7b58d731bd7cc"",""version"":""v4.30.0-rc2""}},{""name"":""Current Anneal authority"",""identity"":{""repository"":""google/zerocopy"",""revision"":""41f5b37afe7060fd9fe08c00b200672cd76d77b9""}}]"
R310,source_revision_recheck,Anneal V1 / exocrate source 41f5b37,External-crate source recovery for diagnostics,"The selected Rust compiler contains a real external-source recovery mechanism, but the selected Charon translation does not carry that mechanism across the LLBC boundary.",External-crate source recovery for diagnostics across rustc and Charon/Aeneas,False,Source-level behavior or installation property is bound to the inspected repository revision.,Compare named pinned source against the newer upstream source revision; preserve historical claims. Exact current tip/release requires per-repository verification.,reports/anneal-external-crate-diagnostic-source-recovery-nightly-2026-05-31-main-41f5b37/REPORT.json,reports/anneal-external-crate-diagnostic-source-recovery-nightly-2026-05-31-main-41f5b37/REPORT.md,"[{""name"":""External-crate source recovery for diagnostics across rustc and Charon/Aeneas"",""identity"":{""rust_repository"":""rust-lang/rust"",""rust_revision"":""f8a08b688cbe60acc386ed1fbd1b7cbaaf5576b1"",""rust_toolchain"":""nightly-2026-05-31"",""charon_repository"":""AeneasVerif/charon"",""charon_revision"":""a535e914f74db4fd9e6be7048f4233270d8945c0"",""charon_version"":""0.1.210"",""aeneas_repository"":""AeneasVerif/aeneas"",""aeneas_revision"":""ac9f1bc5262a5e4ff1e24ca78617121382202727"",""aeneas_release"":""nightly-2026.06.03"",""anneal_repository"":""google/zerocopy"",""anneal_revision"":""41f5b37afe7060fd9fe08c00b200672cd76d77b9""}}]"
R311,source_revision_recheck,Anneal V1 / exocrate source 41f5b37,Anneal host-platform matrix at `google/zerocopy@41f5b37`,Current Anneal's packaged-toolchain host intersection is exactly four systems:,Anneal current host-platform selection; Aeneas release selected by Anneal; Charon packaged by the selected Aeneas release; Lean selected by Anneal,False,Source-level behavior or installation property is bound to the inspected repository revision.,Compare named pinned source against the newer upstream source revision; preserve historical claims. Exact current tip/release requires per-repository verification.,reports/anneal-host-platform-matrix-main-41f5b37/REPORT.json,reports/anneal-host-platform-matrix-main-41f5b37/REPORT.md,"[{""name"":""Anneal current host-platform selection"",""identity"":{""repository"":""google/zerocopy"",""revision"":""41f5b37afe7060fd9fe08c00b200672cd76d77b9""}},{""name"":""Aeneas release selected by Anneal"",""identity"":{""repository"":""AeneasVerif/aeneas"",""revision"":""ac9f1bc5262a5e4ff1e24ca78617121382202727"",""release"":""nightly-2026.06.03""}},{""name"":""Charon packaged by the selected Aeneas release"",""identity"":{""repository"":""AeneasVerif/charon"",""revision"":""a535e914f74db4fd9e6be7048f4233270d8945c0"",""version"":""0.1.210""}},{""name"":""Lean selected by Anneal"",""identity"":{""repository"":""leanprover/lean4"",""revision"":""3dc1a088b6d2d8eafe25a7cd7ec7b58d731bd7cc"",""version"":""v4.30.0-rc2""}}]"
R312,incidental_or_citation,No pinned-software conclusion requiring a newer-version rerun,"Bounded identity, projection, and generation-publication probes for Anneal",Three small experiments support distinct contracts: URI/path or document-version identity alone collides across changed source/import state; source-map edits must reject synthetic gaps and compare the host/projection generation before applying; and replacing a mutable generation pointer does not make a multi-file read coherent unless the consumer pins one immutable generation directory. A forced pointer to an incomplete stage exposes a missing file. These are bounded model/fi,"Finite identity, projection, and publication probe harness; CPython; macOS APFS filesystem",False,"Main conclusion is an audit, general model, history, standard, or contextual evidence; software versions identify provenance only.",No newer-version comparison for the main conclusion.,reports/anneal-interactive-model-probes-2026-09-29/REPORT.json,reports/anneal-interactive-model-probes-2026-09-29/REPORT.md,"[{""name"":""Finite identity, projection, and publication probe harness"",""identity"":{""repository"":""google/zerocopy"",""revision"":""8c257ec3f4e067963e12441ce5b261714a005c74"",""artifact"":""new Python standard-library research harness in this package"",""model_probes_sha256"":""c1818e96d9d0fbb4c46cd6007d1d2021d3c9f66edd87186dd3611f198afb966e"",""publication_probe_sha256"":""4bc9133703ec349181090d0bf30d850c98a5a0283523e5e1395deb25ed996811""}},{""name"":""CPython"",""identity"":{""version"":""3.14.7""}},{""name"":""macOS APFS filesystem"",""identity"":{""operating_system"":""macOS 26.6.2"",""filesystem"":""APFS""}}]"
R313,source_revision_recheck,Anneal V1 / exocrate source 41f5b37,Interactive pipeline invalidation graph for Anneal V2,"An interactive Anneal pipeline cannot safely treat “the file changed” as one invalidation event. The selected stack has several independently cached state machines, and the current pins do not expose one end-to-end incremental protocol that composes them.",Anneal V2 design and current implementation; Charon selected by Aeneas; Aeneas selected by Anneal; Lean and Lake selected by Anneal,False,Source-level behavior or installation property is bound to the inspected repository revision.,Compare named pinned source against the newer upstream source revision; preserve historical claims. Exact current tip/release requires per-repository verification.,reports/anneal-interactive-pipeline-invalidation-graph-main-41f5b37/REPORT.json,reports/anneal-interactive-pipeline-invalidation-graph-main-41f5b37/REPORT.md,"[{""name"":""Anneal V2 design and current implementation"",""identity"":{""repository"":""google/zerocopy"",""revision"":""41f5b37afe7060fd9fe08c00b200672cd76d77b9""}},{""name"":""Charon selected by Aeneas"",""identity"":{""repository"":""AeneasVerif/charon"",""revision"":""a535e914f74db4fd9e6be7048f4233270d8945c0"",""version"":""0.1.210""}},{""name"":""Aeneas selected by Anneal"",""identity"":{""repository"":""AeneasVerif/aeneas"",""revision"":""ac9f1bc5262a5e4ff1e24ca78617121382202727"",""release"":""nightly-2026.06.03""}},{""name"":""Lean and Lake selected by Anneal"",""identity"":{""repository"":""leanprover/lean4"",""revision"":""3dc1a088b6d2d8eafe25a7cd7ec7b58d731bd7cc"",""version"":""v4.30.0-rc2""}}]"
R314,source_revision_recheck,Anneal V1 / exocrate source 41f5b37,ELF interpreter and RPATH fixups in Anneal's Linux omnibus archive,"At google/zerocopy@41f5b37afe7060fd9fe08c00b200672cd76d77b9, Anneal does not rely on Nix store ELF metadata surviving into the distributed Linux toolchain archive. The final omnibus-tar derivation copies the staged Lean, Rust, and Aeneas trees into a writable temporary tree and then performs a broad best-effort rewrite over executable 64-bit ELF files. For binaries that have an ELF interpreter, it replaces that interpreter with a conventional host loader path: /lib64/ld-linux",Anneal Linux omnibus ELF relocation; Charon portable Linux packaging selected by Aeneas; Aeneas release packaging selected by Anneal; PatchELF selected by Anneal's locked nixpkgs,False,Source-level behavior or installation property is bound to the inspected repository revision.,Compare named pinned source against the newer upstream source revision; preserve historical claims. Exact current tip/release requires per-repository verification.,reports/anneal-linux-elf-relocation-main-41f5b37/REPORT.json,reports/anneal-linux-elf-relocation-main-41f5b37/REPORT.md,"[{""name"":""Anneal Linux omnibus ELF relocation"",""identity"":{""repository"":""google/zerocopy"",""revision"":""41f5b37afe7060fd9fe08c00b200672cd76d77b9"",""path"":""anneal/flake.nix""}},{""name"":""Charon portable Linux packaging selected by Aeneas"",""identity"":{""repository"":""AeneasVerif/charon"",""revision"":""a535e914f74db4fd9e6be7048f4233270d8945c0"",""version"":""0.1.210""}},{""name"":""Aeneas release packaging selected by Anneal"",""identity"":{""repository"":""AeneasVerif/aeneas"",""revision"":""ac9f1bc5262a5e4ff1e24ca78617121382202727"",""release"":""nightly-2026.06.03""}},{""name"":""PatchELF selected by Anneal's locked nixpkgs"",""identity"":{""repository"":""NixOS/nixpkgs"",""revision"":""549bd84d6279f9852cae6225e372cc67fb91a4c1"",""version"":""patchelf-0.15.2""}}]"
R315,source_revision_recheck,Anneal V1 / exocrate source 41f5b37,Anneal macOS Mach-O relocation and signing at `google/zerocopy@41f5b37`,"Current Anneal does not perform a final Mach-O relocation or code-signing pass when it constructs the macOS omnibus archive. The final omnibus-tar stage copies the already-produced Lean, Rust, and Aeneas trees into diststaging; its only binary-rewriting loop is guarded by stdenv.isLinux and operates on ELF files with patchelf and strip. On Darwin, the stage proceeds directly from the copies to trace-path checks, timestamp normalization, read-only permissions, and tar creation",Anneal macOS omnibus toolchain packaging; Aeneas release packaging selected by Anneal; Charon portable packaging selected through Aeneas,False,Source-level behavior or installation property is bound to the inspected repository revision.,Compare named pinned source against the newer upstream source revision; preserve historical claims. Exact current tip/release requires per-repository verification.,reports/anneal-macos-macho-relocation-main-41f5b37/REPORT.json,reports/anneal-macos-macho-relocation-main-41f5b37/REPORT.md,"[{""name"":""Anneal macOS omnibus toolchain packaging"",""identity"":{""repository"":""google/zerocopy"",""revision"":""41f5b37afe7060fd9fe08c00b200672cd76d77b9""}},{""name"":""Aeneas release packaging selected by Anneal"",""identity"":{""repository"":""AeneasVerif/aeneas"",""revision"":""ac9f1bc5262a5e4ff1e24ca78617121382202727"",""release"":""nightly-2026.06.03""}},{""name"":""Charon portable packaging selected through Aeneas"",""identity"":{""repository"":""AeneasVerif/charon"",""revision"":""a535e914f74db4fd9e6be7048f4233270d8945c0"",""version"":""0.1.210""}}]"
R316,source_revision_recheck,Anneal V1 / exocrate source 41f5b37,Nix fixed-output derivations used by Anneal for upstream archives and caches,"At google/zerocopy@41f5b37afe7060fd9fe08c00b200672cd76d77b9, Anneal deliberately puts its network-derived toolchain inputs behind fixed-output boundaries before ordinary compilation and repackaging. The fixed-output layer covers the upstream Aeneas release archive, the synthesized Rust sysroot, the extracted Lean toolchain, the downloaded leantar release archive, and Mathlib's downloaded cache/package-source state.",Anneal Nix fixed-output acquisition architecture,False,Source-level behavior or installation property is bound to the inspected repository revision.,Compare named pinned source against the newer upstream source revision; preserve historical claims. Exact current tip/release requires per-repository verification.,reports/anneal-nix-fixed-output-downloads-main-41f5b37/REPORT.json,reports/anneal-nix-fixed-output-downloads-main-41f5b37/REPORT.md,"[{""name"":""Anneal Nix fixed-output acquisition architecture"",""identity"":{""repository"":""google/zerocopy"",""revision"":""41f5b37afe7060fd9fe08c00b200672cd76d77b9"",""path"":""anneal/flake.nix""}}]"
R317,source_revision_recheck,Anneal V1 / exocrate source 41f5b37,Nix import-from-derivation and toolchain-version extraction in Anneal,"At google/zerocopy@41f5b37afe7060fd9fe08c00b200672cd76d77b9, Anneal contains one explicit import-from-derivation (IFD) probe: packages.test-ifd. Evaluation interpolates the output path of packages.aeneas-unpacked into builtins.readFile, reads the generated metadata.json, parses it with builtins.fromJSON, and uses those values to construct Rust and Lean toolchain derivations.",Anneal import-from-derivation toolchain-version probe,False,Source-level behavior or installation property is bound to the inspected repository revision.,Compare named pinned source against the newer upstream source revision; preserve historical claims. Exact current tip/release requires per-repository verification.,reports/anneal-nix-ifd-version-extraction-main-41f5b37/REPORT.json,reports/anneal-nix-ifd-version-extraction-main-41f5b37/REPORT.md,"[{""name"":""Anneal import-from-derivation toolchain-version probe"",""identity"":{""repository"":""google/zerocopy"",""revision"":""41f5b37afe7060fd9fe08c00b200672cd76d77b9"",""path"":""anneal/flake.nix""}}]"
R318,source_revision_recheck,Anneal V1 / exocrate source 41f5b37,Relocating Anneal's Nix-packaged Rust and Lean toolchain trees,"On aarch64-darwin, the Rust and Lean recursive fixed-output trees selected by Anneal's pinned flake were copied outside /nix/store and the copied executables successfully reported versions and compiled/ran small programs. Each copy's NAR hash and complete path/type/mode/size inventory matched its store source. This establishes direct use from the copied paths on this host while /nix remained mounted; it does not establish operation with the original store unavailable or reloc",Anneal Rust nightly toolchain fixed-output tree; Anneal Lean toolchain fixed-output tree,False,Source-level behavior or installation property is bound to the inspected repository revision.,Compare named pinned source against the newer upstream source revision; preserve historical claims. Exact current tip/release requires per-repository verification.,reports/anneal-nix-toolchain-tree-relocation-aarch64-darwin-2026-09-27/REPORT.json,reports/anneal-nix-toolchain-tree-relocation-aarch64-darwin-2026-09-27/REPORT.md,"[{""name"":""Anneal Rust nightly toolchain fixed-output tree"",""identity"":{""repository"":""google/zerocopy"",""revision"":""41f5b37afe7060fd9fe08c00b200672cd76d77b9"",""path"":""anneal/flake.nix"",""output"":""/nix/store/ms2vns33wg2qxzqdfdw37w6g9xay9jjc-rust-toolchain-aarch64-darwin-2026-05-31"",""version"":""nightly-2026-05-31""}},{""name"":""Anneal Lean toolchain fixed-output tree"",""identity"":{""repository"":""leanprover/lean4"",""revision"":""3dc1a088b6d2d8eafe25a7cd7ec7b58d731bd7cc"",""version"":""v4.30.0-rc2"",""anneal-repository"":""google/zerocopy"",""anneal-revision"":""41f5b37afe7060fd9fe08c00b200672cd76d77b9"",""output"":""/nix/store/wf1mr6pak9n88v5bwm6y749d8k19r0mw-lean-toolchain-aarch64-darwin-4.30.0-rc2""}}]"
R319,source_revision_recheck,Anneal V1 / exocrate source 41f5b37,Anneal offline installation and execution guarantees at main `41f5b37`,"Current Anneal has a useful but deliberately narrower offline contract than “all operations are network-disabled.” At google/zerocopy@41f5b37afe7060fd9fe08c00b200672cd76d77b9, three phases need to be separated: obtaining an installation, consuming the prepared Lake dependency universe, and enforcing the absence of arbitrary network activity.",Anneal offline installation and prepared-toolchain execution contract; Lake behavior selected by the Anneal toolchain,False,Source-level behavior or installation property is bound to the inspected repository revision.,Compare named pinned source against the newer upstream source revision; preserve historical claims. Exact current tip/release requires per-repository verification.,reports/anneal-offline-installation-execution-main-41f5b37/REPORT.json,reports/anneal-offline-installation-execution-main-41f5b37/REPORT.md,"[{""name"":""Anneal offline installation and prepared-toolchain execution contract"",""identity"":{""repository"":""google/zerocopy"",""revision"":""41f5b37afe7060fd9fe08c00b200672cd76d77b9""}},{""name"":""Lake behavior selected by the Anneal toolchain"",""identity"":{""repository"":""leanprover/lean4"",""revision"":""3dc1a088b6d2d8eafe25a7cd7ec7b58d731bd7cc"",""version"":""v4.30.0-rc2""}}]"
R320,source_revision_recheck,Anneal V1 / exocrate source 41f5b37,Byte-level reproducibility of the Anneal omnibus archive,"At google/zerocopy@41f5b37afe7060fd9fe08c00b200672cd76d77b9, Anneal does not yet establish a byte-level reproducibility contract for its omnibus toolchain archive.",Anneal omnibus toolchain archive construction; GNU tar selected by Anneal's pinned nixpkgs; Zstandard selected by Anneal's pinned nixpkgs,False,Source-level behavior or installation property is bound to the inspected repository revision.,Compare named pinned source against the newer upstream source revision; preserve historical claims. Exact current tip/release requires per-repository verification.,reports/anneal-omnibus-archive-byte-reproducibility-main-41f5b37/REPORT.json,reports/anneal-omnibus-archive-byte-reproducibility-main-41f5b37/REPORT.md,"[{""name"":""Anneal omnibus toolchain archive construction"",""identity"":{""path"":""anneal/flake.nix"",""repository"":""google/zerocopy"",""revision"":""41f5b37afe7060fd9fe08c00b200672cd76d77b9""}},{""name"":""GNU tar selected by Anneal's pinned nixpkgs"",""identity"":{""package"":""gnutar"",""repository"":""NixOS/nixpkgs"",""revision"":""549bd84d6279f9852cae6225e372cc67fb91a4c1"",""version"":""1.35""}},{""name"":""Zstandard selected by Anneal's pinned nixpkgs"",""identity"":{""package"":""zstd"",""repository"":""NixOS/nixpkgs"",""revision"":""549bd84d6279f9852cae6225e372cc67fb91a4c1"",""version"":""1.5.7""}}]"
R321,source_revision_recheck,Anneal V1 / exocrate source 41f5b37,Mapping synthesized Lean scaffolding failures to Rust constructs,"Current Anneal requires ordinary verification failures to connect back to the Rust program, but it has not selected a source-mapping architecture. Historical Anneal V1 demonstrates both a useful technique and the limit of the implementation that existed at google/zerocopy@41f5b37afe7060fd9fe08c00b200672cd76d77b9.",Diagnostic provenance for synthesized Lean scaffolding in Anneal,False,Source-level behavior or installation property is bound to the inspected repository revision.,Compare named pinned source against the newer upstream source revision; preserve historical claims. Exact current tip/release requires per-repository verification.,reports/anneal-synthesized-scaffolding-diagnostic-provenance-main-41f5b37/REPORT.json,reports/anneal-synthesized-scaffolding-diagnostic-provenance-main-41f5b37/REPORT.md,"[{""name"":""Diagnostic provenance for synthesized Lean scaffolding in Anneal"",""identity"":{""repository"":""google/zerocopy"",""revision"":""41f5b37afe7060fd9fe08c00b200672cd76d77b9"",""current_design"":""anneal redesign"",""historical_implementation"":""anneal/v1""}}]"
R322,source_revision_recheck,Anneal V1 / exocrate source 41f5b37,Anneal toolchain version-coupling graph at `google/zerocopy@41f5b37`,"Current Anneal does not have one single version pin. It has several overlapping dependency graphs that happen to agree on the versions used by the ordinary runtime toolchain, while one separate Cargo dependency already demonstrates why repository-local release labels and semantic versions are not sufficient identities.",Anneal current toolchain configuration; Aeneas release selected by Anneal; Charon pinned by the selected Aeneas release; Independent Charon library locked by Anneal Cargo; Lean selected by Anneal and Aeneas; Mathlib revision resolved by the Aeneas Lean manifest,False,Source-level behavior or installation property is bound to the inspected repository revision.,Compare named pinned source against the newer upstream source revision; preserve historical claims. Exact current tip/release requires per-repository verification.,reports/anneal-toolchain-version-coupling-main-41f5b37/REPORT.json,reports/anneal-toolchain-version-coupling-main-41f5b37/REPORT.md,"[{""name"":""Anneal current toolchain configuration"",""identity"":{""repository"":""google/zerocopy"",""revision"":""41f5b37afe7060fd9fe08c00b200672cd76d77b9""}},{""name"":""Aeneas release selected by Anneal"",""identity"":{""repository"":""AeneasVerif/aeneas"",""revision"":""ac9f1bc5262a5e4ff1e24ca78617121382202727"",""release"":""nightly-2026.06.03""}},{""name"":""Charon pinned by the selected Aeneas release"",""identity"":{""repository"":""AeneasVerif/charon"",""revision"":""a535e914f74db4fd9e6be7048f4233270d8945c0"",""version"":""0.1.210"",""rust-toolchain"":""nightly-2026-05-31""}},{""name"":""Independent Charon library locked by Anneal Cargo"",""identity"":{""repository"":""AeneasVerif/charon"",""revision"":""0c91ca1a8e002d6bfa8d8f1f452804fce2f92cf1"",""tag"":""nightly-2026.06.03"",""version"":""0.1.210""}},{""name"":""Lean selected by Anneal and Aeneas"",""identity"":{""repository"":""leanprover/lean4"",""revision"":""3dc1a088b6d2d8eafe25a7cd7ec7b58d731bd7cc"",""version"":""v4.30.0-rc2""}},{""name"":""Mathlib revision resolved by the Aeneas Lean manifest"",""identity"":{""repository"":""leanprover-community/mathlib4"",""revision"":""5450b53e5ddc75d46418fabb605edbf36bd0beb6"",""inputRev"":""v4.30.0-rc2""}}]"
R323,source_revision_recheck,Anneal V1 / exocrate source 41f5b37,Anneal V1 executed proof and fail-closed controls,"A small retained V1 abs(i32) example can complete the actual Rust → Charon LLBC → Aeneas Lean model → Anneal-generated specification → Lean checking path. The generated abs.spec theorem elaborates and reports only Lean's standard axioms (propext, Classical.choice, Quot.sound). Three controls separate pipeline failures: an ill-typed Rust body fails during Charon/rustc; a false postcondition fails during Lean proof checking; but misspelling the annotation marker causes cargo-an",Retained Anneal V1 implementation; Charon; Aeneas; Lean 4; mathlib4,False,Source-level behavior or installation property is bound to the inspected repository revision.,Compare named pinned source against the newer upstream source revision; preserve historical claims. Exact current tip/release requires per-repository verification.,reports/anneal-v1-abs-end-to-end-fail-closed-controls-2026-09-28/REPORT.json,reports/anneal-v1-abs-end-to-end-fail-closed-controls-2026-09-28/REPORT.md,"[{""name"":""Retained Anneal V1 implementation"",""identity"":{""repository"":""google/zerocopy"",""revision"":""bd0956be95c5f798f0c0484921b9b9d1fc6e9988"",""path"":""anneal/v1""}},{""name"":""Charon"",""identity"":{""repository"":""AeneasVerif/charon"",""revision"":""0c91ca1a8e002d6bfa8d8f1f452804fce2f92cf1"",""version"":""0.1.210"",""binary_sha256"":""51bb6d23beab3f97a684c25162d3e402fc820c891b57b21d2ca781c1da211a8b""}},{""name"":""Aeneas"",""identity"":{""repository"":""AeneasVerif/aeneas"",""revision"":""42c0e90dacf486f7d3ed5b6cde3a9a81f04915a4"",""binary_sha256"":""f476001e1a8e8c5cb1d8a621a25716d8e15f0809c8a023c5349357acc0911d03""}},{""name"":""Lean 4"",""identity"":{""repository"":""leanprover/lean4"",""revision"":""3dc1a088b6d2d8eafe25a7cd7ec7b58d731bd7cc"",""version"":""v4.30.0-rc2""}},{""name"":""mathlib4"",""identity"":{""repository"":""leanprover-community/mathlib4"",""revision"":""5450b53e5ddc75d46418fabb605edbf36bd0beb6""}}]"
R324,source_revision_recheck,Anneal V1 / exocrate source 41f5b37,V1 annotation parsing and diagnostics: historical evidence,Mainline V1 uses a line-oriented indentation grammar over Rust doc comments; separate branches explored verbatim Lean and a Chumsky parser without becoming the active path. The historical diagnostics path moved from custom Diagnostics.lean to direct lean --json.,zerocopy Anneal V1; historical parser experiment,False,Source-level behavior or installation property is bound to the inspected repository revision.,Compare named pinned source against the newer upstream source revision; preserve historical claims. Exact current tip/release requires per-repository verification.,reports/anneal-v1-annotation-diagnostics-history-2026-09-27/REPORT.json,reports/anneal-v1-annotation-diagnostics-history-2026-09-27/REPORT.md,"[{""name"":""zerocopy Anneal V1"",""identity"":{""repository"":""google/zerocopy"",""revision"":""bd0956be95c5f798f0c0484921b9b9d1fc6e9988"",""path"":""anneal/v1/""}},{""name"":""historical parser experiment"",""identity"":{""repository"":""google/zerocopy"",""revision"":""dc12610c8"",""branch"":""G4ka5fwcrxku4rfg7rjpfswfmnqxqulql""}}]"
R325,source_revision_recheck,Anneal V1 / exocrate source 41f5b37,Anneal V1 clean-workspace consumption of the prebuilt archive,"At google/zerocopy@41f5b37afe7060fd9fe08c00b200672cd76d77b9, retained Anneal V1 is designed to create a new, workspace-owned Lean project while consuming Aeneas and its transitive Lean dependencies directly from the installed prebuilt toolchain archive. The dependency side of that boundary is intended to remain immutable: Anneal generates a complete root lake-manifest.json whose Aeneas and inherited package entries are path dependencies relative to the final generated workspa",Anneal V1 clean-workspace/prebuilt-archive contract; Anneal V1 symlink-free archive transition; Anneal archive-reuse regression test introduction,False,Source-level behavior or installation property is bound to the inspected repository revision.,Compare named pinned source against the newer upstream source revision; preserve historical claims. Exact current tip/release requires per-repository verification.,reports/anneal-v1-clean-workspace-prebuilt-archive-41f5b37/REPORT.json,reports/anneal-v1-clean-workspace-prebuilt-archive-41f5b37/REPORT.md,"[{""name"":""Anneal V1 clean-workspace/prebuilt-archive contract"",""identity"":{""repository"":""google/zerocopy"",""revision"":""41f5b37afe7060fd9fe08c00b200672cd76d77b9"",""path"":""anneal/v1""}},{""name"":""Anneal V1 symlink-free archive transition"",""identity"":{""repository"":""google/zerocopy"",""revision"":""f6aeb9bd14ee0196635f7e1e46bf0641b16950b6"",""pull_request"":""3450""}},{""name"":""Anneal archive-reuse regression test introduction"",""identity"":{""repository"":""google/zerocopy"",""revision"":""93cab05584dc15cf9f12236ec0ef24becd21beb0"",""pull_request"":""3453""}}]"
R326,source_revision_recheck,Anneal V1 / exocrate source 41f5b37,Anneal V1 contract mutation and specification adequacy probe,"Retained Anneal V1 verified an impossible-precondition theorem whose postcondition is false on ordinary inputs, and it verified a function that always returns zero after the input/output equations were removed from its contract. These are logically valid proofs of the stated contracts, not evidence that the contracts adequately describe the intended abs behavior. With a satisfiable precondition, the false postcondition failed; when the original complete contract was attached ",Retained Anneal V1 implementation; Charon; Aeneas; Lean 4; mathlib4,False,Source-level behavior or installation property is bound to the inspected repository revision.,Compare named pinned source against the newer upstream source revision; preserve historical claims. Exact current tip/release requires per-repository verification.,reports/anneal-v1-contract-mutation-adequacy-2026-09-28/REPORT.json,reports/anneal-v1-contract-mutation-adequacy-2026-09-28/REPORT.md,"[{""name"":""Retained Anneal V1 implementation"",""identity"":{""repository"":""google/zerocopy"",""revision"":""bd0956be95c5f798f0c0484921b9b9d1fc6e9988"",""path"":""anneal/v1"",""binary_sha256"":""9f8283296b0150fbfe1043bbe3633879c900067915bb46aa293e55711564aee8""}},{""name"":""Charon"",""identity"":{""repository"":""AeneasVerif/charon"",""revision"":""0c91ca1a8e002d6bfa8d8f1f452804fce2f92cf1"",""version"":""0.1.210"",""binary_sha256"":""51bb6d23beab3f97a684c25162d3e402fc820c891b57b21d2ca781c1da211a8b""}},{""name"":""Aeneas"",""identity"":{""repository"":""AeneasVerif/aeneas"",""revision"":""42c0e90dacf486f7d3ed5b6cde3a9a81f04915a4"",""binary_sha256"":""f476001e1a8e8c5cb1d8a621a25716d8e15f0809c8a023c5349357acc0911d03""}},{""name"":""Lean 4"",""identity"":{""repository"":""leanprover/lean4"",""revision"":""3dc1a088b6d2d8eafe25a7cd7ec7b58d731bd7cc"",""version"":""v4.30.0-rc2""}},{""name"":""mathlib4"",""identity"":{""repository"":""leanprover-community/mathlib4"",""revision"":""5450b53e5ddc75d46418fabb605edbf36bd0beb6""}}]"
R327,source_revision_recheck,Anneal V1 / exocrate source 41f5b37,Anneal V1 coverage and annotation-totality holes at `41f5b37`,"Retained Anneal V1 at google/zerocopy@41f5b37afe7060fd9fe08c00b200672cd76d77b9 verifies an annotation-selected theorem domain. It does not establish that every unsafe operation, unsafe function, or intended proof obligation in the selected Cargo targets is covered.",Retained Anneal V1 coverage and annotation-totality behavior,False,Source-level behavior or installation property is bound to the inspected repository revision.,Compare named pinned source against the newer upstream source revision; preserve historical claims. Exact current tip/release requires per-repository verification.,reports/anneal-v1-coverage-totality-holes-41f5b37/REPORT.json,reports/anneal-v1-coverage-totality-holes-41f5b37/REPORT.md,"[{""name"":""Retained Anneal V1 coverage and annotation-totality behavior"",""identity"":{""repository"":""google/zerocopy"",""revision"":""41f5b37afe7060fd9fe08c00b200672cd76d77b9"",""path"":""anneal/v1""}}]"
R328,source_revision_recheck,Anneal V1 / exocrate source 41f5b37,Anneal V1 end-to-end verification pipeline,"Retained Anneal V1 is a staged Rust-to-Lean verification pipeline with two distinct views of the input program. Anneal first resolves Cargo packages and targets and scans Rust source for inline anneal annotations. That scan supplies the annotated items, source spans, and Charon entry points. Charon then compiles the selected target through Rust MIR and emits one LLBC file per selected annotated target; Aeneas translates that LLBC into Lean definitions; Anneal separately turns",Retained Anneal V1 end-to-end verification implementation; Anneal V1/V2 reorganization boundary,False,Source-level behavior or installation property is bound to the inspected repository revision.,Compare named pinned source against the newer upstream source revision; preserve historical claims. Exact current tip/release requires per-repository verification.,reports/anneal-v1-end-to-end-pipeline-41f5b37/REPORT.json,reports/anneal-v1-end-to-end-pipeline-41f5b37/REPORT.md,"[{""name"":""Retained Anneal V1 end-to-end verification implementation"",""identity"":{""repository"":""google/zerocopy"",""revision"":""41f5b37afe7060fd9fe08c00b200672cd76d77b9"",""path"":""anneal/v1""}},{""name"":""Anneal V1/V2 reorganization boundary"",""identity"":{""repository"":""google/zerocopy"",""revision"":""dbb81cc7759bb6b21b82a1ca98bb32e9676f8655"",""pull_request"":""3487""}}]"
R329,source_revision_recheck,Anneal V1 / exocrate source 41f5b37,Anneal V1 generated-Lean ABI and Aeneas coupling,"Retained Anneal V1 does not discover the Lean interface produced by Aeneas and then generate proofs against that discovered interface. It predicts a substantial part of that interface independently from Rust syntax and naming conventions, then emits Lean which must elaborate against Aeneas's generated modules. That prediction boundary is the effective generated-Lean ABI between the two tools.",Retained Anneal V1 generated-Lean integration; Aeneas revision consumed by retained Anneal V1,False,Source-level behavior or installation property is bound to the inspected repository revision.,Compare named pinned source against the newer upstream source revision; preserve historical claims. Exact current tip/release requires per-repository verification.,reports/anneal-v1-generated-lean-abi-main-41f5b37/REPORT.json,reports/anneal-v1-generated-lean-abi-main-41f5b37/REPORT.md,"[{""name"":""Retained Anneal V1 generated-Lean integration"",""identity"":{""repository"":""google/zerocopy"",""revision"":""41f5b37afe7060fd9fe08c00b200672cd76d77b9"",""path"":""anneal/v1""}},{""name"":""Aeneas revision consumed by retained Anneal V1"",""identity"":{""repository"":""AeneasVerif/aeneas"",""revision"":""42c0e90dacf486f7d3ed5b6cde3a9a81f04915a4""}}]"
R330,source_revision_recheck,Anneal V1 / exocrate source 41f5b37,V1 generated workspace relocation execution probe,V1 cargo-anneal generate created a small Lean workspace using the current V1 generator and a scratch-only local toolchain layout. Moving the generated directory without changing its Lake manifest made its relative dependency paths resolve to the wrong location; offline Lake loading failed immediately with “package directory not found.” Recomputing those manifest paths for the moved workspace allowed lake --keep-toolchain --old --offline build Generated Anneal to complete succ,Zerocopy V1 source; Lean 4,False,Source-level behavior or installation property is bound to the inspected repository revision.,Compare named pinned source against the newer upstream source revision; preserve historical claims. Exact current tip/release requires per-repository verification.,reports/anneal-v1-generated-workspace-relocation-probe-2026-09-28/REPORT.json,reports/anneal-v1-generated-workspace-relocation-probe-2026-09-28/REPORT.md,"[{""name"":""Zerocopy V1 source"",""identity"":{""repository"":""google/zerocopy"",""revision"":""bd0956be95c5f798f0c0484921b9b9d1fc6e9988""}},{""name"":""Lean 4"",""identity"":{""repository"":""leanprover/lean4"",""revision"":""3dc1a088b6d2d8eafe25a7cd7ec7b58d731bd7cc"",""version"":""v4.30.0-rc2""}}]"
R331,source_revision_recheck,Anneal V1 source f98458e,Anneal v1 integration-test worker-cache disk amplification,"Anneal's April 2026 integration-test harness briefly isolated concurrent Lean tests by allocating a persistent worker cache to each active worker. Each worker owned a mutable copy-shaped view of Aeneas's Lean tree and .lake state. The implementation avoided copying many large immutable files by symlinking them, but it still replicated mutable metadata and filesystem structure per worker. The pool itself scaled with machine concurrency: it used roughly 1.5 times the available ",Anneal integration-test worker-cache implementation before PR #3305; Anneal PR #3305 worker-cache removal; Current retained Anneal v1 implementation,False,Source-level behavior or installation property is bound to the inspected repository revision.,Compare named pinned source against the newer upstream source revision; preserve historical claims. Exact current tip/release requires per-repository verification.,reports/anneal-v1-integration-test-disk-amplification-f98458e/REPORT.json,reports/anneal-v1-integration-test-disk-amplification-f98458e/REPORT.md,"[{""name"":""Anneal integration-test worker-cache implementation before PR #3305"",""identity"":{""repository"":""google/zerocopy"",""revision"":""d410c162d51977635ca5afac67d99a3b10327a94"",""path"":""anneal/tests/integration.rs""}},{""name"":""Anneal PR #3305 worker-cache removal"",""identity"":{""repository"":""google/zerocopy"",""revision"":""f98458e7eaf54ff34b69e417ee34e79036f06547"",""pull_request"":""3305""}},{""name"":""Current retained Anneal v1 implementation"",""identity"":{""repository"":""google/zerocopy"",""revision"":""41f5b37afe7060fd9fe08c00b200672cd76d77b9"",""path"":""anneal/v1""}}]"
R332,source_revision_recheck,Anneal V1 / exocrate source 41f5b37,Generated V1 project queries retain stale imported state after a dependency rebuild,"In a real generated V1 Lean workspace, a same-process LSP query still reported “no goals” after the generated dependency’s .olean was rebuilt with a changed definition. Reopening the same source in a fresh Lean process exposed the changed definition and reported the previously accepted rfl as failing. This is direct evidence that document versioning and a dependency file-change notification were insufficient to refresh this imported environment in the tested setup; dependency",Zerocopy V1 source; Lean 4 and Lake; Aeneas Lean library revision selected by the generated workspace,False,Source-level behavior or installation property is bound to the inspected repository revision.,Compare named pinned source against the newer upstream source revision; preserve historical claims. Exact current tip/release requires per-repository verification.,reports/anneal-v1-interactive-dependency-invalidation-2026-09-28/REPORT.json,reports/anneal-v1-interactive-dependency-invalidation-2026-09-28/REPORT.md,"[{""name"":""Zerocopy V1 source"",""identity"":{""repository"":""google/zerocopy"",""revision"":""bd0956be95c5f798f0c0484921b9b9d1fc6e9988""}},{""name"":""Lean 4 and Lake"",""identity"":{""repository"":""leanprover/lean4"",""revision"":""3dc1a088b6d2d8eafe25a7cd7ec7b58d731bd7cc"",""version"":""v4.30.0-rc2""}},{""name"":""Aeneas Lean library revision selected by the generated workspace"",""identity"":{""repository"":""google/aeneas"",""revision"":""42c0e90dacf486f7d3ed5b6cde3a9a81f04915a4""}}]"
R333,source_revision_recheck,Anneal V1 / exocrate source 41f5b37,Anneal V1 `isSafe`: predicate generation without unsafe-impl enforcement,"At retained Anneal V1 revision 41f5b37afe7060fd9fe08c00b200672cd76d77b9, an isSafe annotation on an unsafe Rust trait generates a Lean proposition class Trait.Safe Self inst. The implementation does not connect that proposition to Rust unsafe impl declarations, and it does not automatically add Trait.Safe evidence when a function has a Rust trait bound.",Retained Anneal V1 isSafe implementation,False,Source-level behavior or installation property is bound to the inspected repository revision.,Compare named pinned source against the newer upstream source revision; preserve historical claims. Exact current tip/release requires per-repository verification.,reports/anneal-v1-issafe-semantic-gaps-41f5b37/REPORT.json,reports/anneal-v1-issafe-semantic-gaps-41f5b37/REPORT.md,"[{""name"":""Retained Anneal V1 isSafe implementation"",""identity"":{""repository"":""google/zerocopy"",""revision"":""41f5b37afe7060fd9fe08c00b200672cd76d77b9"",""path"":""anneal/v1""}}]"
R334,source_revision_recheck,Anneal V1 / exocrate source 41f5b37,"Anneal V1 `isValid`: known-unsound boundary checks, not a global type invariant",Historical Anneal V1 does not provide a sound global isValid type-invariant mechanism at google/zerocopy@41f5b37afe7060fd9fe08c00b200672cd76d77b9. The implementation says so directly: an explicit isValid annotation is rejected unless the user passes --unsound-allow-is-valid.,Historical Anneal V1 implementation retained on current zerocopy main; Unmerged draft product/Option IsValid repair,False,Source-level behavior or installation property is bound to the inspected repository revision.,Compare named pinned source against the newer upstream source revision; preserve historical claims. Exact current tip/release requires per-repository verification.,reports/anneal-v1-isvalid-unsoundness/REPORT.json,reports/anneal-v1-isvalid-unsoundness/REPORT.md,"[{""name"":""Historical Anneal V1 implementation retained on current zerocopy main"",""identity"":{""repository"":""google/zerocopy"",""revision"":""41f5b37afe7060fd9fe08c00b200672cd76d77b9"",""path"":""anneal/v1""}},{""name"":""Unmerged draft product/Option IsValid repair"",""identity"":{""repository"":""google/zerocopy"",""revision"":""ef0b8ebe7011311bce0e8fa2fe4a3aa5d95c1e6c"",""pull-request"":""3179""}}]"
R335,source_revision_recheck,Anneal V1 / exocrate source 41f5b37,"V1 Lake integration, generated workspaces, and interactive tooling","V1's Lake history moves from worker clones through artifact caching and local-Git indirection to read-only prebuilt archives. The final fixture checks generation beside an archive, not moving an already generated workspace. Interactive proof authoring remained manual Lean-file editing; LSP support was future work.",zerocopy Anneal V1; Lean 4 Lake,False,Source-level behavior or installation property is bound to the inspected repository revision.,Compare named pinned source against the newer upstream source revision; preserve historical claims. Exact current tip/release requires per-repository verification.,reports/anneal-v1-lake-relocation-history-2026-09-27/REPORT.json,reports/anneal-v1-lake-relocation-history-2026-09-27/REPORT.md,"[{""name"":""zerocopy Anneal V1"",""identity"":{""repository"":""google/zerocopy"",""revision"":""bd0956be95c5f798f0c0484921b9b9d1fc6e9988"",""path"":""anneal/v1/""}},{""name"":""Lean 4 Lake"",""identity"":{""repository"":""leanprover/lean4"",""revision"":""3dc1a088b6d2d8eafe25a7cd7ec7b58d731bd7cc"",""version"":""v4.30.0-rc2""}}]"
R336,source_revision_recheck,Anneal V1 / exocrate source 41f5b37,Anneal V1 lifetime erasure and the `PtrInner` soundness failure,"Anneal V1's proof-facing Rust-to-Lean adapter cannot represent a source lifetime as a parameter of an IsValid invariant or as an argument of a translated Rust type. The retained V1 parser explicitly discards lifetime names and lifetime generic arguments, and the generator separately ignores lifetime parameters and maps &T to the translated T. Its own regression test expects MyStruct<'a, T> to become MyStruct T.",Retained Anneal V1 lifetime and type translation; PtrInner lifetime-dependent invariant used by the historical soundness counterexample,False,Source-level behavior or installation property is bound to the inspected repository revision.,Compare named pinned source against the newer upstream source revision; preserve historical claims. Exact current tip/release requires per-repository verification.,reports/anneal-v1-lifetime-erasure-soundness-main-41f5b37/REPORT.json,reports/anneal-v1-lifetime-erasure-soundness-main-41f5b37/REPORT.md,"[{""name"":""Retained Anneal V1 lifetime and type translation"",""identity"":{""repository"":""google/zerocopy"",""revision"":""41f5b37afe7060fd9fe08c00b200672cd76d77b9"",""path"":""anneal/v1""}},{""name"":""PtrInner lifetime-dependent invariant used by the historical soundness counterexample"",""identity"":{""repository"":""google/zerocopy"",""revision"":""c6b794933a8d49481b9dded6ed99bc339202b41d"",""issue"":""3053""}}]"
R337,source_revision_recheck,Anneal V1 / exocrate source 41f5b37,Anneal V1 orthogonal progress/correctness architecture at `41f5b37`,Retained Anneal V1 deliberately splits a function specification into two independent Lean obligations:,Retained Anneal V1 orthogonal progress/correctness proof architecture; Aeneas WP Result semantics consumed by retained Anneal V1,False,Source-level behavior or installation property is bound to the inspected repository revision.,Compare named pinned source against the newer upstream source revision; preserve historical claims. Exact current tip/release requires per-repository verification.,reports/anneal-v1-orthogonal-progress-correctness-41f5b37/REPORT.json,reports/anneal-v1-orthogonal-progress-correctness-41f5b37/REPORT.md,"[{""name"":""Retained Anneal V1 orthogonal progress/correctness proof architecture"",""identity"":{""repository"":""google/zerocopy"",""revision"":""41f5b37afe7060fd9fe08c00b200672cd76d77b9"",""path"":""anneal/v1""}},{""name"":""Aeneas WP Result semantics consumed by retained Anneal V1"",""identity"":{""repository"":""AeneasVerif/aeneas"",""revision"":""42c0e90dacf486f7d3ed5b6cde3a9a81f04915a4"",""path"":""backends/lean/Aeneas/Std/WP.lean""}}]"
R338,source_revision_recheck,Anneal V1 / exocrate source 41f5b37,Historical V1 proof-authoring experiments,"The V1 split gives separate progress and conditional correctness feedback, but duplicates execution reasoning and allows vacuous correctness feedback if progress remains open or admitted. The concatslices case remains an unfinished challenge with trusted helper assumptions.",zerocopy Anneal V1,False,Source-level behavior or installation property is bound to the inspected repository revision.,Compare named pinned source against the newer upstream source revision; preserve historical claims. Exact current tip/release requires per-repository verification.,reports/anneal-v1-proof-split-and-concat-slices-2026-09-27/REPORT.json,reports/anneal-v1-proof-split-and-concat-slices-2026-09-27/REPORT.md,"[{""name"":""zerocopy Anneal V1"",""identity"":{""repository"":""google/zerocopy"",""revision"":""bd0956be95c5f798f0c0484921b9b9d1fc6e9988"",""path"":""anneal/v1/""}}]"
R339,source_revision_recheck,Anneal V1 / exocrate source 41f5b37,Anneal V1 source scanner versus rustc at `41f5b37`,"Retained Anneal V1 does not discover verification subjects from rustc's configured, macro-expanded program. It first parses Rust source text with syn, finds a restricted set of source-level items carrying Anneal documentation blocks, constructs textual Charon --start-from roots, and separately asks Charon/Cargo/rustc to compile the selected target.",Retained Anneal V1 source scanner versus rustc/Charon compilation view; Pinned Rust compilation semantics used by the Anneal/Aeneas/Charon chain,False,Source-level behavior or installation property is bound to the inspected repository revision.,Compare named pinned source against the newer upstream source revision; preserve historical claims. Exact current tip/release requires per-repository verification.,reports/anneal-v1-source-scanner-versus-rustc-main-41f5b37/REPORT.json,reports/anneal-v1-source-scanner-versus-rustc-main-41f5b37/REPORT.md,"[{""name"":""Retained Anneal V1 source scanner versus rustc/Charon compilation view"",""identity"":{""repository"":""google/zerocopy"",""revision"":""41f5b37afe7060fd9fe08c00b200672cd76d77b9"",""path"":""anneal/v1""}},{""name"":""Pinned Rust compilation semantics used by the Anneal/Aeneas/Charon chain"",""identity"":{""toolchain"":""nightly-2026-05-31"",""rust_source_revision"":""14210df0e27ccd7d9e6a05b8085cbd438e4bbc65""}}]"
R340,source_revision_recheck,Anneal V1 / exocrate source 41f5b37,Anneal V1 `unsafe(axiom)` semantics at `41f5b37`,"Historical Anneal V1's unsafe(axiom) annotation is an explicit trust boundary, not a relaxed proof mode. The parser converts the annotated function specification to FunctionBlockInner::Axiom and forbids a proof context or proof section. Anneal then tells Charon to treat that Rust function as opaque, accepts Aeneas's external declaration for the opaque function, and separately emits the user's specification as a Lean axiom asserting an Aeneas.Std.WP.spec proposition about that",Historical Anneal V1 unsafe(axiom) pipeline; Aeneas WP/Result semantics used by historical Anneal V1,False,Source-level behavior or installation property is bound to the inspected repository revision.,Compare named pinned source against the newer upstream source revision; preserve historical claims. Exact current tip/release requires per-repository verification.,reports/anneal-v1-unsafe-axiom-semantics-41f5b37/REPORT.json,reports/anneal-v1-unsafe-axiom-semantics-41f5b37/REPORT.md,"[{""name"":""Historical Anneal V1 unsafe(axiom) pipeline"",""identity"":{""repository"":""google/zerocopy"",""revision"":""41f5b37afe7060fd9fe08c00b200672cd76d77b9"",""path"":""anneal/v1""}},{""name"":""Aeneas WP/Result semantics used by historical Anneal V1"",""identity"":{""repository"":""AeneasVerif/aeneas"",""revision"":""42c0e90dacf486f7d3ed5b6cde3a9a81f04915a4"",""path"":""backends/lean/Aeneas/Std""}}]"
R341,source_revision_recheck,Anneal V2 source bd0956b,Anneal V2 Cargo root selection in a two-package workspace,"The checked-in Anneal V2 resolver returned two roots that Cargo did not select in this fixture: a package outside the virtual workspace's default-members, and a binary whose required-features was disabled. Its no-flag result matched its explicit --workspace result, while Cargo's no-flag check built only the default member. Its --bins result included the gated binary both with and without the feature, while Cargo checked that binary only with the feature enabled. These are sel",Anneal V2 checked-in Cargo resolver; Two-package Cargo subject fixture; Pinned local Rust and Cargo toolchain,False,Source-level behavior or installation property is bound to the inspected repository revision.,Compare named pinned source against the newer upstream source revision; preserve historical claims. Exact current tip/release requires per-repository verification.,reports/anneal-v2-cargo-root-selection-multipackage-2026-09-29/REPORT.json,reports/anneal-v2-cargo-root-selection-multipackage-2026-09-29/REPORT.md,"[{""name"":""Anneal V2 checked-in Cargo resolver"",""identity"":{""repository"":""google/zerocopy"",""revision"":""bd0956be95c5f798f0c0484921b9b9d1fc6e9988"",""path"":""anneal/src/resolve.rs"",""sha256"":""6b36c1c5647d4bff5955799c02c6c764ee1b7e29455fd55a8c5d01f0462d23b4""}},{""name"":""Two-package Cargo subject fixture"",""identity"":{""fixture_tree_sha256"":""b7e2f9a095f13f09b05ac95b35c3eb93661700630c371c75a294d4b37b931674""}},{""name"":""Pinned local Rust and Cargo toolchain"",""identity"":{""rustc_revision"":""f8a08b688cbe60acc386ed1fbd1b7cbaaf5576b1"",""rustc_sha256"":""2ab7af1ea2ec5c69195fd8dfb0e1f91afdb7cc1e53127bba416616ce43a18dbc"",""cargo_revision"":""fbb61be30e5f9ac3a6ad58e56a5c0f5db2d2b3ef"",""cargo_sha256"":""71d7b3f81809731f3c95737386b0056cf0a335dd1e3dcb42ac4e3d81599480b1""}}]"
R342,source_revision_recheck,Anneal V2 source bd0956b,Anneal V2 source surface at zerocopy `bd0956b`,"The current Anneal redesign has a callable setup command and source-level scaffolding for target selection, LLBC path naming, toolchain paths, and directory locking. It does not yet expose a verification command or connect those helpers to Charon, Aeneas, Lean proof generation, an editor, or MCP. The v21 #3730/#3731 audit's description of product-gated verification work remains substantively correct, but a blanket statement that there is no current V2 implementation misses th",Anneal current redesign source; #3730/#3731 coverage audit v21 crosswalk,False,Source-level behavior or installation property is bound to the inspected repository revision.,Compare named pinned source against the newer upstream source revision; preserve historical claims. Exact current tip/release requires per-repository verification.,reports/anneal-v2-current-source-surface-main-bd0956b-2026-09-29/REPORT.json,reports/anneal-v2-current-source-surface-main-bd0956b-2026-09-29/REPORT.md,"[{""name"":""Anneal current redesign source"",""identity"":{""repository"":""google/zerocopy"",""revision"":""bd0956be95c5f798f0c0484921b9b9d1fc6e9988"",""path"":""anneal""}},{""name"":""#3730/#3731 coverage audit v21 crosswalk"",""identity"":{""repository"":""google/zerocopy"",""reference_revision"":""a5b4d034aa65aa44d85afc943c3caec26a5229ba"",""path"":""reports/anneal-3730-3731-final-coverage-audit-2026-09-29-v21""}}]"
R343,source_revision_recheck,Anneal V2 source bd0956b,Anneal V2 LLBC slug collision across feature-selected compilation subjects,"The checked-in Anneal V2 AnnealArtifact::artifactslug() returns the same LLBC filename for two library compilations of one unchanged source path even though cached Charon produced different model bodies under default and selected features. The default model returns 7; the selected-feature model returns 11. The result is a concrete locator collision for a pair of distinct compilation subjects, not a witnessed Anneal overwrite: the current V2 CLI does not call this helper or in",Anneal V2 checked-in artifact slug helper; Offline two-feature Rust library fixture; Cached Charon executable,False,Source-level behavior or installation property is bound to the inspected repository revision.,Compare named pinned source against the newer upstream source revision; preserve historical claims. Exact current tip/release requires per-repository verification.,reports/anneal-v2-feature-subject-slug-collision-2026-09-29/REPORT.json,reports/anneal-v2-feature-subject-slug-collision-2026-09-29/REPORT.md,"[{""name"":""Anneal V2 checked-in artifact slug helper"",""identity"":{""repository"":""google/zerocopy"",""revision"":""bd0956be95c5f798f0c0484921b9b9d1fc6e9988"",""path"":""anneal/src/scanner.rs"",""sha256"":""6a347ef9b6b0afd624ace8794eec19fa2af9c5c6ceecd533b12bf52992f20567""}},{""name"":""Offline two-feature Rust library fixture"",""identity"":{""source_sha256"":""dc0e1e46ad779f1dce18619763473163f4a30c38971a68bf9ab3413d8a5ad5fa"",""manifest_sha256"":""8a6d76f03342b43e1058f011572e64ae3f5b9c2265bb05dc540546a0718bd529""}},{""name"":""Cached Charon executable"",""identity"":{""sha256"":""51bb6d23beab3f97a684c25162d3e402fc820c891b57b21d2ca781c1da211a8b"",""version"":""0.1.210""}}]"
R344,source_revision_recheck,Anneal V2 source bd0956b,Anneal V2 LLBC slug collision across profile and cfg subjects,"One dependency-free Rust library at one unchanged source path produced different Charon function bodies under debug, release, and a separate debug --cfg probealt compilation. The checked-in Anneal V2 AnnealArtifact::artifactslug() helper assigned all three the same .llbc filename because its fields were identical: package, target name, RLib kind, and manifest path. The debug/release profilevalue literals were 7/11; the debug/cfg configvalue literals were 23/29. This extends t",Checked-in Anneal V2 artifact slug helper; Pinned Charon/Cargo/rustc toolchain; Dependency-free profile/cfg fixture and probe,False,Source-level behavior or installation property is bound to the inspected repository revision.,Compare named pinned source against the newer upstream source revision; preserve historical claims. Exact current tip/release requires per-repository verification.,reports/anneal-v2-profile-cfg-subject-slug-collision-2026-09-29/REPORT.json,reports/anneal-v2-profile-cfg-subject-slug-collision-2026-09-29/REPORT.md,"[{""name"":""Checked-in Anneal V2 artifact slug helper"",""identity"":{""source_commit"":""bd0956be95c5f798f0c0484921b9b9d1fc6e9988"",""scanner_sha256"":""6a347ef9b6b0afd624ace8794eec19fa2af9c5c6ceecd533b12bf52992f20567""}},{""name"":""Pinned Charon/Cargo/rustc toolchain"",""identity"":{""charon_sha256"":""51bb6d23beab3f97a684c25162d3e402fc820c891b57b21d2ca781c1da211a8b"",""cargo_sha256"":""71d7b3f81809731f3c95737386b0056cf0a335dd1e3dcb42ac4e3d81599480b1"",""rustc_sha256"":""2ab7af1ea2ec5c69195fd8dfb0e1f91afdb7cc1e53127bba416616ce43a18dbc"",""toolchain"":""nightly-2026-05-31-aarch64-apple-darwin""}},{""name"":""Dependency-free profile/cfg fixture and probe"",""identity"":{""fixture_source_sha256"":""990beab58abb9a04f48c119fdcea2918865232730e278de3def35e15831b123d"",""probe_sha256"":""d3f5c0efcf646c2c288a3b2ed5d3b5540cfbafd51357d8804fc04375f3a0a99a""}}]"
R345,incidental_or_citation,No pinned-software conclusion requiring a newer-version rerun,Assembly and ISA proof boundaries,A verification theorem is only as end-to-end as its last modeled machine boundary and the correspondences that connect that model to the artifact that actually runs.,CompCert 3.18 compilation boundary; Translation Validation for a Verified OS Kernel; Verified Compilation on a Verified Processor,False,"Main conclusion is an audit, general model, history, standard, or contextual evidence; software versions identify provenance only.",No newer-version comparison for the main conclusion.,reports/assembly-isa-proof-boundaries-2013-2026/REPORT.json,reports/assembly-isa-proof-boundaries-2013-2026/REPORT.md,"[{""name"":""CompCert 3.18 compilation boundary"",""identity"":{""repository"":""AbsInt/CompCert"",""revision"":""74cbdbf0e86ecbfa39a5ca8f248f77fb2f974cb6"",""version"":""3.18""}},{""name"":""Translation Validation for a Verified OS Kernel"",""identity"":{""publication"":""PLDI 2013"",""year"":""2013""}},{""name"":""Verified Compilation on a Verified Processor"",""identity"":{""doi"":""10.1145/3314221.3314622"",""publication"":""PLDI 2019""}}]"
R346,source_revision_recheck,Buck2 source 738e69a6c5f1efb6a015645228e7a19ee9b1d9c0,"Buck to Buck2: what the rewrite simplified, and what it did not",Buck2 is strong evidence for replacing a build system's architectural core when the old core makes important invariants and performance properties difficult to express locally. It is weaker evidence for adopting a general incremental-computation engine whenever a workflow has dependencies.,Buck2 architecture and DICE; Buck1 archived implementation; Buck2 public launch account; Build Systems à la Carte; Anneal design constraints,True,Main report includes present-tense implementation behavior at named upstream source revision; compare current source for that component.,Compare named pinned source against the newer upstream source revision; preserve historical claims. Exact current tip/release requires per-repository verification.,reports/buck-to-buck2-one-graph-rewrite-2013-2026/REPORT.json,reports/buck-to-buck2-one-graph-rewrite-2013-2026/REPORT.md,"[{""name"":""Buck2 architecture and DICE"",""identity"":{""repository"":""facebook/buck2"",""revision"":""738e69a6c5f1efb6a015645228e7a19ee9b1d9c0"",""why-doc-blob"":""6799f38df279cc03f1806b1d0d447fb19570bcfa"",""benefits-doc-blob"":""296661b09239357fa870a55192dff6c5d54c25ca"",""dice-index-blob"":""46897b9bd66a7bd055bbad8db7f363558347d4f0"",""modern-dice-doc-blob"":""04a9950e2b077cdfdf91ca3e6e6ede68df508580""}},{""name"":""Buck1 archived implementation"",""identity"":{""repository"":""facebook/buck"",""revision"":""9c7c421e49f4d92d67321f18c6d1cd90974c77c4"",""readme-blob"":""59e9fda6c885670ebb3e0ce1b799ea8f9e97cf9c""}},{""name"":""Buck2 public launch account"",""identity"":{""publisher"":""Meta Engineering"",""published"":""2023-04-06"",""url"":""https://engineering.fb.com/2023/04/06/open-source/buck2-open-source-large-scale-build-system/""}},{""name"":""Build Systems à la Carte"",""identity"":{""authors"":""Andrey Mokhov; Neil Mitchell; Simon Peyton Jones"",""publication"":""PACMPL 2 (ICFP), Article 79"",""year"":""2018"",""doi"":""10.1145/3236774""}},{""name"":""Anneal design constraints"",""identity"":{""repository"":""google/zerocopy"",""revision"":""cc135f46155b72e4b51188525c2974a3b84acf92"",""principles-blob"":""d5339a95254eae14ac201139d07d9d36d48a19fb"",""design-blob"":""0e8170979f3a466f2460c0ef7ec6d9a6b92650b8""}}]"
R347,incidental_or_citation,No pinned-software conclusion requiring a newer-version rerun,Build Systems à la Carte as a vocabulary for Anneal orchestration,"Build Systems à la Carte is most useful to Anneal as a vocabulary for separating decisions that are easy to conflate, not as an argument to adopt Shake, Bazel, Nix, or another build-system framework. The 2018 paper and its expanded 2020 treatment separate at least four questions that matter independently: what a task may depend on, how tasks are scheduled, how the system decides whether a value must be rebuilt, and what persistent information it retains to support that decisi",Build Systems à la Carte (ICFP 2018); Build systems à la carte: Theory and practice (JFP 2020); Build Systems à la Carte executable framework and maintained paper source; Anneal design contract,True,"Historical/theoretical architectural conclusion; named revisions establish citations or Anneal applicability, not an exclusive at-pin software behavior.",No newer-version comparison for the main conclusion.,reports/build-systems-a-la-carte-anneal-orchestration-2018-2026/REPORT.json,reports/build-systems-a-la-carte-anneal-orchestration-2018-2026/REPORT.md,"[{""name"":""Build Systems à la Carte (ICFP 2018)"",""identity"":{""doi"":""10.1145/3236774"",""publication"":""Proceedings of the ACM on Programming Languages 2, ICFP, Article 79 (2018)""}},{""name"":""Build systems à la carte: Theory and practice (JFP 2020)"",""identity"":{""doi"":""10.1017/S0956796820000088"",""publication"":""Journal of Functional Programming 30:e11 (2020)""}},{""name"":""Build Systems à la Carte executable framework and maintained paper source"",""identity"":{""repository"":""snowleopard/build"",""revision"":""43b18b9a362d7d27b64679ea4122e4b8c5dfedd9""}},{""name"":""Anneal design contract"",""identity"":{""repository"":""google/zerocopy"",""revision"":""cc135f46155b72e4b51188525c2974a3b84acf92""}}]"
R348,newer_version_recheck,Cargo/rustc nightly-2026-05-31,Cargo compilation-subject identity at the Anneal-era 2026-05-31 toolchain,"Cargo does not identify a compilation subject by package name, target name, source file, feature set, target triple, or profile alone. At rust-lang/cargo@fbb61be30e5f9ac3a6ad58e56a5c0f5db2d2b3ef, Cargo's internal Unit is the object that represents one build unit. Its source documentation says that a unit has enough information for Cargo to know how to build it, and its equality/hash identity includes the package, Cargo target, effective profile, host-versus-target compilation",Cargo source; Rust source integration; Anneal configuration; Charon toolchain pin,False,Empirical or source-backed behavior depends on the named toolchain pin.,Rust stable 1.98.1 and nightly-2026-09-30 (rustc 1.101.0-nightly); use matching toolchain for compiler behavior.,reports/cargo-compilation-subject-identity-2026-05-31/REPORT.json,reports/cargo-compilation-subject-identity-2026-05-31/REPORT.md,"[{""name"":""Cargo source"",""identity"":{""repository"":""rust-lang/cargo"",""revision"":""fbb61be30e5f9ac3a6ad58e56a5c0f5db2d2b3ef""}},{""name"":""Rust source integration"",""identity"":{""repository"":""rust-lang/rust"",""revision"":""14210df0e27ccd7d9e6a05b8085cbd438e4bbc65"",""cargo-submodule"":""fbb61be30e5f9ac3a6ad58e56a5c0f5db2d2b3ef""}},{""name"":""Anneal configuration"",""identity"":{""repository"":""google/zerocopy"",""revision"":""41f5b37afe7060fd9fe08c00b200672cd76d77b9""}},{""name"":""Charon toolchain pin"",""identity"":{""repository"":""AeneasVerif/charon"",""revision"":""a535e914f74db4fd9e6be7048f4233270d8945c0"",""rust-toolchain"":""nightly-2026-05-31""}}]"
R349,newer_version_recheck,Cargo/rustc nightly-2026-05-31,Cargo feature resolution and metadata at fbb61be30e5f9ac3a6ad58e56a5c0f5db2d2b3ef,"At rust-lang/cargo@fbb61be30e5f9ac3a6ad58e56a5c0f5db2d2b3ef, the feature set used to compile a crate is not, in general, a single property of a package. Cargo's command-specific feature resolver can distinguish the same package when it is used as a normal/dev dependency, a host build-dependency or proc macro, or an artifact dependency for a particular target. Resolver versions 2 and 3 use those distinctions to avoid several kinds of feature unification that resolver 1 perform",Cargo source,False,Empirical or source-backed behavior depends on the named toolchain pin.,Rust stable 1.98.1 and nightly-2026-09-30 (rustc 1.101.0-nightly); use matching toolchain for compiler behavior.,reports/cargo-metadata-feature-resolution-2026-05-31/REPORT.json,reports/cargo-metadata-feature-resolution-2026-05-31/REPORT.md,"[{""name"":""Cargo source"",""identity"":{""repository"":""rust-lang/cargo"",""revision"":""fbb61be30e5f9ac3a6ad58e56a5c0f5db2d2b3ef""}}]"
R350,newer_version_recheck,Cargo/rustc nightly-2026-05-31,Cargo compilation coverage through Charon and Anneal V1,"Cargo's workspace unit graph, actual rustc command capture, Charon output, and one Anneal V1 proof answer different coverage questions. In this fixture Cargo built 12 units for the workspace/all-targets path, but the successful V1 proof was only for the coverageapp library with selected enabled. Build-script output and a procedural-macro expansion appeared in that library's LLBC/model; a normal dependency stayed opaque, and a separate consumer's LLBC represented the proof-bea",Rust Cargo; Charon; Aeneas; Anneal V1; Lean 4,False,Empirical or source-backed behavior depends on the named toolchain pin.,Rust stable 1.98.1 and nightly-2026-09-30 (rustc 1.101.0-nightly); use matching toolchain for compiler behavior.,reports/cargo-rust-charon-anneal-coverage-matrix-2026-09-28/REPORT.json,reports/cargo-rust-charon-anneal-coverage-matrix-2026-09-28/REPORT.md,"[{""name"":""Rust Cargo"",""identity"":{""repository"":""rust-lang/cargo"",""revision"":""fbb61be30e5f9ac3a6ad58e56a5c0f5db2d2b3ef"",""version"":""1.98.0-nightly (2026-05-26)""}},{""name"":""Charon"",""identity"":{""repository"":""AeneasVerif/charon"",""revision"":""0c91ca1a8e002d6bfa8d8f1f452804fce2f92cf1"",""version"":""0.1.210""}},{""name"":""Aeneas"",""identity"":{""repository"":""AeneasVerif/aeneas"",""revision"":""42c0e90dacf486f7d3ed5b6cde3a9a81f04915a4""}},{""name"":""Anneal V1"",""identity"":{""repository"":""google/zerocopy"",""revision"":""bd0956be95c5f798f0c0484921b9b9d1fc6e9988"",""path"":""anneal/v1""}},{""name"":""Lean 4"",""identity"":{""repository"":""leanprover/lean4"",""revision"":""3dc1a088b6d2d8eafe25a7cd7ec7b58d731bd7cc"",""version"":""v4.30.0-rc2""}}]"
R351,source_revision_recheck,Cargo f3865b2a + rustc 7d2cd0fb + sccache 54b6f72a + Charon 0.1.210,"Cargo, rustc, and compiler-cache reuse: when a fresh build is not fresh extraction","Cargo freshness, rustc incremental reuse, and compiler-wrapper caching answer different questions. Cargo decides whether a build unit needs to run at all. rustc, once invoked, can reuse compiler-internal query results from an earlier session. A wrapper cache such as sccache can intercept an invocation and return ordinary compiler outputs without executing rustc. Each layer is useful because it can avoid work, but each is sound only relative to the outputs and dependencies tha",Cargo; Rust compiler; sccache; Charon selected by Anneal; Anneal design authority,True,Main report includes present-tense implementation behavior at named upstream source revision; compare current source for that component.,Compare named pinned source against the newer upstream source revision; preserve historical claims. Exact current tip/release requires per-repository verification.,reports/cargo-rustc-cache-reuse-extraction-boundaries-2016-2026/REPORT.json,reports/cargo-rustc-cache-reuse-extraction-boundaries-2016-2026/REPORT.md,"[{""name"":""Cargo"",""identity"":{""repository"":""rust-lang/cargo"",""revision"":""f3865b2a4d1acc5276f6b3c67d0e057f4dab3928""}},{""name"":""Rust compiler"",""identity"":{""repository"":""rust-lang/rust"",""revision"":""7d2cd0fbc092625ea371da704f15f80216d2220e""}},{""name"":""sccache"",""identity"":{""repository"":""mozilla/sccache"",""revision"":""54b6f72a5d3583e8ccb8b83d44e5d41400d8039c""}},{""name"":""Charon selected by Anneal"",""identity"":{""repository"":""AeneasVerif/charon"",""revision"":""a535e914f74db4fd9e6be7048f4233270d8945c0"",""version"":""0.1.210""}},{""name"":""Anneal design authority"",""identity"":{""repository"":""google/zerocopy"",""revision"":""cc135f46155b72e4b51188525c2974a3b84acf92""}}]"
R352,newer_version_recheck,Cargo/rustc nightly-2026-05-31,Cargo unit graphs and rustc invocations at the Anneal-era 2026-05-31 toolchain,"At rust-lang/cargo@fbb61be30e5f9ac3a6ad58e56a5c0f5db2d2b3ef, Cargo turns command-selected targets into a recursive graph of compilation units. Roots only describe work requested directly. Cargo adds dependency libraries, same-package libraries for binaries/tests/examples, host procedural macros, and separate build-script compile and execution units. Cross builds therefore contain both host and target work.",Cargo source,False,Empirical or source-backed behavior depends on the named toolchain pin.,Rust stable 1.98.1 and nightly-2026-09-30 (rustc 1.101.0-nightly); use matching toolchain for compiler behavior.,reports/cargo-unit-graphs-rustc-invocations-2026-05-31/REPORT.json,reports/cargo-unit-graphs-rustc-invocations-2026-05-31/REPORT.md,"[{""name"":""Cargo source"",""identity"":{""repository"":""rust-lang/cargo"",""revision"":""fbb61be30e5f9ac3a6ad58e56a5c0f5db2d2b3ef""}}]"
R353,newer_version_recheck,Charon 0.1.210 + Rust nightly-2026-05-31,"Charon async, generator, and coroutine support at 0.1.210","At AeneasVerif/charon@a535e914f74db4fd9e6be7048f4233270d8945c0 (0.1.210), Charon does not support Rust coroutine bodies end to end. The pinned translator rejects coroutine types, coroutine/coroutine-closure MIR aggregates, Yield and CoroutineDrop terminators, and coroutine-only resumed state assertions. It also refuses to register rustc's SyntheticCoroutineBody as an ordinary translated item.",Charon async/coroutine support,False,Empirical or source-backed behavior depends on the named toolchain pin.,Charon nightly-2026.09.30 (2804f2d) with its pinned Rust nightly-2026-09-17; Aeneas paired lane separately.,reports/charon-async-coroutines-0-1-210/REPORT.json,reports/charon-async-coroutines-0-1-210/REPORT.md,"[{""name"":""Charon async/coroutine support"",""identity"":{""repository"":""AeneasVerif/charon"",""revision"":""a535e914f74db4fd9e6be7048f4233270d8945c0"",""version"":""0.1.210"",""rust-toolchain"":""nightly-2026-05-31""}}]"
R354,newer_version_recheck,Charon 0.1.210 + Rust nightly-2026-05-31,Charon CLI invocation modes at 0.1.210,"At AeneasVerif/charon@a535e914f74db4fd9e6be7048f4233270d8945c0 (0.1.210), the two compiler-facing public modes share one rustc-driver implementation but delegate different parts of compilation setup.",Charon command-line interface and driver wrapper,False,Empirical or source-backed behavior depends on the named toolchain pin.,Charon nightly-2026.09.30 (2804f2d) with its pinned Rust nightly-2026-09-17; Aeneas paired lane separately.,reports/charon-cli-invocation-modes-0-1-210/REPORT.json,reports/charon-cli-invocation-modes-0-1-210/REPORT.md,"[{""name"":""Charon command-line interface and driver wrapper"",""identity"":{""repository"":""AeneasVerif/charon"",""revision"":""a535e914f74db4fd9e6be7048f4233270d8945c0"",""version"":""0.1.210""}}]"
R355,newer_version_recheck,Charon 0.1.210 + Rust nightly-2026-05-31,Charon closure representation at 0.1.210,"At AeneasVerif/charon@a535e914f74db4fd9e6be7048f4233270d8945c0 (0.1.210), Charon represents a Rust closure as an explicit state type plus the appropriate FnOnce/FnMut/Fn trait implementations and call methods. The state type is a struct whose anonymous fields are the compiler-reported capture types. A closure that captures shared references therefore carries shared reference fields; a closure that mutates through a capture carries a mutable reference field; and a consuming cl",Charon closure representation,False,Empirical or source-backed behavior depends on the named toolchain pin.,Charon nightly-2026.09.30 (2804f2d) with its pinned Rust nightly-2026-09-17; Aeneas paired lane separately.,reports/charon-closures-0-1-210/REPORT.json,reports/charon-closures-0-1-210/REPORT.md,"[{""name"":""Charon closure representation"",""identity"":{""repository"":""AeneasVerif/charon"",""revision"":""a535e914f74db4fd9e6be7048f4233270d8945c0"",""version"":""0.1.210"",""rust-toolchain"":""nightly-2026-05-31""}}]"
R356,newer_version_recheck,Charon nightly-2026.06.03 + paired Rust/Aeneas,Charon closure representation and translation at 0.1.210,"At AeneasVerif/charon@a535e914f74db4fd9e6be7048f4233270d8945c0 (0.1.210), Charon represents a Rust closure as an explicit state type plus the appropriate FnOnce/FnMut/Fn trait implementations and call methods. The state type is a struct whose anonymous fields are the compiler-reported capture types. A closure that captures shared references therefore carries shared reference fields; a closure that mutates through a capture carries a mutable reference field; and a consuming cl",Charon closure representation and translation,False,Empirical or source-backed behavior depends on the named toolchain pin.,Aeneas nightly-2026.09.30-0855ce1 with its paired Charon e435e5f and Lean 4.31.0; separate standalone Charon comparison.,reports/charon-closures-nightly-2026-06-03/REPORT.json,reports/charon-closures-nightly-2026-06-03/REPORT.md,"[{""name"":""Charon closure representation and translation"",""identity"":{""repository"":""AeneasVerif/charon"",""revision"":""a535e914f74db4fd9e6be7048f4233270d8945c0"",""version"":""0.1.210"",""rust-toolchain"":""nightly-2026-05-31""}}]"
R357,newer_version_recheck,Charon 0.1.210 + Rust nightly-2026-05-31,"Charon constants, statics, and associated constants at 0.1.210","At AeneasVerif/charon@a535e914f74db4fd9e6be7048f4233270d8945c0 (0.1.210), named Rust constants and statics are not serialized as already-computed scalar values alone. Charon represents each as a GlobalDecl plus a separate initializer FunDecl. The global records its type, generic parameters, source context, global category, and initializer function ID. The initializer contains the translated computation when Charon can obtain and translate it. The same rustc definition can the","Charon constants, statics, and associated constants",False,Empirical or source-backed behavior depends on the named toolchain pin.,Charon nightly-2026.09.30 (2804f2d) with its pinned Rust nightly-2026-09-17; Aeneas paired lane separately.,reports/charon-constants-statics-associated-constants-0-1-210/REPORT.json,reports/charon-constants-statics-associated-constants-0-1-210/REPORT.md,"[{""name"":""Charon constants, statics, and associated constants"",""identity"":{""repository"":""AeneasVerif/charon"",""revision"":""a535e914f74db4fd9e6be7048f4233270d8945c0"",""rust-toolchain"":""nightly-2026-05-31"",""version"":""0.1.210""}}]"
R358,newer_version_recheck,Charon nightly-2026.06.03 + paired Rust/Aeneas,Charon dependency extraction and source coverage at 0.1.210,"At AeneasVerif/charon@a535e914f74db4fd9e6be7048f4233270d8945c0 (0.1.210), Charon does not import Cargo dependencies wholesale into LLBC. Cargo supplies the selected crate's rustc invocation and compiled dependency metadata; Charon then starts from configured semantic entry points and recursively enqueues definitions that translation actually reaches. Under the default crate entry point, Charon traverses the current crate's transparent module tree, so the selected crate is cov",Charon dependency extraction and source coverage,False,Empirical or source-backed behavior depends on the named toolchain pin.,Aeneas nightly-2026.09.30-0855ce1 with its paired Charon e435e5f and Lean 4.31.0; separate standalone Charon comparison.,reports/charon-dependency-and-source-coverage-nightly-2026-06-03/REPORT.json,reports/charon-dependency-and-source-coverage-nightly-2026-06-03/REPORT.md,"[{""name"":""Charon dependency extraction and source coverage"",""identity"":{""repository"":""AeneasVerif/charon"",""revision"":""a535e914f74db4fd9e6be7048f4233270d8945c0"",""version"":""0.1.210"",""rust-toolchain"":""nightly-2026-05-31""}}]"
R359,newer_version_recheck,Charon 0.1.210 + Rust nightly-2026-05-31,Charon drop and destructor semantics at 0.1.210,"At AeneasVerif/charon@a535e914f74db4fd9e6be7048f4233270d8945c0 (0.1.210), a Charon Drop is not one fixed operation. Its meaning depends first on the rustc MIR phase Charon extracted. Built/analysis-phase MIR becomes a conditional drop whose eventual runtime behavior may depend on moves, partial initialization, or later drop elaboration. Runtime MIR becomes a precise drop that denotes a concrete call to the selected Destruct::dropinplace implementation. --precise-drops raises ",Charon,False,Empirical or source-backed behavior depends on the named toolchain pin.,Charon nightly-2026.09.30 (2804f2d) with its pinned Rust nightly-2026-09-17; Aeneas paired lane separately.,reports/charon-drop-destructor-semantics-0-1-210/REPORT.json,reports/charon-drop-destructor-semantics-0-1-210/REPORT.md,"[{""name"":""Charon"",""identity"":{""repository"":""AeneasVerif/charon"",""revision"":""a535e914f74db4fd9e6be7048f4233270d8945c0"",""version"":""0.1.210""}}]"
R360,newer_version_recheck,Charon 0.1.210 + Rust nightly-2026-05-31,Charon entry-point selection and opacity at 0.1.210,"At AeneasVerif/charon@a535e914f74db4fd9e6be7048f4233270d8945c0 (Charon 0.1.210, the revision pinned by Aeneas nightly-2026.06.03), --start-from does not mean ""translate only these named functions."" It seeds a dependency-driven work queue. Each selected item can enqueue types, traits, functions, constants, impls, nested items, and other declarations that its translated representation refers to. Transparent modules additionally enqueue their contents. Opaque bodies and opaque m",Charon selected by Aeneas nightly-2026.06.03,False,Empirical or source-backed behavior depends on the named toolchain pin.,Charon nightly-2026.09.30 (2804f2d) with its pinned Rust nightly-2026-09-17; Aeneas paired lane separately.,reports/charon-entry-selection-opacity-0-1-210/REPORT.json,reports/charon-entry-selection-opacity-0-1-210/REPORT.md,"[{""name"":""Charon selected by Aeneas nightly-2026.06.03"",""identity"":{""repository"":""AeneasVerif/charon"",""revision"":""a535e914f74db4fd9e6be7048f4233270d8945c0"",""version"":""0.1.210""}}]"
R361,newer_version_recheck,Charon 0.1.210 + Rust nightly-2026-05-31,"Charon enum discriminants, niches, and layout at 0.1.210","At AeneasVerif/charon@a535e914f74db4fd9e6be7048f4233270d8945c0 (0.1.210), Charon represents two different facts about a Rust enum and keeps them separate:","Charon enum, discriminant, niche, and layout model",False,Empirical or source-backed behavior depends on the named toolchain pin.,Charon nightly-2026.09.30 (2804f2d) with its pinned Rust nightly-2026-09-17; Aeneas paired lane separately.,reports/charon-enum-layout-0-1-210/REPORT.json,reports/charon-enum-layout-0-1-210/REPORT.md,"[{""name"":""Charon enum, discriminant, niche, and layout model"",""identity"":{""repository"":""AeneasVerif/charon"",""revision"":""a535e914f74db4fd9e6be7048f4233270d8945c0"",""version"":""0.1.210"",""rust-toolchain"":""nightly-2026-05-31""}}]"
R362,newer_version_recheck,Charon nightly-2026.06.03 + paired Rust/Aeneas,Charon extraction performance and scaling,"Sixteen bounded runs on a tiny three-function fixture measured whole-crate, one-root, many-root, and no-serialize modes. They establish a baseline only, not a scaling curve; the report defines controlled workload axes and coverage checks for larger Cargo and workspace studies.",Charon; rustc,False,Empirical or source-backed behavior depends on the named toolchain pin.,Aeneas nightly-2026.09.30-0855ce1 with its paired Charon e435e5f and Lean 4.31.0; separate standalone Charon comparison.,reports/charon-extraction-scaling-nightly-2026-06-03/REPORT.json,reports/charon-extraction-scaling-nightly-2026-06-03/REPORT.md,"[{""name"":""Charon"",""identity"":{""repository"":""AeneasVerif/charon"",""revision"":""0c91ca1a8e002d6bfa8d8f1f452804fce2f92cf1"",""release"":""nightly-2026.06.03""}},{""name"":""rustc"",""identity"":{""repository"":""rust-lang/rust"",""revision"":""f8a08b688cbe60acc386ed1fbd1b7cbaaf5576b1"",""version"":""1.98.0-nightly""}}]"
R363,newer_version_recheck,Charon 0.1.210 + Rust nightly-2026-05-31,Charon incremental capabilities at 0.1.210,"At AeneasVerif/charon@a535e914f74db4fd9e6be7048f4233270d8945c0 (0.1.210), Charon has useful within-run demand-driven translation and caching, but the pinned extraction pipeline does not expose a cross-run incremental Charon state that can be updated after a source edit.",Charon incremental capabilities pinned by Aeneas nightly-2026.06.03,False,Empirical or source-backed behavior depends on the named toolchain pin.,Charon nightly-2026.09.30 (2804f2d) with its pinned Rust nightly-2026-09-17; Aeneas paired lane separately.,reports/charon-incremental-capabilities-0-1-210/REPORT.json,reports/charon-incremental-capabilities-0-1-210/REPORT.md,"[{""name"":""Charon incremental capabilities pinned by Aeneas nightly-2026.06.03"",""identity"":{""repository"":""AeneasVerif/charon"",""revision"":""a535e914f74db4fd9e6be7048f4233270d8945c0"",""version"":""0.1.210"",""rust_toolchain"":""nightly-2026-05-31""}}]"
R364,newer_version_recheck,Charon 0.1.210 + Rust nightly-2026-05-31,Charon intrinsics at 0.1.210,"At AeneasVerif/charon@a535e914f74db4fd9e6be7048f4233270d8945c0 (0.1.210), “intrinsic” does not correspond to one LLBC representation or one support rule. Charon receives intrinsic behavior through several different rustc/MIR paths, and a downstream verifier must distinguish them.",Charon intrinsic representation and lowering,False,Empirical or source-backed behavior depends on the named toolchain pin.,Charon nightly-2026.09.30 (2804f2d) with its pinned Rust nightly-2026-09-17; Aeneas paired lane separately.,reports/charon-intrinsics-0-1-210/REPORT.json,reports/charon-intrinsics-0-1-210/REPORT.md,"[{""name"":""Charon intrinsic representation and lowering"",""identity"":{""repository"":""AeneasVerif/charon"",""revision"":""a535e914f74db4fd9e6be7048f4233270d8945c0"",""version"":""0.1.210"",""rust-toolchain"":""nightly-2026-05-31""}}]"
R365,newer_version_recheck,Charon nightly-2026.06.03 + paired Rust/Aeneas,"Charon item identity, names, source spans, and comments at Aeneas nightly-2026.06.03","At AeneasVerif/charon@a535e914f74db4fd9e6be7048f4233270d8945c0, Charon separates item identity from human-readable names. Within one TranslatedCrate, top-level semantic items are addressed by typed integer IDs (TypeDeclId, FunDeclId, GlobalDeclId, TraitDeclId, TraitImplId), wrapped by ItemId. The crate separately stores a Name for every registered item, including names for items whose translation failed. The source explicitly says those integer IDs uniquely disambiguate items",Charon pinned by Aeneas; Aeneas release selecting Charon,False,Empirical or source-backed behavior depends on the named toolchain pin.,Aeneas nightly-2026.09.30-0855ce1 with its paired Charon e435e5f and Lean 4.31.0; separate standalone Charon comparison.,reports/charon-item-identity-spans-comments-nightly-2026-06-03/REPORT.json,reports/charon-item-identity-spans-comments-nightly-2026-06-03/REPORT.md,"[{""name"":""Charon pinned by Aeneas"",""identity"":{""repository"":""AeneasVerif/charon"",""revision"":""a535e914f74db4fd9e6be7048f4233270d8945c0"",""version"":""0.1.210""}},{""name"":""Aeneas release selecting Charon"",""identity"":{""repository"":""AeneasVerif/aeneas"",""revision"":""ac9f1bc5262a5e4ff1e24ca78617121382202727"",""release"":""nightly-2026.06.03""}}]"
R366,newer_version_recheck,Charon 0.1.210 + Rust nightly-2026-05-31,Charon’s library and process boundaries at 0.1.210,"At AeneasVerif/charon@a535e914f74db4fd9e6be7048f4233270d8945c0 (0.1.210), Charon has two materially different integration surfaces:",Charon pinned by Aeneas nightly-2026.06.03,False,Empirical or source-backed behavior depends on the named toolchain pin.,Charon nightly-2026.09.30 (2804f2d) with its pinned Rust nightly-2026-09-17; Aeneas paired lane separately.,reports/charon-library-process-server-0-1-210/REPORT.json,reports/charon-library-process-server-0-1-210/REPORT.md,"[{""name"":""Charon pinned by Aeneas nightly-2026.06.03"",""identity"":{""repository"":""AeneasVerif/charon"",""revision"":""a535e914f74db4fd9e6be7048f4233270d8945c0"",""version"":""0.1.210""}}]"
R367,newer_version_recheck,Charon 0.1.210 + Rust nightly-2026-05-31,Charon library and serialized LLBC compatibility at 0.1.210,"At AeneasVerif/charon@a535e914f74db4fd9e6be7048f4233270d8945c0 (0.1.210), the Rust charonlib API and serialized LLBC are two interfaces over related data, not interchangeable stability boundaries.",Charon Rust library and serialized LLBC interface,False,Empirical or source-backed behavior depends on the named toolchain pin.,Charon nightly-2026.09.30 (2804f2d) with its pinned Rust nightly-2026-09-17; Aeneas paired lane separately.,reports/charon-library-wire-compatibility-0-1-210/REPORT.json,reports/charon-library-wire-compatibility-0-1-210/REPORT.md,"[{""name"":""Charon Rust library and serialized LLBC interface"",""identity"":{""repository"":""AeneasVerif/charon"",""revision"":""a535e914f74db4fd9e6be7048f4233270d8945c0"",""version"":""0.1.210""}}]"
R368,prior_comparison,June 2026 Charon/Aeneas revision pairs (prior comparison),Translation output goldens and revision diffs,A three-function macOS probe passed through Charon and Aeneas. Repeated raw LLBC JSON differed only in item-name map ordering in this sample; pretty LLBC and generated Lean were byte-identical. The report proposes a schema-aware golden corpus and revision-diff harness without treating textual stability as a correctness proof.,Charon; Aeneas; rustc,False,Existing comparison of earlier adjacent versions; refresh on the newer target.,Aeneas nightly-2026.09.30-0855ce1 with its paired Charon e435e5f and Lean 4.31.0; separate standalone Charon comparison.,reports/charon-llbc-output-goldens-and-revision-diffs-2026-09-27/REPORT.json,reports/charon-llbc-output-goldens-and-revision-diffs-2026-09-27/REPORT.md,"[{""name"":""Charon"",""identity"":{""repository"":""AeneasVerif/charon"",""revision"":""0c91ca1a8e002d6bfa8d8f1f452804fce2f92cf1"",""release"":""nightly-2026.06.03""}},{""name"":""Aeneas"",""identity"":{""repository"":""AeneasVerif/aeneas"",""revision"":""ac9f1bc5262a5e4ff1e24ca78617121382202727"",""release"":""nightly-2026.06.03"",""binary_sha256"":""f476001e1a8e8c5cb1d8a621a25716d8e15f0809c8a023c5349357acc0911d03""}},{""name"":""rustc"",""identity"":{""repository"":""rust-lang/rust"",""revision"":""f8a08b688cbe60acc386ed1fbd1b7cbaaf5576b1"",""version"":""1.98.0-nightly""}}]"
R369,newer_version_recheck,Charon 0.1.210 + Rust nightly-2026-05-31,Charon multi-target and multi-primary Cargo behavior at 0.1.210,"At AeneasVerif/charon@a535e914f74db4fd9e6be7048f4233270d8945c0 (0.1.210), two different multiplicities must be kept separate.",Charon multi-target translation and merge implementation,False,Empirical or source-backed behavior depends on the named toolchain pin.,Charon nightly-2026.09.30 (2804f2d) with its pinned Rust nightly-2026-09-17; Aeneas paired lane separately.,reports/charon-multi-target-cargo-behavior-0-1-210/REPORT.json,reports/charon-multi-target-cargo-behavior-0-1-210/REPORT.md,"[{""name"":""Charon multi-target translation and merge implementation"",""identity"":{""repository"":""AeneasVerif/charon"",""revision"":""a535e914f74db4fd9e6be7048f4233270d8945c0"",""version"":""0.1.210""}}]"
R370,newer_version_recheck,Charon nightly-2026.06.03 + paired Rust/Aeneas,Charon opacity and opaque-definition semantics at 0.1.210,"At AeneasVerif/charon@a535e914f74db4fd9e6be7048f4233270d8945c0 (0.1.210), --opaque is an extraction-boundary control, not a semantic model. For functions and globals, an opaque item retains its name/signature but Charon does not translate its body. For structs/enums/unions, opacity hides fields or variants. For modules, opacity stops module-content traversal, though a nested item referenced from elsewhere can still be reached and translated according to that nested item's own",Charon pinned by Aeneas; Aeneas selected by Anneal,False,Empirical or source-backed behavior depends on the named toolchain pin.,Aeneas nightly-2026.09.30-0855ce1 with its paired Charon e435e5f and Lean 4.31.0; separate standalone Charon comparison.,reports/charon-opaque-nightly-2026-06-03/REPORT.json,reports/charon-opaque-nightly-2026-06-03/REPORT.md,"[{""name"":""Charon pinned by Aeneas"",""identity"":{""repository"":""AeneasVerif/charon"",""revision"":""a535e914f74db4fd9e6be7048f4233270d8945c0"",""version"":""0.1.210"",""rust-toolchain"":""nightly-2026-05-31""}},{""name"":""Aeneas selected by Anneal"",""identity"":{""repository"":""AeneasVerif/aeneas"",""revision"":""ac9f1bc5262a5e4ff1e24ca78617121382202727"",""release"":""nightly-2026.06.03""}}]"
R371,newer_version_recheck,Charon nightly-2026.06.03 + paired Rust/Aeneas,Charon scaling and revision-diff execution probes,"On one macOS arm64 host, Charon 0.1.210 extracted generated Rust crates containing 10, 100, and 1,000 independent small functions, and selected 1, 10, 100, and 1,000 roots from the same 1,000-function crate. All commands completed with haserrors: false; output size grew with selected declaration count. A matched three-function fixture run under Charon 0.1.208 and 0.1.210 produced equal schema-aware LLBC projections after excluding the destination path and canonicalizing only ",Charon June 3 release/source; Charon June 2 release/source,False,Empirical or source-backed behavior depends on the named toolchain pin.,Aeneas nightly-2026.09.30-0855ce1 with its paired Charon e435e5f and Lean 4.31.0; separate standalone Charon comparison.,reports/charon-performance-and-revision-probes-2026-09-28/REPORT.json,reports/charon-performance-and-revision-probes-2026-09-28/REPORT.md,"[{""name"":""Charon June 3 release/source"",""identity"":{""repository"":""charon-lang/charon"",""revision"":""0c91ca1a8e002d6bfa8d8f1f452804fce2f92cf1"",""version"":""0.1.210"",""binary_sha256"":""51bb6d23beab3f97a684c25162d3e402fc820c891b57b21d2ca781c1da211a8b""}},{""name"":""Charon June 2 release/source"",""identity"":{""repository"":""charon-lang/charon"",""revision"":""6101d742777bf9f9b48979ac1ad4d2c07dfe10db"",""binary_sha256"":""094ba2dc1d23f82be5ad2bb378e94ce8c66ca9d13c551edfeb8597b392558272""}}]"
R372,newer_version_recheck,Charon 0.1.210 + Rust nightly-2026-05-31,Charon raw pointers and unsafe-operation preservation at 0.1.210,"At AeneasVerif/charon@a535e914f74db4fd9e6be7048f4233270d8945c0 (0.1.210), raw pointers are first-class semantic values. Charon preserves raw-pointer pointee type and const/mut distinction, raw-borrow construction, raw-pointer dereference through places, pointer offset operations, fat-pointer metadata, raw-parts construction, and function-signature unsafety. Its checked-in outputs demonstrate those forms on the exact revision.",Charon raw-pointer and unsafe-operation representation,False,Empirical or source-backed behavior depends on the named toolchain pin.,Charon nightly-2026.09.30 (2804f2d) with its pinned Rust nightly-2026-09-17; Aeneas paired lane separately.,reports/charon-raw-pointers-unsafe-operations-0-1-210/REPORT.json,reports/charon-raw-pointers-unsafe-operations-0-1-210/REPORT.md,"[{""name"":""Charon raw-pointer and unsafe-operation representation"",""identity"":{""repository"":""AeneasVerif/charon"",""revision"":""a535e914f74db4fd9e6be7048f4233270d8945c0"",""version"":""0.1.210"",""rust-toolchain"":""nightly-2026-05-31""}}]"
R373,newer_version_recheck,Charon 0.1.210 + Rust nightly-2026-05-31,Charon release upgrade checklist for Anneal,"Changing Anneal's Charon revision is not a version-string substitution. At the current baseline, Anneal selects Aeneas nightly-2026.06.03, whose source resolves to AeneasVerif/aeneas@ac9f1bc5262a5e4ff1e24ca78617121382202727. That Aeneas revision pins AeneasVerif/charon@a535e914f74db4fd9e6be7048f4233270d8945c0; Charon reports package version 0.1.210 and pins Rust nightly-2026-05-31. Aeneas's release construction copies charon, charon-driver, and Charon's rust-toolchain from th",Charon pinned by Aeneas nightly-2026.06.03; Aeneas release selecting the Charon baseline; Anneal authority instantiating the checklist,False,Empirical or source-backed behavior depends on the named toolchain pin.,Charon nightly-2026.09.30 (2804f2d) with its pinned Rust nightly-2026-09-17; Aeneas paired lane separately.,reports/charon-release-upgrade-checklist-0-1-210/REPORT.json,reports/charon-release-upgrade-checklist-0-1-210/REPORT.md,"[{""name"":""Charon pinned by Aeneas nightly-2026.06.03"",""identity"":{""repository"":""AeneasVerif/charon"",""revision"":""a535e914f74db4fd9e6be7048f4233270d8945c0"",""version"":""0.1.210""}},{""name"":""Aeneas release selecting the Charon baseline"",""identity"":{""repository"":""AeneasVerif/aeneas"",""revision"":""ac9f1bc5262a5e4ff1e24ca78617121382202727"",""release"":""nightly-2026.06.03""}},{""name"":""Anneal authority instantiating the checklist"",""identity"":{""repository"":""google/zerocopy"",""revision"":""41f5b37afe7060fd9fe08c00b200672cd76d77b9""}}]"
R374,newer_version_recheck,Charon 0.1.210 + Rust nightly-2026-05-31,Charon serialization compatibility and `charon_lib` boundary at 0.1.210,"At AeneasVerif/charon@a535e914f74db4fd9e6be7048f4233270d8945c0 (0.1.210), serialized ULLBC and LLBC are deliberately version-gated rather than advertised as a generally forward- or backward-compatible wire protocol. Both representations use the same top-level CrateData envelope. It contains Charon's package version, the TranslatedCrate, and a haserrors bit. The Rust JSON/Postcard reader and the generated OCaml readers reject a file whose embedded Charon version differs from t",Charon pinned by Aeneas nightly-2026.06.03; Charon nightly-2026.06.03 comparison revision,False,Empirical or source-backed behavior depends on the named toolchain pin.,Charon nightly-2026.09.30 (2804f2d) with its pinned Rust nightly-2026-09-17; Aeneas paired lane separately.,reports/charon-serialization-compatibility-api-0-1-210/REPORT.json,reports/charon-serialization-compatibility-api-0-1-210/REPORT.md,"[{""name"":""Charon pinned by Aeneas nightly-2026.06.03"",""identity"":{""repository"":""AeneasVerif/charon"",""revision"":""a535e914f74db4fd9e6be7048f4233270d8945c0"",""version"":""0.1.210""}},{""name"":""Charon nightly-2026.06.03 comparison revision"",""identity"":{""repository"":""AeneasVerif/charon"",""revision"":""0c91ca1a8e002d6bfa8d8f1f452804fce2f92cf1"",""version"":""0.1.210""}}]"
R375,newer_version_recheck,Charon nightly-2026.06.03 + paired Rust/Aeneas,Charon `--start-from` selection and reachability at 0.1.210,"At AeneasVerif/charon@a535e914f74db4fd9e6be7048f4233270d8945c0 (Charon 0.1.210), --start-from changes the entry points of Charon's translation, not the opacity policy of the selected items and not merely the set of names printed at the end. Charon resolves each configured start pattern to compiler definitions, enqueues those definitions, and then performs the same dependency-driven translation used by the default whole-crate entry point. While translating a transparent item, ",Charon pinned by Aeneas,False,Empirical or source-backed behavior depends on the named toolchain pin.,Aeneas nightly-2026.09.30-0855ce1 with its paired Charon e435e5f and Lean 4.31.0; separate standalone Charon comparison.,reports/charon-start-from-nightly-2026-06-03/REPORT.json,reports/charon-start-from-nightly-2026-06-03/REPORT.md,"[{""name"":""Charon pinned by Aeneas"",""identity"":{""repository"":""AeneasVerif/charon"",""revision"":""a535e914f74db4fd9e6be7048f4233270d8945c0"",""version"":""0.1.210"",""rust-toolchain"":""nightly-2026-05-31""}}]"
R376,newer_version_recheck,Charon nightly-2026.06.03 + paired Rust/Aeneas,"Charon support, failure modes, and known semantic hazards at Aeneas nightly-2026.06.03","At AeneasVerif/charon@a535e914f74db4fd9e6be7048f4233270d8945c0, the Charon revision pinned by Aeneas nightly-2026.06.03, Charon's support boundary is not a simple supported/unsupported feature list. The pinned source has three materially different failure classes:",Aeneas-bundled Charon support and failure behavior; Paired Aeneas LLBC consumer,False,Empirical or source-backed behavior depends on the named toolchain pin.,Aeneas nightly-2026.09.30-0855ce1 with its paired Charon e435e5f and Lean 4.31.0; separate standalone Charon comparison.,reports/charon-support-and-unsoundness-nightly-2026-06-03/REPORT.json,reports/charon-support-and-unsoundness-nightly-2026-06-03/REPORT.md,"[{""name"":""Aeneas-bundled Charon support and failure behavior"",""identity"":{""repository"":""AeneasVerif/charon"",""revision"":""a535e914f74db4fd9e6be7048f4233270d8945c0"",""version"":""0.1.210""}},{""name"":""Paired Aeneas LLBC consumer"",""identity"":{""repository"":""AeneasVerif/aeneas"",""revision"":""ac9f1bc5262a5e4ff1e24ca78617121382202727"",""release"":""nightly-2026.06.03""}}]"
R377,newer_version_recheck,Charon 0.1.210 + Rust nightly-2026-05-31,Charon toolchain contract at 0.1.210,"At AeneasVerif/charon@a535e914f74db4fd9e6be7048f4233270d8945c0 (0.1.210), the rustc-facing Charon executable is deliberately coupled to one Rust nightly: nightly-2026-05-31. The repository records that channel in charon/rust-toolchain, and the charon wrapper embeds the complete file into its binary with includestr!. Normal non-Nix execution therefore does not ask the user's default rustc which version to use: it runs Cargo, rustc queries, and charon-driver through rustup run ",Charon pinned by Aeneas,False,Empirical or source-backed behavior depends on the named toolchain pin.,Charon nightly-2026.09.30 (2804f2d) with its pinned Rust nightly-2026-09-17; Aeneas paired lane separately.,reports/charon-toolchain-contract-0-1-210/REPORT.json,reports/charon-toolchain-contract-0-1-210/REPORT.md,"[{""name"":""Charon pinned by Aeneas"",""identity"":{""repository"":""AeneasVerif/charon"",""revision"":""a535e914f74db4fd9e6be7048f4233270d8945c0"",""version"":""0.1.210""}}]"
R378,newer_version_recheck,Charon nightly-2026.06.03 + paired Rust/Aeneas,Charon Rust toolchain requirements at Aeneas nightly-2026.06.03,"The Charon binary bundled by Aeneas nightly-2026.06.03 is built from AeneasVerif/charon@a535e914f74db4fd9e6be7048f4233270d8945c0, and that exact Charon source pins Rust nightly-2026-05-31. The coupling is not merely documentation: charon/src/bin/charon/toolchain.rs embeds charon/rust-toolchain into the wrapper binary with includestr!, and charon-driver uses unstable rustcprivate APIs and dynamically links rustc libraries. Charon therefore has an exact compiler-toolchain depen",Charon pinned by Aeneas nightly-2026.06.03; Charon nightly-2026.06.03 tag; Aeneas nightly-2026.06.03; Anneal source; Rust compiler behind nightly-2026-05-31,False,Empirical or source-backed behavior depends on the named toolchain pin.,Aeneas nightly-2026.09.30-0855ce1 with its paired Charon e435e5f and Lean 4.31.0; separate standalone Charon comparison.,reports/charon-toolchain-requirements-nightly-2026-06-03/REPORT.json,reports/charon-toolchain-requirements-nightly-2026-06-03/REPORT.md,"[{""name"":""Charon pinned by Aeneas nightly-2026.06.03"",""identity"":{""repository"":""AeneasVerif/charon"",""revision"":""a535e914f74db4fd9e6be7048f4233270d8945c0"",""version"":""0.1.210"",""rust-toolchain"":""nightly-2026-05-31""}},{""name"":""Charon nightly-2026.06.03 tag"",""identity"":{""repository"":""AeneasVerif/charon"",""revision"":""0c91ca1a8e002d6bfa8d8f1f452804fce2f92cf1"",""version"":""0.1.210"",""rust-toolchain"":""nightly-2026-06-01""}},{""name"":""Aeneas nightly-2026.06.03"",""identity"":{""repository"":""AeneasVerif/aeneas"",""revision"":""ac9f1bc5262a5e4ff1e24ca78617121382202727"",""release"":""nightly-2026.06.03""}},{""name"":""Anneal source"",""identity"":{""repository"":""google/zerocopy"",""revision"":""41f5b37afe7060fd9fe08c00b200672cd76d77b9""}},{""name"":""Rust compiler behind nightly-2026-05-31"",""identity"":{""repository"":""rust-lang/rust"",""revision"":""14210df0e27ccd7d9e6a05b8085cbd438e4bbc65"",""toolchain"":""nightly-2026-05-31""}}]"
R379,newer_version_recheck,Charon nightly-2026.06.03 + paired Rust/Aeneas,"Charon traits, generics, and where-clauses at 0.1.210","At AeneasVerif/charon@a535e914f74db4fd9e6be7048f4233270d8945c0 (0.1.210), traits and generic constraints are represented as explicit semantic data rather than being left as source syntax or delegated to a downstream trait solver. A declaration's GenericParams separately records region, type, and const parameters; trait clauses; region-outlives and type-outlives predicates; and associated-type equality constraints. Generic arguments mirror those parameter classes and additiona",Charon trait and generic representation,False,Empirical or source-backed behavior depends on the named toolchain pin.,Aeneas nightly-2026.09.30-0855ce1 with its paired Charon e435e5f and Lean 4.31.0; separate standalone Charon comparison.,reports/charon-traits-generics-nightly-2026-06-03/REPORT.json,reports/charon-traits-generics-nightly-2026-06-03/REPORT.md,"[{""name"":""Charon trait and generic representation"",""identity"":{""repository"":""AeneasVerif/charon"",""revision"":""a535e914f74db4fd9e6be7048f4233270d8945c0"",""version"":""0.1.210"",""rust-toolchain"":""nightly-2026-05-31""}}]"
R380,newer_version_recheck,Charon nightly-2026.06.03 + paired Rust/Aeneas,Charon ULLBC and LLBC schema at Aeneas nightly-2026.06.03,"At AeneasVerif/charon@a535e914f74db4fd9e6be7048f4233270d8945c0, the Charon revision pinned by Aeneas nightly-2026.06.03, Charon's exported crate is substantially richer than a list of function bodies. A TranslatedCrate contains target information, files and spans, stable-in-file item IDs and names, type/function/global declarations, trait declarations and implementations, and a reordered declaration graph. Function/global bodies share a MIR-derived expression/type vocabulary ",Charon pinned by Aeneas; Aeneas release selecting Charon; Anneal configuration,False,Empirical or source-backed behavior depends on the named toolchain pin.,Aeneas nightly-2026.09.30-0855ce1 with its paired Charon e435e5f and Lean 4.31.0; separate standalone Charon comparison.,reports/charon-ullbc-llbc-schema-nightly-2026-06-03/REPORT.json,reports/charon-ullbc-llbc-schema-nightly-2026-06-03/REPORT.md,"[{""name"":""Charon pinned by Aeneas"",""identity"":{""repository"":""AeneasVerif/charon"",""revision"":""a535e914f74db4fd9e6be7048f4233270d8945c0"",""version"":""0.1.210""}},{""name"":""Aeneas release selecting Charon"",""identity"":{""repository"":""AeneasVerif/aeneas"",""revision"":""ac9f1bc5262a5e4ff1e24ca78617121382202727"",""release"":""nightly-2026.06.03""}},{""name"":""Anneal configuration"",""identity"":{""repository"":""google/zerocopy"",""revision"":""41f5b37afe7060fd9fe08c00b200672cd76d77b9""}}]"
R381,newer_version_recheck,Charon 0.1.210 + Rust nightly-2026-05-31,Charon unions at 0.1.210,"At AeneasVerif/charon@a535e914f74db4fd9e6be7048f4233270d8945c0 (0.1.210), Charon has a first-class union type declaration and preserves the field involved in ordinary runtime union construction and field access. A transparent Rust union becomes TypeDeclKind::Union(fields). Constructing U { field: value } becomes AggregateKind::Adt(typeref, None, Some(fieldid)); projecting u.field uses the ordinary ADT field-projection node with the union's TypeDeclId and no enum variant. The ",Charon union representation and translation,False,Empirical or source-backed behavior depends on the named toolchain pin.,Charon nightly-2026.09.30 (2804f2d) with its pinned Rust nightly-2026-09-17; Aeneas paired lane separately.,reports/charon-unions-0-1-210/REPORT.json,reports/charon-unions-0-1-210/REPORT.md,"[{""name"":""Charon union representation and translation"",""identity"":{""repository"":""AeneasVerif/charon"",""revision"":""a535e914f74db4fd9e6be7048f4233270d8945c0"",""version"":""0.1.210"",""rust-toolchain"":""nightly-2026-05-31""}}]"
R382,newer_version_recheck,Charon nightly-2026.06.03 + paired Rust/Aeneas,Charon repeat extraction of the zerocopy library,"Three serial, offline Charon 0.1.210 runs on the real zerocopy --lib target produced equal-length LLBC with different raw SHA-256 hashes. The only differences found were the requested output filename in options.destfile and the order of 17,903 shortnames entries. The entries had unique keys and an identical key/value multiset. After removing that one array and normalizing the one run-specific output path, every remaining LLBC byte matched across all three runs.",google/zerocopy library source; Pinned Charon/Cargo/rustc toolchain; Aeneas short-name importer source,False,Empirical or source-backed behavior depends on the named toolchain pin.,Aeneas nightly-2026.09.30-0855ce1 with its paired Charon e435e5f and Lean 4.31.0; separate standalone Charon comparison.,reports/charon-zerocopy-library-repeat-order-nightly-2026-05-31/REPORT.json,reports/charon-zerocopy-library-repeat-order-nightly-2026-05-31/REPORT.md,"[{""name"":""google/zerocopy library source"",""identity"":{""repository"":""google/zerocopy"",""revision"":""bd0956be95c5f798f0c0484921b9b9d1fc6e9988"",""subtree_git_oid"":""574add5aabfa15dd2d16a4646f01f6f944d124d8""}},{""name"":""Pinned Charon/Cargo/rustc toolchain"",""identity"":{""charon_repository"":""AeneasVerif/charon"",""charon_revision"":""0c91ca1a8e002d6bfa8d8f1f452804fce2f92cf1"",""charon_binary_sha256"":""51bb6d23beab3f97a684c25162d3e402fc820c891b57b21d2ca781c1da211a8b"",""cargo_binary_sha256"":""71d7b3f81809731f3c95737386b0056cf0a335dd1e3dcb42ac4e3d81599480b1"",""rustc_binary_sha256"":""2ab7af1ea2ec5c69195fd8dfb0e1f91afdb7cc1e53127bba416616ce43a18dbc""}},{""name"":""Aeneas short-name importer source"",""identity"":{""repository"":""AeneasVerif/aeneas"",""revision"":""ac9f1bc5262a5e4ff1e24ca78617121382202727"",""src_Main_ml_git_oid"":""b3f373f8c449eeae0f9a50bb0ce2d2963903eddc""}}]"
R383,source_revision_recheck,clangd source ded546ad82656ce6605ee2f2aa60c78dec70d95f,"clangd authority and freshness: incomplete code, preambles, indexing, and scheduling",clangd does not converge on one global notion of “ready.” Its mature architecture assigns different freshness and authority rules to different operations. The compile command determines which language and build model the parser is approximating; a fallback command is explicitly unreliable. A normal AST request is fenced to the document version tracked when the request was scheduled. Code completion deliberately uses a fresh parse of the current incomplete buffer with a potent,clangd current implementation; clangd current design documentation; clangd preamble storage tradeoff; clangd background indexing thread-pool design; clangd TUScheduler cancellation policy; clangd update-invalidated request policy; clangd asynchronous preamble indexing change and design discussion,True,Main report includes present-tense implementation behavior at named upstream source revision; compare current source for that component.,Compare named pinned source against the newer upstream source revision; preserve historical claims. Exact current tip/release requires per-repository verification.,reports/clangd-authority-freshness-2017-2026/REPORT.json,reports/clangd-authority-freshness-2017-2026/REPORT.md,"[{""name"":""clangd current implementation"",""identity"":{""repository"":""llvm/llvm-project"",""revision"":""ded546ad82656ce6605ee2f2aa60c78dec70d95f""}},{""name"":""clangd current design documentation"",""identity"":{""repository"":""llvm/clangd-www"",""revision"":""ae5866d4552e30a173b8e9c3cec872a82e4c0120""}},{""name"":""clangd preamble storage tradeoff"",""identity"":{""repository"":""llvm/llvm-project"",""revision"":""e9eb7f0cb815641827fa3d031c38190c10900c14"",""differential"":""D39843""}},{""name"":""clangd background indexing thread-pool design"",""identity"":{""repository"":""llvm/llvm-project"",""revision"":""6675be87477395658f6d3859b028ab8dee81ba19"",""differential"":""D53651""}},{""name"":""clangd TUScheduler cancellation policy"",""identity"":{""repository"":""llvm/llvm-project"",""revision"":""a2b048bc4bdf9320249d0ff512fab6f16c2e6e47"",""differential"":""D54746""}},{""name"":""clangd update-invalidated request policy"",""identity"":{""repository"":""llvm/llvm-project"",""revision"":""c627b120eb8b7add3f9cf893721335c367d9f037"",""differential"":""D75602""}},{""name"":""clangd asynchronous preamble indexing change and design discussion"",""identity"":{""repository"":""llvm/llvm-project"",""revision"":""a8ad413f0d18c07a4adaa0d547e0096874d809c5"",""differential"":""D148088""}}]"
R384,incidental_or_citation,No pinned-software conclusion requiring a newer-version rerun,"Compatibility-constrained rewrites: zCore, reL4, Theseus, and Anneal","A rewrite can preserve an external contract without preserving the old implementation, and it can preserve implementation continuity without freezing the final architecture. zCore, reL4, and Theseus make those dimensions visible because they chose different points in that design space.",Anneal current redesign; Anneal historical V1 prototype; zCore; reL4 kernel incremental-rewrite snapshot; reL4 2024 project report; Theseus OS; Theseus OSDI 2020 paper,True,"Historical/theoretical architectural conclusion; named revisions establish citations or Anneal applicability, not an exclusive at-pin software behavior.",No newer-version comparison for the main conclusion.,reports/compatibility-constrained-rewrites-zcore-rel4-theseus-anneal/REPORT.json,reports/compatibility-constrained-rewrites-zcore-rel4-theseus-anneal/REPORT.md,"[{""name"":""Anneal current redesign"",""identity"":{""repository"":""google/zerocopy"",""revision"":""cc135f46155b72e4b51188525c2974a3b84acf92"",""path"":""anneal/""}},{""name"":""Anneal historical V1 prototype"",""identity"":{""repository"":""google/zerocopy"",""revision"":""cc135f46155b72e4b51188525c2974a3b84acf92"",""path"":""anneal/v1/""}},{""name"":""zCore"",""identity"":{""repository"":""rcore-os/zCore"",""revision"":""8de51f4ee053bcaaf435897febf648bcb4d45479""}},{""name"":""reL4 kernel incremental-rewrite snapshot"",""identity"":{""repository"":""rel4team/rel4_kernel"",""revision"":""da74b45b69c89d9e6f43161006f3b586fda41107""}},{""name"":""reL4 2024 project report"",""identity"":{""repository"":""oscomp/first-prize-osf2024-StarryOS-yyds"",""revision"":""9dc90edc02e78ae79e647e1d1a4200c7cdf85afe"",""path"":""doc/2024_OSCOMP_final.md""}},{""name"":""Theseus OS"",""identity"":{""repository"":""theseus-os/Theseus"",""revision"":""1fbfe567075a65ed749b6680db1aeb538819c70c""}},{""name"":""Theseus OSDI 2020 paper"",""identity"":{""publication"":""Theseus: an Experiment in Operating System Structure and State Management"",""venue"":""OSDI 2020"",""url"":""https://www.usenix.org/conference/osdi20/presentation/boos""}}]"
R385,incidental_or_citation,No pinned-software conclusion requiring a newer-version rerun,Concurrency and memory-model verification approaches,Concurrent verification has at least four separate layers that must not be collapsed into one claim:,Rust atomics memory model selected by the Anneal-era toolchain; Relaxed Separation Logic; Strong Logic for Weak Memory; GenMC: A Model Checker for Weak Memory Models; RustMC: Automated Verification of Real-World Concurrent Rust,False,"Main conclusion is an audit, general model, history, standard, or contextual evidence; software versions identify provenance only.",No newer-version comparison for the main conclusion.,reports/concurrency-memory-model-verification-approaches-2013-2026/REPORT.json,reports/concurrency-memory-model-verification-approaches-2013-2026/REPORT.md,"[{""name"":""Rust atomics memory model selected by the Anneal-era toolchain"",""identity"":{""repository"":""rust-lang/rust"",""revision"":""14210df0e27ccd7d9e6a05b8085cbd438e4bbc65"",""path"":""library/core/src/sync/atomic.rs"",""toolchain-date"":""2026-05-31""}},{""name"":""Relaxed Separation Logic"",""identity"":{""doi"":""10.1145/2509136.2509532"",""publication"":""OOPSLA 2013"",""year"":""2013""}},{""name"":""Strong Logic for Weak Memory"",""identity"":{""doi"":""10.4230/LIPIcs.ECOOP.2017.17"",""publication"":""ECOOP 2017"",""year"":""2017""}},{""name"":""GenMC: A Model Checker for Weak Memory Models"",""identity"":{""doi"":""10.1007/978-3-030-81685-8_20"",""publication"":""CAV 2021"",""year"":""2021""}},{""name"":""RustMC: Automated Verification of Real-World Concurrent Rust"",""identity"":{""doi"":""10.1007/978-3-032-28187-6_14"",""publication"":""FORTE 2026"",""year"":""2026""}}]"
R386,source_revision_recheck,SerAPI 6196f9f5 + Rocq LSP/Flèche 2e0c43c3,"Coq/Rocq document processing: STM, SerAPI, Flèche, and semantic-service boundaries","Coq/Rocq's interactive architecture evolved through three distinct layers that are easy to collapse into one story: a prover-internal document model, a machine-facing protocol over that model, and a later reusable incremental document engine. Their differences matter more to Anneal than the shared fact that each can sit behind an editor or client.",Coq State Transaction Machine and asynchronous document processing; SerAPI document-control and serialization interface; Rocq LSP and Flèche document engine; Anneal design contract used for applicability analysis,True,Main report includes present-tense implementation behavior at named upstream source revision; compare current source for that component.,Compare named pinned source against the newer upstream source revision; preserve historical claims. Exact current tip/release requires per-repository verification.,reports/coq-rocq-stm-serapi-fleche-architecture-2013-2026/REPORT.json,reports/coq-rocq-stm-serapi-fleche-architecture-2013-2026/REPORT.md,"[{""name"":""Coq State Transaction Machine and asynchronous document processing"",""identity"":{""publication"":""Barras, Tankink, Tassi, Asynchronous Processing of Coq Documents: From the Kernel up to the User Interface"",""arxiv"":""1506.05605"",""doi"":""10.1007/978-3-319-22102-1_4"",""year"":""2015""}},{""name"":""SerAPI document-control and serialization interface"",""identity"":{""repository"":""rocq-archive/coq-serapi"",""revision"":""6196f9f572ef9dd3749b885cabce7a57406cedb9""}},{""name"":""Rocq LSP and Flèche document engine"",""identity"":{""repository"":""rocq-community/rocq-lsp"",""revision"":""2e0c43c34af6d6cad272ca2b8c4a417fe780bfbe""}},{""name"":""Anneal design contract used for applicability analysis"",""identity"":{""repository"":""google/zerocopy"",""revision"":""cc135f46155b72e4b51188525c2974a3b84acf92"",""paths"":""anneal/PRINCIPLES.md;anneal/DESIGN.md""}}]"
R387,newer_version_recheck,Rust nightly-2026-05-31 / Charon June 2026 / Lean 4.30.0-rc2 bundle,Diagnostic path normalization and relocation across the Anneal toolchain,"At the revisions selected by Anneal, diagnostic paths are not one shared cross-tool identifier. Rustc, Charon, Aeneas, Lean batch mode, and Lean LSP each choose paths for different purposes, and relocation can change some of them without changing the source program.",Rust compiler selected by Charon nightly-2026-05-31; Charon selected by Aeneas nightly-2026.06.03; Aeneas selected by Anneal; Lean selected by Anneal,False,Empirical or source-backed behavior depends on the named toolchain pin.,Charon nightly-2026.09.30 (2804f2d) with its pinned Rust nightly-2026-09-17; Aeneas paired lane separately.,reports/cross-tool-diagnostic-path-normalization-2026-09-27/REPORT.json,reports/cross-tool-diagnostic-path-normalization-2026-09-27/REPORT.md,"[{""name"":""Rust compiler selected by Charon nightly-2026-05-31"",""identity"":{""repository"":""rust-lang/rust"",""revision"":""f8a08b688cbe60acc386ed1fbd1b7cbaaf5576b1"",""toolchain"":""nightly-2026-05-31""}},{""name"":""Charon selected by Aeneas nightly-2026.06.03"",""identity"":{""repository"":""AeneasVerif/charon"",""revision"":""a535e914f74db4fd9e6be7048f4233270d8945c0"",""version"":""0.1.210""}},{""name"":""Aeneas selected by Anneal"",""identity"":{""repository"":""AeneasVerif/aeneas"",""revision"":""ac9f1bc5262a5e4ff1e24ca78617121382202727"",""release"":""nightly-2026.06.03""}},{""name"":""Lean selected by Anneal"",""identity"":{""repository"":""leanprover/lean4"",""revision"":""3dc1a088b6d2d8eafe25a7cd7ec7b58d731bd7cc"",""version"":""v4.30.0-rc2""}}]"
R388,newer_version_recheck,Rust nightly-2026-05-31 / Charon June 2026 / Lean 4.30.0-rc2 bundle,Multibyte UTF-8 span and column behavior across Anneal's Rust → Charon → Aeneas → Lean toolchain,"The Anneal-selected toolchain does not use one common meaning for a source “column.” At the exact selected revisions, at least four coordinate systems matter:",Rust compiler selected by Charon 0.1.210; Charon selected by Aeneas nightly-2026.06.03; Aeneas selected by Anneal; Lean selected by Aeneas,False,Empirical or source-backed behavior depends on the named toolchain pin.,Charon nightly-2026.09.30 (2804f2d) with its pinned Rust nightly-2026-09-17; Aeneas paired lane separately.,reports/cross-tool-utf8-span-columns-2026-09-27/REPORT.json,reports/cross-tool-utf8-span-columns-2026-09-27/REPORT.md,"[{""name"":""Rust compiler selected by Charon 0.1.210"",""identity"":{""repository"":""rust-lang/rust"",""revision"":""f8a08b688cbe60acc386ed1fbd1b7cbaaf5576b1"",""toolchain"":""nightly-2026-05-31""}},{""name"":""Charon selected by Aeneas nightly-2026.06.03"",""identity"":{""repository"":""AeneasVerif/charon"",""revision"":""a535e914f74db4fd9e6be7048f4233270d8945c0"",""version"":""0.1.210""}},{""name"":""Aeneas selected by Anneal"",""identity"":{""repository"":""AeneasVerif/aeneas"",""revision"":""ac9f1bc5262a5e4ff1e24ca78617121382202727"",""release"":""nightly-2026.06.03""}},{""name"":""Lean selected by Aeneas"",""identity"":{""repository"":""leanprover/lean4"",""revision"":""3dc1a088b6d2d8eafe25a7cd7ec7b58d731bd7cc"",""version"":""v4.30.0-rc2""}}]"
R389,source_revision_recheck,Dafny 5f717bf4 + Boogie fcecf73a + Viper da1c8993/6ceff8be,Dafny/Boogie and Viper: verification conditions as an architectural boundary,"Dafny/Boogie and Viper both separate source-language reasoning from backend proof search, but they expose different useful units at different layers. Boogie is deliberately an intermediate verification language: frontends translate source semantics into Boogie, and Boogie generates verification conditions for an SMT solver. Viper makes the same architectural move with Silver, then supports two materially different backends: Carbon generates verification conditions, while Sili",Dafny verifier and Dafny-to-Boogie translation; Boogie intermediate verification language and verifier; Viper Silver error and result interface; Viper Silicon symbolic-execution backend; Viper Carbon verification-condition backend; ViperServer verification service boundary; Anneal design contract,True,Main report includes present-tense implementation behavior at named upstream source revision; compare current source for that component.,Compare named pinned source against the newer upstream source revision; preserve historical claims. Exact current tip/release requires per-repository verification.,reports/dafny-boogie-viper-obligation-boundaries-2005-2026/REPORT.json,reports/dafny-boogie-viper-obligation-boundaries-2005-2026/REPORT.md,"[{""name"":""Dafny verifier and Dafny-to-Boogie translation"",""identity"":{""repository"":""dafny-lang/dafny"",""revision"":""5f717bf447b19d38cad1b69b1bf9a9f102feccfb"",""path"":""Source/DafnyCore/Verifier/BoogieGenerator.cs""}},{""name"":""Boogie intermediate verification language and verifier"",""identity"":{""repository"":""boogie-org/boogie"",""revision"":""fcecf73a49d11ad3ab16729abd03169e5ecfd938"",""path"":""README.md""}},{""name"":""Viper Silver error and result interface"",""identity"":{""repository"":""viperproject/silver"",""revision"":""da1c8993b66feb39976e3609e2580a4661137a0f"",""path"":""src/main/scala/viper/silver/verifier/VerificationResult.scala""}},{""name"":""Viper Silicon symbolic-execution backend"",""identity"":{""repository"":""viperproject/silicon"",""revision"":""6ceff8be6ba55d858b7d018fdfeb866b7e8aa0ed"",""path"":""README.md""}},{""name"":""Viper Carbon verification-condition backend"",""identity"":{""repository"":""viperproject/carbon"",""revision"":""6421cfda16d35f37cb9a7966f04fcd2d96abdda2"",""path"":""README.md""}},{""name"":""ViperServer verification service boundary"",""identity"":{""repository"":""viperproject/viperserver"",""revision"":""4cc5bbbe18d4a83e4b398da3904ba9696256611b"",""path"":""README.md""}},{""name"":""Anneal design contract"",""identity"":{""repository"":""google/zerocopy"",""revision"":""cc135f46155b72e4b51188525c2974a3b84acf92"",""path"":""anneal/DESIGN.md""}}]"
R390,newer_version_recheck,Rust nightly-2026-05-31 / Charon June 2026 / Lean 4.30.0-rc2 bundle,Stable diagnostic width and format controls in the Anneal toolchain,The Anneal-selected Rust and Lean toolchains expose very different notions of “stable diagnostic formatting.”,Rust compiler selected by Anneal-era Charon; Charon pinned by Aeneas nightly-2026.06.03; Lean selected by Anneal; Current Anneal authority used for applicability,False,Empirical or source-backed behavior depends on the named toolchain pin.,Charon nightly-2026.09.30 (2804f2d) with its pinned Rust nightly-2026-09-17; Aeneas paired lane separately.,reports/diagnostic-format-controls-nightly-2026-05-31-v4-30-0-rc2/REPORT.json,reports/diagnostic-format-controls-nightly-2026-05-31-v4-30-0-rc2/REPORT.md,"[{""name"":""Rust compiler selected by Anneal-era Charon"",""identity"":{""repository"":""rust-lang/rust"",""revision"":""14210df0e27ccd7d9e6a05b8085cbd438e4bbc65"",""toolchain-date"":""nightly-2026-05-31""}},{""name"":""Charon pinned by Aeneas nightly-2026.06.03"",""identity"":{""repository"":""AeneasVerif/charon"",""revision"":""a535e914f74db4fd9e6be7048f4233270d8945c0"",""version"":""0.1.210""}},{""name"":""Lean selected by Anneal"",""identity"":{""repository"":""leanprover/lean4"",""revision"":""3dc1a088b6d2d8eafe25a7cd7ec7b58d731bd7cc"",""version"":""v4.30.0-rc2""}},{""name"":""Current Anneal authority used for applicability"",""identity"":{""repository"":""google/zerocopy"",""revision"":""41f5b37afe7060fd9fe08c00b200672cd76d77b9""}}]"
R391,incidental_or_citation,No pinned-software conclusion requiring a newer-version rerun,Early cutoff: equality is relative to a consumer,"Early cutoff is sound only when “unchanged” means unchanged for the downstream observation that is being skipped. There is no useful global equality relation that simultaneously captures source identity, compiler semantics, generated model semantics, diagnostics, provenance, object code, and verification authority.",rustc incremental-compilation design documentation; Jane Street Incremental; GHC recompilation checker; Anneal Charon/Aeneas relocation and comment provenance probe; Anneal design contract,True,"Historical/theoretical architectural conclusion; named revisions establish citations or Anneal applicability, not an exclusive at-pin software behavior.",No newer-version comparison for the main conclusion.,reports/early-cutoff-equality-relations-2010-2026/REPORT.json,reports/early-cutoff-equality-relations-2010-2026/REPORT.md,"[{""name"":""rustc incremental-compilation design documentation"",""identity"":{""repository"":""rust-lang/rustc-dev-guide"",""revision"":""8ae6c255bb0675bbcb8bd0c197e8e70505bd7e85""}},{""name"":""Jane Street Incremental"",""identity"":{""repository"":""janestreet/incremental"",""revision"":""98b5750ec3c006641351bfd858a89136a5dbc52c""}},{""name"":""GHC recompilation checker"",""identity"":{""repository"":""ghc/ghc"",""revision"":""234bab081682018da7d04b22eee4b80f70381d07""}},{""name"":""Anneal Charon/Aeneas relocation and comment provenance probe"",""identity"":{""repository"":""google/zerocopy"",""reference_commit"":""a5ecd5bde3d2b33457b5a13b4b435d79515f4012"",""package"":""anneal-3731-charon-relocation-comment-provenance-2026-09-29""}},{""name"":""Anneal design contract"",""identity"":{""repository"":""google/zerocopy"",""revision"":""cc135f46155b72e4b51188525c2974a3b84acf92""}}]"
R392,newer_version_recheck,Rust nightly-2026-05-31 / Charon June 2026 / Lean 4.30.0-rc2 bundle,"Source correspondence across Charon, Aeneas, Lean, and historical Anneal V1","At the revisions selected by current Anneal, source correspondence is a chain of useful but different identities, not one end-to-end source map.",Charon pinned by Aeneas; Aeneas Lean extraction selected by Anneal; Lean 4 diagnostics and language server selected by Anneal; Anneal design and V1 historical source-mapping implementation,False,Empirical or source-backed behavior depends on the named toolchain pin.,Charon nightly-2026.09.30 (2804f2d) with its pinned Rust nightly-2026-09-17; Aeneas paired lane separately.,reports/end-to-end-source-correspondence-nightly-2026-06-03-v4-30-0-rc2/REPORT.json,reports/end-to-end-source-correspondence-nightly-2026-06-03-v4-30-0-rc2/REPORT.md,"[{""name"":""Charon pinned by Aeneas"",""identity"":{""repository"":""AeneasVerif/charon"",""revision"":""a535e914f74db4fd9e6be7048f4233270d8945c0"",""version"":""0.1.210""}},{""name"":""Aeneas Lean extraction selected by Anneal"",""identity"":{""repository"":""AeneasVerif/aeneas"",""revision"":""ac9f1bc5262a5e4ff1e24ca78617121382202727"",""release"":""nightly-2026.06.03""}},{""name"":""Lean 4 diagnostics and language server selected by Anneal"",""identity"":{""repository"":""leanprover/lean4"",""revision"":""3dc1a088b6d2d8eafe25a7cd7ec7b58d731bd7cc"",""version"":""v4.30.0-rc2""}},{""name"":""Anneal design and V1 historical source-mapping implementation"",""identity"":{""repository"":""google/zerocopy"",""revision"":""41f5b37afe7060fd9fe08c00b200672cd76d77b9""}}]"
R393,source_revision_recheck,Anneal V1 / exocrate source 41f5b37,Exocrate archive extraction security at Anneal main 41f5b37,"Current Anneal uses Exocrate's tar::Archive::unpack path for both local and remote .tar.zst toolchain archives. The resolved tar 0.4.46 implementation provides substantial best-effort extraction-root containment: it rejects .. path components, canonicalizes parents before writes, validates hard-link targets inside the destination, and revalidates paths reached through archive-created symlinks before later entries use them. It explicitly does not defend against concurrent muta",Exocrate installer selected by current Anneal; Anneal v2 setup path; tar crate resolved by Anneal,False,Source-level behavior or installation property is bound to the inspected repository revision.,Compare named pinned source against the newer upstream source revision; preserve historical claims. Exact current tip/release requires per-repository verification.,reports/exocrate-archive-extraction-security-main-41f5b37/REPORT.json,reports/exocrate-archive-extraction-security-main-41f5b37/REPORT.md,"[{""name"":""Exocrate installer selected by current Anneal"",""identity"":{""repository"":""google/zerocopy"",""revision"":""41f5b37afe7060fd9fe08c00b200672cd76d77b9"",""path"":""exocrate/src""}},{""name"":""Anneal v2 setup path"",""identity"":{""repository"":""google/zerocopy"",""revision"":""41f5b37afe7060fd9fe08c00b200672cd76d77b9"",""path"":""anneal/src/main.rs""}},{""name"":""tar crate resolved by Anneal"",""identity"":{""repository"":""composefs/tar-rs"",""revision"":""fc459c149f83bf4daceaa52e17d351989002e1a9"",""version"":""0.4.46""}}]"
R394,source_revision_recheck,Anneal V1 / exocrate source 41f5b37,Exocrate atomic staging and rename behavior at `google/zerocopy@41f5b37`,"Current Exocrate keeps a managed installation path out of view while it populates a sibling staging directory, then installs that directory with one filesystem rename. Cooperating cross-process writers serialize through a persistent sibling lock file. After taking the lock, a writer rechecks whether another process already installed the target; otherwise it removes stale staging state, creates <target>.staging, populates it, and renames it to <target> only after population su",Exocrate installer used by current Anneal,False,Source-level behavior or installation property is bound to the inspected repository revision.,Compare named pinned source against the newer upstream source revision; preserve historical claims. Exact current tip/release requires per-repository verification.,reports/exocrate-atomic-staging-rename-main-41f5b37/REPORT.json,reports/exocrate-atomic-staging-rename-main-41f5b37/REPORT.md,"[{""name"":""Exocrate installer used by current Anneal"",""identity"":{""repository"":""google/zerocopy"",""revision"":""41f5b37afe7060fd9fe08c00b200672cd76d77b9"",""path"":""exocrate""}}]"
R395,source_revision_recheck,Anneal V1 / exocrate source 41f5b37,Exocrate cache directory and version identity at Anneal main `41f5b37`,"Current Anneal does not install its packaged toolchain at a path derived from the archive filename or archive contents. It asks Exocrate for a location root, appends the fixed components .anneal/toolchain, and then appends a 64-hex-character version slug compiled into the Anneal binary. In the normal installed-tool path, the root is the platform user-cache directory. On Linux this follows XDGCACHEHOME only when that variable contains an absolute path, otherwise falling back t",Anneal Exocrate configuration; Exocrate installation path and versioning implementation used by Anneal; dirs cache-directory dependency resolved by Anneal,False,Source-level behavior or installation property is bound to the inspected repository revision.,Compare named pinned source against the newer upstream source revision; preserve historical claims. Exact current tip/release requires per-repository verification.,reports/exocrate-cache-version-identity-main-41f5b37/REPORT.json,reports/exocrate-cache-version-identity-main-41f5b37/REPORT.md,"[{""name"":""Anneal Exocrate configuration"",""identity"":{""repository"":""google/zerocopy"",""revision"":""41f5b37afe7060fd9fe08c00b200672cd76d77b9"",""path"":""anneal/src/main.rs""}},{""name"":""Exocrate installation path and versioning implementation used by Anneal"",""identity"":{""repository"":""google/zerocopy"",""revision"":""41f5b37afe7060fd9fe08c00b200672cd76d77b9"",""path"":""exocrate/src""}},{""name"":""dirs cache-directory dependency resolved by Anneal"",""identity"":{""crate"":""dirs"",""version"":""6.0.0"",""crates.io-sha256"":""c3e8aa94d75141228480295a7d0e7feb620b1a5ad9f12bc40be62411e38cce4e""}}]"
R396,source_revision_recheck,Anneal V1 / exocrate source 41f5b37,Exocrate install state machine and concurrency,"Source inspection traces Exocrate's path resolution, source opening, exclusive interprocess lock, staging extraction, and rename commit. Its code explicitly states same-process concurrent calls are unsupported. Runtime races were not measured because no built caller was available.",Exocrate in zerocopy,False,Source-level behavior or installation property is bound to the inspected repository revision.,Compare named pinned source against the newer upstream source revision; preserve historical claims. Exact current tip/release requires per-repository verification.,reports/exocrate-install-state-machine-source-review-2026-09-27/REPORT.json,reports/exocrate-install-state-machine-source-review-2026-09-27/REPORT.md,"[{""name"":""Exocrate in zerocopy"",""identity"":{""repository"":""google/zerocopy"",""revision"":""bd0956be95c5f798f0c0484921b9b9d1fc6e9988"",""path"":""exocrate/"",""crate_version"":""0.1.0""}}]"
R397,source_revision_recheck,Anneal V1 / exocrate source 41f5b37,Exocrate local archive trust and checksum semantics at Anneal main 41f5b37,"Current Anneal's --local-archive option changes where setup reads the toolchain archive, but it does not add the local archive's path or contents to Exocrate's installation identity and it does not authenticate those bytes. Anneal passes the path as Source::Local. Exocrate opens that file and returns the reader with expectedsha = None; the installation path then sends the reader directly through zstd and tar without a SHA-256 wrapper or digest comparison.",Exocrate local-archive installation path selected by Anneal; Anneal setup local-archive override,False,Source-level behavior or installation property is bound to the inspected repository revision.,Compare named pinned source against the newer upstream source revision; preserve historical claims. Exact current tip/release requires per-repository verification.,reports/exocrate-local-archive-trust-checksum-main-41f5b37/REPORT.json,reports/exocrate-local-archive-trust-checksum-main-41f5b37/REPORT.md,"[{""name"":""Exocrate local-archive installation path selected by Anneal"",""identity"":{""repository"":""google/zerocopy"",""revision"":""41f5b37afe7060fd9fe08c00b200672cd76d77b9"",""path"":""exocrate/src/lib.rs""}},{""name"":""Anneal setup local-archive override"",""identity"":{""repository"":""google/zerocopy"",""revision"":""41f5b37afe7060fd9fe08c00b200672cd76d77b9"",""path"":""anneal/src/main.rs""}}]"
R398,source_revision_recheck,Anneal V1 / exocrate source 41f5b37,Exocrate remote archive checksum semantics at Anneal main 41f5b37,"Current Anneal supplies Exocrate with one compile-time RemoteArchive for the host OS/architecture. Its configured checksum is a 32-byte SHA-256 value decoded from exactly 64 hexadecimal digits in anneal/Cargo.toml. For a new remote installation, Exocrate hashes the compressed HTTP response-body bytes exposed by its reader, not the decompressed tar contents. The hash covers the stream through EOF: after tar/zstd extraction finishes, Exocrate explicitly drains the underlying ha",Exocrate remote archive checksum path selected by Anneal; Anneal v2 remote archive metadata and setup wiring,False,Source-level behavior or installation property is bound to the inspected repository revision.,Compare named pinned source against the newer upstream source revision; preserve historical claims. Exact current tip/release requires per-repository verification.,reports/exocrate-remote-archive-checksum-main-41f5b37/REPORT.json,reports/exocrate-remote-archive-checksum-main-41f5b37/REPORT.md,"[{""name"":""Exocrate remote archive checksum path selected by Anneal"",""identity"":{""repository"":""google/zerocopy"",""revision"":""41f5b37afe7060fd9fe08c00b200672cd76d77b9"",""path"":""exocrate/src/lib.rs""}},{""name"":""Anneal v2 remote archive metadata and setup wiring"",""identity"":{""repository"":""google/zerocopy"",""revision"":""41f5b37afe7060fd9fe08c00b200672cd76d77b9"",""path"":""anneal""}}]"
R399,incidental_or_citation,No pinned-software conclusion requiring a newer-version rerun,"FFI specification and trust patterns across Rust, CompCert, and CakeML","A foreign-function interface is not one proof boundary. It is a stack of boundaries that must line up: the source-language declaration, the native symbol and calling convention, the abstract semantic contract, the resources the call may affect, the concrete foreign implementation, and the execution environment that binds and runs that implementation.",Rust foreign-function interface selected by Anneal; CompCert external-call specification pattern; CakeML FFI/oracle specification and refinement pattern,False,"Main conclusion is an audit, general model, history, standard, or contextual evidence; software versions identify provenance only.",No newer-version comparison for the main conclusion.,reports/ffi-specification-trust-patterns-2019-2026/REPORT.json,reports/ffi-specification-trust-patterns-2019-2026/REPORT.md,"[{""name"":""Rust foreign-function interface selected by Anneal"",""identity"":{""repository"":""rust-lang/reference"",""revision"":""ad35aca481751a06afeb23820a672b0f3b11a476"",""toolchain-context"":""rust-lang/rust@14210df0e27ccd7d9e6a05b8085cbd438e4bbc65 (nightly-2026-05-31)""}},{""name"":""CompCert external-call specification pattern"",""identity"":{""repository"":""AbsInt/CompCert"",""revision"":""74cbdbf0e86ecbfa39a5ca8f248f77fb2f974cb6"",""version"":""3.18""}},{""name"":""CakeML FFI/oracle specification and refinement pattern"",""identity"":{""repository"":""CakeML/cakeml"",""revision"":""31b72d0003620a2ee8c4374caa00a483e1e450ec"",""publication"":""Verified Compilation on a Verified Processor, PLDI 2019, DOI 10.1145/3314221.3314622""}}]"
R400,source_revision_recheck,F* source 78bb239b54cc113be68fb1dc0cbdfeb19378766a (2026.09.27),Extensible proof automation without silently changing the claim,"Extensible provers need two properties that are easy to conflate: freedom to search for proofs and authority to decide what counts as a proof. F's Meta-F architecture makes that distinction unusually visible, but it also shows where the distinction stops. Meta-F gives user metaprograms an abstract proof state and a collection of primitive goal transformations. The intent is LCF-like: a tactic can diverge, fail, or search badly without thereby proving a false proposition, beca","F* and Meta-F* current tactic/SMT/native-plugin architecture; Meta-F*: Proof Automation with SMT, Tactics, and Metaprograms; Lean tactic and trust behavior selected by Anneal; SMTCoq proof-witness checking; Anneal principles and design contract",True,Main report includes present-tense implementation behavior at named upstream source revision; compare current source for that component.,Compare named pinned source against the newer upstream source revision; preserve historical claims. Exact current tip/release requires per-repository verification.,reports/fstar-extensible-proof-automation-trust-boundaries-2019-2026/REPORT.json,reports/fstar-extensible-proof-automation-trust-boundaries-2019-2026/REPORT.md,"[{""name"":""F* and Meta-F* current tactic/SMT/native-plugin architecture"",""identity"":{""repository"":""FStarLang/FStar"",""revision"":""78bb239b54cc113be68fb1dc0cbdfeb19378766a"",""version_txt"":""2026.09.27""}},{""name"":""Meta-F*: Proof Automation with SMT, Tactics, and Metaprograms"",""identity"":{""publication"":""ESOP 2019"",""doi"":""10.1007/978-3-030-17184-1_2"",""first_online"":""2019-04-06""}},{""name"":""Lean tactic and trust behavior selected by Anneal"",""identity"":{""repository"":""leanprover/lean4"",""revision"":""3dc1a088b6d2d8eafe25a7cd7ec7b58d731bd7cc"",""version"":""v4.30.0-rc2""}},{""name"":""SMTCoq proof-witness checking"",""identity"":{""repository"":""smtcoq/smtcoq"",""revision"":""3187cf12412a244859d7396e8088e6f9de0568d1""}},{""name"":""Anneal principles and design contract"",""identity"":{""repository"":""google/zerocopy"",""revision"":""cc135f46155b72e4b51188525c2974a3b84acf92""}}]"
R401,incidental_or_citation,No pinned-software conclusion requiring a newer-version rerun,Functional cores and explicit effect boundaries for a verification engine,"Functional-core/imperative-shell, ports-and-adapters, effect systems, and sans-I/O all separate computation from interaction, but they separate different things. Functional core/imperative shell moves decisions toward value-oriented code and leaves real-world mutation in a shell. Ports and adapters make the inside/outside dependency boundary explicit and let several technologies implement one purposeful conversation. Effect systems make side effects part of the program descri","Gary Bernhardt, Boundaries and Functional Core, Imperative Shell; Alistair Cockburn, Hexagonal Architecture; Lucassen and Gifford, Polymorphic effect systems; Plotkin and Pretnar, Handlers of Algebraic Effects; python-hyper h11; Anneal design contract",True,"Historical/theoretical architectural conclusion; named revisions establish citations or Anneal applicability, not an exclusive at-pin software behavior.",No newer-version comparison for the main conclusion.,reports/functional-core-effect-boundaries-1988-2026/REPORT.json,reports/functional-core-effect-boundaries-1988-2026/REPORT.md,"[{""name"":""Gary Bernhardt, Boundaries and Functional Core, Imperative Shell"",""identity"":{""event"":""SCNA 2012"",""functional-core-published"":""2012-07-12"",""url"":""https://www.destroyallsoftware.com/talks/boundaries""}},{""name"":""Alistair Cockburn, Hexagonal Architecture"",""identity"":{""date"":""2005-09-04"",""report"":""HaT Technical Report 2005.02"",""url"":""https://alistair.cockburn.us/hexagonal-architecture""}},{""name"":""Lucassen and Gifford, Polymorphic effect systems"",""identity"":{""doi"":""10.1145/73560.73564"",""publication"":""POPL 1988""}},{""name"":""Plotkin and Pretnar, Handlers of Algebraic Effects"",""identity"":{""doi"":""10.1007/978-3-642-00590-9_7"",""publication"":""ESOP 2009""}},{""name"":""python-hyper h11"",""identity"":{""repository"":""python-hyper/h11"",""revision"":""62c5068c971579d61fa1b55373390e12f25fd856""}},{""name"":""Anneal design contract"",""identity"":{""path"":""anneal/DESIGN.md"",""repository"":""google/zerocopy"",""revision"":""cc135f46155b72e4b51188525c2974a3b84acf92""}}]"
R402,incidental_or_citation,No pinned-software conclusion requiring a newer-version rerun,Functional cores do not make external effects disappear,"Functional-core/imperative-shell, ports-and-adapters, effect systems, and sans-I/O all improve a system by making some effects cross an explicit boundary. They differ in what the boundary means. A functional core tries to make important computation depend only on values. Ports and adapters organize external conversations by purpose rather than technology. Sans-I/O turns a protocol implementation into a caller-driven state machine. Effect systems can make a language-level set ","Hexagonal Architecture / Ports and Adapters original article; Boundaries; Network Protocols, sans I/O; Handlers of Algebraic Effects; Koka: Programming with Row Polymorphic Effect Types; Remote Execution API; Anneal principles and design contract",True,"Historical/theoretical architectural conclusion; named revisions establish citations or Anneal applicability, not an exclusive at-pin software behavior.",No newer-version comparison for the main conclusion.,reports/functional-core-effects-hidden-state-2005-2026/REPORT.json,reports/functional-core-effects-hidden-state-2005-2026/REPORT.md,"[{""name"":""Hexagonal Architecture / Ports and Adapters original article"",""identity"":{""author"":""Alistair Cockburn"",""date"":""2005-09-04"",""report"":""HaT Technical Report 2005.02"",""version"":""0.9"",""url"":""https://alistair.cockburn.us/hexagonal-architecture/""}},{""name"":""Boundaries"",""identity"":{""author"":""Gary Bernhardt"",""event"":""SCNA 2012"",""url"":""https://www.destroyallsoftware.com/talks/boundaries"",""year"":""2012""}},{""name"":""Network Protocols, sans I/O"",""identity"":{""repository"":""brettcannon/sans-io"",""revision"":""b4679927d555cb27d9960ae203c0ecd0d8209771""}},{""name"":""Handlers of Algebraic Effects"",""identity"":{""doi"":""10.1007/978-3-642-00590-9_7"",""publication"":""ESOP 2009"",""year"":""2009""}},{""name"":""Koka: Programming with Row Polymorphic Effect Types"",""identity"":{""doi"":""10.4204/EPTCS.153.8"",""publication"":""EPTCS 153"",""year"":""2014""}},{""name"":""Remote Execution API"",""identity"":{""repository"":""bazelbuild/remote-apis"",""revision"":""adbf4a27c86fbea4a37637a6cbcacef372406fe7""}},{""name"":""Anneal principles and design contract"",""identity"":{""repository"":""google/zerocopy"",""revision"":""cc135f46155b72e4b51188525c2974a3b84acf92""}}]"
R403,newer_version_recheck,Rust nightly-2026-05-31 / Charon June 2026 / Lean 4.30.0-rc2 bundle,Build-script and proc-macro generated Rust visibility before Charon at nightly-2026-05-31,"Build scripts and procedural macros both generate or select Rust code before Charon's translation, but they cross the compiler boundary in different ways.",Anneal configuration; Cargo source; Rust compiler source; Rust Reference; Charon pinned by Aeneas,False,Empirical or source-backed behavior depends on the named toolchain pin.,Charon nightly-2026.09.30 (2804f2d) with its pinned Rust nightly-2026-09-17; Aeneas paired lane separately.,reports/generated-rust-visibility-nightly-2026-05-31/REPORT.json,reports/generated-rust-visibility-nightly-2026-05-31/REPORT.md,"[{""name"":""Anneal configuration"",""identity"":{""repository"":""google/zerocopy"",""revision"":""41f5b37afe7060fd9fe08c00b200672cd76d77b9""}},{""name"":""Cargo source"",""identity"":{""repository"":""rust-lang/cargo"",""revision"":""fbb61be30e5f9ac3a6ad58e56a5c0f5db2d2b3ef""}},{""name"":""Rust compiler source"",""identity"":{""repository"":""rust-lang/rust"",""revision"":""14210df0e27ccd7d9e6a05b8085cbd438e4bbc65""}},{""name"":""Rust Reference"",""identity"":{""repository"":""rust-lang/reference"",""revision"":""01b0ee707f4571e803c8b2c471d8335a448f5d60""}},{""name"":""Charon pinned by Aeneas"",""identity"":{""repository"":""AeneasVerif/charon"",""revision"":""a535e914f74db4fd9e6be7048f4233270d8945c0"",""rust-toolchain"":""nightly-2026-05-31""}}]"
R404,source_revision_recheck,gopls source 98444708d405557b5ddd6179be1a6abc14150d5f,"gopls snapshots, views, and why one open file can denote several builds","gopls evolved away from treating an editor workspace folder as the unit of analysis. Its current architecture separates at least four concepts that an editor presents as one workspace: an LSP Folder carrying UI-scoped configuration, a View representing one logical Go build, a Snapshot representing one immutable-enough generation of that build's file and derived state, and shared caches that reuse computations across snapshots and even processes. An open file can participate i","gopls current workspace, view, snapshot, and invalidation architecture; gopls pre-scalability architecture; gopls separate-compilation transition; gopls zero-config workspace release; Multi-project gopls workspace proposal; Anneal current design contract; Anneal reference evidence at analysis time",True,Main report includes present-tense implementation behavior at named upstream source revision; compare current source for that component.,Compare named pinned source against the newer upstream source revision; preserve historical claims. Exact current tip/release requires per-repository verification.,reports/gopls-snapshots-views-workspace-evolution-2018-2026/REPORT.json,reports/gopls-snapshots-views-workspace-evolution-2018-2026/REPORT.md,"[{""name"":""gopls current workspace, view, snapshot, and invalidation architecture"",""identity"":{""repository"":""golang/tools"",""revision"":""98444708d405557b5ddd6179be1a6abc14150d5f""}},{""name"":""gopls pre-scalability architecture"",""identity"":{""repository"":""golang/tools"",""release"":""gopls/v0.11.0"",""revision"":""611cff71b9afeb81ae6eb16c5ce9376c051b1828""}},{""name"":""gopls separate-compilation transition"",""identity"":{""repository"":""golang/tools"",""release"":""gopls/v0.12.0"",""revision"":""236850463aea0b1949167349b44c37f97aefd9c5""}},{""name"":""gopls zero-config workspace release"",""identity"":{""repository"":""golang/tools"",""release"":""gopls/v0.15.0"",""revision"":""50e6ff28fb47219a23c4d0ed12da704b94087f76""}},{""name"":""Multi-project gopls workspace proposal"",""identity"":{""repository"":""golang/proposal"",""revision"":""0be13090fdb0cbae0d71641bb676d924bc1c94de"",""path"":""design/37720-gopls-workspaces.md""}},{""name"":""Anneal current design contract"",""identity"":{""repository"":""google/zerocopy"",""revision"":""cc135f46155b72e4b51188525c2974a3b84acf92"",""path"":""anneal/DESIGN.md""}},{""name"":""Anneal reference evidence at analysis time"",""identity"":{""repository"":""google/zerocopy"",""branch"":""reference"",""revision"":""ebfeac694e945da0b52e09c6a185d857f982f4f3""}}]"
R405,source_revision_recheck,Haskell Language Server 187fcd4a + hie-bios 32dd0770,"HIE, ghcide, and Haskell Language Server: environment and incremental-state boundaries","The Haskell IDE lineage is most useful as a decomposition-and-recombination case study, not as a story in which one implementation simply replaced another. The archived Haskell IDE Engine (HIE) combined a rich plugin surface with a mutable GHC/ghc-mod session, serialized plugin execution, cached last-good typechecked modules, and substantial installation and project-configuration machinery. ghcide separated several of those concerns: hie-bios supplied project/compiler context",Haskell IDE Engine archive; ghcide archive; Haskell Language Server; hie-bios,True,Main report includes present-tense implementation behavior at named upstream source revision; compare current source for that component.,Compare named pinned source against the newer upstream source revision; preserve historical claims. Exact current tip/release requires per-repository verification.,reports/haskell-ide-lineage-environment-graph-boundaries-2017-2026/REPORT.json,reports/haskell-ide-lineage-environment-graph-boundaries-2017-2026/REPORT.md,"[{""name"":""Haskell IDE Engine archive"",""identity"":{""repository"":""haskell/haskell-ide-engine"",""revision"":""d84b84322ccac81bf4963983d55cc4e6e98ad418""}},{""name"":""ghcide archive"",""identity"":{""repository"":""haskell/ghcide"",""revision"":""3ef4ef99c4b9cde867d29180c32586947df64b9e""}},{""name"":""Haskell Language Server"",""identity"":{""repository"":""haskell/haskell-language-server"",""revision"":""187fcd4a685c220caabb72999565604b3287aff2""}},{""name"":""hie-bios"",""identity"":{""repository"":""haskell/hie-bios"",""revision"":""32dd07707423ffabb34e44af68fcbd027b60ded2""}}]"
R406,incidental_or_citation,No pinned-software conclusion requiring a newer-version rerun,Information hiding versus pipeline decomposition for Anneal,"David Parnas's 1972 modularity result applies directly to a temptation in verification-tool architecture: treating the visible execution sequence as the software's primary module decomposition. A pipeline such as Rust source → Cargo/rustc → Charon → LLBC → Aeneas → generated Lean → Lean/Lake → diagnostics is a useful runtime/dataflow description. It does not follow that the long-lived code boundaries should be cargostage, charonstage, aeneasstage, leanstage, and diagnosticsta",Parnas information-hiding modularity; Parnas extension and contraction design; Parnas-Clements-Weiss module guides; Garlan-Shaw software architecture styles; Anneal current design and V2 source,True,"Historical/theoretical architectural conclusion; named revisions establish citations or Anneal applicability, not an exclusive at-pin software behavior.",No newer-version comparison for the main conclusion.,reports/information-hiding-versus-pipeline-decomposition-1972-2026/REPORT.json,reports/information-hiding-versus-pipeline-decomposition-1972-2026/REPORT.md,"[{""name"":""Parnas information-hiding modularity"",""identity"":{""publication"":""Communications of the ACM 15(12):1053-1058"",""doi"":""10.1145/361598.361623"",""year"":""1972""}},{""name"":""Parnas extension and contraction design"",""identity"":{""publication"":""IEEE Transactions on Software Engineering SE-5(2):128-138"",""doi"":""10.1109/TSE.1979.234169"",""year"":""1979""}},{""name"":""Parnas-Clements-Weiss module guides"",""identity"":{""publication"":""IEEE Transactions on Software Engineering SE-11(3):259-266"",""doi"":""10.1109/TSE.1985.232209"",""year"":""1985""}},{""name"":""Garlan-Shaw software architecture styles"",""identity"":{""report"":""CMU/SEI-94-TR-021"",""year"":""1994""}},{""name"":""Anneal current design and V2 source"",""identity"":{""repository"":""google/zerocopy"",""revision"":""cc135f46155b72e4b51188525c2974a3b84acf92"",""path"":""anneal""}}]"
R407,incidental_or_citation,No pinned-software conclusion requiring a newer-version rerun,Iris concepts needed for current Rust and Aeneas separation-logic work,The Iris ideas most useful for reading current Rust/Aeneas separation-logic work fall into three layers that should not be conflated.,Iris 3.1 conceptual foundation; RustBelt use of Iris for Rust ownership and borrowing; Aeneas draft first-order sequential separation logic; Iris-Lean implementation status,False,"Main conclusion is an audit, general model, history, standard, or contextual evidence; software versions identify provenance only.",No newer-version comparison for the main conclusion.,reports/iris-concepts-for-rust-aeneas-separation-logic-2026-09-27/REPORT.json,reports/iris-concepts-for-rust-aeneas-separation-logic-2026-09-27/REPORT.md,"[{""name"":""Iris 3.1 conceptual foundation"",""identity"":{""publication"":""Iris from the Ground Up"",""doi"":""10.1017/S0956796818000151"",""version"":""Iris 3.1""}},{""name"":""RustBelt use of Iris for Rust ownership and borrowing"",""identity"":{""publication"":""RustBelt: Securing the Foundations of the Rust Programming Language"",""doi"":""10.1145/3158154"",""venue"":""POPL 2018""}},{""name"":""Aeneas draft first-order sequential separation logic"",""identity"":{""repository"":""AeneasVerif/aeneas"",""pull_request"":""1352"",""revision"":""75fb1479040d32d43d31b74510167ee3b873d28a""}},{""name"":""Iris-Lean implementation status"",""identity"":{""repository"":""leanprover-community/iris-lean"",""revision"":""04b7689c294bb1dd6401e2dd53b337871934ea47""}}]"
R408,incidental_or_citation,No pinned-software conclusion requiring a newer-version rerun,Isabelle/PIDE: replacing the prover command loop with versioned document processing,Isabelle/PIDE did not obtain responsive proof editing by putting a richer GUI in front of the traditional prover command loop. Its central reform was to make the prover itself process a family of explicitly versioned documents asynchronously. Edits create new immutable document versions; prover commands and results are associated with document structure rather than a unique current prompt; obsolete work may be cancelled; parallel evaluation proceeds independently of editor in,Isabelle/jEdit — a Prover IDE within the PIDE framework; READ-EVAL-PRINT in Parallel and Asynchronous Proof-checking; PIDE as front-end technology for Coq; Interaction with Formal Mathematical Documents in Isabelle/PIDE; From LCF to Isabelle/HOL; Anneal design contract,True,"Historical/theoretical architectural conclusion; named revisions establish citations or Anneal applicability, not an exclusive at-pin software behavior.",No newer-version comparison for the main conclusion.,reports/isabelle-pide-document-processing-2008-2019/REPORT.json,reports/isabelle-pide-document-processing-2008-2019/REPORT.md,"[{""name"":""Isabelle/jEdit — a Prover IDE within the PIDE framework"",""identity"":{""artifact"":""arXiv:1207.3441v1"",""doi"":""10.1007/978-3-642-31374-5_38""}},{""name"":""READ-EVAL-PRINT in Parallel and Asynchronous Proof-checking"",""identity"":{""artifact"":""arXiv:1307.1944v1"",""doi"":""10.4204/EPTCS.118.4""}},{""name"":""PIDE as front-end technology for Coq"",""identity"":{""artifact"":""arXiv:1304.6626v1""}},{""name"":""Interaction with Formal Mathematical Documents in Isabelle/PIDE"",""identity"":{""artifact"":""arXiv:1905.01735v1""}},{""name"":""From LCF to Isabelle/HOL"",""identity"":{""doi"":""10.1007/s00165-019-00492-1""}},{""name"":""Anneal design contract"",""identity"":{""repository"":""google/zerocopy"",""revision"":""cc135f46155b72e4b51188525c2974a3b84acf92"",""paths"":""anneal/PRINCIPLES.md; anneal/DESIGN.md""}}]"
R409,incidental_or_citation,No pinned-software conclusion requiring a newer-version rerun,Isabelle/PIDE: from command loop to document processing,"Isabelle/PIDE did not obtain responsive interactive proof merely by putting a protocol in front of the old prover loop. Its central architectural change was to make an evolving proof document, rather than a command prompt, the unit of interaction. Edits create explicitly identified document versions; the prover may evaluate them asynchronously and in parallel; results remain associated with the document material that produced them; obsolete work may be cancelled; and semantic",Isabelle/PIDE retrospective document model; Isabelle/jEdit PIDE architecture; Asynchronous Isabelle document-processing architecture; Reformed asynchronous READ-EVAL-PRINT architecture; PIDE-to-Coq portability experiment; Anneal design authority used for applicability analysis,True,"Historical/theoretical architectural conclusion; named revisions establish citations or Anneal applicability, not an exclusive at-pin software behavior.",No newer-version comparison for the main conclusion.,reports/isabelle-pide-document-processing-evolution-2009-2019/REPORT.json,reports/isabelle-pide-document-processing-evolution-2009-2019/REPORT.md,"[{""name"":""Isabelle/PIDE retrospective document model"",""identity"":{""author"":""Makarius Wenzel"",""publication"":""Interaction with Formal Mathematical Documents in Isabelle/PIDE"",""arxiv"":""1905.01735v1"",""doi"":""10.48550/arXiv.1905.01735""}},{""name"":""Isabelle/jEdit PIDE architecture"",""identity"":{""author"":""Makarius Wenzel"",""publication"":""Isabelle/jEdit --- a Prover IDE within the PIDE framework"",""arxiv"":""1207.3441v1"",""doi"":""10.48550/arXiv.1207.3441""}},{""name"":""Asynchronous Isabelle document-processing architecture"",""identity"":{""author"":""Makarius Wenzel"",""publication"":""Asynchronous Proof Processing with Isabelle/Scala and Isabelle/jEdit"",""doi"":""10.1016/j.entcs.2012.06.009"",""published"":""2012""}},{""name"":""Reformed asynchronous READ-EVAL-PRINT architecture"",""identity"":{""author"":""Makarius Wenzel"",""publication"":""READ-EVAL-PRINT in Parallel and Asynchronous Proof-checking"",""arxiv"":""1307.1944v1"",""doi"":""10.4204/EPTCS.118.4""}},{""name"":""PIDE-to-Coq portability experiment"",""identity"":{""author"":""Makarius Wenzel"",""publication"":""PIDE as front-end technology for Coq"",""arxiv"":""1304.6626v1"",""doi"":""10.48550/arXiv.1304.6626""}},{""name"":""Anneal design authority used for applicability analysis"",""identity"":{""repository"":""google/zerocopy"",""revision"":""cc135f46155b72e4b51188525c2974a3b84acf92""}}]"
R410,source_revision_recheck,Kotlin FIR bce49f37 + Swift SourceKit-LSP 045c18e9 / compiler f63674ca,"Kotlin and Swift: what a compiler-backed IDE buys, and what it still leaves to orchestration","Kotlin K2/Analysis API and Swift SourceKit make the same high-level trade in different forms: they put editor semantics on top of compiler-owned frontend machinery, then surround that machinery with explicit project, build, lifetime, and invalidation protocols. The compiler service buys capabilities that an external orchestrator cannot reproduce cheaply or reliably: lazy semantic resolution, reusable compiler-owned state, semantic objects whose validity tracks source revision",Kotlin compiler FIR and Analysis API; Swift SourceKit-LSP; Swift compiler SourceKit; Anneal V2 design contract,True,Main report includes present-tense implementation behavior at named upstream source revision; compare current source for that component.,Compare named pinned source against the newer upstream source revision; preserve historical claims. Exact current tip/release requires per-repository verification.,reports/kotlin-swift-compiler-backed-ide-boundaries-2021-2026/REPORT.json,reports/kotlin-swift-compiler-backed-ide-boundaries-2021-2026/REPORT.md,"[{""name"":""Kotlin compiler FIR and Analysis API"",""identity"":{""repository"":""JetBrains/kotlin"",""revision"":""bce49f3701fb8dc461fb98240fdc7c3c81c592f2""}},{""name"":""Swift SourceKit-LSP"",""identity"":{""repository"":""swiftlang/sourcekit-lsp"",""revision"":""045c18e9e9ea35b896857b6cb982aa2373fb5816""}},{""name"":""Swift compiler SourceKit"",""identity"":{""repository"":""swiftlang/swift"",""revision"":""f63674ca12ca2b79b5dd87cd6b04e57ef9b0485d""}},{""name"":""Anneal V2 design contract"",""identity"":{""repository"":""google/zerocopy"",""revision"":""cc135f46155b72e4b51188525c2974a3b84acf92""}}]"
R411,newer_version_recheck,Lean/Lake v4.30.0-rc2,Lake artifact-cache architecture at v4.30.0-rc2,"At leanprover/lean4@3dc1a088b6d2d8eafe25a7cd7ec7b58d731bd7cc (v4.30.0-rc2), Lake's artifact cache has two distinct local layers:",Lake artifact-cache architecture,False,Empirical or source-backed behavior depends on the named toolchain pin.,Lean/Lake stable v4.34.1; optional prerelease v4.35.0-rc3. Rebuild all OLean/native artifacts.,reports/lake-artifact-cache-architecture-v4-30-0-rc2/REPORT.json,reports/lake-artifact-cache-architecture-v4-30-0-rc2/REPORT.md,"[{""name"":""Lake artifact-cache architecture"",""identity"":{""repository"":""leanprover/lean4"",""revision"":""3dc1a088b6d2d8eafe25a7cd7ec7b58d731bd7cc"",""version"":""v4.30.0-rc2""}}]"
R412,newer_version_recheck,Lean/Lake v4.30.0-rc2,Lake artifact-cache key semantics at v4.30.0-rc2,"At leanprover/lean4@3dc1a088b6d2d8eafe25a7cd7ec7b58d731bd7cc (v4.30.0-rc2), Lake does not derive one universal cache key by hashing a package directory, command line, or target declaration. The local artifact cache instead maps a package cache scope plus the current build job's dependency-trace hash to one or more output artifact descriptions. The output artifact descriptions are a separate identity layer: each names the output by its content hash and extension.",Lake artifact-cache key semantics,False,Empirical or source-backed behavior depends on the named toolchain pin.,Lean/Lake stable v4.34.1; optional prerelease v4.35.0-rc3. Rebuild all OLean/native artifacts.,reports/lake-artifact-cache-key-semantics-v4-30-0-rc2/REPORT.json,reports/lake-artifact-cache-key-semantics-v4-30-0-rc2/REPORT.md,"[{""name"":""Lake artifact-cache key semantics"",""identity"":{""repository"":""leanprover/lean4"",""revision"":""3dc1a088b6d2d8eafe25a7cd7ec7b58d731bd7cc"",""version"":""v4.30.0-rc2""}}]"
R413,newer_version_recheck,Lean/Lake v4.30.0-rc2,What Lake's artifact cache does not cache at v4.30.0-rc2,"At leanprover/lean4@3dc1a088b6d2d8eafe25a7cd7ec7b58d731bd7cc (v4.30.0-rc2), Lake's artifact cache is not a snapshot of a package, workspace, build directory, or process state. It stores only outputs that a cache-aware build path explicitly serializes into artifact descriptions and associates with an input hash. Other Lake state can still be required for a successful build or reuse path.",Lake artifact-cache noncoverage,False,Empirical or source-backed behavior depends on the named toolchain pin.,Lean/Lake stable v4.34.1; optional prerelease v4.35.0-rc3. Rebuild all OLean/native artifacts.,reports/lake-artifact-cache-noncoverage-v4-30-0-rc2/REPORT.json,reports/lake-artifact-cache-noncoverage-v4-30-0-rc2/REPORT.md,"[{""name"":""Lake artifact-cache noncoverage"",""identity"":{""repository"":""leanprover/lean4"",""revision"":""3dc1a088b6d2d8eafe25a7cd7ec7b58d731bd7cc"",""version"":""v4.30.0-rc2""}}]"
R414,newer_version_recheck,Lean/Lake v4.30.0-rc2,Lake artifact-cache publication and restoration at v4.30.0-rc2,"At leanprover/lean4@3dc1a088b6d2d8eafe25a7cd7ec7b58d731bd7cc (v4.30.0-rc2), Lake publishes a cacheable build result in two logically separate layers: it first makes the output bytes available under a content-derived artifact name, then writes a package-scoped input-to-output JSON mapping that points to that artifact description. These steps are ordered, but they are not one transaction.",Lake artifact-cache publication and restoration semantics selected by Anneal,False,Empirical or source-backed behavior depends on the named toolchain pin.,Lean/Lake stable v4.34.1; optional prerelease v4.35.0-rc3. Rebuild all OLean/native artifacts.,reports/lake-artifact-cache-publication-restoration-v4-30-0-rc2/REPORT.json,reports/lake-artifact-cache-publication-restoration-v4-30-0-rc2/REPORT.md,"[{""name"":""Lake artifact-cache publication and restoration semantics selected by Anneal"",""identity"":{""repository"":""leanprover/lean4"",""revision"":""3dc1a088b6d2d8eafe25a7cd7ec7b58d731bd7cc"",""version"":""v4.30.0-rc2""}}]"
R415,newer_version_recheck,Lean/Lake v4.30.0-rc2,Lake behavior upgrade checklist for Anneal,"Lake is part of Anneal's Lean toolchain contract, not just a command wrapper around lean. At the current baseline, Lake is the implementation shipped from leanprover/lean4@3dc1a088b6d2d8eafe25a7cd7ec7b58d731bd7cc (v4.30.0-rc2). It loads and materializes the Aeneas/Mathlib dependency graph, compiles package configuration, owns build keys and traces, decides when outputs are reusable, interacts with local and remote artifact caches, prepares language-server files, and chooses w",Lake implementation shipped with Anneal's current Lean toolchain; Aeneas Lean workspace consumed by current Anneal; Current Anneal authority used to instantiate the checklist,False,Empirical or source-backed behavior depends on the named toolchain pin.,Lean/Lake stable v4.34.1; optional prerelease v4.35.0-rc3. Rebuild all OLean/native artifacts.,reports/lake-behavior-upgrade-checklist-v4-30-0-rc2/REPORT.json,reports/lake-behavior-upgrade-checklist-v4-30-0-rc2/REPORT.md,"[{""name"":""Lake implementation shipped with Anneal's current Lean toolchain"",""identity"":{""repository"":""leanprover/lean4"",""revision"":""3dc1a088b6d2d8eafe25a7cd7ec7b58d731bd7cc"",""lean_version"":""v4.30.0-rc2""}},{""name"":""Aeneas Lean workspace consumed by current Anneal"",""identity"":{""repository"":""AeneasVerif/aeneas"",""revision"":""ac9f1bc5262a5e4ff1e24ca78617121382202727"",""release"":""nightly-2026.06.03""}},{""name"":""Current Anneal authority used to instantiate the checklist"",""identity"":{""repository"":""google/zerocopy"",""revision"":""41f5b37afe7060fd9fe08c00b200672cd76d77b9""}}]"
R416,newer_version_recheck,Lean/Lake v4.30.0-rc2,Lake cache equivalence and concurrency,"Two consumers succeeded concurrently against one frozen prebuilt dependency with relative manifests, while two consumers sharing a writable source-only producer both targeted the same build outputs. The report inventories artifact equivalence requirements and Mathlib cache behavior.",Lean 4 and Lake; Mathlib,False,Empirical or source-backed behavior depends on the named toolchain pin.,Lean/Lake stable v4.34.1; optional prerelease v4.35.0-rc3. Rebuild all OLean/native artifacts.,reports/lake-cache-concurrency-execution-probe-v4-30-0-rc2/REPORT.json,reports/lake-cache-concurrency-execution-probe-v4-30-0-rc2/REPORT.md,"[{""name"":""Lean 4 and Lake"",""identity"":{""repository"":""leanprover/lean4"",""revision"":""3dc1a088b6d2d8eafe25a7cd7ec7b58d731bd7cc"",""version"":""v4.30.0-rc2""}},{""name"":""Mathlib"",""identity"":{""repository"":""leanprover-community/mathlib4"",""revision"":""5450b53e5ddc75d46418fabb605edbf36bd0beb6""}}]"
R417,newer_version_recheck,Lean/Lake v4.30.0-rc2,Lake artifact-cache environment variables at v4.30.0-rc2,"At Lean/Lake v4.30.0-rc2, LAKECACHEDIR and LAKEARTIFACTCACHE control different parts of the local artifact-cache contract.",Lake artifact-cache environment configuration,False,Empirical or source-backed behavior depends on the named toolchain pin.,Lean/Lake stable v4.34.1; optional prerelease v4.35.0-rc3. Rebuild all OLean/native artifacts.,reports/lake-cache-environment-v4-30-0-rc2/REPORT.json,reports/lake-cache-environment-v4-30-0-rc2/REPORT.md,"[{""name"":""Lake artifact-cache environment configuration"",""identity"":{""repository"":""leanprover/lean4"",""revision"":""3dc1a088b6d2d8eafe25a7cd7ec7b58d731bd7cc"",""version"":""v4.30.0-rc2""}}]"
R418,newer_version_recheck,Lean/Lake v4.30.0-rc2,Clean-build versus cache-seeded equivalence in Lake v4.30.0-rc2,"At leanprover/lean4@3dc1a088b6d2d8eafe25a7cd7ec7b58d731bd7cc (v4.30.0-rc2), a Lake artifact-cache hit is a same-traced-input substitution, not proof that a fresh clean build would reproduce the same bytes.",Lake clean-build and cache-seeded behavior at Lean v4.30.0-rc2; Anneal cache-seeding pipeline,False,Empirical or source-backed behavior depends on the named toolchain pin.,Lean/Lake stable v4.34.1; optional prerelease v4.35.0-rc3. Rebuild all OLean/native artifacts.,reports/lake-clean-cache-seeded-equivalence-v4-30-0-rc2/REPORT.json,reports/lake-clean-cache-seeded-equivalence-v4-30-0-rc2/REPORT.md,"[{""name"":""Lake clean-build and cache-seeded behavior at Lean v4.30.0-rc2"",""identity"":{""repository"":""leanprover/lean4"",""revision"":""3dc1a088b6d2d8eafe25a7cd7ec7b58d731bd7cc"",""version"":""v4.30.0-rc2""}},{""name"":""Anneal cache-seeding pipeline"",""identity"":{""repository"":""google/zerocopy"",""revision"":""41f5b37afe7060fd9fe08c00b200672cd76d77b9""}}]"
R419,newer_version_recheck,Lean/Lake v4.30.0-rc2,Lake command and environment reproducibility inputs at Lean v4.30.0-rc2,"At leanprover/lean4@3dc1a088b6d2d8eafe25a7cd7ec7b58d731bd7cc (v4.30.0-rc2), a Lake command is not determined by a workspace tree plus the lake executable alone. Lake constructs an explicit Lake.Env from installation discovery and process environment, then combines it with command-line options to build a LoadConfig and, for build-like commands, a BuildConfig. Those inputs select the workspace and configuration file, package overrides, package-configuration options, dependency-",Lake command-line and environment reproducibility inputs selected by Anneal,False,Empirical or source-backed behavior depends on the named toolchain pin.,Lean/Lake stable v4.34.1; optional prerelease v4.35.0-rc3. Rebuild all OLean/native artifacts.,reports/lake-command-environment-reproducibility-v4-30-0-rc2/REPORT.json,reports/lake-command-environment-reproducibility-v4-30-0-rc2/REPORT.md,"[{""name"":""Lake command-line and environment reproducibility inputs selected by Anneal"",""identity"":{""repository"":""leanprover/lean4"",""revision"":""3dc1a088b6d2d8eafe25a7cd7ec7b58d731bd7cc"",""version"":""v4.30.0-rc2""}}]"
R420,newer_version_recheck,Lean/Lake v4.30.0-rc2,Compact Lake/cache execution probes and Mathlib boundaries at v4.30.0-rc2,The compact synthetic Lake suite supports four practical distinctions: seed a complete relative manifest before a workspace's first Lake load; keep shared dependency sources/build products immutable while consumers use separate workspace state; treat artifact-cache writers separately from shared package-directory writers; and compare clean versus cache-seeded output across more than .olean bytes. One small cache experiment observed successful concurrent consumers and successf,Lean and Lake; Mathlib,False,Empirical or source-backed behavior depends on the named toolchain pin.,Lean/Lake stable v4.34.1; optional prerelease v4.35.0-rc3. Rebuild all OLean/native artifacts.,reports/lake-compact-cache-concurrency-and-mathlib-probes-v4-30-0-rc2/REPORT.json,reports/lake-compact-cache-concurrency-and-mathlib-probes-v4-30-0-rc2/REPORT.md,"[{""name"":""Lean and Lake"",""identity"":{""repository"":""leanprover/lean4"",""revision"":""3dc1a088b6d2d8eafe25a7cd7ec7b58d731bd7cc"",""version"":""v4.30.0-rc2""}},{""name"":""Mathlib"",""identity"":{""repository"":""leanprover-community/mathlib4"",""revision"":""5450b53e5ddc75d46418fabb605edbf36bd0beb6""}}]"
R421,newer_version_recheck,Lean/Lake v4.30.0-rc2,`.lake/config` contents and invalidation in Lake v4.30.0-rc2,"At Lake v4.30.0-rc2, .lake/config is the compiled-configuration cache for Lean-authored package configuration files. For a package assigned the name P and a configuration file such as lakefile.lean, Lake uses:",Lake .lake/config cache contents and invalidation selected by Anneal,False,Empirical or source-backed behavior depends on the named toolchain pin.,Lean/Lake stable v4.34.1; optional prerelease v4.35.0-rc3. Rebuild all OLean/native artifacts.,reports/lake-config-cache-contents-invalidation-v4-30-0-rc2/REPORT.json,reports/lake-config-cache-contents-invalidation-v4-30-0-rc2/REPORT.md,"[{""name"":""Lake .lake/config cache contents and invalidation selected by Anneal"",""identity"":{""repository"":""leanprover/lean4"",""revision"":""3dc1a088b6d2d8eafe25a7cd7ec7b58d731bd7cc"",""version"":""v4.30.0-rc2""}}]"
R422,newer_version_recheck,Lean/Lake v4.30.0-rc2,Lake configuration ownership at Lean v4.30.0-rc2,"At leanprover/lean4@3dc1a088b6d2d8eafe25a7cd7ec7b58d731bd7cc (v4.30.0-rc2), Lake has a split configuration-ownership model that matters for prepared and read-only dependency trees.",Lake package/configuration ownership selected by Anneal,False,Empirical or source-backed behavior depends on the named toolchain pin.,Lean/Lake stable v4.34.1; optional prerelease v4.35.0-rc3. Rebuild all OLean/native artifacts.,reports/lake-configuration-ownership-v4-30-0-rc2/REPORT.json,reports/lake-configuration-ownership-v4-30-0-rc2/REPORT.md,"[{""name"":""Lake package/configuration ownership selected by Anneal"",""identity"":{""repository"":""leanprover/lean4"",""revision"":""3dc1a088b6d2d8eafe25a7cd7ec7b58d731bd7cc"",""version"":""v4.30.0-rc2"",""component"":""Lake""}}]"
R423,prior_comparison,Lake v4.31.0 (prior comparison against 4.30.0-rc2),Lake configuration ownership after the Lean 4.31 hoisting change,"Lean v4.31.0 contains Lake change 41ecccec6d1244c5f89be2fc76638f22ba37cbc6 (#13683, “hoist compiled configurations”). The change fixes the main ownership mismatch documented for v4.30.0-rc2: compiled Lean package configurations no longer live under the dependency package's own .lake/config/<assigned-name>. At leanprover/lean4@68218e876d2a38b1985b8590fff244a83c321783, LoadConfig.configDir is instead",Lake configuration ownership after the Lean 4.31 hoisting change,False,Existing comparison of earlier adjacent versions; refresh on the newer target.,Lean/Lake stable v4.34.1; optional prerelease v4.35.0-rc3. Rebuild all OLean/native artifacts.,reports/lake-configuration-ownership-v4-31-0/REPORT.json,reports/lake-configuration-ownership-v4-31-0/REPORT.md,"[{""name"":""Lake configuration ownership after the Lean 4.31 hoisting change"",""identity"":{""repository"":""leanprover/lean4"",""revision"":""68218e876d2a38b1985b8590fff244a83c321783"",""version"":""v4.31.0""}}]"
R424,newer_version_recheck,Lean/Lake v4.30.0-rc2,Lake dependency resolution at Lean v4.30.0-rc2,"Lake at leanprover/lean4@3dc1a088b6d2d8eafe25a7cd7ec7b58d731bd7cc (v4.30.0-rc2) does not solve one global set of package-version constraints. It resolves one package per package base name while traversing the dependency graph. Once a package with that name is present in the workspace, later declarations with the same name are skipped. The resolver deliberately visits a package's direct dependencies in reverse declaration order before descending, so later requires and root-lev",Lake dependency resolver shipped with Lean v4.30.0-rc2,False,Empirical or source-backed behavior depends on the named toolchain pin.,Lean/Lake stable v4.34.1; optional prerelease v4.35.0-rc3. Rebuild all OLean/native artifacts.,reports/lake-dependency-resolution-v4-30-0-rc2/REPORT.json,reports/lake-dependency-resolution-v4-30-0-rc2/REPORT.md,"[{""name"":""Lake dependency resolver shipped with Lean v4.30.0-rc2"",""identity"":{""repository"":""leanprover/lean4"",""revision"":""3dc1a088b6d2d8eafe25a7cd7ec7b58d731bd7cc"",""version"":""v4.30.0-rc2""}}]"
R425,newer_version_recheck,Lean/Lake v4.30.0-rc2,Lake behavior probes,"A fresh consumer could use a relocated read-only prebuilt producer when its relative Lake manifest existed before Lake first loaded the workspace. Without that manifest, Lake attempted a config-lock write in the producer. The small clean/cache variants produced identical .olean bytes.",Lean 4 and Lake; synthetic Lake producer/consumer fixture,False,Empirical or source-backed behavior depends on the named toolchain pin.,Lean/Lake stable v4.34.1; optional prerelease v4.35.0-rc3. Rebuild all OLean/native artifacts.,reports/lake-generated-workspace-readonly-probe-v4-30-0-rc2/REPORT.json,reports/lake-generated-workspace-readonly-probe-v4-30-0-rc2/REPORT.md,"[{""name"":""Lean 4 and Lake"",""identity"":{""repository"":""leanprover/lean4"",""revision"":""3dc1a088b6d2d8eafe25a7cd7ec7b58d731bd7cc"",""version"":""v4.30.0-rc2""}},{""name"":""synthetic Lake producer/consumer fixture"",""identity"":{""repository"":""google/zerocopy"",""revision"":""bd0956be95c5f798f0c0484921b9b9d1fc6e9988"",""path"":""anneal/research/lake-probes.md""}}]"
R426,newer_version_recheck,Lean/Lake v4.30.0-rc2,Git dependencies versus path dependencies in Lake v4.30.0-rc2,Lake v4.30.0-rc2 gives Git and path dependencies deliberately different source and identity semantics.,Lake Git versus path dependency semantics selected by Anneal,False,Empirical or source-backed behavior depends on the named toolchain pin.,Lean/Lake stable v4.34.1; optional prerelease v4.35.0-rc3. Rebuild all OLean/native artifacts.,reports/lake-git-path-dependencies-v4-30-0-rc2/REPORT.json,reports/lake-git-path-dependencies-v4-30-0-rc2/REPORT.md,"[{""name"":""Lake Git versus path dependency semantics selected by Anneal"",""identity"":{""repository"":""leanprover/lean4"",""revision"":""3dc1a088b6d2d8eafe25a7cd7ec7b58d731bd7cc"",""version"":""v4.30.0-rc2""}}]"
R427,newer_version_recheck,Lean/Lake v4.30.0-rc2,Lake manifest schema and dependency locking at Lean v4.30.0-rc2,"At leanprover/lean4@3dc1a088b6d2d8eafe25a7cd7ec7b58d731bd7cc (v4.30.0-rc2), lake-manifest.json is the root workspace's persisted dependency-materialization record. Its current schema version is 1.2.0. A manifest stores workspace-relative Lake/package locations plus one entry per resolved dependency. A path entry records a relative directory. A Git entry records both the exact checked-out commit in rev and, separately, the requested revision in inputRev when one exists. This d",Lake manifest representation and locking semantics selected by Anneal,False,Empirical or source-backed behavior depends on the named toolchain pin.,Lean/Lake stable v4.34.1; optional prerelease v4.35.0-rc3. Rebuild all OLean/native artifacts.,reports/lake-manifest-schema-locking-v4-30-0-rc2/REPORT.json,reports/lake-manifest-schema-locking-v4-30-0-rc2/REPORT.md,"[{""name"":""Lake manifest representation and locking semantics selected by Anneal"",""identity"":{""repository"":""leanprover/lean4"",""revision"":""3dc1a088b6d2d8eafe25a7cd7ec7b58d731bd7cc"",""version"":""v4.30.0-rc2""}}]"
R428,newer_version_recheck,Lean/Lake v4.30.0-rc2,What invalidates a module `.olean` in Lake v4.30.0-rc2,"At leanprover/lean4@3dc1a088b6d2d8eafe25a7cd7ec7b58d731bd7cc (v4.30.0-rc2), Lake does not decide whether a module .olean is current by comparing the .lean source alone. It computes a dependency trace for the module's whole Lean compilation, saves that trace's hash beside the outputs, and in ordinary mode reuses the outputs only when the newly computed hash matches the saved hash and the required module outputs still exist.",Lake module `.olean` invalidation selected by Anneal,False,Empirical or source-backed behavior depends on the named toolchain pin.,Lean/Lake stable v4.34.1; optional prerelease v4.35.0-rc3. Rebuild all OLean/native artifacts.,reports/lake-olean-invalidation-v4-30-0-rc2/REPORT.json,reports/lake-olean-invalidation-v4-30-0-rc2/REPORT.md,"[{""name"":""Lake module `.olean` invalidation selected by Anneal"",""identity"":{""repository"":""leanprover/lean4"",""revision"":""3dc1a088b6d2d8eafe25a7cd7ec7b58d731bd7cc"",""version"":""v4.30.0-rc2""}}]"
R429,newer_version_recheck,Lean/Lake v4.30.0-rc2,Lake package-config priming at v4.30.0-rc2,"At Lake v4.30.0-rc2, priming a Lean-authored dependency's package configuration means creating a cache entry that Lake will accept in the later consumer's dependency identity, before that dependency tree becomes read-only. The relevant persistent state is the dependency package's .lake/config/<assigned-name>/<config>.olean together with its .olean.trace. A later cache hit opens the trace read-only under a shared lock and imports the compiled configuration; a miss or stale ent",Lake package-configuration cache selected by Anneal; Anneal V1 package-config priming implementation,False,Empirical or source-backed behavior depends on the named toolchain pin.,Lean/Lake stable v4.34.1; optional prerelease v4.35.0-rc3. Rebuild all OLean/native artifacts.,reports/lake-package-config-priming-v4-30-0-rc2/REPORT.json,reports/lake-package-config-priming-v4-30-0-rc2/REPORT.md,"[{""name"":""Lake package-configuration cache selected by Anneal"",""identity"":{""repository"":""leanprover/lean4"",""revision"":""3dc1a088b6d2d8eafe25a7cd7ec7b58d731bd7cc"",""version"":""v4.30.0-rc2""}},{""name"":""Anneal V1 package-config priming implementation"",""identity"":{""repository"":""google/zerocopy"",""revision"":""41f5b37afe7060fd9fe08c00b200672cd76d77b9""}}]"
R430,newer_version_recheck,Lean/Lake v4.30.0-rc2,Lake package identity after vendoring,"At Lean/Lake v4.30.0-rc2 (leanprover/lean4@3dc1a088b6d2d8eafe25a7cd7ec7b58d731bd7cc), changing a dependency from a Git source to a vendored path does not by itself define a new Lake package identity. Lake separates the dependency's source from the names it uses to identify the loaded package. A source-preserving vendoring transformation can therefore keep the same dependency-facing identity while replacing Git materialization with a path to copied files.",Lake package identity after vendoring selected by Anneal; Anneal V2 archive workspace construction,False,Empirical or source-backed behavior depends on the named toolchain pin.,Lean/Lake stable v4.34.1; optional prerelease v4.35.0-rc3. Rebuild all OLean/native artifacts.,reports/lake-package-identity-after-vendoring-v4-30-0-rc2/REPORT.json,reports/lake-package-identity-after-vendoring-v4-30-0-rc2/REPORT.md,"[{""name"":""Lake package identity after vendoring selected by Anneal"",""identity"":{""repository"":""leanprover/lean4"",""revision"":""3dc1a088b6d2d8eafe25a7cd7ec7b58d731bd7cc"",""version"":""v4.30.0-rc2""}},{""name"":""Anneal V2 archive workspace construction"",""identity"":{""repository"":""google/zerocopy"",""revision"":""41f5b37afe7060fd9fe08c00b200672cd76d77b9""}}]"
R431,newer_version_recheck,Lean/Lake v4.30.0-rc2,Safe pruning of Lean package trees for Anneal,"A Lean/Lake package tree cannot be pruned safely by classifying filenames as “source,” “build output,” and “metadata” in the abstract. At Lean/Lake v4.30.0-rc2, a loaded Package carries a configuration file, dependency declarations, target declarations, scripts, hooks, test/lint drivers, source and build-directory settings, README and license-file paths, and native/build settings. Lean libraries and executables may choose their own source roots. A Lean-authored lakefile.lean ",Lake package model selected by Anneal; Anneal package-tree pruning; Aeneas Lean package selected by Anneal,False,Empirical or source-backed behavior depends on the named toolchain pin.,Lean/Lake stable v4.34.1; optional prerelease v4.35.0-rc3. Rebuild all OLean/native artifacts.,reports/lake-package-tree-pruning-v4-30-0-rc2/REPORT.json,reports/lake-package-tree-pruning-v4-30-0-rc2/REPORT.md,"[{""name"":""Lake package model selected by Anneal"",""identity"":{""repository"":""leanprover/lean4"",""revision"":""3dc1a088b6d2d8eafe25a7cd7ec7b58d731bd7cc"",""version"":""v4.30.0-rc2"",""component"":""Lake""}},{""name"":""Anneal package-tree pruning"",""identity"":{""repository"":""google/zerocopy"",""revision"":""41f5b37afe7060fd9fe08c00b200672cd76d77b9"",""path"":""anneal/prune-lake-cache.py""}},{""name"":""Aeneas Lean package selected by Anneal"",""identity"":{""repository"":""AeneasVerif/aeneas"",""revision"":""ac9f1bc5262a5e4ff1e24ca78617121382202727"",""release"":""nightly-2026.06.03"",""path"":""backends/lean""}}]"
R432,newer_version_recheck,Lean/Lake v4.30.0-rc2,"Path embedding in Lake manifests, traces, setup files, and artifacts","Lake v4.30.0-rc2 does not have one uniform rule for filesystem paths. Its normal dependency manifest is deliberately relative and relocatable, but Lake also carries absolute runtime paths and persists some of them in build-side metadata. In particular, module setup.json files can serialize import-artifact, dynamic-library, and plugin paths; .trace files serialize path-bearing input captions and saved logs; and linker response files serialize the concrete object and library ar",Lean 4 / Lake v4.30.0-rc2; Anneal V1 Lake relocation remediation,False,Empirical or source-backed behavior depends on the named toolchain pin.,Lean/Lake stable v4.34.1; optional prerelease v4.35.0-rc3. Rebuild all OLean/native artifacts.,reports/lake-path-embedding-v4-30-0-rc2/REPORT.json,reports/lake-path-embedding-v4-30-0-rc2/REPORT.md,"[{""name"":""Lean 4 / Lake v4.30.0-rc2"",""identity"":{""repository"":""leanprover/lean4"",""revision"":""3dc1a088b6d2d8eafe25a7cd7ec7b58d731bd7cc"",""version"":""v4.30.0-rc2""}},{""name"":""Anneal V1 Lake relocation remediation"",""identity"":{""repository"":""google/zerocopy"",""revision"":""64bd6d6f1142022eb9297e880214ceb2d87ef72a"",""pull_request"":""3450""}}]"
R433,newer_version_recheck,Lean/Lake v4.30.0-rc2,"Lake read-only, relocation, offline, and concurrency behavior at Lean v4.30.0-rc2","At leanprover/lean4@3dc1a088b6d2d8eafe25a7cd7ec7b58d731bd7cc (v4.30.0-rc2), Lake does not provide one switch that makes a prepared environment read-only, relocatable, offline, and safe for arbitrary concurrent use. Those properties come from a narrower state contract.","Lake read-only, relocation, offline, and concurrency behavior shipped with Lean v4.30.0-rc2",False,Empirical or source-backed behavior depends on the named toolchain pin.,Lean/Lake stable v4.34.1; optional prerelease v4.35.0-rc3. Rebuild all OLean/native artifacts.,reports/lake-readonly-relocation-offline-concurrency-v4-30-0-rc2/REPORT.json,reports/lake-readonly-relocation-offline-concurrency-v4-30-0-rc2/REPORT.md,"[{""name"":""Lake read-only, relocation, offline, and concurrency behavior shipped with Lean v4.30.0-rc2"",""identity"":{""repository"":""leanprover/lean4"",""revision"":""3dc1a088b6d2d8eafe25a7cd7ec7b58d731bd7cc"",""version"":""v4.30.0-rc2""}}]"
R434,newer_version_recheck,Lean/Lake v4.30.0-rc2,Machine-observable Lake reuse versus rebuild evidence at Lean v4.30.0-rc2,"At leanprover/lean4@3dc1a088b6d2d8eafe25a7cd7ec7b58d731bd7cc (v4.30.0-rc2), Lake exposes several useful but differently scoped signals for distinguishing reuse, cache fetching, and rebuilding. No single inspected signal proves every property Anneal might mean by “this build reused prior work.”",Lake reuse/rebuild observability selected by Anneal,False,Empirical or source-backed behavior depends on the named toolchain pin.,Lean/Lake stable v4.34.1; optional prerelease v4.35.0-rc3. Rebuild all OLean/native artifacts.,reports/lake-reuse-rebuild-observability-v4-30-0-rc2/REPORT.json,reports/lake-reuse-rebuild-observability-v4-30-0-rc2/REPORT.md,"[{""name"":""Lake reuse/rebuild observability selected by Anneal"",""identity"":{""repository"":""leanprover/lean4"",""revision"":""3dc1a088b6d2d8eafe25a7cd7ec7b58d731bd7cc"",""version"":""v4.30.0-rc2""}}]"
R435,newer_version_recheck,Lean/Lake v4.30.0-rc2,Lake language-server preparation versus ordinary builds at Lean v4.30.0-rc2,"At leanprover/lean4@3dc1a088b6d2d8eafe25a7cd7ec7b58d731bd7cc (v4.30.0-rc2), launching the Lean server and preparing an individual open file are separate Lake operations.",Lake and Lean language-server preparation at Lean v4.30.0-rc2,False,Empirical or source-backed behavior depends on the named toolchain pin.,Lean/Lake stable v4.34.1; optional prerelease v4.35.0-rc3. Rebuild all OLean/native artifacts.,reports/lake-server-preparation-v4-30-0-rc2/REPORT.json,reports/lake-server-preparation-v4-30-0-rc2/REPORT.md,"[{""name"":""Lake and Lean language-server preparation at Lean v4.30.0-rc2"",""identity"":{""repository"":""leanprover/lean4"",""revision"":""3dc1a088b6d2d8eafe25a7cd7ec7b58d731bd7cc"",""version"":""v4.30.0-rc2""}}]"
R436,newer_version_recheck,Lean/Lake v4.30.0-rc2,Lake source materialization and prebuilt dependency trees at Lean v4.30.0-rc2,"At leanprover/lean4@3dc1a088b6d2d8eafe25a7cd7ec7b58d731bd7cc (v4.30.0-rc2), a prebuilt Lake dependency tree does not by itself suppress dependency source materialization. Lake loads and materializes the workspace before ordinary build execution. What Lake does next is controlled primarily by the manifest entry for each dependency.",Lake dependency source materialization selected by Anneal; Anneal V2 vendored Lake dependency preparation,False,Empirical or source-backed behavior depends on the named toolchain pin.,Lean/Lake stable v4.34.1; optional prerelease v4.35.0-rc3. Rebuild all OLean/native artifacts.,reports/lake-source-materialization-v4-30-0-rc2/REPORT.json,reports/lake-source-materialization-v4-30-0-rc2/REPORT.md,"[{""name"":""Lake dependency source materialization selected by Anneal"",""identity"":{""repository"":""leanprover/lean4"",""revision"":""3dc1a088b6d2d8eafe25a7cd7ec7b58d731bd7cc"",""version"":""v4.30.0-rc2""}},{""name"":""Anneal V2 vendored Lake dependency preparation"",""identity"":{""repository"":""google/zerocopy"",""revision"":""41f5b37afe7060fd9fe08c00b200672cd76d77b9"",""path"":""anneal""}}]"
R437,newer_version_recheck,Lean/Lake v4.30.0-rc2,"Lake package, workspace, build, and trace state at Lean v4.30.0-rc2","At leanprover/lean4@3dc1a088b6d2d8eafe25a7cd7ec7b58d731bd7cc (v4.30.0-rc2), Lake separates several kinds of state that are easy to conflate.",Lake implementation shipped with Lean v4.30.0-rc2,False,Empirical or source-backed behavior depends on the named toolchain pin.,Lean/Lake stable v4.34.1; optional prerelease v4.35.0-rc3. Rebuild all OLean/native artifacts.,reports/lake-state-model-v4-30-0-rc2/REPORT.json,reports/lake-state-model-v4-30-0-rc2/REPORT.md,"[{""name"":""Lake implementation shipped with Lean v4.30.0-rc2"",""identity"":{""repository"":""leanprover/lean4"",""revision"":""3dc1a088b6d2d8eafe25a7cd7ec7b58d731bd7cc"",""version"":""v4.30.0-rc2""}}]"
R438,newer_version_recheck,Lean/Lake v4.30.0-rc2,Lake `.trace.nobuild` semantics at Lean v4.30.0-rc2,"At leanprover/lean4@3dc1a088b6d2d8eafe25a7cd7ec7b58d731bd7cc (v4.30.0-rc2), a .trace.nobuild file is diagnostic output from a failed --no-build check, not an input to Lake's rebuild algorithm.",Lake .trace.nobuild behavior shipped with Lean v4.30.0-rc2,False,Empirical or source-backed behavior depends on the named toolchain pin.,Lean/Lake stable v4.34.1; optional prerelease v4.35.0-rc3. Rebuild all OLean/native artifacts.,reports/lake-trace-nobuild-v4-30-0-rc2/REPORT.json,reports/lake-trace-nobuild-v4-30-0-rc2/REPORT.md,"[{""name"":""Lake .trace.nobuild behavior shipped with Lean v4.30.0-rc2"",""identity"":{""repository"":""leanprover/lean4"",""revision"":""3dc1a088b6d2d8eafe25a7cd7ec7b58d731bd7cc"",""version"":""v4.30.0-rc2""}}]"
R439,newer_version_recheck,Lean/Lake v4.30.0-rc2,Lake trace relocation and rewrite boundaries at Lean v4.30.0-rc2,"At leanprover/lean4@3dc1a088b6d2d8eafe25a7cd7ec7b58d731bd7cc (v4.30.0-rc2), a Lake .trace filename does not identify one uniform data format or one uniform class of path strings.",Lake trace formats and freshness behavior selected by Anneal; Anneal trace-prefix rewrite utility examined as historical remediation,False,Empirical or source-backed behavior depends on the named toolchain pin.,Lean/Lake stable v4.34.1; optional prerelease v4.35.0-rc3. Rebuild all OLean/native artifacts.,reports/lake-trace-relocation-rewrite-boundaries-v4-30-0-rc2/REPORT.json,reports/lake-trace-relocation-rewrite-boundaries-v4-30-0-rc2/REPORT.md,"[{""name"":""Lake trace formats and freshness behavior selected by Anneal"",""identity"":{""repository"":""leanprover/lean4"",""revision"":""3dc1a088b6d2d8eafe25a7cd7ec7b58d731bd7cc"",""version"":""v4.30.0-rc2"",""component"":""Lake""}},{""name"":""Anneal trace-prefix rewrite utility examined as historical remediation"",""identity"":{""repository"":""google/zerocopy"",""revision"":""41f5b37afe7060fd9fe08c00b200672cd76d77b9"",""path"":""anneal/rewrite-lake-vendor.py""}}]"
R440,newer_version_recheck,Lean/Lake v4.30.0-rc2,Transitive path dependencies in Lake v4.30.0-rc2,"Lake v4.30.0-rc2 interprets a path dependency relative to the package that declares it, but it does not preserve that nested coordinate system in the root lockfile. During update, Lake flattens the dependency closure into the root lake-manifest.json. A path entry inherited from package P is rewritten from child/path to P's root-workspace-relative directory joined with child/path, then marked inherited. A Git entry is also marked inherited but is not path-rebased because its r",Lake transitive path dependency semantics selected by Anneal; Anneal V2 archive workspace construction,False,Empirical or source-backed behavior depends on the named toolchain pin.,Lean/Lake stable v4.34.1; optional prerelease v4.35.0-rc3. Rebuild all OLean/native artifacts.,reports/lake-transitive-path-dependencies-v4-30-0-rc2/REPORT.json,reports/lake-transitive-path-dependencies-v4-30-0-rc2/REPORT.md,"[{""name"":""Lake transitive path dependency semantics selected by Anneal"",""identity"":{""repository"":""leanprover/lean4"",""revision"":""3dc1a088b6d2d8eafe25a7cd7ec7b58d731bd7cc"",""version"":""v4.30.0-rc2""}},{""name"":""Anneal V2 archive workspace construction"",""identity"":{""repository"":""google/zerocopy"",""revision"":""41f5b37afe7060fd9fe08c00b200672cd76d77b9""}}]"
R441,newer_version_recheck,Lean/Lake v4.30.0-rc2,Workspace-owned versus package-owned mutable Lake state at v4.30.0-rc2,"At leanprover/lean4@3dc1a088b6d2d8eafe25a7cd7ec7b58d731bd7cc (v4.30.0-rc2), Lake does not put all mutable state for a workspace under one workspace-private directory. The important boundary is the Package.dir of each loaded package.",Lake workspace-versus-package mutable-state ownership,False,Empirical or source-backed behavior depends on the named toolchain pin.,Lean/Lake stable v4.34.1; optional prerelease v4.35.0-rc3. Rebuild all OLean/native artifacts.,reports/lake-workspace-package-mutable-state-v4-30-0-rc2/REPORT.json,reports/lake-workspace-package-mutable-state-v4-30-0-rc2/REPORT.md,"[{""name"":""Lake workspace-versus-package mutable-state ownership"",""identity"":{""repository"":""leanprover/lean4"",""revision"":""3dc1a088b6d2d8eafe25a7cd7ec7b58d731bd7cc"",""version"":""v4.30.0-rc2""}}]"
R442,incidental_or_citation,No pinned-software conclusion requiring a newer-version rerun,LCF abstract theorem values: what a small kernel does and does not buy Anneal,"LCF's important architectural move was not merely to put a small checker at the bottom of a prover. It made theorem values an abstract type in the proof-programming language and allowed ordinary proof code to obtain values of that type only through trusted axioms and primitive inference rules. Tactics could search, fail, backtrack, or decompose a goal incorrectly, but they could not manufacture a theorem value unless their validations ultimately reconstructed one through thos",A Metalanguage for Interactive Proof in LCF; Edinburgh LCF: A Mechanised Logic of Computation; LCF: A Way of Doing Proofs with a Machine; Logic and Computation: Interactive Proof with Cambridge LCF; Anneal design contract and reference-corpus artifact evidence,False,LCF historical abstract-theorem-value mechanism and Anneal architecture transfer; current software revisions are contextual citations.,No newer-version comparison for the main conclusion.,reports/lcf-abstract-theorem-values-trust-boundaries-1978-2026/REPORT.json,reports/lcf-abstract-theorem-values-trust-boundaries-1978-2026/REPORT.md,"[{""name"":""A Metalanguage for Interactive Proof in LCF"",""identity"":{""doi"":""10.1145/512760.512773"",""venue"":""POPL 1978""}},{""name"":""Edinburgh LCF: A Mechanised Logic of Computation"",""identity"":{""doi"":""10.1007/3-540-09724-4"",""series"":""Lecture Notes in Computer Science 78""}},{""name"":""LCF: A Way of Doing Proofs with a Machine"",""identity"":{""doi"":""10.1007/3-540-09526-8_11"",""venue"":""MFCS 1979""}},{""name"":""Logic and Computation: Interactive Proof with Cambridge LCF"",""identity"":{""chapter_doi"":""10.1017/CBO9780511526602.008"",""year"":""1987""}},{""name"":""Anneal design contract and reference-corpus artifact evidence"",""identity"":{""repository"":""google/zerocopy"",""revision"":""cc135f46155b72e4b51188525c2974a3b84acf92""}}]"
R443,newer_version_recheck,Lean/Lake v4.30.0-rc2 Linux aarch64 + leantar,Lean 4.30.0-rc2 `linux_aarch64` bundled leantar anomaly,"Reinspection of the official Lean 4.30.0-rc2 linuxaarch64 archive confirmed its bundled bin/leantar is x86-64, while the separately released aarch64 leantar is AArch64. The foreign binary was inspected but never executed.",Lean 4.30.0-rc2 linux_aarch64 archive; leantar v0.1.16 native AArch64 archive,False,Empirical or source-backed behavior depends on the named toolchain pin.,Lean/Lake stable v4.34.1; optional prerelease v4.35.0-rc3. Rebuild all OLean/native artifacts.,reports/lean-430-rc2-linux-aarch64-leantar-anomaly/REPORT.json,reports/lean-430-rc2-linux-aarch64-leantar-anomaly/REPORT.md,"[{""name"":""Lean 4.30.0-rc2 linux_aarch64 archive"",""identity"":{""repository"":""leanprover/lean4"",""version"":""v4.30.0-rc2"",""asset"":""lean-4.30.0-rc2-linux_aarch64.tar.zst"",""sha256"":""b196f41da23960e842fc0fc04749d1639d44839feafc0414e53cb2db6b16790f""}},{""name"":""leantar v0.1.16 native AArch64 archive"",""identity"":{""repository"":""digama0/leangz"",""version"":""v0.1.16"",""asset"":""leantar-v0.1.16-aarch64-unknown-linux-musl.tar.gz"",""sha256"":""26eb775436883e3d5cdad27af35b9c37212c73106316863ea1fc5f8ec2cc9de4""}}]"
R444,newer_version_recheck,Lean/Lake v4.30.0-rc2,Lean batch diagnostic normalization against relocation and semantic controls,"On Lean 4.30.0-rc2, changing the input path of a tiny identical module changes its raw JSON diagnostic filename and its .olean bytes. Replacing only the known filename field makes those diagnostics equal, and a fixed import query reports the same theorem and axiom dependencies from both artifacts. Yet a different, valid theorem gives the same normalized compilation diagnostics while the import query reports a different proposition. Normalized diagnostic equality alone is ther",Lean 4 batch compiler,False,Empirical or source-backed behavior depends on the named toolchain pin.,Lean/Lake stable v4.34.1; optional prerelease v4.35.0-rc3. Rebuild all OLean/native artifacts.,reports/lean-batch-diagnostic-normalization-oracle-v4-30-0-rc2/REPORT.json,reports/lean-batch-diagnostic-normalization-oracle-v4-30-0-rc2/REPORT.md,"[{""name"":""Lean 4 batch compiler"",""identity"":{""repository"":""leanprover/lean4"",""revision"":""3dc1a088b6d2d8eafe25a7cd7ec7b58d731bd7cc"",""version"":""v4.30.0-rc2"",""binary_sha256"":""b48bc5ab229bd8b320a224b87e20fc428dba6fa8a1c054bd4fa6def846e19997""}}]"
R445,newer_version_recheck,Lean/Lake v4.30.0-rc2,Lean CLI entry points and environment at v4.30.0-rc2,"At leanprover/lean4@3dc1a088b6d2d8eafe25a7cd7ec7b58d731bd7cc (v4.30.0-rc2), the lean command is one executable with several entry paths rather than separate batch, JSON, and server programs. Lean.Shell parses the command-line state and dispatches either to ordinary file processing, the language-server watchdog (--server), or the server worker (--worker). Ordinary file processing reads one source file or stdin and calls Lean.Elab.runFrontend; --json and -E change reporting pol",Lean 4 command-line shell and Lake execution environment selected by Anneal,False,Empirical or source-backed behavior depends on the named toolchain pin.,Lean/Lake stable v4.34.1; optional prerelease v4.35.0-rc3. Rebuild all OLean/native artifacts.,reports/lean-cli-entry-points-v4-30-0-rc2/REPORT.json,reports/lean-cli-entry-points-v4-30-0-rc2/REPORT.md,"[{""name"":""Lean 4 command-line shell and Lake execution environment selected by Anneal"",""identity"":{""repository"":""leanprover/lean4"",""revision"":""3dc1a088b6d2d8eafe25a7cd7ec7b58d731bd7cc"",""version"":""v4.30.0-rc2""}}]"
R446,newer_version_recheck,Lean/Lake v4.30.0-rc2,Lean compilation determinism at v4.30.0-rc2,"Lean v4.30.0-rc2 contains explicit mechanisms that make selected parts of compilation independent of scheduling or unstable internal representation order, but the inspected source does not establish a global promise that two builds of the same module produce byte-identical outputs.",Lean 4 compilation determinism at the revision selected by Anneal,False,Empirical or source-backed behavior depends on the named toolchain pin.,Lean/Lake stable v4.34.1; optional prerelease v4.35.0-rc3. Rebuild all OLean/native artifacts.,reports/lean-compilation-determinism-v4-30-0-rc2/REPORT.json,reports/lean-compilation-determinism-v4-30-0-rc2/REPORT.md,"[{""name"":""Lean 4 compilation determinism at the revision selected by Anneal"",""identity"":{""repository"":""leanprover/lean4"",""revision"":""3dc1a088b6d2d8eafe25a7cd7ec7b58d731bd7cc"",""version"":""v4.30.0-rc2""}}]"
R447,prior_comparison,Lean/Lake v4.29.0 versus v4.30.0-rc2 (prior comparison),Lean compilation determinism and version diff,"Two small-project builds per Lean version produced byte-identical repeated clean artifacts and repeated fetched-cache artifacts. The cache-fetched path omitted project-local .olean files, so batch imports failed until local artifacts were materialized. The LSP comparison found a version-specific advertised RPC capability.",Lean 4; Lean 4,False,Existing comparison of earlier adjacent versions; refresh on the newer target.,Lean/Lake stable v4.34.1; optional prerelease v4.35.0-rc3. Rebuild all OLean/native artifacts.,reports/lean-compilation-reproducibility-cross-version-v4-29-v4-30/REPORT.json,reports/lean-compilation-reproducibility-cross-version-v4-29-v4-30/REPORT.md,"[{""name"":""Lean 4"",""identity"":{""repository"":""leanprover/lean4"",""revision"":""98dc76e3c0a9b856c9b98726b713fb04fab16740"",""version"":""v4.29.0""}},{""name"":""Lean 4"",""identity"":{""repository"":""leanprover/lean4"",""revision"":""3dc1a088b6d2d8eafe25a7cd7ec7b58d731bd7cc"",""version"":""v4.30.0-rc2""}}]"
R448,newer_version_recheck,Lean/Lake v4.30.0-rc2,Stable diagnostic width and formatting controls at Lean v4.30.0-rc2,"At leanprover/lean4@3dc1a088b6d2d8eafe25a7cd7ec7b58d731bd7cc (v4.30.0-rc2), Lean exposes many options that change how expressions and syntax appear inside diagnostics, but it does not expose one option that makes the complete batch diagnostic string a canonical, version-independent format.",Lean diagnostic rendering and width/format controls selected by Anneal,False,Empirical or source-backed behavior depends on the named toolchain pin.,Lean/Lake stable v4.34.1; optional prerelease v4.35.0-rc3. Rebuild all OLean/native artifacts.,reports/lean-diagnostic-format-controls-v4-30-0-rc2/REPORT.json,reports/lean-diagnostic-format-controls-v4-30-0-rc2/REPORT.md,"[{""name"":""Lean diagnostic rendering and width/format controls selected by Anneal"",""identity"":{""repository"":""leanprover/lean4"",""revision"":""3dc1a088b6d2d8eafe25a7cd7ec7b58d731bd7cc"",""version"":""v4.30.0-rc2""}}]"
R449,newer_version_recheck,Lean/Lake v4.30.0-rc2,Lean diagnostic objects and severity at v4.30.0-rc2,"At leanprover/lean4@3dc1a088b6d2d8eafe25a7cd7ec7b58d731bd7cc (v4.30.0-rc2), Lean's elaborator diagnostic model is centered on Message, not directly on LSP Diagnostic. A Message carries a Lean file name, start and optional end positions, a three-valued severity (information, warning, or error), a silent-display flag, a caption, and structured MessageData. Its top-level message-data tag can also carry a machine-recognizable message kind or named-error identity.",Lean 4 diagnostic object and severity model selected by Anneal,False,Empirical or source-backed behavior depends on the named toolchain pin.,Lean/Lake stable v4.34.1; optional prerelease v4.35.0-rc3. Rebuild all OLean/native artifacts.,reports/lean-diagnostic-objects-severity-v4-30-0-rc2/REPORT.json,reports/lean-diagnostic-objects-severity-v4-30-0-rc2/REPORT.md,"[{""name"":""Lean 4 diagnostic object and severity model selected by Anneal"",""identity"":{""repository"":""leanprover/lean4"",""revision"":""3dc1a088b6d2d8eafe25a7cd7ec7b58d731bd7cc"",""version"":""v4.30.0-rc2""}}]"
R450,newer_version_recheck,Lean/Lake v4.30.0-rc2,Lean environment identity and invalidation at v4.30.0-rc2,"At leanprover/lean4@3dc1a088b6d2d8eafe25a7cd7ec7b58d731bd7cc (v4.30.0-rc2), Lean's incremental language processor does not decide whether an elaboration environment can be reused by computing a semantic hash of Lean.Environment. The source states the opposite: there is no cheap way to determine whether an Environment is unchanged, so incremental reuse relies on syntax-preserving prefixes and stops carrying old state forward after the first relevant syntactic change.",Lean environment identity and invalidation selected by Anneal,False,Empirical or source-backed behavior depends on the named toolchain pin.,Lean/Lake stable v4.34.1; optional prerelease v4.35.0-rc3. Rebuild all OLean/native artifacts.,reports/lean-environment-hashing-invalidation-v4-30-0-rc2/REPORT.json,reports/lean-environment-hashing-invalidation-v4-30-0-rc2/REPORT.md,"[{""name"":""Lean environment identity and invalidation selected by Anneal"",""identity"":{""repository"":""leanprover/lean4"",""revision"":""3dc1a088b6d2d8eafe25a7cd7ec7b58d731bd7cc"",""version"":""v4.30.0-rc2""}}]"
R451,newer_version_recheck,Lean/Lake v4.30.0-rc2,Lean environment identity and invalidation at v4.30.0-rc2,"Lean 4.30.0-rc2 does not use a content hash of the full Environment to decide whether an old elaboration state is still reusable. The incremental language processor says explicitly that it has no cheap semantic test for an unchanged Environment. It therefore reuses old state through persistent snapshots and syntactic checks, and it stops forwarding old state from the first relevant syntax change.",Lean 4 environment and incremental processor selected by Anneal; Anneal Lean toolchain selection,False,Empirical or source-backed behavior depends on the named toolchain pin.,Lean/Lake stable v4.34.1; optional prerelease v4.35.0-rc3. Rebuild all OLean/native artifacts.,reports/lean-environment-invalidation-v4-30-0-rc2/REPORT.json,reports/lean-environment-invalidation-v4-30-0-rc2/REPORT.md,"[{""name"":""Lean 4 environment and incremental processor selected by Anneal"",""identity"":{""repository"":""leanprover/lean4"",""revision"":""3dc1a088b6d2d8eafe25a7cd7ec7b58d731bd7cc"",""version"":""v4.30.0-rc2""}},{""name"":""Anneal Lean toolchain selection"",""identity"":{""repository"":""google/zerocopy"",""revision"":""41f5b37afe7060fd9fe08c00b200672cd76d77b9""}}]"
R452,newer_version_recheck,Lean/Lake v4.30.0-rc2,Generated Lean files under an interactive Lean server,"A generated Lean file has two different identities in an interactive workflow: the bytes written by the generator and the document state currently owned by the LSP client. Once a client sends textDocument/didOpen, LSP makes the client-managed text authoritative for that open document. Re-running Aeneas and replacing the file on disk therefore does not, by itself, replace the text that Lean is elaborating for an already-open document. The client must synchronize the regenerate",Lean 4 language server selected by Anneal; Aeneas Lean generator selected by Anneal; Language Server Protocol 3.18 specification,False,Empirical or source-backed behavior depends on the named toolchain pin.,Lean/Lake stable v4.34.1; optional prerelease v4.35.0-rc3. Rebuild all OLean/native artifacts.,reports/lean-generated-file-interactive-workflows-v4-30-0-rc2/REPORT.json,reports/lean-generated-file-interactive-workflows-v4-30-0-rc2/REPORT.md,"[{""name"":""Lean 4 language server selected by Anneal"",""identity"":{""repository"":""leanprover/lean4"",""revision"":""3dc1a088b6d2d8eafe25a7cd7ec7b58d731bd7cc"",""version"":""v4.30.0-rc2""}},{""name"":""Aeneas Lean generator selected by Anneal"",""identity"":{""repository"":""AeneasVerif/aeneas"",""revision"":""ac9f1bc5262a5e4ff1e24ca78617121382202727"",""release"":""nightly-2026.06.03""}},{""name"":""Language Server Protocol 3.18 specification"",""identity"":{""repository"":""microsoft/language-server-protocol"",""revision"":""de9a671ae6ba374cc748a29c1c620cbc536302ff"",""version"":""3.18""}}]"
R453,newer_version_recheck,Lean/Lake v4.30.0-rc2,Offline client envelope replay for late Lean goal replies,"A small client state machine bound each plainGoal request to its submission-time (process incarnation, URI, document version, source SHA-256, position). On each of three retained Lean 4.30.0-rc2 wire traces, it admitted the version-2 ⊢ False reply as current and rejected the later version-1 ⊢ True reply for a latest-state caller. An explicit historical caller could receive that older result with its version-1 envelope. Synthetic reorder, single-field mutation, and restart/req",Lean 4 direct-server goal wire records; Offline client goal-envelope replay,False,Empirical or source-backed behavior depends on the named toolchain pin.,Lean/Lake stable v4.34.1; optional prerelease v4.35.0-rc3. Rebuild all OLean/native artifacts.,reports/lean-goal-envelope-replay-2026-09-29/REPORT.json,reports/lean-goal-envelope-replay-2026-09-29/REPORT.md,"[{""name"":""Lean 4 direct-server goal wire records"",""identity"":{""repository"":""leanprover/lean4"",""revision"":""3dc1a088b6d2d8eafe25a7cd7ec7b58d731bd7cc"",""version"":""v4.30.0-rc2"",""lean-binary-sha256"":""b48bc5ab229bd8b320a224b87e20fc428dba6fa8a1c054bd4fa6def846e19997""}},{""name"":""Offline client goal-envelope replay"",""identity"":{""artifact"":""support/replay.py"",""sha256"":""c170f5444284cfcbd81177812d530e598e5dcd47c3da278d17f2b5bd20a91d41""}}]"
R454,newer_version_recheck,Lean/Lake v4.30.0-rc2,Lean `grind` behavior and extensibility at v4.30.0-rc2,"At leanprover/lean4@3dc1a088b6d2d8eafe25a7cd7ec7b58d731bd7cc (v4.30.0-rc2), grind is a bounded proof-search engine built around normalization, congruence closure, theorem instantiation, branching, and registered theory solvers. Its terminal search repeatedly gives registered solvers first opportunity to make progress, then tries E-matching instantiation, case splitting, and model-based theory combination. The search uses continuation-passing actions so branching steps can per",Lean 4 grind tactic,False,Empirical or source-backed behavior depends on the named toolchain pin.,Lean/Lake stable v4.34.1; optional prerelease v4.35.0-rc3. Rebuild all OLean/native artifacts.,reports/lean-grind-behavior-extensibility-v4-30-0-rc2/REPORT.json,reports/lean-grind-behavior-extensibility-v4-30-0-rc2/REPORT.md,"[{""name"":""Lean 4 grind tactic"",""identity"":{""repository"":""leanprover/lean4"",""revision"":""3dc1a088b6d2d8eafe25a7cd7ec7b58d731bd7cc"",""version"":""v4.30.0-rc2""}}]"
R455,newer_version_recheck,Lean/Lake v4.30.0-rc2,Lean 4 `.ilean` schema and server/reference uses at v4.30.0-rc2,"At Lean v4.30.0-rc2, a .ilean is a compact JSON projection of elaboration metadata for editor and project-wide reference services. It is not a serialized InfoTree, not a proof-state snapshot, and not a substitute for .olean. The persisted top-level value has five fields: format version (default 5), logical module, directImports, references, and declaration ranges decls.",Lean 4 `.ilean` schema and server/reference uses selected by Anneal,False,Empirical or source-backed behavior depends on the named toolchain pin.,Lean/Lake stable v4.34.1; optional prerelease v4.35.0-rc3. Rebuild all OLean/native artifacts.,reports/lean-ilean-schema-uses-v4-30-0-rc2/REPORT.json,reports/lean-ilean-schema-uses-v4-30-0-rc2/REPORT.md,"[{""name"":""Lean 4 `.ilean` schema and server/reference uses selected by Anneal"",""identity"":{""repository"":""leanprover/lean4"",""revision"":""3dc1a088b6d2d8eafe25a7cd7ec7b58d731bd7cc"",""version"":""v4.30.0-rc2""}}]"
R456,prior_comparison,Lean/Lake v4.29.0 versus v4.30.0-rc2 (prior comparison),Imported-generation refresh behavior across Lean 4.29 and 4.30-rc2,"The direct lean --server imported-generation probe produced the same old/new-document contrast under Lean 4.29.0 and Lean 4.30.0-rc2: an already-open proof document continued to report “no goals” after its imported .olean changed; a newly opened or closed/reopened document in the same server process reported the remaining goal; fresh batch Lean failed on the same proof text. In both versions, a second old-document query after the new document was ready and a further 0.5-secon",Lean 4; Lean 4; Lean direct server fixture,False,Existing comparison of earlier adjacent versions; refresh on the newer target.,Lean/Lake stable v4.34.1; optional prerelease v4.35.0-rc3. Rebuild all OLean/native artifacts.,reports/lean-import-refresh-cross-version-v4-29-to-v4-30-rc2/REPORT.json,reports/lean-import-refresh-cross-version-v4-29-to-v4-30-rc2/REPORT.md,"[{""name"":""Lean 4"",""identity"":{""repository"":""leanprover/lean4"",""revision"":""98dc76e3c0a9b856c9b98726b713fb04fab16740"",""version"":""v4.29.0"",""local_executable"":""/Users/josh/Codex/Projects/zerocopy/.anneal-local-tools/elan/toolchains/leanprover--lean4---v4.29.0/bin/lean"",""executable_sha256"":""2974847fff2e2621502841f4c2dbac4035b4847d6060a4f2087cbc0d04005e37""}},{""name"":""Lean 4"",""identity"":{""repository"":""leanprover/lean4"",""revision"":""3dc1a088b6d2d8eafe25a7cd7ec7b58d731bd7cc"",""version"":""v4.30.0-rc2"",""local_executable"":""/Users/josh/Codex/Projects/zerocopy/.anneal-local-tools/elan/toolchains/leanprover--lean4---v4.30.0-rc2/bin/lean"",""executable_sha256"":""b48bc5ab229bd8b320a224b87e20fc428dba6fa8a1c054bd4fa6def846e19997""}},{""name"":""Lean direct server fixture"",""identity"":{""launch_mode"":""lean --server with LEAN_PATH"",""v429_probe_sha256"":""d269f82a96279482f4e0fc82f3bf1434fcd2dd0b86e8414cfa3e5a6193334717"",""v430_probe_sha256"":""d269f82a96279482f4e0fc82f3bf1434fcd2dd0b86e8414cfa3e5a6193334717""}}]"
R457,newer_version_recheck,Lean/Lake v4.30.0-rc2,Lean `InfoTree` and elaboration information at v4.30.0-rc2,"At leanprover/lean4@3dc1a088b6d2d8eafe25a7cd7ec7b58d731bd7cc (v4.30.0-rc2), an InfoTree is elaboration-time metadata attached to language-processing snapshots. It preserves information that the kernel environment alone cannot reconstruct cheaply or at all: the syntax and source position associated with an elaboration step, local and metavariable contexts, elaborated expressions and expected types, tactic goals before and after a tactic, macro-expansion input and output, compl",Lean 4 InfoTree and elaboration-information representation selected by Anneal,False,Empirical or source-backed behavior depends on the named toolchain pin.,Lean/Lake stable v4.34.1; optional prerelease v4.35.0-rc3. Rebuild all OLean/native artifacts.,reports/lean-infotree-elaboration-info-v4-30-0-rc2/REPORT.json,reports/lean-infotree-elaboration-info-v4-30-0-rc2/REPORT.md,"[{""name"":""Lean 4 InfoTree and elaboration-information representation selected by Anneal"",""identity"":{""repository"":""leanprover/lean4"",""revision"":""3dc1a088b6d2d8eafe25a7cd7ec7b58d731bd7cc"",""version"":""v4.30.0-rc2""}}]"
R458,newer_version_recheck,Lean/Lake v4.30.0-rc2,Lean `--json` CLI protocol at v4.30.0-rc2,"At Lean v4.30.0-rc2, lean --json is primarily a JSON-lines encoding of Lean diagnostic messages, not a versioned protocol that frames every byte written by the process. The command-line frontend passes a Boolean jsonOutput flag into elaboration; each non-silent, unreported Message is converted to a SerialMessage, encoded as compact JSON, and printed as one line on standard output. The same frontend still has ordinary text error paths, and Lake's own lean --json consumer delib",Lean command-line JSON diagnostic protocol selected by Anneal,False,Empirical or source-backed behavior depends on the named toolchain pin.,Lean/Lake stable v4.34.1; optional prerelease v4.35.0-rc3. Rebuild all OLean/native artifacts.,reports/lean-json-cli-protocol-v4-30-0-rc2/REPORT.json,reports/lean-json-cli-protocol-v4-30-0-rc2/REPORT.md,"[{""name"":""Lean command-line JSON diagnostic protocol selected by Anneal"",""identity"":{""repository"":""leanprover/lean4"",""revision"":""3dc1a088b6d2d8eafe25a7cd7ec7b58d731bd7cc"",""version"":""v4.30.0-rc2""}}]"
R459,newer_version_recheck,Lean/Lake v4.30.0-rc2,Cross-platform portability of Lean/Lake artifacts at v4.30.0-rc2,"At leanprover/lean4@3dc1a088b6d2d8eafe25a7cd7ec7b58d731bd7cc (v4.30.0-rc2), Lake does not provide one cross-platform portability guarantee for a prepared package tree. It has two materially different artifact classes.",Lean 4 and Lake; Aeneas Lean backend selected by Anneal; Mathlib selected by Aeneas; Anneal toolchain packaging,False,Empirical or source-backed behavior depends on the named toolchain pin.,Lean/Lake stable v4.34.1; optional prerelease v4.35.0-rc3. Rebuild all OLean/native artifacts.,reports/lean-lake-cross-platform-artifact-portability-v4-30-0-rc2/REPORT.json,reports/lean-lake-cross-platform-artifact-portability-v4-30-0-rc2/REPORT.md,"[{""name"":""Lean 4 and Lake"",""identity"":{""repository"":""leanprover/lean4"",""revision"":""3dc1a088b6d2d8eafe25a7cd7ec7b58d731bd7cc"",""version"":""v4.30.0-rc2""}},{""name"":""Aeneas Lean backend selected by Anneal"",""identity"":{""repository"":""AeneasVerif/aeneas"",""revision"":""ac9f1bc5262a5e4ff1e24ca78617121382202727"",""release"":""nightly-2026.06.03""}},{""name"":""Mathlib selected by Aeneas"",""identity"":{""repository"":""leanprover-community/mathlib4"",""revision"":""5450b53e5ddc75d46418fabb605edbf36bd0beb6"",""version"":""v4.30.0-rc2""}},{""name"":""Anneal toolchain packaging"",""identity"":{""repository"":""google/zerocopy"",""revision"":""41f5b37afe7060fd9fe08c00b200672cd76d77b9""}}]"
R460,newer_version_recheck,Lean/Lake v4.30.0-rc2,Lean identity and module-artifact hashes consumed by Lake at v4.30.0-rc2,"At leanprover/lean4@3dc1a088b6d2d8eafe25a7cd7ec7b58d731bd7cc (v4.30.0-rc2), Lake does not consume a separate Lean-defined ""trace file"" or Lean-defined artifact-hash format to decide whether a module build is reusable. The boundary is simpler and more important:",Lean/Lake toolchain and module-artifact tracing selected by Anneal,False,Empirical or source-backed behavior depends on the named toolchain pin.,Lean/Lake stable v4.34.1; optional prerelease v4.35.0-rc3. Rebuild all OLean/native artifacts.,reports/lean-lake-trace-hash-artifacts-v4-30-0-rc2/REPORT.json,reports/lean-lake-trace-hash-artifacts-v4-30-0-rc2/REPORT.md,"[{""name"":""Lean/Lake toolchain and module-artifact tracing selected by Anneal"",""identity"":{""repository"":""leanprover/lean4"",""revision"":""3dc1a088b6d2d8eafe25a7cd7ec7b58d731bd7cc"",""version"":""v4.30.0-rc2""}}]"
R461,newer_version_recheck,Lean/Lake v4.30.0-rc2,Unsaved producer imports through Lake's Lean server,"In a tiny dependency-free Lake project launched with pinned lake serve, editing an open producer's LSP buffer did not change the imported environment of either a resident or newly opened consumer. Both continued to prove sharedValue = 3 while the unsaved producer buffer defined sharedValue := 4 and the compiled .olean still defined 3. After the producer source was written and rebuilt with Lake, a newly opened and a closed/reopened consumer reported the remaining goal ⊢ shared",Lean 4 and Lake,False,Empirical or source-backed behavior depends on the named toolchain pin.,Lean/Lake stable v4.34.1; optional prerelease v4.35.0-rc3. Rebuild all OLean/native artifacts.,reports/lean-lake-unsaved-cross-module-import-v4-30-0-rc2/REPORT.json,reports/lean-lake-unsaved-cross-module-import-v4-30-0-rc2/REPORT.md,"[{""name"":""Lean 4 and Lake"",""identity"":{""repository"":""leanprover/lean4"",""revision"":""3dc1a088b6d2d8eafe25a7cd7ec7b58d731bd7cc"",""version"":""v4.30.0-rc2""}}]"
R462,prior_comparison,Lean/Lake v4.29.0 versus v4.30.0-rc2 (prior comparison),Lean goal replies can arrive after a newer version has completed,"In three direct Lean 4.30.0-rc2 server runs, one document's version 2 elaborated, completed waitForDiagnostics(version=2), and returned its ⊢ False goal before outstanding version-1 wait and goal requests replied. The older wait then succeeded, and the older goal request returned ⊢ True. A request sent after both versions completed with waitForDiagnostics(version=1) also succeeded. The goal replies matched their submitted queries in these runs, but arrival order cannot identi",Lean 4 language server and batch checker,False,Existing comparison of earlier adjacent versions; refresh on the newer target.,Lean/Lake stable v4.34.1; optional prerelease v4.35.0-rc3. Rebuild all OLean/native artifacts.,reports/lean-lsp-cross-version-goal-completion-v4-30-0-rc2/REPORT.json,reports/lean-lsp-cross-version-goal-completion-v4-30-0-rc2/REPORT.md,"[{""name"":""Lean 4 language server and batch checker"",""identity"":{""repository"":""leanprover/lean4"",""revision"":""3dc1a088b6d2d8eafe25a7cd7ec7b58d731bd7cc"",""version"":""v4.30.0-rc2"",""lean-binary-sha256"":""b48bc5ab229bd8b320a224b87e20fc428dba6fa8a1c054bd4fa6def846e19997""}}]"
R463,newer_version_recheck,Lean/Lake v4.30.0-rc2,An old-version diagnostics wait can precede a newer Lean goal result,"On Lean 4.30.0-rc2, textDocument/waitForDiagnostics for document version 1 returned successfully after the same open document had advanced to version 2. A following $/lean/plainGoal returned version 2's solved goal state, without a version field in that result. This is the expected version ≥ requested wait contract, but a client must associate the goal with its own current document snapshot before applying a proof patch or treating it as verification evidence.",Lean 4 language server and batch checker,False,Empirical or source-backed behavior depends on the named toolchain pin.,Lean/Lake stable v4.34.1; optional prerelease v4.35.0-rc3. Rebuild all OLean/native artifacts.,reports/lean-lsp-old-version-wait-race-v4-30-0-rc2/REPORT.json,reports/lean-lsp-old-version-wait-race-v4-30-0-rc2/REPORT.md,"[{""name"":""Lean 4 language server and batch checker"",""identity"":{""repository"":""leanprover/lean4"",""revision"":""3dc1a088b6d2d8eafe25a7cd7ec7b58d731bd7cc"",""version"":""v4.30.0-rc2"",""lean-binary-sha256"":""b48bc5ab229bd8b320a224b87e20fc428dba6fa8a1c054bd4fa6def846e19997""}}]"
R464,newer_version_recheck,Lean/Lake v4.30.0-rc2,Open Lean buffer survives its disk path's rename and deletion,"In three direct Lean 4.30.0-rc2 server runs, an open document kept its unsaved version-2 goal ⊢ 2 = 2 while its disk file changed to source C, was overwritten by a save of source B, and was renamed away from its original URI. After the client closed that URI and opened the renamed path, deleting the renamed file still left its open buffer queryable with B's goal. Closing it made goal requests fail with -32801; recreating the path with C and reopening returned C's ⊢ 3 = 3 goal",Lean 4 language server and batch checker,False,Empirical or source-backed behavior depends on the named toolchain pin.,Lean/Lake stable v4.34.1; optional prerelease v4.35.0-rc3. Rebuild all OLean/native artifacts.,reports/lean-lsp-open-buffer-path-disappearance-v4-30-0-rc2/REPORT.json,reports/lean-lsp-open-buffer-path-disappearance-v4-30-0-rc2/REPORT.md,"[{""name"":""Lean 4 language server and batch checker"",""identity"":{""repository"":""leanprover/lean4"",""revision"":""3dc1a088b6d2d8eafe25a7cd7ec7b58d731bd7cc"",""version"":""v4.30.0-rc2"",""lean-binary-sha256"":""b48bc5ab229bd8b320a224b87e20fc428dba6fa8a1c054bd4fa6def846e19997""}}]"
R465,newer_version_recheck,Lean/Lake v4.30.0-rc2,Lean macro hygiene at v4.30.0-rc2,"At leanprover/lean4@3dc1a088b6d2d8eafe25a7cd7ec7b58d731bd7cc (v4.30.0-rc2), ordinary syntax quotation protects generated code from two different capture hazards.",Lean 4 macro hygiene selected by Anneal,False,Empirical or source-backed behavior depends on the named toolchain pin.,Lean/Lake stable v4.34.1; optional prerelease v4.35.0-rc3. Rebuild all OLean/native artifacts.,reports/lean-macro-hygiene-v4-30-0-rc2/REPORT.json,reports/lean-macro-hygiene-v4-30-0-rc2/REPORT.md,"[{""name"":""Lean 4 macro hygiene selected by Anneal"",""identity"":{""repository"":""leanprover/lean4"",""revision"":""3dc1a088b6d2d8eafe25a7cd7ec7b58d731bd7cc"",""version"":""v4.30.0-rc2""}}]"
R466,incidental_or_citation,No pinned-software conclusion requiring a newer-version rerun,Existing Lean MCP implementations span several distinct proof-interaction models,"Current public Lean-facing MCP implementations do not converge on one server architecture. They fall into four useful families: LSP-backed editor bridges, warm or directly hosted Lean evaluators, compiler/proof-search services, and retrieval-only or infrastructure servers. That distinction matters more than the common MCP wrapper.",lean-lsp-mcp; lean4-mcp-proxy; lean4-lsp-mcp; lean-host-mcp; LeanProbe; LeanTool; lean-proof-auto-mcp; leanforge-mcp; Axiomatic Prover MCP; LeanExplore; LeanMCP SDK,False,"Main conclusion is an audit, general model, history, standard, or contextual evidence; software versions identify provenance only.",No newer-version comparison for the main conclusion.,reports/lean-mcp-implementations-2026-09-27/REPORT.json,reports/lean-mcp-implementations-2026-09-27/REPORT.md,"[{""name"":""lean-lsp-mcp"",""identity"":{""repository"":""oOo0oOo/lean-lsp-mcp"",""revision"":""bb176c58a4f895061561685318e92b8db446f1b5""}},{""name"":""lean4-mcp-proxy"",""identity"":{""repository"":""RIvance/lean4-mcp"",""revision"":""b749d9ca766e97020563e9ee72a7f0bbbddd690e""}},{""name"":""lean4-lsp-mcp"",""identity"":{""repository"":""r-irbe/lean4-lsp-mcp"",""revision"":""e7ab346852aad2e1fb54f2aeceefff608122945e""}},{""name"":""lean-host-mcp"",""identity"":{""repository"":""jcreinhold/lean-host-mcp"",""revision"":""248d043e674518ad45f1e64c1c9c16647625ad5d""}},{""name"":""LeanProbe"",""identity"":{""repository"":""epfl-lara/LeanProbe"",""revision"":""646cb0ee3d428562b13740649aa7c1689ec0720a""}},{""name"":""LeanTool"",""identity"":{""repository"":""GasStationManager/LeanTool"",""revision"":""1a4b5ef12ac593202df195d9924981d62608423e""}},{""name"":""lean-proof-auto-mcp"",""identity"":{""repository"":""padieul/lean-proof-auto-mcp"",""revision"":""8d829ecf8e25ac7597fd5cc41b043a40aa404ec1""}},{""name"":""leanforge-mcp"",""identity"":{""repository"":""sandraschi/leanforge-mcp"",""revision"":""568aafbd4a8f27efa5a4d49f65039cbd5e2754cd""}},{""name"":""Axiomatic Prover MCP"",""identity"":{""repository"":""Axiomatic-AI/ax-prover-base-mcp"",""revision"":""5ade6ba077f7f2e10abcd6a64f124a69fe2bc6ca""}},{""name"":""LeanExplore"",""identity"":{""repository"":""justincasher/lean-explore"",""revision"":""6b25f8632cc3387cf85f7730375a690a1f1dfb79""}},{""name"":""LeanMCP SDK"",""identity"":{""repository"":""drhodes/lean-mcp"",""revision"":""76d23b4146e24860a90fb0d9e1f5f0a43ff455f1""}}]"
R467,newer_version_recheck,Lean/Lake v4.30.0-rc2,Lean module and import semantics at v4.30.0-rc2,"At Lean v4.30.0-rc2, an import names a Lean module, not a source file. Lean resolves that module name through the active search path to compiled module data, then reconstructs the transitive import closure from the import records stored inside those compiled modules.",Lean 4 selected by Anneal,False,Empirical or source-backed behavior depends on the named toolchain pin.,Lean/Lake stable v4.34.1; optional prerelease v4.35.0-rc3. Rebuild all OLean/native artifacts.,reports/lean-module-import-semantics-v4-30-0-rc2/REPORT.json,reports/lean-module-import-semantics-v4-30-0-rc2/REPORT.md,"[{""name"":""Lean 4 selected by Anneal"",""identity"":{""repository"":""leanprover/lean4"",""revision"":""3dc1a088b6d2d8eafe25a7cd7ec7b58d731bd7cc"",""version"":""v4.30.0-rc2""}}]"
R468,newer_version_recheck,Lean/Lake v4.30.0-rc2,Lean namespace and name resolution at v4.30.0-rc2,"At leanprover/lean4@3dc1a088b6d2d8eafe25a7cd7ec7b58d731bd7cc (v4.30.0-rc2), an identifier does not resolve from its spelling alone. Global resolution depends on the current namespace, the ordered open declarations in scope, persistent aliases created by export, protected/private visibility, macro-scope information, and any pre-resolved declaration metadata carried by the identifier syntax. Term elaboration adds the local context and may keep several global interpretations ali",Lean 4 namespace and name resolution selected by Anneal,False,Empirical or source-backed behavior depends on the named toolchain pin.,Lean/Lake stable v4.34.1; optional prerelease v4.35.0-rc3. Rebuild all OLean/native artifacts.,reports/lean-name-resolution-v4-30-0-rc2/REPORT.json,reports/lean-name-resolution-v4-30-0-rc2/REPORT.md,"[{""name"":""Lean 4 namespace and name resolution selected by Anneal"",""identity"":{""repository"":""leanprover/lean4"",""revision"":""3dc1a088b6d2d8eafe25a7cd7ec7b58d731bd7cc"",""version"":""v4.30.0-rc2""}}]"
R469,newer_version_recheck,Lean/Lake v4.30.0-rc2,Lean 4 `.olean` format and identity at v4.30.0-rc2,"At Lean v4.30.0-rc2, a .olean is a native serialized image of Lean's ModuleData, not a portable logical interchange format and not a self-authenticating content-addressed module. Lean writes the exported module image as the base .olean; module-system builds may also write .olean.server and .olean.private, whose object graphs can share storage with earlier parts and therefore must be loaded as an ordered prefix. The payload contains declarations and persistent-environment-exte",Lean 4 `.olean` format and identity selected by Anneal,False,Empirical or source-backed behavior depends on the named toolchain pin.,Lean/Lake stable v4.34.1; optional prerelease v4.35.0-rc3. Rebuild all OLean/native artifacts.,reports/lean-olean-format-identity-v4-30-0-rc2/REPORT.json,reports/lean-olean-format-identity-v4-30-0-rc2/REPORT.md,"[{""name"":""Lean 4 `.olean` format and identity selected by Anneal"",""identity"":{""repository"":""leanprover/lean4"",""revision"":""3dc1a088b6d2d8eafe25a7cd7ec7b58d731bd7cc"",""version"":""v4.30.0-rc2""}}]"
R470,newer_version_recheck,Lean/Lake v4.30.0-rc2,Lean `omega` behavior at v4.30.0-rc2,"At leanprover/lean4@3dc1a088b6d2d8eafe25a7cd7ec7b58d731bd7cc (v4.30.0-rc2), Lean's built-in omega tactic is a proof-producing arithmetic solver centered on integer and natural-number linear arithmetic. The user-facing tactic first turns the current goal into a contradiction problem, gathers the local hypotheses, translates supported arithmetic facts into integer linear constraints, and attempts to derive False. Its implementation follows the Omega-test family of algorithms: i",Lean 4 omega tactic,False,Empirical or source-backed behavior depends on the named toolchain pin.,Lean/Lake stable v4.34.1; optional prerelease v4.35.0-rc3. Rebuild all OLean/native artifacts.,reports/lean-omega-behavior-v4-30-0-rc2/REPORT.json,reports/lean-omega-behavior-v4-30-0-rc2/REPORT.md,"[{""name"":""Lean 4 omega tactic"",""identity"":{""repository"":""leanprover/lean4"",""revision"":""3dc1a088b6d2d8eafe25a7cd7ec7b58d731bd7cc"",""version"":""v4.30.0-rc2""}}]"
R471,newer_version_recheck,Lean/Lake v4.30.0-rc2,Lean `omega` at v4.30.0-rc2,"At Lean v4.30.0-rc2, omega is a proof-producing tactic for contradictions in integer and natural-number arithmetic. The user-facing tactic first turns the goal into a contradiction problem with falseorbycontra, then feeds every local hypothesis to an arithmetic frontend. That frontend recognizes a broader logical shell—such as conjunctions, implications, existentials, selected equalities and order relations, and optionally disjunctions—but ultimately extracts integer linear e",Lean `omega` tactic,False,Empirical or source-backed behavior depends on the named toolchain pin.,Lean/Lake stable v4.34.1; optional prerelease v4.35.0-rc3. Rebuild all OLean/native artifacts.,reports/lean-omega-v4-30-0-rc2/REPORT.json,reports/lean-omega-v4-30-0-rc2/REPORT.md,"[{""name"":""Lean `omega` tactic"",""identity"":{""repository"":""leanprover/lean4"",""revision"":""3dc1a088b6d2d8eafe25a7cd7ec7b58d731bd7cc"",""version"":""v4.30.0-rc2""}}]"
R472,newer_version_recheck,Lean/Lake v4.30.0-rc2,Native artifacts inside Lean/Lake package trees at v4.30.0-rc2,"At leanprover/lean4@3dc1a088b6d2d8eafe25a7cd7ec7b58d731bd7cc (v4.30.0-rc2), a Lake package can contain several distinct layers of compiled output. Lean's core module build emits .olean, .ilean, .ir, generated C, and optionally LLVM bitcode. Separate Lake facets compile C or bitcode into host object files, combine object files into static libraries, link shared libraries, and link executables. The defaults matter: a bare Lean-library target builds its leanArts facet, not its s",Lean/Lake native artifact handling selected by Anneal; Aeneas Lean package configuration selected by Anneal; Anneal prepared-package pruning implementation,False,Empirical or source-backed behavior depends on the named toolchain pin.,Lean/Lake stable v4.34.1; optional prerelease v4.35.0-rc3. Rebuild all OLean/native artifacts.,reports/lean-package-native-artifacts-v4-30-0-rc2/REPORT.json,reports/lean-package-native-artifacts-v4-30-0-rc2/REPORT.md,"[{""name"":""Lean/Lake native artifact handling selected by Anneal"",""identity"":{""repository"":""leanprover/lean4"",""revision"":""3dc1a088b6d2d8eafe25a7cd7ec7b58d731bd7cc"",""version"":""v4.30.0-rc2""}},{""name"":""Aeneas Lean package configuration selected by Anneal"",""identity"":{""repository"":""AeneasVerif/aeneas"",""revision"":""ac9f1bc5262a5e4ff1e24ca78617121382202727"",""release"":""nightly-2026.06.03""}},{""name"":""Anneal prepared-package pruning implementation"",""identity"":{""repository"":""google/zerocopy"",""revision"":""41f5b37afe7060fd9fe08c00b200672cd76d77b9""}}]"
R473,newer_version_recheck,Lean/Lake v4.30.0-rc2,Lean parser and elaborator source positions at v4.30.0-rc2,"At leanprover/lean4@3dc1a088b6d2d8eafe25a7cd7ec7b58d731bd7cc (v4.30.0-rc2), Lean's parser and elaborator share a source-position model centered on Syntax and SourceInfo.",Lean 4 parser and elaborator source-position model selected by Anneal,False,Empirical or source-backed behavior depends on the named toolchain pin.,Lean/Lake stable v4.34.1; optional prerelease v4.35.0-rc3. Rebuild all OLean/native artifacts.,reports/lean-parser-elaborator-source-positions-v4-30-0-rc2/REPORT.json,reports/lean-parser-elaborator-source-positions-v4-30-0-rc2/REPORT.md,"[{""name"":""Lean 4 parser and elaborator source-position model selected by Anneal"",""identity"":{""repository"":""leanprover/lean4"",""revision"":""3dc1a088b6d2d8eafe25a7cd7ec7b58d731bd7cc"",""version"":""v4.30.0-rc2""}}]"
R474,newer_version_recheck,Lean/Lake v4.30.0-rc2,Lean partial definitions separate an opaque logical constant from recursive executable code,"At Lean v4.30.0-rc2 (leanprover/lean4@3dc1a088b6d2d8eafe25a7cd7ec7b58d731bd7cc), partial def does not admit a nonterminating recursive body as the logical value of the user-visible declaration. Lean instead creates an opaque logical declaration with the requested type and an arbitrary inhabitant of that type, then separately creates a DefinitionSafety.partial recursive implementation named <decl>.unsaferec for code generation.",Lean 4 partial definitions selected by Anneal,False,Empirical or source-backed behavior depends on the named toolchain pin.,Lean/Lake stable v4.34.1; optional prerelease v4.35.0-rc3. Rebuild all OLean/native artifacts.,reports/lean-partial-definitions-v4-30-0-rc2/REPORT.json,reports/lean-partial-definitions-v4-30-0-rc2/REPORT.md,"[{""name"":""Lean 4 partial definitions selected by Anneal"",""identity"":{""repository"":""leanprover/lean4"",""revision"":""3dc1a088b6d2d8eafe25a7cd7ec7b58d731bd7cc"",""version"":""v4.30.0-rc2""}}]"
R475,newer_version_recheck,Lean/Lake v4.30.0-rc2,Lean pretty-printing and semantic round trips at v4.30.0-rc2,"At Lean v4.30.0-rc2, pretty-printed text is regenerated source, not a stable serialization of either source text or kernel expressions.",Lean 4 selected by Anneal,False,Empirical or source-backed behavior depends on the named toolchain pin.,Lean/Lake stable v4.34.1; optional prerelease v4.35.0-rc3. Rebuild all OLean/native artifacts.,reports/lean-pretty-printing-roundtrip-v4-30-0-rc2/REPORT.json,reports/lean-pretty-printing-roundtrip-v4-30-0-rc2/REPORT.md,"[{""name"":""Lean 4 selected by Anneal"",""identity"":{""repository"":""leanprover/lean4"",""revision"":""3dc1a088b6d2d8eafe25a7cd7ec7b58d731bd7cc"",""version"":""v4.30.0-rc2""}}]"
R476,newer_version_recheck,Lean/Lake v4.30.0-rc2,Lean release upgrade checklist for Anneal,"Changing Anneal's Lean release changes more than the proof checker executable. At the current baseline, Aeneas nightly-2026.06.03 selects leanprover/lean4:v4.30.0-rc2, while Anneal independently downloads per-platform Lean v4.30.0-rc2 archives under fixed hashes. The Aeneas Lean project also pins a concrete Lake dependency closure, including Mathlib 5450b53e5ddc75d46418fabb605edbf36bd0beb6. Those identities together determine the environment in which generated Lean is parsed,",Lean release selected by current Anneal; Aeneas Lean environment selected by current Anneal; Current Anneal authority used to instantiate the checklist,False,Empirical or source-backed behavior depends on the named toolchain pin.,Lean/Lake stable v4.34.1; optional prerelease v4.35.0-rc3. Rebuild all OLean/native artifacts.,reports/lean-release-upgrade-checklist-v4-30-0-rc2/REPORT.json,reports/lean-release-upgrade-checklist-v4-30-0-rc2/REPORT.md,"[{""name"":""Lean release selected by current Anneal"",""identity"":{""repository"":""leanprover/lean4"",""revision"":""3dc1a088b6d2d8eafe25a7cd7ec7b58d731bd7cc"",""version"":""v4.30.0-rc2""}},{""name"":""Aeneas Lean environment selected by current Anneal"",""identity"":{""repository"":""AeneasVerif/aeneas"",""revision"":""ac9f1bc5262a5e4ff1e24ca78617121382202727"",""release"":""nightly-2026.06.03""}},{""name"":""Current Anneal authority used to instantiate the checklist"",""identity"":{""repository"":""google/zerocopy"",""revision"":""41f5b37afe7060fd9fe08c00b200672cd76d77b9""}}]"
R477,newer_version_recheck,Lean/Lake v4.30.0-rc2,Imported-generation staleness within one Lean server process,"With Lean 4.30.0-rc2 launched directly as lean --server, rebuilding an imported .olean while leaving a proof document open did not change that document worker's tactic state. In the same server process, a newly opened proof worker and a closed-then-reopened worker observed the rebuilt artifact and rejected the old rfl; fresh batch Lean also rejected it. A supplementary replay queried the old document again after the new document finished processing: the old query still return",Lean 4; Lean direct server fixture,False,Empirical or source-backed behavior depends on the named toolchain pin.,Lean/Lake stable v4.34.1; optional prerelease v4.35.0-rc3. Rebuild all OLean/native artifacts.,reports/lean-same-server-dependency-generation-v4-30-0-rc2/REPORT.json,reports/lean-same-server-dependency-generation-v4-30-0-rc2/REPORT.md,"[{""name"":""Lean 4"",""identity"":{""repository"":""leanprover/lean4"",""revision"":""3dc1a088b6d2d8eafe25a7cd7ec7b58d731bd7cc"",""version"":""v4.30.0-rc2""}},{""name"":""Lean direct server fixture"",""identity"":{""launch_mode"":""lean --server with LEAN_PATH"",""probe_sha256"":""6ece16cbce20da90f037379274c4707002133d5459c1740c6c7403f642b17744""}}]"
R478,newer_version_recheck,Lean/Lake v4.30.0-rc2,Lean server workspace isolation and concurrency,"Two Lean servers with separate source workspaces shared a read-only OLean and returned isolated goals. The probe observed cancellation and deterministic reconstruction after killing and restarting a server. RSS was not measured, and no MCP bridge exists in the checkout.",Lean 4; zerocopy Anneal current source,False,Empirical or source-backed behavior depends on the named toolchain pin.,Lean/Lake stable v4.34.1; optional prerelease v4.35.0-rc3. Rebuild all OLean/native artifacts.,reports/lean-server-concurrency-experiment-v4-30-0-rc2/REPORT.json,reports/lean-server-concurrency-experiment-v4-30-0-rc2/REPORT.md,"[{""name"":""Lean 4"",""identity"":{""repository"":""leanprover/lean4"",""revision"":""3dc1a088b6d2d8eafe25a7cd7ec7b58d731bd7cc"",""version"":""v4.30.0-rc2""}},{""name"":""zerocopy Anneal current source"",""identity"":{""repository"":""google/zerocopy"",""revision"":""bd0956be95c5f798f0c0484921b9b9d1fc6e9988"",""path"":""anneal/src""}}]"
R479,newer_version_recheck,Lean/Lake v4.30.0-rc2,"Lean server concurrency, memory, reuse, and protocol limits at v4.30.0-rc2","Four concurrent direct lean --server processes, each opening one tiny file that imports the same prebuilt local Dep.olean, remained responsive through 10 edit rounds and eight idle samples. Summed process-tree RSS peaked at 801,865,728 bytes; after the edit rounds it settled near 639 MB. The processes were stopped cleanly and RSS returned to zero. This quantifies one small direct-server fixture and demonstrates independent concurrent sessions; it does not set a safe Anneal co",Lean 4,False,Empirical or source-backed behavior depends on the named toolchain pin.,Lean/Lake stable v4.34.1; optional prerelease v4.35.0-rc3. Rebuild all OLean/native artifacts.,reports/lean-server-memory-and-protocol-concurrency-v4-30-0-rc2/REPORT.json,reports/lean-server-memory-and-protocol-concurrency-v4-30-0-rc2/REPORT.md,"[{""name"":""Lean 4"",""identity"":{""repository"":""leanprover/lean4"",""revision"":""3dc1a088b6d2d8eafe25a7cd7ec7b58d731bd7cc"",""version"":""v4.30.0-rc2""}}]"
R480,newer_version_recheck,Lean/Lake v4.30.0-rc2,Lean server multi-workspace and project isolation at v4.30.0-rc2,"At leanprover/lean4@3dc1a088b6d2d8eafe25a7cd7ec7b58d731bd7cc (v4.30.0-rc2), one Lean language-server process can manage many open files, but it does not implement independent LSP workspaces inside that process. The server has one launch working directory and one inherited environment. Its own protocol description states that InitializeParams.rootUri? is ignored in favor of the server process's current working directory. Although Lean's generic LSP data type parses workspaceFo",Lean 4 language-server workspace/project isolation selected by Anneal,False,Empirical or source-backed behavior depends on the named toolchain pin.,Lean/Lake stable v4.34.1; optional prerelease v4.35.0-rc3. Rebuild all OLean/native artifacts.,reports/lean-server-multi-workspace-isolation-v4-30-0-rc2/REPORT.json,reports/lean-server-multi-workspace-isolation-v4-30-0-rc2/REPORT.md,"[{""name"":""Lean 4 language-server workspace/project isolation selected by Anneal"",""identity"":{""repository"":""leanprover/lean4"",""revision"":""3dc1a088b6d2d8eafe25a7cd7ec7b58d731bd7cc"",""version"":""v4.30.0-rc2""}}]"
R481,newer_version_recheck,Lean/Lake v4.30.0-rc2,Lean language server and tactic-state queries at v4.30.0-rc2,"At leanprover/lean4@3dc1a088b6d2d8eafe25a7cd7ec7b58d731bd7cc (v4.30.0-rc2), the Lean language server already exposes the proof-state primitive an interactive Anneal client would need: given an open Lean document and an LSP source position, a client can ask for the tactic goals at that position.",Lean 4 language server selected by Anneal,False,Empirical or source-backed behavior depends on the named toolchain pin.,Lean/Lake stable v4.34.1; optional prerelease v4.35.0-rc3. Rebuild all OLean/native artifacts.,reports/lean-server-tactic-state-v4-30-0-rc2/REPORT.json,reports/lean-server-tactic-state-v4-30-0-rc2/REPORT.md,"[{""name"":""Lean 4 language server selected by Anneal"",""identity"":{""repository"":""leanprover/lean4"",""revision"":""3dc1a088b6d2d8eafe25a7cd7ec7b58d731bd7cc"",""version"":""v4.30.0-rc2""}}]"
R482,newer_version_recheck,Lean/Lake v4.30.0-rc2,Lean `simp` and `simp_all` behavior at v4.30.0-rc2,"At leanprover/lean4@3dc1a088b6d2d8eafe25a7cd7ec7b58d731bd7cc (v4.30.0-rc2), simp and simpall share the same simplifier engine but expose materially different context behavior.",Lean 4 simplifier selected by Anneal,False,Empirical or source-backed behavior depends on the named toolchain pin.,Lean/Lake stable v4.34.1; optional prerelease v4.35.0-rc3. Rebuild all OLean/native artifacts.,reports/lean-simp-simp-all-v4-30-0-rc2/REPORT.json,reports/lean-simp-simp-all-v4-30-0-rc2/REPORT.md,"[{""name"":""Lean 4 simplifier selected by Anneal"",""identity"":{""repository"":""leanprover/lean4"",""revision"":""3dc1a088b6d2d8eafe25a7cd7ec7b58d731bd7cc"",""version"":""v4.30.0-rc2""}}]"
R483,newer_version_recheck,Lean/Lake v4.30.0-rc2,Lean tactic extension APIs at v4.30.0-rc2,"Lean's tactic extension surface at v4.30.0-rc2 is a layered pipeline rather than one registry. A custom tactic normally combines a parser entry, an optional macro expander, and/or a tactic elaborator. The high-level commands are syntax ... : tactic, macro/macrorules, and elab/elabrules : tactic; direct use of the underlying parser and elaborator attributes exists, but Lean's own source explicitly recommends the higher-level commands for ordinary extensions.",Lean 4 tactic extension APIs selected by Anneal,False,Empirical or source-backed behavior depends on the named toolchain pin.,Lean/Lake stable v4.34.1; optional prerelease v4.35.0-rc3. Rebuild all OLean/native artifacts.,reports/lean-tactic-extension-apis-v4-30-0-rc2/REPORT.json,reports/lean-tactic-extension-apis-v4-30-0-rc2/REPORT.md,"[{""name"":""Lean 4 tactic extension APIs selected by Anneal"",""identity"":{""repository"":""leanprover/lean4"",""revision"":""3dc1a088b6d2d8eafe25a7cd7ec7b58d731bd7cc"",""version"":""v4.30.0-rc2""}}]"
R484,newer_version_recheck,Lean/Lake v4.30.0-rc2,Lean tactic-state query lifecycle (4.30.0-rc2),"A direct LSP probe opened a Lean file, awaited diagnostics for a document version, and queried local context and goals. An unsaved versioned edit produced an updated solved goal. Batch lean --json agreed on the tiny example's diagnostics but cannot answer cursor-goal queries.",Lean 4,False,Empirical or source-backed behavior depends on the named toolchain pin.,Lean/Lake stable v4.34.1; optional prerelease v4.35.0-rc3. Rebuild all OLean/native artifacts.,reports/lean-tactic-state-protocol-transcript-v4-30-0-rc2/REPORT.json,reports/lean-tactic-state-protocol-transcript-v4-30-0-rc2/REPORT.md,"[{""name"":""Lean 4"",""identity"":{""repository"":""leanprover/lean4"",""revision"":""3dc1a088b6d2d8eafe25a7cd7ec7b58d731bd7cc"",""version"":""v4.30.0-rc2""}}]"
R485,newer_version_recheck,Lean/Lake v4.30.0-rc2,Lean termination checking at v4.30.0-rc2,"At leanprover/lean4@3dc1a088b6d2d8eafe25a7cd7ec7b58d731bd7cc (v4.30.0-rc2), ordinary recursive def/theorem elaboration does not add a primitive recursive constant to the kernel and then trust a separate termination verdict. Lean's elaborator instead rewrites accepted recursion into a non-recursive kernel term. It first tries structural recursion unless syntax forces another route; if structural recursion does not work, it can translate the definition through a well-founded fi",Lean 4 termination checking selected by Anneal,False,Empirical or source-backed behavior depends on the named toolchain pin.,Lean/Lake stable v4.34.1; optional prerelease v4.35.0-rc3. Rebuild all OLean/native artifacts.,reports/lean-termination-checking-v4-30-0-rc2/REPORT.json,reports/lean-termination-checking-v4-30-0-rc2/REPORT.md,"[{""name"":""Lean 4 termination checking selected by Anneal"",""identity"":{""repository"":""leanprover/lean4"",""revision"":""3dc1a088b6d2d8eafe25a7cd7ec7b58d731bd7cc"",""version"":""v4.30.0-rc2""}}]"
R486,newer_version_recheck,Lean/Lake v4.30.0-rc2,"Lean trust, admissions, and dependency auditing at v4.30.0-rc2","At leanprover/lean4@3dc1a088b6d2d8eafe25a7cd7ec7b58d731bd7cc (v4.30.0-rc2), logical admissions and executable-code trust are separate mechanisms. Ordinary assumptions are represented as axioms. sorry expands to sorryAx, and #print axioms computes transitive axiom dependencies. Declarations marked unsafe are fenced from ordinary safe declarations by the kernel, while compiler mechanisms such as @[implementedby] and native-evaluation proof machinery create a distinct executable",Lean 4 trust and admission behavior selected by Anneal,False,Empirical or source-backed behavior depends on the named toolchain pin.,Lean/Lake stable v4.34.1; optional prerelease v4.35.0-rc3. Rebuild all OLean/native artifacts.,reports/lean-trust-admissions-v4-30-0-rc2/REPORT.json,reports/lean-trust-admissions-v4-30-0-rc2/REPORT.md,"[{""name"":""Lean 4 trust and admission behavior selected by Anneal"",""identity"":{""repository"":""leanprover/lean4"",""revision"":""3dc1a088b6d2d8eafe25a7cd7ec7b58d731bd7cc"",""version"":""v4.30.0-rc2""}}]"
R487,newer_version_recheck,Lean/Lake v4.30.0-rc2,Unsaved cross-module imports in an open Lean server,"In a direct Lean 4.30.0-rc2 lean --server session, an open proof file did not import the unsaved text of another open file. After the producer buffer changed from sharedValue := 3 to sharedValue := 4, both the already-open proof and a newly opened proof still proved sharedValue = 3 against the old .olean. An open producer that had no source file or .olean could not be imported at all: the consumer received unknown module prefix 'OnlyBuffer'.",Lean 4,False,Empirical or source-backed behavior depends on the named toolchain pin.,Lean/Lake stable v4.34.1; optional prerelease v4.35.0-rc3. Rebuild all OLean/native artifacts.,reports/lean-unsaved-cross-module-import-v4-30-0-rc2/REPORT.json,reports/lean-unsaved-cross-module-import-v4-30-0-rc2/REPORT.md,"[{""name"":""Lean 4"",""identity"":{""repository"":""leanprover/lean4"",""revision"":""3dc1a088b6d2d8eafe25a7cd7ec7b58d731bd7cc"",""version"":""v4.30.0-rc2""}}]"
R488,newer_version_recheck,Lean/Lake v4.30.0-rc2,Lean `linter.unusedSimpArgs` behavior at v4.30.0-rc2,"At leanprover/lean4@3dc1a088b6d2d8eafe25a7cd7ec7b58d731bd7cc (v4.30.0-rc2), linter.unusedSimpArgs is enabled by default and reports explicit simp or simpall arguments for which the simplifier recorded no supported use. The implementation is not a counterfactual minimizer: it does not rerun the proof after deleting each argument. Instead, a successful simplifier invocation records which tracked theorem, unfolding, simproc, and local-let origins were actually used, stores a Boo",Lean 4 unused simp-argument linter selected by Anneal,False,Empirical or source-backed behavior depends on the named toolchain pin.,Lean/Lake stable v4.34.1; optional prerelease v4.35.0-rc3. Rebuild all OLean/native artifacts.,reports/lean-unused-simp-args-linter-v4-30-0-rc2/REPORT.json,reports/lean-unused-simp-args-linter-v4-30-0-rc2/REPORT.md,"[{""name"":""Lean 4 unused simp-argument linter selected by Anneal"",""identity"":{""repository"":""leanprover/lean4"",""revision"":""3dc1a088b6d2d8eafe25a7cd7ec7b58d731bd7cc"",""version"":""v4.30.0-rc2""}}]"
R489,newer_version_recheck,Lean/Lake v4.30.0-rc2,Concurrent Lean servers with independent V1 workspaces and shared dependencies,"Two Lean 4.30.0-rc2 server processes served two separate copies of a small generated V1 workspace while sharing the same local immutable Aeneas/Mathlib dependency tree. Both maintained independent goal state across edits, and one could be stopped and reconstructed while the other remained live. Summed process-tree RSS peaked at 377,454,592 bytes in the sampled two-server run; system-reported free memory bottomed at 30% on an 8 GiB host. This extends the earlier bare-core four",Zerocopy V1 source; Lean 4 and Lake; Aeneas Lean library revision selected by the generated workspace,False,Empirical or source-backed behavior depends on the named toolchain pin.,Lean/Lake stable v4.34.1; optional prerelease v4.35.0-rc3. Rebuild all OLean/native artifacts.,reports/lean-v1-concurrent-workspace-server-reuse-2026-09-28/REPORT.json,reports/lean-v1-concurrent-workspace-server-reuse-2026-09-28/REPORT.md,"[{""name"":""Zerocopy V1 source"",""identity"":{""repository"":""google/zerocopy"",""revision"":""bd0956be95c5f798f0c0484921b9b9d1fc6e9988""}},{""name"":""Lean 4 and Lake"",""identity"":{""repository"":""leanprover/lean4"",""revision"":""3dc1a088b6d2d8eafe25a7cd7ec7b58d731bd7cc"",""version"":""v4.30.0-rc2""}},{""name"":""Aeneas Lean library revision selected by the generated workspace"",""identity"":{""repository"":""google/aeneas"",""revision"":""42c0e90dacf486f7d3ed5b6cde3a9a81f04915a4""}}]"
R490,newer_version_recheck,Lean/Lake v4.30.0-rc2,Lean warnings-as-errors mechanisms at v4.30.0-rc2,Lean v4.30.0-rc2 has three distinct mechanisms that are easy to conflate.,Lean 4 and bundled Lake warning/failure mechanisms; Anneal toolchain selection,False,Empirical or source-backed behavior depends on the named toolchain pin.,Lean/Lake stable v4.34.1; optional prerelease v4.35.0-rc3. Rebuild all OLean/native artifacts.,reports/lean-warnings-as-errors-v4-30-0-rc2/REPORT.json,reports/lean-warnings-as-errors-v4-30-0-rc2/REPORT.md,"[{""name"":""Lean 4 and bundled Lake warning/failure mechanisms"",""identity"":{""repository"":""leanprover/lean4"",""revision"":""3dc1a088b6d2d8eafe25a7cd7ec7b58d731bd7cc"",""version"":""v4.30.0-rc2""}},{""name"":""Anneal toolchain selection"",""identity"":{""repository"":""google/zerocopy"",""revision"":""41f5b37afe7060fd9fe08c00b200672cd76d77b9""}}]"
R491,prior_comparison,leantar v0.1.16 versus v0.1.19 (prior comparison),`leantar` archive format and extraction behavior for Anneal's v4.30.0-rc2 toolchain,"Current Anneal does not use one leantar binary consistently across its Mathlib-cache pipeline. The selected Lean v4.30.0-rc2 source defaults to bundling leantar v0.1.19, and the pinned Mathlib cache code looks up leantar in that Lean sysroot. Anneal's later offline unpacking stage, however, deliberately ignores the toolchain copy and fetches leantar v0.1.16 directly for every supported host. This split matters because v0.1.16 and v0.1.19 share the same LTAR-family framing but",leantar used directly by current Anneal Mathlib-cache unpacking; leantar selected by Lean v4.30.0-rc2 source and Mathlib sysroot lookup; Lean toolchain source selected by Aeneas; Mathlib cache consumer selected by Aeneas; Current Anneal packaging and Mathlib-cache extraction,False,Existing comparison of earlier adjacent versions; refresh on the newer target.,"Compare leantar bundled with Lean v4.34.1, optionally v4.35.0-rc3; verify its component version.",reports/leantar-archive-format-v0-1-16-v0-1-19/REPORT.json,reports/leantar-archive-format-v0-1-16-v0-1-19/REPORT.md,"[{""name"":""leantar used directly by current Anneal Mathlib-cache unpacking"",""identity"":{""repository"":""digama0/leangz"",""revision"":""d251df00e50c98347dea3c95b1ad39a9b0d8db55"",""version"":""v0.1.16"",""component"":""leantar""}},{""name"":""leantar selected by Lean v4.30.0-rc2 source and Mathlib sysroot lookup"",""identity"":{""repository"":""digama0/leangz"",""revision"":""bc36c619c90ae72572daad8498631d02bf45e488"",""version"":""v0.1.19"",""component"":""leantar""}},{""name"":""Lean toolchain source selected by Aeneas"",""identity"":{""repository"":""leanprover/lean4"",""revision"":""3dc1a088b6d2d8eafe25a7cd7ec7b58d731bd7cc"",""version"":""v4.30.0-rc2""}},{""name"":""Mathlib cache consumer selected by Aeneas"",""identity"":{""repository"":""leanprover-community/mathlib4"",""revision"":""5450b53e5ddc75d46418fabb605edbf36bd0beb6"",""version"":""v4.30.0-rc2"",""component"":""Cache""}},{""name"":""Current Anneal packaging and Mathlib-cache extraction"",""identity"":{""repository"":""google/zerocopy"",""revision"":""41f5b37afe7060fd9fe08c00b200672cd76d77b9"",""path"":""anneal/flake.nix""}}]"
R492,incidental_or_citation,No pinned-software conclusion requiring a newer-version rerun,Library verification versus closed-program verification,Library verification and closed-program verification answer different questions.,RustBelt unsafe-library and safe-client composition model; CompCert 3.18 whole-program semantic-preservation development; Compositional CompCert; Fully Composable and Adequate Verified Compilation with Direct Refinements between Open Modules,False,"Main conclusion is an audit, general model, history, standard, or contextual evidence; software versions identify provenance only.",No newer-version comparison for the main conclusion.,reports/library-versus-closed-program-verification-2026-09-27/REPORT.json,reports/library-versus-closed-program-verification-2026-09-27/REPORT.md,"[{""name"":""RustBelt unsafe-library and safe-client composition model"",""identity"":{""doi"":""10.1145/3158154"",""publication"":""POPL 2018""}},{""name"":""CompCert 3.18 whole-program semantic-preservation development"",""identity"":{""repository"":""AbsInt/CompCert"",""revision"":""74cbdbf0e86ecbfa39a5ca8f248f77fb2f974cb6"",""version"":""3.18""}},{""name"":""Compositional CompCert"",""identity"":{""doi"":""10.1145/2676726.2676985"",""publication"":""POPL 2015""}},{""name"":""Fully Composable and Adequate Verified Compilation with Direct Refinements between Open Modules"",""identity"":{""arxiv"":""2302.12990"",""year"":""2023""}}]"
R493,incidental_or_citation,No pinned-software conclusion requiring a newer-version rerun,LSP architecture for stateful proof-assistant integrations,"The Language Server Protocol is a client/server synchronization protocol, not a proof-session model. The client and server negotiate capabilities at initialize; open documents become client-owned text snapshots; edits advance a versioned document state through textDocument/didChange; ordinary requests are correlated by JSON-RPC request IDs; and cancellation is best effort. LSP does not prescribe a language server's process topology, persistent state layout, workspace implemen",Language Server Protocol 3.18 specification source; Lean 4 language server selected by Anneal,False,"Main conclusion is an audit, general model, history, standard, or contextual evidence; software versions identify provenance only.",No newer-version comparison for the main conclusion.,reports/lsp-proof-assistant-architecture-2026-09-27/REPORT.json,reports/lsp-proof-assistant-architecture-2026-09-27/REPORT.md,"[{""name"":""Language Server Protocol 3.18 specification source"",""identity"":{""repository"":""microsoft/language-server-protocol"",""revision"":""de9a671ae6ba374cc748a29c1c620cbc536302ff"",""specification"":""3.18""}},{""name"":""Lean 4 language server selected by Anneal"",""identity"":{""repository"":""leanprover/lean4"",""revision"":""3dc1a088b6d2d8eafe25a7cd7ec7b58d731bd7cc"",""version"":""v4.30.0-rc2""}}]"
R494,source_revision_recheck,Ninja source 4e4df1e567eb3c1475a51af261cba2bfff60b4be,"Make and Ninja: narrow execution, displaced policy, and the boundary around a verifier","Make and Ninja support the same broad architectural lesson for Anneal only at a high level: a small execution engine can be valuable when it receives an explicit dependency plan and leaves domain policy elsewhere. They reach that point by different routes, and flattening them into one ""small build tool"" pattern would hide the useful distinction.",Make — a program for maintaining computer programs; GNU Make 4.4.1 manual and release; Ninja build system; Anneal design contract,True,Main report includes present-tense implementation behavior at named upstream source revision; compare current source for that component.,Compare named pinned source against the newer upstream source revision; preserve historical claims. Exact current tip/release requires per-repository verification.,reports/make-ninja-narrow-build-tool-boundaries-1979-2026/REPORT.json,reports/make-ninja-narrow-build-tool-boundaries-1979-2026/REPORT.md,"[{""name"":""Make — a program for maintaining computer programs"",""identity"":{""doi"":""10.1002/spe.4380090402"",""publication"":""Software: Practice and Experience 9(4):255-265"",""year"":""1979""}},{""name"":""GNU Make 4.4.1 manual and release"",""identity"":{""release"":""4.4.1"",""release-date"":""2023-02-26"",""release-tarball-md5"":""c8469a3713cbbe04d955d4ae4be23eeb""}},{""name"":""Ninja build system"",""identity"":{""repository"":""ninja-build/ninja"",""revision"":""4e4df1e567eb3c1475a51af261cba2bfff60b4be""}},{""name"":""Anneal design contract"",""identity"":{""repository"":""google/zerocopy"",""revision"":""cc135f46155b72e4b51188525c2974a3b84acf92""}}]"
R495,newer_version_recheck,mathlib4 v4.30.0-rc2 + matching Lean/Lake,Mathlib cache artifact contents at the Anneal-selected v4.30.0-rc2 revision,"At leanprover-community/mathlib4@5450b53e5ddc75d46418fabb605edbf36bd0beb6, Mathlib's cache is a per-module archive store. Each selected Lean module maps to one hash-named .ltar file. Packing requires a core set of Lake/Lean outputs for that module and includes several additional outputs when present.",Mathlib cache artifact construction selected through Aeneas; Aeneas Lean dependency graph selected by Anneal,False,Empirical or source-backed behavior depends on the named toolchain pin.,mathlib4 v4.34.1 with Lean 4.34.1; optional matched v4.35.0-rc3 pair.,reports/mathlib-cache-artifact-format-v4-30-0-rc2/REPORT.json,reports/mathlib-cache-artifact-format-v4-30-0-rc2/REPORT.md,"[{""name"":""Mathlib cache artifact construction selected through Aeneas"",""identity"":{""repository"":""leanprover-community/mathlib4"",""revision"":""5450b53e5ddc75d46418fabb605edbf36bd0beb6"",""input-revision"":""v4.30.0-rc2""}},{""name"":""Aeneas Lean dependency graph selected by Anneal"",""identity"":{""repository"":""AeneasVerif/aeneas"",""revision"":""ac9f1bc5262a5e4ff1e24ca78617121382202727"",""release"":""nightly-2026.06.03""}}]"
R496,newer_version_recheck,mathlib4 v4.30.0-rc2 + matching Lean/Lake,Mathlib dependency-closure pruning in Anneal,"Current Anneal prunes the vendored Mathlib package by constructing a source-level module dependency graph and retaining the transitive closure reachable from every observed non-Mathlib consumer. It scans Mathlib .lean files to map each module to its Mathlib imports, scans non-Mathlib .lean files for direct Mathlib imports, adds additional seeds from non-Mathlib Lake trace JSON, computes ordinary graph reachability, and deletes Mathlib source modules outside that closure toget",Anneal Mathlib dependency-closure pruning; Lean module-import syntax used to assess pruning completeness,False,Empirical or source-backed behavior depends on the named toolchain pin.,mathlib4 v4.34.1 with Lean 4.34.1; optional matched v4.35.0-rc3 pair.,reports/mathlib-dependency-closure-pruning-v4-30-0-rc2/REPORT.json,reports/mathlib-dependency-closure-pruning-v4-30-0-rc2/REPORT.md,"[{""name"":""Anneal Mathlib dependency-closure pruning"",""identity"":{""repository"":""google/zerocopy"",""revision"":""41f5b37afe7060fd9fe08c00b200672cd76d77b9"",""path"":""anneal/prune-lake-cache.py""}},{""name"":""Lean module-import syntax used to assess pruning completeness"",""identity"":{""repository"":""leanprover/lean4"",""revision"":""3dc1a088b6d2d8eafe25a7cd7ec7b58d731bd7cc"",""version"":""v4.30.0-rc2"",""component"":""Lean.Parser.Module""}}]"
R497,newer_version_recheck,mathlib4 v4.30.0-rc2 + matching Lean/Lake,Mathlib `lake exe cache` protocol and artifact format at v4.30.0-rc2,"Anneal's selected Aeneas release does not consume a generic Lake remote cache for Mathlib. It selects Mathlib v4.30.0-rc2, resolved by Aeneas's checked-in manifest to leanprover-community/mathlib4@5450b53e5ddc75d46418fabb605edbf36bd0beb6, and that revision carries Mathlib's repository-specific lake exe cache implementation. The protocol computes a custom 64-bit key for each cached Lean module, names the corresponding transport object <16-hex-digits>.ltar, and downloads those ",Mathlib lake exe cache protocol and artifact format selected by Aeneas; Anneal consumption of the selected Mathlib cache,False,Empirical or source-backed behavior depends on the named toolchain pin.,mathlib4 v4.34.1 with Lean 4.34.1; optional matched v4.35.0-rc3 pair.,reports/mathlib-lake-exe-cache-protocol-v4-30-0-rc2/REPORT.json,reports/mathlib-lake-exe-cache-protocol-v4-30-0-rc2/REPORT.md,"[{""name"":""Mathlib lake exe cache protocol and artifact format selected by Aeneas"",""identity"":{""repository"":""leanprover-community/mathlib4"",""revision"":""5450b53e5ddc75d46418fabb605edbf36bd0beb6"",""version"":""v4.30.0-rc2"",""component"":""Cache""}},{""name"":""Anneal consumption of the selected Mathlib cache"",""identity"":{""repository"":""google/zerocopy"",""revision"":""41f5b37afe7060fd9fe08c00b200672cd76d77b9"",""path"":""anneal/flake.nix""}}]"
R498,newer_version_recheck,mathlib4 v4.30.0-rc2 + matching Lean/Lake,Mathlib release/cache upgrade checklist for Anneal,"Changing Anneal's Mathlib revision is not only a source-dependency update. At the current baseline, Aeneas nightly-2026.06.03 resolves Mathlib input v4.30.0-rc2 to leanprover-community/mathlib4@5450b53e5ddc75d46418fabb605edbf36bd0beb6; that Mathlib revision is paired with Lean v4.30.0-rc2, has its own locked Lake dependency graph, and supplies the repository-specific lake exe cache protocol that Anneal uses to materialize precompiled Mathlib state.",Mathlib revision selected by Aeneas nightly-2026.06.03; Aeneas Lean dependency graph selecting Mathlib; Anneal authority consuming the prepared Mathlib cache,False,Empirical or source-backed behavior depends on the named toolchain pin.,mathlib4 v4.34.1 with Lean 4.34.1; optional matched v4.35.0-rc3 pair.,reports/mathlib-release-cache-upgrade-checklist-v4-30-0-rc2/REPORT.json,reports/mathlib-release-cache-upgrade-checklist-v4-30-0-rc2/REPORT.md,"[{""name"":""Mathlib revision selected by Aeneas nightly-2026.06.03"",""identity"":{""repository"":""leanprover-community/mathlib4"",""revision"":""5450b53e5ddc75d46418fabb605edbf36bd0beb6"",""inputRev"":""v4.30.0-rc2""}},{""name"":""Aeneas Lean dependency graph selecting Mathlib"",""identity"":{""repository"":""AeneasVerif/aeneas"",""revision"":""ac9f1bc5262a5e4ff1e24ca78617121382202727"",""release"":""nightly-2026.06.03""}},{""name"":""Anneal authority consuming the prepared Mathlib cache"",""identity"":{""repository"":""google/zerocopy"",""revision"":""41f5b37afe7060fd9fe08c00b200672cd76d77b9""}}]"
R499,incidental_or_citation,No pinned-software conclusion requiring a newer-version rerun,"MCP state, lifecycle, and concurrency boundaries for proof-assistant integrations at 2026-07-28","Model Context Protocol (MCP) 2026-07-28 deliberately separates a server's process lifetime from the logical state of work performed through it. Every modern MCP request is self-contained: it carries its protocol version and client capabilities, and a server must not infer session or conversation context from an existing connection or process. State that spans requests must instead have an explicit identifier that the client supplies on each relevant request.",Model Context Protocol core specification,False,"Main conclusion is an audit, general model, history, standard, or contextual evidence; software versions identify provenance only.",No newer-version comparison for the main conclusion.,reports/mcp-proof-assistant-architecture-2026-07-28/REPORT.json,reports/mcp-proof-assistant-architecture-2026-07-28/REPORT.md,"[{""name"":""Model Context Protocol core specification"",""identity"":{""repository"":""modelcontextprotocol/modelcontextprotocol"",""revision"":""5f5440bb26a62e2cf3440b92da5a667efa03b267"",""version"":""2026-07-28""}}]"
R500,incidental_or_citation,No pinned-software conclusion requiring a newer-version rerun,"MVCC, snapshot isolation, and consistency contracts for interactive proof work",Database concurrency models separate several guarantees that an interactive proof service should also keep separate. A coherent snapshot says which state a read observed. Linearizability additionally gives an operation a single point between invocation and response and preserves real-time order. Serializability constrains a group of reads and writes to behave like some serial transaction order. Optimistic concurrency control allows work to proceed speculatively and validates ,Optimistic concurrency control; Linearizability; Snapshot isolation taxonomy; PostgreSQL Serializable Snapshot Isolation; Anneal design authority; Anneal generation and interactive-state execution evidence,True,"Historical/theoretical architectural conclusion; named revisions establish citations or Anneal applicability, not an exclusive at-pin software behavior.",No newer-version comparison for the main conclusion.,reports/mvcc-snapshot-isolation-proof-work-consistency-1981-2026/REPORT.json,reports/mvcc-snapshot-isolation-proof-work-consistency-1981-2026/REPORT.md,"[{""name"":""Optimistic concurrency control"",""identity"":{""publication"":""Kung and Robinson, On Optimistic Methods for Concurrency Control, ACM TODS 6(2), 1981"",""doi"":""10.1145/319566.319567""}},{""name"":""Linearizability"",""identity"":{""publication"":""Herlihy and Wing, Linearizability: A Correctness Condition for Concurrent Objects, ACM TOPLAS 12(3), 1990"",""doi"":""10.1145/78969.78972""}},{""name"":""Snapshot isolation taxonomy"",""identity"":{""publication"":""Berenson et al., A Critique of ANSI SQL Isolation Levels, SIGMOD 1995"",""doi"":""10.1145/223784.223785"",""report"":""Microsoft Research MSR-TR-95-51""}},{""name"":""PostgreSQL Serializable Snapshot Isolation"",""identity"":{""publication"":""Ports and Grittner, Serializable Snapshot Isolation in PostgreSQL, PVLDB 5(12), 2012""}},{""name"":""Anneal design authority"",""identity"":{""repository"":""google/zerocopy"",""revision"":""cc135f46155b72e4b51188525c2974a3b84acf92"",""paths"":""anneal/PRINCIPLES.md; anneal/DESIGN.md""}},{""name"":""Anneal generation and interactive-state execution evidence"",""identity"":{""repository"":""google/zerocopy"",""reference_revision"":""30b9d5749aed6049d949f4f582dd64c70088d07a"",""packages"":""anneal-3731-real-generation-publication-v4-30-0-rc2; anneal-interactive-model-probes-2026-09-29; lsp-proof-assistant-architecture-2026-09-27""}}]"
R501,source_revision_recheck,Fuchsia Netstack3 source c480400b0e6cb9a9b36384935639fb3e6566bd68,"Netstack3 architecture evolution: boundaries, lifecycle, static state, and concurrency","Netstack3's history supports a narrower architectural lesson than either ""make invalid states unrepresentable"" or ""put every subsystem behind an asynchronous service."" Four choices survived substantial change:",Current Fuchsia Netstack3 architecture and design documentation; Netstack3 UDP socket identity consolidation; Netstack3 TCP handshake-status ownership migration; Netstack3 multicast-forwarding state design; Netstack3 2026 resource-reference and socket-destruction implementation,True,Main report includes present-tense implementation behavior at named upstream source revision; compare current source for that component.,Compare named pinned source against the newer upstream source revision; preserve historical claims. Exact current tip/release requires per-repository verification.,reports/netstack3-architecture-evolution-2019-2026/REPORT.json,reports/netstack3-architecture-evolution-2019-2026/REPORT.md,"[{""name"":""Current Fuchsia Netstack3 architecture and design documentation"",""identity"":{""repository"":""fuchsia/fuchsia"",""revision"":""c480400b0e6cb9a9b36384935639fb3e6566bd68""}},{""name"":""Netstack3 UDP socket identity consolidation"",""identity"":{""repository"":""fuchsia/fuchsia"",""revision"":""4ccfe9e3c10662b8dea3ccbf020553ebfa179ff3""}},{""name"":""Netstack3 TCP handshake-status ownership migration"",""identity"":{""repository"":""fuchsia/fuchsia"",""revision"":""40ce8a08f2ffa1e9babc8e5b6aaa14cf486c0c6d""}},{""name"":""Netstack3 multicast-forwarding state design"",""identity"":{""repository"":""fuchsia/fuchsia"",""revision"":""1e9fb101ed58968f5b4cf0b67a439f8cb0479b9d""}},{""name"":""Netstack3 2026 resource-reference and socket-destruction implementation"",""identity"":{""repository"":""fuchsia/fuchsia"",""revision"":""09c560576ca357ffc0853c6251048af2a61b1543""}}]"
R502,source_revision_recheck,Nix manual 2.35.2,"Nix and Guix: immutable closures, mutable roots, and deployment correctness",Nix and Guix separate two concerns that ordinary in-place deployment tends to conflate: constructing an immutable realization and deciding which realization is current. That separation is the transferable result for Anneal.,Nix 2.35.2 deployment and store model; NixOS functional system configuration; GNU Guix functional package management; GNU Guix stable release; Anneal design constraints; Anneal current Nix and archive reference evidence,True,Main report includes present-tense implementation behavior at named upstream source revision; compare current source for that component.,Compare named pinned source against the newer upstream source revision; preserve historical claims. Exact current tip/release requires per-repository verification.,reports/nix-guix-functional-deployment-roots-2007-2026/REPORT.json,reports/nix-guix-functional-deployment-roots-2007-2026/REPORT.md,"[{""name"":""Nix 2.35.2 deployment and store model"",""identity"":{""manual-version"":""2.35.2"",""profiles"":""https://nix.dev/manual/nix/2.35/command-ref/files/profiles.html"",""garbage-collection"":""https://nix.dev/manual/nix/2.35/command-ref/nix-store/gc.html"",""derivation-outputs"":""https://nix.dev/manual/nix/2.35/store/derivation/outputs/index.html""}},{""name"":""NixOS functional system configuration"",""identity"":{""authors"":""Eelco Dolstra; Armijn Hemel"",""paper"":""Purely Functional System Configuration Management"",""venue"":""HotOS XI"",""year"":""2007"",""url"":""https://www.usenix.org/legacy/event/hotos07/tech/full_papers/dolstra/dolstra_html/""}},{""name"":""GNU Guix functional package management"",""identity"":{""author"":""Ludovic Courtès"",""paper"":""Functional Package Management with Guix"",""arxiv"":""1305.4584v1"",""venue"":""European Lisp Symposium 2013"",""submitted"":""2013-05-20""}},{""name"":""GNU Guix stable release"",""identity"":{""release"":""1.5.0"",""released"":""2026-01-23"",""announcement"":""https://lists.gnu.org/archive/html/info-gnu/2026-01/msg00004.html""}},{""name"":""Anneal design constraints"",""identity"":{""repository"":""google/zerocopy"",""revision"":""cc135f46155b72e4b51188525c2974a3b84acf92"",""principles-blob"":""d5339a95254eae14ac201139d07d9d36d48a19fb"",""design-blob"":""0e8170979f3a466f2460c0ef7ec6d9a6b92650b8""}},{""name"":""Anneal current Nix and archive reference evidence"",""identity"":{""repository"":""google/zerocopy"",""reference-revision"":""30b9d5749aed6049d949f4f582dd64c70088d07a"",""catalog-blob"":""5ecf20dfa8bbedeb898d1b9c251cbf6e2216e977"",""fixed-output-report-blob"":""5f5142381dca9d2c38dbcde41c6d0f77d15b1f7a"",""relocation-report-blob"":""262a141a145a2532745aaad71289896b5b3af1b2"",""archive-reproducibility-report-blob"":""3bf9a589b81b0fdba5648b78a0b7a3dba842ecf9""}}]"
R503,source_revision_recheck,Nix source 9bc9ab32a57504f068847af4f8013417476cb1ec (plus Guix),"Nix and Guix: immutable closures, mutable roots, and deployment correctness","Nix and Guix make a strong architectural separation that is directly useful to Anneal: immutable realized objects can be given stable identities and shared freely, while a much smaller mutable layer selects which immutable generation is current and which generations remain live. That separation makes upgrades, rollback, coexistence, and garbage collection tractable. It does not make deployment or execution purely immutable. Activation still mutates a running machine, live con",Nix functional deployment architecture and current store/profile semantics; NixOS system switching and activation semantics; GNU Guix functional package management and current operational model; Anneal current design authority; Anneal current reference corpus,True,Main report includes present-tense implementation behavior at named upstream source revision; compare current source for that component.,Compare named pinned source against the newer upstream source revision; preserve historical claims. Exact current tip/release requires per-repository verification.,reports/nix-guix-immutable-closures-mutable-roots-2004-2026/REPORT.json,reports/nix-guix-immutable-closures-mutable-roots-2004-2026/REPORT.md,"[{""name"":""Nix functional deployment architecture and current store/profile semantics"",""identity"":{""repository"":""NixOS/nix"",""revision"":""9bc9ab32a57504f068847af4f8013417476cb1ec""}},{""name"":""NixOS system switching and activation semantics"",""identity"":{""repository"":""NixOS/nixpkgs"",""revision"":""6cb205c37b7c0c39b643163d1b7721b5f9bc0913""}},{""name"":""GNU Guix functional package management and current operational model"",""identity"":{""paper"":""Functional Package Management with Guix"",""arxiv"":""1305.4584"",""manual"":""GNU Guix Reference Manual devel, observed 2026-09-30""}},{""name"":""Anneal current design authority"",""identity"":{""repository"":""google/zerocopy"",""revision"":""cc135f46155b72e4b51188525c2974a3b84acf92""}},{""name"":""Anneal current reference corpus"",""identity"":{""repository"":""google/zerocopy"",""branch"":""reference"",""revision"":""30b9d5749aed6049d949f4f582dd64c70088d07a""}}]"
R504,incidental_or_citation,No pinned-software conclusion requiring a newer-version rerun,Operational semantics versus functional translation,"Operational semantics and functional translation solve different parts of a verification problem. An operational semantics describes how a program executes: states step or evaluate, effects become observable behavior, and failure, divergence, nondeterminism, memory, or resources can remain explicit. A functional translation instead maps the supported source computation into a proof-oriented target function or term. That translation can remove much of the operational machinery",Aeneas: Rust Verification by Functional Translation; Sound Borrow-Checking for Rust via Symbolic Semantics; CompCert 3.18 operational semantics and semantic-preservation development,False,"Main conclusion is an audit, general model, history, standard, or contextual evidence; software versions identify provenance only.",No newer-version comparison for the main conclusion.,reports/operational-semantics-versus-functional-translation-2026-09-27/REPORT.json,reports/operational-semantics-versus-functional-translation-2026-09-27/REPORT.md,"[{""name"":""Aeneas: Rust Verification by Functional Translation"",""identity"":{""doi"":""10.1145/3547647"",""publication"":""PACMPL 6 (ICFP 2022), Article 116"",""year"":""2022""}},{""name"":""Sound Borrow-Checking for Rust via Symbolic Semantics"",""identity"":{""doi"":""10.1145/3674640"",""publication"":""PACMPL 8 (ICFP 2024)"",""year"":""2024""}},{""name"":""CompCert 3.18 operational semantics and semantic-preservation development"",""identity"":{""repository"":""AbsInt/CompCert"",""revision"":""74cbdbf0e86ecbfa39a5ca8f248f77fb2f974cb6"",""version"":""3.18""}}]"
R505,incidental_or_citation,No pinned-software conclusion requiring a newer-version rerun,"Optimistic edits are semantic transactions, not text merges","A query-derived edit has two separate correctness questions: whether the text still applies to the bytes the agent saw, and whether the reasoning that justified the edit still applies to the current proposition, model, dependencies, and authorized scope. Optimistic concurrency control, HTTP If-Match, Git's expected-old ref update, and versioned LSP edits all provide the same useful shape: perform expensive work without holding a long-lived lock, then validate a recorded basis",Kung-Robinson optimistic concurrency control; Horwitz-Prins-Reps semantics-based program integration; HTTP conditional request semantics; Git update-ref expected-old-value protocol; Language Server Protocol 3.18 versioned text edits; Anneal design constraints used for applicability,True,"Historical/theoretical architectural conclusion; named revisions establish citations or Anneal applicability, not an exclusive at-pin software behavior.",No newer-version comparison for the main conclusion.,reports/optimistic-edits-semantic-transactions-1981-2026/REPORT.json,reports/optimistic-edits-semantic-transactions-1981-2026/REPORT.md,"[{""name"":""Kung-Robinson optimistic concurrency control"",""identity"":{""doi"":""10.1145/319566.319567"",""publication"":""ACM TODS 6(2), 1981""}},{""name"":""Horwitz-Prins-Reps semantics-based program integration"",""identity"":{""doi"":""10.1145/65979.65980"",""publication"":""ACM TOPLAS 11(3), 1989""}},{""name"":""HTTP conditional request semantics"",""identity"":{""rfc"":""9110"",""published"":""2022-06""}},{""name"":""Git update-ref expected-old-value protocol"",""identity"":{""repository"":""git/git"",""revision"":""a018953688f1b10bddf91bff8747068f5f4746a4"",""path"":""Documentation/git-update-ref.adoc""}},{""name"":""Language Server Protocol 3.18 versioned text edits"",""identity"":{""repository"":""microsoft/language-server-protocol"",""revision"":""9a247101dc088557ae56adef8fecbdc86c9a93ca"",""specification"":""3.18""}},{""name"":""Anneal design constraints used for applicability"",""identity"":{""repository"":""google/zerocopy"",""revision"":""cc135f46155b72e4b51188525c2974a3b84acf92""}}]"
R506,source_revision_recheck,Lean source 3dc1a088b6d2d8eafe25a7cd7ec7b58d731bd7cc + typed_arena 2.0.2,"Persistent snapshots are cheap in proportion to change, not in proportion to their names","Persistent data structures make an important promise about snapshots: old logical states can remain accessible without copying the entire state on every edit. They do not make retained history free. The classic persistence literature gets its space bounds by sharing unchanged structure and allocating only enough new structure to represent changes. Modern copy-on-write filesystems exhibit the same shape at a different layer: creating a snapshot is almost free, but an old snaps",Making Data Structures Persistent; Lean 4 persistent collections and maximal-sharing machinery; OpenZFS copy-on-write snapshots; typed_arena arena lifetime semantics; fix weak hash-consing implementation; Anneal design authority,True,Main report includes present-tense implementation behavior at named upstream source revision; compare current source for that component.,Compare named pinned source against the newer upstream source revision; preserve historical claims. Exact current tip/release requires per-repository verification.,reports/persistent-data-structures-snapshot-space-costs-1989-2026/REPORT.json,reports/persistent-data-structures-snapshot-space-costs-1989-2026/REPORT.md,"[{""name"":""Making Data Structures Persistent"",""identity"":{""doi"":""10.1016/0022-0000(89)90034-2"",""publication"":""Journal of Computer and System Sciences 38(1)"",""year"":""1989""}},{""name"":""Lean 4 persistent collections and maximal-sharing machinery"",""identity"":{""repository"":""leanprover/lean4"",""revision"":""3dc1a088b6d2d8eafe25a7cd7ec7b58d731bd7cc"",""version"":""v4.30.0-rc2""}},{""name"":""OpenZFS copy-on-write snapshots"",""identity"":{""project"":""OpenZFS"",""documentation"":""Copy-on-Write; Snapshots, Clones and Bookmarks"",""observed"":""2026-09-30""}},{""name"":""typed_arena arena lifetime semantics"",""identity"":{""crate"":""typed-arena"",""version"":""2.0.2""}},{""name"":""fix weak hash-consing implementation"",""identity"":{""package"":""fix"",""release"":""20250919""}},{""name"":""Anneal design authority"",""identity"":{""repository"":""google/zerocopy"",""revision"":""cc135f46155b72e4b51188525c2974a3b84acf92""}}]"
R507,source_revision_recheck,seL4 6b4076ae + CompCert 3.18 + Everest/HACL* 504c2987,"Proof maintenance architectures: seL4, CompCert, and Project Everest, 2009–2026","Mature verification systems reduce proof-maintenance cost by stabilizing the semantic interfaces that proofs depend on, not by freezing implementations and not by verifying every tool in the development path. The three systems examined here reach that result through different architectures.","seL4 L4.verified proof corpus; seL4 verification manifest; CompCert 3.18 semantic-preservation development; HACL* verified cryptographic library; KaRaMeL extraction compiler; Project Everest integration repository; Modularity, Code Specialization, and Zero-Cost Abstractions for Program Verification",True,Main report includes present-tense implementation behavior at named upstream source revision; compare current source for that component.,Compare named pinned source against the newer upstream source revision; preserve historical claims. Exact current tip/release requires per-repository verification.,reports/proof-maintenance-architectures-sel4-compcert-everest-2009-2026/REPORT.json,reports/proof-maintenance-architectures-sel4-compcert-everest-2009-2026/REPORT.md,"[{""name"":""seL4 L4.verified proof corpus"",""identity"":{""repository"":""seL4/l4v"",""revision"":""6b4076aeb35f7803b7c232963e5f996545e3acb5""}},{""name"":""seL4 verification manifest"",""identity"":{""repository"":""seL4/verification-manifest"",""revision"":""f1f7a4289585e9610733ea041c1849e46af9701b""}},{""name"":""CompCert 3.18 semantic-preservation development"",""identity"":{""repository"":""AbsInt/CompCert"",""revision"":""74cbdbf0e86ecbfa39a5ca8f248f77fb2f974cb6"",""version"":""3.18""}},{""name"":""HACL* verified cryptographic library"",""identity"":{""repository"":""hacl-star/hacl-star"",""revision"":""504c2987452f87fe44bce9b9f12e19d6e051761f""}},{""name"":""KaRaMeL extraction compiler"",""identity"":{""repository"":""FStarLang/karamel"",""revision"":""9abbb865b10a0cd5c557da81c024c3965cb6ff53""}},{""name"":""Project Everest integration repository"",""identity"":{""repository"":""project-everest/everest"",""revision"":""2a3f67dab56be02d1793b2801ef08f368423a3ac""}},{""name"":""Modularity, Code Specialization, and Zero-Cost Abstractions for Program Verification"",""identity"":{""doi"":""10.1145/3607844"",""publication"":""PACMPL 7 (ICFP 2023)""}}]"
R508,incidental_or_citation,No pinned-software conclusion requiring a newer-version rerun,Proof-producing and validating translations: evidence architecture and trust boundaries,Proof-producing translation and translation validation differ mainly in where the evidence lives and what must be trusted at acceptance time.,Proof-Carrying Code; A Certifying Code Generation Phase; Formal Verification of Translation Validators: A Case Study on Instruction Scheduling Optimizations; Translation Certification for Smart Contracts,False,"Main conclusion is an audit, general model, history, standard, or contextual evidence; software versions identify provenance only.",No newer-version comparison for the main conclusion.,reports/proof-producing-versus-validating-translations-1997-2022/REPORT.json,reports/proof-producing-versus-validating-translations-1997-2022/REPORT.md,"[{""name"":""Proof-Carrying Code"",""identity"":{""doi"":""10.1145/263699.263712"",""publication"":""POPL 1997""}},{""name"":""A Certifying Code Generation Phase"",""identity"":{""doi"":""10.1016/j.entcs.2007.09.008"",""publication"":""ENTCS 190(4), 2007""}},{""name"":""Formal Verification of Translation Validators: A Case Study on Instruction Scheduling Optimizations"",""identity"":{""doi"":""10.1145/1328438.1328444"",""publication"":""POPL 2008""}},{""name"":""Translation Certification for Smart Contracts"",""identity"":{""doi"":""10.1007/978-3-030-99461-7_6"",""publication"":""FLOPS 2022""}}]"
R509,incidental_or_citation,No pinned-software conclusion requiring a newer-version rerun,"Reasoning about nontermination: behaviors, simulations, and proof obligations","Nontermination is an infinite-execution property, not a syntactic property of loops or recursion and not a synonym for Rust's broader term divergence. A useful verification model must say which infinite behaviors exist, which observable effects they can produce, and which proof relation preserves them. A proof that only characterizes final return values cannot by itself say anything about an execution that never returns.",CompCert 3.18 whole-program behavior and simulation semantics; Aeneas divergence and partial-function model selected by Anneal; Rust termination terminology at the Anneal Rust pin,False,"Main conclusion is an audit, general model, history, standard, or contextual evidence; software versions identify provenance only.",No newer-version comparison for the main conclusion.,reports/reasoning-about-nontermination-compcert-aeneas-2026-09-27/REPORT.json,reports/reasoning-about-nontermination-compcert-aeneas-2026-09-27/REPORT.md,"[{""name"":""CompCert 3.18 whole-program behavior and simulation semantics"",""identity"":{""repository"":""AbsInt/CompCert"",""revision"":""74cbdbf0e86ecbfa39a5ca8f248f77fb2f974cb6"",""version"":""3.18""}},{""name"":""Aeneas divergence and partial-function model selected by Anneal"",""identity"":{""repository"":""AeneasVerif/aeneas"",""revision"":""ac9f1bc5262a5e4ff1e24ca78617121382202727"",""release"":""nightly-2026.06.03""}},{""name"":""Rust termination terminology at the Anneal Rust pin"",""identity"":{""repository"":""rust-lang/reference"",""revision"":""ad35aca481751a06afeb23820a672b0f3b11a476"",""rust-toolchain"":""nightly-2026-05-31""}}]"
R510,source_revision_recheck,Kubernetes controller-runtime 8564dc35 + client-go 6d1d0250,"Reconciliation loops, event streams, and repairable watcher state","A reliable reactive tool should separate what wakes work up from what makes the resulting state true. Kubernetes makes this separation explicit: controller events enqueue a key, but reconciliation is level-based and rereads current state rather than interpreting the event as the authoritative transition. Its client caches use an event stream for efficiency, but they are built around a recoverable snapshot-plus-version protocol: if watch history is unavailable, the client rebu",Kubernetes controller-runtime; Kubernetes client-go Reflector; Kubernetes WatchList KEP 3157; Kubernetes controller and API documentation; Linux inotify manual; Anneal redesign; Anneal direct save/format/watch-loop reference report,True,Main report includes present-tense implementation behavior at named upstream source revision; compare current source for that component.,Compare named pinned source against the newer upstream source revision; preserve historical claims. Exact current tip/release requires per-repository verification.,reports/reconciliation-event-hints-repair-loops-2005-2026/REPORT.json,reports/reconciliation-event-hints-repair-loops-2005-2026/REPORT.md,"[{""name"":""Kubernetes controller-runtime"",""identity"":{""repository"":""kubernetes-sigs/controller-runtime"",""revision"":""8564dc352deed83f3dfcd5c5e47d1fed6c6dd28b""}},{""name"":""Kubernetes client-go Reflector"",""identity"":{""repository"":""kubernetes/kubernetes"",""revision"":""6d1d025050cb63ae5b8e53037aced205e6a28410""}},{""name"":""Kubernetes WatchList KEP 3157"",""identity"":{""repository"":""kubernetes/enhancements"",""revision"":""914ed6950576832c8579899f092909d27623492e""}},{""name"":""Kubernetes controller and API documentation"",""identity"":{""repository"":""kubernetes/website"",""revision"":""367a7a21bbef6b2d3c57d5fe113bee9bdb658889""}},{""name"":""Linux inotify manual"",""identity"":{""project"":""Linux man-pages"",""release"":""6.19"",""release_date"":""2026-02-14"",""page"":""inotify(7)""}},{""name"":""Anneal redesign"",""identity"":{""repository"":""google/zerocopy"",""revision"":""cc135f46155b72e4b51188525c2974a3b84acf92""}},{""name"":""Anneal direct save/format/watch-loop reference report"",""identity"":{""repository"":""google/zerocopy"",""revision"":""2cec790eeec883e83ac66dcfa021c51ad65ad4f1"",""package"":""anneal-3730-editor-save-format-watch-loop-2026-09-29"",""report_blob"":""ca2c4e0f92eb9432002b240a986073417a177b48""}}]"
R511,source_revision_recheck,Linux Rust abstraction source 551c722f40809618230001baccf219193e22fc5a,"Isolation boundaries across RedLeaf, Rust-for-Linux, and Anneal tool processes","""Isolation"" names several different guarantees. RedLeaf's OSDI 2020 design separates them unusually clearly: Rust memory safety is the starting point, but fault isolation also needs a restricted component language, validated cross-domain interfaces, mediated sharing, ownership tracking, liveness checks, panic containment, and resource reclamation. Its lesson is therefore not that a safe language eliminates isolation machinery. It is that a language can replace some hardware p",RedLeaf isolation architecture; RedLeaf paper-associated source corroboration; Linux Rust abstraction and foreign-ownership boundary; Anneal design authority,True,Main report includes present-tense implementation behavior at named upstream source revision; compare current source for that component.,Compare named pinned source against the newer upstream source revision; preserve historical claims. Exact current tip/release requires per-repository verification.,reports/redleaf-mixed-language-isolation-boundaries-2020-2026/REPORT.json,reports/redleaf-mixed-language-isolation-boundaries-2020-2026/REPORT.md,"[{""name"":""RedLeaf isolation architecture"",""identity"":{""publication"":""RedLeaf: Isolation and Communication in a Safe Operating System, 14th USENIX Symposium on Operating Systems Design and Implementation (OSDI 20), pages 21-39"",""usenix-paper-id"":""258949"",""year"":""2020""}},{""name"":""RedLeaf paper-associated source corroboration"",""identity"":{""repository"":""mars-research/redleaf"",""revision"":""08753faee652495f55fc8cbb420e5123a183affc"",""branch-observed"":""osdi20_camera_ready"",""commit-date"":""2021-02-20""}},{""name"":""Linux Rust abstraction and foreign-ownership boundary"",""identity"":{""repository"":""torvalds/linux"",""revision"":""551c722f40809618230001baccf219193e22fc5a""}},{""name"":""Anneal design authority"",""identity"":{""repository"":""google/zerocopy"",""revision"":""cc135f46155b72e4b51188525c2974a3b84acf92""}}]"
R512,incidental_or_citation,No pinned-software conclusion requiring a newer-version rerun,Negative controls and replay boundary for generated-project evidence bundles,"A small standard-library checker replayed the retained interactive-query and concurrency transcripts from copied evidence files, verified the expected changed-dependency contrast and resource guard outcomes, and rejected a deliberately altered “fresh server” goal result. This makes the evidence check itself falsifiable. The check does not rerun Lean or independently validate proof soundness; the underlying tool experiments and their prerequisites remain in the linked report p",Zerocopy V1 generated-project probe; Lean 4; reference corpus state used for the evidence review,False,"Main conclusion is an audit, general model, history, standard, or contextual evidence; software versions identify provenance only.",No newer-version comparison for the main conclusion.,reports/reference-report-evidence-negative-controls-2026-09-28/REPORT.json,reports/reference-report-evidence-negative-controls-2026-09-28/REPORT.md,"[{""name"":""Zerocopy V1 generated-project probe"",""identity"":{""repository"":""google/zerocopy"",""revision"":""bd0956be95c5f798f0c0484921b9b9d1fc6e9988""}},{""name"":""Lean 4"",""identity"":{""repository"":""leanprover/lean4"",""revision"":""3dc1a088b6d2d8eafe25a7cd7ec7b58d731bd7cc"",""version"":""v4.30.0-rc2""}},{""name"":""reference corpus state used for the evidence review"",""identity"":{""repository"":""google/zerocopy"",""revision"":""a0828fbef19f463066f80451ecbbd14dc8604d21""}}]"
R513,source_revision_recheck,rust-analyzer source 03fcb77246f2568adb0e9b2fa60d19c6cc1686f4,RLS to rust-analyzer: why compiler reuse was not enough,"Rust's IDE history is evidence against a simple rule that the batch compiler should also be the interactive engine. The original Rust Language Server (RLS) was explicitly designed around compiler reuse. Its accepted 2015 design put rustc inside a long-running service, intended lazy and incremental compilation, and stored compiler-produced semantic facts in a project-wide database. The mature implementation still obtained high-fidelity facts from rustc, but its unit of semanti",Rust Language Server architecture at archived repository head; RFC 1317 Rust Language Server accepted text; RFC 2912 rust-analyzer transition accepted text; rust-analyzer current architecture; rustc developer guide current rust-analyzer sharing account,True,Main report includes present-tense implementation behavior at named upstream source revision; compare current source for that component.,Compare named pinned source against the newer upstream source revision; preserve historical claims. Exact current tip/release requires per-repository verification.,reports/rls-rust-analyzer-architecture-evolution-2015-2026/REPORT.json,reports/rls-rust-analyzer-architecture-evolution-2015-2026/REPORT.md,"[{""name"":""Rust Language Server architecture at archived repository head"",""identity"":{""repository"":""rust-lang/rls"",""revision"":""04afefab3f993d6c59ecaaf9f3fcf7a5b8f6d2bc""}},{""name"":""RFC 1317 Rust Language Server accepted text"",""identity"":{""repository"":""rust-lang/rfcs"",""revision"":""4e4c756e6df95167dda553251cc37a75a294f002"",""rfc"":""1317""}},{""name"":""RFC 2912 rust-analyzer transition accepted text"",""identity"":{""repository"":""rust-lang/rfcs"",""revision"":""ba27c4c027704c716fcc1f54be601939fdc29c57"",""rfc"":""2912""}},{""name"":""rust-analyzer current architecture"",""identity"":{""repository"":""rust-lang/rust-analyzer"",""revision"":""03fcb77246f2568adb0e9b2fa60d19c6cc1686f4""}},{""name"":""rustc developer guide current rust-analyzer sharing account"",""identity"":{""repository"":""rust-lang/rustc-dev-guide"",""revision"":""0fb89036f8e46a80ee815ed99ff7d9dae9d172ae""}}]"
R514,source_revision_recheck,rust-analyzer source 03fcb77246f2568adb0e9b2fa60d19c6cc1686f4,RLS to rust-analyzer: why an interactive analyzer became a separate engine,"Rust's transition from the Rust Language Server (RLS) to rust-analyzer is a useful counterexample to the rule that an IDE should simply reuse the batch compiler. RLS deliberately reused rustc and therefore inherited highly accurate compiler semantics when compilation completed. Its problem was not a lack of semantic authority. Its problem was that the unit, lifetime, and scheduling of compiler work were poorly matched to an editor: whole-crate compilation and post-compilation",Rust Language Server (RLS) archived repository; rust-analyzer current architecture; RFC 1317: Rust Language Server; RFC 2912: Transition to rust-analyzer,True,Main report includes present-tense implementation behavior at named upstream source revision; compare current source for that component.,Compare named pinned source against the newer upstream source revision; preserve historical claims. Exact current tip/release requires per-repository verification.,reports/rls-rust-analyzer-architecture-transition-2015-2026/REPORT.json,reports/rls-rust-analyzer-architecture-transition-2015-2026/REPORT.md,"[{""name"":""Rust Language Server (RLS) archived repository"",""identity"":{""repository"":""rust-lang/rls"",""revision"":""04afefab3f993d6c59ecaaf9f3fcf7a5b8f6d2bc""}},{""name"":""rust-analyzer current architecture"",""identity"":{""repository"":""rust-lang/rust-analyzer"",""revision"":""03fcb77246f2568adb0e9b2fa60d19c6cc1686f4""}},{""name"":""RFC 1317: Rust Language Server"",""identity"":{""repository"":""rust-lang/rfcs"",""revision"":""82d48b36568286b93fc2ce55f89594024f421a3b"",""path"":""text/1317-ide.md""}},{""name"":""RFC 2912: Transition to rust-analyzer"",""identity"":{""repository"":""rust-lang/rfcs"",""revision"":""b6fffdf18f8b867648de0d95657cc13a64cae4e2"",""path"":""text/2912-rust-analyzer.md""}}]"
R515,source_revision_recheck,rust-analyzer source 03fcb77246f2568adb0e9b2fa60d19c6cc1686f4,From RLS to rust-analyzer: why compiler sharing was not the decisive boundary,"Rust's IDE history is a useful counterexample to the claim that an interactive service should use the batch compiler directly merely to maximize semantic sharing. The original Rust Language Server (RLS) was explicitly designed around rustc. Its 2015 design called the service an alternate compiler that would internally use the existing compiler, and it already understood the hard requirements: very low latency, incomplete programs, cancellation, a project-wide database, lazy c",Rust Language Server design and archived implementation; rust-analyzer adoption decision; Current rust-analyzer architecture; Anneal design authority used for applicability analysis,True,Main report includes present-tense implementation behavior at named upstream source revision; compare current source for that component.,Compare named pinned source against the newer upstream source revision; preserve historical claims. Exact current tip/release requires per-repository verification.,reports/rls-to-rust-analyzer-editor-engine-history-2015-2026/REPORT.json,reports/rls-to-rust-analyzer-editor-engine-history-2015-2026/REPORT.md,"[{""name"":""Rust Language Server design and archived implementation"",""identity"":{""repository"":""rust-lang/rls"",""revision"":""04afefab3f993d6c59ecaaf9f3fcf7a5b8f6d2bc"",""architecture_blob"":""a7bde5799d73cbaf7319dad2773fd58a89a978a8"",""rfc"":""1317""}},{""name"":""rust-analyzer adoption decision"",""identity"":{""repository"":""rust-lang/rfcs"",""revision"":""ba27c4c027704c716fcc1f54be601939fdc29c57"",""rfc"":""2912"",""rfc_blob"":""9f5986eeacafbea1ad99c6cbc4c24d2eab278c99""}},{""name"":""Current rust-analyzer architecture"",""identity"":{""repository"":""rust-lang/rust-analyzer"",""revision"":""03fcb77246f2568adb0e9b2fa60d19c6cc1686f4"",""architecture_blob"":""8b6ea56c851650cac23c27cc1ffb0a7f1b2a854c""}},{""name"":""Anneal design authority used for applicability analysis"",""identity"":{""repository"":""google/zerocopy"",""revision"":""cc135f46155b72e4b51188525c2974a3b84acf92"",""principles_blob"":""d5339a95254eae14ac201139d07d9d36d48a19fb"",""design_blob"":""0e8170979f3a466f2460c0ef7ec6d9a6b92650b8""}}]"
R516,source_revision_recheck,Roslyn source 7ec1fa8b6d8a43c88bca0dbb376090d219ebc43b,"Roslyn immutable snapshots: what they simplify, and what they leave mutable",Roslyn's useful architectural unit is not an immutable process or an immutable IDE. It is an immutable semantic snapshot embedded in a mutable host.,"Roslyn current workspace, compilation, syntax, and remote-synchronization architecture; Roslyn overview as first imported into the public GitHub repository; Roslyn initial out-of-process workspace integration commit; Eric Lippert's Roslyn red/green-tree design account; Anneal design authority used for transfer analysis",True,Main report includes present-tense implementation behavior at named upstream source revision; compare current source for that component.,Compare named pinned source against the newer upstream source revision; preserve historical claims. Exact current tip/release requires per-repository verification.,reports/roslyn-immutable-snapshots-workspace-boundaries-2012-2026/REPORT.json,reports/roslyn-immutable-snapshots-workspace-boundaries-2012-2026/REPORT.md,"[{""name"":""Roslyn current workspace, compilation, syntax, and remote-synchronization architecture"",""identity"":{""repository"":""dotnet/roslyn"",""revision"":""7ec1fa8b6d8a43c88bca0dbb376090d219ebc43b""}},{""name"":""Roslyn overview as first imported into the public GitHub repository"",""identity"":{""repository"":""dotnet/roslyn"",""revision"":""4a74095f0e3598e514f3147479beee208c0ad7ed"",""path"":""Roslyn-Overview.md""}},{""name"":""Roslyn initial out-of-process workspace integration commit"",""identity"":{""repository"":""dotnet/roslyn"",""revision"":""c141605a972871644cc43f2caec597c88e9662db""}},{""name"":""Eric Lippert's Roslyn red/green-tree design account"",""identity"":{""published"":""2012-06-08"",""url"":""https://ericlippert.com/2012/06/08/red-green-trees/""}},{""name"":""Anneal design authority used for transfer analysis"",""identity"":{""repository"":""google/zerocopy"",""revision"":""cc135f46155b72e4b51188525c2974a3b84acf92"",""paths"":""anneal/PRINCIPLES.md; anneal/DESIGN.md""}}]"
R517,newer_version_recheck,Rust/Cargo/rustc nightly-2026-05-31,"Rust struct, enum, and union layout rules relevant to unsafe code at nightly-2026-05-31","Rust's aggregate layout contract at the Anneal-era toolchain has one central dividing line: the default Rust representation deliberately promises very little, while repr(C), primitive enum representations, repr(transparent), and alignment modifiers add specific guarantees without erasing Rust validity rules. Unsafe code must reason from the representation actually attached to the nominal type rather than from source declaration order or from a compiler layout observed once.",Rust compiler behind Anneal-era nightly-2026-05-31; Rust Reference aggregate-layout contract,False,Empirical or source-backed behavior depends on the named toolchain pin.,Rust stable 1.98.1 and nightly-2026-09-30 (rustc 1.101.0-nightly); use matching toolchain for compiler behavior.,reports/rust-aggregate-layout-nightly-2026-05-31/REPORT.json,reports/rust-aggregate-layout-nightly-2026-05-31/REPORT.md,"[{""name"":""Rust compiler behind Anneal-era nightly-2026-05-31"",""identity"":{""repository"":""rust-lang/rust"",""revision"":""14210df0e27ccd7d9e6a05b8085cbd438e4bbc65"",""toolchain-date"":""2026-05-31""}},{""name"":""Rust Reference aggregate-layout contract"",""identity"":{""repository"":""rust-lang/reference"",""revision"":""ad35aca481751a06afeb23820a672b0f3b11a476""}}]"
R518,newer_version_recheck,Rust/Cargo/rustc nightly-2026-05-31,Rust allocation and deallocation contracts at nightly-2026-05-31,"At the Rust revision behind nightly-2026-05-31, low-level allocation is governed by two related but materially different interfaces. The stable global-allocation functions (alloc, alloczeroed, realloc, and dealloc) inherit GlobalAlloc's non-zero-size and exact-layout contracts. The unstable Allocator interface is deliberately more permissive: it supports zero-sized allocations, can expose an actual allocation size larger than the requested Layout, and defines deallocation in ",Rust allocation APIs behind Anneal-era nightly-2026-05-31,False,Empirical or source-backed behavior depends on the named toolchain pin.,Rust stable 1.98.1 and nightly-2026-09-30 (rustc 1.101.0-nightly); use matching toolchain for compiler behavior.,reports/rust-allocation-deallocation-nightly-2026-05-31/REPORT.json,reports/rust-allocation-deallocation-nightly-2026-05-31/REPORT.md,"[{""name"":""Rust allocation APIs behind Anneal-era nightly-2026-05-31"",""identity"":{""repository"":""rust-lang/rust"",""revision"":""14210df0e27ccd7d9e6a05b8085cbd438e4bbc65"",""toolchain-date"":""2026-05-31""}}]"
R519,newer_version_recheck,Rust/Cargo/rustc nightly-2026-05-31,Rust atomic operations and memory orderings at nightly-2026-05-31,"At the Rust revision behind nightly-2026-05-31, the atomic library explicitly adopts the C++20 atomic memory model, omitting memoryorderconsume and translating C++'s object-based wording into Rust's access-based model. The critical safety boundary is not “all shared writes must be atomic.” It is that a data race—conflicting, unsynchronized accesses where at least one access is non-atomic—is undefined behavior. Conflicting atomic accesses can race without becoming a data race,",Rust atomic library behind Anneal-era nightly-2026-05-31; Rust Reference bundled by the compiler revision,False,Empirical or source-backed behavior depends on the named toolchain pin.,Rust stable 1.98.1 and nightly-2026-09-30 (rustc 1.101.0-nightly); use matching toolchain for compiler behavior.,reports/rust-atomics-memory-orderings-nightly-2026-05-31/REPORT.json,reports/rust-atomics-memory-orderings-nightly-2026-05-31/REPORT.md,"[{""name"":""Rust atomic library behind Anneal-era nightly-2026-05-31"",""identity"":{""repository"":""rust-lang/rust"",""revision"":""14210df0e27ccd7d9e6a05b8085cbd438e4bbc65"",""toolchain-date"":""2026-05-31""}},{""name"":""Rust Reference bundled by the compiler revision"",""identity"":{""repository"":""rust-lang/reference"",""revision"":""ad35aca481751a06afeb23820a672b0f3b11a476""}}]"
R520,newer_version_recheck,Rust/Cargo/rustc nightly-2026-05-31,Rust auto-trait coinduction and recursive unsafe impls at nightly-2026-05-31,"At rust-lang/rust@14210df0e27ccd7d9e6a05b8085cbd438e4bbc65, auto traits such as Send and Sync are coinductive: some recursive proof cycles are accepted rather than treated as ordinary inductive recursion. This is necessary for recursive data structures whose automatically generated auto-trait proof eventually asks for the same auto trait again.",Rust compiler behind Anneal-era nightly-2026-05-31; Rust Reference bundled by the compiler revision,False,Empirical or source-backed behavior depends on the named toolchain pin.,Rust stable 1.98.1 and nightly-2026-09-30 (rustc 1.101.0-nightly); use matching toolchain for compiler behavior.,reports/rust-auto-trait-coinduction-nightly-2026-05-31/REPORT.json,reports/rust-auto-trait-coinduction-nightly-2026-05-31/REPORT.md,"[{""name"":""Rust compiler behind Anneal-era nightly-2026-05-31"",""identity"":{""repository"":""rust-lang/rust"",""revision"":""14210df0e27ccd7d9e6a05b8085cbd438e4bbc65"",""toolchain-date"":""2026-05-31""}},{""name"":""Rust Reference bundled by the compiler revision"",""identity"":{""repository"":""rust-lang/reference"",""revision"":""ad35aca481751a06afeb23820a672b0f3b11a476""}}]"
R521,newer_version_recheck,Rust/Cargo/rustc nightly-2026-05-31,`Box` raw conversions at Rust nightly-2026-05-31,"Box::intoraw is an ownership handoff, not a temporary pointer borrow. It consumes a Box<T>, suppresses the box destructor, and returns a non-null, properly aligned raw pointer whose pointee and allocation are now the caller's responsibility. Box::fromraw performs the inverse handoff only when the pointer still satisfies the Box<T> allocation, layout, value-validity, and ownership requirements. Reconstructing two owning boxes from one allocation can double-free it; losing the ",Rust Box raw-conversion APIs behind Anneal-era nightly-2026-05-31; Current zerocopy Box raw-conversion call sites,False,Empirical or source-backed behavior depends on the named toolchain pin.,Rust stable 1.98.1 and nightly-2026-09-30 (rustc 1.101.0-nightly); use matching toolchain for compiler behavior.,reports/rust-box-raw-conversions-nightly-2026-05-31/REPORT.json,reports/rust-box-raw-conversions-nightly-2026-05-31/REPORT.md,"[{""name"":""Rust Box raw-conversion APIs behind Anneal-era nightly-2026-05-31"",""identity"":{""repository"":""rust-lang/rust"",""revision"":""f8a08b688cbe60acc386ed1fbd1b7cbaaf5576b1"",""release"":""1.98.0-nightly"",""toolchain-date"":""2026-05-31""}},{""name"":""Current zerocopy Box raw-conversion call sites"",""identity"":{""repository"":""google/zerocopy"",""revision"":""41f5b37afe7060fd9fe08c00b200672cd76d77b9""}}]"
R522,newer_version_recheck,Rust/Cargo/rustc nightly-2026-05-31,Rust conditional compilation before HIR and MIR at nightly-2026-05-31,"At the Rust compiler revision used by Anneal's pinned Charon toolchain, false #[cfg(...)] branches disappear during AST configuration and macro expansion, before name resolution finishes and before the surviving AST is lowered to HIR. They therefore never become HIR or MIR for that compilation. A downstream MIR consumer cannot recover code excluded by the active configuration from the compiler representation it receives.",Rust compiler source; Rust Reference; Cargo source,False,Empirical or source-backed behavior depends on the named toolchain pin.,Rust stable 1.98.1 and nightly-2026-09-30 (rustc 1.101.0-nightly); use matching toolchain for compiler behavior.,reports/rust-conditional-compilation-nightly-2026-05-31/REPORT.json,reports/rust-conditional-compilation-nightly-2026-05-31/REPORT.md,"[{""name"":""Rust compiler source"",""identity"":{""repository"":""rust-lang/rust"",""revision"":""14210df0e27ccd7d9e6a05b8085cbd438e4bbc65""}},{""name"":""Rust Reference"",""identity"":{""repository"":""rust-lang/reference"",""revision"":""ad35aca481751a06afeb23820a672b0f3b11a476""}},{""name"":""Cargo source"",""identity"":{""repository"":""rust-lang/cargo"",""revision"":""fbb61be30e5f9ac3a6ad58e56a5c0f5db2d2b3ef""}}]"
R523,newer_version_recheck,Rust/Cargo/rustc nightly-2026-05-31,Rust const evaluation and const functions at nightly-2026-05-31,"At the Rust compiler revision behind Anneal-era nightly-2026-05-31, const fn does not mean “this function always runs at compile time.” It means the function is eligible to be called in a const context. A call from a const context is interpreted by the compiler during compilation, using the compilation target's environment. The same const fn called outside a const context behaves like the same function without the const qualifier and executes normally at runtime unless ordina",Rust compiler behind Anneal-era nightly-2026-05-31; Rust Reference bundled by the compiler revision,False,Empirical or source-backed behavior depends on the named toolchain pin.,Rust stable 1.98.1 and nightly-2026-09-30 (rustc 1.101.0-nightly); use matching toolchain for compiler behavior.,reports/rust-const-eval-const-functions-nightly-2026-05-31/REPORT.json,reports/rust-const-eval-const-functions-nightly-2026-05-31/REPORT.md,"[{""name"":""Rust compiler behind Anneal-era nightly-2026-05-31"",""identity"":{""repository"":""rust-lang/rust"",""revision"":""14210df0e27ccd7d9e6a05b8085cbd438e4bbc65"",""toolchain-date"":""2026-05-31""}},{""name"":""Rust Reference bundled by the compiler revision"",""identity"":{""repository"":""rust-lang/reference"",""revision"":""ad35aca481751a06afeb23820a672b0f3b11a476""}}]"
R524,newer_version_recheck,Rust/Cargo/rustc nightly-2026-05-31,Rust correctness and termination terminology at nightly-2026-05-31,"At the Rust revision behind nightly-2026-05-31, several outcomes that all fail to produce an ordinary function result must remain distinct: an execution can panic and unwind, panic and abort, terminate through another process-ending path, execute undefined behavior, or continue forever. Rust's own term diverging is broader than nonterminating: the Reference defines a diverging expression as one that never completes normal execution, and it explicitly includes panic! as well a",Rust compiler behind Anneal-era nightly-2026-05-31; Rust Reference bundled by the compiler revision,False,Empirical or source-backed behavior depends on the named toolchain pin.,Rust stable 1.98.1 and nightly-2026-09-30 (rustc 1.101.0-nightly); use matching toolchain for compiler behavior.,reports/rust-correctness-termination-terminology-nightly-2026-05-31/REPORT.json,reports/rust-correctness-termination-terminology-nightly-2026-05-31/REPORT.md,"[{""name"":""Rust compiler behind Anneal-era nightly-2026-05-31"",""identity"":{""repository"":""rust-lang/rust"",""revision"":""14210df0e27ccd7d9e6a05b8085cbd438e4bbc65"",""toolchain-date"":""2026-05-31""}},{""name"":""Rust Reference bundled by the compiler revision"",""identity"":{""repository"":""rust-lang/reference"",""revision"":""ad35aca481751a06afeb23820a672b0f3b11a476""}}]"
R525,newer_version_recheck,Rust/Cargo/rustc nightly-2026-05-31,Rust drop elaboration and downstream visibility at nightly-2026-05-31,"Rust source semantics require destruction only for initialized values and initialized subobjects. The compiler does not encode that rule directly in newly built MIR. It first inserts Drop terminators at places where destruction may occur, including normal scope exits and cleanup paths. At rust-lang/rust@14210df0e27ccd7d9e6a05b8085cbd438e4bbc65, the mandatory ElaborateDrops pass combines move-path dataflow with generated drop flags and rewrites those potential drops into runti",Rust compiler source; Rust Reference; Charon pinned by Aeneas; Aeneas selected by Anneal,False,Empirical or source-backed behavior depends on the named toolchain pin.,Rust stable 1.98.1 and nightly-2026-09-30 (rustc 1.101.0-nightly); use matching toolchain for compiler behavior.,reports/rust-drop-elaboration-nightly-2026-05-31/REPORT.json,reports/rust-drop-elaboration-nightly-2026-05-31/REPORT.md,"[{""name"":""Rust compiler source"",""identity"":{""repository"":""rust-lang/rust"",""revision"":""14210df0e27ccd7d9e6a05b8085cbd438e4bbc65"",""toolchain"":""nightly-2026-05-31""}},{""name"":""Rust Reference"",""identity"":{""repository"":""rust-lang/reference"",""revision"":""ad35aca481751a06afeb23820a672b0f3b11a476""}},{""name"":""Charon pinned by Aeneas"",""identity"":{""repository"":""AeneasVerif/charon"",""revision"":""a535e914f74db4fd9e6be7048f4233270d8945c0"",""version"":""0.1.210""}},{""name"":""Aeneas selected by Anneal"",""identity"":{""repository"":""AeneasVerif/aeneas"",""revision"":""ac9f1bc5262a5e4ff1e24ca78617121382202727"",""release"":""nightly-2026.06.03""}}]"
R526,newer_version_recheck,Rust/Cargo/rustc nightly-2026-05-31,Rust dynamically sized and slice layout at nightly-2026-05-31,Rust's dynamically sized types separate two questions that unsafe-code proofs often blur: the layout of the dynamically sized value and the representation of a pointer that carries enough metadata to locate that value.,Rust compiler and core library behind Anneal-era nightly-2026-05-31; Rust Reference bundled by the compiler revision,False,Empirical or source-backed behavior depends on the named toolchain pin.,Rust stable 1.98.1 and nightly-2026-09-30 (rustc 1.101.0-nightly); use matching toolchain for compiler behavior.,reports/rust-dst-slice-layout-nightly-2026-05-31/REPORT.json,reports/rust-dst-slice-layout-nightly-2026-05-31/REPORT.md,"[{""name"":""Rust compiler and core library behind Anneal-era nightly-2026-05-31"",""identity"":{""repository"":""rust-lang/rust"",""revision"":""14210df0e27ccd7d9e6a05b8085cbd438e4bbc65"",""toolchain-date"":""2026-05-31""}},{""name"":""Rust Reference bundled by the compiler revision"",""identity"":{""repository"":""rust-lang/reference"",""revision"":""ad35aca481751a06afeb23820a672b0f3b11a476""}}]"
R527,newer_version_recheck,Rust/Cargo/rustc nightly-2026-05-31,Rust `extern` declarations and foreign items at nightly-2026-05-31,"At rust-lang/rust@14210df0e27ccd7d9e6a05b8085cbd438e4bbc65, an item in an extern block is a Rust declaration with compiler identity, a Rust-visible type/signature, safety information, and an ABI boundary, but no Rust body. The Rust Reference describes these items as declarations of definitions provided elsewhere. A proof about Rust code can therefore rely on the Rust-side declaration only after making the foreign implementation's behavior an explicit model or trust assumption",Rust compiler; Rust Reference; Charon pinned by Aeneas,False,Empirical or source-backed behavior depends on the named toolchain pin.,Rust stable 1.98.1 and nightly-2026-09-30 (rustc 1.101.0-nightly); use matching toolchain for compiler behavior.,reports/rust-extern-foreign-items-nightly-2026-05-31/REPORT.json,reports/rust-extern-foreign-items-nightly-2026-05-31/REPORT.md,"[{""name"":""Rust compiler"",""identity"":{""repository"":""rust-lang/rust"",""revision"":""14210df0e27ccd7d9e6a05b8085cbd438e4bbc65"",""toolchain"":""nightly-2026-05-31""}},{""name"":""Rust Reference"",""identity"":{""repository"":""rust-lang/reference"",""revision"":""ad35aca481751a06afeb23820a672b0f3b11a476""}},{""name"":""Charon pinned by Aeneas"",""identity"":{""repository"":""AeneasVerif/charon"",""revision"":""a535e914f74db4fd9e6be7048f4233270d8945c0"",""version"":""0.1.210""}}]"
R528,newer_version_recheck,Rust/Cargo/rustc nightly-2026-05-31,"Rust initialization, padding, and typed-copy semantics at nightly-2026-05-31","At rust-lang/rust@14210df0e27ccd7d9e6a05b8085cbd438e4bbc65, corresponding to Anneal's nightly-2026-05-31, initialization is a property of Rust's abstract memory bytes, while validity is a property of produced typed values. The bundled Rust Reference permits uninitialized bytes in padding even when the enclosing value is otherwise valid. Padding contributes to storage size and layout, but it is not required to hold initialized value bytes merely because a T exists there.",Rust compiler and core library selected by Anneal; Rust Reference bundled by the selected compiler revision,False,Empirical or source-backed behavior depends on the named toolchain pin.,Rust stable 1.98.1 and nightly-2026-09-30 (rustc 1.101.0-nightly); use matching toolchain for compiler behavior.,reports/rust-initialization-padding-nightly-2026-05-31/REPORT.json,reports/rust-initialization-padding-nightly-2026-05-31/REPORT.md,"[{""name"":""Rust compiler and core library selected by Anneal"",""identity"":{""repository"":""rust-lang/rust"",""revision"":""14210df0e27ccd7d9e6a05b8085cbd438e4bbc65"",""toolchain"":""nightly-2026-05-31""}},{""name"":""Rust Reference bundled by the selected compiler revision"",""identity"":{""repository"":""rust-lang/reference"",""revision"":""ad35aca481751a06afeb23820a672b0f3b11a476""}}]"
R529,newer_version_recheck,Rust/Cargo/rustc nightly-2026-05-31,Rust inline and global assembly at nightly-2026-05-31,"At rust-lang/rust@14210df0e27ccd7d9e6a05b8085cbd438e4bbc65, Rust inline assembly is an explicit semantic boundary rather than an opaque function call. asm! and nakedasm! reach MIR as TerminatorKind::InlineAsm, where rustc still records the assembly macro kind, template, typed operands, options, source-line spans, control-flow targets, and unwind action. globalasm! follows a different path: rustc keeps it as a module-level HIR item and later emits it as a MonoItem::GlobalAsm.",Rust compiler; Rust Reference; Charon pinned by Aeneas,False,Empirical or source-backed behavior depends on the named toolchain pin.,Rust stable 1.98.1 and nightly-2026-09-30 (rustc 1.101.0-nightly); use matching toolchain for compiler behavior.,reports/rust-inline-global-assembly-nightly-2026-05-31/REPORT.json,reports/rust-inline-global-assembly-nightly-2026-05-31/REPORT.md,"[{""name"":""Rust compiler"",""identity"":{""repository"":""rust-lang/rust"",""revision"":""14210df0e27ccd7d9e6a05b8085cbd438e4bbc65"",""toolchain"":""nightly-2026-05-31""}},{""name"":""Rust Reference"",""identity"":{""repository"":""rust-lang/reference"",""revision"":""ad35aca481751a06afeb23820a672b0f3b11a476""}},{""name"":""Charon pinned by Aeneas"",""identity"":{""repository"":""AeneasVerif/charon"",""revision"":""a535e914f74db4fd9e6be7048f4233270d8945c0"",""version"":""0.1.210""}}]"
R530,newer_version_recheck,Rust/Cargo/rustc nightly-2026-05-31,Rust layout information available from rustc at nightly-2026-05-31,"At the Rust compiler revision behind Anneal-era nightly-2026-05-31, rustc computes substantially more layout information than the Rust language promises as a stable representation contract. Its internal layout model records size, ABI and preferred alignment, field offsets and memory order, enum variant layouts and tag encoding, scalar validity ranges and niches, inhabitation, backend representation categories, and whether a layout is sized. Type-aware traversal can recover pe",Rust compiler behind Anneal-era nightly-2026-05-31; Rust Reference bundled by the compiler revision,False,Empirical or source-backed behavior depends on the named toolchain pin.,Rust stable 1.98.1 and nightly-2026-09-30 (rustc 1.101.0-nightly); use matching toolchain for compiler behavior.,reports/rust-layout-rustc-nightly-2026-05-31/REPORT.json,reports/rust-layout-rustc-nightly-2026-05-31/REPORT.md,"[{""name"":""Rust compiler behind Anneal-era nightly-2026-05-31"",""identity"":{""repository"":""rust-lang/rust"",""revision"":""14210df0e27ccd7d9e6a05b8085cbd438e4bbc65"",""toolchain-date"":""2026-05-31""}},{""name"":""Rust Reference bundled by the compiler revision"",""identity"":{""repository"":""rust-lang/reference"",""revision"":""ad35aca481751a06afeb23820a672b0f3b11a476""}}]"
R531,incidental_or_citation,No pinned-software conclusion requiring a newer-version rerun,Lifetime and resource reasoning approaches for Rust verification,"Rust verifiers agree on one difficult fact even when they encode it in very different ways: a mutable borrow temporarily transfers the right to update state, and the verifier must relate the borrower's final state back to the suspended owner when that borrow ends. The principal approaches differ in what they preserve from Rust and where they place the proof burden.","RustBelt: semantic lifetime and ownership resources; Prusti: Rust-type-derived permission reasoning; RustHorn: prophecy-based functionalization of mutable borrows; Aeneas: loan-based functional translation and backward functions; RustHornBelt: semantic foundation for prophecy-based functional specifications; RefinedRust: lifetime logic, borrow names, and foundational refined ownership types; Thrust: prophecy-based refinement types for Rust",False,"Main conclusion is an audit, general model, history, standard, or contextual evidence; software versions identify provenance only.",No newer-version comparison for the main conclusion.,reports/rust-lifetime-resource-reasoning-approaches-2026-09-27/REPORT.json,reports/rust-lifetime-resource-reasoning-approaches-2026-09-27/REPORT.md,"[{""name"":""RustBelt: semantic lifetime and ownership resources"",""identity"":{""doi"":""10.1145/3158154"",""publication"":""PACMPL 2 (POPL), Article 66"",""year"":""2018""}},{""name"":""Prusti: Rust-type-derived permission reasoning"",""identity"":{""doi"":""10.1145/3360573"",""publication"":""PACMPL 3 (OOPSLA), Article 147"",""year"":""2019""}},{""name"":""RustHorn: prophecy-based functionalization of mutable borrows"",""identity"":{""doi"":""10.1007/978-3-030-44914-8_18"",""publication"":""ESOP 2020"",""year"":""2020""}},{""name"":""Aeneas: loan-based functional translation and backward functions"",""identity"":{""doi"":""10.1145/3547647"",""publication"":""PACMPL 6 (ICFP), Article 116"",""year"":""2022""}},{""name"":""RustHornBelt: semantic foundation for prophecy-based functional specifications"",""identity"":{""doi"":""10.1145/3519939.3523704"",""publication"":""PLDI 2022"",""year"":""2022""}},{""name"":""RefinedRust: lifetime logic, borrow names, and foundational refined ownership types"",""identity"":{""doi"":""10.1145/3656422"",""publication"":""PACMPL 8 (PLDI), Article 192"",""year"":""2024""}},{""name"":""Thrust: prophecy-based refinement types for Rust"",""identity"":{""doi"":""10.1145/3729333"",""publication"":""PACMPL 9 (PLDI), Article 230"",""year"":""2025""}}]"
R532,newer_version_recheck,Rust/Cargo/rustc nightly-2026-05-31,"Lifetime and region information through rustc, Charon, and Aeneas","At Anneal's pinned 2026-05-31 Rust/Charon toolchain and Aeneas nightly-2026.06.03, lifetime information changes representation several times rather than disappearing at one compiler boundary.",Rust compiler source; Charon pinned by Aeneas; Aeneas release source; Anneal configuration,False,Empirical or source-backed behavior depends on the named toolchain pin.,Rust stable 1.98.1 and nightly-2026-09-30 (rustc 1.101.0-nightly); use matching toolchain for compiler behavior.,reports/rust-lifetimes-charon-aeneas-nightly-2026-05-31/REPORT.json,reports/rust-lifetimes-charon-aeneas-nightly-2026-05-31/REPORT.md,"[{""name"":""Rust compiler source"",""identity"":{""repository"":""rust-lang/rust"",""revision"":""14210df0e27ccd7d9e6a05b8085cbd438e4bbc65""}},{""name"":""Charon pinned by Aeneas"",""identity"":{""repository"":""AeneasVerif/charon"",""revision"":""a535e914f74db4fd9e6be7048f4233270d8945c0"",""rust-toolchain"":""nightly-2026-05-31""}},{""name"":""Aeneas release source"",""identity"":{""repository"":""AeneasVerif/aeneas"",""revision"":""ac9f1bc5262a5e4ff1e24ca78617121382202727"",""release"":""nightly-2026.06.03""}},{""name"":""Anneal configuration"",""identity"":{""repository"":""google/zerocopy"",""revision"":""41f5b37afe7060fd9fe08c00b200672cd76d77b9""}}]"
R533,prior_comparison,June 2026 Charon/Aeneas revision pairs (prior comparison),Executed Rust-to-LLBC-to-Lean specimens and Aeneas revision comparison,"A compact execution suite linked Rust fixture classes through Charon LLBC and Aeneas-generated Lean, and a paired-release comparison found the same baseline Baseline.lean bytes when each Aeneas release was used with its pinned Charon. The important constraint is that Aeneas June 1 accepts its Charon 0.1.208 pair and June 3 accepts Charon 0.1.210; cross-pairing fails the explicit version compatibility check. This is paired-bundle evidence, not an Aeneas-only comparison on iden",Aeneas June 3; Aeneas June 1; Charon June 3; Lean 4,False,Existing comparison of earlier adjacent versions; refresh on the newer target.,Aeneas nightly-2026.09.30-0855ce1 with its paired Charon e435e5f and Lean 4.31.0; separate standalone Charon comparison.,reports/rust-llbc-lean-golden-and-aeneas-revision-probes-2026-09-28/REPORT.json,reports/rust-llbc-lean-golden-and-aeneas-revision-probes-2026-09-28/REPORT.md,"[{""name"":""Aeneas June 3"",""identity"":{""repository"":""AeneasVerif/aeneas"",""revision"":""ac9f1bc5262a5e4ff1e24ca78617121382202727""}},{""name"":""Aeneas June 1"",""identity"":{""repository"":""AeneasVerif/aeneas"",""revision"":""f95a80abaf554d4612cb60ef9ec8e849139bec44""}},{""name"":""Charon June 3"",""identity"":{""repository"":""charon-lang/charon"",""revision"":""0c91ca1a8e002d6bfa8d8f1f452804fce2f92cf1""}},{""name"":""Lean 4"",""identity"":{""repository"":""leanprover/lean4"",""revision"":""3dc1a088b6d2d8eafe25a7cd7ec7b58d731bd7cc"",""version"":""v4.30.0-rc2""}}]"
R534,newer_version_recheck,Rust/Cargo/rustc nightly-2026-05-31,Local and nested Rust item identity for Anneal,Rust permits definition-like constructs inside bodies that do not have ordinary module paths.,The Rust Reference; rustc; Anneal,False,Empirical or source-backed behavior depends on the named toolchain pin.,Rust stable 1.98.1 and nightly-2026-09-30 (rustc 1.101.0-nightly); use matching toolchain for compiler behavior.,reports/rust-local-nested-items-nightly-2026-05-31/REPORT.json,reports/rust-local-nested-items-nightly-2026-05-31/REPORT.md,"[{""name"":""The Rust Reference"",""identity"":{""repository"":""rust-lang/reference"",""revision"":""ad35aca481751a06afeb23820a672b0f3b11a476""}},{""name"":""rustc"",""identity"":{""repository"":""rust-lang/rust"",""revision"":""f8a08b688cbe60acc386ed1fbd1b7cbaaf5576b1"",""release"":""1.98.0-nightly"",""commit-date"":""2026-05-30""}},{""name"":""Anneal"",""identity"":{""repository"":""google/zerocopy"",""revision"":""0eca5581c6d27aaeaba4c421f7bf2a26bdd50228""}}]"
R535,newer_version_recheck,Rust/Cargo/rustc nightly-2026-05-31,`MaybeUninit` semantics at nightly-2026-05-31,"At rust-lang/rust@14210df0e27ccd7d9e6a05b8085cbd438e4bbc65, MaybeUninit<T> is Rust's type-level escape hatch from T's ordinary value-validity invariant. A MaybeUninit<T> may contain any initialized or uninitialized byte sequence of the appropriate size. The wrapper carries no runtime initialized/uninitialized tag and dropping it never runs T's destructor. Safety is recovered only when code crosses back to T, &T, &mut T, or Drop through an operation whose caller asserts that t",Rust core MaybeUninit semantics selected by Anneal; Rust Reference bundled by the selected compiler revision,False,Empirical or source-backed behavior depends on the named toolchain pin.,Rust stable 1.98.1 and nightly-2026-09-30 (rustc 1.101.0-nightly); use matching toolchain for compiler behavior.,reports/rust-maybe-uninit-nightly-2026-05-31/REPORT.json,reports/rust-maybe-uninit-nightly-2026-05-31/REPORT.md,"[{""name"":""Rust core MaybeUninit semantics selected by Anneal"",""identity"":{""repository"":""rust-lang/rust"",""revision"":""14210df0e27ccd7d9e6a05b8085cbd438e4bbc65"",""toolchain"":""nightly-2026-05-31""}},{""name"":""Rust Reference bundled by the selected compiler revision"",""identity"":{""repository"":""rust-lang/reference"",""revision"":""ad35aca481751a06afeb23820a672b0f3b11a476""}}]"
R536,newer_version_recheck,Rust/Cargo/rustc nightly-2026-05-31,"Rust module, file, and source identity at nightly-2026-05-31","At the Rust compiler revision used by Anneal's pinned Charon toolchain, a Rust module's logical identity and the source file that supplied its text are distinct facts. An inline mod m { ... } has a logical module but no separate module file. An out-of-line mod m; loads exactly one source file selected by Rust's module-path rules or by a literal #[path = ""...""] override. The resulting file is registered in rustc's SourceMap under a FileName; spans refer into that source-file i",Rust compiler source; Rust Reference,False,Empirical or source-backed behavior depends on the named toolchain pin.,Rust stable 1.98.1 and nightly-2026-09-30 (rustc 1.101.0-nightly); use matching toolchain for compiler behavior.,reports/rust-module-file-resolution-nightly-2026-05-31/REPORT.json,reports/rust-module-file-resolution-nightly-2026-05-31/REPORT.md,"[{""name"":""Rust compiler source"",""identity"":{""repository"":""rust-lang/rust"",""revision"":""14210df0e27ccd7d9e6a05b8085cbd438e4bbc65""}},{""name"":""Rust Reference"",""identity"":{""repository"":""rust-lang/reference"",""revision"":""ad35aca481751a06afeb23820a672b0f3b11a476""}}]"
R537,newer_version_recheck,Rust/Cargo/rustc nightly-2026-05-31,Rust-nightly upgrade checklist for the Anneal toolchain,"A Rust-nightly change in current Anneal is not an isolated compiler-version bump. The normal runtime Charon path is built around the Rust nightly required by the Charon revision pinned by Aeneas. At the examined baseline, Aeneas nightly-2026.06.03 pins Charon a535e914…, and that Charon source embeds nightly-2026-05-31. Anneal separately hard-codes the same date in anneal/flake.nix, packages that Rust sysroot, and invokes the Aeneas-bundled Charon with CHARONTOOLCHAINISINPATH=",Anneal toolchain configuration; Aeneas release selected by Anneal; Charon pinned by the selected Aeneas release; Rust compiler source behind Anneal-era nightly-2026-05-31,False,Empirical or source-backed behavior depends on the named toolchain pin.,Rust stable 1.98.1 and nightly-2026-09-30 (rustc 1.101.0-nightly); use matching toolchain for compiler behavior.,reports/rust-nightly-upgrade-checklist-nightly-2026-05-31/REPORT.json,reports/rust-nightly-upgrade-checklist-nightly-2026-05-31/REPORT.md,"[{""name"":""Anneal toolchain configuration"",""identity"":{""repository"":""google/zerocopy"",""revision"":""41f5b37afe7060fd9fe08c00b200672cd76d77b9""}},{""name"":""Aeneas release selected by Anneal"",""identity"":{""repository"":""AeneasVerif/aeneas"",""revision"":""ac9f1bc5262a5e4ff1e24ca78617121382202727"",""release"":""nightly-2026.06.03""}},{""name"":""Charon pinned by the selected Aeneas release"",""identity"":{""repository"":""AeneasVerif/charon"",""revision"":""a535e914f74db4fd9e6be7048f4233270d8945c0"",""version"":""0.1.210""}},{""name"":""Rust compiler source behind Anneal-era nightly-2026-05-31"",""identity"":{""repository"":""rust-lang/rust"",""revision"":""14210df0e27ccd7d9e6a05b8085cbd438e4bbc65"",""toolchain-date"":""2026-05-31""}}]"
R538,newer_version_recheck,Rust/Cargo/rustc nightly-2026-05-31,`NonNull` semantics at nightly-2026-05-31,"At rust-lang/rust@14210df0e27ccd7d9e6a05b8085cbd438e4bbc65, NonNull<T> is not an owned or dereferenceable pointer abstraction. Its defining extra value invariant over an ordinary raw pointer is much narrower: the pointer value must never be null. It may still dangle, be unusable for an access, carry insufficient provenance, refer to uninitialized storage, or fail the stronger requirements for forming &T or &mut T.",Rust compiler and core library behind Anneal-era nightly-2026-05-31; Rust Reference bundled by the compiler revision,False,Empirical or source-backed behavior depends on the named toolchain pin.,Rust stable 1.98.1 and nightly-2026-09-30 (rustc 1.101.0-nightly); use matching toolchain for compiler behavior.,reports/rust-nonnull-nightly-2026-05-31/REPORT.json,reports/rust-nonnull-nightly-2026-05-31/REPORT.md,"[{""name"":""Rust compiler and core library behind Anneal-era nightly-2026-05-31"",""identity"":{""repository"":""rust-lang/rust"",""revision"":""14210df0e27ccd7d9e6a05b8085cbd438e4bbc65"",""toolchain-date"":""2026-05-31""}},{""name"":""Rust Reference bundled by the compiler revision"",""identity"":{""repository"":""rust-lang/reference"",""revision"":""ad35aca481751a06afeb23820a672b0f3b11a476""}}]"
R539,newer_version_recheck,Rust/Cargo/rustc nightly-2026-05-31,Panic-producing Rust primitives at nightly-2026-05-31,"At Rust nightly-2026-05-31, ordinary panic-producing primitives and their unchecked counterparts have fundamentally different verification obligations.",Rust compiler and core library behind Anneal-era nightly-2026-05-31; Rust Reference bundled by the selected compiler revision,False,Empirical or source-backed behavior depends on the named toolchain pin.,Rust stable 1.98.1 and nightly-2026-09-30 (rustc 1.101.0-nightly); use matching toolchain for compiler behavior.,reports/rust-panic-primitives-nightly-2026-05-31/REPORT.json,reports/rust-panic-primitives-nightly-2026-05-31/REPORT.md,"[{""name"":""Rust compiler and core library behind Anneal-era nightly-2026-05-31"",""identity"":{""repository"":""rust-lang/rust"",""revision"":""14210df0e27ccd7d9e6a05b8085cbd438e4bbc65"",""toolchain-date"":""2026-05-31""}},{""name"":""Rust Reference bundled by the selected compiler revision"",""identity"":{""repository"":""rust-lang/reference"",""revision"":""ad35aca481751a06afeb23820a672b0f3b11a476""}}]"
R540,newer_version_recheck,Rust/Cargo/rustc nightly-2026-05-31,"Panic, unwind, abort, and divergence in Rust/MIR at nightly-2026-05-31","At rust-lang/rust@14210df0e27ccd7d9e6a05b8085cbd438e4bbc65, the Rust outcomes that all fail to return normally are not interchangeable. A computation can return normally, unwind, terminate the process, execute undefined behavior, or fail to terminate. Rust's type-level notion of divergence deliberately groups several of those possibilities: an expression of type ! never completes normal execution, but that fact alone does not say whether it panics, aborts, loops forever, or o",Rust compiler source; Rust Reference; Charon pinned by Aeneas,False,Empirical or source-backed behavior depends on the named toolchain pin.,Rust stable 1.98.1 and nightly-2026-09-30 (rustc 1.101.0-nightly); use matching toolchain for compiler behavior.,reports/rust-panic-unwind-abort-divergence-nightly-2026-05-31/REPORT.json,reports/rust-panic-unwind-abort-divergence-nightly-2026-05-31/REPORT.md,"[{""name"":""Rust compiler source"",""identity"":{""repository"":""rust-lang/rust"",""revision"":""14210df0e27ccd7d9e6a05b8085cbd438e4bbc65"",""toolchain"":""nightly-2026-05-31""}},{""name"":""Rust Reference"",""identity"":{""repository"":""rust-lang/reference"",""revision"":""ad35aca481751a06afeb23820a672b0f3b11a476""}},{""name"":""Charon pinned by Aeneas"",""identity"":{""repository"":""AeneasVerif/charon"",""revision"":""a535e914f74db4fd9e6be7048f4233270d8945c0"",""version"":""0.1.210""}}]"
R541,newer_version_recheck,Rust/Cargo/rustc nightly-2026-05-31,Rust raw-pointer arithmetic at nightly-2026-05-31,"At rust-lang/rust@14210df0e27ccd7d9e6a05b8085cbd438e4bbc65, the raw-pointer arithmetic APIs divide into two semantic families.",Rust core raw-pointer arithmetic behind Anneal-era nightly-2026-05-31,False,Empirical or source-backed behavior depends on the named toolchain pin.,Rust stable 1.98.1 and nightly-2026-09-30 (rustc 1.101.0-nightly); use matching toolchain for compiler behavior.,reports/rust-pointer-arithmetic-nightly-2026-05-31/REPORT.json,reports/rust-pointer-arithmetic-nightly-2026-05-31/REPORT.md,"[{""name"":""Rust core raw-pointer arithmetic behind Anneal-era nightly-2026-05-31"",""identity"":{""repository"":""rust-lang/rust"",""revision"":""14210df0e27ccd7d9e6a05b8085cbd438e4bbc65"",""toolchain-date"":""2026-05-31""}}]"
R542,newer_version_recheck,Rust/Cargo/rustc nightly-2026-05-31,Rust raw-pointer casts and provenance APIs at nightly-2026-05-31,"At the Rust revision behind nightly-2026-05-31, a raw pointer is not interchangeable with its numeric address. The pinned core::ptr documentation describes a pointer as carrying an address plus provenance: the address identifies a location, while provenance participates in determining which memory accesses that pointer may perform. The stable Strict Provenance APIs make this separation explicit.",Rust core raw-pointer APIs behind Anneal-era nightly-2026-05-31; Rust Reference bundled by the compiler revision,False,Empirical or source-backed behavior depends on the named toolchain pin.,Rust stable 1.98.1 and nightly-2026-09-30 (rustc 1.101.0-nightly); use matching toolchain for compiler behavior.,reports/rust-pointer-casts-provenance-apis-nightly-2026-05-31/REPORT.json,reports/rust-pointer-casts-provenance-apis-nightly-2026-05-31/REPORT.md,"[{""name"":""Rust core raw-pointer APIs behind Anneal-era nightly-2026-05-31"",""identity"":{""repository"":""rust-lang/rust"",""revision"":""14210df0e27ccd7d9e6a05b8085cbd438e4bbc65"",""toolchain-date"":""2026-05-31""}},{""name"":""Rust Reference bundled by the compiler revision"",""identity"":{""repository"":""rust-lang/reference"",""revision"":""ad35aca481751a06afeb23820a672b0f3b11a476""}}]"
R543,newer_version_recheck,Rust/Cargo/rustc nightly-2026-05-31,Rust raw-pointer bulk-copy primitives at nightly-2026-05-31,"At rust-lang/rust@14210df0e27ccd7d9e6a05b8085cbd438e4bbc65, core::ptr::copy and core::ptr::copynonoverlapping are untyped byte-copy operations with typed alignment. They copy count sizeof::<T>() bytes and preserve the initialization state of those bytes exactly. The source bytes need not form valid initialized T values; they may be uninitialized or otherwise violate T's validity requirements. This is materially different from ptr::read, which produces a T and therefore requir",Rust raw-pointer bulk-copy primitives behind Anneal-era nightly-2026-05-31; Rust Reference bundled by the compiler revision,False,Empirical or source-backed behavior depends on the named toolchain pin.,Rust stable 1.98.1 and nightly-2026-09-30 (rustc 1.101.0-nightly); use matching toolchain for compiler behavior.,reports/rust-pointer-copy-nightly-2026-05-31/REPORT.json,reports/rust-pointer-copy-nightly-2026-05-31/REPORT.md,"[{""name"":""Rust raw-pointer bulk-copy primitives behind Anneal-era nightly-2026-05-31"",""identity"":{""repository"":""rust-lang/rust"",""revision"":""14210df0e27ccd7d9e6a05b8085cbd438e4bbc65"",""toolchain-date"":""2026-05-31""}},{""name"":""Rust Reference bundled by the compiler revision"",""identity"":{""repository"":""rust-lang/reference"",""revision"":""ad35aca481751a06afeb23820a672b0f3b11a476""}}]"
R544,newer_version_recheck,Rust/Cargo/rustc nightly-2026-05-31,"`ptr::read`, `read_unaligned`, `write`, and `write_unaligned` at nightly-2026-05-31","At rust-lang/rust@14210df0e27ccd7d9e6a05b8085cbd438e4bbc65, the four primitive raw-pointer access operations divide along two independent axes: read versus write and aligned versus unaligned.",Rust core raw-pointer read/write operations behind Anneal-era nightly-2026-05-31; Rust Reference examined with the pinned compiler,False,Empirical or source-backed behavior depends on the named toolchain pin.,Rust stable 1.98.1 and nightly-2026-09-30 (rustc 1.101.0-nightly); use matching toolchain for compiler behavior.,reports/rust-ptr-read-write-nightly-2026-05-31/REPORT.json,reports/rust-ptr-read-write-nightly-2026-05-31/REPORT.md,"[{""name"":""Rust core raw-pointer read/write operations behind Anneal-era nightly-2026-05-31"",""identity"":{""repository"":""rust-lang/rust"",""revision"":""14210df0e27ccd7d9e6a05b8085cbd438e4bbc65"",""toolchain-date"":""2026-05-31""}},{""name"":""Rust Reference examined with the pinned compiler"",""identity"":{""repository"":""rust-lang/reference"",""revision"":""ad35aca481751a06afeb23820a672b0f3b11a476""}}]"
R545,newer_version_recheck,Rust/Cargo/rustc nightly-2026-05-31,"Raw-pointer validity, provenance, and alignment at nightly-2026-05-31","At the Rust revision behind nightly-2026-05-31, a raw-pointer value has much weaker requirements than an operation that reads, writes, offsets, or converts through that pointer. The Rust Reference requires a raw-pointer value to be initialized, but it does not require every raw pointer merely to exist as a value to be non-null, aligned, backed by live storage, or usable for an access. The pinned core::ptr documentation therefore rejects a context-free question such as “is thi",Rust compiler and core library behind Anneal-era nightly-2026-05-31; Rust Reference bundled by the compiler revision,False,Empirical or source-backed behavior depends on the named toolchain pin.,Rust stable 1.98.1 and nightly-2026-09-30 (rustc 1.101.0-nightly); use matching toolchain for compiler behavior.,reports/rust-raw-pointer-validity-provenance-alignment-nightly-2026-05-31/REPORT.json,reports/rust-raw-pointer-validity-provenance-alignment-nightly-2026-05-31/REPORT.md,"[{""name"":""Rust compiler and core library behind Anneal-era nightly-2026-05-31"",""identity"":{""repository"":""rust-lang/rust"",""revision"":""14210df0e27ccd7d9e6a05b8085cbd438e4bbc65"",""toolchain-date"":""2026-05-31""}},{""name"":""Rust Reference bundled by the compiler revision"",""identity"":{""repository"":""rust-lang/reference"",""revision"":""ad35aca481751a06afeb23820a672b0f3b11a476""}}]"
R546,newer_version_recheck,Rust/Cargo/rustc nightly-2026-05-31,Raw slice-pointer construction with `ptr::slice_from_raw_parts`,"At rust-lang/rust@14210df0e27ccd7d9e6a05b8085cbd438e4bbc65 (nightly-2026-05-31), ptr::slicefromrawparts and ptr::slicefromrawpartsmut are safe constructors for raw wide slice pointers. They combine a thin data pointer with a usize element count. They do not create a slice reference, read or write memory, check an allocation, require a non-null or aligned address, establish initialization, or establish shared/mutable aliasing rights.",Rust compiler and core library behind Anneal-era nightly-2026-05-31; Rust Reference bundled by the selected compiler revision,False,Empirical or source-backed behavior depends on the named toolchain pin.,Rust stable 1.98.1 and nightly-2026-09-30 (rustc 1.101.0-nightly); use matching toolchain for compiler behavior.,reports/rust-raw-slice-pointer-construction-nightly-2026-05-31/REPORT.json,reports/rust-raw-slice-pointer-construction-nightly-2026-05-31/REPORT.md,"[{""name"":""Rust compiler and core library behind Anneal-era nightly-2026-05-31"",""identity"":{""repository"":""rust-lang/rust"",""revision"":""14210df0e27ccd7d9e6a05b8085cbd438e4bbc65"",""toolchain-date"":""2026-05-31""}},{""name"":""Rust Reference bundled by the selected compiler revision"",""identity"":{""repository"":""rust-lang/reference"",""revision"":""ad35aca481751a06afeb23820a672b0f3b11a476""}}]"
R547,newer_version_recheck,Rust/Cargo/rustc nightly-2026-05-31,Rust reference creation from raw pointers at nightly-2026-05-31,"At rust-lang/rust@14210df0e27ccd7d9e6a05b8085cbd438e4bbc65, turning a raw pointer into a Rust reference is itself a safety-critical semantic event. It is not enough that a later load or store would happen to be valid. The exact core::ptr documentation says that &ptr, &mut ptr, ptr.asref(), ptr.asrefunchecked(), ptr.asmut(), and ptr.asmutunchecked() require the raw pointer to be convertible to the corresponding reference at the moment the reference is created, and those requir",Rust compiler and core library behind Anneal-era nightly-2026-05-31; Rust Reference bundled by the compiler revision,False,Empirical or source-backed behavior depends on the named toolchain pin.,Rust stable 1.98.1 and nightly-2026-09-30 (rustc 1.101.0-nightly); use matching toolchain for compiler behavior.,reports/rust-reference-creation-from-raw-pointers-nightly-2026-05-31/REPORT.json,reports/rust-reference-creation-from-raw-pointers-nightly-2026-05-31/REPORT.md,"[{""name"":""Rust compiler and core library behind Anneal-era nightly-2026-05-31"",""identity"":{""repository"":""rust-lang/rust"",""revision"":""14210df0e27ccd7d9e6a05b8085cbd438e4bbc65"",""toolchain-date"":""2026-05-31""}},{""name"":""Rust Reference bundled by the compiler revision"",""identity"":{""repository"":""rust-lang/reference"",""revision"":""ad35aca481751a06afeb23820a672b0f3b11a476""}}]"
R548,newer_version_recheck,Rust/Cargo/rustc nightly-2026-05-31,Rust unsafe syntax and abstraction invariants at nightly-2026-05-31,"At Rust nightly-2026-05-31, unsafe syntax marks a fixed set of language operations whose use requires additional proof obligations. It is not a general marker for every state transition that can matter to an unsafe abstraction's invariant.",Rust compiler behind Anneal-era nightly-2026-05-31; Rust Reference bundled by the compiler revision,False,Empirical or source-backed behavior depends on the named toolchain pin.,Rust stable 1.98.1 and nightly-2026-09-30 (rustc 1.101.0-nightly); use matching toolchain for compiler behavior.,reports/rust-safety-boundary-completeness-nightly-2026-05-31/REPORT.json,reports/rust-safety-boundary-completeness-nightly-2026-05-31/REPORT.md,"[{""name"":""Rust compiler behind Anneal-era nightly-2026-05-31"",""identity"":{""repository"":""rust-lang/rust"",""revision"":""14210df0e27ccd7d9e6a05b8085cbd438e4bbc65"",""toolchain-date"":""2026-05-31""}},{""name"":""Rust Reference bundled by the compiler revision"",""identity"":{""repository"":""rust-lang/reference"",""revision"":""ad35aca481751a06afeb23820a672b0f3b11a476""}}]"
R549,newer_version_recheck,Rust/Cargo/rustc nightly-2026-05-31,"Rust `size_of`, `align_of`, `size_of_val`, and `align_of_val` at nightly-2026-05-31","At the Rust revision behind Anneal's nightly-2026-05-31 toolchain, the four stable memory-layout queries divide cleanly into type-level and value-level operations.",Rust core memory-layout APIs behind Anneal-era nightly-2026-05-31; Rust Reference layout semantics used to interpret those APIs,False,Empirical or source-backed behavior depends on the named toolchain pin.,Rust stable 1.98.1 and nightly-2026-09-30 (rustc 1.101.0-nightly); use matching toolchain for compiler behavior.,reports/rust-size-align-nightly-2026-05-31/REPORT.json,reports/rust-size-align-nightly-2026-05-31/REPORT.md,"[{""name"":""Rust core memory-layout APIs behind Anneal-era nightly-2026-05-31"",""identity"":{""repository"":""rust-lang/rust"",""revision"":""14210df0e27ccd7d9e6a05b8085cbd438e4bbc65"",""toolchain-date"":""2026-05-31""}},{""name"":""Rust Reference layout semantics used to interpret those APIs"",""identity"":{""repository"":""rust-lang/reference"",""revision"":""ad35aca481751a06afeb23820a672b0f3b11a476""}}]"
R550,newer_version_recheck,Rust/Cargo/rustc nightly-2026-05-31,Rust source-span provenance after expansion at nightly-2026-05-31,"At rust-lang/rust@14210df0e27ccd7d9e6a05b8085cbd438e4bbc65, a compiler Span carries two kinds of information that must not be conflated: a source location and a hygiene/expansion context. SpanData stores byte positions plus a SyntaxContext; the syntax context links to expansion data that records macro call sites, definition sites, transparency, macro identity, and nested expansion ancestry. The public procedural-macro API exposes the same separation directly: resolvedat chang",Rust compiler and proc-macro API behind Anneal-era nightly-2026-05-31; Charon pinned by Aeneas,False,Empirical or source-backed behavior depends on the named toolchain pin.,Rust stable 1.98.1 and nightly-2026-09-30 (rustc 1.101.0-nightly); use matching toolchain for compiler behavior.,reports/rust-source-span-provenance-nightly-2026-05-31/REPORT.json,reports/rust-source-span-provenance-nightly-2026-05-31/REPORT.md,"[{""name"":""Rust compiler and proc-macro API behind Anneal-era nightly-2026-05-31"",""identity"":{""repository"":""rust-lang/rust"",""revision"":""14210df0e27ccd7d9e6a05b8085cbd438e4bbc65"",""toolchain-date"":""2026-05-31""}},{""name"":""Charon pinned by Aeneas"",""identity"":{""repository"":""AeneasVerif/charon"",""revision"":""a535e914f74db4fd9e6be7048f4233270d8945c0"",""version"":""0.1.210""}}]"
R551,newer_version_recheck,Rust/Cargo/rustc nightly-2026-05-31,Rust transmutation semantics at nightly-2026-05-31,"At the Rust revision behind Anneal's nightly-2026-05-31, mem::transmute is an unsafe by-value reinterpretation, not an unchecked byte-array cast. It requires Src and Dst to have equal size, consumes the source, and produces a Dst; both values must be valid at their respective types. The operation is described as a bitwise move, but by-value movement means source or destination padding is not guaranteed to be preserved. Equal size is therefore only the first obligation. Destin",Rust compiler and core library behind Anneal-era nightly-2026-05-31; Rust Reference bundled by the selected compiler revision,False,Empirical or source-backed behavior depends on the named toolchain pin.,Rust stable 1.98.1 and nightly-2026-09-30 (rustc 1.101.0-nightly); use matching toolchain for compiler behavior.,reports/rust-transmute-nightly-2026-05-31/REPORT.json,reports/rust-transmute-nightly-2026-05-31/REPORT.md,"[{""name"":""Rust compiler and core library behind Anneal-era nightly-2026-05-31"",""identity"":{""repository"":""rust-lang/rust"",""revision"":""14210df0e27ccd7d9e6a05b8085cbd438e4bbc65"",""toolchain-date"":""2026-05-31""}},{""name"":""Rust Reference bundled by the selected compiler revision"",""identity"":{""repository"":""rust-lang/reference"",""revision"":""ad35aca481751a06afeb23820a672b0f3b11a476""}}]"
R552,newer_version_recheck,Rust/Cargo/rustc nightly-2026-05-31,Rust type aliases from resolution through compiler type lowering at nightly-2026-05-31,"At rust-lang/rust@14210df0e27ccd7d9e6a05b8085cbd438e4bbc65, an ordinary Rust type alias has a compiler item identity but normally does not remain a distinct semantic type after type lowering. Name resolution can identify the alias declaration by its own DefId, and HIR preserves a TyAlias item with its name, generics, and right-hand-side type. When rustc lowers a use of an ordinary alias into its internal type representation, however, it obtains the alias's lowered right-hand ",Rust compiler behind Anneal-era nightly-2026-05-31; Rust Reference bundled by the compiler revision,False,Empirical or source-backed behavior depends on the named toolchain pin.,Rust stable 1.98.1 and nightly-2026-09-30 (rustc 1.101.0-nightly); use matching toolchain for compiler behavior.,reports/rust-type-alias-lowering-nightly-2026-05-31/REPORT.json,reports/rust-type-alias-lowering-nightly-2026-05-31/REPORT.md,"[{""name"":""Rust compiler behind Anneal-era nightly-2026-05-31"",""identity"":{""repository"":""rust-lang/rust"",""revision"":""14210df0e27ccd7d9e6a05b8085cbd438e4bbc65""}},{""name"":""Rust Reference bundled by the compiler revision"",""identity"":{""repository"":""rust-lang/reference"",""revision"":""ad35aca481751a06afeb23820a672b0f3b11a476""}}]"
R553,newer_version_recheck,Rust/Cargo/rustc nightly-2026-05-31,Rust undefined behavior and experimental operational models at the 2026-05-31 toolchain,"At the Rust toolchain revision relevant to Anneal's pinned 2026-05-31 toolchain, Rust has authoritative language rules about many forms of undefined behavior, but it does not have a complete formal operational semantics for unsafe Rust. The Rust Reference explicitly says both that its undefined-behavior list is non-exhaustive and that there is no formal model deciding everything unsafe code may do. Its memory-model chapter separately warns that Rust's memory model is incomple",Rust source toolchain; Rust Reference; Miri source bundled in Rust; Unsafe Code Guidelines repository,False,Empirical or source-backed behavior depends on the named toolchain pin.,Rust stable 1.98.1 and nightly-2026-09-30 (rustc 1.101.0-nightly); use matching toolchain for compiler behavior.,reports/rust-ub-and-operational-models-nightly-2026-05-31/REPORT.json,reports/rust-ub-and-operational-models-nightly-2026-05-31/REPORT.md,"[{""name"":""Rust source toolchain"",""identity"":{""repository"":""rust-lang/rust"",""revision"":""14210df0e27ccd7d9e6a05b8085cbd438e4bbc65"",""toolchain-date"":""2026-05-31""}},{""name"":""Rust Reference"",""identity"":{""repository"":""rust-lang/reference"",""revision"":""ad35aca481751a06afeb23820a672b0f3b11a476""}},{""name"":""Miri source bundled in Rust"",""identity"":{""repository"":""rust-lang/rust"",""revision"":""14210df0e27ccd7d9e6a05b8085cbd438e4bbc65"",""path"":""src/tools/miri""}},{""name"":""Unsafe Code Guidelines repository"",""identity"":{""repository"":""rust-lang/unsafe-code-guidelines"",""revision"":""d809f91e62968913d808e53397fbcf7cea762cce""}}]"
R554,newer_version_recheck,Rust/Cargo/rustc nightly-2026-05-31,`unreachable_unchecked` semantics at nightly-2026-05-31,"At rust-lang/rust@14210df0e27ccd7d9e6a05b8085cbd438e4bbc65, core::hint::unreachableunchecked() -> ! is an unsafe promise that control flow cannot reach the call. Reaching it is undefined behavior. It is not a faster panic with weaker diagnostics, and it is not merely a hint that an optimizer may ignore.",Rust compiler and core library behind Anneal-era nightly-2026-05-31; Rust Reference bundled by the selected compiler revision,False,Empirical or source-backed behavior depends on the named toolchain pin.,Rust stable 1.98.1 and nightly-2026-09-30 (rustc 1.101.0-nightly); use matching toolchain for compiler behavior.,reports/rust-unreachable-unchecked-nightly-2026-05-31/REPORT.json,reports/rust-unreachable-unchecked-nightly-2026-05-31/REPORT.md,"[{""name"":""Rust compiler and core library behind Anneal-era nightly-2026-05-31"",""identity"":{""repository"":""rust-lang/rust"",""revision"":""14210df0e27ccd7d9e6a05b8085cbd438e4bbc65"",""toolchain-date"":""2026-05-31""}},{""name"":""Rust Reference bundled by the selected compiler revision"",""identity"":{""repository"":""rust-lang/reference"",""revision"":""ad35aca481751a06afeb23820a672b0f3b11a476""}}]"
R555,newer_version_recheck,Rust/Cargo/rustc nightly-2026-05-31,Rust unsafe fields at nightly-2026-05-31,"At rust-lang/rust@14210df0e27ccd7d9e6a05b8085cbd438e4bbc65, the compiler behind Anneal-era nightly-2026-05-31, #![feature(unsafefields)] is an incomplete unstable feature for marking named fields whose library safety invariant is stronger than the invariant supplied by their Rust type.",Rust compiler behind Anneal-era nightly-2026-05-31; Accepted unsafe-fields RFC,False,Empirical or source-backed behavior depends on the named toolchain pin.,Rust stable 1.98.1 and nightly-2026-09-30 (rustc 1.101.0-nightly); use matching toolchain for compiler behavior.,reports/rust-unsafe-fields-nightly-2026-05-31/REPORT.json,reports/rust-unsafe-fields-nightly-2026-05-31/REPORT.md,"[{""name"":""Rust compiler behind Anneal-era nightly-2026-05-31"",""identity"":{""repository"":""rust-lang/rust"",""revision"":""14210df0e27ccd7d9e6a05b8085cbd438e4bbc65"",""toolchain-date"":""2026-05-31""}},{""name"":""Accepted unsafe-fields RFC"",""identity"":{""repository"":""rust-lang/rfcs"",""revision"":""f5749baed7b7ecfe03d95dc9197d0c1344712f43"",""rfc"":""3458""}}]"
R556,newer_version_recheck,Rust/Cargo/rustc nightly-2026-05-31,Rust unsafe-trait invariants at nightly-2026-05-31,"At the Rust toolchain selected by current Anneal, an unsafe trait is an implementation-side proof obligation. The trait declaration defines extra safety conditions that implementations must uphold; an unsafe impl is the programmer's assertion that those obligations have been discharged. The compiler checks that this assertion is syntactically present for an unsafe trait and rejects unsafe impl for an ordinary safe trait, but it does not prove the documented invariant itself.",Rust compiler behind nightly-2026-05-31; Rust Reference used for exact unsafe-trait language rules,False,Empirical or source-backed behavior depends on the named toolchain pin.,Rust stable 1.98.1 and nightly-2026-09-30 (rustc 1.101.0-nightly); use matching toolchain for compiler behavior.,reports/rust-unsafe-trait-invariants-nightly-2026-05-31/REPORT.json,reports/rust-unsafe-trait-invariants-nightly-2026-05-31/REPORT.md,"[{""name"":""Rust compiler behind nightly-2026-05-31"",""identity"":{""repository"":""rust-lang/rust"",""revision"":""14210df0e27ccd7d9e6a05b8085cbd438e4bbc65"",""toolchain"":""nightly-2026-05-31""}},{""name"":""Rust Reference used for exact unsafe-trait language rules"",""identity"":{""repository"":""rust-lang/reference"",""revision"":""ad35aca481751a06afeb23820a672b0f3b11a476""}}]"
R557,newer_version_recheck,Rust/Cargo/rustc nightly-2026-05-31,`UnsafeCell` and interior mutability at nightly-2026-05-31,"UnsafeCell<T> is Rust's core language/library primitive for interior mutability. At the selected nightly, its special power is narrow: bytes inside an UnsafeCell are exempt from the ordinary rule that data reached through a live shared reference must remain immutable. That exemption does not relax the uniqueness of &mut, does not make data races legal, and does not turn the pointer returned by UnsafeCell::get into an automatically valid reference.",Rust compiler and core library behind Anneal-era nightly-2026-05-31; Rust Reference bundled with the selected compiler revision,False,Empirical or source-backed behavior depends on the named toolchain pin.,Rust stable 1.98.1 and nightly-2026-09-30 (rustc 1.101.0-nightly); use matching toolchain for compiler behavior.,reports/rust-unsafecell-interior-mutability-nightly-2026-05-31/REPORT.json,reports/rust-unsafecell-interior-mutability-nightly-2026-05-31/REPORT.md,"[{""name"":""Rust compiler and core library behind Anneal-era nightly-2026-05-31"",""identity"":{""repository"":""rust-lang/rust"",""revision"":""14210df0e27ccd7d9e6a05b8085cbd438e4bbc65"",""toolchain-date"":""2026-05-31""}},{""name"":""Rust Reference bundled with the selected compiler revision"",""identity"":{""repository"":""rust-lang/reference"",""revision"":""ad35aca481751a06afeb23820a672b0f3b11a476""}}]"
R558,newer_version_recheck,Rust/Cargo/rustc nightly-2026-05-31,Rust validity versus well-defined execution at nightly-2026-05-31,"At the Rust revision behind the nightly-2026-05-31 toolchain, type validity is a necessary condition for well-defined execution, not a complete definition of it. The Rust Reference makes producing an invalid typed value immediate undefined behavior. It separately defines other undefined behaviors that can occur while every produced value remains type-valid: accessing dangling or misaligned memory, violating pointer-aliasing rules, mutating immutable bytes, racing non-atomic a",Rust compiler and core library behind Anneal-era nightly-2026-05-31; Rust Reference bundled by the compiler revision,False,Empirical or source-backed behavior depends on the named toolchain pin.,Rust stable 1.98.1 and nightly-2026-09-30 (rustc 1.101.0-nightly); use matching toolchain for compiler behavior.,reports/rust-validity-well-defined-execution-nightly-2026-05-31/REPORT.json,reports/rust-validity-well-defined-execution-nightly-2026-05-31/REPORT.md,"[{""name"":""Rust compiler and core library behind Anneal-era nightly-2026-05-31"",""identity"":{""repository"":""rust-lang/rust"",""revision"":""14210df0e27ccd7d9e6a05b8085cbd438e4bbc65"",""toolchain-date"":""2026-05-31""}},{""name"":""Rust Reference bundled by the compiler revision"",""identity"":{""repository"":""rust-lang/reference"",""revision"":""ad35aca481751a06afeb23820a672b0f3b11a476""}}]"
R559,newer_version_recheck,Rust/Cargo/rustc nightly-2026-05-31,Rust volatile memory access at nightly-2026-05-31,"At rust-lang/rust@f8a08b688cbe60acc386ed1fbd1b7cbaaf5576b1 (nightly-2026-05-31), ptr::readvolatile and ptr::writevolatile have two deliberately different validity regimes.",Rust volatile pointer operations,False,Empirical or source-backed behavior depends on the named toolchain pin.,Rust stable 1.98.1 and nightly-2026-09-30 (rustc 1.101.0-nightly); use matching toolchain for compiler behavior.,reports/rust-volatile-memory-access-nightly-2026-05-31/REPORT.json,reports/rust-volatile-memory-access-nightly-2026-05-31/REPORT.md,"[{""name"":""Rust volatile pointer operations"",""identity"":{""repository"":""rust-lang/rust"",""revision"":""f8a08b688cbe60acc386ed1fbd1b7cbaaf5576b1"",""toolchain-date"":""nightly-2026-05-31""}}]"
R560,newer_version_recheck,Rust/Cargo/rustc nightly-2026-05-31,Rust wide-pointer metadata at nightly-2026-05-31,"At rust-lang/rust@14210df0e27ccd7d9e6a05b8085cbd438e4bbc65, Rust's pointer-metadata API models a raw pointer as a data pointer plus metadata determined by the pointee type. Thin pointees use () metadata. Wide pointees use non-zero metadata: str uses a byte length, [T] uses an element count, a DST struct reuses the metadata of its unsized tail field, and a dyn Trait uses DynMetadata<dyn Trait> backed by a compiler-generated vtable.",Rust wide raw-pointer metadata APIs behind Anneal-era nightly-2026-05-31; Rust Reference bundled by the compiler revision,False,Empirical or source-backed behavior depends on the named toolchain pin.,Rust stable 1.98.1 and nightly-2026-09-30 (rustc 1.101.0-nightly); use matching toolchain for compiler behavior.,reports/rust-wide-pointer-metadata-nightly-2026-05-31/REPORT.json,reports/rust-wide-pointer-metadata-nightly-2026-05-31/REPORT.md,"[{""name"":""Rust wide raw-pointer metadata APIs behind Anneal-era nightly-2026-05-31"",""identity"":{""repository"":""rust-lang/rust"",""revision"":""14210df0e27ccd7d9e6a05b8085cbd438e4bbc65"",""toolchain-date"":""2026-05-31""}},{""name"":""Rust Reference bundled by the compiler revision"",""identity"":{""repository"":""rust-lang/reference"",""revision"":""ad35aca481751a06afeb23820a672b0f3b11a476""}}]"
R561,incidental_or_citation,No pinned-software conclusion requiring a newer-version rerun,RustBelt’s unsafe-abstraction model and safe-client composition,"RustBelt gives unsafe Rust libraries a semantic proof obligation rather than treating unsafe as a trusted escape from the type system. In its formal language, λRust, ordinary syntactically well-typed code is covered by a one-time fundamental theorem. A library whose implementation uses operations that the syntactic type system cannot justify must instead prove that the implementation satisfies the semantic interpretation of its public interface. That interface interpretation ",RustBelt POPL 2018 unsafe-abstraction soundness model; RustBelt POPL 2018 accompanying artifact record,False,"Main conclusion is an audit, general model, history, standard, or contextual evidence; software versions identify provenance only.",No newer-version comparison for the main conclusion.,reports/rustbelt-unsafe-abstraction-model-popl-2018/REPORT.json,reports/rustbelt-unsafe-abstraction-model-popl-2018/REPORT.md,"[{""name"":""RustBelt POPL 2018 unsafe-abstraction soundness model"",""identity"":{""doi"":""10.1145/3158154"",""publication"":""Proc. ACM Program. Lang. 2, POPL, Article 66"",""year"":""2018""}},{""name"":""RustBelt POPL 2018 accompanying artifact record"",""identity"":{""doi"":""10.5281/zenodo.1115560"",""version"":""v1"",""published"":""2017-12-13""}}]"
R562,newer_version_recheck,Rust/Cargo/rustc nightly-2026-05-31,rustc diagnostic width and output-format controls at nightly-2026-05-31,"At rust-lang/rust@f8a08b688cbe60acc386ed1fbd1b7cbaaf5576b1 (nightly-2026-05-31), rustc provides a stable command-line control, --diagnostic-width=<N>, that directly fixes the width used by its diagnostic renderer. The explicit value takes precedence over terminal-size discovery. The same value is passed into the renderer that populates the rendered field of JSON diagnostics, so it is the right control when a test needs stable wrapping in either human output or JSON's embedded",rustc diagnostics selected by Charon/Anneal toolchain; zerocopy UI diagnostic harness,False,Empirical or source-backed behavior depends on the named toolchain pin.,Rust stable 1.98.1 and nightly-2026-09-30 (rustc 1.101.0-nightly); use matching toolchain for compiler behavior.,reports/rustc-diagnostic-width-format-nightly-2026-05-31/REPORT.json,reports/rustc-diagnostic-width-format-nightly-2026-05-31/REPORT.md,"[{""name"":""rustc diagnostics selected by Charon/Anneal toolchain"",""identity"":{""repository"":""rust-lang/rust"",""revision"":""f8a08b688cbe60acc386ed1fbd1b7cbaaf5576b1"",""toolchain-date"":""nightly-2026-05-31""}},{""name"":""zerocopy UI diagnostic harness"",""identity"":{""repository"":""google/zerocopy"",""revision"":""41f5b37afe7060fd9fe08c00b200672cd76d77b9"",""component"":""tools/ui-runner""}}]"
R563,newer_version_recheck,Rust/Cargo/rustc nightly-2026-05-31,rustc MIR stages and unreachable code before Charon at nightly-2026-05-31,"At the Charon revision pinned by Aeneas for Anneal's 2026-05-31 Rust toolchain, Charon does not consume a literal transcription of Rust source and does not normally consume rustc's optimized MIR for the current crate. Charon's default MIR level is Promoted; the Aeneas preset does not override that choice. For a local function, Charon therefore requests tcx.mirpromoted: MIR after THIR-to-MIR lowering, rustc's initial CFG simplification, constant promotion, and a second CFG sim",Rust compiler source; Charon pinned by Aeneas; Anneal configuration,False,Empirical or source-backed behavior depends on the named toolchain pin.,Rust stable 1.98.1 and nightly-2026-09-30 (rustc 1.101.0-nightly); use matching toolchain for compiler behavior.,reports/rustc-mir-before-charon-nightly-2026-05-31/REPORT.json,reports/rustc-mir-before-charon-nightly-2026-05-31/REPORT.md,"[{""name"":""Rust compiler source"",""identity"":{""repository"":""rust-lang/rust"",""revision"":""14210df0e27ccd7d9e6a05b8085cbd438e4bbc65""}},{""name"":""Charon pinned by Aeneas"",""identity"":{""repository"":""AeneasVerif/charon"",""revision"":""a535e914f74db4fd9e6be7048f4233270d8945c0"",""rust-toolchain"":""nightly-2026-05-31""}},{""name"":""Anneal configuration"",""identity"":{""repository"":""google/zerocopy"",""revision"":""41f5b37afe7060fd9fe08c00b200672cd76d77b9""}}]"
R564,newer_version_recheck,Rust/Cargo/rustc nightly-2026-05-31,Safety-relevant operations in rustc MIR at nightly-2026-05-31,"At rust-lang/rust@14210df0e27ccd7d9e6a05b8085cbd438e4bbc65, rustc checks source safety requirements before MIR construction. HIR distinguishes safe, compiler-generated unsafe, and user-provided unsafe blocks; THIR preserves that distinction; checkunsafety.rs combines the current safety context with each safety-relevant operation. MIR then represents executable semantics rather than carrying the source unsafe { ... } authorization as a first-class property.",Rust compiler behind Anneal-era nightly-2026-05-31; Rust Reference bundled by the compiler revision,False,Empirical or source-backed behavior depends on the named toolchain pin.,Rust stable 1.98.1 and nightly-2026-09-30 (rustc 1.101.0-nightly); use matching toolchain for compiler behavior.,reports/rustc-mir-unsafe-operations-nightly-2026-05-31/REPORT.json,reports/rustc-mir-unsafe-operations-nightly-2026-05-31/REPORT.md,"[{""name"":""Rust compiler behind Anneal-era nightly-2026-05-31"",""identity"":{""repository"":""rust-lang/rust"",""revision"":""14210df0e27ccd7d9e6a05b8085cbd438e4bbc65"",""toolchain-date"":""2026-05-31""}},{""name"":""Rust Reference bundled by the compiler revision"",""identity"":{""repository"":""rust-lang/reference"",""revision"":""ad35aca481751a06afeb23820a672b0f3b11a476""}}]"
R565,newer_version_recheck,Rust/Cargo/rustc nightly-2026-05-31,rustc name resolution and stable item identity at nightly-2026-05-31,"At rust-lang/rust@14210df0e27ccd7d9e6a05b8085cbd438e4bbc65, the compiler revision behind Anneal's pinned Charon toolchain, a source spelling is not an item identity. Rust name resolution maps a use of a name to a semantic resolution. Ordinary definitions resolve to a DefId; local bindings resolve to a local HIR identity. Namespaces, scopes, imports, aliases, impl disambiguators, and compiler-generated definitions mean that identical text can identify different entities and di",Rust compiler source; Rust Reference,False,Empirical or source-backed behavior depends on the named toolchain pin.,Rust stable 1.98.1 and nightly-2026-09-30 (rustc 1.101.0-nightly); use matching toolchain for compiler behavior.,reports/rustc-name-resolution-stable-item-identity-nightly-2026-05-31/REPORT.json,reports/rustc-name-resolution-stable-item-identity-nightly-2026-05-31/REPORT.md,"[{""name"":""Rust compiler source"",""identity"":{""repository"":""rust-lang/rust"",""revision"":""14210df0e27ccd7d9e6a05b8085cbd438e4bbc65""}},{""name"":""Rust Reference"",""identity"":{""repository"":""rust-lang/reference"",""revision"":""ad35aca481751a06afeb23820a672b0f3b11a476""}}]"
R566,source_revision_recheck,Salsa a7f8c558 + rustc query docs 8ae6c255,Salsa and rustc query systems: when fine granularity earns its complexity,"Salsa and rustc show why a fine-grained query graph can make repeated compiler work fast, but they also show the price of making that graph trustworthy. The useful unit is not “an item” by default. It is the smallest computation for which the host can give a stable key, expose every semantically relevant input through the query boundary, define result equality, and afford the retained dependency state. Red-green validation and projection queries then let unchanged results sto",Salsa query framework; rustc developer guide query and incremental-compilation model; Anneal design authority; Aeneas incremental-translation feasibility reference evidence,True,Main report includes present-tense implementation behavior at named upstream source revision; compare current source for that component.,Compare named pinned source against the newer upstream source revision; preserve historical claims. Exact current tip/release requires per-repository verification.,reports/salsa-rustc-query-granularity-2016-2026/REPORT.json,reports/salsa-rustc-query-granularity-2016-2026/REPORT.md,"[{""name"":""Salsa query framework"",""identity"":{""repository"":""salsa-rs/salsa"",""revision"":""a7f8c558555f179ca02f6bdf7397d1317f91aa43""}},{""name"":""rustc developer guide query and incremental-compilation model"",""identity"":{""repository"":""rust-lang/rustc-dev-guide"",""revision"":""8ae6c255bb0675bbcb8bd0c197e8e70505bd7e85""}},{""name"":""Anneal design authority"",""identity"":{""repository"":""google/zerocopy"",""revision"":""cc135f46155b72e4b51188525c2974a3b84acf92""}},{""name"":""Aeneas incremental-translation feasibility reference evidence"",""identity"":{""repository"":""google/zerocopy"",""path"":""reports/aeneas-incremental-translation-feasibility-nightly-2026-06-03/REPORT.md"",""blob"":""966b5953644d8c9a766ae900e8b137616c501be8""}}]"
R567,incidental_or_citation,No pinned-software conclusion requiring a newer-version rerun,"From-scratch consistency is a specification, not a property of reuse by itself","Self-adjusting computation gives a precise answer to the central correctness question behind incremental reuse: after the input changes, the adjusted computation should have the same observable meaning as evaluating the program afresh on the changed input. The result is stronger than “we invalidated the nodes we knew about” and weaker than “incrementality is always fast.” In the Acar line of work, the equivalence is proved because the language and runtime control the relevant",Self-Adjusting Computation PhD thesis; Adaptive Functional Programming; Imperative Self-Adjusting Computation; A Consistent Semantics of Self-Adjusting Computation; Anneal design authority,True,"Historical/theoretical architectural conclusion; named revisions establish citations or Anneal applicability, not an exclusive at-pin software behavior.",No newer-version comparison for the main conclusion.,reports/self-adjusting-computation-from-scratch-consistency-2005-2013/REPORT.json,reports/self-adjusting-computation-from-scratch-consistency-2005-2013/REPORT.md,"[{""name"":""Self-Adjusting Computation PhD thesis"",""identity"":{""institution"":""Carnegie Mellon University"",""technical-report"":""CMU-CS-05-129"",""year"":""2005""}},{""name"":""Adaptive Functional Programming"",""identity"":{""doi"":""10.1145/1186632.1186634"",""publication"":""ACM Transactions on Programming Languages and Systems 28(6)"",""year"":""2006""}},{""name"":""Imperative Self-Adjusting Computation"",""identity"":{""doi"":""10.1145/1328438.1328476"",""publication"":""POPL 2008"",""technical-report"":""University of Chicago TR-2007-18""}},{""name"":""A Consistent Semantics of Self-Adjusting Computation"",""identity"":{""doi"":""10.1017/S0956796813000099"",""publication"":""Journal of Functional Programming 23(3)"",""year"":""2013""}},{""name"":""Anneal design authority"",""identity"":{""repository"":""google/zerocopy"",""revision"":""cc135f46155b72e4b51188525c2974a3b84acf92""}}]"
R568,incidental_or_citation,No pinned-software conclusion requiring a newer-version rerun,Semantic preservation with unsupported and opaque operations,"A semantic-preservation theorem cannot make an unsupported operation disappear. It must either exclude the operation from the accepted source program, give the operation semantics that the proof carries through the translation, or state an assumption that connects the formal operation to the external implementation that will execute.",CompCert 3.18 external-call and semantic-preservation model; CakeML FFI/oracle semantics examined for opaque environmental effects; Verified Compilation on a Verified Processor,False,"Main conclusion is an audit, general model, history, standard, or contextual evidence; software versions identify provenance only.",No newer-version comparison for the main conclusion.,reports/semantic-preservation-unsupported-opaque-operations-2026-09-27/REPORT.json,reports/semantic-preservation-unsupported-opaque-operations-2026-09-27/REPORT.md,"[{""name"":""CompCert 3.18 external-call and semantic-preservation model"",""identity"":{""repository"":""AbsInt/CompCert"",""revision"":""74cbdbf0e86ecbfa39a5ca8f248f77fb2f974cb6"",""version"":""3.18""}},{""name"":""CakeML FFI/oracle semantics examined for opaque environmental effects"",""identity"":{""repository"":""CakeML/cakeml"",""revision"":""31b72d0003620a2ee8c4374caa00a483e1e450ec""}},{""name"":""Verified Compilation on a Verified Processor"",""identity"":{""doi"":""10.1145/3314221.3314622"",""publication"":""PLDI 2019"",""year"":""2019""}}]"
R569,incidental_or_citation,No pinned-software conclusion requiring a newer-version rerun,Trusted-computing-base accounting patterns in verification systems,"A useful trusted-computing-base (TCB) account is claim-relative. The components that must be trusted to accept a theorem inside a proof assistant are not the same components that must be trusted to interpret that theorem as a fact about source code, and neither set is identical to what must be trusted for a deployed machine binary to exhibit the proved behavior. Mature verification systems make those boundaries explicit instead of treating “verified” as one undifferentiated p",Rocq kernel and assumption accounting; CompCert verified compiler and verified-verifier methodology; seL4 functional and binary verification trust boundary; CakeML end-to-end verified compilation and proof checking,False,"Main conclusion is an audit, general model, history, standard, or contextual evidence; software versions identify provenance only.",No newer-version comparison for the main conclusion.,reports/tcb-accounting-patterns-verification-systems-2026-09-27/REPORT.json,reports/tcb-accounting-patterns-verification-systems-2026-09-27/REPORT.md,"[{""name"":""Rocq kernel and assumption accounting"",""identity"":{""project"":""Rocq/Coq"",""documentation"":""8.20.1""}},{""name"":""CompCert verified compiler and verified-verifier methodology"",""identity"":{""project"":""CompCert"",""version"":""3.18"",""released"":""2026-08-31""}},{""name"":""seL4 functional and binary verification trust boundary"",""identity"":{""project"":""seL4"",""functional_correctness_publication"":""SOSP 2009"",""binary_validation_publication"":""PLDI 2013""}},{""name"":""CakeML end-to-end verified compilation and proof checking"",""identity"":{""project"":""CakeML"",""assurance_model"":""HOL4-to-machine-code verified pipeline""}}]"
R570,incidental_or_citation,No pinned-software conclusion requiring a newer-version rerun,"Theseus: ownership, state spill, and global invariants","Theseus provides strong evidence for a narrow architectural pattern, not for the stronger claim that Rust ownership can make system-wide identity or freshness problems disappear.",Theseus early state-spill design; Theseus OSDI design and evaluation; Theseus lightweight correctness study; Theseus source tree; Theseus duplicate-frame allocator repair,True,"Historical/theoretical architectural conclusion; named revisions establish citations or Anneal applicability, not an exclusive at-pin software behavior.",No newer-version comparison for the main conclusion.,reports/theseus-ownership-global-invariants-2017-2024/REPORT.json,reports/theseus-ownership-global-invariants-2017-2024/REPORT.md,"[{""name"":""Theseus early state-spill design"",""identity"":{""doi"":""10.1145/3144555.3144560"",""publication"":""PLOS 2017""}},{""name"":""Theseus OSDI design and evaluation"",""identity"":{""publication"":""OSDI 2020"",""title"":""Theseus: an Experiment in Operating System Structure and State Management"",""url"":""https://www.usenix.org/system/files/osdi20-boos.pdf""}},{""name"":""Theseus lightweight correctness study"",""identity"":{""arxiv"":""2501.00248v1"",""date"":""2024-12-31"",""title"":""Combining Type Checking and Formal Verification for Lightweight OS Correctness""}},{""name"":""Theseus source tree"",""identity"":{""repository"":""theseus-os/Theseus"",""revision"":""1fbfe567075a65ed749b6680db1aeb538819c70c""}},{""name"":""Theseus duplicate-frame allocator repair"",""identity"":{""repository"":""theseus-os/Theseus"",""revision"":""5d62e567227e137db27c0c69728e732c5771c923""}}]"
R571,source_revision_recheck,Tock 78862168 + Asterinas a5238eb6,Tock and Asterinas: what a safe interface can and cannot isolate,"Tock and Asterinas both put a comparatively small set of privileged mechanisms behind safe Rust interfaces, but neither system treats a safe interface as a general correctness or fault-isolation boundary. Their strongest common lesson is narrower and more useful: a mechanism can safely delegate policy when it retains control of every resource whose misuse would violate the property being protected, and it validates untrusted policy outputs before acting on them.","Tock current kernel and capsule boundary; Tock: From Research to Securing 10 Million Computers; Asterinas current OSTD/framekernel boundary; ASTERINAS: A Linux ABI-Compatible, Rust-Based Framekernel OS with a Small and Sound TCB",True,Main report includes present-tense implementation behavior at named upstream source revision; compare current source for that component.,Compare named pinned source against the newer upstream source revision; preserve historical claims. Exact current tip/release requires per-repository verification.,reports/tock-asterinas-safe-interface-boundaries-2015-2026/REPORT.json,reports/tock-asterinas-safe-interface-boundaries-2015-2026/REPORT.md,"[{""name"":""Tock current kernel and capsule boundary"",""identity"":{""repository"":""tock/tock"",""revision"":""78862168a64a4f9ce61c9c17370272770c4a7cbb""}},{""name"":""Tock: From Research to Securing 10 Million Computers"",""identity"":{""doi"":""10.1145/3731569.3764828"",""publication"":""SOSP 2025"",""year"":""2025""}},{""name"":""Asterinas current OSTD/framekernel boundary"",""identity"":{""repository"":""asterinas/asterinas"",""revision"":""a5238eb6a965a4616ce07a48f5dfbc8042c4cd44""}},{""name"":""ASTERINAS: A Linux ABI-Compatible, Rust-Based Framekernel OS with a Small and Sound TCB"",""identity"":{""publication"":""USENIX ATC 2025"",""isbn"":""978-1-939133-48-9"",""pages"":""307-323"",""year"":""2025""}}]"
R572,source_revision_recheck,Tock eaae5cbf + Asterinas a5238eb6,Tock and Asterinas: where narrow safe interfaces work—and where they stop,"Tock and Asterinas both concentrate dangerous mechanisms behind Rust interfaces, but they establish narrower guarantees than the phrase “safe interface” can suggest.",Tock current kernel source; Tock current architecture and threat-model documentation; Tock SOSP 2017 architecture paper; Tock SOSP 2025 retrospective; Asterinas current source and architecture documentation; Asterinas USENIX ATC 2025 paper,True,Main report includes present-tense implementation behavior at named upstream source revision; compare current source for that component.,Compare named pinned source against the newer upstream source revision; preserve historical claims. Exact current tip/release requires per-repository verification.,reports/tock-asterinas-safe-interface-boundaries-2017-2026/REPORT.json,reports/tock-asterinas-safe-interface-boundaries-2017-2026/REPORT.md,"[{""name"":""Tock current kernel source"",""identity"":{""repository"":""tock/tock"",""revision"":""eaae5cbf62df2bc24ee809ff9d2c7ca124e42e73""}},{""name"":""Tock current architecture and threat-model documentation"",""identity"":{""repository"":""tock/book"",""revision"":""760025b0d8a1d5ff14d6015c1c50ac4e30490923""}},{""name"":""Tock SOSP 2017 architecture paper"",""identity"":{""doi"":""10.1145/3132747.3132786"",""publication"":""SOSP 2017""}},{""name"":""Tock SOSP 2025 retrospective"",""identity"":{""doi"":""10.1145/3731569.3764828"",""publication"":""SOSP 2025""}},{""name"":""Asterinas current source and architecture documentation"",""identity"":{""repository"":""asterinas/asterinas"",""revision"":""a5238eb6a965a4616ce07a48f5dfbc8042c4cd44""}},{""name"":""Asterinas USENIX ATC 2025 paper"",""identity"":{""publication"":""2025 USENIX Annual Technical Conference"",""paper"":""ASTERINAS: A Linux ABI-Compatible, Rust-Based Framekernel OS with a Small and Sound TCB""}}]"
R573,source_revision_recheck,Tock 78862168 + Asterinas 0.18.1 a5238eb6,Summary,"Tock and Asterinas reach a similar architectural conclusion from different starting points: a large body of safe Rust can be treated as less trusted for memory safety only when a smaller layer owns every mechanism that can invalidate the language's assumptions and exposes interfaces that make those assumptions unavoidable. The useful pattern is not merely ""put unsafe code in one crate."" The narrow layer must also own the authority to manipulate sensitive resources, validate v","Tock trusted-core, capsule, and process boundaries; Asterinas 0.18.1 framekernel and OSTD boundary; Anneal redesign trust and abstraction constraints",True,Main report includes present-tense implementation behavior at named upstream source revision; compare current source for that component.,Compare named pinned source against the newer upstream source revision; preserve historical claims. Exact current tip/release requires per-repository verification.,reports/tock-asterinas-trusted-mechanism-boundaries-2017-2026/REPORT.json,reports/tock-asterinas-trusted-mechanism-boundaries-2017-2026/REPORT.md,"[{""name"":""Tock trusted-core, capsule, and process boundaries"",""identity"":{""repository"":""tock/tock"",""revision"":""78862168a64a4f9ce61c9c17370272770c4a7cbb"",""book_repository"":""tock/book"",""book_revision"":""760025b0d8a1d5ff14d6015c1c50ac4e30490923"",""period"":""2017-2026"",""sosp_2017_doi"":""10.1145/3132747.3132786"",""sosp_2025_doi"":""10.1145/3731569.3764828""}},{""name"":""Asterinas 0.18.1 framekernel and OSTD boundary"",""identity"":{""repository"":""asterinas/asterinas"",""revision"":""a5238eb6a965a4616ce07a48f5dfbc8042c4cd44"",""version"":""0.18.1"",""usenix_atc_year"":""2025"",""arxiv"":""2506.03876""}},{""name"":""Anneal redesign trust and abstraction constraints"",""identity"":{""repository"":""google/zerocopy"",""revision"":""cc135f46155b72e4b51188525c2974a3b84acf92"",""principles_blob"":""d5339a95254eae14ac201139d07d9d36d48a19fb"",""design_blob"":""0e8170979f3a466f2460c0ef7ec6d9a6b92650b8""}}]"
R574,source_revision_recheck,Anneal V1 / exocrate source 41f5b37,Toolchain-archive semantic-equivalence comparison procedure,"Two Anneal toolchain archives can differ byte-for-byte without differing in the prepared toolchain that Anneal consumes. Tar member order, tar headers, and compression are obvious examples. The reverse is more dangerous: two archives can have similar layouts, matching version labels, or matching Lake trace captions while differing in proof-critical binaries, module artifacts, dependency identity, or cache state.",Anneal omnibus toolchain archive comparison procedure; Lean and Lake artifact semantics selected by Anneal,False,Source-level behavior or installation property is bound to the inspected repository revision.,Compare named pinned source against the newer upstream source revision; preserve historical claims. Exact current tip/release requires per-repository verification.,reports/toolchain-archive-semantic-equivalence-procedure-main-41f5b37/REPORT.json,reports/toolchain-archive-semantic-equivalence-procedure-main-41f5b37/REPORT.md,"[{""name"":""Anneal omnibus toolchain archive comparison procedure"",""identity"":{""repository"":""google/zerocopy"",""revision"":""41f5b37afe7060fd9fe08c00b200672cd76d77b9""}},{""name"":""Lean and Lake artifact semantics selected by Anneal"",""identity"":{""repository"":""leanprover/lean4"",""revision"":""3dc1a088b6d2d8eafe25a7cd7ec7b58d731bd7cc"",""version"":""v4.30.0-rc2""}}]"
R575,incidental_or_citation,No pinned-software conclusion requiring a newer-version rerun,Translation-validation techniques: per-run refinement checking and validator trust,"Translation validation changes what is proved about a translator. Instead of proving once that every execution of a compiler or translator is semantics-preserving, it checks a concrete source/target pair after one translation run and accepts the result only when a validator establishes the chosen correctness relation. Pnueli, Siegel, and Singerman's original formulation already identifies three essential ingredients: a semantic framework shared by source and target, a formal ",Translation Validation (TACAS 1998); Translation Validation for an Optimizing Compiler (PLDI 2000); Formal Verification of Translation Validators (POPL 2008); Alive2: Bounded Translation Validation for LLVM (PLDI 2021); An SMT Encoding of LLVM's Memory Model for Bounded Translation Validation (CAV 2021),False,"Main conclusion is an audit, general model, history, standard, or contextual evidence; software versions identify provenance only.",No newer-version comparison for the main conclusion.,reports/translation-validation-techniques-1998-2021/REPORT.json,reports/translation-validation-techniques-1998-2021/REPORT.md,"[{""name"":""Translation Validation (TACAS 1998)"",""identity"":{""doi"":""10.1007/BFb0054170"",""venue"":""TACAS 1998"",""year"":""1998""}},{""name"":""Translation Validation for an Optimizing Compiler (PLDI 2000)"",""identity"":{""doi"":""10.1145/349299.349314"",""venue"":""PLDI 2000"",""year"":""2000""}},{""name"":""Formal Verification of Translation Validators (POPL 2008)"",""identity"":{""doi"":""10.1145/1328438.1328444"",""venue"":""POPL 2008"",""year"":""2008""}},{""name"":""Alive2: Bounded Translation Validation for LLVM (PLDI 2021)"",""identity"":{""doi"":""10.1145/3453483.3454030"",""venue"":""PLDI 2021"",""year"":""2021""}},{""name"":""An SMT Encoding of LLVM's Memory Model for Bounded Translation Validation (CAV 2021)"",""identity"":{""doi"":""10.1007/978-3-030-81688-9_35"",""venue"":""CAV 2021"",""year"":""2021""}}]"
R576,source_revision_recheck,TypeScript 6.0.2 source 607a22a90d1a5a1b507ce01bb8cd7ec020f954e7,TypeScript's host-owned world around shared language machinery,"TypeScript's language-service architecture is a useful precedent for Anneal because it does not make the compiler or language service the authority for the whole world around a query. The reusable semantic machinery owns parsing, binding, type analysis, and editor operations over the state it is given. A host supplies the project's files, versions, snapshots, compiler options, filesystem semantics, module-resolution inputs, cancellation, and related environment facts. Project",TypeScript 6.0.2 compiler and language-service architecture; TypeScript language-service design guide; TypeScript 7.0 native transition; Anneal design authority,True,Main report includes present-tense implementation behavior at named upstream source revision; compare current source for that component.,Compare named pinned source against the newer upstream source revision; preserve historical claims. Exact current tip/release requires per-repository verification.,reports/typescript-host-owned-language-world-2014-2026/REPORT.json,reports/typescript-host-owned-language-world-2014-2026/REPORT.md,"[{""name"":""TypeScript 6.0.2 compiler and language-service architecture"",""identity"":{""repository"":""microsoft/TypeScript"",""revision"":""607a22a90d1a5a1b507ce01bb8cd7ec020f954e7"",""version"":""6.0.2""}},{""name"":""TypeScript language-service design guide"",""identity"":{""repository"":""microsoft/TypeScript-wiki"",""revision"":""966988bcca7c835fd22ab066bb6a9ff4d5ba511d"",""path"":""Using-the-Language-Service-API.md""}},{""name"":""TypeScript 7.0 native transition"",""identity"":{""release"":""TypeScript 7.0"",""date"":""2026-07-08"",""url"":""https://devblogs.microsoft.com/typescript/announcing-typescript-7-0/""}},{""name"":""Anneal design authority"",""identity"":{""repository"":""google/zerocopy"",""revision"":""cc135f46155b72e4b51188525c2974a3b84acf92""}}]"
R577,incidental_or_citation,No pinned-software conclusion requiring a newer-version rerun,Nondeterminism and environmental effects in program verification,"A verification model must say where choices come from and what a proof quantifies over. Nondeterminism and environmental effects are therefore semantic structure, not incidental noise to erase before verification.","CompCert 3.18 behavior and external-world semantics; Interaction Trees: Representing Recursive and Impure Programs in Coq; Choice Trees: Representing Nondeterministic, Recursive, and Impure Programs in Coq",False,"Main conclusion is an audit, general model, history, standard, or contextual evidence; software versions identify provenance only.",No newer-version comparison for the main conclusion.,reports/verification-nondeterminism-environmental-effects-2020-2026/REPORT.json,reports/verification-nondeterminism-environmental-effects-2020-2026/REPORT.md,"[{""name"":""CompCert 3.18 behavior and external-world semantics"",""identity"":{""repository"":""AbsInt/CompCert"",""revision"":""74cbdbf0e86ecbfa39a5ca8f248f77fb2f974cb6"",""version"":""3.18""}},{""name"":""Interaction Trees: Representing Recursive and Impure Programs in Coq"",""identity"":{""doi"":""10.1145/3371119"",""publication"":""Proc. ACM Program. Lang. 4 (POPL), Article 51"",""year"":""2020""}},{""name"":""Choice Trees: Representing Nondeterministic, Recursive, and Impure Programs in Coq"",""identity"":{""doi"":""10.1145/3571254"",""publication"":""Proc. ACM Program. Lang. 7 (POPL), 1770-1800"",""year"":""2023""}}]"
R578,no_newer_release,CompCert 3.18 (latest official release 3.18),Verified compiler-pass composition: CompCert 3.18 and verified validators,"Verified compiler correctness is compositional only when every stage exports a semantic relation that the next proof can actually compose. CompCert 3.18 makes this concrete. It proves forward simulations for individual passes, composes those simulations into a source-to-assembly forward simulation, and then obtains the whole-compiler backward simulation through additional semantic side conditions: source receptiveness, target determinacy, event factoring, and a separate strat",CompCert 3.18 verified compiler; Formal verification of translation validators: a case study on instruction scheduling optimizations,False,Pinned release is still latest official release at review date.,None: official CompCert release remains 3.18 as of 2026-09-30.,reports/verified-compiler-pass-composition-compcert-3-18-popl-2008/REPORT.json,reports/verified-compiler-pass-composition-compcert-3-18-popl-2008/REPORT.md,"[{""name"":""CompCert 3.18 verified compiler"",""identity"":{""repository"":""AbsInt/CompCert"",""revision"":""74cbdbf0e86ecbfa39a5ca8f248f77fb2f974cb6"",""version"":""3.18""}},{""name"":""Formal verification of translation validators: a case study on instruction scheduling optimizations"",""identity"":{""doi"":""10.1145/1328438.1328444"",""publication"":""POPL 2008""}}]"
R579,incidental_or_citation,No pinned-software conclusion requiring a newer-version rerun,Why3 proof sessions: durable repair state without stale-proof authority,"Why3 separates two questions that are easy to conflate in a long-lived verification workflow: which old work can help repair a changed proof, and which proof results are current enough to count. Its proof sessions preserve goal hierarchy, transformations, prover identity and resource limits, results, and interactive proof scripts. When Why3 reloads changed source, however, it reconstructs the current proof tasks and merges the old session into that new tree. Matching can use ",Why3 proof-session persistence and replay; Why3 proof-session evolution; Preserving User Proofs Across Specification Changes,True,"Historical/theoretical architectural conclusion; named revisions establish citations or Anneal applicability, not an exclusive at-pin software behavior.",No newer-version comparison for the main conclusion.,reports/why3-durable-proof-sessions-2011-2025/REPORT.json,reports/why3-durable-proof-sessions-2011-2025/REPORT.md,"[{""name"":""Why3 proof-session persistence and replay"",""identity"":{""project"":""Why3"",""release"":""1.8.2"",""released"":""2025-09-16"",""documentation"":""Why3 1.8.2 manual and OCaml API""}},{""name"":""Why3 proof-session evolution"",""identity"":{""project"":""Why3"",""period"":""0.70 (2011-07-06) through 1.8.2 (2025-09-16)"",""source"":""Why3 1.8.2 CHANGES.md""}},{""name"":""Preserving User Proofs Across Specification Changes"",""identity"":{""authors"":""François Bobot; Jean-Christophe Filliâtre; Claude Marché; Guillaume Melquiond; Andrei Paskevich"",""venue"":""VSTTE 2013"",""pages"":""191-201"",""doi"":""10.1007/978-3-642-54108-7_10"",""hal"":""hal-00875395""}}]"
R580,source_revision_recheck,zerocopy / Anneal V1 source 41f5b37,FFI-facing primitives used by zerocopy at `main@41f5b37`,"At google/zerocopy@41f5b37afe7060fd9fe08c00b200672cd76d77b9, the production zerocopy crate has a narrow FFI-facing surface. The relevant production source does not declare or import foreign symbols. A bounded search of zerocopy/src found no foreign blocks, #[link]/#[linkname] use, core::ffi/std::ffi imports, libc:: use, or C scalar aliases such as cvoid or cchar.",zerocopy production source; Rust compiler and core library selected by Anneal; Rust Reference paired with the selected compiler,False,Source-level behavior or installation property is bound to the inspected repository revision.,Compare named pinned source against the newer upstream source revision; preserve historical claims. Exact current tip/release requires per-repository verification.,reports/zerocopy-ffi-primitives-main-41f5b37/REPORT.json,reports/zerocopy-ffi-primitives-main-41f5b37/REPORT.md,"[{""name"":""zerocopy production source"",""identity"":{""repository"":""google/zerocopy"",""revision"":""41f5b37afe7060fd9fe08c00b200672cd76d77b9""}},{""name"":""Rust compiler and core library selected by Anneal"",""identity"":{""repository"":""rust-lang/rust"",""revision"":""14210df0e27ccd7d9e6a05b8085cbd438e4bbc65"",""toolchain"":""nightly-2026-05-31""}},{""name"":""Rust Reference paired with the selected compiler"",""identity"":{""repository"":""rust-lang/reference"",""revision"":""ad35aca481751a06afeb23820a672b0f3b11a476""}}]"
R581,newer_version_recheck,Rust/Cargo/rustc nightly-2026-05-31,Rust intrinsics that zerocopy reaches at the Anneal pins,"At google/zerocopy@41f5b37afe7060fd9fe08c00b200672cd76d77b9, the production zerocopy source does not import core::intrinsics, std::intrinsics, or the rust-intrinsic ABI directly. That absence does not mean that zerocopy avoids compiler intrinsics. Its unsafe and layout-sensitive code deliberately calls stable or semi-stable core APIs whose implementations at the Rust revision behind Anneal's pinned Charon toolchain lower directly to compiler intrinsics.",zerocopy intrinsic-facing source selected by current Anneal; Rust compiler and core library behind nightly-2026-05-31; Charon toolchain pin selected by Aeneas,False,Empirical or source-backed behavior depends on the named toolchain pin.,Rust stable 1.98.1 and nightly-2026-09-30 (rustc 1.101.0-nightly); use matching toolchain for compiler behavior.,reports/zerocopy-rust-intrinsics-nightly-2026-05-31/REPORT.json,reports/zerocopy-rust-intrinsics-nightly-2026-05-31/REPORT.md,"[{""name"":""zerocopy intrinsic-facing source selected by current Anneal"",""identity"":{""repository"":""google/zerocopy"",""revision"":""41f5b37afe7060fd9fe08c00b200672cd76d77b9""}},{""name"":""Rust compiler and core library behind nightly-2026-05-31"",""identity"":{""repository"":""rust-lang/rust"",""revision"":""14210df0e27ccd7d9e6a05b8085cbd438e4bbc65"",""toolchain"":""nightly-2026-05-31""}},{""name"":""Charon toolchain pin selected by Aeneas"",""identity"":{""repository"":""AeneasVerif/charon"",""revision"":""a535e914f74db4fd9e6be7048f4233270d8945c0"",""rust-toolchain"":""nightly-2026-05-31"",""version"":""0.1.210""}}]"
