3730_id,suggestion,3731_destinations,status,destination_statuses,post_interim_experiment_packages,suggestion_scope_basis,specific_remaining_delta,latest_experiment_packages
A01,Minimum sufficient generation identity,I145,partial,partial,,Mapped destination evidence is scoped by its report; this suggestion is not inferred complete from a partial destination.,I145: Execute full identity ablation through actual Cargo→Charon→Aeneas→Lake→Lean→MCP responses; finite counterexamples cover four weakened tokens and selected ABA schedules only.,anneal-3730-identity-state-mutation-model-2026-09-29
A02,Locators versus semantic generations,I011;I034;I079;I145,partial,partial;partial;partial;partial,anneal-3730-charon-scaling-subject-closure-2026-09-29,Mapped destination evidence is scoped by its report; this suggestion is not inferred complete from a partial destination.,"I011: Test the modeled ABA/version-reset/alias counterexamples through an actual Anneal handle and worker lifecycle, including request-ID reuse and disk reconstruction.; I034: Compare stable URI and generation-path behavior with a real worker across regeneration/reopen; the finite response model has no document routing.; I079: Calibrate semantic LLBC normalization across source reordering, metadata/flags/path and compiler revisions while retaining provenance; the new runs compare selected byte/body cases.; I145: Execute full identity ablation through actual Cargo→Charon→Aeneas→Lake→Lean→MCP responses; finite counterexamples cover four weakened tokens and selected ABA schedules only.",anneal-3730-identity-state-mutation-model-2026-09-29;anneal-3730-charon-concurrency-interruption-2026-09-29;anneal-3730-charon-warm-target-controls-2026-09-29
A03,Mixed-generation race matrix,I013;I051;I134;I138,partial,partial;partial;partial;partial,anneal-3730-generation-recovery-2026-09-29;anneal-3730-acceptance-oracle-matrix-2026-09-29,Mapped destination evidence is scoped by its report; this suggestion is not inferred complete from a partial destination.,"I013: Perform a coherent two-document proof/helper update while real queries run; finite two-writer CAS schedules have no actual generated-document boundary.; I051: Repeat multi-file staged publication with actual generated Lean/LLBC/OLean artifact family, paused readers and crash recovery; new direct filesystem fixture is synthetic.; I134: Actual in-flight Charon/Aeneas/Lake/Lean edits/rebuilds with request/worker identities and barriers; new gate/kill remains a synthetic publisher or isolated Lean consumer.; I138: Real Charon/Aeneas model-change sequence with pending/failing/late generations and before/during/after queries.",anneal-3730-identity-state-mutation-model-2026-09-29
A04,Late publication after cancellation,I053;I106,partial,partial;partial,anneal-3730-generation-recovery-2026-09-29,Mapped destination evidence is scoped by its report; this suggestion is not inferred complete from a partial destination.,"I053: Causally late Charon/Aeneas/Lake/Lean outputs tested separately for source, compiled artifacts, diagnostics and cache insertion, beyond synthetic child/stale-pointer fence.; I106: Queued real diagnostics/progress/exits after cancellation with request/worker correlation and publication fences; synthetic late completion is narrower.",
A05,Snapshot retention versus recomputation,I047;I146,partial,partial;partial,anneal-3730-lean-rpc-lifetimes-v4-30-0-rc2;anneal-3730-resource-economics-2026-09-29,Mapped destination evidence is scoped by its report; this suggestion is not inferred complete from a partial destination.,"I047: Measure retained historical-goal storage, latency and expiry after rapid edits; a resident old worker is not an explicit historical-query service.; I146: Retention tiers on actual generated outputs with memory, historical-goal latency, recomputation, and restart costs.",anneal-3730-lean-launch-refresh-matrix-v4-30-0-rc2
A06,Historical query semantics,I047;I146,partial,partial;partial,anneal-3730-lean-rpc-lifetimes-v4-30-0-rc2;anneal-3730-resource-economics-2026-09-29,Mapped destination evidence is scoped by its report; this suggestion is not inferred complete from a partial destination.,"I047: Measure retained historical-goal storage, latency and expiry after rapid edits; a resident old worker is not an explicit historical-query service.; I146: Retention tiers on actual generated outputs with memory, historical-goal latency, recomputation, and restart costs.",anneal-3730-lean-launch-refresh-matrix-v4-30-0-rc2
A07,Cross-process reconstruction,I016;I110,partial,partial;partial,anneal-3730-charon-scaling-subject-closure-2026-09-29;anneal-3730-generation-recovery-2026-09-29,Mapped destination evidence is scoped by its report; this suggestion is not inferred complete from a partial destination.,"I016: Reconstruct a real Anneal workspace after restart from disk plus unsaved reconnecting editor buffers; the finite model has no process state.; I110: Forced actual Lean worker/watchdog, Anneal and build-process kills with reconstruction from authoritative source/imports; new OS kills target a synthetic publisher.",anneal-3730-identity-state-mutation-model-2026-09-29
A08,Hashes versus monotonic revisions,I011;I079;I097;I145,partial,partial;partial;partial;partial,anneal-3730-charon-scaling-subject-closure-2026-09-29;anneal-3730-lake-prepared-contract-2026-09-29,Mapped destination evidence is scoped by its report; this suggestion is not inferred complete from a partial destination.,"I011: Test the modeled ABA/version-reset/alias counterexamples through an actual Anneal handle and worker lifecycle, including request-ID reuse and disk reconstruction.; I079: Calibrate semantic LLBC normalization across source reordering, metadata/flags/path and compiler revisions while retaining provenance; the new runs compare selected byte/body cases.; I097: Cache-key false-hit/false-miss ablations across source/model/tool/flags/path plus independent integrity verification; a valid wrong-object hit exposes one false acceptance.; I145: Execute full identity ablation through actual Cargo→Charon→Aeneas→Lake→Lean→MCP responses; finite counterexamples cover four weakened tokens and selected ABA schedules only.",anneal-3730-identity-state-mutation-model-2026-09-29;anneal-3730-charon-concurrency-interruption-2026-09-29;anneal-3730-charon-warm-target-controls-2026-09-29
B01,Exact projection model,I026,partial,partial,anneal-3730-projection-provenance-2026-09-29,Mapped destination evidence is scoped by its report; this suggestion is not inferred complete from a partial destination.,I026: Exercise actual annotation stripping/escaping/scaffolding map inversion and cross-segment edit refusal; invented doc-comment rules cannot establish Anneal's map.,anneal-3730-projection-macro-doccomment-patch-matrix-2026-09-29
B02,Executed round-trip corpus,I025;I026;I032,partial,partial;partial;partial,anneal-3730-projection-provenance-2026-09-29,Mapped destination evidence is scoped by its report; this suggestion is not inferred complete from a partial destination.,I025: Run negotiated LSP byte/UTF-16/scalar conversions through an actual Rust host and Anneal projection; macro and doc-comment fixtures remain model mappings.; I026: Exercise actual annotation stripping/escaping/scaffolding map inversion and cross-segment edit refusal; invented doc-comment rules cannot establish Anneal's map.; I032: Fuzz the actual annotation grammar/edit stream and measure full versus incremental maps at useful size; this tiny invented projector's indexed path was slower over 80 steps.,anneal-3730-projection-macro-doccomment-patch-matrix-2026-09-29
B03,UTF-16 stress tests,I025;I062,partial,partial;partial,anneal-3730-projection-provenance-2026-09-29;anneal-3730-multiclient-editor-contract-2026-09-29,Mapped destination evidence is scoped by its report; this suggestion is not inferred complete from a partial destination.,"I025: Run negotiated LSP byte/UTF-16/scalar conversions through an actual Rust host and Anneal projection; macro and doc-comment fixtures remain model mappings.; I062: Representative clients negotiating position encoding, sync modes, versions, and feature fallbacks.",anneal-3730-projection-macro-doccomment-patch-matrix-2026-09-29
B04,Incremental projection algorithm,I032,partial,partial,,Mapped destination evidence is scoped by its report; this suggestion is not inferred complete from a partial destination.,I032: Fuzz the actual annotation grammar/edit stream and measure full versus incremental maps at useful size; this tiny invented projector's indexed path was slower over 80 steps.,anneal-3730-projection-macro-doccomment-patch-matrix-2026-09-29
B05,Host-only edits shift source positions,I029;I032,partial,partial;partial,anneal-3730-projection-provenance-2026-09-29,Mapped destination evidence is scoped by its report; this suggestion is not inferred complete from a partial destination.,I029: Apply real projected patches after unrelated source shifts and conflicting writers with source-plus-projection CAS; the model rejects nine cases but has no editor/server transport.; I032: Fuzz the actual annotation grammar/edit stream and measure full versus incremental maps at useful size; this tiny invented projector's indexed path was slower over 80 steps.,anneal-3730-projection-macro-doccomment-patch-matrix-2026-09-29
B06,Delimiter corruption and partial syntax,I017;I046,partial,partial;complete,anneal-3730-partial-elaboration-queries-v4-30-0-rc2,Mapped destination evidence is scoped by its report; this suggestion is not inferred complete from a partial destination.,"I017: Run the actual Anneal annotation grammar/parser through unfinished Rust and Lean; the invented marker locator survives malformed Rust but has no compiler-backed subject then.; I046: No residual for the requested direct Lean partial-file fixture at this pin: all four named error classes, before/after goals, diagnostics and failing batch status were observed. Product integration is separately tracked in I129/I137.",anneal-3730-annotation-subject-boundary-matrix-2026-09-29;anneal-3730-lean-launch-refresh-matrix-v4-30-0-rc2
B07,Multiple-annotation document granularity,I022;I035,partial,partial;partial,anneal-3730-lean-artifact-layouts-v4-30-0-rc2,Mapped destination evidence is scoped by its report; this suggestion is not inferred complete from a partial destination.,"I022: Test actual parser/scaffolding visibility and collisions for multiple annotations, shared helpers, imports and recursion; the invented five-marker helper fixture covers only a slice.; I035: Real embedded-annotation grouping and representative imports/options/plugins remain for product application; the requested bounded Lean/Lake layout comparison itself was executed, but its approximations do not establish the Anneal layout choice.",anneal-3730-annotation-subject-boundary-matrix-2026-09-29
B08,Name visibility and namespaces,I022;I037,partial,partial;partial,,Mapped destination evidence is scoped by its report; this suggestion is not inferred complete from a partial destination.,"I022: Test actual parser/scaffolding visibility and collisions for multiple annotations, shared helpers, imports and recursion; the invented five-marker helper fixture covers only a slice.; I037: Elaborated proposition/dependency comparison for projected wrappers under local instances, macros, notation, and options.",anneal-3730-annotation-subject-boundary-matrix-2026-09-29
B09,Embedded import-header ownership,I018;I022;I091,partial,partial;partial;partial,anneal-3730-lake-prepared-contract-2026-09-29,Mapped destination evidence is scoped by its report; this suggestion is not inferred complete from a partial destination.,"I018: Build a real proof-only classifier and challenge its Cargo closure; the comment-read include/build-script counterexample defeats a broad text-only skip but does not classify all edits.; I022: Test actual parser/scaffolding visibility and collisions for multiple annotations, shared helpers, imports and recursion; the invented five-marker helper fixture covers only a slice.; I091: Instrument actual server setup-file headers/options/plugins for unsaved imports; explicit command override works but the server's hidden invocation was not captured.",anneal-3730-annotation-subject-boundary-matrix-2026-09-29;anneal-3730-identity-state-mutation-model-2026-09-29;anneal-3730-lean-launch-refresh-matrix-v4-30-0-rc2
B10,Authored versus generated edits,I026;I027;I030;I069,partial,partial;partial;partial;partial,anneal-3730-projection-provenance-2026-09-29;anneal-3730-multiclient-editor-contract-2026-09-29,Mapped destination evidence is scoped by its report; this suggestion is not inferred complete from a partial destination.,"I026: Exercise actual annotation stripping/escaping/scaffolding map inversion and cross-segment edit refusal; invented doc-comment rules cannot establish Anneal's map.; I027: Route actual one-to-many obligations/many-to-one declarations, diagnostics and edits to authored Rust; the new projector's duplicate map is illustrative.; I030: Exercise actual Lean completion and code actions, including snippets, imports, multi-edit atomicity and generated-only spans, through the Rust-hosted projection; the new model edits are hand-authored.; I069: Executed tool access tiers and workspace/path isolation, especially generated-to-authored edit authority.",anneal-3730-projection-macro-doccomment-patch-matrix-2026-09-29
B11,Code actions and rename,I030;I059;I060,not-run,partial;not-run;not-run,anneal-3730-projection-provenance-2026-09-29,No actual LSP code action or rename transaction was executed; projection edit rejection is only a prerequisite.,"I030: Exercise actual Lean completion and code actions, including snippets, imports, multi-edit atomicity and generated-only spans, through the Rust-hosted projection; the new model edits are hand-authored.; I059: Mapped hover, definition/reference navigation, semantic tokens, and unavailable imported-source behavior.; I060: Cross-file Lean rename/workspace edits with Rust symbols unchanged and partial client capability controls.",anneal-3730-projection-macro-doccomment-patch-matrix-2026-09-29
B12,Hover/completion/tokens/signature help/inlay hints,I030;I059;I062,not-run,partial;not-run;partial,anneal-3730-projection-provenance-2026-09-29;anneal-3730-multiclient-editor-contract-2026-09-29,No mapped hover/completion/token/signature-help/inlay-hint operation was executed.,"I030: Exercise actual Lean completion and code actions, including snippets, imports, multi-edit atomicity and generated-only spans, through the Rust-hosted projection; the new model edits are hand-authored.; I059: Mapped hover, definition/reference navigation, semantic tokens, and unavailable imported-source behavior.; I062: Representative clients negotiating position encoding, sync modes, versions, and feature fallbacks.",anneal-3730-projection-macro-doccomment-patch-matrix-2026-09-29
B13,Diagnostic responsibility versus editability,I027;I031,partial,partial;partial,anneal-3730-projection-provenance-2026-09-29,Mapped destination evidence is scoped by its report; this suggestion is not inferred complete from a partial destination.,"I027: Route actual one-to-many obligations/many-to-one declarations, diagnostics and edits to authored Rust; the new projector's duplicate map is illustrative.; I031: Compare real Lean diagnostic provenance across authored, scaffold, generated model and imports, with ambiguous/missing span policy; the pinned diagnostics were only routed by an invented map.",anneal-3730-projection-macro-doccomment-patch-matrix-2026-09-29
B14,Macro-generated annotations,I019;I087,partial,partial;partial,anneal-3730-aeneas-identity-manifest-2026-09-29,Mapped destination evidence is scoped by its report; this suggestion is not inferred complete from a partial destination.,"I019: Attach actual Anneal annotations to compiler items across cfg, aliases, trait defaults, locals and generated items; the line-marker ambiguity and Charon spans are not an attachment implementation.; I087: Authenticated Charon item → Aeneas declaration/range mapping with source-map completeness and comparison to newer translation.json; emitted comments are lexical hints only.",anneal-3730-annotation-subject-boundary-matrix-2026-09-29
B15,Unsaved host as proof authority,I012;I068;I137;I155,partial,partial;partial;partial;partial,anneal-3730-multiclient-editor-contract-2026-09-29,Mapped destination evidence is scoped by its report; this suggestion is not inferred complete from a partial destination.,"I012: Full editor buffer lifecycle including save, external overwrite, rename, deletion, and reopened authority transfer.; I068: One actual MCP/editor workspace authority with alternating unsaved edits, queries, and reconnect.; I137: Real Rust-hosted annotation with parser, projection, prepared model, exact live query/edit, and batch check.; I155: Actual Rust editor host open/change/save/rename/close through Anneal projection and hidden Lean cleanup; new invented //% host in a local broker tests only lifecycle shape.",
C01,Version-bound goal wrapper,I041;I045;I048;I145,partial,partial;partial;partial;partial,anneal-3730-lean-rpc-lifetimes-v4-30-0-rc2;anneal-3730-partial-elaboration-queries-v4-30-0-rc2;anneal-3730-server-topology-v4-30-0-rc2,Mapped destination evidence is scoped by its report; this suggestion is not inferred complete from a partial destination.,"I041: Add causally gated version/query races during worker replacement and a real client fence; the three-mode import matrix demonstrates stale environment but no complete exact-version protocol.; I045: Delay a successful old response through actual internal worker replacement, including reused request IDs on one transport; reopening/fresh-worker controls are narrower.; I048: Obtain or reconstruct exact loaded OLean/options/plugin/source and worker identity for a real project; setup-file paths and value sentinels are not an attestation API.; I145: Execute full identity ablation through actual Cargo→Charon→Aeneas→Lake→Lean→MCP responses; finite counterexamples cover four weakened tokens and selected ABA schedules only.",anneal-3730-lean-launch-refresh-matrix-v4-30-0-rc2;anneal-3730-identity-state-mutation-model-2026-09-29
C02,Rich RPC versus plainGoal,I043;I044;I046,partial,partial;partial;complete,anneal-3730-lean-rpc-lifetimes-v4-30-0-rc2;anneal-3730-partial-elaboration-queries-v4-30-0-rc2;anneal-3730-server-topology-v4-30-0-rc2,Mapped destination evidence is scoped by its report; this suggestion is not inferred complete from a partial destination.,"I043: Extend direct Lean positions to nested tactics, combinators, macros and rich RPC; the new report sampled six plainGoal columns in one proof.; I044: Dereference/release/expire rich RPC objects across import replacement; the launch report used plainGoal and adds no RPC handle-lifetime result.; I046: No residual for the requested direct Lean partial-file fixture at this pin: all four named error classes, before/after goals, diagnostics and failing batch status were observed. Product integration is separately tracked in I129/I137.",anneal-3730-lean-launch-refresh-matrix-v4-30-0-rc2
C03,Worker-restart freshness barrier,I049,complete,complete,,Mapped destination evidence is scoped by its report; this suggestion is not inferred complete from a partial destination.,"I049: No residual for the requested three-mode direct Lean imported-definition counterexample at v4.30.0-rc2: watcher, old/new/reopened/fresh workers and fresh batch were compared. Wider graphs and product use remain I050/I048/I157.",anneal-3730-lean-launch-refresh-matrix-v4-30-0-rc2
C04,Server launch-mode comparison,I049,complete,complete,,"All three requested direct Lean launch modes, watcher/reopen/new/fresh worker and fresh batch compared at the pinned small imported-definition fixture; larger graphs remain I050.",No residual for the pinned direct-Lean three-launch-mode counterexample; real Anneal integration and broader graph behavior remain under I050/I157.,anneal-3730-lean-launch-refresh-matrix-v4-30-0-rc2
C05,Changed artifact with unchanged source,I147,partial,partial,,Mapped destination evidence is scoped by its report; this suggestion is not inferred complete from a partial destination.,"I147: Vary same/older/newer mtimes, byte-identical artifact rebuild and changed external model with unchanged Aeneas output, querying old/new workers; source-only and OLean-only cases are now real for two Lean pins.",anneal-3730-identity-state-mutation-model-2026-09-29;anneal-3730-lean-cross-version-equivalence-v4-29-v4-30-rc2-2026-09-29;anneal-3730-lean-launch-refresh-matrix-v4-30-0-rc2
C06,Changed source with identical rebuilt artifact,I147,partial,partial,,Mapped destination evidence is scoped by its report; this suggestion is not inferred complete from a partial destination.,"I147: Vary same/older/newer mtimes, byte-identical artifact rebuild and changed external model with unchanged Aeneas output, querying old/new workers; source-only and OLean-only cases are now real for two Lean pins.",anneal-3730-identity-state-mutation-model-2026-09-29;anneal-3730-lean-cross-version-equivalence-v4-29-v4-30-rc2-2026-09-29;anneal-3730-lean-launch-refresh-matrix-v4-30-0-rc2
C07,Import additions/removals/renames,I051;I055,partial,partial;partial,anneal-3730-generation-recovery-2026-09-29,Mapped destination evidence is scoped by its report; this suggestion is not inferred complete from a partial destination.,"I051: Repeat multi-file staged publication with actual generated Lean/LLBC/OLean artifact family, paused readers and crash recovery; new direct filesystem fixture is synthetic.; I055: Shrink and delete a selected real Aeneas/Lean output/obligation set with reused names and fresh verifier; synthetic tree and one-shot Aeneas clean oracle are narrower.",
C08,RPC and handle lifetimes,I044;I045;I047;I122,partial,partial;partial;partial;partial,anneal-3730-lean-rpc-lifetimes-v4-30-0-rc2;anneal-3730-server-topology-v4-30-0-rc2;anneal-3730-generation-recovery-2026-09-29,Mapped destination evidence is scoped by its report; this suggestion is not inferred complete from a partial destination.,"I044: Dereference/release/expire rich RPC objects across import replacement; the launch report used plainGoal and adds no RPC handle-lifetime result.; I045: Delay a successful old response through actual internal worker replacement, including reused request IDs on one transport; reopening/fresh-worker controls are narrower.; I047: Measure retained historical-goal storage, latency and expiry after rapid edits; a resident old worker is not an explicit historical-query service.; I122: Repeated crash/restart cleanup with durable owner identity and bounded orphan reclaim in an actual Anneal/Lake workspace; synthetic process fixture alone is insufficient.",anneal-3730-lean-launch-refresh-matrix-v4-30-0-rc2;anneal-3730-identity-state-mutation-model-2026-09-29
C09,Concurrent goal queries in one document,I041;I134,partial,partial;partial,anneal-3730-lean-rpc-lifetimes-v4-30-0-rc2;anneal-3730-partial-elaboration-queries-v4-30-0-rc2;anneal-3730-acceptance-oracle-matrix-2026-09-29,Mapped destination evidence is scoped by its report; this suggestion is not inferred complete from a partial destination.,I041: Add causally gated version/query races during worker replacement and a real client fence; the three-mode import matrix demonstrates stale environment but no complete exact-version protocol.; I134: Actual in-flight Charon/Aeneas/Lake/Lean edits/rebuilds with request/worker identities and barriers; new gate/kill remains a synthetic publisher or isolated Lean consumer.,anneal-3730-lean-launch-refresh-matrix-v4-30-0-rc2
C10,Many proofs importing one model,I050;I056,partial,partial;partial,,Mapped destination evidence is scoped by its report; this suggestion is not inferred complete from a partial destination.,"I050: Exercise transitive import, package option, macro and native-plugin mutation across old/new workers in the same launch matrix; the plugin-replacement fixture is one separate cell.; I056: Proof-body/statement/helper/model ablation and sound incremental reuse boundaries on real Lean imports.",anneal-3730-lake-plugin-artifact-identity-v4-30-0-rc2;anneal-3730-lean-launch-refresh-matrix-v4-30-0-rc2
C11,Importing another live proof,I038;I039,not-run,partial;partial,,No supported two-open-document unsaved-proof import was executed.,"I038: A supported two-open-document unsaved-import design or explicit staged materialization protocol.; I039: Cross-annotation helper graph, model references, legal grouping, and cycle rejection beyond a simple Lake cycle.",
C12,Semantic-readiness alternatives,I042;I048,partial,partial;partial,anneal-3730-lean-rpc-lifetimes-v4-30-0-rc2,Mapped destination evidence is scoped by its report; this suggestion is not inferred complete from a partial destination.,I042: Separate parse/import/elaboration/async readiness with causal barriers and current-position status; missing-import wait success adds a failure control only.; I048: Obtain or reconstruct exact loaded OLean/options/plugin/source and worker identity for a real project; setup-file paths and value sentinels are not an attestation API.,anneal-3730-lean-launch-refresh-matrix-v4-30-0-rc2
C13,Partial-file elaboration,I046,complete,complete,anneal-3730-partial-elaboration-queries-v4-30-0-rc2,Mapped destination evidence is scoped by its report; this suggestion is not inferred complete from a partial destination.,"I046: No residual for the requested direct Lean partial-file fixture at this pin: all four named error classes, before/after goals, diagnostics and failing batch status were observed. Product integration is separately tracked in I129/I137.",anneal-3730-lean-launch-refresh-matrix-v4-30-0-rc2
C14,Diagnostics/goal disagreement,I058;I129,partial,partial;partial,anneal-3730-multiclient-editor-contract-2026-09-29;anneal-3730-acceptance-oracle-matrix-2026-09-29;anneal-3730-partial-elaboration-queries-v4-30-0-rc2,Mapped destination evidence is scoped by its report; this suggestion is not inferred complete from a partial destination.,"I058: Push/pull diagnostic multiplexing with rustc/Charon/Aeneas/Lean origins and stale clearing across rename.; I129: Machine result taxonomy integrated with actual Anneal source/model/obligation identities, separating reachable goal, file elaboration, admissions, pending/failed generation and Rust-level coverage.",
C15,Crash recovery of unsaved text,I016;I110,partial,partial;partial,anneal-3730-charon-scaling-subject-closure-2026-09-29;anneal-3730-generation-recovery-2026-09-29,Mapped destination evidence is scoped by its report; this suggestion is not inferred complete from a partial destination.,"I016: Reconstruct a real Anneal workspace after restart from disk plus unsaved reconnecting editor buffers; the finite model has no process state.; I110: Forced actual Lean worker/watchdog, Anneal and build-process kills with reconstruction from authoritative source/imports; new OS kills target a synthetic publisher.",anneal-3730-identity-state-mutation-model-2026-09-29
D01,Saved Rust versus overlays,I073;I074,not-run,partial;partial,anneal-3730-charon-scaling-subject-closure-2026-09-29,No saved-versus-unsaved Rust overlay comparison was executed.,"I073: Compare a real unsaved Rust editor overlay with saved extraction on identical intended bytes and label which source version was checked; the copied B materialization did not use an overlay API.; I074: Extend copied workspace path-sensitivity to proc macros, env/target inputs, generated files and general shadow-construction closure; the shared warmed target reused a stale path-sensitive generated constant.",anneal-3730-charon-concurrency-interruption-2026-09-29;anneal-3730-charon-warm-target-controls-2026-09-29
D02,Overlay path sensitivity,I074,partial,partial,,A copied B workspace and shared warmed target produced a stale path-sensitive generated constant; a general unsaved overlay algorithm was not tested.,"I074: Extend copied workspace path-sensitivity to proc macros, env/target inputs, generated files and general shadow-construction closure; the shared warmed target reused a stale path-sensitive generated constant.",anneal-3730-charon-warm-target-controls-2026-09-29
D03,Cargo reuse with materialized snapshots,I075;I080,partial,partial;partial,anneal-3730-charon-scaling-subject-closure-2026-09-29,Warm Cargo reported Fresh but selected charon cargo calls regenerated an absent or sentinel LLBC; other wrappers/targets remain.,"I075: Test other wrappers/target kinds and selected Cargo/Charon revisions with successful-request echo; under tested --package --lib flags, warm target did regenerate LLBC despite ordinary Cargo Fresh.; I080: Measure resource sharing, child cleanup and contention for parallel snapshots across more target kinds; new runs had at most two tiny Charon processes and one target-reuse hazard.",anneal-3730-charon-warm-target-controls-2026-09-29;anneal-3730-charon-concurrency-interruption-2026-09-29
D04,Charon process lifetime,I077;I118,partial,partial;partial,anneal-3730-resource-economics-2026-09-29,Mapped destination evidence is scoped by its report; this suggestion is not inferred complete from a partial destination.,"I077: Test same-process Charon reset after error/cancellation and compare fresh oracle; separate process A/B/A and output collisions do not establish reusable-library safety.; I118: Stage-by-stage end-to-end latency under proof-only, model, import, and toolchain changes at realistic sizes.",anneal-3730-charon-concurrency-interruption-2026-09-29;anneal-3730-charon-warm-target-controls-2026-09-29
D05,Charon concurrent determinism,I079;I148,partial,partial;partial,anneal-3730-charon-scaling-subject-closure-2026-09-29;anneal-3730-aeneas-identity-manifest-2026-09-29,Mapped destination evidence is scoped by its report; this suggestion is not inferred complete from a partial destination.,"I079: Calibrate semantic LLBC normalization across source reordering, metadata/flags/path and compiler revisions while retaining provenance; the new runs compare selected byte/body cases.; I148: Compare Charon and Aeneas outputs with calibrated semantic comparator over process/order/flags/revision and downstream Lean cost; new Charon collisions are output-integrity witnesses.",anneal-3730-charon-concurrency-interruption-2026-09-29;anneal-3730-charon-warm-target-controls-2026-09-29
D06,Charon cancellation cleanup,I078;I080;I105,partial,partial;partial;partial,anneal-3730-charon-scaling-subject-closure-2026-09-29;anneal-3730-generation-recovery-2026-09-29,A real Charon process was killed at a controlled second-output FIFO; full descendant cleanup and every extraction stage remain.,"I078: Implement request-private multi-artifact publication and manifest validation around real Charon, including kills at all regular-file output phases; shared JSON corruption and FIFO stop show need only.; I080: Measure resource sharing, child cleanup and contention for parallel snapshots across more target kinds; new runs had at most two tiny Charon processes and one target-reuse hazard.; I105: Interrupt every actual Cargo/Charon/Aeneas/Lake/Lean stage and descendants, then reject late output via Anneal generation fencing; the real Charon stop covers one output phase.",anneal-3730-charon-concurrency-interruption-2026-09-29;anneal-3730-charon-warm-target-controls-2026-09-29
D07,Compilation-subject invalidation matrix,I009;I020;I076,partial,partial;partial;partial,anneal-3730-charon-scaling-subject-closure-2026-09-29,Mapped destination evidence is scoped by its report; this suggestion is not inferred complete from a partial destination.,"I009: A complete compilation/verification input tuple with dependency, cfg, target, build-script, environment, model, and tool perturbations.; I020: Select and label a complete compilation subject for the same source across lib/test/bin/features/targets, then test wrong-subject model/proof rejection; this fixture covered default/feature/test only.; I076: Add host/target/feature/same-name compilation units and destination arbitration; the two-crate concurrent output collision witnesses are real but narrow.",anneal-3730-annotation-subject-boundary-matrix-2026-09-29;anneal-3730-identity-state-mutation-model-2026-09-29;anneal-3730-charon-concurrency-interruption-2026-09-29;anneal-3730-charon-warm-target-controls-2026-09-29
D08,Annotation-only upstream bypass,I018,partial,partial,,Mapped destination evidence is scoped by its report; this suggestion is not inferred complete from a partial destination.,I018: Build a real proof-only classifier and challenge its Cargo closure; the comment-read include/build-script counterexample defeats a broad text-only skip but does not classify all edits.,anneal-3730-annotation-subject-boundary-matrix-2026-09-29;anneal-3730-identity-state-mutation-model-2026-09-29
D09,Compilation-affecting annotations,I018;I019,partial,partial;partial,,Mapped destination evidence is scoped by its report; this suggestion is not inferred complete from a partial destination.,"I018: Build a real proof-only classifier and challenge its Cargo closure; the comment-read include/build-script counterexample defeats a broad text-only skip but does not classify all edits.; I019: Attach actual Anneal annotations to compiler items across cfg, aliases, trait defaults, locals and generated items; the line-marker ambiguity and Charon spans are not an attachment implementation.",anneal-3730-annotation-subject-boundary-matrix-2026-09-29;anneal-3730-identity-state-mutation-model-2026-09-29
D10,Stable item correspondence across edits,I019;I021;I149,partial,partial;partial;partial,anneal-3730-aeneas-identity-manifest-2026-09-29,Mapped destination evidence is scoped by its report; this suggestion is not inferred complete from a partial destination.,"I019: Attach actual Anneal annotations to compiler items across cfg, aliases, trait defaults, locals and generated items; the line-marker ambiguity and Charon spans are not an attachment implementation.; I021: Maintain real annotation identity across move, duplicate, split, reorder and delete while queries are pending; the marker locator and finite alias model give selected counterexamples.; I149: Proven Rust→Charon→Aeneas→Lean→obligation identities and one-to-many graph consumed by navigation/editing; new manifest inventories exact files/declaration heads but null proven mappings.",anneal-3730-annotation-subject-boundary-matrix-2026-09-29;anneal-3730-identity-state-mutation-model-2026-09-29
E01,Warm Aeneas without semantic reuse,I081;I118,conditional,conditional;partial,anneal-3730-resource-economics-2026-09-29,Same-process Aeneas reuse requires the OCaml/Dune/opam dependency decision; one-shot CLI runs do not answer it.,"I081: OCaml/Dune/opam toolchain not installed; same-process Aeneas needs user-approved non-local dependency scope.; I118: Stage-by-stage end-to-end latency under proof-only, model, import, and toolchain changes at realistic sizes.",
E02,Global-state reset audit,I081;I088,conditional,conditional;partial,anneal-3730-aeneas-identity-manifest-2026-09-29,Aeneas global-state reset in one process requires the OCaml/Dune/opam dependency decision.,I081: OCaml/Dune/opam toolchain not installed; same-process Aeneas needs user-approved non-local dependency scope.; I088: Warnings/crashes/cancellation and repeated-request residual state with structured diagnostic origins across pins; new schema/loader/partial-output errors are one-shot.,
E03,In-process concurrent Aeneas requests,I081,conditional,conditional,,Concurrent in-process Aeneas calls require the OCaml/Dune/opam dependency decision.,I081: OCaml/Dune/opam toolchain not installed; same-process Aeneas needs user-approved non-local dependency scope.,
E04,Transactional generated-tree replacement,I051;I052;I085,partial,partial;partial;partial,anneal-3730-generation-recovery-2026-09-29;anneal-3730-aeneas-identity-manifest-2026-09-29,Mapped destination evidence is scoped by its report; this suggestion is not inferred complete from a partial destination.,"I051: Repeat multi-file staged publication with actual generated Lean/LLBC/OLean artifact family, paused readers and crash recovery; new direct filesystem fixture is synthetic.; I052: Prepare final versus moved Lake/Anneal generations across manifests, traces, setup, native libraries and retained workers; the synthetic rename and small Lake relocation cover subsets.; I085: Registered user-maintained external model, overwrite collisions and atomic generation publication; new manifest/deletion/reused-destination/sorry-failure controls cover only CLI ownership.",
E05,Declaration deletion and rename,I055;I085,partial,partial;partial,anneal-3730-generation-recovery-2026-09-29;anneal-3730-aeneas-identity-manifest-2026-09-29,Mapped destination evidence is scoped by its report; this suggestion is not inferred complete from a partial destination.,"I055: Shrink and delete a selected real Aeneas/Lean output/obligation set with reused names and fresh verifier; synthetic tree and one-shot Aeneas clean oracle are narrower.; I085: Registered user-maintained external model, overwrite collisions and atomic generation publication; new manifest/deletion/reused-destination/sorry-failure controls cover only CLI ownership.",
E06,Generated-source determinism,I148,partial,partial,anneal-3730-aeneas-identity-manifest-2026-09-29,Mapped destination evidence is scoped by its report; this suggestion is not inferred complete from a partial destination.,I148: Compare Charon and Aeneas outputs with calibrated semantic comparator over process/order/flags/revision and downstream Lean cost; new Charon collisions are output-integrity witnesses.,anneal-3730-charon-concurrency-interruption-2026-09-29
E07,Semantic sameness with textual instability,I079;I084;I132;I148,partial,partial;partial;partial;partial,anneal-3730-charon-scaling-subject-closure-2026-09-29;anneal-3730-aeneas-identity-manifest-2026-09-29;anneal-3730-acceptance-oracle-matrix-2026-09-29,Mapped destination evidence is scoped by its report; this suggestion is not inferred complete from a partial destination.,"I079: Calibrate semantic LLBC normalization across source reordering, metadata/flags/path and compiler revisions while retaining provenance; the new runs compare selected byte/body cases.; I084: Reorder/module move and unrelated-edit tests of Lean names/signatures/proof context under actual elaboration; helper insertion/source locations alone are insufficient.; I132: Calibrate source-level obligations, generated declarations and diagnostics with comparator mutants on broader cross-tool cases; two-version Lean theorem/axiom/goal equality is narrow.; I148: Compare Charon and Aeneas outputs with calibrated semantic comparator over process/order/flags/revision and downstream Lean cost; new Charon collisions are output-integrity witnesses.",anneal-3730-charon-concurrency-interruption-2026-09-29;anneal-3730-charon-warm-target-controls-2026-09-29;anneal-3730-lean-cross-version-equivalence-v4-29-v4-30-rc2-2026-09-29
E08,Output-to-model manifest,I149,partial,partial,anneal-3730-aeneas-identity-manifest-2026-09-29,Mapped destination evidence is scoped by its report; this suggestion is not inferred complete from a partial destination.,I149: Proven Rust→Charon→Aeneas→Lean→obligation identities and one-to-many graph consumed by navigation/editing; new manifest inventories exact files/declaration heads but null proven mappings.,
E09,Generated versus external-model ownership,I024;I085,partial,partial;partial,anneal-3730-aeneas-identity-manifest-2026-09-29,Mapped destination evidence is scoped by its report; this suggestion is not inferred complete from a partial destination.,"I024: Preserve real unsaved authored proof text through Anneal regeneration, formatter, duplicate/move and external edit; comment-marker source preservation is an illustrative control.; I085: Registered user-maintained external model, overwrite collisions and atomic generation publication; new manifest/deletion/reused-destination/sorry-failure controls cover only CLI ownership.",anneal-3730-annotation-subject-boundary-matrix-2026-09-29
E10,External model changes without codegen changes,I050;I082;I147,not-run,partial;partial;partial,anneal-3730-aeneas-identity-manifest-2026-09-29,No compiled external-model registry mutation with unchanged Rust codegen was executed.,"I050: Exercise transitive import, package option, macro and native-plugin mutation across old/new workers in the same launch matrix; the plugin-replacement fixture is one separate cell.; I082: Compiled external-model registry, normalization and a genuine second binary/library revision with collision controls; new CLI matrix covers LLBC/schema/options and copied runtime library.; I147: Vary same/older/newer mtimes, byte-identical artifact rebuild and changed external model with unchanged Aeneas output, querying old/new workers; source-only and OLean-only cases are now real for two Lean pins.",anneal-3730-lake-plugin-artifact-identity-v4-30-0-rc2;anneal-3730-lean-launch-refresh-matrix-v4-30-0-rc2;anneal-3730-identity-state-mutation-model-2026-09-29;anneal-3730-lean-cross-version-equivalence-v4-29-v4-30-rc2-2026-09-29
E11,Restricted finer-grained Aeneas prototype,I083,not-run,partial,anneal-3730-aeneas-identity-manifest-2026-09-29,"Whole-crate counterexamples were run, but no restricted finer-grained Aeneas cache prototype was built.","I083: External-model/trait-declaration edits, a measured finer-grained cache prototype and semantic oracle; new whole-crate CLI controls cover function/type/impl/recursive-group effects.",
E12,Failure during generation and fallback,I054;I085;I088,partial,partial;partial;partial,anneal-3730-generation-recovery-2026-09-29;anneal-3730-aeneas-identity-manifest-2026-09-29,Mapped destination evidence is scoped by its report; this suggestion is not inferred complete from a partial destination.,"I054: Fail real extraction, translation, build and server stages with visible last-good/provisional state and rollback; the new kill matrix uses synthetic stages.; I085: Registered user-maintained external model, overwrite collisions and atomic generation publication; new manifest/deletion/reused-destination/sorry-failure controls cover only CLI ownership.; I088: Warnings/crashes/cancellation and repeated-request residual state with structured diagnostic origins across pins; new schema/loader/partial-output errors are one-shot.",
F01,Prepared-environment schema,I090;I091;I150,partial,partial;partial;partial,anneal-3730-lake-prepared-contract-2026-09-29,Mapped destination evidence is scoped by its report; this suggestion is not inferred complete from a partial destination.,I090: Duplicate/name/order/version/rename package-graph collisions beyond the two-config small package; exact consumer identity still needs a graph matrix.; I091: Instrument actual server setup-file headers/options/plugins for unsaved imports; explicit command override works but the server's hidden invocation was not captured.; I150: Complete operation-specific prepared archive inputs for lake serve/setup-file/InfoView/RPC/native plugin under read-only consumption; this tiny Lake/plugin matrix covers selected paths.,anneal-3730-lean-launch-refresh-matrix-v4-30-0-rc2;anneal-3730-lake-plugin-artifact-identity-v4-30-0-rc2
F02,Real read-only archive/server probe,I089,partial,partial,anneal-3730-lake-prepared-contract-2026-09-29,Mapped destination evidence is scoped by its report; this suggestion is not inferred complete from a partial destination.,"I089: Actual Anneal prepared archive from empty home/cache, server and first-goal write tracing under enforced read-only dependencies; new small Lake tree covers relocated batch/no-build only.",
F03,4.30 versus later Lake ownership,I094;I158,not-run,partial;partial,anneal-3730-lake-prepared-contract-2026-09-29;anneal-3730-aeneas-identity-manifest-2026-09-29,No later compatible Lake tuple received the prepared read-only consumer test.,I094: Read-only prepared consumer behavior on a selected later compatible Lean/Lake tuple; current prepared fixture is 4.30-rc2 only.; I158: Replay cross-tool golden cases across selected compatible upgrades and explicitly test deletion of each workaround; local Lean 4.29/4.30-rc2 checks are separate within-version comparisons.,anneal-3730-lean-cross-version-equivalence-v4-29-v4-30-rc2-2026-09-29
F04,Real-archive missing-manifest control,I089,not-run,partial,anneal-3730-lake-prepared-contract-2026-09-29,No real Anneal archive was tested with a missing manifest.,"I089: Actual Anneal prepared archive from empty home/cache, server and first-goal write tracing under enforced read-only dependencies; new small Lake tree covers relocated batch/no-build only.",
F05,Prepared-environment identity collisions,I090;I096;I145,partial,partial;partial;partial,anneal-3730-lake-prepared-contract-2026-09-29,Mapped destination evidence is scoped by its report; this suggestion is not inferred complete from a partial destination.,"I090: Duplicate/name/order/version/rename package-graph collisions beyond the two-config small package; exact consumer identity still needs a graph matrix.; I096: CLI/editor/MCP/CI launch variants with cwd, PATH, home, selectors, executable digests, and dependencies.; I145: Execute full identity ablation through actual Cargo→Charon→Aeneas→Lake→Lean→MCP responses; finite counterexamples cover four weakened tokens and selected ABA schedules only.",anneal-3730-identity-state-mutation-model-2026-09-29
F06,Server artifact completeness,I098;I150,partial,partial;partial,anneal-3730-lake-prepared-contract-2026-09-29,Missing OLean/ILean/C/plugin operation checks and an initializer mismatch server crash were run; complete prepared server artifact family remains.,I098: Mix valid but incompatible OLean/ILean/C/native/plugin/setup families across generations under batch and server; missing files and one initializer mismatch are selected controls.; I150: Complete operation-specific prepared archive inputs for lake serve/setup-file/InfoView/RPC/native plugin under read-only consumption; this tiny Lake/plugin matrix covers selected paths.,anneal-3730-lake-plugin-artifact-identity-v4-30-0-rc2;anneal-3730-lake-writer-recovery-2026-09-29
F07,No-build/no-cache fail-closed path,I092,partial,partial,anneal-3730-lake-prepared-contract-2026-09-29,Mapped destination evidence is scoped by its report; this suggestion is not inferred complete from a partial destination.,I092: Probe server no-build behavior for all incomplete artifact/config families in a prepared real generated consumer; new Lake/plugin/cache runs cover selected operations.,anneal-3730-lake-writer-recovery-2026-09-29
F08,Build completion versus server readiness,I042;I089;I091,partial,partial;partial;partial,anneal-3730-lean-rpc-lifetimes-v4-30-0-rc2;anneal-3730-lake-prepared-contract-2026-09-29,Three server modes and setup-file missing-import exit-0 controls distinguish setup completion from ready proof; no integrated handshake was implemented.,"I042: Separate parse/import/elaboration/async readiness with causal barriers and current-position status; missing-import wait success adds a failure control only.; I089: Actual Anneal prepared archive from empty home/cache, server and first-goal write tracing under enforced read-only dependencies; new small Lake tree covers relocated batch/no-build only.; I091: Instrument actual server setup-file headers/options/plugins for unsaved imports; explicit command override works but the server's hidden invocation was not captured.",anneal-3730-lean-launch-refresh-matrix-v4-30-0-rc2
F09,Unsaved import changes,I091,partial,partial,anneal-3730-lake-prepared-contract-2026-09-29,Mapped destination evidence is scoped by its report; this suggestion is not inferred complete from a partial destination.,I091: Instrument actual server setup-file headers/options/plugins for unsaved imports; explicit command override works but the server's hidden invocation was not captured.,anneal-3730-lean-launch-refresh-matrix-v4-30-0-rc2
F10,Cache-hit and rebuild observability,I095,partial,partial,anneal-3730-lake-prepared-contract-2026-09-29,Mapped destination evidence is scoped by its report; this suggestion is not inferred complete from a partial destination.,"I095: Launched-process, read/write, and trace evidence of actual reuse plus effective parallelism controls.",
F11,Artifact-cache writer crash consistency,I102,partial,partial,anneal-3730-lake-prepared-contract-2026-09-29,Real Lake cache writer was killed during elaboration and repaired; cache mapping publication itself was not interrupted.,I102: Kill concurrent cache restore/publish at mapping and artifact-rename phases and retry corrupt objects; the real Lake kill was during elaboration before cache publication.,anneal-3730-lake-writer-recovery-2026-09-29
F12,Shared package-directory writer crashes,I108;I151,partial,partial;partial,anneal-3730-generation-recovery-2026-09-29;anneal-3730-lake-prepared-contract-2026-09-29,Mapped destination evidence is scoped by its report; this suggestion is not inferred complete from a partial destination.,"I108: Check real cross-component lock order among preparation, cache, publication, restart and GC under bounded pauses; one Lake cache writer kill is a partial concurrency cell.; I151: Kill writers during actual cache mapping/artifact publication and compare conflicting shared-package writers with isolated frozen producer; the observed kill preceded publication.",anneal-3730-lake-writer-recovery-2026-09-29
F13,Read-only producer/many consumers,I089;I114;I139,partial,partial;partial;partial,anneal-3730-lake-prepared-contract-2026-09-29;anneal-3730-resource-economics-2026-09-29,Mapped destination evidence is scoped by its report; this suggestion is not inferred complete from a partial destination.,"I089: Actual Anneal prepared archive from empty home/cache, server and first-goal write tracing under enforced read-only dependencies; new small Lake tree covers relocated batch/no-build only.; I114: Guarded correctness/throughput/latency/CPU/physical-memory/disk sweep beyond two tiny Lake consumers, with realistic imports and host-budget bounds.; I139: Actual parallel Anneal generated-project tests combining model edit/scratch/restart/cleanup and host-budget limits; new two-Lake-consumer plus two-server samples are separate analogs.",
F14,Consumer/toolchain relocation separately and together,I101,partial,partial,anneal-3730-lake-prepared-contract-2026-09-29,Mapped destination evidence is scoped by its report; this suggestion is not inferred complete from a partial destination.,I101: Real generated Anneal consumer relocated after server preparation with original producer inaccessible; test native/setup/diagnostics paths and retained workers beyond small Lake batch.,
F15,Final-location preparation versus rename,I052,partial,partial,anneal-3730-generation-recovery-2026-09-29,Mapped destination evidence is scoped by its report; this suggestion is not inferred complete from a partial destination.,"I052: Prepare final versus moved Lake/Anneal generations across manifests, traces, setup, native libraries and retained workers; the synthetic rename and small Lake relocation cover subsets.",
F16,Network-denied consumption,I104,partial,partial,anneal-3730-lake-prepared-contract-2026-09-29,Mapped destination evidence is scoped by its report; this suggestion is not inferred complete from a partial destination.,"I104: Trace producer/consumer network and filesystem attempts under isolated home/cache while denying external access; loopback denial establishes one control, not full offline closure.",
F17,User-cache contamination,I096;I104,partial,partial;partial,anneal-3730-lake-prepared-contract-2026-09-29,Mapped destination evidence is scoped by its report; this suggestion is not inferred complete from a partial destination.,"I096: CLI/editor/MCP/CI launch variants with cwd, PATH, home, selectors, executable digests, and dependencies.; I104: Trace producer/consumer network and filesystem attempts under isolated home/cache while denying external access; loopback denial establishes one control, not full offline closure.",
F18,Timestamp perturbations,I100,partial,partial,anneal-3730-lake-prepared-contract-2026-09-29,Mapped destination evidence is scoped by its report; this suggestion is not inferred complete from a partial destination.,I100: Trace normalization and source-order mutations beyond one same-mtime stale-output control.,anneal-3730-lean-cross-version-equivalence-v4-29-v4-30-rc2-2026-09-29
F19,Clean oracle for interactive setup,I099;I131;I132,partial,partial;partial;partial,anneal-3730-lake-prepared-contract-2026-09-29;anneal-3730-acceptance-oracle-matrix-2026-09-29,Mapped destination evidence is scoped by its report; this suggestion is not inferred complete from a partial destination.,"I099: Independent clean versus prepared comparison of declarations, assumptions, navigation, tactic states and imported artifacts; current tiny fixed consumer/axiom agrees only on one theorem.; I131: Rebuild captured Rust→Charon→Aeneas model inputs independently before fresh proof checking; two Lean versions still share a tiny prebuilt Dep artifact within each tuple.; I132: Calibrate source-level obligations, generated declarations and diagnostics with comparator mutants on broader cross-tool cases; two-version Lean theorem/axiom/goal equality is narrow.",anneal-3730-lean-cross-version-equivalence-v4-29-v4-30-rc2-2026-09-29
F20,Generated-module rebuild isolation,I089;I113,partial,partial;partial,anneal-3730-lake-prepared-contract-2026-09-29;anneal-3730-resource-economics-2026-09-29,Mapped destination evidence is scoped by its report; this suggestion is not inferred complete from a partial destination.,"I089: Actual Anneal prepared archive from empty home/cache, server and first-goal write tracing under enforced read-only dependencies; new small Lake tree covers relocated batch/no-build only.; I113: Complete logical/allocated/inode/write/peak-space bill across Rust, LLBC, Lean, Lake, caches, and outside workspace.",
G01,Explicit transport-independent MCP handles,I065;I066;I145,partial,partial;partial;partial,anneal-3730-multiclient-editor-contract-2026-09-29,Mapped destination evidence is scoped by its report; this suggestion is not inferred complete from a partial destination.,"I065: Executable MCP revision/capability negotiation and fallback for handles, progress, cancellation, and retrieval.; I066: A typed minimal proof-tool API exercised on actual subject/snapshot selection and verification.; I145: Execute full identity ablation through actual Cargo→Charon→Aeneas→Lake→Lean→MCP responses; finite counterexamples cover four weakened tokens and selected ABA schedules only.",anneal-3730-identity-state-mutation-model-2026-09-29
G02,Handle expiry and stale-generation failures,I044;I047;I122;I145,partial,partial;partial;partial;partial,anneal-3730-lean-rpc-lifetimes-v4-30-0-rc2;anneal-3730-server-topology-v4-30-0-rc2;anneal-3730-generation-recovery-2026-09-29,Mapped destination evidence is scoped by its report; this suggestion is not inferred complete from a partial destination.,"I044: Dereference/release/expire rich RPC objects across import replacement; the launch report used plainGoal and adds no RPC handle-lifetime result.; I047: Measure retained historical-goal storage, latency and expiry after rapid edits; a resident old worker is not an explicit historical-query service.; I122: Repeated crash/restart cleanup with durable owner identity and bounded orphan reclaim in an actual Anneal/Lake workspace; synthetic process fixture alone is insufficient.; I145: Execute full identity ablation through actual Cargo→Charon→Aeneas→Lake→Lean→MCP responses; finite counterexamples cover four weakened tokens and selected ABA schedules only.",anneal-3730-lean-launch-refresh-matrix-v4-30-0-rc2;anneal-3730-identity-state-mutation-model-2026-09-29
G03,Long-running MCP tasks,I065;I071,not-run,partial;partial,anneal-3730-multiclient-editor-contract-2026-09-29,No real MCP long-running task/progress/result lifecycle was executed.,"I065: Executable MCP revision/capability negotiation and fallback for handles, progress, cancellation, and retrieval.; I071: Actual asynchronous MCP progress/result lifecycle with expiry, cancellation, and partial-failure responses.",
G04,Subscriptions for diagnostics/progress,I152,partial,partial,anneal-3730-multiclient-editor-contract-2026-09-29,Mapped destination evidence is scoped by its report; this suggestion is not inferred complete from a partial destination.,"I152: Actual MCP subscriptions/listen versus polling under delayed/dropped delivery, reconnect and state reconciliation; new local event model is not MCP transport.",
G05,Concurrent agents in one workspace,I014;I067;I068,partial,partial;partial;partial,anneal-3730-multiclient-editor-contract-2026-09-29,Mapped destination evidence is scoped by its report; this suggestion is not inferred complete from a partial destination.,"I014: Run four independent actual writers on one Anneal workspace with conflict/fork/owner policy; finite and two-thread models expose the lost-update contract only.; I067: Actual MCP transport-loss retries for edit/worker-create/check-start with durable bounded dedup expiry and CAS; local broker only models one edit response.; I068: One actual MCP/editor workspace authority with alternating unsaved edits, queries, and reconnect.",anneal-3730-identity-state-mutation-model-2026-09-29
G06,Version-checked agent patch transaction,I029;I070;I137,partial,partial;not-run;partial,anneal-3730-projection-provenance-2026-09-29,Mapped destination evidence is scoped by its report; this suggestion is not inferred complete from a partial destination.,"I029: Apply real projected patches after unrelated source shifts and conflicting writers with source-plus-projection CAS; the model rejects nine cases but has no editor/server transport.; I070: Isolated scratch tactic attempts applied back under subject/proof CAS and verified against intended context.; I137: Real Rust-hosted annotation with parser, projection, prepared model, exact live query/edit, and batch check.",anneal-3730-projection-macro-doccomment-patch-matrix-2026-09-29
G07,Scratch tactic trials and reuse,I040;I070;I116;I153,not-run,partial;not-run;partial;partial,anneal-3730-resource-economics-2026-09-29;anneal-3730-server-topology-v4-30-0-rc2,No actual isolated tactic scratch trial or reusable pool was exercised.,"I040: Scratch proof forks with matched module identity, options, imports, surrounding commands, and real-candidate replay.; I070: Isolated scratch tactic attempts applied back under subject/proof CAS and verified against intended context.; I116: Long edit/query/open/close/restart soak with retention/leak classification; new four-edit/two-server run is short.; I153: Matched one-watchdog versus N-server plus MCP broker/adapters at 1/2/4/8 documents with scratch churn and physical-memory cost; current direct-Lean 1/2 tests are small.",
G08,Scratch environment fidelity,I040,partial,partial,,Mapped destination evidence is scoped by its report; this suggestion is not inferred complete from a partial destination.,"I040: Scratch proof forks with matched module identity, options, imports, surrounding commands, and real-candidate replay.",
G09,Read-only versus mutating tools,I069;I126,partial,partial;partial,anneal-3730-multiclient-editor-contract-2026-09-29;anneal-3730-acceptance-oracle-matrix-2026-09-29,Mapped destination evidence is scoped by its report; this suggestion is not inferred complete from a partial destination.,"I069: Executed tool access tiers and workspace/path isolation, especially generated-to-authored edit authority.; I126: Lake configuration, Lean macros/native extensions and enforced containment/resource limits; a benign run_tac write adds one execution boundary to prior Cargo/Lean callbacks.",
G10,MCP multiplexing/process isolation,I004;I153,partial,partial;partial,anneal-3730-architecture-contracts-2026-09-29;anneal-3730-resource-economics-2026-09-29;anneal-3730-server-topology-v4-30-0-rc2,Mapped destination evidence is scoped by its report; this suggestion is not inferred complete from a partial destination.,"I004: Repeat the one-shot/per-project/broker comparison with actual Charon/Aeneas/Lean work, matched isolation, startup, restart and physical-resource measurements; the new timing rank is toy-only.; I153: Matched one-watchdog versus N-server plus MCP broker/adapters at 1/2/4/8 documents with scratch churn and physical-memory cost; current direct-Lean 1/2 tests are small.",
G11,Edit/setup authorization taxonomy,I069,partial,partial,anneal-3730-multiclient-editor-contract-2026-09-29,Mapped destination evidence is scoped by its report; this suggestion is not inferred complete from a partial destination.,"I069: Executed tool access tiers and workspace/path isolation, especially generated-to-authored edit authority.",
G12,Response provenance envelope,I066;I145,partial,partial;partial,anneal-3730-multiclient-editor-contract-2026-09-29,Mapped destination evidence is scoped by its report; this suggestion is not inferred complete from a partial destination.,I066: A typed minimal proof-tool API exercised on actual subject/snapshot selection and verification.; I145: Execute full identity ablation through actual Cargo→Charon→Aeneas→Lake→Lean→MCP responses; finite counterexamples cover four weakened tokens and selected ABA schedules only.,anneal-3730-identity-state-mutation-model-2026-09-29
G13,Retry and idempotency,I067,partial,partial,anneal-3730-multiclient-editor-contract-2026-09-29,Mapped destination evidence is scoped by its report; this suggestion is not inferred complete from a partial destination.,I067: Actual MCP transport-loss retries for edit/worker-create/check-start with durable bounded dedup expiry and CAS; local broker only models one edit response.,
G14,MCP cancellation races,I071;I105;I106,partial,partial;partial;partial,anneal-3730-multiclient-editor-contract-2026-09-29;anneal-3730-generation-recovery-2026-09-29,Mapped destination evidence is scoped by its report; this suggestion is not inferred complete from a partial destination.,"I071: Actual asynchronous MCP progress/result lifecycle with expiry, cancellation, and partial-failure responses.; I105: Interrupt every actual Cargo/Charon/Aeneas/Lake/Lean stage and descendants, then reject late output via Anneal generation fencing; the real Charon stop covers one output phase.; I106: Queued real diagnostics/progress/exits after cancellation with request/worker correlation and publication fences; synthetic late completion is narrower.",anneal-3730-charon-concurrency-interruption-2026-09-29
G15,Agent navigation Rust-to-Lean-and-back,I066;I140;I149,not-run,partial;partial;partial,anneal-3730-multiclient-editor-contract-2026-09-29;anneal-3730-aeneas-identity-manifest-2026-09-29,No actual Rust-to-Lean-and-back navigation tool was exercised.,"I066: A typed minimal proof-tool API exercised on actual subject/snapshot selection and verification.; I140: Multiple controlled agent tasks with counterbalanced feedback order, matched cognitive budgets, and broader contracts.; I149: Proven Rust→Charon→Aeneas→Lean→obligation identities and one-to-many graph consumed by navigation/editing; new manifest inventories exact files/declaration heads but null proven mappings.",
H01,Virtual document URI strategy,I033;I034;I155,partial,partial;partial;partial,anneal-3730-multiclient-editor-contract-2026-09-29,Mapped destination evidence is scoped by its report; this suggestion is not inferred complete from a partial destination.,"I033: URI/physical-path behavior across supported Lake launch modes and setup-file with imports, not just direct Lean.; I034: Compare stable URI and generation-path behavior with a real worker across regeneration/reopen; the finite response model has no document routing.; I155: Actual Rust editor host open/change/save/rename/close through Anneal projection and hidden Lean cleanup; new invented //% host in a local broker tests only lifecycle shape.",anneal-3730-identity-state-mutation-model-2026-09-29
H02,Custom URI versus setup-file,I033;I155,partial,partial;partial,anneal-3730-multiclient-editor-contract-2026-09-29,Mapped destination evidence is scoped by its report; this suggestion is not inferred complete from a partial destination.,"I033: URI/physical-path behavior across supported Lake launch modes and setup-file with imports, not just direct Lean.; I155: Actual Rust editor host open/change/save/rename/close through Anneal projection and hidden Lean cleanup; new invented //% host in a local broker tests only lifecycle shape.",
H03,Shadow-file authority and recovery,I155,partial,partial,anneal-3730-multiclient-editor-contract-2026-09-29,Mapped destination evidence is scoped by its report; this suggestion is not inferred complete from a partial destination.,I155: Actual Rust editor host open/change/save/rename/close through Anneal projection and hidden Lean cleanup; new invented //% host in a local broker tests only lifecycle shape.,
H04,Hidden Lean document lifecycle,I033;I064;I155,partial,partial;partial;partial,anneal-3730-multiclient-editor-contract-2026-09-29,Mapped destination evidence is scoped by its report; this suggestion is not inferred complete from a partial destination.,"I033: URI/physical-path behavior across supported Lake launch modes and setup-file with imports, not just direct Lean.; I064: Editor disconnect/reconnect ownership against divergent disk/buffer bytes and live Lean worker.; I155: Actual Rust editor host open/change/save/rename/close through Anneal projection and hidden Lean cleanup; new invented //% host in a local broker tests only lifecycle shape.",
H05,Different unsaved editor clients,I014;I068,partial,partial;partial,anneal-3730-multiclient-editor-contract-2026-09-29,Mapped destination evidence is scoped by its report; this suggestion is not inferred complete from a partial destination.,"I014: Run four independent actual writers on one Anneal workspace with conflict/fork/owner policy; finite and two-thread models expose the lost-update contract only.; I068: One actual MCP/editor workspace authority with alternating unsaved edits, queries, and reconnect.",anneal-3730-identity-state-mutation-model-2026-09-29
H06,Save versus existing unsaved generation,I063,not-run,not-run,,Mapped destination evidence is scoped by its report; this suggestion is not inferred complete from a partial destination.,"I063: Real editor autosave/format/watch/build events with loop, duplicate-work, and dirty-buffer controls.",
H07,Rename/move with open proof,I021;I034;I063;I155,partial,partial;partial;not-run;partial,anneal-3730-multiclient-editor-contract-2026-09-29,Mapped destination evidence is scoped by its report; this suggestion is not inferred complete from a partial destination.,"I021: Maintain real annotation identity across move, duplicate, split, reorder and delete while queries are pending; the marker locator and finite alias model give selected counterexamples.; I034: Compare stable URI and generation-path behavior with a real worker across regeneration/reopen; the finite response model has no document routing.; I063: Real editor autosave/format/watch/build events with loop, duplicate-work, and dirty-buffer controls.; I155: Actual Rust editor host open/change/save/rename/close through Anneal projection and hidden Lean cleanup; new invented //% host in a local broker tests only lifecycle shape.",anneal-3730-annotation-subject-boundary-matrix-2026-09-29;anneal-3730-identity-state-mutation-model-2026-09-29
H08,Workspace-folder/project switch,I004;I057;I153,not-run,partial;partial;partial,anneal-3730-architecture-contracts-2026-09-29;anneal-3730-multiclient-editor-contract-2026-09-29;anneal-3730-resource-economics-2026-09-29;anneal-3730-server-topology-v4-30-0-rc2,No real editor workspace-folder/project switch was exercised.,"I004: Repeat the one-shot/per-project/broker comparison with actual Charon/Aeneas/Lean work, matched isolation, startup, restart and physical-resource measurements; the new timing rank is toy-only.; I057: Editor extension, LSP proxy, and separate-server prototypes for both Rust and embedded Lean features.; I153: Matched one-watchdog versus N-server plus MCP broker/adapters at 1/2/4/8 documents with scratch churn and physical-memory cost; current direct-Lean 1/2 tests are small.",
H09,Editor cancellation through scheduler,I007;I105;I107,not-run,partial;partial;partial,anneal-3730-architecture-contracts-2026-09-29;anneal-3730-generation-recovery-2026-09-29,No real editor cancellation was propagated through an Anneal scheduler.,"I007: A shared in-flight real backend with per-consumer cancellation and cache reuse ownership, beyond symbolic/fake stages.; I105: Interrupt every actual Cargo/Charon/Aeneas/Lake/Lean stage and descendants, then reject late output via Anneal generation fencing; the real Charon stop covers one output phase.; I107: Shared actual build with multiple consumers, one cancellation and one failure plus reference-count/fan-out; synthetic ownership model alone is insufficient.",anneal-3730-charon-concurrency-interruption-2026-09-29
H10,Stale diagnostics during regeneration,I054;I058;I141,partial,partial;partial;conditional,anneal-3730-generation-recovery-2026-09-29;anneal-3730-multiclient-editor-contract-2026-09-29,Mapped destination evidence is scoped by its report; this suggestion is not inferred complete from a partial destination.,"I054: Fail real extraction, translation, build and server stages with visible last-good/provisional state and rollback; the new kill matrix uses synthetic stages.; I058: Push/pull diagnostic multiplexing with rustc/Charon/Aeneas/Lean origins and stale clearing across rename.; I141: Requires actual human participants and interface comprehension trial; no agent card check substitutes.",
I01,Batch/fresh/warm/edited/restarted equivalence,I001;I131;I132,partial,partial;partial;partial,anneal-3730-architecture-contracts-2026-09-29;anneal-3730-acceptance-oracle-matrix-2026-09-29,Mapped destination evidence is scoped by its report; this suggestion is not inferred complete from a partial destination.,"I001: A full same-subject batch/live equivalence contract across obligations, imports, assumptions, and acceptable diagnostic differences.; I131: Rebuild captured Rust→Charon→Aeneas model inputs independently before fresh proof checking; two Lean versions still share a tiny prebuilt Dep artifact within each tuple.; I132: Calibrate source-level obligations, generated declarations and diagnostics with comparator mutants on broader cross-tool cases; two-version Lean theorem/axiom/goal equality is narrow.",anneal-3730-lean-cross-version-equivalence-v4-29-v4-30-rc2-2026-09-29
I02,Actual batch/live import identity,I048;I099;I131,partial,partial;partial;partial,anneal-3730-lake-prepared-contract-2026-09-29;anneal-3730-acceptance-oracle-matrix-2026-09-29,Mapped destination evidence is scoped by its report; this suggestion is not inferred complete from a partial destination.,"I048: Obtain or reconstruct exact loaded OLean/options/plugin/source and worker identity for a real project; setup-file paths and value sentinels are not an attestation API.; I099: Independent clean versus prepared comparison of declarations, assumptions, navigation, tactic states and imported artifacts; current tiny fixed consumer/axiom agrees only on one theorem.; I131: Rebuild captured Rust→Charon→Aeneas model inputs independently before fresh proof checking; two Lean versions still share a tiny prebuilt Dep artifact within each tuple.",anneal-3730-lean-launch-refresh-matrix-v4-30-0-rc2;anneal-3730-lean-cross-version-equivalence-v4-29-v4-30-rc2-2026-09-29
I03,Live acceptance followed by fresh verification,I131;I137;I138,partial,partial;partial;partial,anneal-3730-acceptance-oracle-matrix-2026-09-29,Mapped destination evidence is scoped by its report; this suggestion is not inferred complete from a partial destination.,"I131: Rebuild captured Rust→Charon→Aeneas model inputs independently before fresh proof checking; two Lean versions still share a tiny prebuilt Dep artifact within each tuple.; I137: Real Rust-hosted annotation with parser, projection, prepared model, exact live query/edit, and batch check.; I138: Real Charon/Aeneas model-change sequence with pending/failing/late generations and before/during/after queries.",anneal-3730-lean-cross-version-equivalence-v4-29-v4-30-rc2-2026-09-29
I04,Batch acceptance followed by cold interactive use,I089;I091;I131,partial,partial;partial;partial,anneal-3730-lake-prepared-contract-2026-09-29;anneal-3730-acceptance-oracle-matrix-2026-09-29,Mapped destination evidence is scoped by its report; this suggestion is not inferred complete from a partial destination.,"I089: Actual Anneal prepared archive from empty home/cache, server and first-goal write tracing under enforced read-only dependencies; new small Lake tree covers relocated batch/no-build only.; I091: Instrument actual server setup-file headers/options/plugins for unsaved imports; explicit command override works but the server's hidden invocation was not captured.; I131: Rebuild captured Rust→Charon→Aeneas model inputs independently before fresh proof checking; two Lean versions still share a tiny prebuilt Dep artifact within each tuple.",anneal-3730-lean-launch-refresh-matrix-v4-30-0-rc2;anneal-3730-lean-cross-version-equivalence-v4-29-v4-30-rc2-2026-09-29
I05,Verification scope across live transitions,I129;I138;I144,partial,partial;partial;partial,anneal-3730-acceptance-oracle-matrix-2026-09-29;anneal-3730-partial-elaboration-queries-v4-30-0-rc2;anneal-3730-architecture-contracts-2026-09-29,Mapped destination evidence is scoped by its report; this suggestion is not inferred complete from a partial destination.,"I129: Machine result taxonomy integrated with actual Anneal source/model/obligation identities, separating reachable goal, file elaboration, admissions, pending/failed generation and Rust-level coverage.; I138: Real Charon/Aeneas model-change sequence with pending/failing/late generations and before/during/after queries.; I144: After remaining real integration/workload evidence, synthesize explicit v2 interface choices and smallest regression probes; new decision ledgers do not adopt a design.",
I06,No goals versus theorem/file/project acceptance,I129,partial,partial,anneal-3730-acceptance-oracle-matrix-2026-09-29;anneal-3730-partial-elaboration-queries-v4-30-0-rc2,Mapped destination evidence is scoped by its report; this suggestion is not inferred complete from a partial destination.,"I129: Machine result taxonomy integrated with actual Anneal source/model/obligation identities, separating reachable goal, file elaboration, admissions, pending/failed generation and Rust-level coverage.",
I07,TCB identity under reuse,I130,partial,partial,anneal-3730-acceptance-oracle-matrix-2026-09-29,Mapped destination evidence is scoped by its report; this suggestion is not inferred complete from a partial destination.,I130: Claim-relative axiom/admission/native/model taint propagated through theorem callers and reused artifacts/adapters; new cheat/sorry controls are one-hop.,
I08,Development/partial-result taint,I130;I141,partial,partial;conditional,anneal-3730-acceptance-oracle-matrix-2026-09-29,Mapped destination evidence is scoped by its report; this suggestion is not inferred complete from a partial destination.,I130: Claim-relative axiom/admission/native/model taint propagated through theorem callers and reused artifacts/adapters; new cheat/sorry controls are one-hop.; I141: Requires actual human participants and interface comprehension trial; no agent card check substitutes.,
J01,Real generated-project disk scaling,I113;I114;I139,partial,partial;partial;partial,anneal-3730-resource-economics-2026-09-29,Mapped destination evidence is scoped by its report; this suggestion is not inferred complete from a partial destination.,"I113: Complete logical/allocated/inode/write/peak-space bill across Rust, LLBC, Lean, Lake, caches, and outside workspace.; I114: Guarded correctness/throughput/latency/CPU/physical-memory/disk sweep beyond two tiny Lake consumers, with realistic imports and host-budget bounds.; I139: Actual parallel Anneal generated-project tests combining model edit/scratch/restart/cleanup and host-budget limits; new two-Lake-consumer plus two-server samples are separate analogs.",
J02,Every copied byte classified,I113,not-run,partial,anneal-3730-resource-economics-2026-09-29,No complete cross-stage copied-byte attribution exists.,"I113: Complete logical/allocated/inode/write/peak-space bill across Rust, LLBC, Lean, Lake, caches, and outside workspace.",
J03,Real-import server memory scaling,I114;I117;I153,partial,partial;partial;partial,anneal-3730-resource-economics-2026-09-29;anneal-3730-server-topology-v4-30-0-rc2,Mapped destination evidence is scoped by its report; this suggestion is not inferred complete from a partial destination.,"I114: Guarded correctness/throughput/latency/CPU/physical-memory/disk sweep beyond two tiny Lake consumers, with realistic imports and host-budget bounds.; I117: PSS or unique process-tree footprint and file-cache sharing for workers/plugins/watchdogs; phys_footprint samples improve on RSS sums but not this full accounting.; I153: Matched one-watchdog versus N-server plus MCP broker/adapters at 1/2/4/8 documents with scratch churn and physical-memory cost; current direct-Lean 1/2 tests are small.",
J04,One watchdog/many documents versus many servers,I153,partial,partial,anneal-3730-resource-economics-2026-09-29;anneal-3730-server-topology-v4-30-0-rc2,Mapped destination evidence is scoped by its report; this suggestion is not inferred complete from a partial destination.,I153: Matched one-watchdog versus N-server plus MCP broker/adapters at 1/2/4/8 documents with scratch churn and physical-memory cost; current direct-Lean 1/2 tests are small.,
J05,Prewarmed scratch pool scaling,I116;I153,not-run,partial;partial,anneal-3730-resource-economics-2026-09-29;anneal-3730-server-topology-v4-30-0-rc2,No prewarmed scratch pool scaling experiment was run.,I116: Long edit/query/open/close/restart soak with retention/leak classification; new four-edit/two-server run is short.; I153: Matched one-watchdog versus N-server plus MCP broker/adapters at 1/2/4/8 documents with scratch churn and physical-memory cost; current direct-Lean 1/2 tests are small.,
J06,Nested parallelism budget,I115,not-run,partial,anneal-3730-resource-economics-2026-09-29,No nested Cargo/Aeneas/Lake/Lean parallelism budget sweep was run.,"I115: Outer/inner parallelism controls measured for Cargo/rustc, Aeneas, Lake, and Lean threads/processes.",
J07,Cold/warm latency decomposition,I118,partial,partial,anneal-3730-resource-economics-2026-09-29,Mapped destination evidence is scoped by its report; this suggestion is not inferred complete from a partial destination.,"I118: Stage-by-stage end-to-end latency under proof-only, model, import, and toolchain changes at realistic sizes.",
J08,Test/fixture/suite reuse granularity,I154,partial,partial,anneal-3730-resource-economics-2026-09-29,Mapped destination evidence is scoped by its report; this suggestion is not inferred complete from a partial destination.,"I154: Per-test/per-fixture/per-suite contamination matrix including plugins, phase ordering and worker restarts; new two-workspace sentinels are a narrow direct-Lean control.",
J09,Failures under high concurrency,I105;I110;I139,not-run,partial;partial;partial,anneal-3730-generation-recovery-2026-09-29;anneal-3730-resource-economics-2026-09-29,No high-concurrency fault run with actual generated projects was performed.,"I105: Interrupt every actual Cargo/Charon/Aeneas/Lake/Lean stage and descendants, then reject late output via Anneal generation fencing; the real Charon stop covers one output phase.; I110: Forced actual Lean worker/watchdog, Anneal and build-process kills with reconstruction from authoritative source/imports; new OS kills target a synthetic publisher.; I139: Actual parallel Anneal generated-project tests combining model edit/scratch/restart/cleanup and host-budget limits; new two-Lake-consumer plus two-server samples are separate analogs.",anneal-3730-charon-concurrency-interruption-2026-09-29
J10,Long-lived daemon resource drift,I116;I122,not-run,partial;partial,anneal-3730-resource-economics-2026-09-29;anneal-3730-generation-recovery-2026-09-29,No long-lived daemon soak or drift classification was performed.,I116: Long edit/query/open/close/restart soak with retention/leak classification; new four-edit/two-server run is short.; I122: Repeated crash/restart cleanup with durable owner identity and bounded orphan reclaim in an actual Anneal/Lake workspace; synthetic process fixture alone is insufficient.,
J11,Generation collection with live readers,I121,partial,partial,anneal-3730-generation-recovery-2026-09-29,Mapped destination evidence is scoped by its report; this suggestion is not inferred complete from a partial destination.,"I121: GC leases for actual live workers, pending queries, scratch forks, later opens and replay records; new lease/GC fixture uses synthetic generations.",
J12,Cross-test contamination sentinels,I135;I154,partial,partial;partial,anneal-3730-acceptance-oracle-matrix-2026-09-29;anneal-3730-resource-economics-2026-09-29,Mapped destination evidence is scoped by its report; this suggestion is not inferred complete from a partial destination.,"I135: Run pairwise/higher-order source/import/cache/launch/lifecycle mutation matrix in the integrated Rust-to-proof pipeline; the Lean two-version split tests only selected axes.; I154: Per-test/per-fixture/per-suite contamination matrix including plugins, phase ordering and worker restarts; new two-workspace sentinels are a narrow direct-Lean control.",anneal-3730-lean-cross-version-equivalence-v4-29-v4-30-rc2-2026-09-29
J13,Concurrent identical cache misses,I102;I107,partial,partial;partial,anneal-3730-lake-prepared-contract-2026-09-29;anneal-3730-generation-recovery-2026-09-29,Mapped destination evidence is scoped by its report; this suggestion is not inferred complete from a partial destination.,"I102: Kill concurrent cache restore/publish at mapping and artifact-rename phases and retry corrupt objects; the real Lake kill was during elaboration before cache publication.; I107: Shared actual build with multiple consumers, one cancellation and one failure plus reference-count/fan-out; synthetic ownership model alone is insufficient.",anneal-3730-lake-writer-recovery-2026-09-29
J14,Filesystem-specific resource scaling,I119;I124,not-run,partial;partial,anneal-3730-resource-economics-2026-09-29;anneal-3730-platform-filesystem-boundary-2026-09-29,The APFS/overlayfs semantics probe did not measure filesystem-specific resource scaling.,"I119: Whole prepared tree sharing strategy with actual consumer writes, APFS extent accounting, and load.; I124: Exercise mapped live Lean artifacts and worker cleanup on every supported native filesystem; APFS Lean and cached Linux overlayfs bytes do not cover native ext4/XFS, Windows or network shares.",anneal-3730-real-lean-filesystem-lifetimes-2026-09-29
J15,Resource limits and stale-success fallback,I109;I129,partial,partial;partial,anneal-3730-generation-recovery-2026-09-29;anneal-3730-acceptance-oracle-matrix-2026-09-29;anneal-3730-partial-elaboration-queries-v4-30-0-rc2,Mapped destination evidence is scoped by its report; this suggestion is not inferred complete from a partial destination.,"I109: Inject bounded memory/disk/fd/process exhaustion and recover last-good state; writer kill and RSS caps did not exercise these exhaustion classes.; I129: Machine result taxonomy integrated with actual Anneal source/model/obligation identities, separating reachable goal, file elaboration, admissions, pending/failed generation and Rust-level coverage.",anneal-3730-lake-writer-recovery-2026-09-29
K01,Exact pre-compiler proof-range sidecar,I025;I026;I149,partial,partial;partial;partial,anneal-3730-projection-provenance-2026-09-29;anneal-3730-aeneas-identity-manifest-2026-09-29,Mapped destination evidence is scoped by its report; this suggestion is not inferred complete from a partial destination.,I025: Run negotiated LSP byte/UTF-16/scalar conversions through an actual Rust host and Anneal projection; macro and doc-comment fixtures remain model mappings.; I026: Exercise actual annotation stripping/escaping/scaffolding map inversion and cross-segment edit refusal; invented doc-comment rules cannot establish Anneal's map.; I149: Proven Rust→Charon→Aeneas→Lean→obligation identities and one-to-many graph consumed by navigation/editing; new manifest inventories exact files/declaration heads but null proven mappings.,anneal-3730-projection-macro-doccomment-patch-matrix-2026-09-29
K02,Cross-layer declaration manifest,I149,partial,partial,anneal-3730-aeneas-identity-manifest-2026-09-29,Mapped destination evidence is scoped by its report; this suggestion is not inferred complete from a partial destination.,I149: Proven Rust→Charon→Aeneas→Lean→obligation identities and one-to-many graph consumed by navigation/editing; new manifest inventories exact files/declaration heads but null proven mappings.,
K03,Macro provenance/edit responsibility,I019;I031,partial,partial;partial,anneal-3730-projection-provenance-2026-09-29,Mapped destination evidence is scoped by its report; this suggestion is not inferred complete from a partial destination.,"I019: Attach actual Anneal annotations to compiler items across cfg, aliases, trait defaults, locals and generated items; the line-marker ambiguity and Charon spans are not an attachment implementation.; I031: Compare real Lean diagnostic provenance across authored, scaffold, generated model and imports, with ambiguous/missing span policy; the pinned diagnostics were only routed by an invented map.",anneal-3730-annotation-subject-boundary-matrix-2026-09-29;anneal-3730-projection-macro-doccomment-patch-matrix-2026-09-29
K04,Synthetic-scaffolding blame evaluation,I031;I141,partial,partial;conditional,anneal-3730-projection-provenance-2026-09-29,Mapped destination evidence is scoped by its report; this suggestion is not inferred complete from a partial destination.,"I031: Compare real Lean diagnostic provenance across authored, scaffold, generated model and imports, with ambiguous/missing span policy; the pinned diagnostics were only routed by an invented map.; I141: Requires actual human participants and interface comprehension trial; no agent card check substitutes.",anneal-3730-projection-macro-doccomment-patch-matrix-2026-09-29
K05,Relocation and normalized diagnostic identities,I059;I101;I123,partial,not-run;partial;partial,anneal-3730-lake-prepared-contract-2026-09-29,Mapped destination evidence is scoped by its report; this suggestion is not inferred complete from a partial destination.,"I059: Mapped hover, definition/reference navigation, semantic tokens, and unavailable imported-source behavior.; I101: Real generated Anneal consumer relocated after server preparation with original producer inaccessible; test native/setup/diagnostics paths and retained workers beyond small Lake batch.; I123: Connect real path aliases to module/document/cache identity and two intentional workspaces; APFS Lean imports and overlayfs byte lifetime do not establish Anneal routing.",anneal-3730-real-lean-filesystem-lifetimes-2026-09-29
K06,Owning range deleted during query,I021;I029,partial,partial;partial,anneal-3730-projection-provenance-2026-09-29,Mapped destination evidence is scoped by its report; this suggestion is not inferred complete from a partial destination.,"I021: Maintain real annotation identity across move, duplicate, split, reorder and delete while queries are pending; the marker locator and finite alias model give selected counterexamples.; I029: Apply real projected patches after unrelated source shifts and conflicting writers with source-plus-projection CAS; the model rejects nine cases but has no editor/server transport.",anneal-3730-annotation-subject-boundary-matrix-2026-09-29;anneal-3730-identity-state-mutation-model-2026-09-29;anneal-3730-projection-macro-doccomment-patch-matrix-2026-09-29
K07,Rustfmt and proof-map stability,I032;I063,partial,partial;not-run,,Mapped destination evidence is scoped by its report; this suggestion is not inferred complete from a partial destination.,"I032: Fuzz the actual annotation grammar/edit stream and measure full versus incremental maps at useful size; this tiny invented projector's indexed path was slower over 80 steps.; I063: Real editor autosave/format/watch/build events with loop, duplicate-work, and dirty-buffer controls.",anneal-3730-projection-macro-doccomment-patch-matrix-2026-09-29
K08,Stable proof identity through model regeneration,I024;I034;I056;I155,partial,partial;partial;partial;partial,anneal-3730-multiclient-editor-contract-2026-09-29,Mapped destination evidence is scoped by its report; this suggestion is not inferred complete from a partial destination.,"I024: Preserve real unsaved authored proof text through Anneal regeneration, formatter, duplicate/move and external edit; comment-marker source preservation is an illustrative control.; I034: Compare stable URI and generation-path behavior with a real worker across regeneration/reopen; the finite response model has no document routing.; I056: Proof-body/statement/helper/model ablation and sound incremental reuse boundaries on real Lean imports.; I155: Actual Rust editor host open/change/save/rename/close through Anneal projection and hidden Lean cleanup; new invented //% host in a local broker tests only lifecycle shape.",anneal-3730-annotation-subject-boundary-matrix-2026-09-29;anneal-3730-identity-state-mutation-model-2026-09-29
L01,Structured stage results,I006;I145,partial,partial;partial,anneal-3730-architecture-contracts-2026-09-29,Mapped destination evidence is scoped by its report; this suggestion is not inferred complete from a partial destination.,"I006: A structured Charon/Aeneas/Lean adapter contract with injected progress, stdout/stderr contamination, and shared batch/live use.; I145: Execute full identity ablation through actual Cargo→Charon→Aeneas→Lake→Lean→MCP responses; finite counterexamples cover four weakened tokens and selected ABA schedules only.",anneal-3730-identity-state-mutation-model-2026-09-29
L02,Backend filesystem-effects inventory,I006;I113,partial,partial;partial,anneal-3730-architecture-contracts-2026-09-29;anneal-3730-resource-economics-2026-09-29,Mapped destination evidence is scoped by its report; this suggestion is not inferred complete from a partial destination.,"I006: A structured Charon/Aeneas/Lean adapter contract with injected progress, stdout/stderr contamination, and shared batch/live use.; I113: Complete logical/allocated/inode/write/peak-space bill across Rust, LLBC, Lean, Lake, caches, and outside workspace.",
L03,Progress independent of UI,I006;I095,partial,partial;partial,anneal-3730-architecture-contracts-2026-09-29;anneal-3730-lake-prepared-contract-2026-09-29,Mapped destination evidence is scoped by its report; this suggestion is not inferred complete from a partial destination.,"I006: A structured Charon/Aeneas/Lean adapter contract with injected progress, stdout/stderr contamination, and shared batch/live use.; I095: Launched-process, read/write, and trace evidence of actual reuse plus effective parallelism controls.",
L04,Cancellation abstraction fit,I007;I105,partial,partial;partial,anneal-3730-architecture-contracts-2026-09-29;anneal-3730-generation-recovery-2026-09-29,Mapped destination evidence is scoped by its report; this suggestion is not inferred complete from a partial destination.,"I007: A shared in-flight real backend with per-consumer cancellation and cache reuse ownership, beyond symbolic/fake stages.; I105: Interrupt every actual Cargo/Charon/Aeneas/Lake/Lean stage and descendants, then reject late output via Anneal generation fencing; the real Charon stop covers one output phase.",anneal-3730-charon-concurrency-interruption-2026-09-29
L05,Backend crash/retry reconstruction,I077;I081;I110,partial,partial;conditional;partial,anneal-3730-generation-recovery-2026-09-29,Mapped destination evidence is scoped by its report; this suggestion is not inferred complete from a partial destination.,"I077: Test same-process Charon reset after error/cancellation and compare fresh oracle; separate process A/B/A and output collisions do not establish reusable-library safety.; I081: OCaml/Dune/opam toolchain not installed; same-process Aeneas needs user-approved non-local dependency scope.; I110: Forced actual Lean worker/watchdog, Anneal and build-process kills with reconstruction from authoritative source/imports; new OS kills target a synthetic publisher.",anneal-3730-charon-concurrency-interruption-2026-09-29;anneal-3730-charon-warm-target-controls-2026-09-29
L06,Backend version/capability negotiation,I156,partial,partial,anneal-3730-aeneas-identity-manifest-2026-09-29;anneal-3730-multiclient-editor-contract-2026-09-29,Mapped destination evidence is scoped by its report; this suggestion is not inferred complete from a partial destination.,I156: Versioned executable Charon/Aeneas/Lean capability descriptors with real adapter fallback and unsupported-call behavior; one-shot Aeneas and local broker descriptors are partial.,
L07,Batch shell over shared engine,I157,partial,partial,anneal-3730-multiclient-editor-contract-2026-09-29,Mapped destination evidence is scoped by its report; this suggestion is not inferred complete from a partial destination.,I157: One actual Anneal engine driven by current batch CLI and repeated in-process live shell with cancellation/reconstruction and fresh exact-input oracle; current Python prototypes are separate.,
L08,Transport-free interactive shell,I157,partial,partial,anneal-3730-multiclient-editor-contract-2026-09-29,Mapped destination evidence is scoped by its report; this suggestion is not inferred complete from a partial destination.,I157: One actual Anneal engine driven by current batch CLI and repeated in-process live shell with cancellation/reconstruction and fresh exact-input oracle; current Python prototypes are separate.,
L09,Direct Lean backend versus MCP delegation,I072,not-run,not-run,,No installed Lean MCP adapter was exercised under Anneal conditions.,"I072: Two independent MCP clients with concurrent calls, cancellation, and consistent shared workspace observations.",
L10,Aeneas library embedding,I081;I086,conditional,conditional;not-run,anneal-3730-aeneas-identity-manifest-2026-09-29,Aeneas library embedding depends on the unresolved OCaml/Dune/opam toolchain decision.,"I081: OCaml/Dune/opam toolchain not installed; same-process Aeneas needs user-approved non-local dependency scope.; I086: Measured in-memory/structured-stream versus serialized LLBC/Lean handoff for copying, diagnostics, cancellation, and evidence cost.",
M01,Interactive invariants on upgraded Lean/Lake,I094;I136;I158,partial,partial;partial;partial,anneal-3730-lake-prepared-contract-2026-09-29;anneal-3730-independent-vertical-reproduction-2026-09-29;anneal-3730-aeneas-identity-manifest-2026-09-29,Mapped destination evidence is scoped by its report; this suggestion is not inferred complete from a partial destination.,"I094: Read-only prepared consumer behavior on a selected later compatible Lean/Lake tuple; current prepared fixture is 4.30-rc2 only.; I136: Reproduce highest-consequence findings on an independent machine/operator and selected compatible upgrade tuple; 4.29 versus 4.30-rc2 is two local cached versions, not an upgrade migration.; I158: Replay cross-tool golden cases across selected compatible upgrades and explicitly test deletion of each workaround; local Lean 4.29/4.30-rc2 checks are separate within-version comparisons.",anneal-3730-lean-cross-version-equivalence-v4-29-v4-30-rc2-2026-09-29
M02,Minimal interactive upgrade checklist,I158,partial,partial,anneal-3730-aeneas-identity-manifest-2026-09-29,Mapped destination evidence is scoped by its report; this suggestion is not inferred complete from a partial destination.,I158: Replay cross-tool golden cases across selected compatible upgrades and explicitly test deletion of each workaround; local Lean 4.29/4.30-rc2 checks are separate within-version comparisons.,anneal-3730-lean-cross-version-equivalence-v4-29-v4-30-rc2-2026-09-29
M03,Charon upgrade checklist,I158,not-run,partial,anneal-3730-aeneas-identity-manifest-2026-09-29,No second Charon version was selected for an upgrade checklist execution.,I158: Replay cross-tool golden cases across selected compatible upgrades and explicitly test deletion of each workaround; local Lean 4.29/4.30-rc2 checks are separate within-version comparisons.,anneal-3730-lean-cross-version-equivalence-v4-29-v4-30-rc2-2026-09-29
M04,Aeneas upgrade checklist,I158,not-run,partial,anneal-3730-aeneas-identity-manifest-2026-09-29,No second Aeneas version was selected for an upgrade checklist execution.,I158: Replay cross-tool golden cases across selected compatible upgrades and explicitly test deletion of each workaround; local Lean 4.29/4.30-rc2 checks are separate within-version comparisons.,anneal-3730-lean-cross-version-equivalence-v4-29-v4-30-rc2-2026-09-29
M05,Golden replay across toolchain tuples,I136;I158,partial,partial;partial,anneal-3730-independent-vertical-reproduction-2026-09-29;anneal-3730-aeneas-identity-manifest-2026-09-29,Mapped destination evidence is scoped by its report; this suggestion is not inferred complete from a partial destination.,"I136: Reproduce highest-consequence findings on an independent machine/operator and selected compatible upgrade tuple; 4.29 versus 4.30-rc2 is two local cached versions, not an upgrade migration.; I158: Replay cross-tool golden cases across selected compatible upgrades and explicitly test deletion of each workaround; local Lean 4.29/4.30-rc2 checks are separate within-version comparisons.",anneal-3730-lean-cross-version-equivalence-v4-29-v4-30-rc2-2026-09-29
M06,Probes for deleting obsolete workarounds,I100;I142;I158,not-run,partial;partial;partial,anneal-3730-lake-prepared-contract-2026-09-29;anneal-3730-architecture-contracts-2026-09-29;anneal-3730-aeneas-identity-manifest-2026-09-29,No workaround-deletion probe was run on a compatible upgraded tuple.,"I100: Trace normalization and source-order mutations beyond one same-mtime stale-output control.; I142: Matched real-workload adoption gates for reuse, fine invalidation, incremental projection, shared broker and history; current toy topology gives mechanism/failure costs but no backend benefit.; I158: Replay cross-tool golden cases across selected compatible upgrades and explicitly test deletion of each workaround; local Lean 4.29/4.30-rc2 checks are separate within-version comparisons.",anneal-3730-lean-cross-version-equivalence-v4-29-v4-30-rc2-2026-09-29
N01,Challenge path-only identity,I159,partial,partial,anneal-3730-acceptance-oracle-matrix-2026-09-29;anneal-3730-architecture-contracts-2026-09-29,Mapped destination evidence is scoped by its report; this suggestion is not inferred complete from a partial destination.,"I159: Continue N01–N12 simple-alternative controls in a real integrated harness, especially generated-proof ownership and native shared-writer conflict; new source/import refresh and model counterexamples remain bounded.",anneal-3730-lean-cross-version-equivalence-v4-29-v4-30-rc2-2026-09-29;anneal-3730-lean-launch-refresh-matrix-v4-30-0-rc2
N02,Challenge document-version-only identity,I159,partial,partial,anneal-3730-acceptance-oracle-matrix-2026-09-29;anneal-3730-architecture-contracts-2026-09-29,Mapped destination evidence is scoped by its report; this suggestion is not inferred complete from a partial destination.,"I159: Continue N01–N12 simple-alternative controls in a real integrated harness, especially generated-proof ownership and native shared-writer conflict; new source/import refresh and model counterexamples remain bounded.",anneal-3730-lean-cross-version-equivalence-v4-29-v4-30-rc2-2026-09-29;anneal-3730-lean-launch-refresh-matrix-v4-30-0-rc2
N03,Try supported refresh without restart,I159,partial,partial,anneal-3730-acceptance-oracle-matrix-2026-09-29;anneal-3730-architecture-contracts-2026-09-29,"Watcher, new-file open, close/reopen and fresh worker were tried in three supported launch modes; already-open worker stayed stale in this fixture.","I159: Continue N01–N12 simple-alternative controls in a real integrated harness, especially generated-proof ownership and native shared-writer conflict; new source/import refresh and model counterexamples remain bounded.",anneal-3730-lean-cross-version-equivalence-v4-29-v4-30-rc2-2026-09-29;anneal-3730-lean-launch-refresh-matrix-v4-30-0-rc2
N04,Try one server for conflicting workspaces,I159,partial,partial,anneal-3730-acceptance-oracle-matrix-2026-09-29;anneal-3730-architecture-contracts-2026-09-29,Mapped destination evidence is scoped by its report; this suggestion is not inferred complete from a partial destination.,"I159: Continue N01–N12 simple-alternative controls in a real integrated harness, especially generated-proof ownership and native shared-writer conflict; new source/import refresh and model counterexamples remain bounded.",anneal-3730-lean-cross-version-equivalence-v4-29-v4-30-rc2-2026-09-29;anneal-3730-lean-launch-refresh-matrix-v4-30-0-rc2
N05,Try shared writable generated build state,I159,partial,partial,anneal-3730-acceptance-oracle-matrix-2026-09-29;anneal-3730-architecture-contracts-2026-09-29,Mapped destination evidence is scoped by its report; this suggestion is not inferred complete from a partial destination.,"I159: Continue N01–N12 simple-alternative controls in a real integrated harness, especially generated-proof ownership and native shared-writer conflict; new source/import refresh and model counterexamples remain bounded.",anneal-3730-lean-cross-version-equivalence-v4-29-v4-30-rc2-2026-09-29;anneal-3730-lean-launch-refresh-matrix-v4-30-0-rc2
N06,Try artifact-cache-only reconstruction,I159,partial,partial,anneal-3730-acceptance-oracle-matrix-2026-09-29;anneal-3730-architecture-contracts-2026-09-29,Mapped destination evidence is scoped by its report; this suggestion is not inferred complete from a partial destination.,"I159: Continue N01–N12 simple-alternative controls in a real integrated harness, especially generated-proof ownership and native shared-writer conflict; new source/import refresh and model counterexamples remain bounded.",anneal-3730-lean-cross-version-equivalence-v4-29-v4-30-rc2-2026-09-29;anneal-3730-lean-launch-refresh-matrix-v4-30-0-rc2
N07,Try renaming a prepared generation,I159,partial,partial,anneal-3730-acceptance-oracle-matrix-2026-09-29;anneal-3730-architecture-contracts-2026-09-29,Mapped destination evidence is scoped by its report; this suggestion is not inferred complete from a partial destination.,"I159: Continue N01–N12 simple-alternative controls in a real integrated harness, especially generated-proof ownership and native shared-writer conflict; new source/import refresh and model counterexamples remain bounded.",anneal-3730-lean-cross-version-equivalence-v4-29-v4-30-rc2-2026-09-29;anneal-3730-lean-launch-refresh-matrix-v4-30-0-rc2
N08,Try generated Lean as canonical proof source,I159,not-run,partial,anneal-3730-acceptance-oracle-matrix-2026-09-29;anneal-3730-architecture-contracts-2026-09-29,No real generated-Lean-as-canonical-proof-source ownership experiment was run.,"I159: Continue N01–N12 simple-alternative controls in a real integrated harness, especially generated-proof ownership and native shared-writer conflict; new source/import refresh and model counterexamples remain bounded.",anneal-3730-lean-cross-version-equivalence-v4-29-v4-30-rc2-2026-09-29;anneal-3730-lean-launch-refresh-matrix-v4-30-0-rc2
N09,Try span-only editable-range recovery,I159,partial,partial,anneal-3730-acceptance-oracle-matrix-2026-09-29;anneal-3730-architecture-contracts-2026-09-29,Mapped destination evidence is scoped by its report; this suggestion is not inferred complete from a partial destination.,"I159: Continue N01–N12 simple-alternative controls in a real integrated harness, especially generated-proof ownership and native shared-writer conflict; new source/import refresh and model counterexamples remain bounded.",anneal-3730-lean-cross-version-equivalence-v4-29-v4-30-rc2-2026-09-29;anneal-3730-lean-launch-refresh-matrix-v4-30-0-rc2
N10,Challenge universal proof-only bypass,I159,partial,partial,anneal-3730-acceptance-oracle-matrix-2026-09-29;anneal-3730-architecture-contracts-2026-09-29,Mapped destination evidence is scoped by its report; this suggestion is not inferred complete from a partial destination.,"I159: Continue N01–N12 simple-alternative controls in a real integrated harness, especially generated-proof ownership and native shared-writer conflict; new source/import refresh and model counterexamples remain bounded.",anneal-3730-lean-cross-version-equivalence-v4-29-v4-30-rc2-2026-09-29;anneal-3730-lean-launch-refresh-matrix-v4-30-0-rc2
N11,Challenge no-goals-as-success,I159,complete,partial,anneal-3730-acceptance-oracle-matrix-2026-09-29;anneal-3730-architecture-contracts-2026-09-29,"Weak, admitted, axiom and missing-obligation controls falsify no-goals-as-acceptance for the Lean-level claim; Rust-level coverage remains a separate investigation.",No residual for Lean-level no-goals falsification; Rust/Anneal coverage remains under I129/I137/I159.,anneal-3730-lean-cross-version-equivalence-v4-29-v4-30-rc2-2026-09-29;anneal-3730-lean-launch-refresh-matrix-v4-30-0-rc2
N12,Challenge cancellation-only freshness,I159,partial,partial,anneal-3730-acceptance-oracle-matrix-2026-09-29;anneal-3730-architecture-contracts-2026-09-29,Mapped destination evidence is scoped by its report; this suggestion is not inferred complete from a partial destination.,"I159: Continue N01–N12 simple-alternative controls in a real integrated harness, especially generated-proof ownership and native shared-writer conflict; new source/import refresh and model counterexamples remain bounded.",anneal-3730-lean-cross-version-equivalence-v4-29-v4-30-rc2-2026-09-29;anneal-3730-lean-launch-refresh-matrix-v4-30-0-rc2
O01,Synthesize state machine and invariants,I144,partial,partial,anneal-3730-acceptance-oracle-matrix-2026-09-29;anneal-3730-architecture-contracts-2026-09-29,Mapped destination evidence is scoped by its report; this suggestion is not inferred complete from a partial destination.,"I144: After remaining real integration/workload evidence, synthesize explicit v2 interface choices and smallest regression probes; new decision ledgers do not adopt a design.",
O02,Synthesize invalidation matrix,I144,partial,partial,anneal-3730-acceptance-oracle-matrix-2026-09-29;anneal-3730-architecture-contracts-2026-09-29,Mapped destination evidence is scoped by its report; this suggestion is not inferred complete from a partial destination.,"I144: After remaining real integration/workload evidence, synthesize explicit v2 interface choices and smallest regression probes; new decision ledgers do not adopt a design.",
O03,Synthesize stable/ephemeral identity model,I144;I145,partial,partial;partial,anneal-3730-acceptance-oracle-matrix-2026-09-29;anneal-3730-architecture-contracts-2026-09-29,Mapped destination evidence is scoped by its report; this suggestion is not inferred complete from a partial destination.,"I144: After remaining real integration/workload evidence, synthesize explicit v2 interface choices and smallest regression probes; new decision ledgers do not adopt a design.; I145: Execute full identity ablation through actual Cargo→Charon→Aeneas→Lake→Lean→MCP responses; finite counterexamples cover four weakened tokens and selected ABA schedules only.",anneal-3730-identity-state-mutation-model-2026-09-29
O04,Synthesize ownership/projection contract,I144,partial,partial,anneal-3730-acceptance-oracle-matrix-2026-09-29;anneal-3730-architecture-contracts-2026-09-29,Mapped destination evidence is scoped by its report; this suggestion is not inferred complete from a partial destination.,"I144: After remaining real integration/workload evidence, synthesize explicit v2 interface choices and smallest regression probes; new decision ledgers do not adopt a design.",
O05,Synthesize prepared producer/consumer contract,I144;I150,partial,partial;partial,anneal-3730-acceptance-oracle-matrix-2026-09-29;anneal-3730-architecture-contracts-2026-09-29;anneal-3730-lake-prepared-contract-2026-09-29,Mapped destination evidence is scoped by its report; this suggestion is not inferred complete from a partial destination.,"I144: After remaining real integration/workload evidence, synthesize explicit v2 interface choices and smallest regression probes; new decision ledgers do not adopt a design.; I150: Complete operation-specific prepared archive inputs for lake serve/setup-file/InfoView/RPC/native plugin under read-only consumption; this tiny Lake/plugin matrix covers selected paths.",anneal-3730-lake-plugin-artifact-identity-v4-30-0-rc2
O06,Synthesize exact proof-query contract,I144,partial,partial,anneal-3730-acceptance-oracle-matrix-2026-09-29;anneal-3730-architecture-contracts-2026-09-29,Mapped destination evidence is scoped by its report; this suggestion is not inferred complete from a partial destination.,"I144: After remaining real integration/workload evidence, synthesize explicit v2 interface choices and smallest regression probes; new decision ledgers do not adopt a design.",
O07,Synthesize MCP semantic API,I144,partial,partial,anneal-3730-acceptance-oracle-matrix-2026-09-29;anneal-3730-architecture-contracts-2026-09-29,Mapped destination evidence is scoped by its report; this suggestion is not inferred complete from a partial destination.,"I144: After remaining real integration/workload evidence, synthesize explicit v2 interface choices and smallest regression probes; new decision ledgers do not adopt a design.",
O08,Synthesize LSP semantic API,I144,partial,partial,anneal-3730-acceptance-oracle-matrix-2026-09-29;anneal-3730-architecture-contracts-2026-09-29,Mapped destination evidence is scoped by its report; this suggestion is not inferred complete from a partial destination.,"I144: After remaining real integration/workload evidence, synthesize explicit v2 interface choices and smallest regression probes; new decision ledgers do not adopt a design.",
O09,Synthesize measured test-resource architecture,I144,partial,partial,anneal-3730-acceptance-oracle-matrix-2026-09-29;anneal-3730-architecture-contracts-2026-09-29,Mapped destination evidence is scoped by its report; this suggestion is not inferred complete from a partial destination.,"I144: After remaining real integration/workload evidence, synthesize explicit v2 interface choices and smallest regression probes; new decision ledgers do not adopt a design.",
O10,Synthesize batch/live equivalence contract,I144,partial,partial,anneal-3730-acceptance-oracle-matrix-2026-09-29;anneal-3730-architecture-contracts-2026-09-29,Mapped destination evidence is scoped by its report; this suggestion is not inferred complete from a partial destination.,"I144: After remaining real integration/workload evidence, synthesize explicit v2 interface choices and smallest regression probes; new decision ledgers do not adopt a design.",
