package,relative_file,bytes,sha256,inspection,detail
anneal-3730-annotation-subject-boundary-matrix-2026-09-29,REPORT.json,1344,cd2d0ca352b9fc05b4e571cdffee45f200e77cf3dd4a0b7724186cd2d4753784,json,parsed
anneal-3730-annotation-subject-boundary-matrix-2026-09-29,REPORT.md,10600,583d625357e0ac6f8e4b5fc0d92de715b065a1ab63b5534a67f33c7fcd0caf71,utf8,57 lines
anneal-3730-annotation-subject-boundary-matrix-2026-09-29,support/artifacts/baseline-lib.llbc,19346,44d26e288b3b942bbd57b2386c0c48bfca90dcef15b4cfe9a35396d7fa7029c8,utf8,0 lines
anneal-3730-annotation-subject-boundary-matrix-2026-09-29,support/artifacts/baseline-selected.llbc,21221,316693e8f44f5dda1c8d281d69da56fdb0bfc4ceb247912f2001f4aaa86068f4,utf8,0 lines
anneal-3730-annotation-subject-boundary-matrix-2026-09-29,support/artifacts/baseline-tests.llbc,221185,a9502b964d899ad8908eb850806a9b8440453cb77bf54899b7c960f11af6875e,utf8,0 lines
anneal-3730-annotation-subject-boundary-matrix-2026-09-29,support/artifacts/baseline.lean,284,011f71a365c1ff7aa1ebfdde91ce522d731113d4646eac869f68961757fe02e0,utf8,13 lines
anneal-3730-annotation-subject-boundary-matrix-2026-09-29,support/artifacts/baseline.rmeta,5773,23ef9087bf4576115f50b7605bdd63961c3fed72ee38bce3a76326659c30c502,binary,opaque
anneal-3730-annotation-subject-boundary-matrix-2026-09-29,support/artifacts/duplicated-lib.llbc,21709,10b92cbdd0b5e655d33653c6d9054dafe51b9d1dd0d827acb37556112d57dcfd,utf8,0 lines
anneal-3730-annotation-subject-boundary-matrix-2026-09-29,support/artifacts/duplicated.lean,351,58f3ee2a0c2a3e357a22e3cbd66997d879251a28a555311b5ff5957e5d48ccca,utf8,16 lines
anneal-3730-annotation-subject-boundary-matrix-2026-09-29,support/artifacts/duplicated.rmeta,6416,974864b47804168a076621e084385f8b5add92fc8329372da748ad27afc6e893,binary,opaque
anneal-3730-annotation-subject-boundary-matrix-2026-09-29,support/artifacts/malformed.lean,284,011f71a365c1ff7aa1ebfdde91ce522d731113d4646eac869f68961757fe02e0,utf8,13 lines
anneal-3730-annotation-subject-boundary-matrix-2026-09-29,support/artifacts/moved-lib.llbc,19387,70863b4231549fa13236418b66d37fd29b2b92bfa6b24f15f4a78d71f69f32fc,utf8,0 lines
anneal-3730-annotation-subject-boundary-matrix-2026-09-29,support/artifacts/moved.lean,294,79951883502b2e0d577b7da9e18d71c58c6ed55e61343b4e11850f3ba4b720d0,utf8,13 lines
anneal-3730-annotation-subject-boundary-matrix-2026-09-29,support/artifacts/moved.rmeta,5812,ff1774002287338fe41d2eb5b09c55c8df64671c37765a6d15834f1c57fbf81e,binary,opaque
anneal-3730-annotation-subject-boundary-matrix-2026-09-29,support/artifacts/proof-edit.lean,290,501ae72dd408d3ff8b7ec44de38a6d657b15f78650d02bdc9d2f933cd17ed0af,utf8,13 lines
anneal-3730-annotation-subject-boundary-matrix-2026-09-29,support/artifacts/proof-edit.rmeta,5785,22edf61bacbe73ff2c966b97f4f0d5b4cf8d41a3810c09a6daae584ad58aca69,binary,opaque
anneal-3730-annotation-subject-boundary-matrix-2026-09-29,support/artifacts/unfinished.lean,284,011f71a365c1ff7aa1ebfdde91ce522d731113d4646eac869f68961757fe02e0,utf8,13 lines
anneal-3730-annotation-subject-boundary-matrix-2026-09-29,support/artifacts/unfinished.rmeta,5909,20d5b245dd9ee7244c4107dff1ca67cab85034d32be09ef351d19582edeb3945,binary,opaque
anneal-3730-annotation-subject-boundary-matrix-2026-09-29,support/attachment-manifest.json,7257,82626015b38978eaa5f23043908b67807c1719b02592525191b4ce009d285a90,json,parsed
anneal-3730-annotation-subject-boundary-matrix-2026-09-29,support/check.py,4050,4bc4625d763b738528d62b0219ddf34d34303229900aa5e47faaed6a17ee9a56,utf8,63 lines
anneal-3730-annotation-subject-boundary-matrix-2026-09-29,support/probe.py,10287,d600c58b12e0f2b95aeb1194780e396725024de16d7ee58d1066f30de6b3de71,utf8,181 lines
anneal-3730-annotation-subject-boundary-matrix-2026-09-29,support/raw-results.json,61761,c9d05f4aa650c6f5a8caa105eedcc63c6b49b6692ba455d6f55975b594029888,json,parsed
anneal-3730-annotation-subject-boundary-matrix-2026-09-29,support/summary.json,1684,9658ca84a43a0c9687cb9fdc95ea447de8fa846fd1a70e13e893d2cd2b40bff8,json,parsed
anneal-3730-annotation-subject-boundary-matrix-2026-09-29,support/versions/baseline.rs,1141,bd5710e84b9c443b5a599f41ec06f559aa9d2ec41b21b6fa992cf9260885a0fb,utf8,49 lines
anneal-3730-annotation-subject-boundary-matrix-2026-09-29,support/versions/duplicated.rs,1360,b82e0671b6877cb2ae306f4fd5901cb1c459a78bf08a1be12075bdf3c885daa0,utf8,59 lines
anneal-3730-annotation-subject-boundary-matrix-2026-09-29,support/versions/malformed.rs,1140,27fd9091baadd964c8b90e7c170c769760f5d64f78b8d2166138dcbb064fd90d,utf8,49 lines
anneal-3730-annotation-subject-boundary-matrix-2026-09-29,support/versions/moved.rs,1157,e7ba11a2710c8ed56fd8324fe6cbfdf44697a54e7ccfe1764478979fd1907a95,utf8,50 lines
anneal-3730-annotation-subject-boundary-matrix-2026-09-29,support/versions/proof-edit.rs,1147,8bc4966accac12447b24e4e5ae9ed5e19054e791882bf241f63e21a05029d9bc,utf8,49 lines
anneal-3730-annotation-subject-boundary-matrix-2026-09-29,support/versions/unfinished.rs,1206,9d05a375fc7482dadd222c117fcf4a0769668d8fdd6ca14ecb4b899d9617195b,utf8,52 lines
anneal-3730-annotation-subject-boundary-matrix-2026-09-29,support/work/fixture/Cargo.lock,169,4da4e4b117f5f630266a202dd55c855f524a29c55377026dd21c84230047c594,utf8,7 lines
anneal-3730-annotation-subject-boundary-matrix-2026-09-29,support/work/fixture/Cargo.toml,138,a8778d12502a555156c9f17632079f34e284abb9b8c9d197dba6a50f7bb59cfc,utf8,9 lines
anneal-3730-annotation-subject-boundary-matrix-2026-09-29,support/work/fixture/build.rs,436,3ba72ac7abf6f2d60240000749b952f986256ee29edc85194d365808ebdcee3c,utf8,11 lines
anneal-3730-annotation-subject-boundary-matrix-2026-09-29,support/work/fixture/examples/observe.rs,121,9f9c1527c1bfeb2a552ea4a0b41e7e814910466dd2ce1034f1a692a5f3a11f8b,utf8,1 lines
anneal-3730-annotation-subject-boundary-matrix-2026-09-29,support/work/fixture/src/lib.rs,1141,bd5710e84b9c443b5a599f41ec06f559aa9d2ec41b21b6fa992cf9260885a0fb,utf8,49 lines
anneal-3730-charon-concurrency-interruption-2026-09-29,REPORT.json,1114,a31e8450072c454222dafb40a88eb9e73c7aa765b560163257e2e17a4cace959,json,parsed
anneal-3730-charon-concurrency-interruption-2026-09-29,REPORT.md,11788,8ff7a0289cd99a7d0d9e3343c9e6464f7244f8108999f8ac29e38a31f6bcdcea,utf8,66 lines
anneal-3730-charon-concurrency-interruption-2026-09-29,support/analyze.py,7677,553899e895c8fb6ab1300292bcf0e825b387d27990350046f97b80637b5a6d02,utf8,113 lines
anneal-3730-charon-concurrency-interruption-2026-09-29,support/artifacts/cargo-collision-0.llbc,11315,ce79338cde777f2e4ec6cfca25eff0746532867e7dbe45ec92d498e3069690da,utf8,0 lines
anneal-3730-charon-concurrency-interruption-2026-09-29,support/artifacts/cargo-collision-1.llbc,11315,1345372295eb78164e6c41b97751ce5c7649f0acd9930043a20d607e1d9b5afe,utf8,0 lines
anneal-3730-charon-concurrency-interruption-2026-09-29,support/artifacts/cargo-collision-2.llbc,11315,a3f7587f0ca4d0075efa30de8847e894a1da1b7fd9b3c686be181925a1533c93,utf8,0 lines
anneal-3730-charon-concurrency-interruption-2026-09-29,support/artifacts/cargo-distinct-alpha.llbc,11313,df9092840c4652716be93a55206c9c4de2d44f165df7ae88307b7566fccb6b7b,utf8,0 lines
anneal-3730-charon-concurrency-interruption-2026-09-29,support/artifacts/cargo-distinct-beta.llbc,11301,56e4826d5765d567327d13ab83ea9a00b709a7db71aa42d062fab8d43e7bc64d,utf8,0 lines
anneal-3730-charon-concurrency-interruption-2026-09-29,support/artifacts/direct-collision-0.llbc,11392,e3f5d69ff85d070a3a1c0e7cb507ffdeaff271937f4338c0abfd324c2f385fb4,utf8,0 lines
anneal-3730-charon-concurrency-interruption-2026-09-29,support/artifacts/direct-collision-1.llbc,11392,66b15e53f2be2f78fbc5322b920ce19c8e918cd6819105ba6cee6ae7ea3057dd,utf8,0 lines
anneal-3730-charon-concurrency-interruption-2026-09-29,support/artifacts/direct-collision-2.llbc,11380,033683671a43085ceb6256a15c8802530790fab31557f360b4bee0d2ba56e7f5,utf8,0 lines
anneal-3730-charon-concurrency-interruption-2026-09-29,support/artifacts/direct-collision-3.llbc,11392,d73d8012b284e3c5ed7cbcf70ffdc5e6e0d24ab810d82a9a21422153e7dd41fd,utf8,0 lines
anneal-3730-charon-concurrency-interruption-2026-09-29,support/artifacts/direct-collision-4.llbc,11392,c0185534b234f829e6d88bb729d6d67c5148db424875ce7779504334076c241f,utf8,0 lines
anneal-3730-charon-concurrency-interruption-2026-09-29,support/artifacts/direct-collision-5.llbc,11392,c0185534b234f829e6d88bb729d6d67c5148db424875ce7779504334076c241f,utf8,0 lines
anneal-3730-charon-concurrency-interruption-2026-09-29,support/artifacts/direct-distinct-alpha.llbc,11390,9f80d9f7c179c86ecda2313fb11b9b141e36a59d01a209f2d9116f8968d7ba80,utf8,0 lines
anneal-3730-charon-concurrency-interruption-2026-09-29,support/artifacts/direct-distinct-beta.llbc,11377,993d53a450adb8d0ad376f217fdbe20b3b370b06f6c1369c4b3c48e94452f75c,utf8,0 lines
anneal-3730-charon-concurrency-interruption-2026-09-29,support/artifacts/fifo-interrupted-prefix.bin,8185,f57a1140086a74c5f2c3bcf539424a37c103846fdcecaaa03a89763b31eab063,utf8,0 lines
anneal-3730-charon-concurrency-interruption-2026-09-29,support/artifacts/interrupted-first-complete.llbc,11394,6425124eb0020595b8630d5363e7da915c7214dc9f37e24ef83327cb0889cbca,utf8,0 lines
anneal-3730-charon-concurrency-interruption-2026-09-29,support/artifacts/interrupted-retry.llbc,11394,8738ac3172d72f983f1f1eb68913c871b349cc3e554d074a0af98eaeb3cc8402,utf8,0 lines
anneal-3730-charon-concurrency-interruption-2026-09-29,support/artifacts/interrupted-retry.llbc.postcard,1962,b7566ea60e91248153ae2845fc048071e0daa5ab158be68ada679ac1cd209aad,binary,opaque
anneal-3730-charon-concurrency-interruption-2026-09-29,support/artifacts/multi-collision-0.llbc,11386,1af1b25a8f6638d7d390d81815d21659dd57b3bc671aa559b853835d3cfb4636,utf8,0 lines
anneal-3730-charon-concurrency-interruption-2026-09-29,support/artifacts/multi-collision-0.llbc.postcard,1954,a707dccc630423d079e51117468df386d90ed4f146745c967dc327d851ec487d,binary,opaque
anneal-3730-charon-concurrency-interruption-2026-09-29,support/artifacts/multi-collision-1.llbc,11386,c85358db789adcaf4b622238d229c0ff3830139d3aa9e6470100ede2313723a8,utf8,0 lines
anneal-3730-charon-concurrency-interruption-2026-09-29,support/artifacts/multi-collision-1.llbc.postcard,1954,7d6db7ccd7dc48edb0b5808f002d5ddaa83ad9d86927c7bc67cc6cd992706656,binary,opaque
anneal-3730-charon-concurrency-interruption-2026-09-29,support/artifacts/multi-collision-2.llbc,11386,ea76e2fa6ae49d786ec54e327132fe4c72a0b98a1ade64ce8bea6e67fe67a02b,utf8,0 lines
anneal-3730-charon-concurrency-interruption-2026-09-29,support/artifacts/multi-collision-2.llbc.postcard,1954,bc4dc4b4cf6dced0b30e138bbe2511b169fc6ecceac7f197954b6eedd9bb8dc4,binary,opaque
anneal-3730-charon-concurrency-interruption-2026-09-29,support/artifacts/multi-collision-3.llbc,11386,fb2da9594faba846316b6d794f3b74e855c94da194299ff70aeeb54e64e2e293,utf8,0 lines
anneal-3730-charon-concurrency-interruption-2026-09-29,support/artifacts/multi-collision-3.llbc.postcard,1954,9aaf394b1cdf249e025babf984ecfcf53cea8161145cfe5001e6f69d3ddc433b,binary,opaque
anneal-3730-charon-concurrency-interruption-2026-09-29,support/artifacts/multi-collision-4.llbc,11386,03db65c39704583e7f4bae1afbab0c2e752b65d21f9ddfefdd76f37063aa3f0b,utf8,0 lines
anneal-3730-charon-concurrency-interruption-2026-09-29,support/artifacts/multi-collision-4.llbc.postcard,1942,a8916008303fcd3579c873cdef85260968df7d90bdaefe09c2f0a88a6a49973d,binary,opaque
anneal-3730-charon-concurrency-interruption-2026-09-29,support/artifacts/restart-alpha-0.llbc,11391,1ee92d10d72954568e0f9732ed5d5d7d6db2f2ab6d8b9429660d7f7ef6e5d7f1,utf8,0 lines
anneal-3730-charon-concurrency-interruption-2026-09-29,support/artifacts/restart-alpha-1.llbc,11391,7805baf5010664ef00de59a63fe0ae09649aaff593bec811a430a5b47da9af71,utf8,0 lines
anneal-3730-charon-concurrency-interruption-2026-09-29,support/artifacts/retry-complete.llbc,964527,d6c22141b5c445c040a0b4f70ae013b38325d84a10b3f0c45258de88eadc1d67,utf8,0 lines
anneal-3730-charon-concurrency-interruption-2026-09-29,support/artifacts/stale-after-failed.llbc,11388,6de2fd7b4e4db63bf445282d197353d1bfcc259993b6349f74ee9bf1c848e4c0,utf8,0 lines
anneal-3730-charon-concurrency-interruption-2026-09-29,support/artifacts/variant-flag-off.llbc,11457,07bb8885716f87699953c446ec36189f96f0864c86549c0571c4d55d0dd2524c,utf8,0 lines
anneal-3730-charon-concurrency-interruption-2026-09-29,support/artifacts/variant-flag-on.llbc,14848,029ecd0ee69c0c2716f441eb375aab2761ef0ce0b3a3c2e85e32bba1743ebe7b,utf8,0 lines
anneal-3730-charon-concurrency-interruption-2026-09-29,support/artifacts/variant-reordered.llbc,11404,d12521a4fe1e61b617484b44b6b8e409a7d466c7b9740e64a8e833f3adf13afb,utf8,0 lines
anneal-3730-charon-concurrency-interruption-2026-09-29,support/probe.py,21233,bf8867ed0d0da1719c39fb963c3f15896901cae7af73c544145cc568b8d0565f,utf8,396 lines
anneal-3730-charon-concurrency-interruption-2026-09-29,support/results.json,137090,14b79f1b2456174600ac83707527030634f47953acf6719651dd7b3325dfd9b9,json,parsed
anneal-3730-charon-concurrency-interruption-2026-09-29,support/summary.json,13451,9a818d56e418fc2fe1ee5c5111a7ab15881c38802fafe2205a5efd54f164f6b2,json,parsed
anneal-3730-charon-warm-target-controls-2026-09-29,REPORT.json,1026,fe667349c908f3eea85646afea39bf0485bed4707a18adb6467679ada95e7184,json,parsed
anneal-3730-charon-warm-target-controls-2026-09-29,REPORT.md,11160,70405c2719a2a68f44422dff4246ca9ab90615b00666e75333c9e49695af2cdd,utf8,67 lines
anneal-3730-charon-warm-target-controls-2026-09-29,support/artifacts/absent.llbc,24288,496cbf92058024f7f7b4c4f56052a9d91b06e89afde57633905b645d8528d76a,utf8,0 lines
anneal-3730-charon-warm-target-controls-2026-09-29,support/artifacts/cases/origin-A-after-plain-cargo-warm.llbc,24300,8beb8ab35c56bb111264632f770d8e4eb03ce949f874123cab54c5f72d85a557,utf8,0 lines
anneal-3730-charon-warm-target-controls-2026-09-29,support/artifacts/cases/origin-A-cold.llbc,24289,5ff884acfea0a02310d3db5ea2d34addce1e64febc2b15a306c5072427a955e3,utf8,0 lines
anneal-3730-charon-warm-target-controls-2026-09-29,support/artifacts/cases/origin-A-restored-warm.llbc,24290,04a3f59b3630ded79a609ad925de1a50591c7a424ae97e78fe71987bf0236dd5,utf8,0 lines
anneal-3730-charon-warm-target-controls-2026-09-29,support/artifacts/cases/origin-A-separate-cold.llbc,24297,9f967e9c384655109408cf0af5df52b868ed725fb18d7e7368dcdfe0f72de2f9,utf8,0 lines
anneal-3730-charon-warm-target-controls-2026-09-29,support/artifacts/cases/origin-A-separate-warm.llbc,24302,d51e877455a91f968fd9cac4a14d5f364348334995c2160155fc88201c11dbf8,utf8,0 lines
anneal-3730-charon-warm-target-controls-2026-09-29,support/artifacts/cases/origin-A-warm-absent.llbc,24288,496cbf92058024f7f7b4c4f56052a9d91b06e89afde57633905b645d8528d76a,utf8,0 lines
anneal-3730-charon-warm-target-controls-2026-09-29,support/artifacts/cases/origin-A-warm-sentinel.llbc,24289,8b3e1323c1aae407737d3452da064c992c884dc43c3c67f1aee1a6d7579a983f,utf8,0 lines
anneal-3730-charon-warm-target-controls-2026-09-29,support/artifacts/cases/origin-B-cold.llbc,24309,c508c61b12ccd341df419b7b8d589e83f6138eb539fc9d133dd0a90255ec08a7,utf8,0 lines
anneal-3730-charon-warm-target-controls-2026-09-29,support/artifacts/cases/shadow-B-cold.llbc,24305,4800d6ba2ca304fbb0d1291d08856769850d59d5517393fce26eeaf39fe74d7f,utf8,0 lines
anneal-3730-charon-warm-target-controls-2026-09-29,support/artifacts/cases/shadow-B-shared-target.llbc,24310,059c49d47589051812ac35c72a2ba8e18318ba0cf5d5c6f0ced8404fc1f36cee,utf8,0 lines
anneal-3730-charon-warm-target-controls-2026-09-29,support/artifacts/current.llbc,24289,8b3e1323c1aae407737d3452da064c992c884dc43c3c67f1aee1a6d7579a983f,utf8,0 lines
anneal-3730-charon-warm-target-controls-2026-09-29,support/artifacts/failed-old.llbc,24289,8b3e1323c1aae407737d3452da064c992c884dc43c3c67f1aee1a6d7579a983f,utf8,0 lines
anneal-3730-charon-warm-target-controls-2026-09-29,support/artifacts/origin-B.llbc,24309,c508c61b12ccd341df419b7b8d589e83f6138eb539fc9d133dd0a90255ec08a7,utf8,0 lines
anneal-3730-charon-warm-target-controls-2026-09-29,support/artifacts/prewarmed.llbc,24300,8beb8ab35c56bb111264632f770d8e4eb03ce949f874123cab54c5f72d85a557,utf8,0 lines
anneal-3730-charon-warm-target-controls-2026-09-29,support/artifacts/restored.llbc,24290,04a3f59b3630ded79a609ad925de1a50591c7a424ae97e78fe71987bf0236dd5,utf8,0 lines
anneal-3730-charon-warm-target-controls-2026-09-29,support/artifacts/separate-warm.llbc,24302,d51e877455a91f968fd9cac4a14d5f364348334995c2160155fc88201c11dbf8,utf8,0 lines
anneal-3730-charon-warm-target-controls-2026-09-29,support/artifacts/separate.llbc,24297,9f967e9c384655109408cf0af5df52b868ed725fb18d7e7368dcdfe0f72de2f9,utf8,0 lines
anneal-3730-charon-warm-target-controls-2026-09-29,support/artifacts/shadow-B.llbc,24305,4800d6ba2ca304fbb0d1291d08856769850d59d5517393fce26eeaf39fe74d7f,utf8,0 lines
anneal-3730-charon-warm-target-controls-2026-09-29,support/artifacts/shadow-shared.llbc,24310,059c49d47589051812ac35c72a2ba8e18318ba0cf5d5c6f0ced8404fc1f36cee,utf8,0 lines
anneal-3730-charon-warm-target-controls-2026-09-29,support/fixture/origin/Cargo.lock,235,d96950e53ac03685d77feada85aebd69db88b33911ac8d05ff08df9f64eba281,utf8,14 lines
anneal-3730-charon-warm-target-controls-2026-09-29,support/fixture/origin/Cargo.toml,52,379981794b8050c386d9df69d4c71a2c180d99bda5c37d0ddb9e3d4f94603627,utf8,3 lines
anneal-3730-charon-warm-target-controls-2026-09-29,support/fixture/origin/app/Cargo.toml,130,f221b98e1729a66047d75c03b58cd567630ed7f0e4cb312a1136170d1e2b11af,utf8,7 lines
anneal-3730-charon-warm-target-controls-2026-09-29,support/fixture/origin/app/build.rs,448,28d6b36abed6dfd0d3800edddb2df680dc3ac1fa003952ffef6c92250ac3b702,utf8,8 lines
anneal-3730-charon-warm-target-controls-2026-09-29,support/fixture/origin/app/src/lib.rs,334,bbe231375dfe3d5ae46a420067496a466ee223e8e2acb2aa54d0c931691d041e,utf8,7 lines
anneal-3730-charon-warm-target-controls-2026-09-29,support/fixture/origin/app/src/payload.txt,10,146360c3e22f640f436104e311637800ba29f2db2a73318b8972f10233ee6160,utf8,1 lines
anneal-3730-charon-warm-target-controls-2026-09-29,support/fixture/origin/dep/Cargo.toml,63,9abbe6a77153317ef6513d0cbb24e66b6e5a0cd7254a7ecdf3c1e72224547239,utf8,4 lines
anneal-3730-charon-warm-target-controls-2026-09-29,support/fixture/origin/dep/src/lib.rs,50,6eb2539f1956735276e0b3a22ba5ac36b7a6b2a6d274e1119ccc074b81df44f7,utf8,1 lines
anneal-3730-charon-warm-target-controls-2026-09-29,support/fixture/shadow-copy-longer/Cargo.lock,235,d96950e53ac03685d77feada85aebd69db88b33911ac8d05ff08df9f64eba281,utf8,14 lines
anneal-3730-charon-warm-target-controls-2026-09-29,support/fixture/shadow-copy-longer/Cargo.toml,52,379981794b8050c386d9df69d4c71a2c180d99bda5c37d0ddb9e3d4f94603627,utf8,3 lines
anneal-3730-charon-warm-target-controls-2026-09-29,support/fixture/shadow-copy-longer/app/Cargo.toml,130,f221b98e1729a66047d75c03b58cd567630ed7f0e4cb312a1136170d1e2b11af,utf8,7 lines
anneal-3730-charon-warm-target-controls-2026-09-29,support/fixture/shadow-copy-longer/app/build.rs,448,28d6b36abed6dfd0d3800edddb2df680dc3ac1fa003952ffef6c92250ac3b702,utf8,8 lines
anneal-3730-charon-warm-target-controls-2026-09-29,support/fixture/shadow-copy-longer/app/src/lib.rs,334,a914b51cfdc4c71713d6f87ef297f281c6f43d917036aec207a8ab16679ec045,utf8,7 lines
anneal-3730-charon-warm-target-controls-2026-09-29,support/fixture/shadow-copy-longer/app/src/payload.txt,14,a154537a51ad3ca1a2922371610c939db2b10f64561f212f800fb0c34fefa86f,utf8,1 lines
anneal-3730-charon-warm-target-controls-2026-09-29,support/fixture/shadow-copy-longer/dep/Cargo.toml,63,9abbe6a77153317ef6513d0cbb24e66b6e5a0cd7254a7ecdf3c1e72224547239,utf8,4 lines
anneal-3730-charon-warm-target-controls-2026-09-29,support/fixture/shadow-copy-longer/dep/src/lib.rs,50,6eb2539f1956735276e0b3a22ba5ac36b7a6b2a6d274e1119ccc074b81df44f7,utf8,1 lines
anneal-3730-charon-warm-target-controls-2026-09-29,support/probe.py,14980,c9bc12936bf3dd34741f615eee0670457c5d22e156c750bfb6bc0c5bcdade665,utf8,245 lines
anneal-3730-charon-warm-target-controls-2026-09-29,support/results.json,212445,cbab1f2a121f0596e05cb071b07c6e6c5e4d3adcebae7478be6b29bf73da53a6,json,parsed
anneal-3730-charon-warm-target-controls-2026-09-29,support/versions/payload-A.txt,10,146360c3e22f640f436104e311637800ba29f2db2a73318b8972f10233ee6160,utf8,1 lines
anneal-3730-charon-warm-target-controls-2026-09-29,support/versions/payload-B.txt,14,a154537a51ad3ca1a2922371610c939db2b10f64561f212f800fb0c34fefa86f,utf8,1 lines
anneal-3730-charon-warm-target-controls-2026-09-29,support/versions/source-A.rs,334,bbe231375dfe3d5ae46a420067496a466ee223e8e2acb2aa54d0c931691d041e,utf8,7 lines
anneal-3730-charon-warm-target-controls-2026-09-29,support/versions/source-B.rs,334,a914b51cfdc4c71713d6f87ef297f281c6f43d917036aec207a8ab16679ec045,utf8,7 lines
anneal-3730-identity-state-mutation-model-2026-09-29,REPORT.json,513,3bce424cd8d54a453232d48389c7e68d39f5fba4d68dee90ef73e472a2465bf5,json,parsed
anneal-3730-identity-state-mutation-model-2026-09-29,REPORT.md,10977,e87b400faf50528ba988419907b559cf335e28b9f37955eda88b84a38d70d31b,utf8,65 lines
anneal-3730-identity-state-mutation-model-2026-09-29,support/__pycache__/model.cpython-314.pyc,25735,1b4a891ba8571bff9b326ea79f5ae3c3d3f97f2712c9d0b32a2130b05c043f13,binary,opaque
anneal-3730-identity-state-mutation-model-2026-09-29,support/check.py,3556,54aa3601eca5afb6550466efb368d0f4b67267c6cee948618f5b01f67b388a28,utf8,64 lines
anneal-3730-identity-state-mutation-model-2026-09-29,support/model.py,12202,ef8be2fe88cd027bcdc36cfcabc9b2ebb70fd8317a5525a2d1872afa8fd604ed,utf8,224 lines
anneal-3730-identity-state-mutation-model-2026-09-29,support/results.json,64577,0be6d62ae0fbbecdb7f776453001c9120d23df1fdd5f58a8bd62de686869c758,json,parsed
anneal-3730-identity-state-mutation-model-2026-09-29,support/state-space.json,2269284,1b663b5157d593e70475105e1810760ca6e0f4fe7c7885eb57e63700a30ca6e5,json,parsed
anneal-3730-lake-plugin-artifact-identity-v4-30-0-rc2,REPORT.json,749,9cf95bc9b6b0cf2519f5e5075cc19cb4dd9157cdb7a2bcd08fe752f95dcbd140,json,parsed
anneal-3730-lake-plugin-artifact-identity-v4-30-0-rc2,REPORT.md,8507,d1bb5b697b3754ac26b027b85f7c43fdb2177d851a300a83a79afbcb0de63047,utf8,49 lines
anneal-3730-lake-plugin-artifact-identity-v4-30-0-rc2,support/__pycache__/probe.cpython-314.pyc,21177,c9c236cc5a5aabebb5e5d1b887953b0865657ebed16f4d9e2555321c66af7b8c,binary,opaque
anneal-3730-lake-plugin-artifact-identity-v4-30-0-rc2,support/probe.py,10774,fb824c4a0549cd72ace1bc872152c5042438dff22df0afa532ab38e42abf48cc,utf8,150 lines
anneal-3730-lake-plugin-artifact-identity-v4-30-0-rc2,support/summarize.py,3191,ba5b568bddc5c50c451d4fe048b9f43ff0389c55df646b94d38fc2f0f907a6c1,utf8,53 lines
anneal-3730-lake-plugin-artifact-identity-v4-30-0-rc2,support/summary.json,2322,e68b996c41511407b0899f4065851f068bd705625f22d6c9c325f856b31f6f47,json,parsed
anneal-3730-lake-plugin-artifact-identity-v4-30-0-rc2,support/transcript.json,164577,9d26d845e404706a93e9ee5ff8a95261cb8fb54a553966b4d2a0299464c4b581,json,parsed
anneal-3730-lake-plugin-artifact-identity-v4-30-0-rc2,support/work/bad-abi-live/.lake/build/ir/Dep.c,15625,9547d9af626029335daf798fa79fb5f280ecc92b10a35639d1f05f1fe77231f3,utf8,154 lines
anneal-3730-lake-plugin-artifact-identity-v4-30-0-rc2,support/work/bad-abi-live/.lake/build/ir/Dep.c.hash,16,a6ea070c3c9b6c5a9f4fc311f607f5791a0ce679f544a69b7c658d4bc8cf4848,utf8,0 lines
anneal-3730-lake-plugin-artifact-identity-v4-30-0-rc2,support/work/bad-abi-live/.lake/build/ir/Dep.setup.json,130,cdbb8e8be8399a49f505d612c34b9706f69f5a715e4aff6d7eff4a621c727a41,json,parsed
anneal-3730-lake-plugin-artifact-identity-v4-30-0-rc2,support/work/bad-abi-live/.lake/build/ir/Plugin.c,4917,497fabfbed8bba8448a77aee21c39ebfdc2126694b68aec862d82ceacd4cbb48,utf8,108 lines
anneal-3730-lake-plugin-artifact-identity-v4-30-0-rc2,support/work/bad-abi-live/.lake/build/ir/Plugin.c.hash,16,4b090d25804ded40e55713cad405e30b63e0b23f287c96d39014ad70281603d9,utf8,0 lines
anneal-3730-lake-plugin-artifact-identity-v4-30-0-rc2,support/work/bad-abi-live/.lake/build/ir/Plugin.c.o.export,2896,4a3892fb48764c559b9749c8383e32662d9ddf22242a3a1dca8d88227628d809,binary,opaque
anneal-3730-lake-plugin-artifact-identity-v4-30-0-rc2,support/work/bad-abi-live/.lake/build/ir/Plugin.c.o.export.hash,16,93b25a0d0758c6f871a91e7986da6f5e915c2004847445cbfdae88ecd6600b23,utf8,0 lines
anneal-3730-lake-plugin-artifact-identity-v4-30-0-rc2,support/work/bad-abi-live/.lake/build/ir/Plugin.c.o.export.trace,1846,f44cf40dec720086b87555d2d63d6d029b094604e684b8d9aee633b74c841521,utf8,17 lines
anneal-3730-lake-plugin-artifact-identity-v4-30-0-rc2,support/work/bad-abi-live/.lake/build/ir/Plugin.setup.json,133,a7670e230f52f2443315d9f3ac91a79b26e6134fe0e744b462b506027d7c68b5,json,parsed
anneal-3730-lake-plugin-artifact-identity-v4-30-0-rc2,support/work/bad-abi-live/.lake/build/lib/lean/Dep.ilean,432,81fd8c87e825d6db65a3d3fe8c3a3665840964fd46ae527f09a7b5a83c533b6f,utf8,0 lines
anneal-3730-lake-plugin-artifact-identity-v4-30-0-rc2,support/work/bad-abi-live/.lake/build/lib/lean/Dep.ilean.hash,16,300a703662f923390b58f896fc2d60ab0ccee1efa5a419a5032c204ff1d4749b,utf8,0 lines
anneal-3730-lake-plugin-artifact-identity-v4-30-0-rc2,support/work/bad-abi-live/.lake/build/lib/lean/Dep.olean,46504,078123f009c35edce8716cda15d83568dfbcb60c8840a0b74c26d47213ae02f2,binary,opaque
anneal-3730-lake-plugin-artifact-identity-v4-30-0-rc2,support/work/bad-abi-live/.lake/build/lib/lean/Dep.olean.hash,16,d632e21d08286b3260d0478f002d67478e060b29879d5a68ff6617aec39ddb93,utf8,0 lines
anneal-3730-lake-plugin-artifact-identity-v4-30-0-rc2,support/work/bad-abi-live/.lake/build/lib/lean/Dep.trace,2672,5dafd4e59b069359492358021307bd77c0ba499b4e1b444dce510780f33eaa04,utf8,31 lines
anneal-3730-lake-plugin-artifact-identity-v4-30-0-rc2,support/work/bad-abi-live/.lake/build/lib/lean/Plugin.ilean,763,82241cf24036266c72649be59d4cee63edfd27c3fe60e3ba9ccb2c6bd5a1c24e,utf8,0 lines
anneal-3730-lake-plugin-artifact-identity-v4-30-0-rc2,support/work/bad-abi-live/.lake/build/lib/lean/Plugin.ilean.hash,16,d4778f8abb914d3cdb34c4d1e5ca1cab773e7ffe2fc5c8c1e5edbac94cab2f6c,utf8,0 lines
anneal-3730-lake-plugin-artifact-identity-v4-30-0-rc2,support/work/bad-abi-live/.lake/build/lib/lean/Plugin.olean,24008,739418e648a1cf83f40810e3231485396edf1bec5a06b01afb7bd98c4709b243,binary,opaque
anneal-3730-lake-plugin-artifact-identity-v4-30-0-rc2,support/work/bad-abi-live/.lake/build/lib/lean/Plugin.olean.hash,16,79b2c9247658bf09b56b2e560369e7e1d86a7fbbb3b3a95c0bb8d7f038f0b7cb,utf8,0 lines
anneal-3730-lake-plugin-artifact-identity-v4-30-0-rc2,support/work/bad-abi-live/.lake/build/lib/lean/Plugin.trace,2699,8736e5b7621572e55ca71990e235bccf88572ca775a28bc3b528ec71013d4af2,utf8,31 lines
anneal-3730-lake-plugin-artifact-identity-v4-30-0-rc2,support/work/bad-abi-live/.lake/build/lib/lean/plugin__probe_Plugin.dylib,50672,36444a43c5c5a9b0a4cb3d7f13d1e1922b13428afb30b858f746fccf142ea77b,binary,opaque
anneal-3730-lake-plugin-artifact-identity-v4-30-0-rc2,support/work/bad-abi-live/.lake/build/lib/lean/plugin__probe_Plugin.dylib.hash,16,5f8a7f2ef61ba71b79335cc4ab9f05d01dadc6d17e6eeeedc57965f068252823,utf8,0 lines
anneal-3730-lake-plugin-artifact-identity-v4-30-0-rc2,support/work/bad-abi-live/.lake/build/lib/lean/plugin__probe_Plugin.dylib.rsp,831,3429d443f7020aafd0f6d82699ed309dcafc3a52647be56a646b6107d78a9f15,utf8,17 lines
anneal-3730-lake-plugin-artifact-identity-v4-30-0-rc2,support/work/bad-abi-live/.lake/build/lib/lean/plugin__probe_Plugin.dylib.trace,1337,eaa13d8f8eb0b66a56a697d18dcdcfdc433fb6f374ef8e002bcd971beceebaed,utf8,16 lines
anneal-3730-lake-plugin-artifact-identity-v4-30-0-rc2,support/work/bad-abi-live/.lake/config/[anonymous]/lakefile.olean,109960,dcc03cee438dd4015795d41a189343df9ce57f9e622e441ab4528ae8721e0fe9,binary,opaque
anneal-3730-lake-plugin-artifact-identity-v4-30-0-rc2,support/work/bad-abi-live/.lake/config/[anonymous]/lakefile.olean.trace,184,60bf26e8691e5ced3414047943d48ea4aa8873128088fffa2c88814e0429520d,utf8,6 lines
anneal-3730-lake-plugin-artifact-identity-v4-30-0-rc2,support/work/bad-abi-live/Dep.lean,120,cbed218a5d55d82b23aef58c4be47e477fe71eca71e14c250804b1d15d5483af,utf8,4 lines
anneal-3730-lake-plugin-artifact-identity-v4-30-0-rc2,support/work/bad-abi-live/New.lean,75,b10e4c6b9c7ea3ce6253d4555055dfce6167eba042a952686c32cce486fe1470,utf8,4 lines
anneal-3730-lake-plugin-artifact-identity-v4-30-0-rc2,support/work/bad-abi-live/Plugin.lean,128,85d9f06b45372ec0dfed61803b996474a5ef628c77588dddd3ae0cc2136925ab,utf8,4 lines
anneal-3730-lake-plugin-artifact-identity-v4-30-0-rc2,support/work/bad-abi-live/Proof.lean,75,b10e4c6b9c7ea3ce6253d4555055dfce6167eba042a952686c32cce486fe1470,utf8,4 lines
anneal-3730-lake-plugin-artifact-identity-v4-30-0-rc2,support/work/bad-abi-live/lake-manifest.json,144,fd57c01d8aad1cdba3865359335a6293d1814ad3be46f77dc63f3b8e8aba4ef1,json,parsed
anneal-3730-lake-plugin-artifact-identity-v4-30-0-rc2,support/work/bad-abi-live/lakefile.lean,76,b7c8c75f318cc40faa1b83554d0aece81550b706f096f7a51600d75200cdc129,utf8,5 lines
anneal-3730-lake-plugin-artifact-identity-v4-30-0-rc2,support/work/bad-abi-live/lean-toolchain,29,ce4c4e3d87434b9663f46de25ce34b48a0cf0d392e0a320a0787b4674a2d7b61,utf8,1 lines
anneal-3730-lake-plugin-artifact-identity-v4-30-0-rc2,support/work/bad-abi-live/marker.txt,9,d3fee1b1103ae4a2e7fd52a5939b5a049c8fa2b1e821c848679b6c33594f0400,utf8,0 lines
anneal-3730-lake-plugin-artifact-identity-v4-30-0-rc2,support/work/corrupt/.lake/build/ir/Dep.c,15625,9547d9af626029335daf798fa79fb5f280ecc92b10a35639d1f05f1fe77231f3,utf8,154 lines
anneal-3730-lake-plugin-artifact-identity-v4-30-0-rc2,support/work/corrupt/.lake/build/ir/Dep.c.hash,16,a6ea070c3c9b6c5a9f4fc311f607f5791a0ce679f544a69b7c658d4bc8cf4848,utf8,0 lines
anneal-3730-lake-plugin-artifact-identity-v4-30-0-rc2,support/work/corrupt/.lake/build/ir/Dep.setup.json,130,cdbb8e8be8399a49f505d612c34b9706f69f5a715e4aff6d7eff4a621c727a41,json,parsed
anneal-3730-lake-plugin-artifact-identity-v4-30-0-rc2,support/work/corrupt/.lake/build/ir/Plugin.c,4917,497fabfbed8bba8448a77aee21c39ebfdc2126694b68aec862d82ceacd4cbb48,utf8,108 lines
anneal-3730-lake-plugin-artifact-identity-v4-30-0-rc2,support/work/corrupt/.lake/build/ir/Plugin.c.hash,16,4b090d25804ded40e55713cad405e30b63e0b23f287c96d39014ad70281603d9,utf8,0 lines
anneal-3730-lake-plugin-artifact-identity-v4-30-0-rc2,support/work/corrupt/.lake/build/ir/Plugin.c.o.export,2896,4a3892fb48764c559b9749c8383e32662d9ddf22242a3a1dca8d88227628d809,binary,opaque
anneal-3730-lake-plugin-artifact-identity-v4-30-0-rc2,support/work/corrupt/.lake/build/ir/Plugin.c.o.export.hash,16,93b25a0d0758c6f871a91e7986da6f5e915c2004847445cbfdae88ecd6600b23,utf8,0 lines
anneal-3730-lake-plugin-artifact-identity-v4-30-0-rc2,support/work/corrupt/.lake/build/ir/Plugin.c.o.export.trace,1846,f44cf40dec720086b87555d2d63d6d029b094604e684b8d9aee633b74c841521,utf8,17 lines
anneal-3730-lake-plugin-artifact-identity-v4-30-0-rc2,support/work/corrupt/.lake/build/ir/Plugin.setup.json,133,a7670e230f52f2443315d9f3ac91a79b26e6134fe0e744b462b506027d7c68b5,json,parsed
anneal-3730-lake-plugin-artifact-identity-v4-30-0-rc2,support/work/corrupt/.lake/build/lib/lean/Dep.ilean,432,81fd8c87e825d6db65a3d3fe8c3a3665840964fd46ae527f09a7b5a83c533b6f,utf8,0 lines
anneal-3730-lake-plugin-artifact-identity-v4-30-0-rc2,support/work/corrupt/.lake/build/lib/lean/Dep.ilean.hash,16,300a703662f923390b58f896fc2d60ab0ccee1efa5a419a5032c204ff1d4749b,utf8,0 lines
anneal-3730-lake-plugin-artifact-identity-v4-30-0-rc2,support/work/corrupt/.lake/build/lib/lean/Dep.olean,46504,078123f009c35edce8716cda15d83568dfbcb60c8840a0b74c26d47213ae02f2,binary,opaque
anneal-3730-lake-plugin-artifact-identity-v4-30-0-rc2,support/work/corrupt/.lake/build/lib/lean/Dep.olean.hash,16,d632e21d08286b3260d0478f002d67478e060b29879d5a68ff6617aec39ddb93,utf8,0 lines
anneal-3730-lake-plugin-artifact-identity-v4-30-0-rc2,support/work/corrupt/.lake/build/lib/lean/Dep.trace,2672,5dafd4e59b069359492358021307bd77c0ba499b4e1b444dce510780f33eaa04,utf8,31 lines
anneal-3730-lake-plugin-artifact-identity-v4-30-0-rc2,support/work/corrupt/.lake/build/lib/lean/Plugin.ilean,763,82241cf24036266c72649be59d4cee63edfd27c3fe60e3ba9ccb2c6bd5a1c24e,utf8,0 lines
anneal-3730-lake-plugin-artifact-identity-v4-30-0-rc2,support/work/corrupt/.lake/build/lib/lean/Plugin.ilean.hash,16,d4778f8abb914d3cdb34c4d1e5ca1cab773e7ffe2fc5c8c1e5edbac94cab2f6c,utf8,0 lines
anneal-3730-lake-plugin-artifact-identity-v4-30-0-rc2,support/work/corrupt/.lake/build/lib/lean/Plugin.olean,24008,739418e648a1cf83f40810e3231485396edf1bec5a06b01afb7bd98c4709b243,binary,opaque
anneal-3730-lake-plugin-artifact-identity-v4-30-0-rc2,support/work/corrupt/.lake/build/lib/lean/Plugin.olean.hash,16,79b2c9247658bf09b56b2e560369e7e1d86a7fbbb3b3a95c0bb8d7f038f0b7cb,utf8,0 lines
anneal-3730-lake-plugin-artifact-identity-v4-30-0-rc2,support/work/corrupt/.lake/build/lib/lean/Plugin.trace,2699,8736e5b7621572e55ca71990e235bccf88572ca775a28bc3b528ec71013d4af2,utf8,31 lines
anneal-3730-lake-plugin-artifact-identity-v4-30-0-rc2,support/work/corrupt/.lake/build/lib/lean/plugin__probe_Plugin.dylib,19,f03e7cbd1eb0a4b9bf692b706ea764e69364b4b0820eec510fe393fb46794ec3,utf8,1 lines
anneal-3730-lake-plugin-artifact-identity-v4-30-0-rc2,support/work/corrupt/.lake/build/lib/lean/plugin__probe_Plugin.dylib.hash,16,5f8a7f2ef61ba71b79335cc4ab9f05d01dadc6d17e6eeeedc57965f068252823,utf8,0 lines
anneal-3730-lake-plugin-artifact-identity-v4-30-0-rc2,support/work/corrupt/.lake/build/lib/lean/plugin__probe_Plugin.dylib.rsp,831,3429d443f7020aafd0f6d82699ed309dcafc3a52647be56a646b6107d78a9f15,utf8,17 lines
anneal-3730-lake-plugin-artifact-identity-v4-30-0-rc2,support/work/corrupt/.lake/build/lib/lean/plugin__probe_Plugin.dylib.trace,1337,eaa13d8f8eb0b66a56a697d18dcdcfdc433fb6f374ef8e002bcd971beceebaed,utf8,16 lines
anneal-3730-lake-plugin-artifact-identity-v4-30-0-rc2,support/work/corrupt/.lake/config/[anonymous]/lakefile.olean,109960,dcc03cee438dd4015795d41a189343df9ce57f9e622e441ab4528ae8721e0fe9,binary,opaque
anneal-3730-lake-plugin-artifact-identity-v4-30-0-rc2,support/work/corrupt/.lake/config/[anonymous]/lakefile.olean.trace,184,60bf26e8691e5ced3414047943d48ea4aa8873128088fffa2c88814e0429520d,utf8,6 lines
anneal-3730-lake-plugin-artifact-identity-v4-30-0-rc2,support/work/corrupt/Dep.lean,120,cbed218a5d55d82b23aef58c4be47e477fe71eca71e14c250804b1d15d5483af,utf8,4 lines
anneal-3730-lake-plugin-artifact-identity-v4-30-0-rc2,support/work/corrupt/New.lean,75,b10e4c6b9c7ea3ce6253d4555055dfce6167eba042a952686c32cce486fe1470,utf8,4 lines
anneal-3730-lake-plugin-artifact-identity-v4-30-0-rc2,support/work/corrupt/Plugin.lean,128,85d9f06b45372ec0dfed61803b996474a5ef628c77588dddd3ae0cc2136925ab,utf8,4 lines
anneal-3730-lake-plugin-artifact-identity-v4-30-0-rc2,support/work/corrupt/Proof.lean,75,b10e4c6b9c7ea3ce6253d4555055dfce6167eba042a952686c32cce486fe1470,utf8,4 lines
anneal-3730-lake-plugin-artifact-identity-v4-30-0-rc2,support/work/corrupt/lake-manifest.json,144,fd57c01d8aad1cdba3865359335a6293d1814ad3be46f77dc63f3b8e8aba4ef1,json,parsed
anneal-3730-lake-plugin-artifact-identity-v4-30-0-rc2,support/work/corrupt/lakefile.lean,76,b7c8c75f318cc40faa1b83554d0aece81550b706f096f7a51600d75200cdc129,utf8,5 lines
anneal-3730-lake-plugin-artifact-identity-v4-30-0-rc2,support/work/corrupt/lean-toolchain,29,ce4c4e3d87434b9663f46de25ce34b48a0cf0d392e0a320a0787b4674a2d7b61,utf8,1 lines
anneal-3730-lake-plugin-artifact-identity-v4-30-0-rc2,support/work/live/.lake/build/ir/Dep.c,15625,9547d9af626029335daf798fa79fb5f280ecc92b10a35639d1f05f1fe77231f3,utf8,154 lines
anneal-3730-lake-plugin-artifact-identity-v4-30-0-rc2,support/work/live/.lake/build/ir/Dep.c.hash,16,a6ea070c3c9b6c5a9f4fc311f607f5791a0ce679f544a69b7c658d4bc8cf4848,utf8,0 lines
anneal-3730-lake-plugin-artifact-identity-v4-30-0-rc2,support/work/live/.lake/build/ir/Dep.setup.json,130,cdbb8e8be8399a49f505d612c34b9706f69f5a715e4aff6d7eff4a621c727a41,json,parsed
anneal-3730-lake-plugin-artifact-identity-v4-30-0-rc2,support/work/live/.lake/build/ir/Plugin.c,4917,497fabfbed8bba8448a77aee21c39ebfdc2126694b68aec862d82ceacd4cbb48,utf8,108 lines
anneal-3730-lake-plugin-artifact-identity-v4-30-0-rc2,support/work/live/.lake/build/ir/Plugin.c.hash,16,4b090d25804ded40e55713cad405e30b63e0b23f287c96d39014ad70281603d9,utf8,0 lines
anneal-3730-lake-plugin-artifact-identity-v4-30-0-rc2,support/work/live/.lake/build/ir/Plugin.c.o.export,2896,4a3892fb48764c559b9749c8383e32662d9ddf22242a3a1dca8d88227628d809,binary,opaque
anneal-3730-lake-plugin-artifact-identity-v4-30-0-rc2,support/work/live/.lake/build/ir/Plugin.c.o.export.hash,16,93b25a0d0758c6f871a91e7986da6f5e915c2004847445cbfdae88ecd6600b23,utf8,0 lines
anneal-3730-lake-plugin-artifact-identity-v4-30-0-rc2,support/work/live/.lake/build/ir/Plugin.c.o.export.trace,1846,f44cf40dec720086b87555d2d63d6d029b094604e684b8d9aee633b74c841521,utf8,17 lines
anneal-3730-lake-plugin-artifact-identity-v4-30-0-rc2,support/work/live/.lake/build/ir/Plugin.setup.json,133,a7670e230f52f2443315d9f3ac91a79b26e6134fe0e744b462b506027d7c68b5,json,parsed
anneal-3730-lake-plugin-artifact-identity-v4-30-0-rc2,support/work/live/.lake/build/lib/lean/Dep.ilean,432,81fd8c87e825d6db65a3d3fe8c3a3665840964fd46ae527f09a7b5a83c533b6f,utf8,0 lines
anneal-3730-lake-plugin-artifact-identity-v4-30-0-rc2,support/work/live/.lake/build/lib/lean/Dep.ilean.hash,16,300a703662f923390b58f896fc2d60ab0ccee1efa5a419a5032c204ff1d4749b,utf8,0 lines
anneal-3730-lake-plugin-artifact-identity-v4-30-0-rc2,support/work/live/.lake/build/lib/lean/Dep.olean,46504,078123f009c35edce8716cda15d83568dfbcb60c8840a0b74c26d47213ae02f2,binary,opaque
anneal-3730-lake-plugin-artifact-identity-v4-30-0-rc2,support/work/live/.lake/build/lib/lean/Dep.olean.hash,16,d632e21d08286b3260d0478f002d67478e060b29879d5a68ff6617aec39ddb93,utf8,0 lines
anneal-3730-lake-plugin-artifact-identity-v4-30-0-rc2,support/work/live/.lake/build/lib/lean/Dep.trace,2672,5dafd4e59b069359492358021307bd77c0ba499b4e1b444dce510780f33eaa04,utf8,31 lines
anneal-3730-lake-plugin-artifact-identity-v4-30-0-rc2,support/work/live/.lake/build/lib/lean/Plugin.ilean,763,82241cf24036266c72649be59d4cee63edfd27c3fe60e3ba9ccb2c6bd5a1c24e,utf8,0 lines
anneal-3730-lake-plugin-artifact-identity-v4-30-0-rc2,support/work/live/.lake/build/lib/lean/Plugin.ilean.hash,16,d4778f8abb914d3cdb34c4d1e5ca1cab773e7ffe2fc5c8c1e5edbac94cab2f6c,utf8,0 lines
anneal-3730-lake-plugin-artifact-identity-v4-30-0-rc2,support/work/live/.lake/build/lib/lean/Plugin.olean,24008,739418e648a1cf83f40810e3231485396edf1bec5a06b01afb7bd98c4709b243,binary,opaque
anneal-3730-lake-plugin-artifact-identity-v4-30-0-rc2,support/work/live/.lake/build/lib/lean/Plugin.olean.hash,16,79b2c9247658bf09b56b2e560369e7e1d86a7fbbb3b3a95c0bb8d7f038f0b7cb,utf8,0 lines
anneal-3730-lake-plugin-artifact-identity-v4-30-0-rc2,support/work/live/.lake/build/lib/lean/Plugin.trace,2699,8736e5b7621572e55ca71990e235bccf88572ca775a28bc3b528ec71013d4af2,utf8,31 lines
anneal-3730-lake-plugin-artifact-identity-v4-30-0-rc2,support/work/live/.lake/build/lib/lean/plugin__probe_Plugin.dylib,51120,f7b4c875cb1c91a35259462b5034f48ad96f819e519d9414edc68975045f92a9,binary,opaque
anneal-3730-lake-plugin-artifact-identity-v4-30-0-rc2,support/work/live/.lake/build/lib/lean/plugin__probe_Plugin.dylib.hash,16,5f8a7f2ef61ba71b79335cc4ab9f05d01dadc6d17e6eeeedc57965f068252823,utf8,0 lines
anneal-3730-lake-plugin-artifact-identity-v4-30-0-rc2,support/work/live/.lake/build/lib/lean/plugin__probe_Plugin.dylib.rsp,831,3429d443f7020aafd0f6d82699ed309dcafc3a52647be56a646b6107d78a9f15,utf8,17 lines
anneal-3730-lake-plugin-artifact-identity-v4-30-0-rc2,support/work/live/.lake/build/lib/lean/plugin__probe_Plugin.dylib.trace,1337,eaa13d8f8eb0b66a56a697d18dcdcfdc433fb6f374ef8e002bcd971beceebaed,utf8,16 lines
anneal-3730-lake-plugin-artifact-identity-v4-30-0-rc2,support/work/live/.lake/config/[anonymous]/lakefile.olean,109960,dcc03cee438dd4015795d41a189343df9ce57f9e622e441ab4528ae8721e0fe9,binary,opaque
anneal-3730-lake-plugin-artifact-identity-v4-30-0-rc2,support/work/live/.lake/config/[anonymous]/lakefile.olean.trace,184,60bf26e8691e5ced3414047943d48ea4aa8873128088fffa2c88814e0429520d,utf8,6 lines
anneal-3730-lake-plugin-artifact-identity-v4-30-0-rc2,support/work/live/Dep.lean,120,cbed218a5d55d82b23aef58c4be47e477fe71eca71e14c250804b1d15d5483af,utf8,4 lines
anneal-3730-lake-plugin-artifact-identity-v4-30-0-rc2,support/work/live/New.lean,75,b10e4c6b9c7ea3ce6253d4555055dfce6167eba042a952686c32cce486fe1470,utf8,4 lines
anneal-3730-lake-plugin-artifact-identity-v4-30-0-rc2,support/work/live/Plugin.lean,128,85d9f06b45372ec0dfed61803b996474a5ef628c77588dddd3ae0cc2136925ab,utf8,4 lines
anneal-3730-lake-plugin-artifact-identity-v4-30-0-rc2,support/work/live/Proof.lean,75,b10e4c6b9c7ea3ce6253d4555055dfce6167eba042a952686c32cce486fe1470,utf8,4 lines
anneal-3730-lake-plugin-artifact-identity-v4-30-0-rc2,support/work/live/lake-manifest.json,144,fd57c01d8aad1cdba3865359335a6293d1814ad3be46f77dc63f3b8e8aba4ef1,json,parsed
anneal-3730-lake-plugin-artifact-identity-v4-30-0-rc2,support/work/live/lakefile.lean,76,b7c8c75f318cc40faa1b83554d0aece81550b706f096f7a51600d75200cdc129,utf8,5 lines
anneal-3730-lake-plugin-artifact-identity-v4-30-0-rc2,support/work/live/lean-toolchain,29,ce4c4e3d87434b9663f46de25ce34b48a0cf0d392e0a320a0787b4674a2d7b61,utf8,1 lines
anneal-3730-lake-plugin-artifact-identity-v4-30-0-rc2,support/work/live/marker.txt,9,276fce0a7f8824d8f1d423c8c49ccf581feaa8f26c92dcefa04c03b186877690,utf8,0 lines
anneal-3730-lake-plugin-artifact-identity-v4-30-0-rc2,support/work/missing/.lake/build/ir/Dep.c,15625,9547d9af626029335daf798fa79fb5f280ecc92b10a35639d1f05f1fe77231f3,utf8,154 lines
anneal-3730-lake-plugin-artifact-identity-v4-30-0-rc2,support/work/missing/.lake/build/ir/Dep.c.hash,16,a6ea070c3c9b6c5a9f4fc311f607f5791a0ce679f544a69b7c658d4bc8cf4848,utf8,0 lines
anneal-3730-lake-plugin-artifact-identity-v4-30-0-rc2,support/work/missing/.lake/build/ir/Dep.setup.json,130,cdbb8e8be8399a49f505d612c34b9706f69f5a715e4aff6d7eff4a621c727a41,json,parsed
anneal-3730-lake-plugin-artifact-identity-v4-30-0-rc2,support/work/missing/.lake/build/ir/Plugin.c,4917,497fabfbed8bba8448a77aee21c39ebfdc2126694b68aec862d82ceacd4cbb48,utf8,108 lines
anneal-3730-lake-plugin-artifact-identity-v4-30-0-rc2,support/work/missing/.lake/build/ir/Plugin.c.hash,16,4b090d25804ded40e55713cad405e30b63e0b23f287c96d39014ad70281603d9,utf8,0 lines
anneal-3730-lake-plugin-artifact-identity-v4-30-0-rc2,support/work/missing/.lake/build/ir/Plugin.c.o.export,2896,4a3892fb48764c559b9749c8383e32662d9ddf22242a3a1dca8d88227628d809,binary,opaque
anneal-3730-lake-plugin-artifact-identity-v4-30-0-rc2,support/work/missing/.lake/build/ir/Plugin.c.o.export.hash,16,93b25a0d0758c6f871a91e7986da6f5e915c2004847445cbfdae88ecd6600b23,utf8,0 lines
anneal-3730-lake-plugin-artifact-identity-v4-30-0-rc2,support/work/missing/.lake/build/ir/Plugin.c.o.export.trace,1846,f44cf40dec720086b87555d2d63d6d029b094604e684b8d9aee633b74c841521,utf8,17 lines
anneal-3730-lake-plugin-artifact-identity-v4-30-0-rc2,support/work/missing/.lake/build/ir/Plugin.setup.json,133,a7670e230f52f2443315d9f3ac91a79b26e6134fe0e744b462b506027d7c68b5,json,parsed
anneal-3730-lake-plugin-artifact-identity-v4-30-0-rc2,support/work/missing/.lake/build/lib/lean/Dep.ilean,432,81fd8c87e825d6db65a3d3fe8c3a3665840964fd46ae527f09a7b5a83c533b6f,utf8,0 lines
anneal-3730-lake-plugin-artifact-identity-v4-30-0-rc2,support/work/missing/.lake/build/lib/lean/Dep.ilean.hash,16,300a703662f923390b58f896fc2d60ab0ccee1efa5a419a5032c204ff1d4749b,utf8,0 lines
anneal-3730-lake-plugin-artifact-identity-v4-30-0-rc2,support/work/missing/.lake/build/lib/lean/Dep.olean,46504,078123f009c35edce8716cda15d83568dfbcb60c8840a0b74c26d47213ae02f2,binary,opaque
anneal-3730-lake-plugin-artifact-identity-v4-30-0-rc2,support/work/missing/.lake/build/lib/lean/Dep.olean.hash,16,d632e21d08286b3260d0478f002d67478e060b29879d5a68ff6617aec39ddb93,utf8,0 lines
anneal-3730-lake-plugin-artifact-identity-v4-30-0-rc2,support/work/missing/.lake/build/lib/lean/Dep.trace,2672,5dafd4e59b069359492358021307bd77c0ba499b4e1b444dce510780f33eaa04,utf8,31 lines
anneal-3730-lake-plugin-artifact-identity-v4-30-0-rc2,support/work/missing/.lake/build/lib/lean/Plugin.ilean,763,82241cf24036266c72649be59d4cee63edfd27c3fe60e3ba9ccb2c6bd5a1c24e,utf8,0 lines
anneal-3730-lake-plugin-artifact-identity-v4-30-0-rc2,support/work/missing/.lake/build/lib/lean/Plugin.ilean.hash,16,d4778f8abb914d3cdb34c4d1e5ca1cab773e7ffe2fc5c8c1e5edbac94cab2f6c,utf8,0 lines
anneal-3730-lake-plugin-artifact-identity-v4-30-0-rc2,support/work/missing/.lake/build/lib/lean/Plugin.olean,24008,739418e648a1cf83f40810e3231485396edf1bec5a06b01afb7bd98c4709b243,binary,opaque
anneal-3730-lake-plugin-artifact-identity-v4-30-0-rc2,support/work/missing/.lake/build/lib/lean/Plugin.olean.hash,16,79b2c9247658bf09b56b2e560369e7e1d86a7fbbb3b3a95c0bb8d7f038f0b7cb,utf8,0 lines
anneal-3730-lake-plugin-artifact-identity-v4-30-0-rc2,support/work/missing/.lake/build/lib/lean/Plugin.trace,2699,8736e5b7621572e55ca71990e235bccf88572ca775a28bc3b528ec71013d4af2,utf8,31 lines
anneal-3730-lake-plugin-artifact-identity-v4-30-0-rc2,support/work/missing/.lake/build/lib/lean/plugin__probe_Plugin.dylib.hash,16,5f8a7f2ef61ba71b79335cc4ab9f05d01dadc6d17e6eeeedc57965f068252823,utf8,0 lines
anneal-3730-lake-plugin-artifact-identity-v4-30-0-rc2,support/work/missing/.lake/build/lib/lean/plugin__probe_Plugin.dylib.rsp,831,3429d443f7020aafd0f6d82699ed309dcafc3a52647be56a646b6107d78a9f15,utf8,17 lines
anneal-3730-lake-plugin-artifact-identity-v4-30-0-rc2,support/work/missing/.lake/build/lib/lean/plugin__probe_Plugin.dylib.trace,1337,eaa13d8f8eb0b66a56a697d18dcdcfdc433fb6f374ef8e002bcd971beceebaed,utf8,16 lines
anneal-3730-lake-plugin-artifact-identity-v4-30-0-rc2,support/work/missing/.lake/config/[anonymous]/lakefile.olean,109960,dcc03cee438dd4015795d41a189343df9ce57f9e622e441ab4528ae8721e0fe9,binary,opaque
anneal-3730-lake-plugin-artifact-identity-v4-30-0-rc2,support/work/missing/.lake/config/[anonymous]/lakefile.olean.trace,184,60bf26e8691e5ced3414047943d48ea4aa8873128088fffa2c88814e0429520d,utf8,6 lines
anneal-3730-lake-plugin-artifact-identity-v4-30-0-rc2,support/work/missing/Dep.lean,120,cbed218a5d55d82b23aef58c4be47e477fe71eca71e14c250804b1d15d5483af,utf8,4 lines
anneal-3730-lake-plugin-artifact-identity-v4-30-0-rc2,support/work/missing/New.lean,75,b10e4c6b9c7ea3ce6253d4555055dfce6167eba042a952686c32cce486fe1470,utf8,4 lines
anneal-3730-lake-plugin-artifact-identity-v4-30-0-rc2,support/work/missing/Plugin.lean,128,85d9f06b45372ec0dfed61803b996474a5ef628c77588dddd3ae0cc2136925ab,utf8,4 lines
anneal-3730-lake-plugin-artifact-identity-v4-30-0-rc2,support/work/missing/Proof.lean,75,b10e4c6b9c7ea3ce6253d4555055dfce6167eba042a952686c32cce486fe1470,utf8,4 lines
anneal-3730-lake-plugin-artifact-identity-v4-30-0-rc2,support/work/missing/lake-manifest.json,144,fd57c01d8aad1cdba3865359335a6293d1814ad3be46f77dc63f3b8e8aba4ef1,json,parsed
anneal-3730-lake-plugin-artifact-identity-v4-30-0-rc2,support/work/missing/lakefile.lean,76,b7c8c75f318cc40faa1b83554d0aece81550b706f096f7a51600d75200cdc129,utf8,5 lines
anneal-3730-lake-plugin-artifact-identity-v4-30-0-rc2,support/work/missing/lean-toolchain,29,ce4c4e3d87434b9663f46de25ce34b48a0cf0d392e0a320a0787b4674a2d7b61,utf8,1 lines
anneal-3730-lake-plugin-artifact-identity-v4-30-0-rc2,support/work/prune-c/.lake/build/ir/Dep.c,15625,9547d9af626029335daf798fa79fb5f280ecc92b10a35639d1f05f1fe77231f3,utf8,154 lines
anneal-3730-lake-plugin-artifact-identity-v4-30-0-rc2,support/work/prune-c/.lake/build/ir/Dep.c.hash,16,a6ea070c3c9b6c5a9f4fc311f607f5791a0ce679f544a69b7c658d4bc8cf4848,utf8,0 lines
anneal-3730-lake-plugin-artifact-identity-v4-30-0-rc2,support/work/prune-c/.lake/build/ir/Dep.setup.json,130,cdbb8e8be8399a49f505d612c34b9706f69f5a715e4aff6d7eff4a621c727a41,json,parsed
anneal-3730-lake-plugin-artifact-identity-v4-30-0-rc2,support/work/prune-c/.lake/build/ir/Plugin.c,4917,497fabfbed8bba8448a77aee21c39ebfdc2126694b68aec862d82ceacd4cbb48,utf8,108 lines
anneal-3730-lake-plugin-artifact-identity-v4-30-0-rc2,support/work/prune-c/.lake/build/ir/Plugin.c.hash,16,4b090d25804ded40e55713cad405e30b63e0b23f287c96d39014ad70281603d9,utf8,0 lines
anneal-3730-lake-plugin-artifact-identity-v4-30-0-rc2,support/work/prune-c/.lake/build/ir/Plugin.c.o.export,2896,4a3892fb48764c559b9749c8383e32662d9ddf22242a3a1dca8d88227628d809,binary,opaque
anneal-3730-lake-plugin-artifact-identity-v4-30-0-rc2,support/work/prune-c/.lake/build/ir/Plugin.c.o.export.hash,16,93b25a0d0758c6f871a91e7986da6f5e915c2004847445cbfdae88ecd6600b23,utf8,0 lines
anneal-3730-lake-plugin-artifact-identity-v4-30-0-rc2,support/work/prune-c/.lake/build/ir/Plugin.c.o.export.trace,1846,f44cf40dec720086b87555d2d63d6d029b094604e684b8d9aee633b74c841521,utf8,17 lines
anneal-3730-lake-plugin-artifact-identity-v4-30-0-rc2,support/work/prune-c/.lake/build/ir/Plugin.setup.json,133,a7670e230f52f2443315d9f3ac91a79b26e6134fe0e744b462b506027d7c68b5,json,parsed
anneal-3730-lake-plugin-artifact-identity-v4-30-0-rc2,support/work/prune-c/.lake/build/lib/lean/Dep.ilean,432,81fd8c87e825d6db65a3d3fe8c3a3665840964fd46ae527f09a7b5a83c533b6f,utf8,0 lines
anneal-3730-lake-plugin-artifact-identity-v4-30-0-rc2,support/work/prune-c/.lake/build/lib/lean/Dep.ilean.hash,16,300a703662f923390b58f896fc2d60ab0ccee1efa5a419a5032c204ff1d4749b,utf8,0 lines
anneal-3730-lake-plugin-artifact-identity-v4-30-0-rc2,support/work/prune-c/.lake/build/lib/lean/Dep.olean,46504,078123f009c35edce8716cda15d83568dfbcb60c8840a0b74c26d47213ae02f2,binary,opaque
anneal-3730-lake-plugin-artifact-identity-v4-30-0-rc2,support/work/prune-c/.lake/build/lib/lean/Dep.olean.hash,16,d632e21d08286b3260d0478f002d67478e060b29879d5a68ff6617aec39ddb93,utf8,0 lines
anneal-3730-lake-plugin-artifact-identity-v4-30-0-rc2,support/work/prune-c/.lake/build/lib/lean/Dep.trace,2672,1a0212ace48ff8774e7783d980ba9fe3d1b61c029a131ceb93bbc8e786c4a4d2,utf8,31 lines
anneal-3730-lake-plugin-artifact-identity-v4-30-0-rc2,support/work/prune-c/.lake/build/lib/lean/Plugin.ilean,763,82241cf24036266c72649be59d4cee63edfd27c3fe60e3ba9ccb2c6bd5a1c24e,utf8,0 lines
anneal-3730-lake-plugin-artifact-identity-v4-30-0-rc2,support/work/prune-c/.lake/build/lib/lean/Plugin.ilean.hash,16,d4778f8abb914d3cdb34c4d1e5ca1cab773e7ffe2fc5c8c1e5edbac94cab2f6c,utf8,0 lines
anneal-3730-lake-plugin-artifact-identity-v4-30-0-rc2,support/work/prune-c/.lake/build/lib/lean/Plugin.olean,24008,739418e648a1cf83f40810e3231485396edf1bec5a06b01afb7bd98c4709b243,binary,opaque
anneal-3730-lake-plugin-artifact-identity-v4-30-0-rc2,support/work/prune-c/.lake/build/lib/lean/Plugin.olean.hash,16,79b2c9247658bf09b56b2e560369e7e1d86a7fbbb3b3a95c0bb8d7f038f0b7cb,utf8,0 lines
anneal-3730-lake-plugin-artifact-identity-v4-30-0-rc2,support/work/prune-c/.lake/build/lib/lean/Plugin.trace,2699,8736e5b7621572e55ca71990e235bccf88572ca775a28bc3b528ec71013d4af2,utf8,31 lines
anneal-3730-lake-plugin-artifact-identity-v4-30-0-rc2,support/work/prune-c/.lake/build/lib/lean/plugin__probe_Plugin.dylib,51120,3f4a1cb3a67a0027f0c90e819afc20d009ddb921cb7f4c0e0095db074e085aa4,binary,opaque
anneal-3730-lake-plugin-artifact-identity-v4-30-0-rc2,support/work/prune-c/.lake/build/lib/lean/plugin__probe_Plugin.dylib.hash,16,5f8a7f2ef61ba71b79335cc4ab9f05d01dadc6d17e6eeeedc57965f068252823,utf8,0 lines
anneal-3730-lake-plugin-artifact-identity-v4-30-0-rc2,support/work/prune-c/.lake/build/lib/lean/plugin__probe_Plugin.dylib.rsp,831,3429d443f7020aafd0f6d82699ed309dcafc3a52647be56a646b6107d78a9f15,utf8,17 lines
anneal-3730-lake-plugin-artifact-identity-v4-30-0-rc2,support/work/prune-c/.lake/build/lib/lean/plugin__probe_Plugin.dylib.trace,1337,eaa13d8f8eb0b66a56a697d18dcdcfdc433fb6f374ef8e002bcd971beceebaed,utf8,16 lines
anneal-3730-lake-plugin-artifact-identity-v4-30-0-rc2,support/work/prune-c/.lake/config/[anonymous]/lakefile.olean,109960,dcc03cee438dd4015795d41a189343df9ce57f9e622e441ab4528ae8721e0fe9,binary,opaque
anneal-3730-lake-plugin-artifact-identity-v4-30-0-rc2,support/work/prune-c/.lake/config/[anonymous]/lakefile.olean.trace,184,60bf26e8691e5ced3414047943d48ea4aa8873128088fffa2c88814e0429520d,utf8,6 lines
anneal-3730-lake-plugin-artifact-identity-v4-30-0-rc2,support/work/prune-c/Dep.lean,120,cbed218a5d55d82b23aef58c4be47e477fe71eca71e14c250804b1d15d5483af,utf8,4 lines
anneal-3730-lake-plugin-artifact-identity-v4-30-0-rc2,support/work/prune-c/New.lean,75,b10e4c6b9c7ea3ce6253d4555055dfce6167eba042a952686c32cce486fe1470,utf8,4 lines
anneal-3730-lake-plugin-artifact-identity-v4-30-0-rc2,support/work/prune-c/Plugin.lean,128,85d9f06b45372ec0dfed61803b996474a5ef628c77588dddd3ae0cc2136925ab,utf8,4 lines
anneal-3730-lake-plugin-artifact-identity-v4-30-0-rc2,support/work/prune-c/Proof.lean,75,b10e4c6b9c7ea3ce6253d4555055dfce6167eba042a952686c32cce486fe1470,utf8,4 lines
anneal-3730-lake-plugin-artifact-identity-v4-30-0-rc2,support/work/prune-c/lake-manifest.json,144,fd57c01d8aad1cdba3865359335a6293d1814ad3be46f77dc63f3b8e8aba4ef1,json,parsed
anneal-3730-lake-plugin-artifact-identity-v4-30-0-rc2,support/work/prune-c/lakefile.lean,76,b7c8c75f318cc40faa1b83554d0aece81550b706f096f7a51600d75200cdc129,utf8,5 lines
anneal-3730-lake-plugin-artifact-identity-v4-30-0-rc2,support/work/prune-c/lean-toolchain,29,ce4c4e3d87434b9663f46de25ce34b48a0cf0d392e0a320a0787b4674a2d7b61,utf8,1 lines
anneal-3730-lake-plugin-artifact-identity-v4-30-0-rc2,support/work/prune-c/marker.txt,9,d3fee1b1103ae4a2e7fd52a5939b5a049c8fa2b1e821c848679b6c33594f0400,utf8,0 lines
anneal-3730-lake-plugin-artifact-identity-v4-30-0-rc2,support/work/prune-dynlib/.lake/build/ir/Dep.c,15625,9547d9af626029335daf798fa79fb5f280ecc92b10a35639d1f05f1fe77231f3,utf8,154 lines
anneal-3730-lake-plugin-artifact-identity-v4-30-0-rc2,support/work/prune-dynlib/.lake/build/ir/Dep.c.hash,16,a6ea070c3c9b6c5a9f4fc311f607f5791a0ce679f544a69b7c658d4bc8cf4848,utf8,0 lines
anneal-3730-lake-plugin-artifact-identity-v4-30-0-rc2,support/work/prune-dynlib/.lake/build/ir/Dep.setup.json,130,cdbb8e8be8399a49f505d612c34b9706f69f5a715e4aff6d7eff4a621c727a41,json,parsed
anneal-3730-lake-plugin-artifact-identity-v4-30-0-rc2,support/work/prune-dynlib/.lake/build/ir/Plugin.c,4917,497fabfbed8bba8448a77aee21c39ebfdc2126694b68aec862d82ceacd4cbb48,utf8,108 lines
anneal-3730-lake-plugin-artifact-identity-v4-30-0-rc2,support/work/prune-dynlib/.lake/build/ir/Plugin.c.hash,16,4b090d25804ded40e55713cad405e30b63e0b23f287c96d39014ad70281603d9,utf8,0 lines
anneal-3730-lake-plugin-artifact-identity-v4-30-0-rc2,support/work/prune-dynlib/.lake/build/ir/Plugin.c.o.export,2896,4a3892fb48764c559b9749c8383e32662d9ddf22242a3a1dca8d88227628d809,binary,opaque
anneal-3730-lake-plugin-artifact-identity-v4-30-0-rc2,support/work/prune-dynlib/.lake/build/ir/Plugin.c.o.export.hash,16,93b25a0d0758c6f871a91e7986da6f5e915c2004847445cbfdae88ecd6600b23,utf8,0 lines
anneal-3730-lake-plugin-artifact-identity-v4-30-0-rc2,support/work/prune-dynlib/.lake/build/ir/Plugin.c.o.export.trace,1846,f44cf40dec720086b87555d2d63d6d029b094604e684b8d9aee633b74c841521,utf8,17 lines
anneal-3730-lake-plugin-artifact-identity-v4-30-0-rc2,support/work/prune-dynlib/.lake/build/ir/Plugin.setup.json,133,a7670e230f52f2443315d9f3ac91a79b26e6134fe0e744b462b506027d7c68b5,json,parsed
anneal-3730-lake-plugin-artifact-identity-v4-30-0-rc2,support/work/prune-dynlib/.lake/build/lib/lean/Dep.ilean,432,81fd8c87e825d6db65a3d3fe8c3a3665840964fd46ae527f09a7b5a83c533b6f,utf8,0 lines
anneal-3730-lake-plugin-artifact-identity-v4-30-0-rc2,support/work/prune-dynlib/.lake/build/lib/lean/Dep.ilean.hash,16,300a703662f923390b58f896fc2d60ab0ccee1efa5a419a5032c204ff1d4749b,utf8,0 lines
anneal-3730-lake-plugin-artifact-identity-v4-30-0-rc2,support/work/prune-dynlib/.lake/build/lib/lean/Dep.olean,46504,078123f009c35edce8716cda15d83568dfbcb60c8840a0b74c26d47213ae02f2,binary,opaque
anneal-3730-lake-plugin-artifact-identity-v4-30-0-rc2,support/work/prune-dynlib/.lake/build/lib/lean/Dep.olean.hash,16,d632e21d08286b3260d0478f002d67478e060b29879d5a68ff6617aec39ddb93,utf8,0 lines
anneal-3730-lake-plugin-artifact-identity-v4-30-0-rc2,support/work/prune-dynlib/.lake/build/lib/lean/Dep.trace,2672,5dafd4e59b069359492358021307bd77c0ba499b4e1b444dce510780f33eaa04,utf8,31 lines
anneal-3730-lake-plugin-artifact-identity-v4-30-0-rc2,support/work/prune-dynlib/.lake/build/lib/lean/Plugin.ilean,763,82241cf24036266c72649be59d4cee63edfd27c3fe60e3ba9ccb2c6bd5a1c24e,utf8,0 lines
anneal-3730-lake-plugin-artifact-identity-v4-30-0-rc2,support/work/prune-dynlib/.lake/build/lib/lean/Plugin.ilean.hash,16,d4778f8abb914d3cdb34c4d1e5ca1cab773e7ffe2fc5c8c1e5edbac94cab2f6c,utf8,0 lines
anneal-3730-lake-plugin-artifact-identity-v4-30-0-rc2,support/work/prune-dynlib/.lake/build/lib/lean/Plugin.olean,24008,739418e648a1cf83f40810e3231485396edf1bec5a06b01afb7bd98c4709b243,binary,opaque
anneal-3730-lake-plugin-artifact-identity-v4-30-0-rc2,support/work/prune-dynlib/.lake/build/lib/lean/Plugin.olean.hash,16,79b2c9247658bf09b56b2e560369e7e1d86a7fbbb3b3a95c0bb8d7f038f0b7cb,utf8,0 lines
anneal-3730-lake-plugin-artifact-identity-v4-30-0-rc2,support/work/prune-dynlib/.lake/build/lib/lean/Plugin.trace,2699,8736e5b7621572e55ca71990e235bccf88572ca775a28bc3b528ec71013d4af2,utf8,31 lines
anneal-3730-lake-plugin-artifact-identity-v4-30-0-rc2,support/work/prune-dynlib/.lake/build/lib/lean/plugin__probe_Plugin.dylib.hash,16,5f8a7f2ef61ba71b79335cc4ab9f05d01dadc6d17e6eeeedc57965f068252823,utf8,0 lines
anneal-3730-lake-plugin-artifact-identity-v4-30-0-rc2,support/work/prune-dynlib/.lake/build/lib/lean/plugin__probe_Plugin.dylib.rsp,831,3429d443f7020aafd0f6d82699ed309dcafc3a52647be56a646b6107d78a9f15,utf8,17 lines
anneal-3730-lake-plugin-artifact-identity-v4-30-0-rc2,support/work/prune-dynlib/.lake/build/lib/lean/plugin__probe_Plugin.dylib.trace,1337,eaa13d8f8eb0b66a56a697d18dcdcfdc433fb6f374ef8e002bcd971beceebaed,utf8,16 lines
anneal-3730-lake-plugin-artifact-identity-v4-30-0-rc2,support/work/prune-dynlib/.lake/build/lib/lean/plugin__probe_Plugin.dylib.trace.nobuild,632,3e09bfe1a6d73939ca783334baa9ae67e1861fb1c45dcaa9a3618dc5d224ef24,utf8,13 lines
anneal-3730-lake-plugin-artifact-identity-v4-30-0-rc2,support/work/prune-dynlib/.lake/config/[anonymous]/lakefile.olean,109960,dcc03cee438dd4015795d41a189343df9ce57f9e622e441ab4528ae8721e0fe9,binary,opaque
anneal-3730-lake-plugin-artifact-identity-v4-30-0-rc2,support/work/prune-dynlib/.lake/config/[anonymous]/lakefile.olean.trace,184,60bf26e8691e5ced3414047943d48ea4aa8873128088fffa2c88814e0429520d,utf8,6 lines
anneal-3730-lake-plugin-artifact-identity-v4-30-0-rc2,support/work/prune-dynlib/Dep.lean,120,cbed218a5d55d82b23aef58c4be47e477fe71eca71e14c250804b1d15d5483af,utf8,4 lines
anneal-3730-lake-plugin-artifact-identity-v4-30-0-rc2,support/work/prune-dynlib/New.lean,75,b10e4c6b9c7ea3ce6253d4555055dfce6167eba042a952686c32cce486fe1470,utf8,4 lines
anneal-3730-lake-plugin-artifact-identity-v4-30-0-rc2,support/work/prune-dynlib/Plugin.lean,128,85d9f06b45372ec0dfed61803b996474a5ef628c77588dddd3ae0cc2136925ab,utf8,4 lines
anneal-3730-lake-plugin-artifact-identity-v4-30-0-rc2,support/work/prune-dynlib/Proof.lean,75,b10e4c6b9c7ea3ce6253d4555055dfce6167eba042a952686c32cce486fe1470,utf8,4 lines
anneal-3730-lake-plugin-artifact-identity-v4-30-0-rc2,support/work/prune-dynlib/lake-manifest.json,144,fd57c01d8aad1cdba3865359335a6293d1814ad3be46f77dc63f3b8e8aba4ef1,json,parsed
anneal-3730-lake-plugin-artifact-identity-v4-30-0-rc2,support/work/prune-dynlib/lakefile.lean,76,b7c8c75f318cc40faa1b83554d0aece81550b706f096f7a51600d75200cdc129,utf8,5 lines
anneal-3730-lake-plugin-artifact-identity-v4-30-0-rc2,support/work/prune-dynlib/lean-toolchain,29,ce4c4e3d87434b9663f46de25ce34b48a0cf0d392e0a320a0787b4674a2d7b61,utf8,1 lines
anneal-3730-lake-plugin-artifact-identity-v4-30-0-rc2,support/work/prune-ilean/.lake/build/ir/Dep.c,15625,9547d9af626029335daf798fa79fb5f280ecc92b10a35639d1f05f1fe77231f3,utf8,154 lines
anneal-3730-lake-plugin-artifact-identity-v4-30-0-rc2,support/work/prune-ilean/.lake/build/ir/Dep.c.hash,16,a6ea070c3c9b6c5a9f4fc311f607f5791a0ce679f544a69b7c658d4bc8cf4848,utf8,0 lines
anneal-3730-lake-plugin-artifact-identity-v4-30-0-rc2,support/work/prune-ilean/.lake/build/ir/Dep.setup.json,130,cdbb8e8be8399a49f505d612c34b9706f69f5a715e4aff6d7eff4a621c727a41,json,parsed
anneal-3730-lake-plugin-artifact-identity-v4-30-0-rc2,support/work/prune-ilean/.lake/build/ir/Plugin.c,4917,497fabfbed8bba8448a77aee21c39ebfdc2126694b68aec862d82ceacd4cbb48,utf8,108 lines
anneal-3730-lake-plugin-artifact-identity-v4-30-0-rc2,support/work/prune-ilean/.lake/build/ir/Plugin.c.hash,16,4b090d25804ded40e55713cad405e30b63e0b23f287c96d39014ad70281603d9,utf8,0 lines
anneal-3730-lake-plugin-artifact-identity-v4-30-0-rc2,support/work/prune-ilean/.lake/build/ir/Plugin.c.o.export,2896,4a3892fb48764c559b9749c8383e32662d9ddf22242a3a1dca8d88227628d809,binary,opaque
anneal-3730-lake-plugin-artifact-identity-v4-30-0-rc2,support/work/prune-ilean/.lake/build/ir/Plugin.c.o.export.hash,16,93b25a0d0758c6f871a91e7986da6f5e915c2004847445cbfdae88ecd6600b23,utf8,0 lines
anneal-3730-lake-plugin-artifact-identity-v4-30-0-rc2,support/work/prune-ilean/.lake/build/ir/Plugin.c.o.export.trace,1846,f44cf40dec720086b87555d2d63d6d029b094604e684b8d9aee633b74c841521,utf8,17 lines
anneal-3730-lake-plugin-artifact-identity-v4-30-0-rc2,support/work/prune-ilean/.lake/build/ir/Plugin.setup.json,133,a7670e230f52f2443315d9f3ac91a79b26e6134fe0e744b462b506027d7c68b5,json,parsed
anneal-3730-lake-plugin-artifact-identity-v4-30-0-rc2,support/work/prune-ilean/.lake/build/lib/lean/Dep.ilean,432,81fd8c87e825d6db65a3d3fe8c3a3665840964fd46ae527f09a7b5a83c533b6f,utf8,0 lines
anneal-3730-lake-plugin-artifact-identity-v4-30-0-rc2,support/work/prune-ilean/.lake/build/lib/lean/Dep.ilean.hash,16,300a703662f923390b58f896fc2d60ab0ccee1efa5a419a5032c204ff1d4749b,utf8,0 lines
anneal-3730-lake-plugin-artifact-identity-v4-30-0-rc2,support/work/prune-ilean/.lake/build/lib/lean/Dep.olean,46504,078123f009c35edce8716cda15d83568dfbcb60c8840a0b74c26d47213ae02f2,binary,opaque
anneal-3730-lake-plugin-artifact-identity-v4-30-0-rc2,support/work/prune-ilean/.lake/build/lib/lean/Dep.olean.hash,16,d632e21d08286b3260d0478f002d67478e060b29879d5a68ff6617aec39ddb93,utf8,0 lines
anneal-3730-lake-plugin-artifact-identity-v4-30-0-rc2,support/work/prune-ilean/.lake/build/lib/lean/Dep.trace,2700,a03cceb28141204920b67d6164201cf5a4539b9cb9e5b8e3acce5fe76e5ecdc4,utf8,31 lines
anneal-3730-lake-plugin-artifact-identity-v4-30-0-rc2,support/work/prune-ilean/.lake/build/lib/lean/Plugin.ilean,763,82241cf24036266c72649be59d4cee63edfd27c3fe60e3ba9ccb2c6bd5a1c24e,utf8,0 lines
anneal-3730-lake-plugin-artifact-identity-v4-30-0-rc2,support/work/prune-ilean/.lake/build/lib/lean/Plugin.ilean.hash,16,d4778f8abb914d3cdb34c4d1e5ca1cab773e7ffe2fc5c8c1e5edbac94cab2f6c,utf8,0 lines
anneal-3730-lake-plugin-artifact-identity-v4-30-0-rc2,support/work/prune-ilean/.lake/build/lib/lean/Plugin.olean,24008,739418e648a1cf83f40810e3231485396edf1bec5a06b01afb7bd98c4709b243,binary,opaque
anneal-3730-lake-plugin-artifact-identity-v4-30-0-rc2,support/work/prune-ilean/.lake/build/lib/lean/Plugin.olean.hash,16,79b2c9247658bf09b56b2e560369e7e1d86a7fbbb3b3a95c0bb8d7f038f0b7cb,utf8,0 lines
anneal-3730-lake-plugin-artifact-identity-v4-30-0-rc2,support/work/prune-ilean/.lake/build/lib/lean/Plugin.trace,2699,8736e5b7621572e55ca71990e235bccf88572ca775a28bc3b528ec71013d4af2,utf8,31 lines
anneal-3730-lake-plugin-artifact-identity-v4-30-0-rc2,support/work/prune-ilean/.lake/build/lib/lean/plugin__probe_Plugin.dylib,51120,3f4a1cb3a67a0027f0c90e819afc20d009ddb921cb7f4c0e0095db074e085aa4,binary,opaque
anneal-3730-lake-plugin-artifact-identity-v4-30-0-rc2,support/work/prune-ilean/.lake/build/lib/lean/plugin__probe_Plugin.dylib.hash,16,5f8a7f2ef61ba71b79335cc4ab9f05d01dadc6d17e6eeeedc57965f068252823,utf8,0 lines
anneal-3730-lake-plugin-artifact-identity-v4-30-0-rc2,support/work/prune-ilean/.lake/build/lib/lean/plugin__probe_Plugin.dylib.rsp,831,3429d443f7020aafd0f6d82699ed309dcafc3a52647be56a646b6107d78a9f15,utf8,17 lines
anneal-3730-lake-plugin-artifact-identity-v4-30-0-rc2,support/work/prune-ilean/.lake/build/lib/lean/plugin__probe_Plugin.dylib.trace,1337,eaa13d8f8eb0b66a56a697d18dcdcfdc433fb6f374ef8e002bcd971beceebaed,utf8,16 lines
anneal-3730-lake-plugin-artifact-identity-v4-30-0-rc2,support/work/prune-ilean/.lake/config/[anonymous]/lakefile.olean,109960,dcc03cee438dd4015795d41a189343df9ce57f9e622e441ab4528ae8721e0fe9,binary,opaque
anneal-3730-lake-plugin-artifact-identity-v4-30-0-rc2,support/work/prune-ilean/.lake/config/[anonymous]/lakefile.olean.trace,184,60bf26e8691e5ced3414047943d48ea4aa8873128088fffa2c88814e0429520d,utf8,6 lines
anneal-3730-lake-plugin-artifact-identity-v4-30-0-rc2,support/work/prune-ilean/Dep.lean,120,cbed218a5d55d82b23aef58c4be47e477fe71eca71e14c250804b1d15d5483af,utf8,4 lines
anneal-3730-lake-plugin-artifact-identity-v4-30-0-rc2,support/work/prune-ilean/New.lean,75,b10e4c6b9c7ea3ce6253d4555055dfce6167eba042a952686c32cce486fe1470,utf8,4 lines
anneal-3730-lake-plugin-artifact-identity-v4-30-0-rc2,support/work/prune-ilean/Plugin.lean,128,85d9f06b45372ec0dfed61803b996474a5ef628c77588dddd3ae0cc2136925ab,utf8,4 lines
anneal-3730-lake-plugin-artifact-identity-v4-30-0-rc2,support/work/prune-ilean/Proof.lean,75,b10e4c6b9c7ea3ce6253d4555055dfce6167eba042a952686c32cce486fe1470,utf8,4 lines
anneal-3730-lake-plugin-artifact-identity-v4-30-0-rc2,support/work/prune-ilean/lake-manifest.json,144,fd57c01d8aad1cdba3865359335a6293d1814ad3be46f77dc63f3b8e8aba4ef1,json,parsed
anneal-3730-lake-plugin-artifact-identity-v4-30-0-rc2,support/work/prune-ilean/lakefile.lean,76,b7c8c75f318cc40faa1b83554d0aece81550b706f096f7a51600d75200cdc129,utf8,5 lines
anneal-3730-lake-plugin-artifact-identity-v4-30-0-rc2,support/work/prune-ilean/lean-toolchain,29,ce4c4e3d87434b9663f46de25ce34b48a0cf0d392e0a320a0787b4674a2d7b61,utf8,1 lines
anneal-3730-lake-plugin-artifact-identity-v4-30-0-rc2,support/work/prune-ilean/marker.txt,9,d3fee1b1103ae4a2e7fd52a5939b5a049c8fa2b1e821c848679b6c33594f0400,utf8,0 lines
anneal-3730-lake-plugin-artifact-identity-v4-30-0-rc2,support/work/prune-olean/.lake/build/ir/Dep.c,15625,9547d9af626029335daf798fa79fb5f280ecc92b10a35639d1f05f1fe77231f3,utf8,154 lines
anneal-3730-lake-plugin-artifact-identity-v4-30-0-rc2,support/work/prune-olean/.lake/build/ir/Dep.c.hash,16,a6ea070c3c9b6c5a9f4fc311f607f5791a0ce679f544a69b7c658d4bc8cf4848,utf8,0 lines
anneal-3730-lake-plugin-artifact-identity-v4-30-0-rc2,support/work/prune-olean/.lake/build/ir/Dep.setup.json,130,cdbb8e8be8399a49f505d612c34b9706f69f5a715e4aff6d7eff4a621c727a41,json,parsed
anneal-3730-lake-plugin-artifact-identity-v4-30-0-rc2,support/work/prune-olean/.lake/build/ir/Plugin.c,4917,497fabfbed8bba8448a77aee21c39ebfdc2126694b68aec862d82ceacd4cbb48,utf8,108 lines
anneal-3730-lake-plugin-artifact-identity-v4-30-0-rc2,support/work/prune-olean/.lake/build/ir/Plugin.c.hash,16,4b090d25804ded40e55713cad405e30b63e0b23f287c96d39014ad70281603d9,utf8,0 lines
anneal-3730-lake-plugin-artifact-identity-v4-30-0-rc2,support/work/prune-olean/.lake/build/ir/Plugin.c.o.export,2896,4a3892fb48764c559b9749c8383e32662d9ddf22242a3a1dca8d88227628d809,binary,opaque
anneal-3730-lake-plugin-artifact-identity-v4-30-0-rc2,support/work/prune-olean/.lake/build/ir/Plugin.c.o.export.hash,16,93b25a0d0758c6f871a91e7986da6f5e915c2004847445cbfdae88ecd6600b23,utf8,0 lines
anneal-3730-lake-plugin-artifact-identity-v4-30-0-rc2,support/work/prune-olean/.lake/build/ir/Plugin.c.o.export.trace,1846,f44cf40dec720086b87555d2d63d6d029b094604e684b8d9aee633b74c841521,utf8,17 lines
anneal-3730-lake-plugin-artifact-identity-v4-30-0-rc2,support/work/prune-olean/.lake/build/ir/Plugin.setup.json,133,a7670e230f52f2443315d9f3ac91a79b26e6134fe0e744b462b506027d7c68b5,json,parsed
anneal-3730-lake-plugin-artifact-identity-v4-30-0-rc2,support/work/prune-olean/.lake/build/lib/lean/Dep.ilean,432,81fd8c87e825d6db65a3d3fe8c3a3665840964fd46ae527f09a7b5a83c533b6f,utf8,0 lines
anneal-3730-lake-plugin-artifact-identity-v4-30-0-rc2,support/work/prune-olean/.lake/build/lib/lean/Dep.ilean.hash,16,300a703662f923390b58f896fc2d60ab0ccee1efa5a419a5032c204ff1d4749b,utf8,0 lines
anneal-3730-lake-plugin-artifact-identity-v4-30-0-rc2,support/work/prune-olean/.lake/build/lib/lean/Dep.olean,46504,078123f009c35edce8716cda15d83568dfbcb60c8840a0b74c26d47213ae02f2,binary,opaque
anneal-3730-lake-plugin-artifact-identity-v4-30-0-rc2,support/work/prune-olean/.lake/build/lib/lean/Dep.olean.hash,16,d632e21d08286b3260d0478f002d67478e060b29879d5a68ff6617aec39ddb93,utf8,0 lines
anneal-3730-lake-plugin-artifact-identity-v4-30-0-rc2,support/work/prune-olean/.lake/build/lib/lean/Dep.trace,2700,e752ca5ae4fda02d7f18580c03919672c28f8424922ae8e34797d9bef72b4cbc,utf8,31 lines
anneal-3730-lake-plugin-artifact-identity-v4-30-0-rc2,support/work/prune-olean/.lake/build/lib/lean/Plugin.ilean,763,82241cf24036266c72649be59d4cee63edfd27c3fe60e3ba9ccb2c6bd5a1c24e,utf8,0 lines
anneal-3730-lake-plugin-artifact-identity-v4-30-0-rc2,support/work/prune-olean/.lake/build/lib/lean/Plugin.ilean.hash,16,d4778f8abb914d3cdb34c4d1e5ca1cab773e7ffe2fc5c8c1e5edbac94cab2f6c,utf8,0 lines
anneal-3730-lake-plugin-artifact-identity-v4-30-0-rc2,support/work/prune-olean/.lake/build/lib/lean/Plugin.olean,24008,739418e648a1cf83f40810e3231485396edf1bec5a06b01afb7bd98c4709b243,binary,opaque
anneal-3730-lake-plugin-artifact-identity-v4-30-0-rc2,support/work/prune-olean/.lake/build/lib/lean/Plugin.olean.hash,16,79b2c9247658bf09b56b2e560369e7e1d86a7fbbb3b3a95c0bb8d7f038f0b7cb,utf8,0 lines
anneal-3730-lake-plugin-artifact-identity-v4-30-0-rc2,support/work/prune-olean/.lake/build/lib/lean/Plugin.trace,2699,8736e5b7621572e55ca71990e235bccf88572ca775a28bc3b528ec71013d4af2,utf8,31 lines
anneal-3730-lake-plugin-artifact-identity-v4-30-0-rc2,support/work/prune-olean/.lake/build/lib/lean/plugin__probe_Plugin.dylib,51120,3f4a1cb3a67a0027f0c90e819afc20d009ddb921cb7f4c0e0095db074e085aa4,binary,opaque
anneal-3730-lake-plugin-artifact-identity-v4-30-0-rc2,support/work/prune-olean/.lake/build/lib/lean/plugin__probe_Plugin.dylib.hash,16,5f8a7f2ef61ba71b79335cc4ab9f05d01dadc6d17e6eeeedc57965f068252823,utf8,0 lines
anneal-3730-lake-plugin-artifact-identity-v4-30-0-rc2,support/work/prune-olean/.lake/build/lib/lean/plugin__probe_Plugin.dylib.rsp,831,3429d443f7020aafd0f6d82699ed309dcafc3a52647be56a646b6107d78a9f15,utf8,17 lines
anneal-3730-lake-plugin-artifact-identity-v4-30-0-rc2,support/work/prune-olean/.lake/build/lib/lean/plugin__probe_Plugin.dylib.trace,1337,eaa13d8f8eb0b66a56a697d18dcdcfdc433fb6f374ef8e002bcd971beceebaed,utf8,16 lines
anneal-3730-lake-plugin-artifact-identity-v4-30-0-rc2,support/work/prune-olean/.lake/config/[anonymous]/lakefile.olean,109960,dcc03cee438dd4015795d41a189343df9ce57f9e622e441ab4528ae8721e0fe9,binary,opaque
anneal-3730-lake-plugin-artifact-identity-v4-30-0-rc2,support/work/prune-olean/.lake/config/[anonymous]/lakefile.olean.trace,184,60bf26e8691e5ced3414047943d48ea4aa8873128088fffa2c88814e0429520d,utf8,6 lines
anneal-3730-lake-plugin-artifact-identity-v4-30-0-rc2,support/work/prune-olean/Dep.lean,120,cbed218a5d55d82b23aef58c4be47e477fe71eca71e14c250804b1d15d5483af,utf8,4 lines
anneal-3730-lake-plugin-artifact-identity-v4-30-0-rc2,support/work/prune-olean/New.lean,75,b10e4c6b9c7ea3ce6253d4555055dfce6167eba042a952686c32cce486fe1470,utf8,4 lines
anneal-3730-lake-plugin-artifact-identity-v4-30-0-rc2,support/work/prune-olean/Plugin.lean,128,85d9f06b45372ec0dfed61803b996474a5ef628c77588dddd3ae0cc2136925ab,utf8,4 lines
anneal-3730-lake-plugin-artifact-identity-v4-30-0-rc2,support/work/prune-olean/Proof.lean,75,b10e4c6b9c7ea3ce6253d4555055dfce6167eba042a952686c32cce486fe1470,utf8,4 lines
anneal-3730-lake-plugin-artifact-identity-v4-30-0-rc2,support/work/prune-olean/lake-manifest.json,144,fd57c01d8aad1cdba3865359335a6293d1814ad3be46f77dc63f3b8e8aba4ef1,json,parsed
anneal-3730-lake-plugin-artifact-identity-v4-30-0-rc2,support/work/prune-olean/lakefile.lean,76,b7c8c75f318cc40faa1b83554d0aece81550b706f096f7a51600d75200cdc129,utf8,5 lines
anneal-3730-lake-plugin-artifact-identity-v4-30-0-rc2,support/work/prune-olean/lean-toolchain,29,ce4c4e3d87434b9663f46de25ce34b48a0cf0d392e0a320a0787b4674a2d7b61,utf8,1 lines
anneal-3730-lake-plugin-artifact-identity-v4-30-0-rc2,support/work/prune-olean/marker.txt,9,d3fee1b1103ae4a2e7fd52a5939b5a049c8fa2b1e821c848679b6c33594f0400,utf8,0 lines
anneal-3730-lake-plugin-artifact-identity-v4-30-0-rc2,support/work/seed-alien/.lake/build/ir/Alien.c,2129,46699f1696b14a954d812a2c3767633fdd3b7e5e3b78b9f443d63d7271f3dbff,utf8,60 lines
anneal-3730-lake-plugin-artifact-identity-v4-30-0-rc2,support/work/seed-alien/.lake/build/ir/Alien.c.hash,16,17fa573cb65e03a2b258a0565cd144ea45196056bdd8384cf607baae9b806a3b,utf8,0 lines
anneal-3730-lake-plugin-artifact-identity-v4-30-0-rc2,support/work/seed-alien/.lake/build/ir/Alien.c.o.export,2056,6a24140634aca542c5e4aceb12eeeeb24a12f61809d6773f334829c0d716acd3,binary,opaque
anneal-3730-lake-plugin-artifact-identity-v4-30-0-rc2,support/work/seed-alien/.lake/build/ir/Alien.c.o.export.hash,16,cdaa1892ed028a239cc0f25d3913c2dbc9890badbf0140094e2b51020d623031,utf8,0 lines
anneal-3730-lake-plugin-artifact-identity-v4-30-0-rc2,support/work/seed-alien/.lake/build/ir/Alien.c.o.export.trace,1851,5775e305a553eb7a978b74d933a3bcce0bd902e8d5bf284f15ea3a8e06fd16f7,utf8,17 lines
anneal-3730-lake-plugin-artifact-identity-v4-30-0-rc2,support/work/seed-alien/.lake/build/ir/Alien.setup.json,132,e699686d172a8821d3062e988d9fb43c1252c4e76383b5075ad779055a93f0f0,json,parsed
anneal-3730-lake-plugin-artifact-identity-v4-30-0-rc2,support/work/seed-alien/.lake/build/ir/Dep.c,15625,9547d9af626029335daf798fa79fb5f280ecc92b10a35639d1f05f1fe77231f3,utf8,154 lines
anneal-3730-lake-plugin-artifact-identity-v4-30-0-rc2,support/work/seed-alien/.lake/build/ir/Dep.c.hash,16,a6ea070c3c9b6c5a9f4fc311f607f5791a0ce679f544a69b7c658d4bc8cf4848,utf8,0 lines
anneal-3730-lake-plugin-artifact-identity-v4-30-0-rc2,support/work/seed-alien/.lake/build/ir/Dep.setup.json,130,cdbb8e8be8399a49f505d612c34b9706f69f5a715e4aff6d7eff4a621c727a41,json,parsed
anneal-3730-lake-plugin-artifact-identity-v4-30-0-rc2,support/work/seed-alien/.lake/build/ir/Plugin.c,4917,497fabfbed8bba8448a77aee21c39ebfdc2126694b68aec862d82ceacd4cbb48,utf8,108 lines
anneal-3730-lake-plugin-artifact-identity-v4-30-0-rc2,support/work/seed-alien/.lake/build/ir/Plugin.c.hash,16,4b090d25804ded40e55713cad405e30b63e0b23f287c96d39014ad70281603d9,utf8,0 lines
anneal-3730-lake-plugin-artifact-identity-v4-30-0-rc2,support/work/seed-alien/.lake/build/ir/Plugin.c.o.export,2896,4a3892fb48764c559b9749c8383e32662d9ddf22242a3a1dca8d88227628d809,binary,opaque
anneal-3730-lake-plugin-artifact-identity-v4-30-0-rc2,support/work/seed-alien/.lake/build/ir/Plugin.c.o.export.hash,16,93b25a0d0758c6f871a91e7986da6f5e915c2004847445cbfdae88ecd6600b23,utf8,0 lines
anneal-3730-lake-plugin-artifact-identity-v4-30-0-rc2,support/work/seed-alien/.lake/build/ir/Plugin.c.o.export.trace,1855,65dc152572f76452412b55cebb7500c5e42e19e8c18dd00d6195f237b6a309b4,utf8,17 lines
anneal-3730-lake-plugin-artifact-identity-v4-30-0-rc2,support/work/seed-alien/.lake/build/ir/Plugin.setup.json,133,a7670e230f52f2443315d9f3ac91a79b26e6134fe0e744b462b506027d7c68b5,json,parsed
anneal-3730-lake-plugin-artifact-identity-v4-30-0-rc2,support/work/seed-alien/.lake/build/lib/lean/Alien.ilean,448,ae099226171aed7727959f0f555b40ea7c6a48c3049458c3020d48c3b9961a01,utf8,0 lines
anneal-3730-lake-plugin-artifact-identity-v4-30-0-rc2,support/work/seed-alien/.lake/build/lib/lean/Alien.ilean.hash,16,f6c128510ff9bcb5ac97f374f373f3840c0e48a915ad63523b55e42ab33e4820,utf8,0 lines
anneal-3730-lake-plugin-artifact-identity-v4-30-0-rc2,support/work/seed-alien/.lake/build/lib/lean/Alien.olean,8752,2e846ea7a979379b0d8a822596356cdc9f4ba84c607f7dece2239401a6fb2d18,binary,opaque
anneal-3730-lake-plugin-artifact-identity-v4-30-0-rc2,support/work/seed-alien/.lake/build/lib/lean/Alien.olean.hash,16,f613285170211bcde3607cc87b790dfb51136f94250668570b5da2d7193bd5c1,utf8,0 lines
anneal-3730-lake-plugin-artifact-identity-v4-30-0-rc2,support/work/seed-alien/.lake/build/lib/lean/Alien.trace,2711,e459496cfaffee50a1488ca9c5e2054bce031cd8df80d4f969e7009592c463c3,utf8,31 lines
anneal-3730-lake-plugin-artifact-identity-v4-30-0-rc2,support/work/seed-alien/.lake/build/lib/lean/Dep.ilean,432,81fd8c87e825d6db65a3d3fe8c3a3665840964fd46ae527f09a7b5a83c533b6f,utf8,0 lines
anneal-3730-lake-plugin-artifact-identity-v4-30-0-rc2,support/work/seed-alien/.lake/build/lib/lean/Dep.ilean.hash,16,300a703662f923390b58f896fc2d60ab0ccee1efa5a419a5032c204ff1d4749b,utf8,0 lines
anneal-3730-lake-plugin-artifact-identity-v4-30-0-rc2,support/work/seed-alien/.lake/build/lib/lean/Dep.olean,46504,078123f009c35edce8716cda15d83568dfbcb60c8840a0b74c26d47213ae02f2,binary,opaque
anneal-3730-lake-plugin-artifact-identity-v4-30-0-rc2,support/work/seed-alien/.lake/build/lib/lean/Dep.olean.hash,16,d632e21d08286b3260d0478f002d67478e060b29879d5a68ff6617aec39ddb93,utf8,0 lines
anneal-3730-lake-plugin-artifact-identity-v4-30-0-rc2,support/work/seed-alien/.lake/build/lib/lean/Dep.trace,2693,ba945b73643729c7e8f334406971bbafd861daacae82522bac53b1de10748a5e,utf8,31 lines
anneal-3730-lake-plugin-artifact-identity-v4-30-0-rc2,support/work/seed-alien/.lake/build/lib/lean/Plugin.ilean,763,82241cf24036266c72649be59d4cee63edfd27c3fe60e3ba9ccb2c6bd5a1c24e,utf8,0 lines
anneal-3730-lake-plugin-artifact-identity-v4-30-0-rc2,support/work/seed-alien/.lake/build/lib/lean/Plugin.ilean.hash,16,d4778f8abb914d3cdb34c4d1e5ca1cab773e7ffe2fc5c8c1e5edbac94cab2f6c,utf8,0 lines
anneal-3730-lake-plugin-artifact-identity-v4-30-0-rc2,support/work/seed-alien/.lake/build/lib/lean/Plugin.olean,24008,739418e648a1cf83f40810e3231485396edf1bec5a06b01afb7bd98c4709b243,binary,opaque
anneal-3730-lake-plugin-artifact-identity-v4-30-0-rc2,support/work/seed-alien/.lake/build/lib/lean/Plugin.olean.hash,16,79b2c9247658bf09b56b2e560369e7e1d86a7fbbb3b3a95c0bb8d7f038f0b7cb,utf8,0 lines
anneal-3730-lake-plugin-artifact-identity-v4-30-0-rc2,support/work/seed-alien/.lake/build/lib/lean/Plugin.trace,2720,9516ab7a83a5f5d7c8c4d1cf8ce961f1ec0bb67dace5010135c669434894abc2,utf8,31 lines
anneal-3730-lake-plugin-artifact-identity-v4-30-0-rc2,support/work/seed-alien/.lake/build/lib/lean/plugin__probe_Alien.dylib,50672,36444a43c5c5a9b0a4cb3d7f13d1e1922b13428afb30b858f746fccf142ea77b,binary,opaque
anneal-3730-lake-plugin-artifact-identity-v4-30-0-rc2,support/work/seed-alien/.lake/build/lib/lean/plugin__probe_Alien.dylib.hash,16,30f5a3818b405a173e8e98eb3005880058e35873a0043c6b6bb76b0ab44fe532,utf8,0 lines
anneal-3730-lake-plugin-artifact-identity-v4-30-0-rc2,support/work/seed-alien/.lake/build/lib/lean/plugin__probe_Alien.dylib.rsp,833,c0391e3a4ea6af4ff5b51952b3815ecd44368fc895fa5b07975aca7ae50d75d2,utf8,17 lines
anneal-3730-lake-plugin-artifact-identity-v4-30-0-rc2,support/work/seed-alien/.lake/build/lib/lean/plugin__probe_Alien.dylib.trace,1343,5a66764134c2d396c9c4f56da0abab74fa75ee3a17cb7e96c911e66158901147,utf8,16 lines
anneal-3730-lake-plugin-artifact-identity-v4-30-0-rc2,support/work/seed-alien/.lake/build/lib/lean/plugin__probe_Plugin.dylib,51120,cf0fe20a41e93afd63a4f05b309e0eeba2b924da568d2d34e3f27175af57e22f,binary,opaque
anneal-3730-lake-plugin-artifact-identity-v4-30-0-rc2,support/work/seed-alien/.lake/build/lib/lean/plugin__probe_Plugin.dylib.hash,16,80a131e856128782e391f41e45bac261db9ea46665c5ef23f7283834d685575e,utf8,0 lines
anneal-3730-lake-plugin-artifact-identity-v4-30-0-rc2,support/work/seed-alien/.lake/build/lib/lean/plugin__probe_Plugin.dylib.rsp,834,522d294820697e9893961f34a6d1469104dbd5ceb80fe09f196a4a413c6bb779,utf8,17 lines
anneal-3730-lake-plugin-artifact-identity-v4-30-0-rc2,support/work/seed-alien/.lake/build/lib/lean/plugin__probe_Plugin.dylib.trace,1346,f8866038900b6fdd1fe717ccec27a91a9747734e2ab943664aa19100e51c5fb9,utf8,16 lines
anneal-3730-lake-plugin-artifact-identity-v4-30-0-rc2,support/work/seed-alien/.lake/config/[anonymous]/lakefile.olean,123272,31c38c8d3956f58ef251520b9dc43bfddea788507b2ad9c62ee217ef7e4ab10a,binary,opaque
anneal-3730-lake-plugin-artifact-identity-v4-30-0-rc2,support/work/seed-alien/.lake/config/[anonymous]/lakefile.olean.trace,184,0ac1b4749705f15b8f7bd45902a39bf2e758b204bb93029af29a472f6ab98d0b,utf8,6 lines
anneal-3730-lake-plugin-artifact-identity-v4-30-0-rc2,support/work/seed-alien/Alien.lean,31,7278d92e10cdac53a2e195efaa974db4125efd0d39fd9f38e74cea8250bcb6f9,utf8,2 lines
anneal-3730-lake-plugin-artifact-identity-v4-30-0-rc2,support/work/seed-alien/Dep.lean,120,cbed218a5d55d82b23aef58c4be47e477fe71eca71e14c250804b1d15d5483af,utf8,4 lines
anneal-3730-lake-plugin-artifact-identity-v4-30-0-rc2,support/work/seed-alien/New.lean,75,b10e4c6b9c7ea3ce6253d4555055dfce6167eba042a952686c32cce486fe1470,utf8,4 lines
anneal-3730-lake-plugin-artifact-identity-v4-30-0-rc2,support/work/seed-alien/Plugin.lean,128,85d9f06b45372ec0dfed61803b996474a5ef628c77588dddd3ae0cc2136925ab,utf8,4 lines
anneal-3730-lake-plugin-artifact-identity-v4-30-0-rc2,support/work/seed-alien/Proof.lean,75,b10e4c6b9c7ea3ce6253d4555055dfce6167eba042a952686c32cce486fe1470,utf8,4 lines
anneal-3730-lake-plugin-artifact-identity-v4-30-0-rc2,support/work/seed-alien/lake-manifest.json,144,fd57c01d8aad1cdba3865359335a6293d1814ad3be46f77dc63f3b8e8aba4ef1,json,parsed
anneal-3730-lake-plugin-artifact-identity-v4-30-0-rc2,support/work/seed-alien/lakefile.lean,91,7120059c6d807ac95971d24170d357569555cdf1afd7edc0afdeb445952f5269,utf8,6 lines
anneal-3730-lake-plugin-artifact-identity-v4-30-0-rc2,support/work/seed-alien/lean-toolchain,29,ce4c4e3d87434b9663f46de25ce34b48a0cf0d392e0a320a0787b4674a2d7b61,utf8,1 lines
anneal-3730-lake-plugin-artifact-identity-v4-30-0-rc2,support/work/seed-v1/.lake/build/ir/Dep.c,15625,9547d9af626029335daf798fa79fb5f280ecc92b10a35639d1f05f1fe77231f3,utf8,154 lines
anneal-3730-lake-plugin-artifact-identity-v4-30-0-rc2,support/work/seed-v1/.lake/build/ir/Dep.c.hash,16,a6ea070c3c9b6c5a9f4fc311f607f5791a0ce679f544a69b7c658d4bc8cf4848,utf8,0 lines
anneal-3730-lake-plugin-artifact-identity-v4-30-0-rc2,support/work/seed-v1/.lake/build/ir/Dep.setup.json,130,cdbb8e8be8399a49f505d612c34b9706f69f5a715e4aff6d7eff4a621c727a41,json,parsed
anneal-3730-lake-plugin-artifact-identity-v4-30-0-rc2,support/work/seed-v1/.lake/build/ir/Plugin.c,4917,497fabfbed8bba8448a77aee21c39ebfdc2126694b68aec862d82ceacd4cbb48,utf8,108 lines
anneal-3730-lake-plugin-artifact-identity-v4-30-0-rc2,support/work/seed-v1/.lake/build/ir/Plugin.c.hash,16,4b090d25804ded40e55713cad405e30b63e0b23f287c96d39014ad70281603d9,utf8,0 lines
anneal-3730-lake-plugin-artifact-identity-v4-30-0-rc2,support/work/seed-v1/.lake/build/ir/Plugin.c.o.export,2896,4a3892fb48764c559b9749c8383e32662d9ddf22242a3a1dca8d88227628d809,binary,opaque
anneal-3730-lake-plugin-artifact-identity-v4-30-0-rc2,support/work/seed-v1/.lake/build/ir/Plugin.c.o.export.hash,16,93b25a0d0758c6f871a91e7986da6f5e915c2004847445cbfdae88ecd6600b23,utf8,0 lines
anneal-3730-lake-plugin-artifact-identity-v4-30-0-rc2,support/work/seed-v1/.lake/build/ir/Plugin.c.o.export.trace,1846,f44cf40dec720086b87555d2d63d6d029b094604e684b8d9aee633b74c841521,utf8,17 lines
anneal-3730-lake-plugin-artifact-identity-v4-30-0-rc2,support/work/seed-v1/.lake/build/ir/Plugin.setup.json,133,a7670e230f52f2443315d9f3ac91a79b26e6134fe0e744b462b506027d7c68b5,json,parsed
anneal-3730-lake-plugin-artifact-identity-v4-30-0-rc2,support/work/seed-v1/.lake/build/lib/lean/Dep.ilean,432,81fd8c87e825d6db65a3d3fe8c3a3665840964fd46ae527f09a7b5a83c533b6f,utf8,0 lines
anneal-3730-lake-plugin-artifact-identity-v4-30-0-rc2,support/work/seed-v1/.lake/build/lib/lean/Dep.ilean.hash,16,300a703662f923390b58f896fc2d60ab0ccee1efa5a419a5032c204ff1d4749b,utf8,0 lines
anneal-3730-lake-plugin-artifact-identity-v4-30-0-rc2,support/work/seed-v1/.lake/build/lib/lean/Dep.olean,46504,078123f009c35edce8716cda15d83568dfbcb60c8840a0b74c26d47213ae02f2,binary,opaque
anneal-3730-lake-plugin-artifact-identity-v4-30-0-rc2,support/work/seed-v1/.lake/build/lib/lean/Dep.olean.hash,16,d632e21d08286b3260d0478f002d67478e060b29879d5a68ff6617aec39ddb93,utf8,0 lines
anneal-3730-lake-plugin-artifact-identity-v4-30-0-rc2,support/work/seed-v1/.lake/build/lib/lean/Dep.trace,2672,5dafd4e59b069359492358021307bd77c0ba499b4e1b444dce510780f33eaa04,utf8,31 lines
anneal-3730-lake-plugin-artifact-identity-v4-30-0-rc2,support/work/seed-v1/.lake/build/lib/lean/Plugin.ilean,763,82241cf24036266c72649be59d4cee63edfd27c3fe60e3ba9ccb2c6bd5a1c24e,utf8,0 lines
anneal-3730-lake-plugin-artifact-identity-v4-30-0-rc2,support/work/seed-v1/.lake/build/lib/lean/Plugin.ilean.hash,16,d4778f8abb914d3cdb34c4d1e5ca1cab773e7ffe2fc5c8c1e5edbac94cab2f6c,utf8,0 lines
anneal-3730-lake-plugin-artifact-identity-v4-30-0-rc2,support/work/seed-v1/.lake/build/lib/lean/Plugin.olean,24008,739418e648a1cf83f40810e3231485396edf1bec5a06b01afb7bd98c4709b243,binary,opaque
anneal-3730-lake-plugin-artifact-identity-v4-30-0-rc2,support/work/seed-v1/.lake/build/lib/lean/Plugin.olean.hash,16,79b2c9247658bf09b56b2e560369e7e1d86a7fbbb3b3a95c0bb8d7f038f0b7cb,utf8,0 lines
anneal-3730-lake-plugin-artifact-identity-v4-30-0-rc2,support/work/seed-v1/.lake/build/lib/lean/Plugin.trace,2699,8736e5b7621572e55ca71990e235bccf88572ca775a28bc3b528ec71013d4af2,utf8,31 lines
anneal-3730-lake-plugin-artifact-identity-v4-30-0-rc2,support/work/seed-v1/.lake/build/lib/lean/plugin__probe_Plugin.dylib,51120,3f4a1cb3a67a0027f0c90e819afc20d009ddb921cb7f4c0e0095db074e085aa4,binary,opaque
anneal-3730-lake-plugin-artifact-identity-v4-30-0-rc2,support/work/seed-v1/.lake/build/lib/lean/plugin__probe_Plugin.dylib.hash,16,5f8a7f2ef61ba71b79335cc4ab9f05d01dadc6d17e6eeeedc57965f068252823,utf8,0 lines
anneal-3730-lake-plugin-artifact-identity-v4-30-0-rc2,support/work/seed-v1/.lake/build/lib/lean/plugin__probe_Plugin.dylib.rsp,831,3429d443f7020aafd0f6d82699ed309dcafc3a52647be56a646b6107d78a9f15,utf8,17 lines
anneal-3730-lake-plugin-artifact-identity-v4-30-0-rc2,support/work/seed-v1/.lake/build/lib/lean/plugin__probe_Plugin.dylib.trace,1337,eaa13d8f8eb0b66a56a697d18dcdcfdc433fb6f374ef8e002bcd971beceebaed,utf8,16 lines
anneal-3730-lake-plugin-artifact-identity-v4-30-0-rc2,support/work/seed-v1/.lake/config/[anonymous]/lakefile.olean,109960,dcc03cee438dd4015795d41a189343df9ce57f9e622e441ab4528ae8721e0fe9,binary,opaque
anneal-3730-lake-plugin-artifact-identity-v4-30-0-rc2,support/work/seed-v1/.lake/config/[anonymous]/lakefile.olean.trace,184,60bf26e8691e5ced3414047943d48ea4aa8873128088fffa2c88814e0429520d,utf8,6 lines
anneal-3730-lake-plugin-artifact-identity-v4-30-0-rc2,support/work/seed-v1/Dep.lean,120,cbed218a5d55d82b23aef58c4be47e477fe71eca71e14c250804b1d15d5483af,utf8,4 lines
anneal-3730-lake-plugin-artifact-identity-v4-30-0-rc2,support/work/seed-v1/New.lean,75,b10e4c6b9c7ea3ce6253d4555055dfce6167eba042a952686c32cce486fe1470,utf8,4 lines
anneal-3730-lake-plugin-artifact-identity-v4-30-0-rc2,support/work/seed-v1/Plugin.lean,128,85d9f06b45372ec0dfed61803b996474a5ef628c77588dddd3ae0cc2136925ab,utf8,4 lines
anneal-3730-lake-plugin-artifact-identity-v4-30-0-rc2,support/work/seed-v1/Proof.lean,75,b10e4c6b9c7ea3ce6253d4555055dfce6167eba042a952686c32cce486fe1470,utf8,4 lines
anneal-3730-lake-plugin-artifact-identity-v4-30-0-rc2,support/work/seed-v1/lake-manifest.json,144,fd57c01d8aad1cdba3865359335a6293d1814ad3be46f77dc63f3b8e8aba4ef1,json,parsed
anneal-3730-lake-plugin-artifact-identity-v4-30-0-rc2,support/work/seed-v1/lakefile.lean,76,b7c8c75f318cc40faa1b83554d0aece81550b706f096f7a51600d75200cdc129,utf8,5 lines
anneal-3730-lake-plugin-artifact-identity-v4-30-0-rc2,support/work/seed-v1/lean-toolchain,29,ce4c4e3d87434b9663f46de25ce34b48a0cf0d392e0a320a0787b4674a2d7b61,utf8,1 lines
anneal-3730-lake-plugin-artifact-identity-v4-30-0-rc2,support/work/seed-v2/.lake/build/ir/Dep.c,15625,9547d9af626029335daf798fa79fb5f280ecc92b10a35639d1f05f1fe77231f3,utf8,154 lines
anneal-3730-lake-plugin-artifact-identity-v4-30-0-rc2,support/work/seed-v2/.lake/build/ir/Dep.c.hash,16,a6ea070c3c9b6c5a9f4fc311f607f5791a0ce679f544a69b7c658d4bc8cf4848,utf8,0 lines
anneal-3730-lake-plugin-artifact-identity-v4-30-0-rc2,support/work/seed-v2/.lake/build/ir/Dep.setup.json,130,cdbb8e8be8399a49f505d612c34b9706f69f5a715e4aff6d7eff4a621c727a41,json,parsed
anneal-3730-lake-plugin-artifact-identity-v4-30-0-rc2,support/work/seed-v2/.lake/build/ir/Plugin.c,4917,ee5276491f4db79e0ec6a7a108efcc08707ac7c123668c18cece99200f54db9f,utf8,108 lines
anneal-3730-lake-plugin-artifact-identity-v4-30-0-rc2,support/work/seed-v2/.lake/build/ir/Plugin.c.hash,16,055078e70d6c0068c524bbcc43078e92b7d1791dd174e7f7e40b752d63533b08,utf8,0 lines
anneal-3730-lake-plugin-artifact-identity-v4-30-0-rc2,support/work/seed-v2/.lake/build/ir/Plugin.c.o.export,2896,12c0d65b66dcd99fa675ab433d3e631ff18b704c319b219672e1481b52acf3b3,binary,opaque
anneal-3730-lake-plugin-artifact-identity-v4-30-0-rc2,support/work/seed-v2/.lake/build/ir/Plugin.c.o.export.hash,16,6ce666694554c1e87e91cedf23d6869d034b98af18f0b072655a409962463582,utf8,0 lines
anneal-3730-lake-plugin-artifact-identity-v4-30-0-rc2,support/work/seed-v2/.lake/build/ir/Plugin.c.o.export.trace,1846,dc784f3a6b43a814ce7c8180b0632a36251729a9a5eec015cc765326c8b7602a,utf8,17 lines
anneal-3730-lake-plugin-artifact-identity-v4-30-0-rc2,support/work/seed-v2/.lake/build/ir/Plugin.setup.json,133,a7670e230f52f2443315d9f3ac91a79b26e6134fe0e744b462b506027d7c68b5,json,parsed
anneal-3730-lake-plugin-artifact-identity-v4-30-0-rc2,support/work/seed-v2/.lake/build/lib/lean/Dep.ilean,432,81fd8c87e825d6db65a3d3fe8c3a3665840964fd46ae527f09a7b5a83c533b6f,utf8,0 lines
anneal-3730-lake-plugin-artifact-identity-v4-30-0-rc2,support/work/seed-v2/.lake/build/lib/lean/Dep.ilean.hash,16,300a703662f923390b58f896fc2d60ab0ccee1efa5a419a5032c204ff1d4749b,utf8,0 lines
anneal-3730-lake-plugin-artifact-identity-v4-30-0-rc2,support/work/seed-v2/.lake/build/lib/lean/Dep.olean,46504,078123f009c35edce8716cda15d83568dfbcb60c8840a0b74c26d47213ae02f2,binary,opaque
anneal-3730-lake-plugin-artifact-identity-v4-30-0-rc2,support/work/seed-v2/.lake/build/lib/lean/Dep.olean.hash,16,d632e21d08286b3260d0478f002d67478e060b29879d5a68ff6617aec39ddb93,utf8,0 lines
anneal-3730-lake-plugin-artifact-identity-v4-30-0-rc2,support/work/seed-v2/.lake/build/lib/lean/Dep.trace,2672,05fc8d8f9b6dfa0311627360062e1463936713572c9168443f5045e34aaeb880,utf8,31 lines
anneal-3730-lake-plugin-artifact-identity-v4-30-0-rc2,support/work/seed-v2/.lake/build/lib/lean/Plugin.ilean,763,629fcea887b47917087557f13a554e23c0d096e858ef85f060e454be974f73c2,utf8,0 lines
anneal-3730-lake-plugin-artifact-identity-v4-30-0-rc2,support/work/seed-v2/.lake/build/lib/lean/Plugin.ilean.hash,16,f832b06215279b9e7a35146bcf920d17d506ebac4be4b244c3946f0ff6c836d4,utf8,0 lines
anneal-3730-lake-plugin-artifact-identity-v4-30-0-rc2,support/work/seed-v2/.lake/build/lib/lean/Plugin.olean,24008,dbe6fd69286e9cd6e9e34e38e8420aad9ab441d0c3278ab77218def45d0713fb,binary,opaque
anneal-3730-lake-plugin-artifact-identity-v4-30-0-rc2,support/work/seed-v2/.lake/build/lib/lean/Plugin.olean.hash,16,b64e7ce4471a69e527653003464e83bf1ebe5d11fe54a3f751729ac9eb750faa,utf8,0 lines
anneal-3730-lake-plugin-artifact-identity-v4-30-0-rc2,support/work/seed-v2/.lake/build/lib/lean/Plugin.trace,2699,f583e4ccaceaa1c92df206d43780614d1d660cb385e9660cbb5c6b65c4fe7879,utf8,31 lines
anneal-3730-lake-plugin-artifact-identity-v4-30-0-rc2,support/work/seed-v2/.lake/build/lib/lean/plugin__probe_Plugin.dylib,51120,f7b4c875cb1c91a35259462b5034f48ad96f819e519d9414edc68975045f92a9,binary,opaque
anneal-3730-lake-plugin-artifact-identity-v4-30-0-rc2,support/work/seed-v2/.lake/build/lib/lean/plugin__probe_Plugin.dylib.hash,16,c69c23254e9d0575d27e4da0719d25052bff854a99b66ca2ab3380b72bd2f2b9,utf8,0 lines
anneal-3730-lake-plugin-artifact-identity-v4-30-0-rc2,support/work/seed-v2/.lake/build/lib/lean/plugin__probe_Plugin.dylib.rsp,831,e3085c97d48f88142cac9395f157fdad1841d4425924e6f8f60dde118a951d64,utf8,17 lines
anneal-3730-lake-plugin-artifact-identity-v4-30-0-rc2,support/work/seed-v2/.lake/build/lib/lean/plugin__probe_Plugin.dylib.trace,1337,112fcd3a7c0b78677341a00fe7ef40200681aa38b93dd228d12fc2f7672c6c46,utf8,16 lines
anneal-3730-lake-plugin-artifact-identity-v4-30-0-rc2,support/work/seed-v2/.lake/config/[anonymous]/lakefile.olean,109960,dcc03cee438dd4015795d41a189343df9ce57f9e622e441ab4528ae8721e0fe9,binary,opaque
anneal-3730-lake-plugin-artifact-identity-v4-30-0-rc2,support/work/seed-v2/.lake/config/[anonymous]/lakefile.olean.trace,184,60bf26e8691e5ced3414047943d48ea4aa8873128088fffa2c88814e0429520d,utf8,6 lines
anneal-3730-lake-plugin-artifact-identity-v4-30-0-rc2,support/work/seed-v2/Dep.lean,120,cbed218a5d55d82b23aef58c4be47e477fe71eca71e14c250804b1d15d5483af,utf8,4 lines
anneal-3730-lake-plugin-artifact-identity-v4-30-0-rc2,support/work/seed-v2/New.lean,75,b10e4c6b9c7ea3ce6253d4555055dfce6167eba042a952686c32cce486fe1470,utf8,4 lines
anneal-3730-lake-plugin-artifact-identity-v4-30-0-rc2,support/work/seed-v2/Plugin.lean,128,e3beb05e92c08f0db79590d29b895e030808bb5aed28d42b89524e1592ecf1c4,utf8,4 lines
anneal-3730-lake-plugin-artifact-identity-v4-30-0-rc2,support/work/seed-v2/Proof.lean,75,b10e4c6b9c7ea3ce6253d4555055dfce6167eba042a952686c32cce486fe1470,utf8,4 lines
anneal-3730-lake-plugin-artifact-identity-v4-30-0-rc2,support/work/seed-v2/lake-manifest.json,144,fd57c01d8aad1cdba3865359335a6293d1814ad3be46f77dc63f3b8e8aba4ef1,json,parsed
anneal-3730-lake-plugin-artifact-identity-v4-30-0-rc2,support/work/seed-v2/lakefile.lean,76,b7c8c75f318cc40faa1b83554d0aece81550b706f096f7a51600d75200cdc129,utf8,5 lines
anneal-3730-lake-plugin-artifact-identity-v4-30-0-rc2,support/work/seed-v2/lean-toolchain,29,ce4c4e3d87434b9663f46de25ce34b48a0cf0d392e0a320a0787b4674a2d7b61,utf8,1 lines
anneal-3730-lake-writer-recovery-2026-09-29,REPORT.json,805,15c7e45279c6f51721773ac7385f0950139e6c8236ec582c0b1d2220231f6f43,json,parsed
anneal-3730-lake-writer-recovery-2026-09-29,REPORT.md,10455,344df196e0795230bf8935714ee69a11025a647a12f04c34b3f1762573e7ea47,utf8,58 lines
anneal-3730-lake-writer-recovery-2026-09-29,support/artifacts/pair-killed-package/.lake/build/ir/Dep.setup.json,127,729c52549fc5a892a5921f6b5d6a0fbeca2f8c409d76369c25b7332901c4b059,json,parsed
anneal-3730-lake-writer-recovery-2026-09-29,support/artifacts/pair-killed-package/.lake/config/probe_dep/lakefile.olean,96288,5b9f58d6557128bc168e4930b4b7cdaa4edfb48e643f9c7b89dc0843d6996b75,binary,opaque
anneal-3730-lake-writer-recovery-2026-09-29,support/artifacts/pair-killed-package/.lake/config/probe_dep/lakefile.olean.trace,182,ea2446d488ddcf5792e4df94a090ab2ad55b6271d902182ac7fb364aeaa8d935,utf8,6 lines
anneal-3730-lake-writer-recovery-2026-09-29,support/artifacts/pair-killed-package/Dep.lean,174,49e20978743ac47d142f6e7e354d0550a1df63dec5ebc8931529d4d424543fd5,utf8,7 lines
anneal-3730-lake-writer-recovery-2026-09-29,support/artifacts/pair-killed-package/lakefile.lean,75,2f25e76df523b12c1cbb64e2fd9701e6eca8d501a630e70e5a9f3c82fbcef3ad,utf8,5 lines
anneal-3730-lake-writer-recovery-2026-09-29,support/artifacts/pair-killed-package/lean-toolchain,29,ce4c4e3d87434b9663f46de25ce34b48a0cf0d392e0a320a0787b4674a2d7b61,utf8,1 lines
anneal-3730-lake-writer-recovery-2026-09-29,support/artifacts/repaired-cache/artifacts/19804e4afa920628.c,1529,51142d2cf0d5d9d30e17c366608d281d43cd6c81b6803b9b2b00f49cc96e5303,utf8,48 lines
anneal-3730-lake-writer-recovery-2026-09-29,support/artifacts/repaired-cache/artifacts/256fdbc46043cf30.ilean,809,b2d56227bea04f3be699767ab6f9b9d89bec0bb80f43e5138b269a9679ab5e0b,utf8,0 lines
anneal-3730-lake-writer-recovery-2026-09-29,support/artifacts/repaired-cache/artifacts/7b7a31f2adb2306a.olean,4896,4d2519d8006d6b63510989fa471021ac046867c69ec94aa8e11212bc8468da85,binary,opaque
anneal-3730-lake-writer-recovery-2026-09-29,support/artifacts/repaired-cache/outputs/probe_dep/566c416840dafb01.json,170,4374ce75e3040a0287f0da02104f90620d0b53e417a218b68ab5e7c4cd21f4e7,json,parsed
anneal-3730-lake-writer-recovery-2026-09-29,support/artifacts/shared-cache/artifacts/19804e4afa920628.c,1529,51142d2cf0d5d9d30e17c366608d281d43cd6c81b6803b9b2b00f49cc96e5303,utf8,48 lines
anneal-3730-lake-writer-recovery-2026-09-29,support/artifacts/shared-cache/artifacts/256fdbc46043cf30.ilean,809,b2d56227bea04f3be699767ab6f9b9d89bec0bb80f43e5138b269a9679ab5e0b,utf8,0 lines
anneal-3730-lake-writer-recovery-2026-09-29,support/artifacts/shared-cache/artifacts/7b7a31f2adb2306a.olean,4896,4d2519d8006d6b63510989fa471021ac046867c69ec94aa8e11212bc8468da85,binary,opaque
anneal-3730-lake-writer-recovery-2026-09-29,support/artifacts/shared-cache/outputs/probe_dep/566c416840dafb01.json,170,4374ce75e3040a0287f0da02104f90620d0b53e417a218b68ab5e7c4cd21f4e7,json,parsed
anneal-3730-lake-writer-recovery-2026-09-29,support/artifacts/solo-killed-package/.lake/build/ir/Dep.setup.json,127,729c52549fc5a892a5921f6b5d6a0fbeca2f8c409d76369c25b7332901c4b059,json,parsed
anneal-3730-lake-writer-recovery-2026-09-29,support/artifacts/solo-killed-package/.lake/config/probe_dep/lakefile.olean,96288,5b9f58d6557128bc168e4930b4b7cdaa4edfb48e643f9c7b89dc0843d6996b75,binary,opaque
anneal-3730-lake-writer-recovery-2026-09-29,support/artifacts/solo-killed-package/.lake/config/probe_dep/lakefile.olean.trace,182,ea2446d488ddcf5792e4df94a090ab2ad55b6271d902182ac7fb364aeaa8d935,utf8,6 lines
anneal-3730-lake-writer-recovery-2026-09-29,support/artifacts/solo-killed-package/Dep.lean,174,49e20978743ac47d142f6e7e354d0550a1df63dec5ebc8931529d4d424543fd5,utf8,7 lines
anneal-3730-lake-writer-recovery-2026-09-29,support/artifacts/solo-killed-package/lakefile.lean,75,2f25e76df523b12c1cbb64e2fd9701e6eca8d501a630e70e5a9f3c82fbcef3ad,utf8,5 lines
anneal-3730-lake-writer-recovery-2026-09-29,support/artifacts/solo-killed-package/lean-toolchain,29,ce4c4e3d87434b9663f46de25ce34b48a0cf0d392e0a320a0787b4674a2d7b61,utf8,1 lines
anneal-3730-lake-writer-recovery-2026-09-29,support/artifacts/solo-repaired-cache/artifacts/19804e4afa920628.c,1529,51142d2cf0d5d9d30e17c366608d281d43cd6c81b6803b9b2b00f49cc96e5303,utf8,48 lines
anneal-3730-lake-writer-recovery-2026-09-29,support/artifacts/solo-repaired-cache/artifacts/256fdbc46043cf30.ilean,809,b2d56227bea04f3be699767ab6f9b9d89bec0bb80f43e5138b269a9679ab5e0b,utf8,0 lines
anneal-3730-lake-writer-recovery-2026-09-29,support/artifacts/solo-repaired-cache/artifacts/7b7a31f2adb2306a.olean,4896,4d2519d8006d6b63510989fa471021ac046867c69ec94aa8e11212bc8468da85,binary,opaque
anneal-3730-lake-writer-recovery-2026-09-29,support/artifacts/solo-repaired-cache/outputs/probe_dep/566c416840dafb01.json,170,4374ce75e3040a0287f0da02104f90620d0b53e417a218b68ab5e7c4cd21f4e7,json,parsed
anneal-3730-lake-writer-recovery-2026-09-29,support/artifacts/truncated-output-map.json,8,a97439d33ccc4254ff7556847815cba4751a64f6afef1b8c076fec5691210b65,json-invalid-specimen,JSONDecodeError: Expecting value: line 1 column 9 (char 8)
anneal-3730-lake-writer-recovery-2026-09-29,support/probe.py,12895,6304d7953ed43bc75dd621f85f882d51824d26341f7a63c2091cb8daf90badf2,utf8,251 lines
anneal-3730-lake-writer-recovery-2026-09-29,support/results.json,25270,5accf91a0611bff361ceb03bd4e2de2f43ebb17ce34ef17768ebb5239b3dc215,json,parsed
anneal-3730-lean-cross-version-equivalence-v4-29-v4-30-rc2-2026-09-29,REPORT.json,1130,8b3c38ba72377ca217fc64b79228fc9ffb90f2737d2ea7537872dd476345b596,json,parsed
anneal-3730-lean-cross-version-equivalence-v4-29-v4-30-rc2-2026-09-29,REPORT.md,10675,75cc09a5d1852e43e45cb69a49c24fb6b6e3574e4602a8061a84873548a368be,utf8,73 lines
anneal-3730-lean-cross-version-equivalence-v4-29-v4-30-rc2-2026-09-29,support/analyze.py,9212,7c306cb33bdf9f09bfca8fb6ddaeb2d79a545f5ba56455874897ce36a1d59750,utf8,160 lines
anneal-3730-lean-cross-version-equivalence-v4-29-v4-30-rc2-2026-09-29,support/matrix.csv,3812,5013c901e0046be6b8c4bd48f87b47122f5f29072f795b79ad604b6f296de3f7,csv,34 data rows
anneal-3730-lean-cross-version-equivalence-v4-29-v4-30-rc2-2026-09-29,support/probe.py,15766,2dc54391312353693ac8aceaef143cbc3e274934cf2cfa4f3ce79abfc01324d4,utf8,291 lines
anneal-3730-lean-cross-version-equivalence-v4-29-v4-30-rc2-2026-09-29,support/results.json,1110438,dda8bfc937dc7e5ddb3e735a6e053289f3166fb09e175c34b02ef2a0f01c066d,json,parsed
anneal-3730-lean-cross-version-equivalence-v4-29-v4-30-rc2-2026-09-29,support/summary.json,32757,cf4a8dcc1eae451104c8d97a03962c674f7e903f958f4a77168b88c2368378f2,json,parsed
anneal-3730-lean-launch-refresh-matrix-v4-30-0-rc2,REPORT.json,832,3d1c3fbf2aa26ad5965c56d8eeaa35d7033c232a20e24895322a99361f16f0b1,json,parsed
anneal-3730-lean-launch-refresh-matrix-v4-30-0-rc2,REPORT.md,14731,d605f66dd1b245f777ecaf704e239f32fbf88973c8a4fbe2beb280771f1bb178,utf8,81 lines
anneal-3730-lean-launch-refresh-matrix-v4-30-0-rc2,support/probe.py,14358,d20a5c7b20b71d7fdfec608144934f227c6a48678fc4ebff3487d1d18a7b5a01,utf8,271 lines
anneal-3730-lean-launch-refresh-matrix-v4-30-0-rc2,support/summarize.py,6657,3a5a90c2d91a41839234a99e3633444dad9ab61a47b3981ee20a99685c763475,utf8,114 lines
anneal-3730-lean-launch-refresh-matrix-v4-30-0-rc2,support/summary.json,4856,cd28a1e34087b2070a989ae721f2211caa78fb783cf47bc984b39280a3f1ea53,json,parsed
anneal-3730-lean-launch-refresh-matrix-v4-30-0-rc2,support/transcript.json,1001359,c9bfdc571bfb555729514b548fcab4a747bab839a26c0f7463a5ec1b23a3e0b2,json,parsed
anneal-3730-lean-launch-refresh-matrix-v4-30-0-rc2,support/work/direct-olean/.lake/build/ir/Dep.c,1390,a612f8c096f1ab7290e7bd84ec2606a0eaf447e6e8a42dff8f583fc6b2f86721,utf8,44 lines
anneal-3730-lean-launch-refresh-matrix-v4-30-0-rc2,support/work/direct-olean/.lake/build/ir/Dep.c.hash,16,83af17c74290693d90baab6e1073b17320c717ac4e9d10d4e83e5d2bcc7dae91,utf8,0 lines
anneal-3730-lean-launch-refresh-matrix-v4-30-0-rc2,support/work/direct-olean/.lake/build/ir/Dep.setup.json,131,67f8cf6be9156ca2dddd90986cc86b0da1fc4a1e501e73e2de6c681048781fe9,json,parsed
anneal-3730-lean-launch-refresh-matrix-v4-30-0-rc2,support/work/direct-olean/.lake/build/lib/lean/Dep.ilean,289,421fe1322bfa48a720510f38a7999947ed0c69c6d73b988305d06d848f934b3d,utf8,0 lines
anneal-3730-lean-launch-refresh-matrix-v4-30-0-rc2,support/work/direct-olean/.lake/build/lib/lean/Dep.ilean.hash,16,c6b313a08063c6fb1378c9e9860c4a5c9e641e898344ffee912d0a00f2b91e08,utf8,0 lines
anneal-3730-lean-launch-refresh-matrix-v4-30-0-rc2,support/work/direct-olean/.lake/build/lib/lean/Dep.olean,4456,3b0254045f93c2516915e7a26e2d3928d0472535fd876db2b81312725f8ea008,binary,opaque
anneal-3730-lean-launch-refresh-matrix-v4-30-0-rc2,support/work/direct-olean/.lake/build/lib/lean/Dep.olean.hash,16,2287dc34b34e4524908ea4e326d6bcfa786e131e37cae8c479559450b0ff7417,utf8,0 lines
anneal-3730-lean-launch-refresh-matrix-v4-30-0-rc2,support/work/direct-olean/.lake/build/lib/lean/Dep.trace,2689,4bd95430d536a5358efa2416687abb9370b6b5ad67d0322738aee6a0cffe19aa,utf8,31 lines
anneal-3730-lean-launch-refresh-matrix-v4-30-0-rc2,support/work/direct-olean/.lake/config/[anonymous]/lakefile.olean,96672,30fb050781ff79027079471307dddbef692d638cf5d00970b4fcc322dc39ebc4,binary,opaque
anneal-3730-lean-launch-refresh-matrix-v4-30-0-rc2,support/work/direct-olean/.lake/config/[anonymous]/lakefile.olean.trace,184,6ea4862cda9308706783abc67dab9a38b596b9ff200ded29415c7ab96b12faa7,utf8,6 lines
anneal-3730-lean-launch-refresh-matrix-v4-30-0-rc2,support/work/direct-olean/Bad.lean,121,a08fc79d319e53c19f4d1b51f54f7519e6134934758cff96ae529c540dc983ef,utf8,6 lines
anneal-3730-lean-launch-refresh-matrix-v4-30-0-rc2,support/work/direct-olean/Dep.lean,24,a65f708068d277a77a351c90927ac6b9e0d36f7d42376cd84caf4fba41cfcefc,utf8,1 lines
anneal-3730-lean-launch-refresh-matrix-v4-30-0-rc2,support/work/direct-olean/New.lean,117,2a08bde5070950eee3fc3881ee3eaf96dc8eb05775ae01f1fb71e49191568010,utf8,6 lines
anneal-3730-lean-launch-refresh-matrix-v4-30-0-rc2,support/work/direct-olean/Proof.lean,117,2a08bde5070950eee3fc3881ee3eaf96dc8eb05775ae01f1fb71e49191568010,utf8,6 lines
anneal-3730-lean-launch-refresh-matrix-v4-30-0-rc2,support/work/direct-olean/lake-manifest.json,145,c94b83cd553723ef217f6a8ade4fe90d15387915d0b779af6993a5b714357635,json,parsed
anneal-3730-lean-launch-refresh-matrix-v4-30-0-rc2,support/work/direct-olean/lakefile.lean,79,f8a22b7ee2d8fba482e5d8f24acbd8c78af3390ce857bf60b558e357594626a2,utf8,5 lines
anneal-3730-lean-launch-refresh-matrix-v4-30-0-rc2,support/work/direct-olean/lean-toolchain,29,ce4c4e3d87434b9663f46de25ce34b48a0cf0d392e0a320a0787b4674a2d7b61,utf8,1 lines
anneal-3730-lean-launch-refresh-matrix-v4-30-0-rc2,support/work/direct-source/.lake/build/ir/Dep.c,1390,6e0f3fd4295153941f56063c2b4e543e7368981dc4716e9b214cc31b90738a0e,utf8,44 lines
anneal-3730-lean-launch-refresh-matrix-v4-30-0-rc2,support/work/direct-source/.lake/build/ir/Dep.c.hash,16,3a0eaf37ac631329c78059821c19beafa0d4bbda422f1cecc3d598e0aa4057e7,utf8,0 lines
anneal-3730-lean-launch-refresh-matrix-v4-30-0-rc2,support/work/direct-source/.lake/build/ir/Dep.setup.json,131,67f8cf6be9156ca2dddd90986cc86b0da1fc4a1e501e73e2de6c681048781fe9,json,parsed
anneal-3730-lean-launch-refresh-matrix-v4-30-0-rc2,support/work/direct-source/.lake/build/lib/lean/Dep.ilean,289,421fe1322bfa48a720510f38a7999947ed0c69c6d73b988305d06d848f934b3d,utf8,0 lines
anneal-3730-lean-launch-refresh-matrix-v4-30-0-rc2,support/work/direct-source/.lake/build/lib/lean/Dep.ilean.hash,16,c6b313a08063c6fb1378c9e9860c4a5c9e641e898344ffee912d0a00f2b91e08,utf8,0 lines
anneal-3730-lean-launch-refresh-matrix-v4-30-0-rc2,support/work/direct-source/.lake/build/lib/lean/Dep.olean,4520,696d7ea3fda9c4e8c0c02c84ac8d158e4a4774bb2d0f9e8ab2da6cdf2a2d7ab5,binary,opaque
anneal-3730-lean-launch-refresh-matrix-v4-30-0-rc2,support/work/direct-source/.lake/build/lib/lean/Dep.olean.hash,16,3d7cd8c7a1122bade9563e400666250263ccebd2a86165ffb5c0ca051eb7034d,utf8,0 lines
anneal-3730-lean-launch-refresh-matrix-v4-30-0-rc2,support/work/direct-source/.lake/build/lib/lean/Dep.trace,2696,56f94197427b4755e89e5281bb2a9ded8ea8f1192e10d1e2a0ac5950f686c7ca,utf8,31 lines
anneal-3730-lean-launch-refresh-matrix-v4-30-0-rc2,support/work/direct-source/.lake/config/[anonymous]/lakefile.olean,96672,30fb050781ff79027079471307dddbef692d638cf5d00970b4fcc322dc39ebc4,binary,opaque
anneal-3730-lean-launch-refresh-matrix-v4-30-0-rc2,support/work/direct-source/.lake/config/[anonymous]/lakefile.olean.trace,184,6ea4862cda9308706783abc67dab9a38b596b9ff200ded29415c7ab96b12faa7,utf8,6 lines
anneal-3730-lean-launch-refresh-matrix-v4-30-0-rc2,support/work/direct-source/Bad.lean,121,a08fc79d319e53c19f4d1b51f54f7519e6134934758cff96ae529c540dc983ef,utf8,6 lines
anneal-3730-lean-launch-refresh-matrix-v4-30-0-rc2,support/work/direct-source/Dep.lean,24,54beac623471cb8565a3815a7ab7dde4884e67340fc659a8d9e5d1f4893947a5,utf8,1 lines
anneal-3730-lean-launch-refresh-matrix-v4-30-0-rc2,support/work/direct-source/New.lean,117,2a08bde5070950eee3fc3881ee3eaf96dc8eb05775ae01f1fb71e49191568010,utf8,6 lines
anneal-3730-lean-launch-refresh-matrix-v4-30-0-rc2,support/work/direct-source/Proof.lean,117,2a08bde5070950eee3fc3881ee3eaf96dc8eb05775ae01f1fb71e49191568010,utf8,6 lines
anneal-3730-lean-launch-refresh-matrix-v4-30-0-rc2,support/work/direct-source/lake-manifest.json,145,c94b83cd553723ef217f6a8ade4fe90d15387915d0b779af6993a5b714357635,json,parsed
anneal-3730-lean-launch-refresh-matrix-v4-30-0-rc2,support/work/direct-source/lakefile.lean,79,f8a22b7ee2d8fba482e5d8f24acbd8c78af3390ce857bf60b558e357594626a2,utf8,5 lines
anneal-3730-lean-launch-refresh-matrix-v4-30-0-rc2,support/work/direct-source/lean-toolchain,29,ce4c4e3d87434b9663f46de25ce34b48a0cf0d392e0a320a0787b4674a2d7b61,utf8,1 lines
anneal-3730-lean-launch-refresh-matrix-v4-30-0-rc2,support/work/lake-env-olean/.lake/build/ir/Dep.c,1390,a612f8c096f1ab7290e7bd84ec2606a0eaf447e6e8a42dff8f583fc6b2f86721,utf8,44 lines
anneal-3730-lean-launch-refresh-matrix-v4-30-0-rc2,support/work/lake-env-olean/.lake/build/ir/Dep.c.hash,16,83af17c74290693d90baab6e1073b17320c717ac4e9d10d4e83e5d2bcc7dae91,utf8,0 lines
anneal-3730-lean-launch-refresh-matrix-v4-30-0-rc2,support/work/lake-env-olean/.lake/build/ir/Dep.setup.json,131,67f8cf6be9156ca2dddd90986cc86b0da1fc4a1e501e73e2de6c681048781fe9,json,parsed
anneal-3730-lean-launch-refresh-matrix-v4-30-0-rc2,support/work/lake-env-olean/.lake/build/lib/lean/Dep.ilean,289,421fe1322bfa48a720510f38a7999947ed0c69c6d73b988305d06d848f934b3d,utf8,0 lines
anneal-3730-lean-launch-refresh-matrix-v4-30-0-rc2,support/work/lake-env-olean/.lake/build/lib/lean/Dep.ilean.hash,16,c6b313a08063c6fb1378c9e9860c4a5c9e641e898344ffee912d0a00f2b91e08,utf8,0 lines
anneal-3730-lean-launch-refresh-matrix-v4-30-0-rc2,support/work/lake-env-olean/.lake/build/lib/lean/Dep.olean,4456,3b0254045f93c2516915e7a26e2d3928d0472535fd876db2b81312725f8ea008,binary,opaque
anneal-3730-lean-launch-refresh-matrix-v4-30-0-rc2,support/work/lake-env-olean/.lake/build/lib/lean/Dep.olean.hash,16,2287dc34b34e4524908ea4e326d6bcfa786e131e37cae8c479559450b0ff7417,utf8,0 lines
anneal-3730-lean-launch-refresh-matrix-v4-30-0-rc2,support/work/lake-env-olean/.lake/build/lib/lean/Dep.trace,2703,be4ba174b0b902ca313d46a1d560a5fbe8f509374b6e987d50ef58a5ec4555db,utf8,31 lines
anneal-3730-lean-launch-refresh-matrix-v4-30-0-rc2,support/work/lake-env-olean/.lake/config/[anonymous]/lakefile.olean,96672,30fb050781ff79027079471307dddbef692d638cf5d00970b4fcc322dc39ebc4,binary,opaque
anneal-3730-lean-launch-refresh-matrix-v4-30-0-rc2,support/work/lake-env-olean/.lake/config/[anonymous]/lakefile.olean.trace,184,6ea4862cda9308706783abc67dab9a38b596b9ff200ded29415c7ab96b12faa7,utf8,6 lines
anneal-3730-lean-launch-refresh-matrix-v4-30-0-rc2,support/work/lake-env-olean/Bad.lean,121,a08fc79d319e53c19f4d1b51f54f7519e6134934758cff96ae529c540dc983ef,utf8,6 lines
anneal-3730-lean-launch-refresh-matrix-v4-30-0-rc2,support/work/lake-env-olean/Dep.lean,24,a65f708068d277a77a351c90927ac6b9e0d36f7d42376cd84caf4fba41cfcefc,utf8,1 lines
anneal-3730-lean-launch-refresh-matrix-v4-30-0-rc2,support/work/lake-env-olean/New.lean,117,2a08bde5070950eee3fc3881ee3eaf96dc8eb05775ae01f1fb71e49191568010,utf8,6 lines
anneal-3730-lean-launch-refresh-matrix-v4-30-0-rc2,support/work/lake-env-olean/Proof.lean,117,2a08bde5070950eee3fc3881ee3eaf96dc8eb05775ae01f1fb71e49191568010,utf8,6 lines
anneal-3730-lean-launch-refresh-matrix-v4-30-0-rc2,support/work/lake-env-olean/lake-manifest.json,145,c94b83cd553723ef217f6a8ade4fe90d15387915d0b779af6993a5b714357635,json,parsed
anneal-3730-lean-launch-refresh-matrix-v4-30-0-rc2,support/work/lake-env-olean/lakefile.lean,79,f8a22b7ee2d8fba482e5d8f24acbd8c78af3390ce857bf60b558e357594626a2,utf8,5 lines
anneal-3730-lean-launch-refresh-matrix-v4-30-0-rc2,support/work/lake-env-olean/lean-toolchain,29,ce4c4e3d87434b9663f46de25ce34b48a0cf0d392e0a320a0787b4674a2d7b61,utf8,1 lines
anneal-3730-lean-launch-refresh-matrix-v4-30-0-rc2,support/work/lake-env-source/.lake/build/ir/Dep.c,1390,6e0f3fd4295153941f56063c2b4e543e7368981dc4716e9b214cc31b90738a0e,utf8,44 lines
anneal-3730-lean-launch-refresh-matrix-v4-30-0-rc2,support/work/lake-env-source/.lake/build/ir/Dep.c.hash,16,3a0eaf37ac631329c78059821c19beafa0d4bbda422f1cecc3d598e0aa4057e7,utf8,0 lines
anneal-3730-lean-launch-refresh-matrix-v4-30-0-rc2,support/work/lake-env-source/.lake/build/ir/Dep.setup.json,131,67f8cf6be9156ca2dddd90986cc86b0da1fc4a1e501e73e2de6c681048781fe9,json,parsed
anneal-3730-lean-launch-refresh-matrix-v4-30-0-rc2,support/work/lake-env-source/.lake/build/lib/lean/Dep.ilean,289,421fe1322bfa48a720510f38a7999947ed0c69c6d73b988305d06d848f934b3d,utf8,0 lines
anneal-3730-lean-launch-refresh-matrix-v4-30-0-rc2,support/work/lake-env-source/.lake/build/lib/lean/Dep.ilean.hash,16,c6b313a08063c6fb1378c9e9860c4a5c9e641e898344ffee912d0a00f2b91e08,utf8,0 lines
anneal-3730-lean-launch-refresh-matrix-v4-30-0-rc2,support/work/lake-env-source/.lake/build/lib/lean/Dep.olean,4520,696d7ea3fda9c4e8c0c02c84ac8d158e4a4774bb2d0f9e8ab2da6cdf2a2d7ab5,binary,opaque
anneal-3730-lean-launch-refresh-matrix-v4-30-0-rc2,support/work/lake-env-source/.lake/build/lib/lean/Dep.olean.hash,16,3d7cd8c7a1122bade9563e400666250263ccebd2a86165ffb5c0ca051eb7034d,utf8,0 lines
anneal-3730-lean-launch-refresh-matrix-v4-30-0-rc2,support/work/lake-env-source/.lake/build/lib/lean/Dep.trace,2710,0cde17e0fd62a04081d7aa7ae097fa7059d5d0e724a0c649f79abef5d522cc11,utf8,31 lines
anneal-3730-lean-launch-refresh-matrix-v4-30-0-rc2,support/work/lake-env-source/.lake/config/[anonymous]/lakefile.olean,96672,30fb050781ff79027079471307dddbef692d638cf5d00970b4fcc322dc39ebc4,binary,opaque
anneal-3730-lean-launch-refresh-matrix-v4-30-0-rc2,support/work/lake-env-source/.lake/config/[anonymous]/lakefile.olean.trace,184,6ea4862cda9308706783abc67dab9a38b596b9ff200ded29415c7ab96b12faa7,utf8,6 lines
anneal-3730-lean-launch-refresh-matrix-v4-30-0-rc2,support/work/lake-env-source/Bad.lean,121,a08fc79d319e53c19f4d1b51f54f7519e6134934758cff96ae529c540dc983ef,utf8,6 lines
anneal-3730-lean-launch-refresh-matrix-v4-30-0-rc2,support/work/lake-env-source/Dep.lean,24,54beac623471cb8565a3815a7ab7dde4884e67340fc659a8d9e5d1f4893947a5,utf8,1 lines
anneal-3730-lean-launch-refresh-matrix-v4-30-0-rc2,support/work/lake-env-source/New.lean,117,2a08bde5070950eee3fc3881ee3eaf96dc8eb05775ae01f1fb71e49191568010,utf8,6 lines
anneal-3730-lean-launch-refresh-matrix-v4-30-0-rc2,support/work/lake-env-source/Proof.lean,117,2a08bde5070950eee3fc3881ee3eaf96dc8eb05775ae01f1fb71e49191568010,utf8,6 lines
anneal-3730-lean-launch-refresh-matrix-v4-30-0-rc2,support/work/lake-env-source/lake-manifest.json,145,c94b83cd553723ef217f6a8ade4fe90d15387915d0b779af6993a5b714357635,json,parsed
anneal-3730-lean-launch-refresh-matrix-v4-30-0-rc2,support/work/lake-env-source/lakefile.lean,79,f8a22b7ee2d8fba482e5d8f24acbd8c78af3390ce857bf60b558e357594626a2,utf8,5 lines
anneal-3730-lean-launch-refresh-matrix-v4-30-0-rc2,support/work/lake-env-source/lean-toolchain,29,ce4c4e3d87434b9663f46de25ce34b48a0cf0d392e0a320a0787b4674a2d7b61,utf8,1 lines
anneal-3730-lean-launch-refresh-matrix-v4-30-0-rc2,support/work/lake-serve-olean/.lake/build/ir/Dep.c,1390,a612f8c096f1ab7290e7bd84ec2606a0eaf447e6e8a42dff8f583fc6b2f86721,utf8,44 lines
anneal-3730-lean-launch-refresh-matrix-v4-30-0-rc2,support/work/lake-serve-olean/.lake/build/ir/Dep.c.hash,16,83af17c74290693d90baab6e1073b17320c717ac4e9d10d4e83e5d2bcc7dae91,utf8,0 lines
anneal-3730-lean-launch-refresh-matrix-v4-30-0-rc2,support/work/lake-serve-olean/.lake/build/ir/Dep.setup.json,131,67f8cf6be9156ca2dddd90986cc86b0da1fc4a1e501e73e2de6c681048781fe9,json,parsed
anneal-3730-lean-launch-refresh-matrix-v4-30-0-rc2,support/work/lake-serve-olean/.lake/build/lib/lean/Dep.ilean,289,421fe1322bfa48a720510f38a7999947ed0c69c6d73b988305d06d848f934b3d,utf8,0 lines
anneal-3730-lean-launch-refresh-matrix-v4-30-0-rc2,support/work/lake-serve-olean/.lake/build/lib/lean/Dep.ilean.hash,16,c6b313a08063c6fb1378c9e9860c4a5c9e641e898344ffee912d0a00f2b91e08,utf8,0 lines
anneal-3730-lean-launch-refresh-matrix-v4-30-0-rc2,support/work/lake-serve-olean/.lake/build/lib/lean/Dep.olean,4456,3b0254045f93c2516915e7a26e2d3928d0472535fd876db2b81312725f8ea008,binary,opaque
anneal-3730-lean-launch-refresh-matrix-v4-30-0-rc2,support/work/lake-serve-olean/.lake/build/lib/lean/Dep.olean.hash,16,2287dc34b34e4524908ea4e326d6bcfa786e131e37cae8c479559450b0ff7417,utf8,0 lines
anneal-3730-lean-launch-refresh-matrix-v4-30-0-rc2,support/work/lake-serve-olean/.lake/build/lib/lean/Dep.trace,2717,cfea5b1f94af468f38795414495be012ae0645cea0556f0ded560833c14cb121,utf8,31 lines
anneal-3730-lean-launch-refresh-matrix-v4-30-0-rc2,support/work/lake-serve-olean/.lake/config/[anonymous]/lakefile.olean,96672,30fb050781ff79027079471307dddbef692d638cf5d00970b4fcc322dc39ebc4,binary,opaque
anneal-3730-lean-launch-refresh-matrix-v4-30-0-rc2,support/work/lake-serve-olean/.lake/config/[anonymous]/lakefile.olean.trace,184,6ea4862cda9308706783abc67dab9a38b596b9ff200ded29415c7ab96b12faa7,utf8,6 lines
anneal-3730-lean-launch-refresh-matrix-v4-30-0-rc2,support/work/lake-serve-olean/Bad.lean,121,a08fc79d319e53c19f4d1b51f54f7519e6134934758cff96ae529c540dc983ef,utf8,6 lines
anneal-3730-lean-launch-refresh-matrix-v4-30-0-rc2,support/work/lake-serve-olean/Dep.lean,24,a65f708068d277a77a351c90927ac6b9e0d36f7d42376cd84caf4fba41cfcefc,utf8,1 lines
anneal-3730-lean-launch-refresh-matrix-v4-30-0-rc2,support/work/lake-serve-olean/New.lean,117,2a08bde5070950eee3fc3881ee3eaf96dc8eb05775ae01f1fb71e49191568010,utf8,6 lines
anneal-3730-lean-launch-refresh-matrix-v4-30-0-rc2,support/work/lake-serve-olean/Proof.lean,117,2a08bde5070950eee3fc3881ee3eaf96dc8eb05775ae01f1fb71e49191568010,utf8,6 lines
anneal-3730-lean-launch-refresh-matrix-v4-30-0-rc2,support/work/lake-serve-olean/lake-manifest.json,145,c94b83cd553723ef217f6a8ade4fe90d15387915d0b779af6993a5b714357635,json,parsed
anneal-3730-lean-launch-refresh-matrix-v4-30-0-rc2,support/work/lake-serve-olean/lakefile.lean,79,f8a22b7ee2d8fba482e5d8f24acbd8c78af3390ce857bf60b558e357594626a2,utf8,5 lines
anneal-3730-lean-launch-refresh-matrix-v4-30-0-rc2,support/work/lake-serve-olean/lean-toolchain,29,ce4c4e3d87434b9663f46de25ce34b48a0cf0d392e0a320a0787b4674a2d7b61,utf8,1 lines
anneal-3730-lean-launch-refresh-matrix-v4-30-0-rc2,support/work/lake-serve-source/.lake/build/ir/Dep.c,1390,6e0f3fd4295153941f56063c2b4e543e7368981dc4716e9b214cc31b90738a0e,utf8,44 lines
anneal-3730-lean-launch-refresh-matrix-v4-30-0-rc2,support/work/lake-serve-source/.lake/build/ir/Dep.c.hash,16,3a0eaf37ac631329c78059821c19beafa0d4bbda422f1cecc3d598e0aa4057e7,utf8,0 lines
anneal-3730-lean-launch-refresh-matrix-v4-30-0-rc2,support/work/lake-serve-source/.lake/build/ir/Dep.setup.json,131,67f8cf6be9156ca2dddd90986cc86b0da1fc4a1e501e73e2de6c681048781fe9,json,parsed
anneal-3730-lean-launch-refresh-matrix-v4-30-0-rc2,support/work/lake-serve-source/.lake/build/lib/lean/Dep.ilean,289,421fe1322bfa48a720510f38a7999947ed0c69c6d73b988305d06d848f934b3d,utf8,0 lines
anneal-3730-lean-launch-refresh-matrix-v4-30-0-rc2,support/work/lake-serve-source/.lake/build/lib/lean/Dep.ilean.hash,16,c6b313a08063c6fb1378c9e9860c4a5c9e641e898344ffee912d0a00f2b91e08,utf8,0 lines
anneal-3730-lean-launch-refresh-matrix-v4-30-0-rc2,support/work/lake-serve-source/.lake/build/lib/lean/Dep.olean,4520,696d7ea3fda9c4e8c0c02c84ac8d158e4a4774bb2d0f9e8ab2da6cdf2a2d7ab5,binary,opaque
anneal-3730-lean-launch-refresh-matrix-v4-30-0-rc2,support/work/lake-serve-source/.lake/build/lib/lean/Dep.olean.hash,16,3d7cd8c7a1122bade9563e400666250263ccebd2a86165ffb5c0ca051eb7034d,utf8,0 lines
anneal-3730-lean-launch-refresh-matrix-v4-30-0-rc2,support/work/lake-serve-source/.lake/build/lib/lean/Dep.trace,2724,e42597cb3db3427e1416bc64f4eab1a9c48dabb6909754dc959c9a3ec96d44be,utf8,31 lines
anneal-3730-lean-launch-refresh-matrix-v4-30-0-rc2,support/work/lake-serve-source/.lake/config/[anonymous]/lakefile.olean,96672,30fb050781ff79027079471307dddbef692d638cf5d00970b4fcc322dc39ebc4,binary,opaque
anneal-3730-lean-launch-refresh-matrix-v4-30-0-rc2,support/work/lake-serve-source/.lake/config/[anonymous]/lakefile.olean.trace,184,6ea4862cda9308706783abc67dab9a38b596b9ff200ded29415c7ab96b12faa7,utf8,6 lines
anneal-3730-lean-launch-refresh-matrix-v4-30-0-rc2,support/work/lake-serve-source/Bad.lean,121,a08fc79d319e53c19f4d1b51f54f7519e6134934758cff96ae529c540dc983ef,utf8,6 lines
anneal-3730-lean-launch-refresh-matrix-v4-30-0-rc2,support/work/lake-serve-source/Dep.lean,24,54beac623471cb8565a3815a7ab7dde4884e67340fc659a8d9e5d1f4893947a5,utf8,1 lines
anneal-3730-lean-launch-refresh-matrix-v4-30-0-rc2,support/work/lake-serve-source/New.lean,117,2a08bde5070950eee3fc3881ee3eaf96dc8eb05775ae01f1fb71e49191568010,utf8,6 lines
anneal-3730-lean-launch-refresh-matrix-v4-30-0-rc2,support/work/lake-serve-source/Proof.lean,117,2a08bde5070950eee3fc3881ee3eaf96dc8eb05775ae01f1fb71e49191568010,utf8,6 lines
anneal-3730-lean-launch-refresh-matrix-v4-30-0-rc2,support/work/lake-serve-source/lake-manifest.json,145,c94b83cd553723ef217f6a8ade4fe90d15387915d0b779af6993a5b714357635,json,parsed
anneal-3730-lean-launch-refresh-matrix-v4-30-0-rc2,support/work/lake-serve-source/lakefile.lean,79,f8a22b7ee2d8fba482e5d8f24acbd8c78af3390ce857bf60b558e357594626a2,utf8,5 lines
anneal-3730-lean-launch-refresh-matrix-v4-30-0-rc2,support/work/lake-serve-source/lean-toolchain,29,ce4c4e3d87434b9663f46de25ce34b48a0cf0d392e0a320a0787b4674a2d7b61,utf8,1 lines
anneal-3730-lean-launch-refresh-matrix-v4-30-0-rc2,support/work/prebuilt7/Dep.lean,24,a65f708068d277a77a351c90927ac6b9e0d36f7d42376cd84caf4fba41cfcefc,utf8,1 lines
anneal-3730-lean-launch-refresh-matrix-v4-30-0-rc2,support/work/prebuilt7/Dep.olean,4552,1e9a6a4dc613d2f40aa23301cca0bd9ad919bcbbf000d9d60dc535b321715087,binary,opaque
anneal-3730-lean-launch-refresh-matrix-v4-30-0-rc2,support/work/prebuilt9/Dep.lean,24,54beac623471cb8565a3815a7ab7dde4884e67340fc659a8d9e5d1f4893947a5,utf8,1 lines
anneal-3730-lean-launch-refresh-matrix-v4-30-0-rc2,support/work/prebuilt9/Dep.olean,4456,3b0254045f93c2516915e7a26e2d3928d0472535fd876db2b81312725f8ea008,binary,opaque
anneal-3730-projection-macro-doccomment-patch-matrix-2026-09-29,REPORT.json,1194,9f2b160e1db45b458b04aa9a87a06023a3d9fe0a3ec66c63de7b9a4c5bc2012d,json,parsed
anneal-3730-projection-macro-doccomment-patch-matrix-2026-09-29,REPORT.md,10667,680dd697271a094027a6b4b95c2cd0086447a5b6866c01b031f2d10edaa800bb,utf8,62 lines
anneal-3730-projection-macro-doccomment-patch-matrix-2026-09-29,support/bad-authored.lean,177,c864c2dc55c4ba6e907c7b8898ab4b1f3bd6f9694985d4d1fde707e6ed165196,utf8,12 lines
anneal-3730-projection-macro-doccomment-patch-matrix-2026-09-29,support/bad-external-import.lean,33,c0685790f8d1f42bbc7f51c2fd489c2dcf831d102d6ea0ac99973a10db4d19fb,utf8,1 lines
anneal-3730-projection-macro-doccomment-patch-matrix-2026-09-29,support/bad-generated-model.lean,42,974a4f98e9143ed2bd010bac014f39d1c11bc7610582a29bc291736bb50dff6a,utf8,1 lines
anneal-3730-projection-macro-doccomment-patch-matrix-2026-09-29,support/bad-synthetic.lean,183,b567f20433854ed9032e735f3276cd8637b0c123b37fc77be8875eecc441d31b,utf8,12 lines
anneal-3730-projection-macro-doccomment-patch-matrix-2026-09-29,support/fixture.llbc,11493,a3695b9ecea33c962f1409db4d598fa56d1dce5cedc080fdd7811aff0bc444a7,utf8,0 lines
anneal-3730-projection-macro-doccomment-patch-matrix-2026-09-29,support/fixture.rmeta,3648,551d4a00641f6d33e45963d0a57b55bc39989487cb6919d8766e47902fe61afe,binary,opaque
anneal-3730-projection-macro-doccomment-patch-matrix-2026-09-29,support/fixture.rs,511,8000c44b932d72c22a026333f3f484d70cd88d33d738e729bedebff9e16c1dc5,utf8,26 lines
anneal-3730-projection-macro-doccomment-patch-matrix-2026-09-29,support/formatted-fixture.rs,567,e2c8ae147c8d1a093cf8d6231a83ce9d7577205bd7f25bc0ba2cf742d4604553,utf8,35 lines
anneal-3730-projection-macro-doccomment-patch-matrix-2026-09-29,support/generated.lean,167,88f95120e60ba65cdb9cfa3e9b4ad6e5ee8d07d82d918b437608a3896d1e8181,utf8,12 lines
anneal-3730-projection-macro-doccomment-patch-matrix-2026-09-29,support/patched.lean,158,869a70f13a338edad60f58a7485c79b0bea82be1bd5e7e75ce2f026b8adabff4,utf8,12 lines
anneal-3730-projection-macro-doccomment-patch-matrix-2026-09-29,support/probe.py,16524,9a6f4fd11ae21b7843e88647f3667ba8ab2bdf6b8eca09e0e2d954203fabbb47,utf8,244 lines
anneal-3730-projection-macro-doccomment-patch-matrix-2026-09-29,support/raw-results.json,41510,8cea3182b0252c7611523eabe4bd79870e4577027955266d246e3e8de6187135,json,parsed
anneal-3730-real-lean-filesystem-lifetimes-2026-09-29,REPORT.json,936,a3b9ec6525a515c62d9cb5de35c63bd0a9353fbc8b92ec643c97a5d83e5d89c2,json,parsed
anneal-3730-real-lean-filesystem-lifetimes-2026-09-29,REPORT.md,8125,05ac972e20bb9822a0f298e9bb82238e0dbad2d65e02484f37f15d129e8ef36b,utf8,44 lines
anneal-3730-real-lean-filesystem-lifetimes-2026-09-29,support/artifacts/Dep7.olean,4552,7ae5507721d0d228cfdb0c2399d6ef858bc918e48376470954b3600e40862cb3,binary,opaque
anneal-3730-real-lean-filesystem-lifetimes-2026-09-29,support/artifacts/Dep9.olean,4456,0f0fbd523ef1ce3fce88465a688f7a786beb38969ff690b97c51778d5da30ec0,binary,opaque
anneal-3730-real-lean-filesystem-lifetimes-2026-09-29,support/artifacts/Plugin.olean,45272,24d1cf9fcaa36b2d918eb2985e517153a537958e7f4393bfbf768966a2084bbc,binary,opaque
anneal-3730-real-lean-filesystem-lifetimes-2026-09-29,support/artifacts/apfs-reader-phase1.json,280,12b8172944d1b71bb0fe38b2ab85d2fc036f27a5d254c291b04c59a6ad1dc7cb,json,parsed
anneal-3730-real-lean-filesystem-lifetimes-2026-09-29,support/artifacts/apfs-reader-phase2.json,219,d5a2754d18cbeb75ef03e2db5c8440a2efd94e0b2f649cb27e251096bc30ba99,json,parsed
anneal-3730-real-lean-filesystem-lifetimes-2026-09-29,support/artifacts/apfs-republished-Dep.olean,4456,0f0fbd523ef1ce3fce88465a688f7a786beb38969ff690b97c51778d5da30ec0,binary,opaque
anneal-3730-real-lean-filesystem-lifetimes-2026-09-29,support/artifacts/overlayfs-Plugin.olean,45272,24d1cf9fcaa36b2d918eb2985e517153a537958e7f4393bfbf768966a2084bbc,binary,opaque
anneal-3730-real-lean-filesystem-lifetimes-2026-09-29,support/artifacts/overlayfs-new-Dep.olean,4456,0f0fbd523ef1ce3fce88465a688f7a786beb38969ff690b97c51778d5da30ec0,binary,opaque
anneal-3730-real-lean-filesystem-lifetimes-2026-09-29,support/artifacts/overlayfs-old-hardlink-Dep.olean,4552,7ae5507721d0d228cfdb0c2399d6ef858bc918e48376470954b3600e40862cb3,binary,opaque
anneal-3730-real-lean-filesystem-lifetimes-2026-09-29,support/artifacts/overlayfs-phase1-fd.bin,4552,7ae5507721d0d228cfdb0c2399d6ef858bc918e48376470954b3600e40862cb3,binary,opaque
anneal-3730-real-lean-filesystem-lifetimes-2026-09-29,support/artifacts/overlayfs-phase1-map.bin,4552,7ae5507721d0d228cfdb0c2399d6ef858bc918e48376470954b3600e40862cb3,binary,opaque
anneal-3730-real-lean-filesystem-lifetimes-2026-09-29,support/artifacts/overlayfs-phase2-fd.bin,4552,7ae5507721d0d228cfdb0c2399d6ef858bc918e48376470954b3600e40862cb3,binary,opaque
anneal-3730-real-lean-filesystem-lifetimes-2026-09-29,support/artifacts/overlayfs-phase2-map.bin,4552,7ae5507721d0d228cfdb0c2399d6ef858bc918e48376470954b3600e40862cb3,binary,opaque
anneal-3730-real-lean-filesystem-lifetimes-2026-09-29,support/fixture/Consumer7.lean,91,da421f8cd11b73fa6d4a2965303910fc9a366f7944ef5e5fd5c76e93642826cc,utf8,4 lines
anneal-3730-real-lean-filesystem-lifetimes-2026-09-29,support/fixture/Consumer9.lean,91,b10f9aee69dab4740301ae3602cd17d89f4bbd97de46f766886ec101e206d0ce,utf8,4 lines
anneal-3730-real-lean-filesystem-lifetimes-2026-09-29,support/fixture/Dep7.lean,24,15bbf60d162408dade43c6e618dd0d09b28c8fdeb7528c80e40329908f12b7a2,utf8,1 lines
anneal-3730-real-lean-filesystem-lifetimes-2026-09-29,support/fixture/Dep9.lean,24,f24ea593a7ec12a08b2ab0c096b8babdbf9baeaef4c4a46286e12bf19959c0d0,utf8,1 lines
anneal-3730-real-lean-filesystem-lifetimes-2026-09-29,support/fixture/Plugin.lean,102,80b3b58292e1c43dd354301f4bdbfa94d44329666097c95c6b6f08fa3628b0bc,utf8,3 lines
anneal-3730-real-lean-filesystem-lifetimes-2026-09-29,support/host_reader.py,1079,936e9bd93a5d84d6b3709eb16b642a957220cbc11e32ee9261daad138a3a59ac,utf8,29 lines
anneal-3730-real-lean-filesystem-lifetimes-2026-09-29,support/overlay_reader.pl,1363,646ddddeca7af22902c08b89946dc7135b26fd766702ce7ba093da92d873b8a7,utf8,31 lines
anneal-3730-real-lean-filesystem-lifetimes-2026-09-29,support/probe.py,15879,e83dbaad6a5e5133bb540692aa36f48d63c71ad022108c462e2444f0143585b0,utf8,253 lines
anneal-3730-real-lean-filesystem-lifetimes-2026-09-29,support/results.json,33335,282d27c4d5c0db7c7827abb0ec267adbfae7c82872abd9d9c664df4cd36f0e40,json,parsed
anneal-3730-upstream-api-projection-precedents-2026-09-29,REPORT.json,1136,f0f14dbb06f452288935b79b8925d30c37fc12c8f13b79d2312dd36151ee395d,json,parsed
anneal-3730-upstream-api-projection-precedents-2026-09-29,REPORT.md,17766,80b8c9b9699a9b4a63d9d0491f2398cabb66839cf7310811ead613a9df56f5fe,utf8,74 lines
anneal-3730-upstream-api-projection-precedents-2026-09-29,support/projection-results.json,2166,857b3839051f1c00e002492ddfe06d8d2850b15c74d1128fbfe1e52457234ff4,json,parsed
anneal-3730-upstream-api-projection-precedents-2026-09-29,support/projection_probe.py,6970,4f1974c8f49ddc2f630364b45a8e49c2cf9ebc5640921b3c16e5ae6547ffa99d,utf8,151 lines
anneal-3730-upstream-api-projection-precedents-2026-09-29,support/upstream-source-ledger.json,4993,9bdbcb0b967a786275a5d9dbffb07511f70e6afcd4d5dcdc570b36892902991e,json,parsed
