id,section,title,requested_methods,requested_scope,prior_corpus_pointers,reviewed_new_packages,disposition,specific_remaining_delta
I001,A. Architectural alternatives and the contracts they actually provide,Minimal cross-mode contract,S/M,"Specify what batch and live modes must agree on: source subject, obligations, imported environment, assumptions, and accepted claims. Construct cases where diagnostics, proof terms, or timings differ legitimately. Determine which equivalence is necessary without requiring byte-identical incidental artifacts.",lsp-proof-assistant-architecture-2026-09-27;anneal-interactive-pipeline-invalidation-graph-main-41f5b37,anneal-3730-vertical-acceptance-v4-30-0-rc2,partial execution,"A full same-subject batch/live equivalence contract across obligations, imports, assumptions, and acceptable diagnostic differences."
I002,A. Architectural alternatives and the contracts they actually provide,Shared compiler core versus separate analysis engine,S,"Compare pinned Lean, TypeScript, Roslyn, clangd, and rust-analyzer boundaries, including where editor approximations diverge from compilation. Identify which APIs genuinely share semantics and which require a fresh compiler oracle; assess what each precedent supports for Anneal.",lsp-proof-assistant-architecture-2026-09-27;anneal-interactive-pipeline-invalidation-graph-main-41f5b37,,requested execution not run,"A pinned comparison of TypeScript, Roslyn, clangd, and rust-analyzer APIs against Lean plus a compiler-oracle rule for Anneal."
I003,A. Architectural alternatives and the contracts they actually provide,Embedded-language precedents,S/X,"Examine representative Razor, Volar, or similar projection systems for virtual document identity, generated spans, completion edits, and multiple language servers. Reproduce a small ambiguous mapping or cross-language edit. Separate reusable mechanisms from assumptions that fail for proof contexts or compiled imports.",lsp-proof-assistant-architecture-2026-09-27;anneal-interactive-pipeline-invalidation-graph-main-41f5b37,,requested execution not run,A reproduced Razor/Volar-like ambiguous virtual-document mapping or cross-language edit under exact source pins.
I004,A. Architectural alternatives and the contracts they actually provide,"One-shot, per-project, and shared-service topologies",S/X,"Compare a fresh process per operation, persistent project workers, and an optional shared broker on identical fixtures. Measure isolation, startup, reconstruction, and coordination costs. Determine when the simplest one-shot design is adequate and what a daemon would actually save.",lsp-proof-assistant-architecture-2026-09-27;anneal-interactive-pipeline-invalidation-graph-main-41f5b37,,requested execution not run,"Matched one-shot, per-project worker, and shared-broker workload with startup, isolation, reconstruction, and cost measurements."
I005,A. Architectural alternatives and the contracts they actually provide,Snapshot engine versus a versioned job scheduler,M/X,"Implement minimal competing orchestration models with fake backends before choosing an incremental database. Replay identical edits, cancellations, and dependency changes. Identify the smallest model that prevents mixed or stale acceptance, and the workload that would justify a richer engine.",lsp-proof-assistant-architecture-2026-09-27;anneal-interactive-pipeline-invalidation-graph-main-41f5b37,anneal-3730-fault-model-2026-09-29;anneal-3730-snapshot-capture-jobs-2026-09-29,partial execution,Matched minimal scheduler/database alternatives under dependency changes and cancellations; the fake-stage and finite models cover only selected schedules.
I006,A. Architectural alternatives and the contracts they actually provide,Stage API and error boundaries,S/X,"Prototype structured requests/results for Charon, Aeneas, and Lean, separating semantic inputs from CLI output, process policy, and artifact storage. Inject failures, progress events, and stdout/stderr contamination. Test whether batch and live adapters can use the same contract without backend-specific state leaking upward.",lsp-proof-assistant-architecture-2026-09-27;anneal-interactive-pipeline-invalidation-graph-main-41f5b37,anneal-3730-snapshot-capture-jobs-2026-09-29;anneal-3730-vertical-acceptance-v4-30-0-rc2,partial execution,"A structured Charon/Aeneas/Lean adapter contract with injected progress, stdout/stderr contamination, and shared batch/live use."
I007,A. Architectural alternatives and the contracts they actually provide,"Cancellation, reuse, and ownership contracts",M,"Specify separately who owns work, who can cancel it, who can consume its result, and when cached work may be reused. Model two clients sharing a job. Look for cases where cancelling one request incorrectly kills another or permits an obsolete result to publish.",lsp-proof-assistant-architecture-2026-09-27;anneal-interactive-pipeline-invalidation-graph-main-41f5b37,anneal-3730-fault-model-2026-09-29;anneal-3730-snapshot-capture-jobs-2026-09-29,partial execution,"A shared in-flight real backend with per-consumer cancellation and cache reuse ownership, beyond symbolic/fake stages."
I008,A. Architectural alternatives and the contracts they actually provide,Minimal upstream changes,S/X,"Identify missing observable identities, reset operations, overlay hooks, and source spans at exact upstream pins. Compare adapters with small upstream API proposals and coarse fallback behavior. Distinguish requirements for correctness from optional latency improvements; preserve a viable path without upstream changes where one exists.",lsp-proof-assistant-architecture-2026-09-27;anneal-interactive-pipeline-invalidation-graph-main-41f5b37,,requested execution not run,Exact pinned upstream API gap inventory plus adapter and small upstream-patch comparison.
I009,"B. Workspace snapshots, document ownership, and coherent inputs",Input closure of one verification subject,S/X,"Enumerate actual source, manifest, lockfile, feature, target, environment, generated-file, model, and toolchain inputs. Perturb each while holding filenames fixed. Identify omitted dependencies that change extracted code, obligations, or proof interpretation and distinguish declared inputs from untracked external effects.",cargo-rust-charon-anneal-coverage-matrix-2026-09-28;anneal-v1-interactive-dependency-invalidation-2026-09-28,anneal-3730-rust-input-snapshot-2026-09-29,partial execution,"A complete compilation/verification input tuple with dependency, cfg, target, build-script, environment, model, and tool perturbations."
I010,"B. Workspace snapshots, document ownership, and coherent inputs",Capturing a coherent live filesystem,M/X,"Compare immutable materialization with read-and-revalidate capture while files change. Include renames, symlinks, generated outputs, and large trees. Preserve a witness of which bytes were read; test whether validation can accept a mixed snapshot and what assumptions prevent that.",cargo-rust-charon-anneal-coverage-matrix-2026-09-28;anneal-v1-interactive-dependency-invalidation-2026-09-28,anneal-3730-snapshot-capture-jobs-2026-09-29,partial execution,Large-tree capture with rename/symlink/output mutation and a coherent witness under actual concurrent edits.
I011,"B. Workspace snapshots, document ownership, and coherent inputs","Clocks, generations, and ABA changes",M/X,"Distinguish document versions, workspace revisions, model generations, and process epochs. Exercise content A→B→A, close/reopen with reset versions, workspace recreation, and reused request IDs. Determine which identities prevent an old result from masquerading as a current one without needlessly disabling content-based reuse.",cargo-rust-charon-anneal-coverage-matrix-2026-09-28;anneal-v1-interactive-dependency-invalidation-2026-09-28,anneal-3730-rust-input-snapshot-2026-09-29;anneal-3730-snapshot-capture-jobs-2026-09-29,partial execution,"Reused request IDs, closed/reopened version reset, workspace recreation, and A→B→A against a real engine."
I012,"B. Workspace snapshots, document ownership, and coherent inputs",Disk versus open-buffer ownership,S/X,"Exercise open, change, save, external overwrite, close, rename, delete, and reopen. Determine when disk or client text is authoritative and how conflicts surface. Include a buffer that remains open after its file disappears; avoid silently replacing unsaved text with a disk reread.",cargo-rust-charon-anneal-coverage-matrix-2026-09-28;anneal-v1-interactive-dependency-invalidation-2026-09-28,anneal-3730-rust-input-snapshot-2026-09-29,partial execution,"Full editor buffer lifecycle including save, external overwrite, rename, deletion, and reopened authority transfer."
I013,"B. Workspace snapshots, document ownership, and coherent inputs",Coherent multi-document changes,M/X,"Change a proof and its helper, or two Rust modules, as one logical operation while queries run. Compare atomic workspace edits with ordered individual updates. Establish whether intermediate states are queryable, provisional, or rejected, and how a batch invocation selects the same intended snapshot.",cargo-rust-charon-anneal-coverage-matrix-2026-09-28;anneal-v1-interactive-dependency-invalidation-2026-09-28,anneal-3730-snapshot-capture-jobs-2026-09-29,partial execution,A proof/helper or two-module atomic workspace edit under in-flight queries and explicit provisional-state semantics.
I014,"B. Workspace snapshots, document ownership, and coherent inputs",Multiple writers to one workspace,M/X,"Race an editor, MCP agent, generator, and external filesystem tool. Compare exclusive document ownership, compare-and-swap edits, and explicit forks. Test conflict detection and lost-update prevention without assuming that all clients share one transport or obey one editor's version counter.",cargo-rust-charon-anneal-coverage-matrix-2026-09-28;anneal-v1-interactive-dependency-invalidation-2026-09-28,anneal-3730-rust-input-snapshot-2026-09-29,partial execution,"Four actual writers sharing one workspace, including lost-update and fork/exclusive-owner controls."
I015,"B. Workspace snapshots, document ownership, and coherent inputs",Subset freshness and conservative invalidation,M/X,"Change unrelated files while a proof query runs. Compare global-revision rejection with dependency-scoped acceptance, including dependencies discovered during processing. Determine whether narrower freshness checks are sound and useful; retain coarse invalidation as the baseline rather than assuming finer reuse is necessary.",cargo-rust-charon-anneal-coverage-matrix-2026-09-28;anneal-v1-interactive-dependency-invalidation-2026-09-28,,partial execution,Dependency-scoped versus global freshness on unrelated and newly discovered dependencies with measured reuse.
I016,"B. Workspace snapshots, document ownership, and coherent inputs",Reconstruction after Anneal restart,X,"Recreate a workspace from disk, a retained snapshot, or reconnected client buffers after losing all orchestration memory. Verify subject identity, unsaved edits, imports, and outstanding-result classification. Determine the minimum retained state and what must instead expire or require the client to resend text.",cargo-rust-charon-anneal-coverage-matrix-2026-09-28;anneal-v1-interactive-dependency-invalidation-2026-09-28,,partial execution,"Anneal restart reconstruction from disk, retained snapshot, and reconnecting unsaved buffers."
I017,C. Locating Lean annotations and attaching them to Rust subjects,Tolerant annotation discovery during typing,S/X,"Compare candidate comment, attribute, or delimited encodings under incomplete Rust, unfinished Lean, missing delimiters, and temporarily malformed nesting. Determine which regions can still be located safely without compiling Rust, and when the editor must preserve text but suspend semantic attachment.",lean-generated-file-interactive-workflows-v4-30-0-rc2;anneal-v1-annotation-diagnostics-history-2026-09-27,anneal-3730-annotation-gap-probes-2026-09-29,partial execution,Real candidate annotation encodings and tolerant parser recovery under unfinished Rust and Lean.
I018,C. Locating Lean annotations and attaching them to Rust subjects,A justified proof-only edit classifier,S/X/M,"Test edits to purported Lean-only regions with macros that inspect attributes/comments, source inclusion, and build-time readers. Determine the assumptions under which Rust semantics and extraction inputs really remain unchanged. Record unknown cases that require re-extraction rather than declaring every comment edit harmless.",lean-generated-file-interactive-workflows-v4-30-0-rc2;anneal-v1-annotation-diagnostics-history-2026-09-27,anneal-3730-rust-input-snapshot-2026-09-29,partial execution,"A full proof-only classifier challenged by macro, include, and build-time readers in actual extraction inputs."
I019,C. Locating Lean annotations and attaching them to Rust subjects,Compiler-backed annotation attachment,S/X,"Exercise conditional compilation, expanded and generated items, aliases, trait defaults, local items, and repeated names. Relate the authored annotation to the actual extracted declaration. Require explicit ambiguity or missing-subject outcomes when a source-level locator cannot establish that correspondence.",lean-generated-file-interactive-workflows-v4-30-0-rc2;anneal-v1-annotation-diagnostics-history-2026-09-27,anneal-3730-charon-subject-identity-2026-09-29;anneal-3730-cross-tool-provenance-2026-09-29,partial execution,"Compiler-backed annotation attachment across cfg, aliases, trait defaults, local/generated items, and explicit ambiguity outcomes."
I020,C. Locating Lean annotations and attaching them to Rust subjects,"One source file, several compilation subjects",X,"Open a file shared by library, tests, binaries, feature sets, or target triples whose generated models differ. Determine how a proof query selects its subject and how mismatches are exposed. Test whether stable annotation identity can remain separate from subject-specific proof context.",lean-generated-file-interactive-workflows-v4-30-0-rc2;anneal-v1-annotation-diagnostics-history-2026-09-27,anneal-3730-charon-subject-identity-2026-09-29;anneal-3730-rust-input-snapshot-2026-09-29,partial execution,"Subject selection across the same source in lib/test/bin, features, and target triples with model/proof mismatch signaling."
I021,C. Locating Lean annotations and attaching them to Rust subjects,Annotation identity across structural edits,M/X,"Move, duplicate, split, reorder, and delete annotated items while requests are outstanding. Compare range-, syntax-, compiler-, and explicit-ID-based identity schemes. Detect erroneous reassignment of a completed proof to a different obligation; preserve deliberate duplication without assuming names or offsets are globally unique.",lean-generated-file-interactive-workflows-v4-30-0-rc2;anneal-v1-annotation-diagnostics-history-2026-09-27,anneal-3730-charon-subject-identity-2026-09-29,partial execution,"Annotation identity across move, duplicate, split, reorder, and deletion while results remain in flight."
I022,C. Locating Lean annotations and attaching them to Rust subjects,Multiple annotations and shared helpers,S/X,"Test declarations, specifications, proofs, imports, namespace commands, and helper lemmas distributed across annotations. Examine ordering, visibility, name collisions, and recursive dependencies. Determine which layouts preserve the authored meaning and which create unwanted dependencies between otherwise independent proofs.",lean-generated-file-interactive-workflows-v4-30-0-rc2;anneal-v1-annotation-diagnostics-history-2026-09-27,anneal-3730-annotation-gap-probes-2026-09-29,partial execution,"Multiple annotations and helper/import ordering with visibility, collision, and recursion controls."
I023,C. Locating Lean annotations and attaching them to Rust subjects,Editing against an unavailable or broken Rust model,X/U,"Introduce a Rust syntax error, unsupported extraction, or changed function signature while continuing a Lean proof. Compare stopping interaction with explicitly using the last prepared model. Test whether users and agents understand the model's age and avoid treating provisional feedback as current verification.",lean-generated-file-interactive-workflows-v4-30-0-rc2;anneal-v1-annotation-diagnostics-history-2026-09-27,,requested execution not run,"Continued proof interaction against an explicitly named last-good model through Rust syntax, extraction, and signature failures."
I024,C. Locating Lean annotations and attaching them to Rust subjects,Preserving authored source through regeneration,X,"Regenerate after Rust edits while Lean annotations contain unsaved changes, custom formatting, and unsupported-but-preserved text. Confirm that canonical user text is not reconstructed from LLBC or generated Lean. Test ownership rules for external proof/model files and explicit overrides without choosing a mandatory storage layout.",lean-generated-file-interactive-workflows-v4-30-0-rc2;anneal-v1-annotation-diagnostics-history-2026-09-27,anneal-3730-annotation-gap-probes-2026-09-29,partial execution,"Preservation of unsaved authored Lean, formatting, and unsupported text through regeneration and external edits."
I025,"D. Exact projections, provenance, and safe round-trip edits",Coordinate conversion property suite,M/X,"Generate source containing supplementary characters, combining marks, tabs, CRLF, empty lines, and boundary positions. Round-trip byte, scalar, and negotiated LSP coordinates where invertible. Treat lossy display-width coordinates and invalid boundaries explicitly; retain original bytes rather than silently normalizing Unicode.",rust-source-span-provenance-nightly-2026-05-31;anneal-synthesized-scaffolding-diagnostic-provenance-main-41f5b37,anneal-3730-projection-properties-2026-09-29,partial execution,Negotiated LSP encoding round trips in a real host/projection pipeline; property fixture covers scalar/UTF-16 boundaries only.
I026,"D. Exact projections, provenance, and safe round-trip edits",Piecewise projection invertibility,M/X,"Test stripping prefixes/indentation, escaping delimiters, and inserting scaffolding. Establish which Lean ranges map exactly to authored Rust ranges, including zero-width insertions. Reject edits crossing synthetic gaps or multiple source segments unless a deliberate transformation can preserve the surrounding source.",rust-source-span-provenance-nightly-2026-05-31;anneal-synthesized-scaffolding-diagnostic-provenance-main-41f5b37,anneal-3730-projection-properties-2026-09-29,partial execution,"Actual Anneal annotation stripping, escaping, and scaffolding with exact source-map inversion and cross-segment rejection."
I027,"D. Exact projections, provenance, and safe round-trip edits",One-to-many and many-to-one provenance,M/X,"Generate several obligations from one annotation and combine several annotations in one Lean declaration. Test query routing, related diagnostics, and edit ambiguity. Distinguish selecting a proof context from choosing an editable origin; an attribution anchor must not authorize replacement of unrelated Rust text.",rust-source-span-provenance-nightly-2026-05-31;anneal-synthesized-scaffolding-diagnostic-provenance-main-41f5b37,anneal-3730-cross-tool-provenance-2026-09-29,partial execution,"Real one-to-many obligations and many-to-one declarations with routing, related diagnostics, and edit ambiguity."
I028,"D. Exact projections, provenance, and safe round-trip edits",One generator for batch and live text,X,"Materialize and stream the same projection through separate sinks, including incomplete proofs and changed imports. Compare text, module context, source maps, and elaborated declarations. Detect accidental differences from newline handling, temporary filenames, omitted scaffolding, or a second editor-only code path.",rust-source-span-provenance-nightly-2026-05-31;anneal-synthesized-scaffolding-diagnostic-provenance-main-41f5b37,,requested execution not run,"One generator streaming and materializing identical context, maps, and declarations under incomplete proofs/import changes."
I029,"D. Exact projections, provenance, and safe round-trip edits",Revision-safe projected patches,M/X,"Obtain a Lean edit, then change the Rust document before applying it. Check both expected source bytes and projection identity, including edits elsewhere that shift ranges. Test atomic application and conflict reporting; a plausible re-mapped position must not silently overwrite a different proof.",rust-source-span-provenance-nightly-2026-05-31;anneal-synthesized-scaffolding-diagnostic-provenance-main-41f5b37,anneal-3730-projection-properties-2026-09-29,partial execution,Real projected edits with source-and-projection CAS after unrelated shifting edits and atomic conflict reporting.
I030,"D. Exact projections, provenance, and safe round-trip edits",Completion and code-action edits beyond the cursor,S/X,"Exercise snippets, additional text edits, new imports, qualified-name fixes, and edits spanning generated/user regions. Determine which operations can be projected back safely and which need a specialized Anneal action. Preserve snippet placeholders and reject unsupported transformations rather than partially applying them.",rust-source-span-provenance-nightly-2026-05-31;anneal-synthesized-scaffolding-diagnostic-provenance-main-41f5b37,anneal-3730-annotation-gap-probes-2026-09-29,partial execution,"Completion snippets, additional edits/imports, code actions, and synthetic-region crossings in real projection."
I031,"D. Exact projections, provenance, and safe round-trip edits",Diagnostics and provenance fidelity,X/U,"Produce errors in copied proof text, generated scaffolding, generated models, and external imports. Preserve the original Lean location plus the exact or approximate Rust explanation. Test range quality, related information, absent source, and responsibility selection without making a synthetic error look user-authored.",rust-source-span-provenance-nightly-2026-05-31;anneal-synthesized-scaffolding-diagnostic-provenance-main-41f5b37,anneal-3730-cross-tool-provenance-2026-09-29,partial execution,"Full diagnostic source ownership across generated scaffolding, model, external imports, and ambiguous/absent spans."
I032,"D. Exact projections, provenance, and safe round-trip edits",Mapping stability and cost during edit streams,M/X,Fuzz insertion/deletion around annotation boundaries and measure full versus incremental projection updates. Validate maps against regenerated ground truth after every edit. Determine whether incremental mapping complexity earns enough latency improvement to justify its additional invalidation and correctness burden.,rust-source-span-provenance-nightly-2026-05-31;anneal-synthesized-scaffolding-diagnostic-provenance-main-41f5b37,anneal-3730-projection-properties-2026-09-29,partial execution,Boundary-edit fuzz on actual annotation grammar plus measured full versus incremental mapping latency.
I033,E. Projected Lean documents and module layout,Virtual URI and file-backed document compatibility,S/X,"Test custom schemes, file URIs for nonexistent files, untitled buffers, and stable on-disk shells under supported Lean launch modes. Exercise import resolution and `setup-file`. Establish the minimum physical project structure needed for unsaved projected text and ordinary proof queries.",lean-generated-file-interactive-workflows-v4-30-0-rc2;lean-server-multi-workspace-isolation-v4-30-0-rc2,anneal-3730-document-context-v4-30-0-rc2,partial execution,"URI/physical-path behavior across supported Lake launch modes and setup-file with imports, not just direct Lean."
I034,E. Projected Lean documents and module layout,Stable document identity versus generation paths,X,"Compare stable logical documents with remapped generated imports, generation-specific physical paths, and close/reopen publication. Measure incremental reuse and verify module identity after each transition. Determine whether a stable URI can safely survive environment changes or should deliberately acquire a new worker.",lean-generated-file-interactive-workflows-v4-30-0-rc2;lean-server-multi-workspace-isolation-v4-30-0-rc2,anneal-3730-document-context-v4-30-0-rc2,partial execution,Existing-worker remapping across generations and measured stable URI versus generation-path reuse.
I035,E. Projected Lean documents and module layout,"Per-annotation, per-file, and per-artifact layouts",X,"Use identical proofs with shared helpers and different model sizes under each layout. Measure worker count, import cost, incremental reuse, and failure isolation. Record semantic restrictions imposed by splitting; fewer files or smaller modules is not automatically the cheaper or more expressive option.",lean-generated-file-interactive-workflows-v4-30-0-rc2;lean-server-multi-workspace-isolation-v4-30-0-rc2,,requested execution not run,"Per-annotation, per-file, and per-artifact layouts on same proofs with helper visibility and model-size/worker-count costs."
I036,E. Projected Lean documents and module layout,Prefix reuse under generated-context changes,S/X,"Change early imports, namespaces, options, generated declarations, and late proof tactics separately. Observe Lean's actual elaboration reuse and cancellation. Identify which generation strategies preserve useful prefixes and which merely keep filenames stable while forcing complete re-elaboration.",lean-generated-file-interactive-workflows-v4-30-0-rc2;lean-server-multi-workspace-isolation-v4-30-0-rc2,anneal-3730-document-context-v4-30-0-rc2,partial execution,"Prefix reuse measurements for early import/namespace/option changes versus late tactics, including cancellation."
I037,E. Projected Lean documents and module layout,Context fidelity of wrappers and scaffolding,S/X/M,"Compare direct Lean with projected annotations under namespaces, sections, variables, local instances, notation, macros, and options. Inspect elaborated proposition and dependencies, not only successful checking. Find wrapper transformations that accidentally capture names or change the statement being proved.",lean-generated-file-interactive-workflows-v4-30-0-rc2;lean-server-multi-workspace-isolation-v4-30-0-rc2,anneal-3730-document-context-v4-30-0-rc2,partial execution,"Elaborated proposition/dependency comparison for projected wrappers under local instances, macros, notation, and options."
I038,E. Projected Lean documents and module layout,Open documents that import other unsaved documents,S/X,"Keep both producer and proof open, change only the producer buffer, and compare server behavior with compiled-disk imports. Determine whether simultaneous unsaved cross-module semantics are supported, require materialization, or need explicit restrictions; do not assume all open buffers form one live import environment.",lean-generated-file-interactive-workflows-v4-30-0-rc2;lean-server-multi-workspace-isolation-v4-30-0-rc2,anneal-3730-document-context-v4-30-0-rc2,partial execution,A supported two-open-document unsaved-import design or explicit staged materialization protocol.
I039,E. Projected Lean documents and module layout,Dependency cycles and generated declaration order,S/X,"Construct cross-annotation helper dependencies, generated specifications referencing models, and mutually dependent proof modules. Compare legal grouping and explicit cycle rejection. Determine which graph belongs to generation, compilation, or proof checking and avoid hiding cycles through stale compiled modules.",lean-generated-file-interactive-workflows-v4-30-0-rc2;lean-server-multi-workspace-isolation-v4-30-0-rc2,anneal-3730-document-context-v4-30-0-rc2,partial execution,"Cross-annotation helper graph, model references, legal grouping, and cycle rejection beyond a simple Lake cycle."
I040,E. Projected Lean documents and module layout,Scratch proof forks preserve full context,X,"Clone a projected document for tactic experiments, varying module identity, options, imports, and surrounding commands. Compare results with applying the candidate to the real proof. Detect experiments that work only because the scratch context or pre-elaborated prefix differs from the intended document.",lean-generated-file-interactive-workflows-v4-30-0-rc2;lean-server-multi-workspace-isolation-v4-30-0-rc2,anneal-3730-document-context-v4-30-0-rc2,partial execution,"Scratch proof forks with matched module identity, options, imports, surrounding commands, and real-candidate replay."
I041,"F. Lean query causality, tactic state, and worker lifetimes",Exact-version goal query protocol,S/M/X,"Compare serialized document access, client-side version fences, snapshot-specific documents, and any upstream version-aware operations. Introduce actual concurrent edits before, during, and after readiness waits and goal requests. Determine which protocol can justify the returned version rather than merely label an unversioned response.",lean-server-tactic-state-v4-30-0-rc2;lean-lsp-old-version-wait-race-v4-30-0-rc2;lean-server-concurrency-experiment-v4-30-0-rc2,anneal-3730-lean-protocol-races-v4-30-0-rc2,partial execution,Interleavings before/during/after goal wait on exact versions and a chosen client fence/worker replacement protocol.
I042,"F. Lean query causality, tactic state, and worker lifetimes",Readiness is not a single boolean,S/X,"Delay parsing, imports, elaboration, asynchronous tasks, diagnostics, and tactic information separately. Test available wait operations and progress notifications. Distinguish ready-at-position, whole-file completion, imports-out-of-date, and permanent failure, including files whose diagnostics are temporarily empty.",lean-server-tactic-state-v4-30-0-rc2;lean-lsp-old-version-wait-race-v4-30-0-rc2;lean-server-concurrency-experiment-v4-30-0-rc2,anneal-3730-lean-protocol-races-v4-30-0-rc2,partial execution,Separate parsing/import/elaboration/async task delays with ready-at-position and whole-file status classification.
I043,"F. Lean query causality, tactic state, and worker lifetimes",Tactic-position selection semantics,S/X,"Query before/after tactics, within whitespace, at nested goals, tactic combinators, macros, errors, and EOF. Compare plain goals and interactive goals. Preserve exact coordinates and expected selection so an agent knows whether it is seeing input goals, output goals, or no applicable tactic state.",lean-server-tactic-state-v4-30-0-rc2;lean-lsp-old-version-wait-race-v4-30-0-rc2;lean-server-concurrency-experiment-v4-30-0-rc2,,partial execution,"Position-selection matrix for nested tactics, combinators, macro/error/EOF, and interactive versus plain goals."
I044,"F. Lean query causality, tactic state, and worker lifetimes",Rich RPC object lifetimes,S/X,"Retain interactive goal/context handles across edits, cancellation, file close, worker restart, and server restart. Test reconnect and expiration handling. Determine which data can be copied into durable results and which must remain explicitly scoped to a live worker/RPC session.",lean-server-tactic-state-v4-30-0-rc2;lean-lsp-old-version-wait-race-v4-30-0-rc2;lean-server-concurrency-experiment-v4-30-0-rc2,,partial execution,"Interactive RPC handle lifetime across edit, cancel, close, worker/server restart and reconnect."
I045,"F. Lean query causality, tactic state, and worker lifetimes",Worker incarnation and request-ID reuse,M/X,"Delay responses while replacing a worker and reusing file versions or transport request numbers. Verify that old responses, notifications, and RPC references cannot enter the new context. Test clean shutdown separately from forced termination and a crashed worker restarted by its supervisor.",lean-server-tactic-state-v4-30-0-rc2;lean-lsp-old-version-wait-race-v4-30-0-rc2;lean-server-concurrency-experiment-v4-30-0-rc2,anneal-3730-lean-protocol-races-v4-30-0-rc2,partial execution,"Actual worker incarnation replacement with delayed old responses, reused IDs, and clean versus forced termination."
I046,"F. Lean query causality, tactic state, and worker lifetimes",Partial and failed elaboration,X,"Place a valid proof before and after unfinished declarations, unknown tactics, timeouts, and recoverable syntax errors. Query reachable positions and inspect diagnostics. Determine what useful state is available without implying that the full module or its intended obligations have been checked.",lean-server-tactic-state-v4-30-0-rc2;lean-lsp-old-version-wait-race-v4-30-0-rc2;lean-server-concurrency-experiment-v4-30-0-rc2,anneal-3730-lean-protocol-races-v4-30-0-rc2,partial execution,"Goal availability before and after partial declarations, unknown tactics, timeouts, and recoverable errors."
I047,"F. Lean query causality, tactic state, and worker lifetimes",Historical queries versus latest-only queries,M/X/U,"Compare rejecting superseded requests, retaining old snapshots, and rebuilding a requested revision in isolation. Measure storage and latency, including rapid edits that continually supersede work. Establish explicit semantics for latest-at-start, latest-at-completion, and exact historical requests rather than silently switching among them.",lean-server-tactic-state-v4-30-0-rc2;lean-lsp-old-version-wait-race-v4-30-0-rc2;lean-server-concurrency-experiment-v4-30-0-rc2,anneal-3730-lean-protocol-races-v4-30-0-rc2,partial execution,Latest-only versus retained historical snapshots with measured storage/latency during rapid edits.
I048,"F. Lean query causality, tactic state, and worker lifetimes",Imported-environment attestation,S/X,"Determine what a worker can report about loaded module artifacts, options, plugins, and build identities. Compare explicit instrumentation with a fresh-worker construction whose inputs are controlled. Show how Anneal could establish the actual environment used, not just store an intended generation tag beside the response.",lean-server-tactic-state-v4-30-0-rc2;lean-lsp-old-version-wait-race-v4-30-0-rc2;lean-server-concurrency-experiment-v4-30-0-rc2,anneal-3730-lean-protocol-import-deletion-v4-30-0-rc2,partial execution,Worker attestation of loaded artifacts/options/plugins or validated fresh-worker construction at the real project boundary.
I049,G. Model generations and imported-environment transitions,Refresh matrix across server launch modes,S/X,"Repeat the imported-definition counterexample under `lake serve`, `lake env lean --server`, and explicitly prepared direct Lean where supported. Compare watcher notifications, reopen, file-worker restart, and whole-server restart. Preserve which reset actually restores agreement with a fresh batch check.",anneal-v1-interactive-dependency-invalidation-2026-09-28;anneal-interactive-pipeline-invalidation-graph-main-41f5b37,anneal-3730-lean-protocol-import-deletion-v4-30-0-rc2,partial execution,"Matched import-refresh matrix under lake serve, lake env lean --server, and direct prepared Lean."
I050,G. Model generations and imported-environment transitions,"Transitive imports, plugins, and option changes",X,"Change a transitive theorem/model, package configuration, server option, macro extension, or native plugin without editing the open proof. Test invalidation and reload boundaries separately. Determine when refreshing one file is sufficient and when process-global state requires a larger restart.",anneal-v1-interactive-dependency-invalidation-2026-09-28;anneal-interactive-pipeline-invalidation-graph-main-41f5b37,anneal-3730-lean-protocol-import-deletion-v4-30-0-rc2,partial execution,"Transitive import, package option, macro extension, and native plugin invalidation distinct from direct import deletion."
I051,G. Model generations and imported-environment transitions,Complete-generation publication,M/X,"Regenerate several interdependent Lean modules and compiled artifact families while readers run. Pause after each write. Compare immutable generation directories, staged publication, and coordinated in-place replacement. Require readers to use a complete old or new generation, never a mixture presented as current.",anneal-v1-interactive-dependency-invalidation-2026-09-28;anneal-interactive-pipeline-invalidation-graph-main-41f5b37,,partial execution,Actual multi-module generation/artifact-family staged publication with readers paused after each write.
I052,G. Model generations and imported-environment transitions,Preparation at permanent paths,X,"Compare building at a final unpublished location with building elsewhere and relocating at publication. Include manifests, traces, module setup, native search paths, and retained workers. Identify every location-bearing input; atomic rename alone must not be treated as proof that prepared state remains valid.",anneal-v1-interactive-dependency-invalidation-2026-09-28;anneal-interactive-pipeline-invalidation-graph-main-41f5b37,,partial execution,"Prepare at final versus moved path across manifests, traces, setup, native libraries, and retained workers."
I053,G. Model generations and imported-environment transitions,Obsolete generation completing late,M/X,"Start generation A, supersede it with B, then let A finish after B publishes. Exercise generated sources, compiled artifacts, diagnostics, and cache insertion independently. Establish where obsolete output may be retained for reuse and where it must be barred from current workspace state.",anneal-v1-interactive-dependency-invalidation-2026-09-28;anneal-interactive-pipeline-invalidation-graph-main-41f5b37,,partial execution,"Late obsolete real backend output tested independently for generated source, compiled artifacts, diagnostics, and cache insertion."
I054,G. Model generations and imported-environment transitions,Failed generation and explicit fallback,X/U,"Fail extraction, translation, compilation, or server preparation after a previous successful generation. Test rollback and continued interaction against the old environment. Require visible model identity and failure status; last-known-good proof feedback must not silently become a current verification result.",anneal-v1-interactive-dependency-invalidation-2026-09-28;anneal-interactive-pipeline-invalidation-graph-main-41f5b37,anneal-3730-lean-protocol-import-deletion-v4-30-0-rc2,partial execution,Failure at every extraction/translation/build/server stage with visible last-good model and explicit rollback policy.
I055,G. Model generations and imported-environment transitions,"Deletions, renames, and output-set shrinkage",X,"Remove a Rust item, generated Lean module, import, or obligation and rebuild. Test that obsolete files/artifacts are absent from the selected generation and cannot satisfy resolution accidentally. Include module names reused for different subjects and skipped outputs after partial translator failure.",anneal-v1-interactive-dependency-invalidation-2026-09-28;anneal-interactive-pipeline-invalidation-graph-main-41f5b37,anneal-3730-cross-tool-provenance-2026-09-29;anneal-3730-lean-protocol-import-deletion-v4-30-0-rc2,partial execution,"Full output-set shrinkage, reused module names, and proof/obligation deletion in a selected real generation."
I056,G. Model generations and imported-environment transitions,Proof/model change dependency granularity,M/X,"Separate proof-body edits, theorem-statement edits, exported helper changes, generated-definition changes, and model/assumption changes. Compare conservative rebuilds with finer dependency tracking. Determine which results can remain valid and which contexts must restart, including changes that leave generated filenames unchanged.",anneal-v1-interactive-dependency-invalidation-2026-09-28;anneal-interactive-pipeline-invalidation-graph-main-41f5b37,,partial execution,Proof-body/statement/helper/model ablation and sound incremental reuse boundaries on real Lean imports.
I057,H. Editor integration and LSP routing,Rust and embedded Lean server coexistence,S/X,"Prototype editor-extension routing, an LSP proxy, and separate servers where supported. Exercise completion, diagnostics, hover, and cancellation inside and outside annotations. Determine the minimum client integration and ensure ordinary Rust features neither disappear nor act on the wrong embedded language.",lsp-proof-assistant-architecture-2026-09-27;lean-mcp-implementations-2026-09-27,anneal-3730-editor-mcp-shadow-authority-v4-30-0-rc2,partial execution,"Editor extension, LSP proxy, and separate-server prototypes for both Rust and embedded Lean features."
I058,H. Editor integration and LSP routing,Diagnostic multiplexing and stale clearing,S/X,"Merge rustc/Charon/Aeneas/Lean diagnostics under distinct origins and revisions. Exercise push/pull clients, empty updates, renamed files, and superseded runs. Confirm that clearing one producer's diagnostics neither removes another's errors nor leaves an old success/error displayed as current.",lsp-proof-assistant-architecture-2026-09-27;lean-mcp-implementations-2026-09-27,anneal-3730-editor-mcp-shadow-authority-v4-30-0-rc2,partial execution,Push/pull diagnostic multiplexing with rustc/Charon/Aeneas/Lean origins and stale clearing across rename.
I059,H. Editor integration and LSP routing,"Hover, navigation, and semantic tokens",S/X,"Map Lean definitions, references, goal-related spans, and tokens into annotations or read-only generated views. Test navigation into imported models and source unavailable locally. Preserve exact versus approximate origins and prevent generated code from masquerading as editable Rust source.",lsp-proof-assistant-architecture-2026-09-27;lean-mcp-implementations-2026-09-27,,requested execution not run,"Mapped hover, definition/reference navigation, semantic tokens, and unavailable imported-source behavior."
I060,H. Editor integration and LSP routing,Rename and cross-file workspace edits,S/X,"Rename Lean helpers used across annotations and external proof files while Rust symbols remain unchanged. Test multi-file preconditions, resource operations, and partial client support. Determine whether routing can preserve atomic intent or must reject a rename whose generated or ambiguous portions cannot be edited safely.",lsp-proof-assistant-architecture-2026-09-27;lean-mcp-implementations-2026-09-27,,requested execution not run,Cross-file Lean rename/workspace edits with Rust symbols unchanged and partial client capability controls.
I061,H. Editor integration and LSP routing,Lean InfoView and RPC integration,S/X,"Test whether the existing InfoView can display goals for projected Rust positions, including RPC sessions, widgets, hyperlinks, and reconnects. Compare extension glue with a minimal Anneal view. Identify capabilities lost through simple text-goal forwarding and distinguish required proof interaction from optional rich UI.",lsp-proof-assistant-architecture-2026-09-27;lean-mcp-implementations-2026-09-27,,requested execution not run,Actual InfoView widget/RPC/hyperlink flow from a Rust-hosted proof position through reconnect.
I062,H. Editor integration and LSP routing,Position encodings and client capability negotiation,S/X,"Exercise supported LSP encodings, full/incremental synchronization, document versions, and feature negotiation across representative clients. Translate coordinates at explicit boundaries. Reject unsupported combinations clearly instead of assuming every client and internal API uses Lean's preferred coordinate representation.",lsp-proof-assistant-architecture-2026-09-27;lean-mcp-implementations-2026-09-27,anneal-3730-editor-mcp-shadow-authority-v4-30-0-rc2,partial execution,"Representative clients negotiating position encoding, sync modes, versions, and feature fallbacks."
I063,H. Editor integration and LSP routing,Editor save/build/format interactions,X,"Trigger autosave, format-on-save, file watching, generated-output notifications, and background builds during proof editing. Detect loops, duplicate work, lost edits, and spuriously dirty buffers. Determine which events Anneal should emit and which must remain internal derived-state changes.",lsp-proof-assistant-architecture-2026-09-27;lean-mcp-implementations-2026-09-27,,requested execution not run,"Real editor autosave/format/watch/build events with loop, duplicate-work, and dirty-buffer controls."
I064,H. Editor integration and LSP routing,Editor disconnect and recovery,X/U,"Disconnect or restart the editor while Lean and Anneal remain live, then reconnect with differing disk and buffer contents. Test session cleanup, ownership transfer, and result refresh. Determine what can be reconstructed and what must be explicitly resolved before accepting further edits.",lsp-proof-assistant-architecture-2026-09-27;lean-mcp-implementations-2026-09-27,anneal-3730-editor-mcp-shadow-authority-v4-30-0-rc2,partial execution,Editor disconnect/reconnect ownership against divergent disk/buffer bytes and live Lean worker.
I065,"I. MCP state, agent workflows, and shared authority",Versioned MCP contract and compatibility,S/X,"Map the supported MCP revisions and client capabilities to workspace handles, long-running work, cancellation, progress, and result retrieval. Test capability negotiation and fallback. Separate protocol guarantees from implementation conventions and make workspace identity independent of accidental connection reuse.",lean-mcp-implementations-2026-09-27;mcp-proof-assistant-architecture-2026-07-28,anneal-3730-editor-mcp-shadow-authority-v4-30-0-rc2,requested integration not run,"Executable MCP revision/capability negotiation and fallback for handles, progress, cancellation, and retrieval."
I066,"I. MCP state, agent workflows, and shared authority",Minimal typed proof-tool surface,S/X/U,"Compare source-position queries, annotation/obligation IDs, context retrieval, diagnostics, edits, and verification calls. Include exact snapshot and subject selection in test cases. Measure whether a small tool set suffices without exposing generated filesystem layout or requiring agents to manipulate raw Lean process state.",lean-mcp-implementations-2026-09-27;mcp-proof-assistant-architecture-2026-07-28,anneal-3730-editor-mcp-shadow-authority-v4-30-0-rc2,requested integration not run,A typed minimal proof-tool API exercised on actual subject/snapshot selection and verification.
I067,"I. MCP state, agent workflows, and shared authority","Retry, idempotency, and compare-and-swap semantics",M/X,"Retry requests after lost responses, including edits, worker creation, and verification starts. Distinguish a replayed request from a new user action. Test deduplication bounds and conflict detection so retries neither duplicate mutations nor silently apply an edit to a later document.",lean-mcp-implementations-2026-09-27;mcp-proof-assistant-architecture-2026-07-28,anneal-3730-editor-mcp-shadow-authority-v4-30-0-rc2,requested integration not run,"Lost-response retry of mutations, worker creation, and verification with bounded deduplication and CAS."
I068,"I. MCP state, agent workflows, and shared authority",MCP and editor observe one authority,M/X,"Attach both clients to the same workspace, including unsaved Rust-hosted Lean. Alternate queries and edits from each and reconnect one client. Verify that the MCP never refreshes authoritative text from disk behind the editor and that both can identify the same projection/model context.",lean-mcp-implementations-2026-09-27;mcp-proof-assistant-architecture-2026-07-28,anneal-3730-editor-mcp-shadow-authority-v4-30-0-rc2,requested integration not run,"One actual MCP/editor workspace authority with alternating unsaved edits, queries, and reconnect."
I069,"I. MCP state, agent workflows, and shared authority","Read-only inspection, mutation, and scoped access",S/X,"Separate permission to query goals, edit authored annotations, alter imports/models, and execute builds. Use controlled local fixtures to test workspace/path scoping and accidental cross-project access. Do not let a generated-code location, resource handle, or model suggestion implicitly authorize a broader write.",lean-mcp-implementations-2026-09-27;mcp-proof-assistant-architecture-2026-07-28,anneal-3730-editor-mcp-shadow-authority-v4-30-0-rc2,requested integration not run,"Executed tool access tiers and workspace/path isolation, especially generated-to-authored edit authority."
I070,"I. MCP state, agent workflows, and shared authority",Scratch attempts and candidate application,X/U,"Try multiple tactics in isolated proof forks, then apply one candidate only after validating its source preconditions. Compare the target proposition, assumptions, and resulting obligations before/after. Detect apparent success obtained by changing the statement, adding admissions, or using a stale scratch environment.",lean-mcp-implementations-2026-09-27;mcp-proof-assistant-architecture-2026-07-28,anneal-3730-editor-mcp-shadow-authority-v4-30-0-rc2,requested integration not run,Isolated scratch tactic attempts applied back under subject/proof CAS and verified against intended context.
I071,"I. MCP state, agent workflows, and shared authority","Cancellation, backpressure, and reconnect over MCP",S/X,"Interrupt long checks and large result streams over supported transports. Test slow clients, dropped responses, request cancellation, progress loss, and retrieval after reconnection. Determine which work survives and how its result expires without leaking workers or conflating transport failure with proof failure.",lean-mcp-implementations-2026-09-27;mcp-proof-assistant-architecture-2026-07-28,anneal-3730-editor-mcp-shadow-authority-v4-30-0-rc2,requested integration not run,"Actual asynchronous MCP progress/result lifecycle with expiry, cancellation, and partial-failure responses."
I072,"I. MCP state, agent workflows, and shared authority",Existing Lean MCP adapters under Anneal conditions,S/X,"Run representative implementations against unsaved projections, replaced imports, scratch forks, and simultaneous editor access. Identify disk-reread assumptions and process/global caches. Decide which components can be reused unchanged, wrapped, or replaced; tool availability alone does not establish state correctness.",lean-mcp-implementations-2026-09-27;mcp-proof-assistant-architecture-2026-07-28,anneal-3730-editor-mcp-shadow-authority-v4-30-0-rc2,requested integration not run,"Two independent MCP clients with concurrent calls, cancellation, and consistent shared workspace observations."
I073,"J. Cargo, rustc, and Charon input/execution boundaries",Saved-Rust baseline versus overlay extraction,S/X,"Compare saved-only verification, snapshot materialization, and any supported compiler overlay mechanisms. Use identical intended bytes with unsaved annotations and ordinary Rust edits. State precisely which source version each result covers; evaluate whether saved-only Rust preserves useful Lean interaction without misleading users.",cargo-rust-charon-anneal-coverage-matrix-2026-09-28;charon-performance-and-revision-probes-2026-09-28;charon-llbc-output-goldens-and-revision-diffs-2026-09-27,,partial execution,"Saved-only versus snapshot-materialized Rust and any compiler overlay on identical intended unsaved bytes, with explicit source-version UX."
I074,"J. Cargo, rustc, and Charon input/execution boundaries",Shadow-workspace fidelity,S/X,"Materialize workspaces containing path dependencies, `build.rs`, proc macros, `include_*`, environment inputs, and generated files. Compare emitted code and relevant compiler observations with the original location. Detect path-sensitive behavior before assuming a copied tree faithfully represents the same compilation subject.",cargo-rust-charon-anneal-coverage-matrix-2026-09-28;charon-performance-and-revision-probes-2026-09-28;charon-llbc-output-goldens-and-revision-diffs-2026-09-27,,partial execution,"Shadow-workspace fidelity for path dependencies, build scripts, proc macros, includes, env, generated files, and path-sensitive compiler output."
I075,"J. Cargo, rustc, and Charon input/execution boundaries",Cargo skipping the Charon-producing invocation,S/X,"Warm Cargo caches, vary wrappers and target selection, and request extraction repeatedly. Determine when Cargo can report success without producing fresh LLBC. Compare explicit freshness checks and rebuild controls; an old destination file must not serve as evidence that extraction ran.",cargo-rust-charon-anneal-coverage-matrix-2026-09-28;charon-performance-and-revision-probes-2026-09-28;charon-llbc-output-goldens-and-revision-diffs-2026-09-27,,partial execution,"Warm-Cargo skipped-Charon controls with wrapper/target variations, fresh LLBC witness, and stale destination rejection."
I076,"J. Cargo, rustc, and Charon input/execution boundaries",Compilation-unit identity and output collisions,X,"Exercise multiple primary targets, host/target units, feature variants, same-named crates, and sibling libraries concurrently. Record actual rustc/Charon invocations and outputs. Verify that each LLBC result corresponds to one intended unit and no invocation-wide destination is overwritten by another producer.",cargo-rust-charon-anneal-coverage-matrix-2026-09-28;charon-performance-and-revision-probes-2026-09-28;charon-llbc-output-goldens-and-revision-diffs-2026-09-27,,partial execution,"Concurrent compilation-unit identity for targets, host/target, features, crate-name collisions, and LLBC destination ownership."
I077,"J. Cargo, rustc, and Charon input/execution boundaries",Charon process isolation and reset feasibility,S/X,"Compare fresh driver processes with any feasible reused library/worker boundary. Run subject A, subject B, then A again after errors and cancellation. Inspect process-global state and compiler lifetimes; reuse is justified only by isolation evidence, not because `charon_lib` can deserialize LLBC.",cargo-rust-charon-anneal-coverage-matrix-2026-09-28;charon-performance-and-revision-probes-2026-09-28;charon-llbc-output-goldens-and-revision-diffs-2026-09-27,,partial execution,"Charon A/B/A process/library reset after errors/cancel, compiler lifetime, and isolation evidence."
I078,"J. Cargo, rustc, and Charon input/execution boundaries",Charon output transaction and completeness,X,"Interrupt or fail extraction at multiple stages with a previous successful output present. Test parsing, declared version, subject identity, output completeness, and atomic publication. Distinguish malformed output, partial extraction, unsupported code, and no output rather than relying only on process exit status.",cargo-rust-charon-anneal-coverage-matrix-2026-09-28;charon-performance-and-revision-probes-2026-09-28;charon-llbc-output-goldens-and-revision-diffs-2026-09-27,anneal-3730-charon-aeneas-boundary-2026-09-29,partial execution,Interrupted/failing Charon output transaction with schema/version/subject/completeness checks and atomic publication.
I079,"J. Cargo, rustc, and Charon input/execution boundaries","LLBC identity, normalization, and source metadata",S/X/M,"Perturb paths, comments, declaration order, tool flags, and compiler revisions. Compare raw LLBC with proposed cache-key normalization. Construct cases where apparently incidental metadata affects annotation association or diagnostics; separate semantic translation reuse from freshness of source provenance.",cargo-rust-charon-anneal-coverage-matrix-2026-09-28;charon-performance-and-revision-probes-2026-09-28;charon-llbc-output-goldens-and-revision-diffs-2026-09-27,anneal-3730-charon-aeneas-boundary-2026-09-29,partial execution,LLBC path/comment/order/flag/compiler-revision ablations preserving semantic and source-provenance distinctions.
I080,"J. Cargo, rustc, and Charon input/execution boundaries",Rust-side resource sharing and cleanup,X,"Measure Cargo target directories, compiler incremental data, build-script products, and wrapper processes across parallel snapshot consumers. Compare isolated versus shared writable caches under cancellation. Determine whether eliminating Lake copies merely moves disk amplification or contention into the Rust extraction stage.",cargo-rust-charon-anneal-coverage-matrix-2026-09-28;charon-performance-and-revision-probes-2026-09-28;charon-llbc-output-goldens-and-revision-diffs-2026-09-27,,partial execution,Cargo target/incremental/build-script/wrapper resource sharing under parallel snapshots and cancellation.
I081,K. Aeneas translation boundaries and generated output,One-shot versus reusable Aeneas worker,S/X,"Translate A/B/A with differing options, models, and failures through candidate library/daemon boundaries. Compare outputs with fresh processes and inspect global accumulators/configuration. Test cleanup after cancellation; establish a reentrancy contract before measuring a worker pool as a valid optimization.",aeneas-generated-source-determinism-nightly-2026-06-03;aeneas-generated-source-repeat-run-probe-nightly-2026-06-03;aeneas-incremental-translation-feasibility-nightly-2026-06-03,anneal-3730-aeneas-process-contract-2026-09-29,toolchain-gated,"Aeneas same-process A/B/A with changed flags/models/failure/cancel, reset evidence, and fresh-process oracle."
I082,K. Aeneas translation boundaries and generated output,Exact Aeneas request identity,S/X,"Vary LLBC revision, normalization, translation options, external-model registries, library versions, and naming configuration independently. Determine which inputs affect output or acceptance. Test cache keys against deliberate collisions and distinguish schema compatibility from semantic compatibility.",aeneas-generated-source-determinism-nightly-2026-06-03;aeneas-generated-source-repeat-run-probe-nightly-2026-06-03;aeneas-incremental-translation-feasibility-nightly-2026-06-03,anneal-3730-aeneas-process-contract-2026-09-29;anneal-3730-charon-aeneas-boundary-2026-09-29,partial execution,"Independent LLBC, normalization, options, external registry, library version, and naming input ablations with collision controls."
I083,K. Aeneas translation boundaries and generated output,Whole-crate versus finer-grained invalidation,S/M/X,"Change one function, type, trait implementation, recursive group, or external model and inspect effects elsewhere. Prototype finer reuse only where dependency evidence supports it. Compare with a full translation oracle and retain counterexamples to per-item caching based solely on unchanged item text.",aeneas-generated-source-determinism-nightly-2026-06-03;aeneas-generated-source-repeat-run-probe-nightly-2026-06-03;aeneas-incremental-translation-feasibility-nightly-2026-06-03,anneal-3730-aeneas-process-contract-2026-09-29,partial execution,Changed function/type/trait/recursive group/external model with whole-crate oracle and finer-invalidation counterexamples.
I084,K. Aeneas translation boundaries and generated output,Generated-name and declaration stability,X,"Apply unrelated edits, helper insertion, reordering, and module moves while keeping a selected Rust behavior unchanged. Measure changes to Lean names, signatures, and proof context. Determine whether stable naming is an upstream opportunity, an adapter concern, or an unavoidable proof-maintenance boundary.",aeneas-generated-source-determinism-nightly-2026-06-03;aeneas-generated-source-repeat-run-probe-nightly-2026-06-03;aeneas-incremental-translation-feasibility-nightly-2026-06-03,anneal-3730-charon-aeneas-boundary-2026-09-29,partial execution,"Generated Lean name/signature/context stability under unrelated edits, helper insertion, reorder, and module moves."
I085,K. Aeneas translation boundaries and generated output,Multi-file emission and ownership,X,"Exercise generated files, user-maintained external models, output deletion, and partial translation failure. Compare complete output manifests with in-place emission. Confirm that regeneration neither overwrites user files nor leaves stale generated declarations available after the new translation should have removed them.",aeneas-generated-source-determinism-nightly-2026-06-03;aeneas-generated-source-repeat-run-probe-nightly-2026-06-03;aeneas-incremental-translation-feasibility-nightly-2026-06-03,anneal-3730-charon-aeneas-boundary-2026-09-29,partial execution,"Complete generated-output ownership manifest, user external-model preservation, deletion, and partial failure handling."
I086,K. Aeneas translation boundaries and generated output,In-memory handoff versus serialized artifacts,S/X,"Compare file-based LLBC/Lean exchange with available library or structured-stream boundaries. Measure serialization, copying, diagnostics, cancellation, and reproducibility costs. Identify where retaining bytes is valuable evidence and where mandatory files create needless latency or disk growth.",aeneas-generated-source-determinism-nightly-2026-06-03;aeneas-generated-source-repeat-run-probe-nightly-2026-06-03;aeneas-incremental-translation-feasibility-nightly-2026-06-03,,requested execution not run,"Measured in-memory/structured-stream versus serialized LLBC/Lean handoff for copying, diagnostics, cancellation, and evidence cost."
I087,K. Aeneas translation boundaries and generated output,Source correspondence at the selected Aeneas pin,S/X,"Test the actual metadata available for declaration origins and generated ranges, then compare explicitly selected newer facilities if useful. Determine what Anneal must generate itself for embedded proof edits. Do not assume newer upstream `translation.json` capabilities exist in the selected release.",aeneas-generated-source-determinism-nightly-2026-06-03;aeneas-generated-source-repeat-run-probe-nightly-2026-06-03;aeneas-incremental-translation-feasibility-nightly-2026-06-03,anneal-3730-aeneas-process-contract-2026-09-29;anneal-3730-charon-aeneas-boundary-2026-09-29;anneal-3730-cross-tool-provenance-2026-09-29,partial execution,Actual Aeneas origin/range metadata at selected pin and explicit adapter mapping needs; newer translation.json requires separate comparison.
I088,K. Aeneas translation boundaries and generated output,Diagnostics and residual state after translation failure,X,"Exercise rejected inputs, warnings, partial generated files, crashes, and repeated requests. Preserve structured origin where available and test fallback text parsing across pins. Determine whether a failure invalidates only one request or also makes a reusable worker unsafe to retain.",aeneas-generated-source-determinism-nightly-2026-06-03;aeneas-generated-source-repeat-run-probe-nightly-2026-06-03;aeneas-incremental-translation-feasibility-nightly-2026-06-03,anneal-3730-aeneas-process-contract-2026-09-29;anneal-3730-charon-aeneas-boundary-2026-09-29,partial execution,"Warnings, crashes, rejected inputs, partial files, diagnostics origin, and repeated-request residual state across pins."
I089,L. Lake preparation and consumer configuration identity,"Actual archive, genuinely fresh consumer",X,"Consume the real prepared Anneal toolchain with empty relevant home/cache state and enforced dependency read-only access. Install the complete intended manifest before any Lake invocation. Observe configuration, batch checking, server startup, and first proof query; classify every attempted shared-location write.",lake-configuration-ownership-v4-30-0-rc2;lake-server-preparation-v4-30-0-rc2;lake-readonly-relocation-offline-concurrency-v4-30-0-rc2,,partial execution,"Actual prepared Anneal archive consumed from empty home/cache with enforced read-only dependencies, full manifest, server and first-query write tracing."
I090,L. Lake preparation and consumer configuration identity,Consumer package identity matrix,S/X,"Vary root names, dependency names/indices, graph order, duplicate versions, and absolute/relative paths against one prepared universe. Determine which consumers can reuse package configurations without mutation. Derive the preparation key or supported-shape restriction instead of assuming producer priming covers every workspace.",lake-configuration-ownership-v4-30-0-rc2;lake-server-preparation-v4-30-0-rc2;lake-readonly-relocation-offline-concurrency-v4-30-0-rc2,anneal-3730-lake-identity-matrix-v4-30-0-rc2,partial execution,Lake package graph order/duplicate/version/rename identity and source/config ablations beyond one package.
I091,L. Lake preparation and consumer configuration identity,Environment setup versus current-document setup,S/X,"Change an unsaved projection's import header while keeping the project fixed. Capture `ModuleSetup`, artifacts, plugins, and options used for each query. Test whether global preparation is insufficient and how file-specific readiness should fail when new imports are unavailable.",lake-configuration-ownership-v4-30-0-rc2;lake-server-preparation-v4-30-0-rc2;lake-readonly-relocation-offline-concurrency-v4-30-0-rc2,,partial execution,Unsaved changed import header with captured per-file ModuleSetup/artifact/plugin/option identity.
I092,L. Lake preparation and consumer configuration identity,No-build and no-cache as consumer contracts,S/X,"Exercise missing/stale imports, absent package configs, malformed manifests, and incomplete artifact families under the exact server no-build path. Observe writes, downloads, and exit/status handling. Determine which prerequisites make it a safe read-only consumer and which failures require Anneal-owned preparation.",lake-configuration-ownership-v4-30-0-rc2;lake-server-preparation-v4-30-0-rc2;lake-readonly-relocation-offline-concurrency-v4-30-0-rc2,anneal-3730-lake-concurrency-preparation-v4-30-0-rc2;anneal-3730-lake-identity-matrix-v4-30-0-rc2,partial execution,"No-build/no-cache server path against missing configs, malformed manifest, and all incomplete artifact families."
I093,L. Lake preparation and consumer configuration identity,Lean versus TOML package configuration,S/X,"Compare equivalent package declarations with configuration computation, environment dependencies, and dynamic library loading. Identify mutable caches and hidden inputs introduced by executable configuration. Determine whether simplifying generated configuration materially reduces state without restricting necessary user packages.",lake-configuration-ownership-v4-30-0-rc2;lake-server-preparation-v4-30-0-rc2;lake-readonly-relocation-offline-concurrency-v4-30-0-rc2,,partial execution,"TOML versus executable Lean package configuration equivalence, hidden env inputs, and dynamic loading."
I094,L. Lake preparation and consumer configuration identity,Pinned versus upgraded Lake ownership,S/X,Re-run the same consumer-identity and read-only probes at the examined 4.30 pin and explicitly chosen later versions. Account for the rest of the coupled toolchain. Separate a version-specific workaround from a stable architectural requirement; do not infer continuity from nearby release numbers.,lake-configuration-ownership-v4-30-0-rc2;lake-server-preparation-v4-30-0-rc2;lake-readonly-relocation-offline-concurrency-v4-30-0-rc2,,partial execution,Matched read-only consumer behavior on a deliberately selected later compatible Lean/Lake tuple.
I095,L. Lake preparation and consumer configuration identity,Observable reuse versus accidental rebuilding,S/X,"Record launched processes, writes, artifact reads, and setup outputs across repeated checks. Determine reliable reuse indicators even when command output is quiet. Validate actual parallelism controls rather than treating an unrecognized variable such as `LAKE_JOBS` as an enforced resource bound.",lake-configuration-ownership-v4-30-0-rc2;lake-server-preparation-v4-30-0-rc2;lake-readonly-relocation-offline-concurrency-v4-30-0-rc2,,partial execution,"Launched-process, read/write, and trace evidence of actual reuse plus effective parallelism controls."
I096,L. Lake preparation and consumer configuration identity,Configuration discovery and tool selection,S/X,"Compare CLI, editor, MCP, CI, and clean-process launches with different working directories, PATH, toolchain selectors, homes, and search paths. Record executable digests and loaded dependencies. Identify which inherited settings must be pinned or rejected to preserve a reproducible prepared environment.",lake-configuration-ownership-v4-30-0-rc2;lake-server-preparation-v4-30-0-rc2;lake-readonly-relocation-offline-concurrency-v4-30-0-rc2,,partial execution,"CLI/editor/MCP/CI launch variants with cwd, PATH, home, selectors, executable digests, and dependencies."
I097,"M. Cache correctness, packaging, and artifact publication",Minimal sufficient cache keys,M/X,Perturb each source/model/tool/configuration input while preserving other identities and force lookup through candidate keys. Include source-identical but differently configured runs. Measure false hits and unnecessary misses; a checksum is useful only if it covers the inputs that determine the cached claim.,lake-artifact-cache-key-semantics-v4-30-0-rc2;lake-cache-concurrency-execution-probe-v4-30-0-rc2;lake-clean-cache-seeded-equivalence-v4-30-0-rc2,anneal-3730-lake-identity-matrix-v4-30-0-rc2,partial execution,"Candidate cache-key false-hit/false-miss ablations across source, model, tool, flags, and paths."
I098,"M. Cache correctness, packaging, and artifact publication",Coherent Lean artifact families,S/X,"Mix, omit, or truncate `.olean` components, `.ilean`, native artifacts, setup metadata, and plugins in isolated fixtures. Test loader rejection, diagnostic quality, and acceptance against a clean control. Establish which artifacts must be published together and which are optional for a specific operation.",lake-artifact-cache-key-semantics-v4-30-0-rc2;lake-cache-concurrency-execution-probe-v4-30-0-rc2;lake-clean-cache-seeded-equivalence-v4-30-0-rc2,anneal-3730-lake-concurrency-preparation-v4-30-0-rc2;anneal-3730-lake-identity-matrix-v4-30-0-rc2,partial execution,Mixed/truncated cross-generation .olean/.ilean/native/setup/plugin artifact-family controls.
I099,"M. Cache correctness, packaging, and artifact publication",Real clean-versus-prepared equivalence,X,"Compare actual same-platform prepared archives with independently reconstructed environments on representative generated projects. Check declarations, assumptions, relevant artifacts, navigation, and tactic state. Keep byte equality, import success, logical acceptance, and source-level verification as distinct outcomes rather than declaring one universal equivalence oracle.",lake-artifact-cache-key-semantics-v4-30-0-rc2;lake-cache-concurrency-execution-probe-v4-30-0-rc2;lake-clean-cache-seeded-equivalence-v4-30-0-rc2,,partial execution,"Independent clean versus prepared project comparisons of declarations, assumptions, navigation, tactic state, and artifacts."
I100,"M. Cache correctness, packaging, and artifact publication","mtime, trace, and normalization hazards",S/X,"Change bytes without advancing timestamps, alter source orderings, and exercise old-freshness modes and proposed trace rewrites. Inject changes the comparison must retain. Determine when reuse is unjustified and whether a simpler preparation contract eliminates the need to modify Lake's internal metadata.",lake-artifact-cache-key-semantics-v4-30-0-rc2;lake-cache-concurrency-execution-probe-v4-30-0-rc2;lake-clean-cache-seeded-equivalence-v4-30-0-rc2,anneal-3730-lake-writer-scale-v4-30-0-rc2,partial execution,Trace normalization and source-order mutations beyond one same-mtime stale-output control.
I101,"M. Cache correctness, packaging, and artifact publication",Relocation with the producer removed,X,"Move the real environment and generated consumer to different depths, then make the original producer path inaccessible. Test manifests, setup, imports, native libraries, and diagnostics. Compare absolute-path retention with portable packaging; successful use while the old tree still exists is not a relocation test.",lake-artifact-cache-key-semantics-v4-30-0-rc2;lake-cache-concurrency-execution-probe-v4-30-0-rc2;lake-clean-cache-seeded-equivalence-v4-30-0-rc2,anneal-3730-lake-concurrency-preparation-v4-30-0-rc2,partial execution,"Real generated consumer relocation with original producer inaccessible across setup, native libraries, and diagnostics."
I102,"M. Cache correctness, packaging, and artifact publication",Shared cache publication and interrupted restoration,X,"Use isolated owned caches to race writers/restorers and interrupt downloads, extraction, and publication. Include missing, truncated, and wrong-identity artifacts. Require rejection or recovery without poisoning an already usable environment; distinguish cache-object atomicity from mutations of shared package directories.",lake-artifact-cache-key-semantics-v4-30-0-rc2;lake-cache-concurrency-execution-probe-v4-30-0-rc2;lake-clean-cache-seeded-equivalence-v4-30-0-rc2,anneal-3730-lake-concurrency-preparation-v4-30-0-rc2,partial execution,Interrupted concurrent restore/download/extract/publish with wrong-identity and corrupt-object recovery.
I103,"M. Cache correctness, packaging, and artifact publication",Installation identity beyond version labels,X,"Present different permitted local archives under the same nominal version, including an existing installation and interrupted replacement. Record the bytes actually consumed by batch and servers. Determine when installation reuse is legitimate and how mismatches are surfaced without silently comparing an installation to itself.",lake-artifact-cache-key-semantics-v4-30-0-rc2;lake-cache-concurrency-execution-probe-v4-30-0-rc2;lake-clean-cache-seeded-equivalence-v4-30-0-rc2,,partial execution,Two same-label archives and interrupted install replacement with attested consumed bytes.
I104,"M. Cache correctness, packaging, and artifact publication",Offline and hermetic consumption,S/X,"Enforce network denial and isolate user caches/configuration while running preparation and proof queries. Trace attempted access, not just command flags. Separate producer downloads from consumer execution and identify environmental dependencies that make a nominally prepared archive incomplete or non-reproducible.",lake-artifact-cache-key-semantics-v4-30-0-rc2;lake-cache-concurrency-execution-probe-v4-30-0-rc2;lake-clean-cache-seeded-equivalence-v4-30-0-rc2,,partial execution,Enforced network denial and isolated home/cache while tracing attempted access in producer/consumer paths.
I105,"N. Scheduling, cancellation, crash recovery, and failure states",Cancellation through every pipeline stage,X,"Cancel during Cargo/rustc, Charon, Aeneas, Lake setup/build, Lean elaboration, and result publication. Observe descendants, pipes, locks, and temporary outputs. Require bounded cleanup or explicit escalation; successful termination of the parent is not evidence that all work stopped.",lean-server-memory-and-protocol-concurrency-v4-30-0-rc2;lake-artifact-cache-publication-restoration-v4-30-0-rc2;anneal-v1-integration-test-disk-amplification-f98458e,anneal-3730-fault-model-2026-09-29,partial execution,Per-stage real process-group cancellation through Cargo/Charon/Aeneas/Lake/Lean and cleanup.
I106,"N. Scheduling, cancellation, crash recovery, and failure states",Late messages after cancellation,M/X,"Deliver queued results, diagnostics, progress, and worker exits after cancellation or supersession. Test publication fences and request correlation independently of whether upstream honored cancellation. Preserve cacheable obsolete output only under its original identity and never use silence as a successful result.",lean-server-memory-and-protocol-concurrency-v4-30-0-rc2;lake-artifact-cache-publication-restoration-v4-30-0-rc2;anneal-v1-integration-test-disk-amplification-f98458e,anneal-3730-fault-model-2026-09-29,partial execution,Queued real diagnostics/progress/exit after cancellation with correlation and publication fences.
I107,"N. Scheduling, cancellation, crash recovery, and failure states",Single-flight builds with several consumers,M/X,"Let multiple proofs request the same dependency generation, then cancel or fail individual consumers. Compare shared in-flight jobs with redundant isolated builds. Test ownership, reference counts, retries, and fan-out of failure so one requester neither corrupts nor indefinitely blocks others.",lean-server-memory-and-protocol-concurrency-v4-30-0-rc2;lake-artifact-cache-publication-restoration-v4-30-0-rc2;anneal-v1-integration-test-disk-amplification-f98458e,anneal-3730-fault-model-2026-09-29,partial execution,"Shared actual build with multiple consumers, one cancellation, one failure, and reference-count/fan-out behavior."
I108,"N. Scheduling, cancellation, crash recovery, and failure states",Lock ordering and publication deadlocks,M/X,"Combine environment preparation, generation publication, cache insertion, worker restart, and garbage collection. Inject pauses after lock acquisition and crashes while waiting. Identify ordering cycles and unbounded waits; compare coarse locks with a simpler ownership model before adding fine-grained coordination.",lean-server-memory-and-protocol-concurrency-v4-30-0-rc2;lake-artifact-cache-publication-restoration-v4-30-0-rc2;anneal-v1-integration-test-disk-amplification-f98458e,anneal-3730-fault-model-2026-09-29,partial execution,Real lock ordering across prepare/publish/cache/restart/GC with injected pauses and bounded waits.
I109,"N. Scheduling, cancellation, crash recovery, and failure states",Timeouts and resource exhaustion,X,"Use bounded fixtures that exhaust time, memory, disk, file descriptors, or process slots. Distinguish proof failure from incomplete checking and infrastructure failure. Verify cleanup and recovery while preserving the previous usable generation; do not let empty diagnostics after termination imply success.",lean-server-memory-and-protocol-concurrency-v4-30-0-rc2;lake-artifact-cache-publication-restoration-v4-30-0-rc2;anneal-v1-integration-test-disk-amplification-f98458e,anneal-3730-fault-model-2026-09-29;anneal-3730-lake-writer-scale-v4-30-0-rc2,partial execution,"Bounded time, memory, disk, descriptor, and process-slot exhaustion with recovery and last-good preservation."
I110,"N. Scheduling, cancellation, crash recovery, and failure states",Restart reconstruction under forced failures,X,"Kill the worker, watchdog, Anneal process, and build subprocess separately at recorded states. Reconstruct from authoritative inputs without inherited memory. Compare results to fresh checks and distinguish a restartable partial workspace from a generation whose publication never completed.",lean-server-memory-and-protocol-concurrency-v4-30-0-rc2;lake-artifact-cache-publication-restoration-v4-30-0-rc2;anneal-v1-integration-test-disk-amplification-f98458e,anneal-3730-fault-model-2026-09-29,partial execution,Forced worker/watchdog/Anneal/build-process kills and reconstruction from authoritative inputs.
I111,"N. Scheduling, cancellation, crash recovery, and failure states",Interactive fairness and edit storms,X,"Combine expensive batch checks with rapid proof edits, many agents, and a slow document. Compare debouncing, prioritization, bounded queues, and cancellation strategies. Measure tail latency, useful completed work, and starvation; latest-only correctness must not make the interface permanently unresponsive.",lean-server-memory-and-protocol-concurrency-v4-30-0-rc2;lake-artifact-cache-publication-restoration-v4-30-0-rc2;anneal-v1-integration-test-disk-amplification-f98458e,anneal-3730-fault-model-2026-09-29,partial execution,"Measured tail latency/starvation under edit storms, slow documents, multiple agents, and batch load."
I112,"N. Scheduling, cancellation, crash recovery, and failure states",Lost filesystem and transport events,M/X,"Drop, duplicate, and reorder watcher notifications and disconnect transports while work proceeds. Compare event-only invalidation with explicit state reconciliation. Determine how the system detects missed changes and restores freshness without requiring every watcher or client connection to deliver events exactly once.",lean-server-memory-and-protocol-concurrency-v4-30-0-rc2;lake-artifact-cache-publication-restoration-v4-30-0-rc2;anneal-v1-integration-test-disk-amplification-f98458e,anneal-3730-fault-model-2026-09-29,partial execution,Dropped/duplicated/reordered real watcher and transport events with explicit state reconciliation.
I113,"O. Disk amplification, memory, throughput, and latency",Per-consumer disk bill of materials,X,"Attribute logical bytes, allocated blocks, inode counts, bytes written, and peak temporary space to Rust products, LLBC, generated Lean, local `.lake` state, dependencies, caches, and logs. Include writes outside the workspace. Identify every term that scales with workers rather than shared inputs.",lean-server-memory-and-protocol-concurrency-v4-30-0-rc2;anneal-v1-integration-test-disk-amplification-f98458e;charon-performance-and-revision-probes-2026-09-28,anneal-3730-lake-writer-scale-v4-30-0-rc2;anneal-3730-retention-economics-v4-30-0-rc2,partial execution,"Complete logical/allocated/inode/write/peak-space bill across Rust, LLBC, Lean, Lake, caches, and outside workspace."
I114,"O. Disk amplification, memory, throughput, and latency",Safe concurrency scaling sweep,X,"Increase independent consumers and active proof documents under explicit host limits, with cold and warm environments. Measure correctness, throughput, tail latency, CPU, memory, and disk before further increases. Test the intended high-worker workload without assuming that two successful consumers extrapolate or deliberately exhausting an uncontrolled host.",lean-server-memory-and-protocol-concurrency-v4-30-0-rc2;anneal-v1-integration-test-disk-amplification-f98458e;charon-performance-and-revision-probes-2026-09-28,anneal-3730-lake-concurrency-preparation-v4-30-0-rc2;anneal-3730-lake-writer-scale-v4-30-0-rc2,partial execution,Cold/warm correctness and throughput/latency/CPU/physical-memory/disk sweep under safe host limits.
I115,"O. Disk amplification, memory, throughput, and latency",Nested parallelism actually enforced,S/X,"Sweep outer job count and supported inner controls for Cargo/rustc, Aeneas, Lake, and Lean. Observe real threads/processes and peak resource use. Determine where one global budget can be enforced and where independently reasonable defaults cause oversubscription or misleading benchmarks.",lean-server-memory-and-protocol-concurrency-v4-30-0-rc2;anneal-v1-integration-test-disk-amplification-f98458e;charon-performance-and-revision-probes-2026-09-28,,partial execution,"Outer/inner parallelism controls measured for Cargo/rustc, Aeneas, Lake, and Lean threads/processes."
I116,"O. Disk amplification, memory, throughput, and latency",Sustained edit/query soak,X,"Run long sessions with proof edits, model changes, opened/closed files, scratch attempts, and worker restarts. Track retained environments, generations, handles, and processes. Distinguish bounded warm caches from monotonic leaks and find the conditions under which recycling workers is useful or necessary.",lean-server-memory-and-protocol-concurrency-v4-30-0-rc2;anneal-v1-integration-test-disk-amplification-f98458e;charon-performance-and-revision-probes-2026-09-28,anneal-3730-retention-economics-v4-30-0-rc2,partial execution,Long edit/query/open/close/restart soak with resource retention and leak classification.
I117,"O. Disk amplification, memory, throughput, and latency",Physical memory versus summed RSS,S/X,"Measure platform-appropriate physical/proportional footprint and shared-page behavior alongside per-process RSS. Separate Lean workers, watchdogs, native plugins, and file cache. Establish a resource model suitable for scheduling; summing RSS must not be treated as unique physical memory consumption.",lean-server-memory-and-protocol-concurrency-v4-30-0-rc2;anneal-v1-integration-test-disk-amplification-f98458e;charon-performance-and-revision-probes-2026-09-28,,partial execution,Physical/proportional memory plus summed RSS and file-cache sharing for workers/plugins/watchdogs.
I118,"O. Disk amplification, memory, throughput, and latency",End-to-end latency decomposition,X,"Measure capture, projection, extraction, translation, import preparation, elaboration, and query response separately. Compare proof-only, Rust-model, import-header, and toolchain changes at several realistic sizes. Identify whether startup, serialization, generation churn, or actual proof work dominates before choosing an optimization.",lean-server-memory-and-protocol-concurrency-v4-30-0-rc2;anneal-v1-integration-test-disk-amplification-f98458e;charon-performance-and-revision-probes-2026-09-28,,partial execution,"Stage-by-stage end-to-end latency under proof-only, model, import, and toolchain changes at realistic sizes."
I119,"O. Disk amplification, memory, throughput, and latency",Sharing strategies without mutable aliasing,S/X,"Compare direct read-only consumption, symlinks, hardlinks, reflinks, and copies on relevant filesystems. Attempt expected consumer writes in owned fixtures and inspect the producer. Measure disk savings and correctness together; copy-on-write appearance or identical paths do not establish isolation.",lean-server-memory-and-protocol-concurrency-v4-30-0-rc2;anneal-v1-integration-test-disk-amplification-f98458e;charon-performance-and-revision-probes-2026-09-28,anneal-3730-filesystem-sharing-apfs-v4-30-0-rc2,partial execution,"Whole prepared tree sharing strategy with actual consumer writes, APFS extent accounting, and load."
I120,"O. Disk amplification, memory, throughput, and latency",Module pruning versus interactive extensibility,S/X,"Extend proofs with new imports, tactics, macros, plugins, and scratch documents after preparing a pruned dependency universe. Detect missing closure and compare demand preparation with full installations. Quantify space saved against supported interactions and failure clarity rather than optimizing archive size alone.",lean-server-memory-and-protocol-concurrency-v4-30-0-rc2;anneal-v1-integration-test-disk-amplification-f98458e;charon-performance-and-revision-probes-2026-09-28,,partial execution,"Proof extensibility after dependency pruning for imports, tactics, macros, plugins, and scratch documents."
I121,"P. Retention, filesystems, portability, and execution isolation",Garbage collection with live readers,M/X,"Retire generations while workers, pending queries, scratch forks, and replay records still reference them. Test imported memory maps and later file opens, not just open handles. Determine the safe reclamation condition and whether explicit leases, references, or isolated worker lifetimes provide it.",lean-server-multi-workspace-isolation-v4-30-0-rc2;lake-readonly-relocation-offline-concurrency-v4-30-0-rc2;lean-lake-cross-platform-artifact-portability-v4-30-0-rc2,anneal-3730-retention-economics-v4-30-0-rc2,partial execution,"GC lease condition for active workers, pending queries, scratch forks, later opens, and replay records."
I122,"P. Retention, filesystems, portability, and execution isolation",Bounded retention across crashes,X,"Interrupt cleanup and leave orphan workspaces, incomplete stages, expired RPC objects, and cancelled scratch files. Restart repeatedly and measure reclaimed versus retained space. Separate a live consumer from abandoned state without deleting another process's current generation or losing evidence promised to the user.",lean-server-multi-workspace-isolation-v4-30-0-rc2;lake-readonly-relocation-offline-concurrency-v4-30-0-rc2;lean-lake-cross-platform-artifact-portability-v4-30-0-rc2,anneal-3730-retention-economics-v4-30-0-rc2,partial execution,Repeated crash/restart cleanup with durable owner identity and bounded orphan reclamation.
I123,"P. Retention, filesystems, portability, and execution isolation",Filesystem identity and path aliases,S/X,"Exercise case-insensitive names, Unicode filenames, symlinks, hardlinks, relative paths, and the same tree reached through different roots. Test module identity, document routing, and cache keys. Preserve distinct intentional workspaces while detecting accidental aliases that bypass ownership or freshness checks.",lean-server-multi-workspace-isolation-v4-30-0-rc2;lake-readonly-relocation-offline-concurrency-v4-30-0-rc2;lean-lake-cross-platform-artifact-portability-v4-30-0-rc2,anneal-3730-filesystem-sharing-apfs-v4-30-0-rc2;anneal-3730-lake-identity-matrix-v4-30-0-rc2,partial execution,Case/Unicode/relative/symlink/hardlink aliases mapped to module/document/cache identity across roots.
I124,"P. Retention, filesystems, portability, and execution isolation","Rename, locking, and open-file semantics by platform",S/X,Repeat publication and cleanup probes on supported operating systems/filesystems; treat Windows or network filesystems as conditional until in scope. Include open mapped artifacts and antivirus/indexer interference where relevant. Do not generalize one platform's atomic rename or deletion behavior to another.,lean-server-multi-workspace-isolation-v4-30-0-rc2;lake-readonly-relocation-offline-concurrency-v4-30-0-rc2;lean-lake-cross-platform-artifact-portability-v4-30-0-rc2,anneal-3730-filesystem-sharing-apfs-v4-30-0-rc2,platform-gated,Other supported OS/filesystem publication and open-file semantics; Windows/network tests remain conditional on scope/host.
I125,"P. Retention, filesystems, portability, and execution isolation",Native plugin and dynamic-library identity,S/X,"Vary library lookup paths, plugin revisions, initialization state, and ABI-compatible-looking replacements. Observe loaded binaries and restart needs. Determine whether read-only `.olean` sharing is sufficient when executable extensions retain process state or access additional runtime files.",lean-server-multi-workspace-isolation-v4-30-0-rc2;lake-readonly-relocation-offline-concurrency-v4-30-0-rc2;lean-lake-cross-platform-artifact-portability-v4-30-0-rc2,,partial execution,Native plugin lookup/revision/ABI/initialization replacements with observed loaded binary identity.
I126,"P. Retention, filesystems, portability, and execution isolation",Workspace trust and code execution boundary,S/X,"Inventory execution by build scripts, proc macros, Lake configuration, Lean commands/tactics, and native extensions. Test local containment and resource limits with benign controlled fixtures. Determine what inspection requires execution and what user authorization is needed before opening an untrusted project.",lean-server-multi-workspace-isolation-v4-30-0-rc2;lake-readonly-relocation-offline-concurrency-v4-30-0-rc2;lean-lake-cross-platform-artifact-portability-v4-30-0-rc2,anneal-3730-trust-evidence-boundary-2026-09-29,partial execution,"Lake config, Lean tactics/macros/native extensions and enforced containment/resource limits beyond benign direct controls."
I127,"P. Retention, filesystems, portability, and execution isolation",Reproducible evidence without private-source leakage,S/X,"Capture diagnostic logs, protocol transcripts, generated files, and replay packages from private test workspaces. Identify source, path, credential, and environment exposure. Compare local full evidence with shareable minimized fixtures, preserving the ability to validate conclusions without publishing user data.",lean-server-multi-workspace-isolation-v4-30-0-rc2;lake-readonly-relocation-offline-concurrency-v4-30-0-rc2;lean-lake-cross-platform-artifact-portability-v4-30-0-rc2,anneal-3730-trust-evidence-boundary-2026-09-29,partial execution,"Private-workspace evidence minimization and leak scan across generated files, transcripts, logs, and environment."
I128,"P. Retention, filesystems, portability, and execution isolation",Untrusted source text versus tool authority,X/U,"Place synthetic misleading instructions in comments, generated text, diagnostics, and retrieved proof context. Test that agent tooling treats them as data, not authorization to edit another workspace, change trust policy, or execute unrelated actions. Evaluate both interface safeguards and agent interpretation.",lean-server-multi-workspace-isolation-v4-30-0-rc2;lake-readonly-relocation-offline-concurrency-v4-30-0-rc2;lean-lake-cross-platform-artifact-portability-v4-30-0-rc2,anneal-3730-trust-evidence-boundary-2026-09-29,partial execution,Independent worker trials and actual interface safeguards for untrusted retrieved proof/tool text.
I129,"Q. Acceptance, oracles, and adversarial test methodology",Goal status versus verification status,X/U,"Distinguish no tactic at the cursor, no remaining local goals, incomplete elaboration, admitted declarations, checked obligations, and a covered Rust-level result. Test machine classifications and user/agent interpretation. Include stale model contexts so a locally solved goal cannot imply a current whole-program claim.",lean-batch-diagnostic-normalization-oracle-v4-30-0-rc2;anneal-v1-contract-mutation-adequacy-2026-09-28;anneal-3725-recommendation-coverage-audit-2026-09-28,anneal-3730-lean-protocol-import-deletion-v4-30-0-rc2;anneal-3730-lean-protocol-races-v4-30-0-rc2;anneal-3730-vertical-acceptance-v4-30-0-rc2,partial execution,"Machine-level status taxonomy separating goal, elaboration, admission, obligations, and Rust-level coverage."
I130,"Q. Acceptance, oracles, and adversarial test methodology",Claim-relative trust and taint through reuse,S/X,"Change axioms, admissions, native evaluation, external models, and development-only options while reusing otherwise identical artifacts. Track the affected theorem and callers. Test that cached success does not drop assumptions or launder a tainted result when displayed through a different adapter.",lean-batch-diagnostic-normalization-oracle-v4-30-0-rc2;anneal-v1-contract-mutation-adequacy-2026-09-28;anneal-3725-recommendation-coverage-audit-2026-09-28,,partial execution,Claim-relative axiom/admission/native/model taint propagated through reused artifacts and theorem callers.
I131,"Q. Acceptance, oracles, and adversarial test methodology",A genuinely independent batch oracle,S/X,Check exact captured proof bytes and intended imported artifacts in a fresh controlled process. Distinguish re-elaborating local source from importing previously compiled dependencies and from independent kernel rechecking. State which shared dependencies and translators remain trusted so the oracle is not described as stronger than it is.,lean-batch-diagnostic-normalization-oracle-v4-30-0-rc2;anneal-v1-contract-mutation-adequacy-2026-09-28;anneal-3725-recommendation-coverage-audit-2026-09-28,anneal-3730-vertical-acceptance-v4-30-0-rc2,partial execution,Exact captured proof/import fresh-process check plus distinction from independent kernel rechecking.
I132,"Q. Acceptance, oracles, and adversarial test methodology",Semantic and diagnostic comparator calibration,M/X,"Define separate comparisons for text, declaration identity, proposition, assumptions, obligations, and diagnostic classes. Insert changes each comparator must detect, including a weaker theorem with the same proof status. Retain raw evidence; normalization must not erase the discrepancy under investigation.",lean-batch-diagnostic-normalization-oracle-v4-30-0-rc2;anneal-v1-contract-mutation-adequacy-2026-09-28;anneal-3725-recommendation-coverage-audit-2026-09-28,anneal-3730-vertical-acceptance-v4-30-0-rc2,partial execution,"Calibrated comparators for text, declaration, proposition, assumptions, obligation set, and diagnostics."
I133,"Q. Acceptance, oracles, and adversarial test methodology",Fault-injection state-machine harness,M/X,"Model the engine with controllable fake stages and enumerate bounded schedules of edits, publications, failures, cancellation, and restarts. Check explicit invariants and save minimal counterexamples. Replay selected schedules against real tools; a passing model alone does not establish implementation conformance.",lean-batch-diagnostic-normalization-oracle-v4-30-0-rc2;anneal-v1-contract-mutation-adequacy-2026-09-28;anneal-3725-recommendation-coverage-audit-2026-09-28,anneal-3730-fault-model-2026-09-29,partial execution,Broader model schedules plus replay against a real engine rather than only a fake subprocess adapter.
I134,"Q. Acceptance, oracles, and adversarial test methodology",Real concurrency transcripts with causal barriers,X,"Use controllable handshakes or instrumentation to place edits and rebuilds inside actual in-flight requests. Preserve ordering evidence and request/worker identities. Separate deterministic sequential demonstrations from genuine races, then repeat and minimize failures rather than relying only on nondeterministic sleeps.",lean-batch-diagnostic-normalization-oracle-v4-30-0-rc2;anneal-v1-contract-mutation-adequacy-2026-09-28;anneal-3725-recommendation-coverage-audit-2026-09-28,anneal-3730-fault-model-2026-09-29;anneal-3730-lean-protocol-races-v4-30-0-rc2,partial execution,Actual in-flight edit/rebuild causal barriers and worker/request identities across stages.
I135,"Q. Acceptance, oracles, and adversarial test methodology",Interaction matrix and negative controls,X,"Cover pairwise combinations of source changes, import changes, cache states, launch modes, and lifecycle events, adding higher-order cases suggested by failures. Seed stale outputs, missing obligations, wrong subjects, and changed assumptions. Verify the harness detects them before trusting green runs.",lean-batch-diagnostic-normalization-oracle-v4-30-0-rc2;anneal-v1-contract-mutation-adequacy-2026-09-28;anneal-3725-recommendation-coverage-audit-2026-09-28,anneal-3730-fault-model-2026-09-29,partial execution,Pairwise/higher-order source/import/cache/launch/lifecycle matrix and seeded wrong-subject/assumption controls.
I136,"Q. Acceptance, oracles, and adversarial test methodology",Independent reproduction and cross-version boundaries,S/X,"Reproduce the highest-consequence findings with an independent environment/operator and exact pins, then compare deliberately selected compatible toolchain upgrades. Classify fixes, regressions, unsupported tuples, and untested cells separately. Preserve old findings about old subjects rather than marking them obsolete because a new version differs.",lean-batch-diagnostic-normalization-oracle-v4-30-0-rc2;anneal-v1-contract-mutation-adequacy-2026-09-28;anneal-3725-recommendation-coverage-audit-2026-09-28,,partial execution,Independent operator/environment reproduction and selected compatible toolchain upgrade matrix.
I137,"R. Integrated prototypes, usability, and staged decisions",Minimal embedded-proof vertical slice,X,"Build one disposable prototype that opens an unsaved Lean annotation, projects it, queries goals, applies a version-checked edit, and checks the captured result in batch. Use a prepared generated model and retain all context identities. This tests the scaffolding seam without requiring interactive Charon or Aeneas.",lsp-proof-assistant-architecture-2026-09-27;anneal-v1-end-to-end-pipeline-41f5b37;anneal-3725-recommendation-coverage-audit-2026-09-28,anneal-3730-vertical-acceptance-v4-30-0-rc2,partial execution,"Real Rust-hosted annotation with parser, projection, prepared model, exact live query/edit, and batch check."
I138,"R. Integrated prototypes, usability, and staged decisions",Full model-change vertical slice,X,"Extend the prototype with a Rust edit that changes the generated model, including a failing intermediate generation and a late obsolete result. Query before/during/after publication and compare fresh checks. Require explicit old/new/provisional states and no accidental mixture of source or imports.",lsp-proof-assistant-architecture-2026-09-27;anneal-v1-end-to-end-pipeline-41f5b37;anneal-3725-recommendation-coverage-audit-2026-09-28,anneal-3730-vertical-acceptance-v4-30-0-rc2,partial execution,Real Charon/Aeneas model-change sequence with pending/failing/late generations and before/during/after queries.
I139,"R. Integrated prototypes, usability, and staged decisions",Real parallel-test acceptance scenario,X,"Run isolated generated projects against the actual shared read-only toolchain, with model edits, scratch trials, forced restarts, and cleanup. Combine the disk inventory and concurrency sweep. Define acceptable bounds from measurements and host budgets, not a promise of zero overhead or a fixed universal worker count.",lsp-proof-assistant-architecture-2026-09-27;anneal-v1-end-to-end-pipeline-41f5b37;anneal-3725-recommendation-coverage-audit-2026-09-28,,requested execution not run,Actual parallel Anneal generated-project tests combining edit/scratch/restart/cleanup and resource bounds.
I140,"R. Integrated prototypes, usability, and staged decisions",Agent proof-edit correctness and maintenance,X/U,"Give controlled authoring and repair tasks with known contracts and allowed assumptions. Compare exact goal/context access with simpler batch feedback under matched budgets. Score intended-statement preservation, stale-query errors, conflicts, intervention, and resource use—not just accepted Lean or tool-call count.",lsp-proof-assistant-architecture-2026-09-27;anneal-v1-end-to-end-pipeline-41f5b37;anneal-3725-recommendation-coverage-audit-2026-09-28,anneal-3730-agent-workflow-evaluation-v4-30-0-rc2;anneal-3730-vertical-acceptance-v4-30-0-rc2,partial execution,"Multiple controlled agent tasks with counterbalanced feedback order, matched cognitive budgets, and broader contracts."
I141,"R. Integrated prototypes, usability, and staged decisions",Human understanding of freshness and failure,X/U,"Evaluate presentation of stale models, pending imports, cancelled work, unsupported translation, approximate locations, and expired goal handles. Test whether readers choose the intended subject and a sound repair. Improve the interface without weakening result semantics or forcing ordinary Rust users into generated Lean internals.",lsp-proof-assistant-architecture-2026-09-27;anneal-v1-end-to-end-pipeline-41f5b37;anneal-3725-recommendation-coverage-audit-2026-09-28,anneal-3730-agent-workflow-evaluation-v4-30-0-rc2,human-gated,Human participants and interface comprehension trials for stale/pending/cancelled/unsupported/approximate states.
I142,"R. Integrated prototypes, usability, and staged decisions",Measured adoption gates for optional optimizations,S/X,"Use prior results to compare subprocess reuse, finer-grained invalidation, incremental projection, shared brokers, and historical snapshot retention with their simpler baselines. Record benefits, added invariants, and failure cases. Reject or defer optimizations whose complexity is not justified by measured workloads.",lsp-proof-assistant-architecture-2026-09-27;anneal-v1-end-to-end-pipeline-41f5b37;anneal-3725-recommendation-coverage-audit-2026-09-28,,requested execution not run,Measured optional-optimization gates against simple baselines and documented invariant/failure costs.
I143,"R. Integrated prototypes, usability, and staged decisions","Remote and durable execution, only if needed",S/X,"Test a small versioned proof job across an isolated remote/local boundary, including retries, authentication, cancellation, artifact identity, and result validation. Determine which local contracts already suffice. Do not introduce distributed orchestration or persistent sessions unless an actual workflow justifies them.",lsp-proof-assistant-architecture-2026-09-27;anneal-v1-end-to-end-pipeline-41f5b37;anneal-3725-recommendation-coverage-audit-2026-09-28,,requested execution not run,"Conditionally justified remote/local proof job with authenticated retry/cancel/artifact identity, if local limits require it."
I144,"R. Integrated prototypes, usability, and staged decisions",Decision and regression synthesis,S,"For each tested hypothesis, record supporting evidence, counterexamples, untested stronger claims, chosen fallback, and the smallest regression probe. Identify the v2 interfaces that must change now versus later options. Keep factual reports in `reference` and adopted design in its proper authority; this synthesis must not silently adopt every prototype.",lsp-proof-assistant-architecture-2026-09-27;anneal-v1-end-to-end-pipeline-41f5b37;anneal-3725-recommendation-coverage-audit-2026-09-28,anneal-3730-vertical-acceptance-v4-30-0-rc2,partial execution,"Decision synthesis after remaining experiments: evidence, counterexample, fallback, regression, and v2 interface choice."
I145,Scope extensions,Minimum cross-layer identity by ablation,S/M/X,"Prototype an identity tuple containing Cargo subject, exact source snapshot, Charon tool/configuration, LLBC digest, Aeneas tool/configuration, generated-tree digest, prepared Lake environment, import traces/hashes, projected URI/version/hash, server generation, file-worker incarnation, and RPC-session incarnation. Remove one dimension at a time and seek a counterexample. Keep locators constant while changing payloads at every stage; compare A→B→A, byte-identical output from different upstream histories, semantically equivalent but byte-different output, and unchanged proof text with changed imports. Distinguish monotonic causality from reusable content identity. Test a thin-adapter response envelope carrying workspace/generation, source/projected positions, current/stale status, actual environment, goal/diagnostic payload, and separately optional verification status.",anneal-interactive-pipeline-invalidation-graph-main-41f5b37;lean-server-tactic-state-v4-30-0-rc2;anneal-v1-interactive-dependency-invalidation-2026-09-28,anneal-3730-snapshot-capture-jobs-2026-09-29,partial execution,"Full cross-layer identity ablation including Cargo, Charon, Aeneas, LLBC, Lake, import trace, URI/version/worker/RPC."
I146,Scope extensions,Retention versus recomputation economics,X,"Compare retaining source only; source plus projection; generated Lean; workspace-local Lake state; compiled generated modules; and live workers. Sweep 1/2/4/8/16 retained generations within host budgets. Measure disk, memory, reconstruction latency, and correctness of historical goals against old imports. Compare retained worker, reconstructed projection, fresh worker over retained artifacts, and refusal. Determine when a revision handle should expire rather than implying durable historical-query support.",lean-server-memory-and-protocol-concurrency-v4-30-0-rc2;anneal-v1-integration-test-disk-amplification-f98458e;lean-generated-file-interactive-workflows-v4-30-0-rc2,anneal-3730-retention-economics-v4-30-0-rc2,partial execution,"Retention tiers on actual generated outputs with memory, historical-goal latency, recomputation, and restart costs."
I147,Scope extensions,Source/artifact changes decoupled from each other,S/X,"Replace an imported `.olean` while leaving source unchanged, varying relevant timestamps; separately change source but obtain byte-identical rebuilt semantic artifacts. Include changed external models with unchanged Aeneas output. Query existing and refreshed workers and compare fresh batch controls. Determine when artifact identity forces reload, when restart is merely conservative, and which additional options/native/setup identities prevent byte equality from establishing an equivalent environment.",anneal-v1-interactive-dependency-invalidation-2026-09-28;lake-olean-invalidation-v4-30-0-rc2;lake-artifact-cache-key-semantics-v4-30-0-rc2,,partial execution,Source unchanged/artifact changed and source changed/semantic artifact same with both old and fresh workers.
I148,Scope extensions,Translation determinism and harmless textual instability,X,"Repeat identical Charon extractions and Aeneas generations sequentially and concurrently at Anneal's intended flags, split-file layout, and parallel settings. Preserve raw LLBC and Lean and separately compare justified semantic relationships. Investigate ordering/comment/formatting changes that leave the intended model equivalent but invalidate raw hashes, Lake traces, or Lean command-prefix reuse. Measure downstream cost before normalizing keys; retain source/provenance differences that matter to editing or evidence.",aeneas-generated-source-determinism-nightly-2026-06-03;aeneas-generated-source-repeat-run-probe-nightly-2026-06-03;charon-performance-and-revision-probes-2026-09-28,anneal-3730-aeneas-process-contract-2026-09-29;anneal-3730-charon-aeneas-boundary-2026-09-29,partial execution,"Determinism across sequential/concurrent Charon/Aeneas modes, flags, split layout, and semantic comparator."
I149,Scope extensions,Cross-layer declaration and generation manifest,S/X,"Prototype one machine-readable handoff manifest with subject/tool/configuration identities, source LLBC digest, complete generated file list, module/import graph, declaration identities, and coarse source provenance. Relate compiler-resolved Rust items through Charon declarations and Aeneas pure declarations to generated Lean declarations and Anneal obligations, including one-to-many helpers. Keep exact editable proof ranges separate. Test navigation, deletion, and invalidation consumers; establish what Anneal must supply at its selected Aeneas pin without assuming newer `translation.json` support.",charon-item-identity-spans-comments-nightly-2026-06-03;rust-source-span-provenance-nightly-2026-05-31;aeneas-generated-function-signatures-nightly-2026-06-03,anneal-3730-charon-aeneas-boundary-2026-09-29;anneal-3730-cross-tool-provenance-2026-09-29,partial execution,"Machine-readable manifest with exact cross-layer identities, complete file/module/declaration graph, and proven mappings."
I150,Scope extensions,Prepared-environment contract by operation,S/X,"Enumerate required inputs/artifacts/configuration for batch build, `lake env lean --json`, `lake serve`, per-file `setup-file`, InfoView/RPC, and native plugin/dynamic-library use. Classify producer-owned immutable state, consumer-owned mutable state, and any explicitly permitted shared-writable cache. Test the minimum source/control-plane material plus artifact cache as a reconstruction candidate and identify missing classes. Derive the identity under which pooling is valid rather than using a single unqualified “prepared” flag.",lake-server-preparation-v4-30-0-rc2;lake-readonly-relocation-offline-concurrency-v4-30-0-rc2;lake-artifact-cache-architecture-v4-30-0-rc2,anneal-3730-lake-concurrency-preparation-v4-30-0-rc2;anneal-3730-lake-identity-matrix-v4-30-0-rc2,partial execution,"All operation-specific prepared inputs for lake serve, setup-file, InfoView/RPC, native/plugin use, and ownership."
I151,Scope extensions,Shared writable build-tree counterexample study,M/X,"In owned disposable fixtures, compare consumers sharing one writable package directory or generated-module build directory with isolated consumers over a frozen producer. Run identical and conflicting builds and interrupt writers at controlled publication points. Check cache maps, partial outputs, subsequent reads/retries, and cross-consumer definitions. Seek the strongest valid shared-writer contract or preserve a minimal failure—not a preselected negative result. Keep artifact-cache publication distinct from shared package-directory mutation.",lake-cache-concurrency-execution-probe-v4-30-0-rc2;lake-workspace-package-mutable-state-v4-30-0-rc2;lake-artifact-cache-publication-restoration-v4-30-0-rc2,anneal-3730-lake-writer-scale-v4-30-0-rc2,partial execution,Conflicting simultaneous writes and controlled kill at output/trace publication with cache inspection.
I152,Scope extensions,MCP subscriptions versus polling,S/X,"On explicitly supported protocol revisions, prototype subscriptions/change streams for generation changes, diagnostics, proof readiness, and verification completion; compare polling and explicit state reconciliation. Drop or delay notifications, disconnect clients, and retry result retrieval. Determine whether subscriptions improve responsiveness while polling/reconciliation remains the correctness path, and provide a capability fallback rather than presuming every MCP client supports the same mechanism.",lean-mcp-implementations-2026-09-27;mcp-proof-assistant-architecture-2026-07-28,anneal-3730-editor-mcp-shadow-authority-v4-30-0-rc2,requested integration not run,Executable MCP subscription versus polling under dropped/delayed messages and state reconciliation.
I153,Scope extensions,"Server, MCP, and scratch-pool topology",X,"For one prepared environment, compare N open proof files under one watchdog with N independent servers. Compare one MCP process serving many sessions, environments, or repositories with per-workspace adapters and an external broker. Sweep 1/2/4/8/... prewarmed scratch documents and compare fresh scratch creation, prefix reuse, teardown, memory, latency, and process ownership. Use conflicting definitions/options/plugins to detect cross-workspace reuse; do not pool independently configured projects merely because document APIs accept their URIs.",lean-server-concurrency-experiment-v4-30-0-rc2;lean-server-multi-workspace-isolation-v4-30-0-rc2;lean-server-memory-and-protocol-concurrency-v4-30-0-rc2;mcp-proof-assistant-architecture-2026-07-28,,partial execution,Matched one-watchdog versus N-server and MCP broker/adapters with 1/2/4/8 docs and scratch churn.
I154,Scope extensions,Fixture sharing and contamination sentinels,X,"Compare one workspace per test, one per fixture with multiple phases, and one per logical suite. Give each test a unique model definition or option that makes accidental reuse observable; include conflicting plugins where supported. Run phases in different orders and parallel schedules, interrupt selected workers, then rerun subsequent tests. Measure disk/setup savings against required reset/isolation guarantees rather than replacing heavyweight sandboxes with untested shared mutable state.",anneal-v1-integration-test-disk-amplification-f98458e;cargo-rust-charon-anneal-coverage-matrix-2026-09-28,anneal-3730-lake-writer-scale-v4-30-0-rc2,partial execution,"Per-test/per-fixture/per-suite contamination controls including plugins, phase ordering, and worker restarts."
I155,Scope extensions,Shadow files and hidden Lean-document lifecycle,S/X,"If Lean/Lake requires physical paths, distinguish internal file-backed URIs from editor-facing logical documents. Independently of backing choice, open/change/save/rename/close a Rust host and trace hidden document creation, workers, updates, and cleanup. Keep unsaved source authoritative while deliberately stale or missing shadow files exist; crash/restart and reconstruct without treating mirrors as canonical. Test whether custom URIs require shadow paths, and whether model regeneration can preserve authored proof identity while changing the environment generation.",lean-generated-file-interactive-workflows-v4-30-0-rc2;lean-server-tactic-state-v4-30-0-rc2;lsp-proof-assistant-architecture-2026-09-27,anneal-3730-editor-mcp-shadow-authority-v4-30-0-rc2,requested integration not run,Rust-host open/change/save/rename/close through hidden Lean document lifecycle and cleanup.
I156,Scope extensions,Explicit backend capability negotiation,S/X,"Prototype versioned descriptors for accepting unsaved inputs, filesystem materialization requirements, concurrent requests, cancellation, deterministic output, persistent process support, and fine-grained invalidation. Test descriptors against actual implementations and unsupported combinations. Distinguish a documented promise from measured behavior; choose conservative fallback or explicit failure when capabilities are absent rather than letting a uniform logical API imply uniform implementation guarantees.",charon-toolchain-contract-0-1-210;aeneas-release-upgrade-checklist-nightly-2026-06-03;lake-behavior-upgrade-checklist-v4-30-0-rc2,anneal-3730-charon-aeneas-boundary-2026-09-29,partial execution,"Versioned tested backend capability descriptors, fallback, and unsupported-call behavior."
I157,Scope extensions,Batch and transport-free live shells over one engine,X,"Build a small batch shell and an in-process repeated edit/query driver over the same structured engine. Compare the batch shell with current CLI behavior where implemented and the live driver with fresh checks on identical captured inputs. Include model changes, cancellation, and reconstruction before adding an LSP/MCP transport. Identify divergence caused by the engine separately from adapter protocol bugs; the prototype does not claim the current CLI already implements every stage.",anneal-v1-end-to-end-pipeline-41f5b37;lsp-proof-assistant-architecture-2026-09-27,anneal-3730-snapshot-capture-jobs-2026-09-29;anneal-3730-vertical-acceptance-v4-30-0-rc2,partial execution,One shared engine exercised by batch and in-process repeated live driver against current CLI/fresh oracle.
I158,Scope extensions,Minimal interactive upgrade suite and workaround deletion probes,S/X,"Derive a small retained replay suite for compatible toolchain tuples. For Lean/Lake, cover configuration ownership, workspace isolation, dependency refresh, goal versioning, server setup, and artifact families. For Charon, cover LLBC schema, span units, process lifecycle, determinism, and subject identity. For Aeneas, cover mutable globals, package layout, naming, provenance, determinism, and library/incremental APIs. Associate every manifest/trace/mtime/rewrite workaround with the exact behavior requiring it and a probe that would justify removal. Compare the examined 4.30 pin with 4.31 or another explicitly selected compatible candidate; retain accurate old-version findings and do not create a competing mutable corpus lifecycle.",charon-release-upgrade-checklist-0-1-210;aeneas-release-upgrade-checklist-nightly-2026-06-03;lake-behavior-upgrade-checklist-v4-30-0-rc2;lean-server-tactic-state-v4-30-0-rc2,anneal-3730-aeneas-process-contract-2026-09-29,partial execution,Retained cross-tool replay suite on selected compatible upgrades with workaround deletion probes.
I159,Scope extensions,Deliberately challenge the proposed architecture,M/X,"Run the following as falsification controls in the relevant existing harnesses, not twelve duplicate surveys. Build the strongest plausible simple alternative; record the smallest counterexample or exact successful preconditions. Do not assume the leading design must win.",anneal-interactive-pipeline-invalidation-graph-main-41f5b37;lean-lsp-old-version-wait-race-v4-30-0-rc2;lake-artifact-cache-publication-restoration-v4-30-0-rc2;lean-batch-diagnostic-normalization-oracle-v4-30-0-rc2,anneal-3730-fault-model-2026-09-29;anneal-3730-vertical-acceptance-v4-30-0-rc2,partial execution,"Twelve falsification controls executed in relevant real harnesses, with strongest simple alternatives and exact preconditions."
