3730_id,suggestion,3731_destinations,status,destination_statuses,post_interim_experiment_packages,suggestion_scope_basis,specific_remaining_delta,latest_experiment_packages,v3_experiment_packages,v3_evidence_files,v4_experiment_packages,v4_evidence_files,v5_experiment_packages,v5_evidence_files,v6_experiment_packages,v6_evidence_files,v7_experiment_packages,v7_evidence_files,v8_experiment_packages,v8_evidence_files
A01,Minimum sufficient generation identity,I145,partial,partial,,Mapped destination evidence is scoped by its report; this suggestion is not inferred complete from a partial destination.,I145: Execute full identity ablation through actual Cargo→Charon→Aeneas→Lake→Lean→MCP responses; finite counterexamples cover four weakened tokens and selected ABA schedules only.,anneal-3730-identity-state-mutation-model-2026-09-29,,,,,,,,,,,,
A02,Locators versus semantic generations,I011;I034;I079;I145,partial,partial;partial;partial;partial,anneal-3730-charon-scaling-subject-closure-2026-09-29,Mapped destination evidence is scoped by its report; this suggestion is not inferred complete from a partial destination.,"I011: Test the modeled ABA/version-reset/alias counterexamples through an actual Anneal handle and worker lifecycle, including request-ID reuse and disk reconstruction.; I034: Compare stable URI and generation-path behavior with a real worker across regeneration/reopen; the finite response model has no document routing.; I079: Calibrate semantic LLBC equivalence, normalization and source metadata over broader revisions/flags/annotations; R20 retained one parseable/incomplete output-set witness only.; I145: Execute full identity ablation through actual Cargo→Charon→Aeneas→Lake→Lean→MCP responses; finite counterexamples cover four weakened tokens and selected ABA schedules only.",anneal-3730-identity-state-mutation-model-2026-09-29;anneal-3730-charon-concurrency-interruption-2026-09-29;anneal-3730-charon-warm-target-controls-2026-09-29,anneal-3730-charon-subject-output-phase-matrix-2026-09-29,anneal-3730-charon-subject-output-phase-matrix-2026-09-29/support/probe.py;anneal-3730-charon-subject-output-phase-matrix-2026-09-29/support/raw-results.json;anneal-3730-charon-subject-output-phase-matrix-2026-09-29/support/manifests/test-repeat-1.json;anneal-3730-charon-subject-output-phase-matrix-2026-09-29/support/manifests/test-repeat-2.json;anneal-3730-charon-subject-output-phase-matrix-2026-09-29/support/artifacts/quota-partial.llbc,anneal-3730-charon-build-closure-control-2026-09-29,anneal-3730-charon-build-closure-control-2026-09-29/REPORT.md;anneal-3730-charon-build-closure-control-2026-09-29/support/raw-results.json;anneal-3730-charon-build-closure-control-2026-09-29/support/artifacts/baseline.llbc;anneal-3730-charon-build-closure-control-2026-09-29/support/artifacts/bin-unit.llbc;anneal-3730-charon-build-closure-control-2026-09-29/support/probe.py;anneal-3730-charon-build-closure-control-2026-09-29/support/verify.py,anneal-3730-cross-tool-stage-cancellation-cleanup-2026-09-29,anneal-3730-cross-tool-stage-cancellation-cleanup-2026-09-29/REPORT.md;anneal-3730-cross-tool-stage-cancellation-cleanup-2026-09-29/support/results.json;anneal-3730-cross-tool-stage-cancellation-cleanup-2026-09-29/support/fence-results.json;anneal-3730-cross-tool-stage-cancellation-cleanup-2026-09-29/support/artifacts/charon-app.llbc;anneal-3730-cross-tool-stage-cancellation-cleanup-2026-09-29/support/artifacts/lake-Probe.olean;anneal-3730-cross-tool-stage-cancellation-cleanup-2026-09-29/support/probe.py;anneal-3730-cross-tool-stage-cancellation-cleanup-2026-09-29/support/fence_oracle.py;anneal-3730-cross-tool-stage-cancellation-cleanup-2026-09-29/support/verify.py,anneal-3730-cross-tool-active-cancellation-barriers-2026-09-29,anneal-3730-cross-tool-active-cancellation-barriers-2026-09-29/REPORT.md;anneal-3730-cross-tool-active-cancellation-barriers-2026-09-29/support/results.json;anneal-3730-cross-tool-active-cancellation-barriers-2026-09-29/support/work/charon/base.llbc;anneal-3730-cross-tool-active-cancellation-barriers-2026-09-29/support/work/charon/base.llbc.postcard;anneal-3730-cross-tool-active-cancellation-barriers-2026-09-29/support/work/aeneas-cancel/Types.lean;anneal-3730-cross-tool-active-cancellation-barriers-2026-09-29/support/work/lake/.lake/build/lib/lean/Cancel/A.olean;anneal-3730-cross-tool-active-cancellation-barriers-2026-09-29/support/probe.py;anneal-3730-cross-tool-active-cancellation-barriers-2026-09-29/support/check.py,,,,
A03,Mixed-generation race matrix,I013;I051;I134;I138,partial,partial;partial;partial;partial,anneal-3730-generation-recovery-2026-09-29;anneal-3730-acceptance-oracle-matrix-2026-09-29,Mapped destination evidence is scoped by its report; this suggestion is not inferred complete from a partial destination.,"I013: Perform a coherent two-document proof/helper update while real queries run; finite two-writer CAS schedules have no actual generated-document boundary.; I051: Repeat multi-file staged publication with actual generated Lean/LLBC/OLean artifact family, paused readers and crash recovery; new direct filesystem fixture is synthetic.; I134: R22 used actual CLIs but no Anneal scheduler. Exercise real request/worker identities and concurrent editor revisions through causal barriers and late completion.; I138: Real Charon/Aeneas model-change sequence with pending/failing/late generations and before/during/after queries.",anneal-3730-identity-state-mutation-model-2026-09-29,,,,,anneal-3730-cross-tool-stage-cancellation-cleanup-2026-09-29,anneal-3730-cross-tool-stage-cancellation-cleanup-2026-09-29/REPORT.md;anneal-3730-cross-tool-stage-cancellation-cleanup-2026-09-29/support/results.json;anneal-3730-cross-tool-stage-cancellation-cleanup-2026-09-29/support/fence-results.json;anneal-3730-cross-tool-stage-cancellation-cleanup-2026-09-29/support/artifacts/charon-app.llbc;anneal-3730-cross-tool-stage-cancellation-cleanup-2026-09-29/support/artifacts/lake-Probe.olean;anneal-3730-cross-tool-stage-cancellation-cleanup-2026-09-29/support/probe.py;anneal-3730-cross-tool-stage-cancellation-cleanup-2026-09-29/support/fence_oracle.py;anneal-3730-cross-tool-stage-cancellation-cleanup-2026-09-29/support/verify.py,anneal-3730-cross-tool-active-cancellation-barriers-2026-09-29,anneal-3730-cross-tool-active-cancellation-barriers-2026-09-29/REPORT.md;anneal-3730-cross-tool-active-cancellation-barriers-2026-09-29/support/results.json;anneal-3730-cross-tool-active-cancellation-barriers-2026-09-29/support/work/charon/base.llbc;anneal-3730-cross-tool-active-cancellation-barriers-2026-09-29/support/work/charon/base.llbc.postcard;anneal-3730-cross-tool-active-cancellation-barriers-2026-09-29/support/work/aeneas-cancel/Types.lean;anneal-3730-cross-tool-active-cancellation-barriers-2026-09-29/support/work/lake/.lake/build/lib/lean/Cancel/A.olean;anneal-3730-cross-tool-active-cancellation-barriers-2026-09-29/support/probe.py;anneal-3730-cross-tool-active-cancellation-barriers-2026-09-29/support/check.py,anneal-3730-cli-graceful-cancel-signals-2026-09-29,anneal-3730-cli-graceful-cancel-signals-2026-09-29/REPORT.md;anneal-3730-cli-graceful-cancel-signals-2026-09-29/support/results.json.gz;anneal-3730-cli-graceful-cancel-signals-2026-09-29/support/work/charon-graceful/input.llbc;anneal-3730-cli-graceful-cancel-signals-2026-09-29/support/work/aeneas-graceful/Types.lean;anneal-3730-cli-graceful-cancel-signals-2026-09-29/support/probe.py;anneal-3730-cli-graceful-cancel-signals-2026-09-29/support/check.py;anneal-3730-cli-graceful-cancel-signals-2026-09-29/support/ignore_int_supervisor.py,,
A04,Late publication after cancellation,I053;I106,partial,partial;partial,anneal-3730-generation-recovery-2026-09-29,Mapped destination evidence is scoped by its report; this suggestion is not inferred complete from a partial destination.,"I053: Causally late Charon/Aeneas/Lake/Lean outputs tested separately for source, compiled artifacts, diagnostics and cache insertion, beyond synthetic child/stale-pointer fence.; I106: Queued real diagnostics/progress/exits after cancellation with request/worker correlation and publication fences; synthetic late completion is narrower.",,,,,,,,,,,,,
A05,Snapshot retention versus recomputation,I047;I146,partial,partial;partial,anneal-3730-lean-rpc-lifetimes-v4-30-0-rc2;anneal-3730-resource-economics-2026-09-29,Mapped destination evidence is scoped by its report; this suggestion is not inferred complete from a partial destination.,"I047: Measure retained historical-goal storage, latency and expiry after rapid edits; a resident old worker is not an explicit historical-query service.; I146: Retention tiers on actual generated outputs with memory, historical-goal latency, recomputation, and restart costs.",anneal-3730-lean-launch-refresh-matrix-v4-30-0-rc2,anneal-3730-lean-transitive-import-rpc-matrix-2026-09-29,anneal-3730-lean-transitive-import-rpc-matrix-2026-09-29/support/probe.py;anneal-3730-lean-transitive-import-rpc-matrix-2026-09-29/support/transcript.json;anneal-3730-lean-transitive-import-rpc-matrix-2026-09-29/support/summary.json,anneal-3730-lean-server-soak-context-rpc-2026-09-29,anneal-3730-lean-server-soak-context-rpc-2026-09-29/REPORT.md;anneal-3730-lean-server-soak-context-rpc-2026-09-29/support/transcript.json;anneal-3730-lean-server-soak-context-rpc-2026-09-29/support/work/A/Proof.lean;anneal-3730-lean-server-soak-context-rpc-2026-09-29/support/work/B/Proof.lean;anneal-3730-lean-server-soak-context-rpc-2026-09-29/support/probe.py;anneal-3730-lean-server-soak-context-rpc-2026-09-29/support/check.py,anneal-3730-lean-multiminute-restart-resource-soak-2026-09-29,anneal-3730-lean-multiminute-restart-resource-soak-2026-09-29/REPORT.md;anneal-3730-lean-multiminute-restart-resource-soak-2026-09-29/support/transcript.json;anneal-3730-lean-multiminute-restart-resource-soak-2026-09-29/support/pilot-id-collision.json;anneal-3730-lean-multiminute-restart-resource-soak-2026-09-29/support/work/A/Proof0.lean;anneal-3730-lean-multiminute-restart-resource-soak-2026-09-29/support/probe.py;anneal-3730-lean-multiminute-restart-resource-soak-2026-09-29/support/check.py,,,,,,
A06,Historical query semantics,I047;I146,partial,partial;partial,anneal-3730-lean-rpc-lifetimes-v4-30-0-rc2;anneal-3730-resource-economics-2026-09-29,Mapped destination evidence is scoped by its report; this suggestion is not inferred complete from a partial destination.,"I047: Measure retained historical-goal storage, latency and expiry after rapid edits; a resident old worker is not an explicit historical-query service.; I146: Retention tiers on actual generated outputs with memory, historical-goal latency, recomputation, and restart costs.",anneal-3730-lean-launch-refresh-matrix-v4-30-0-rc2,anneal-3730-lean-transitive-import-rpc-matrix-2026-09-29,anneal-3730-lean-transitive-import-rpc-matrix-2026-09-29/support/probe.py;anneal-3730-lean-transitive-import-rpc-matrix-2026-09-29/support/transcript.json;anneal-3730-lean-transitive-import-rpc-matrix-2026-09-29/support/summary.json,anneal-3730-lean-server-soak-context-rpc-2026-09-29,anneal-3730-lean-server-soak-context-rpc-2026-09-29/REPORT.md;anneal-3730-lean-server-soak-context-rpc-2026-09-29/support/transcript.json;anneal-3730-lean-server-soak-context-rpc-2026-09-29/support/work/A/Proof.lean;anneal-3730-lean-server-soak-context-rpc-2026-09-29/support/work/B/Proof.lean;anneal-3730-lean-server-soak-context-rpc-2026-09-29/support/probe.py;anneal-3730-lean-server-soak-context-rpc-2026-09-29/support/check.py,anneal-3730-lean-multiminute-restart-resource-soak-2026-09-29,anneal-3730-lean-multiminute-restart-resource-soak-2026-09-29/REPORT.md;anneal-3730-lean-multiminute-restart-resource-soak-2026-09-29/support/transcript.json;anneal-3730-lean-multiminute-restart-resource-soak-2026-09-29/support/pilot-id-collision.json;anneal-3730-lean-multiminute-restart-resource-soak-2026-09-29/support/work/A/Proof0.lean;anneal-3730-lean-multiminute-restart-resource-soak-2026-09-29/support/probe.py;anneal-3730-lean-multiminute-restart-resource-soak-2026-09-29/support/check.py,,,,,,
A07,Cross-process reconstruction,I016;I110,partial,partial;partial,anneal-3730-charon-scaling-subject-closure-2026-09-29;anneal-3730-generation-recovery-2026-09-29,Mapped destination evidence is scoped by its report; this suggestion is not inferred complete from a partial destination.,"I016: Reconstruct a real Anneal workspace after restart from disk plus unsaved reconnecting editor buffers; the finite model has no process state.; I110: Forced actual Lean worker/watchdog, Anneal and build-process kills with reconstruction from authoritative source/imports; new OS kills target a synthetic publisher.",anneal-3730-identity-state-mutation-model-2026-09-29,,,,,,,,,,,,
A08,Hashes versus monotonic revisions,I011;I079;I097;I145,partial,partial;partial;partial;partial,anneal-3730-charon-scaling-subject-closure-2026-09-29;anneal-3730-lake-prepared-contract-2026-09-29,Mapped destination evidence is scoped by its report; this suggestion is not inferred complete from a partial destination.,"I011: Test the modeled ABA/version-reset/alias counterexamples through an actual Anneal handle and worker lifecycle, including request-ID reuse and disk reconstruction.; I079: Calibrate semantic LLBC equivalence, normalization and source metadata over broader revisions/flags/annotations; R20 retained one parseable/incomplete output-set witness only.; I097: R21 provides a selected plugin/OLean/option mix. Establish sufficient source/model/tool/flag/path keys and object-byte validation for every consumer.; I145: Execute full identity ablation through actual Cargo→Charon→Aeneas→Lake→Lean→MCP responses; finite counterexamples cover four weakened tokens and selected ABA schedules only.",anneal-3730-identity-state-mutation-model-2026-09-29;anneal-3730-charon-concurrency-interruption-2026-09-29;anneal-3730-charon-warm-target-controls-2026-09-29,anneal-3730-charon-subject-output-phase-matrix-2026-09-29;anneal-3730-lake-cache-publication-atomicity-2026-09-29,anneal-3730-charon-subject-output-phase-matrix-2026-09-29/support/probe.py;anneal-3730-charon-subject-output-phase-matrix-2026-09-29/support/raw-results.json;anneal-3730-charon-subject-output-phase-matrix-2026-09-29/support/manifests/test-repeat-1.json;anneal-3730-charon-subject-output-phase-matrix-2026-09-29/support/manifests/test-repeat-2.json;anneal-3730-charon-subject-output-phase-matrix-2026-09-29/support/artifacts/quota-partial.llbc;anneal-3730-lake-cache-publication-atomicity-2026-09-29/support/probe.py;anneal-3730-lake-cache-publication-atomicity-2026-09-29/support/results.json;anneal-3730-lake-cache-publication-atomicity-2026-09-29/support/artifacts/partial-output-map.json;anneal-3730-lake-cache-publication-atomicity-2026-09-29/support/artifacts/truncated-olean.bin,anneal-3730-charon-build-closure-control-2026-09-29;anneal-3730-lake-same-key-artifact-writers-2026-09-29,anneal-3730-charon-build-closure-control-2026-09-29/REPORT.md;anneal-3730-charon-build-closure-control-2026-09-29/support/raw-results.json;anneal-3730-charon-build-closure-control-2026-09-29/support/artifacts/baseline.llbc;anneal-3730-charon-build-closure-control-2026-09-29/support/artifacts/bin-unit.llbc;anneal-3730-charon-build-closure-control-2026-09-29/support/probe.py;anneal-3730-charon-build-closure-control-2026-09-29/support/verify.py;anneal-3730-lake-same-key-artifact-writers-2026-09-29/REPORT.md;anneal-3730-lake-same-key-artifact-writers-2026-09-29/support/results.json;anneal-3730-lake-same-key-artifact-writers-2026-09-29/support/artifacts/partial-olean.bin;anneal-3730-lake-same-key-artifact-writers-2026-09-29/support/artifacts/partial-ilean.bin;anneal-3730-lake-same-key-artifact-writers-2026-09-29/support/artifacts/partial-c.bin;anneal-3730-lake-same-key-artifact-writers-2026-09-29/support/probe.py;anneal-3730-lake-same-key-artifact-writers-2026-09-29/support/check.py,anneal-3730-cross-tool-stage-cancellation-cleanup-2026-09-29;anneal-3730-lake-key-artifact-family-matrix-2026-09-29,anneal-3730-cross-tool-stage-cancellation-cleanup-2026-09-29/REPORT.md;anneal-3730-cross-tool-stage-cancellation-cleanup-2026-09-29/support/results.json;anneal-3730-cross-tool-stage-cancellation-cleanup-2026-09-29/support/fence-results.json;anneal-3730-cross-tool-stage-cancellation-cleanup-2026-09-29/support/artifacts/charon-app.llbc;anneal-3730-cross-tool-stage-cancellation-cleanup-2026-09-29/support/artifacts/lake-Probe.olean;anneal-3730-cross-tool-stage-cancellation-cleanup-2026-09-29/support/probe.py;anneal-3730-cross-tool-stage-cancellation-cleanup-2026-09-29/support/fence_oracle.py;anneal-3730-cross-tool-stage-cancellation-cleanup-2026-09-29/support/verify.py;anneal-3730-lake-key-artifact-family-matrix-2026-09-29/REPORT.md;anneal-3730-lake-key-artifact-family-matrix-2026-09-29/support/results.json;anneal-3730-lake-key-artifact-family-matrix-2026-09-29/support/artifacts/retained/base/Dep.olean;anneal-3730-lake-key-artifact-family-matrix-2026-09-29/support/artifacts/retained/mixed-olean/Dep.olean;anneal-3730-lake-key-artifact-family-matrix-2026-09-29/support/artifacts/v1/plugin__probe_Plugin.dylib;anneal-3730-lake-key-artifact-family-matrix-2026-09-29/support/artifacts/v2/plugin__probe_Plugin.dylib;anneal-3730-lake-key-artifact-family-matrix-2026-09-29/support/probe.py;anneal-3730-lake-key-artifact-family-matrix-2026-09-29/support/check.py,anneal-3730-cross-tool-active-cancellation-barriers-2026-09-29;anneal-3730-lake-dynamic-config-identity-2026-09-29,anneal-3730-cross-tool-active-cancellation-barriers-2026-09-29/REPORT.md;anneal-3730-cross-tool-active-cancellation-barriers-2026-09-29/support/results.json;anneal-3730-cross-tool-active-cancellation-barriers-2026-09-29/support/work/charon/base.llbc;anneal-3730-cross-tool-active-cancellation-barriers-2026-09-29/support/work/charon/base.llbc.postcard;anneal-3730-cross-tool-active-cancellation-barriers-2026-09-29/support/work/aeneas-cancel/Types.lean;anneal-3730-cross-tool-active-cancellation-barriers-2026-09-29/support/work/lake/.lake/build/lib/lean/Cancel/A.olean;anneal-3730-cross-tool-active-cancellation-barriers-2026-09-29/support/probe.py;anneal-3730-cross-tool-active-cancellation-barriers-2026-09-29/support/check.py;anneal-3730-lake-dynamic-config-identity-2026-09-29/REPORT.md;anneal-3730-lake-dynamic-config-identity-2026-09-29/support/results.json;anneal-3730-lake-dynamic-config-identity-2026-09-29/support/artifacts/golden-source;anneal-3730-lake-dynamic-config-identity-2026-09-29/support/artifacts/dynamic-a/trace;anneal-3730-lake-dynamic-config-identity-2026-09-29/support/artifacts/toml-seven/trace;anneal-3730-lake-dynamic-config-identity-2026-09-29/support/artifacts/lean-option/setup;anneal-3730-lake-dynamic-config-identity-2026-09-29/support/probe.py;anneal-3730-lake-dynamic-config-identity-2026-09-29/support/check.py,anneal-3730-lake-plugin-combined-family-mix-2026-09-29,anneal-3730-lake-plugin-combined-family-mix-2026-09-29/REPORT.md;anneal-3730-lake-plugin-combined-family-mix-2026-09-29/support/transcript.json;anneal-3730-lake-plugin-combined-family-mix-2026-09-29/support/artifacts/mix/olean;anneal-3730-lake-plugin-combined-family-mix-2026-09-29/support/artifacts/mix/plugin;anneal-3730-lake-plugin-combined-family-mix-2026-09-29/support/artifacts/mix/c;anneal-3730-lake-plugin-combined-family-mix-2026-09-29/support/artifacts/mix/setup;anneal-3730-lake-plugin-combined-family-mix-2026-09-29/support/probe.py;anneal-3730-lake-plugin-combined-family-mix-2026-09-29/support/check.py,,
B01,Exact projection model,I026,partial,partial,anneal-3730-projection-provenance-2026-09-29,Mapped destination evidence is scoped by its report; this suggestion is not inferred complete from a partial destination.,I026: Exercise actual annotation stripping/escaping/scaffolding map inversion and cross-segment edit refusal; invented doc-comment rules cannot establish Anneal's map.,anneal-3730-projection-macro-doccomment-patch-matrix-2026-09-29,anneal-3730-source-owned-projection-diagnostic-matrix-2026-09-29,anneal-3730-source-owned-projection-diagnostic-matrix-2026-09-29/support/probe.py;anneal-3730-source-owned-projection-diagnostic-matrix-2026-09-29/support/results.json;anneal-3730-source-owned-projection-diagnostic-matrix-2026-09-29/support/source.rs;anneal-3730-source-owned-projection-diagnostic-matrix-2026-09-29/support/artifacts/source.llbc,anneal-3730-lean-lsp-projection-code-actions-2026-09-29,anneal-3730-lean-lsp-projection-code-actions-2026-09-29/REPORT.md;anneal-3730-lean-lsp-projection-code-actions-2026-09-29/support/lsp-transcript.json;anneal-3730-lean-lsp-projection-code-actions-2026-09-29/support/projection-stream.json;anneal-3730-lean-lsp-projection-code-actions-2026-09-29/support/Unicode.lean;anneal-3730-lean-lsp-projection-code-actions-2026-09-29/support/lsp_probe.py;anneal-3730-lean-lsp-projection-code-actions-2026-09-29/support/projection_model.py;anneal-3730-lean-lsp-projection-code-actions-2026-09-29/support/verify.py,,,,,,,,
B02,Executed round-trip corpus,I025;I026;I032,partial,partial;partial;partial,anneal-3730-projection-provenance-2026-09-29,Mapped destination evidence is scoped by its report; this suggestion is not inferred complete from a partial destination.,I025: Run negotiated byte/UTF-16/scalar position encodings through the actual Rust-hosted Anneal projection; this package measured real compiler/Lean coordinates but its ///| source map is illustrative.; I026: Exercise actual annotation stripping/escaping/scaffolding map inversion and cross-segment edit refusal; invented doc-comment rules cannot establish Anneal's map.; I032: Fuzz the actual annotation grammar/edit stream and measure full versus incremental maps at useful size; this tiny invented projector's indexed path was slower over 80 steps.,anneal-3730-projection-macro-doccomment-patch-matrix-2026-09-29,anneal-3730-source-owned-projection-diagnostic-matrix-2026-09-29,anneal-3730-source-owned-projection-diagnostic-matrix-2026-09-29/support/probe.py;anneal-3730-source-owned-projection-diagnostic-matrix-2026-09-29/support/results.json;anneal-3730-source-owned-projection-diagnostic-matrix-2026-09-29/support/source.rs;anneal-3730-source-owned-projection-diagnostic-matrix-2026-09-29/support/artifacts/source.llbc,anneal-3730-lean-lsp-projection-code-actions-2026-09-29,anneal-3730-lean-lsp-projection-code-actions-2026-09-29/REPORT.md;anneal-3730-lean-lsp-projection-code-actions-2026-09-29/support/lsp-transcript.json;anneal-3730-lean-lsp-projection-code-actions-2026-09-29/support/projection-stream.json;anneal-3730-lean-lsp-projection-code-actions-2026-09-29/support/Unicode.lean;anneal-3730-lean-lsp-projection-code-actions-2026-09-29/support/lsp_probe.py;anneal-3730-lean-lsp-projection-code-actions-2026-09-29/support/projection_model.py;anneal-3730-lean-lsp-projection-code-actions-2026-09-29/support/verify.py,,,,,,,,
B03,UTF-16 stress tests,I025;I062,partial,partial;partial,anneal-3730-projection-provenance-2026-09-29;anneal-3730-multiclient-editor-contract-2026-09-29,Mapped destination evidence is scoped by its report; this suggestion is not inferred complete from a partial destination.,"I025: Run negotiated byte/UTF-16/scalar position encodings through the actual Rust-hosted Anneal projection; this package measured real compiler/Lean coordinates but its ///| source map is illustrative.; I062: Test representative editor clients negotiating UTF-8/UTF-16, sync/version and feature fallbacks through Rust-hosted projection; R18 offered capabilities and enforced one versioned action in a harness, without real clients.",anneal-3730-projection-macro-doccomment-patch-matrix-2026-09-29,anneal-3730-source-owned-projection-diagnostic-matrix-2026-09-29,anneal-3730-source-owned-projection-diagnostic-matrix-2026-09-29/support/probe.py;anneal-3730-source-owned-projection-diagnostic-matrix-2026-09-29/support/results.json;anneal-3730-source-owned-projection-diagnostic-matrix-2026-09-29/support/source.rs;anneal-3730-source-owned-projection-diagnostic-matrix-2026-09-29/support/artifacts/source.llbc,anneal-3730-lean-lsp-projection-code-actions-2026-09-29,anneal-3730-lean-lsp-projection-code-actions-2026-09-29/REPORT.md;anneal-3730-lean-lsp-projection-code-actions-2026-09-29/support/lsp-transcript.json;anneal-3730-lean-lsp-projection-code-actions-2026-09-29/support/projection-stream.json;anneal-3730-lean-lsp-projection-code-actions-2026-09-29/support/Unicode.lean;anneal-3730-lean-lsp-projection-code-actions-2026-09-29/support/lsp_probe.py;anneal-3730-lean-lsp-projection-code-actions-2026-09-29/support/projection_model.py;anneal-3730-lean-lsp-projection-code-actions-2026-09-29/support/verify.py,anneal-3730-lean-lsp-navigation-edit-operations-2026-09-29,anneal-3730-lean-lsp-navigation-edit-operations-2026-09-29/REPORT.md;anneal-3730-lean-lsp-navigation-edit-operations-2026-09-29/support/transcript.json;anneal-3730-lean-lsp-navigation-edit-operations-2026-09-29/support/Applied.lean;anneal-3730-lean-lsp-navigation-edit-operations-2026-09-29/support/projection-replay.json;anneal-3730-lean-lsp-navigation-edit-operations-2026-09-29/support/probe.py;anneal-3730-lean-lsp-navigation-edit-operations-2026-09-29/support/projection_replay.py;anneal-3730-lean-lsp-navigation-edit-operations-2026-09-29/support/verify.py,anneal-3730-lean-lsp-multifile-actions-hints-2026-09-29,anneal-3730-lean-lsp-multifile-actions-hints-2026-09-29/REPORT.md;anneal-3730-lean-lsp-multifile-actions-hints-2026-09-29/support/transcript.json;anneal-3730-lean-lsp-multifile-actions-hints-2026-09-29/support/applied-results.json;anneal-3730-lean-lsp-multifile-actions-hints-2026-09-29/support/applied/rename-Helper.lean;anneal-3730-lean-lsp-multifile-actions-hints-2026-09-29/support/applied/action-Action.lean;anneal-3730-lean-lsp-multifile-actions-hints-2026-09-29/support/probe.py;anneal-3730-lean-lsp-multifile-actions-hints-2026-09-29/support/apply_returns.py;anneal-3730-lean-lsp-multifile-actions-hints-2026-09-29/support/verify.py,,,,
B04,Incremental projection algorithm,I032,partial,partial,,Mapped destination evidence is scoped by its report; this suggestion is not inferred complete from a partial destination.,I032: Fuzz the actual annotation grammar/edit stream and measure full versus incremental maps at useful size; this tiny invented projector's indexed path was slower over 80 steps.,anneal-3730-projection-macro-doccomment-patch-matrix-2026-09-29,anneal-3730-source-owned-projection-diagnostic-matrix-2026-09-29,anneal-3730-source-owned-projection-diagnostic-matrix-2026-09-29/support/probe.py;anneal-3730-source-owned-projection-diagnostic-matrix-2026-09-29/support/results.json;anneal-3730-source-owned-projection-diagnostic-matrix-2026-09-29/support/source.rs;anneal-3730-source-owned-projection-diagnostic-matrix-2026-09-29/support/artifacts/source.llbc,anneal-3730-lean-lsp-projection-code-actions-2026-09-29,anneal-3730-lean-lsp-projection-code-actions-2026-09-29/REPORT.md;anneal-3730-lean-lsp-projection-code-actions-2026-09-29/support/lsp-transcript.json;anneal-3730-lean-lsp-projection-code-actions-2026-09-29/support/projection-stream.json;anneal-3730-lean-lsp-projection-code-actions-2026-09-29/support/Unicode.lean;anneal-3730-lean-lsp-projection-code-actions-2026-09-29/support/lsp_probe.py;anneal-3730-lean-lsp-projection-code-actions-2026-09-29/support/projection_model.py;anneal-3730-lean-lsp-projection-code-actions-2026-09-29/support/verify.py,,,,,,,,
B05,Host-only edits shift source positions,I029;I032,partial,partial;partial,anneal-3730-projection-provenance-2026-09-29,Mapped destination evidence is scoped by its report; this suggestion is not inferred complete from a partial destination.,I029: Apply source-owned patches through real editor transactions after source shifts and conflicting writers; the two-range stale/mixed/conflicting rejects were in a local model.; I032: Fuzz the actual annotation grammar/edit stream and measure full versus incremental maps at useful size; this tiny invented projector's indexed path was slower over 80 steps.,anneal-3730-projection-macro-doccomment-patch-matrix-2026-09-29,anneal-3730-source-owned-projection-diagnostic-matrix-2026-09-29,anneal-3730-source-owned-projection-diagnostic-matrix-2026-09-29/support/probe.py;anneal-3730-source-owned-projection-diagnostic-matrix-2026-09-29/support/results.json;anneal-3730-source-owned-projection-diagnostic-matrix-2026-09-29/support/source.rs;anneal-3730-source-owned-projection-diagnostic-matrix-2026-09-29/support/artifacts/source.llbc,anneal-3730-lean-lsp-projection-code-actions-2026-09-29,anneal-3730-lean-lsp-projection-code-actions-2026-09-29/REPORT.md;anneal-3730-lean-lsp-projection-code-actions-2026-09-29/support/lsp-transcript.json;anneal-3730-lean-lsp-projection-code-actions-2026-09-29/support/projection-stream.json;anneal-3730-lean-lsp-projection-code-actions-2026-09-29/support/Unicode.lean;anneal-3730-lean-lsp-projection-code-actions-2026-09-29/support/lsp_probe.py;anneal-3730-lean-lsp-projection-code-actions-2026-09-29/support/projection_model.py;anneal-3730-lean-lsp-projection-code-actions-2026-09-29/support/verify.py,,,,,,,,
B06,Delimiter corruption and partial syntax,I017;I046,partial,partial;complete,anneal-3730-partial-elaboration-queries-v4-30-0-rc2,Mapped destination evidence is scoped by its report; this suggestion is not inferred complete from a partial destination.,"I017: Run the actual Anneal annotation grammar/parser through unfinished Rust and Lean; the invented marker locator survives malformed Rust but has no compiler-backed subject then.; I046: No residual for the requested direct Lean partial-file fixture at this pin: all four named error classes, before/after goals, diagnostics and failing batch status were observed. Product integration is separately tracked in I129/I137.",anneal-3730-annotation-subject-boundary-matrix-2026-09-29;anneal-3730-lean-launch-refresh-matrix-v4-30-0-rc2,anneal-3730-lean-transitive-import-rpc-matrix-2026-09-29,anneal-3730-lean-transitive-import-rpc-matrix-2026-09-29/support/probe.py;anneal-3730-lean-transitive-import-rpc-matrix-2026-09-29/support/transcript.json;anneal-3730-lean-transitive-import-rpc-matrix-2026-09-29/support/summary.json,anneal-3730-lean-server-soak-context-rpc-2026-09-29,anneal-3730-lean-server-soak-context-rpc-2026-09-29/REPORT.md;anneal-3730-lean-server-soak-context-rpc-2026-09-29/support/transcript.json;anneal-3730-lean-server-soak-context-rpc-2026-09-29/support/work/A/Proof.lean;anneal-3730-lean-server-soak-context-rpc-2026-09-29/support/work/B/Proof.lean;anneal-3730-lean-server-soak-context-rpc-2026-09-29/support/probe.py;anneal-3730-lean-server-soak-context-rpc-2026-09-29/support/check.py,,,,,,,,
B07,Multiple-annotation document granularity,I022;I035,partial,partial;partial,anneal-3730-lean-artifact-layouts-v4-30-0-rc2,Mapped destination evidence is scoped by its report; this suggestion is not inferred complete from a partial destination.,"I022: Test actual parser/scaffolding visibility and collisions for multiple annotations, shared helpers, imports and recursion; the invented five-marker helper fixture covers only a slice.; I035: Real embedded-annotation grouping and representative imports/options/plugins remain for product application; the requested bounded Lean/Lake layout comparison itself was executed, but its approximations do not establish the Anneal layout choice.",anneal-3730-annotation-subject-boundary-matrix-2026-09-29,,,,,,,,,,,,
B08,Name visibility and namespaces,I022;I037,partial,partial;partial,,Mapped destination evidence is scoped by its report; this suggestion is not inferred complete from a partial destination.,"I022: Test actual parser/scaffolding visibility and collisions for multiple annotations, shared helpers, imports and recursion; the invented five-marker helper fixture covers only a slice.; I037: Elaborated proposition/dependency comparison for projected wrappers under local instances, macros, notation, and options.",anneal-3730-annotation-subject-boundary-matrix-2026-09-29,,,,,,,,,,,,
B09,Embedded import-header ownership,I018;I022;I091,partial,partial;partial;partial,anneal-3730-lake-prepared-contract-2026-09-29,Mapped destination evidence is scoped by its report; this suggestion is not inferred complete from a partial destination.,"I018: Build a real proof-only classifier and challenge its Cargo closure; the comment-read include/build-script counterexample defeats a broad text-only skip but does not classify all edits.; I022: Test actual parser/scaffolding visibility and collisions for multiple annotations, shared helpers, imports and recursion; the invented five-marker helper fixture covers only a slice.; I091: R21 named plugin/OLean paths and option for one saved file and observed value/initializer. Attest exact loaded imports and setup for unsaved current document/header changes.",anneal-3730-annotation-subject-boundary-matrix-2026-09-29;anneal-3730-identity-state-mutation-model-2026-09-29;anneal-3730-lean-launch-refresh-matrix-v4-30-0-rc2,anneal-3730-lake-cache-publication-atomicity-2026-09-29;anneal-3730-lean-transitive-import-rpc-matrix-2026-09-29,anneal-3730-lake-cache-publication-atomicity-2026-09-29/support/probe.py;anneal-3730-lake-cache-publication-atomicity-2026-09-29/support/results.json;anneal-3730-lake-cache-publication-atomicity-2026-09-29/support/artifacts/partial-output-map.json;anneal-3730-lake-cache-publication-atomicity-2026-09-29/support/artifacts/truncated-olean.bin;anneal-3730-lean-transitive-import-rpc-matrix-2026-09-29/support/probe.py;anneal-3730-lean-transitive-import-rpc-matrix-2026-09-29/support/transcript.json;anneal-3730-lean-transitive-import-rpc-matrix-2026-09-29/support/summary.json,anneal-3730-lake-same-key-artifact-writers-2026-09-29,anneal-3730-lake-same-key-artifact-writers-2026-09-29/REPORT.md;anneal-3730-lake-same-key-artifact-writers-2026-09-29/support/results.json;anneal-3730-lake-same-key-artifact-writers-2026-09-29/support/artifacts/partial-olean.bin;anneal-3730-lake-same-key-artifact-writers-2026-09-29/support/artifacts/partial-ilean.bin;anneal-3730-lake-same-key-artifact-writers-2026-09-29/support/artifacts/partial-c.bin;anneal-3730-lake-same-key-artifact-writers-2026-09-29/support/probe.py;anneal-3730-lake-same-key-artifact-writers-2026-09-29/support/check.py,anneal-3730-lake-key-artifact-family-matrix-2026-09-29,anneal-3730-lake-key-artifact-family-matrix-2026-09-29/REPORT.md;anneal-3730-lake-key-artifact-family-matrix-2026-09-29/support/results.json;anneal-3730-lake-key-artifact-family-matrix-2026-09-29/support/artifacts/retained/base/Dep.olean;anneal-3730-lake-key-artifact-family-matrix-2026-09-29/support/artifacts/retained/mixed-olean/Dep.olean;anneal-3730-lake-key-artifact-family-matrix-2026-09-29/support/artifacts/v1/plugin__probe_Plugin.dylib;anneal-3730-lake-key-artifact-family-matrix-2026-09-29/support/artifacts/v2/plugin__probe_Plugin.dylib;anneal-3730-lake-key-artifact-family-matrix-2026-09-29/support/probe.py;anneal-3730-lake-key-artifact-family-matrix-2026-09-29/support/check.py,anneal-3730-lake-dynamic-config-identity-2026-09-29,anneal-3730-lake-dynamic-config-identity-2026-09-29/REPORT.md;anneal-3730-lake-dynamic-config-identity-2026-09-29/support/results.json;anneal-3730-lake-dynamic-config-identity-2026-09-29/support/artifacts/golden-source;anneal-3730-lake-dynamic-config-identity-2026-09-29/support/artifacts/dynamic-a/trace;anneal-3730-lake-dynamic-config-identity-2026-09-29/support/artifacts/toml-seven/trace;anneal-3730-lake-dynamic-config-identity-2026-09-29/support/artifacts/lean-option/setup;anneal-3730-lake-dynamic-config-identity-2026-09-29/support/probe.py;anneal-3730-lake-dynamic-config-identity-2026-09-29/support/check.py,anneal-3730-lake-plugin-combined-family-mix-2026-09-29,anneal-3730-lake-plugin-combined-family-mix-2026-09-29/REPORT.md;anneal-3730-lake-plugin-combined-family-mix-2026-09-29/support/transcript.json;anneal-3730-lake-plugin-combined-family-mix-2026-09-29/support/artifacts/mix/olean;anneal-3730-lake-plugin-combined-family-mix-2026-09-29/support/artifacts/mix/plugin;anneal-3730-lake-plugin-combined-family-mix-2026-09-29/support/artifacts/mix/c;anneal-3730-lake-plugin-combined-family-mix-2026-09-29/support/artifacts/mix/setup;anneal-3730-lake-plugin-combined-family-mix-2026-09-29/support/probe.py;anneal-3730-lake-plugin-combined-family-mix-2026-09-29/support/check.py,,
B10,Authored versus generated edits,I026;I027;I030;I069,partial,partial;partial;partial;partial,anneal-3730-projection-provenance-2026-09-29;anneal-3730-multiclient-editor-contract-2026-09-29,Mapped destination evidence is scoped by its report; this suggestion is not inferred complete from a partial destination.,"I026: Exercise actual annotation stripping/escaping/scaffolding map inversion and cross-segment edit refusal; invented doc-comment rules cannot establish Anneal's map.; I027: Route production one-to-many obligations and many-to-one declarations, diagnostics and edits to authored Rust; the executed duplicate doc block and copied-payload map are not an Anneal producer map.; I030: Apply server-authored nonempty code actions, imports, snippets and completion edits through an actual Rust-hosted Anneal projection with ownership/version policy; R18 applied a real versioned Lean import quick fix, while its completion edit was client-selected.; I069: Executed tool access tiers and workspace/path isolation, especially generated-to-authored edit authority.",anneal-3730-projection-macro-doccomment-patch-matrix-2026-09-29,anneal-3730-source-owned-projection-diagnostic-matrix-2026-09-29,anneal-3730-source-owned-projection-diagnostic-matrix-2026-09-29/support/probe.py;anneal-3730-source-owned-projection-diagnostic-matrix-2026-09-29/support/results.json;anneal-3730-source-owned-projection-diagnostic-matrix-2026-09-29/support/source.rs;anneal-3730-source-owned-projection-diagnostic-matrix-2026-09-29/support/artifacts/source.llbc,anneal-3730-lean-lsp-projection-code-actions-2026-09-29,anneal-3730-lean-lsp-projection-code-actions-2026-09-29/REPORT.md;anneal-3730-lean-lsp-projection-code-actions-2026-09-29/support/lsp-transcript.json;anneal-3730-lean-lsp-projection-code-actions-2026-09-29/support/projection-stream.json;anneal-3730-lean-lsp-projection-code-actions-2026-09-29/support/Unicode.lean;anneal-3730-lean-lsp-projection-code-actions-2026-09-29/support/lsp_probe.py;anneal-3730-lean-lsp-projection-code-actions-2026-09-29/support/projection_model.py;anneal-3730-lean-lsp-projection-code-actions-2026-09-29/support/verify.py,anneal-3730-lean-lsp-navigation-edit-operations-2026-09-29,anneal-3730-lean-lsp-navigation-edit-operations-2026-09-29/REPORT.md;anneal-3730-lean-lsp-navigation-edit-operations-2026-09-29/support/transcript.json;anneal-3730-lean-lsp-navigation-edit-operations-2026-09-29/support/Applied.lean;anneal-3730-lean-lsp-navigation-edit-operations-2026-09-29/support/projection-replay.json;anneal-3730-lean-lsp-navigation-edit-operations-2026-09-29/support/probe.py;anneal-3730-lean-lsp-navigation-edit-operations-2026-09-29/support/projection_replay.py;anneal-3730-lean-lsp-navigation-edit-operations-2026-09-29/support/verify.py,anneal-3730-lean-lsp-multifile-actions-hints-2026-09-29,anneal-3730-lean-lsp-multifile-actions-hints-2026-09-29/REPORT.md;anneal-3730-lean-lsp-multifile-actions-hints-2026-09-29/support/transcript.json;anneal-3730-lean-lsp-multifile-actions-hints-2026-09-29/support/applied-results.json;anneal-3730-lean-lsp-multifile-actions-hints-2026-09-29/support/applied/rename-Helper.lean;anneal-3730-lean-lsp-multifile-actions-hints-2026-09-29/support/applied/action-Action.lean;anneal-3730-lean-lsp-multifile-actions-hints-2026-09-29/support/probe.py;anneal-3730-lean-lsp-multifile-actions-hints-2026-09-29/support/apply_returns.py;anneal-3730-lean-lsp-multifile-actions-hints-2026-09-29/support/verify.py,,,,
B11,Code actions and rename,I030;I059;I060,partial,partial;partial;partial,anneal-3730-projection-provenance-2026-09-29,Direct Lean completion returned 223 items and one selected code-action request returned []; these features were queried but no returned edit/rename/navigation was projected into Rust.,"I030: Apply server-authored nonempty code actions, imports, snippets and completion edits through an actual Rust-hosted Anneal projection with ownership/version policy; R18 applied a real versioned Lean import quick fix, while its completion edit was client-selected.; I059: Map Lean hover, definition/references, semantic tokens, signature and inlay responses from generated Lean to authored Rust, including missing imported source; R18 acquired direct cross-file Lean responses only.; I060: Apply two-file Lean rename through an Anneal Rust projection and real editor transaction while protecting Rust symbols and handling partial client capabilities; R18 direct Lean batch-checked returned edits with harness preimage guards.",anneal-3730-projection-macro-doccomment-patch-matrix-2026-09-29,anneal-3730-source-owned-projection-diagnostic-matrix-2026-09-29,anneal-3730-source-owned-projection-diagnostic-matrix-2026-09-29/support/probe.py;anneal-3730-source-owned-projection-diagnostic-matrix-2026-09-29/support/results.json;anneal-3730-source-owned-projection-diagnostic-matrix-2026-09-29/support/source.rs;anneal-3730-source-owned-projection-diagnostic-matrix-2026-09-29/support/artifacts/source.llbc,anneal-3730-lean-lsp-projection-code-actions-2026-09-29,anneal-3730-lean-lsp-projection-code-actions-2026-09-29/REPORT.md;anneal-3730-lean-lsp-projection-code-actions-2026-09-29/support/lsp-transcript.json;anneal-3730-lean-lsp-projection-code-actions-2026-09-29/support/projection-stream.json;anneal-3730-lean-lsp-projection-code-actions-2026-09-29/support/Unicode.lean;anneal-3730-lean-lsp-projection-code-actions-2026-09-29/support/lsp_probe.py;anneal-3730-lean-lsp-projection-code-actions-2026-09-29/support/projection_model.py;anneal-3730-lean-lsp-projection-code-actions-2026-09-29/support/verify.py,anneal-3730-lean-lsp-navigation-edit-operations-2026-09-29,anneal-3730-lean-lsp-navigation-edit-operations-2026-09-29/REPORT.md;anneal-3730-lean-lsp-navigation-edit-operations-2026-09-29/support/transcript.json;anneal-3730-lean-lsp-navigation-edit-operations-2026-09-29/support/Applied.lean;anneal-3730-lean-lsp-navigation-edit-operations-2026-09-29/support/projection-replay.json;anneal-3730-lean-lsp-navigation-edit-operations-2026-09-29/support/probe.py;anneal-3730-lean-lsp-navigation-edit-operations-2026-09-29/support/projection_replay.py;anneal-3730-lean-lsp-navigation-edit-operations-2026-09-29/support/verify.py,anneal-3730-lean-lsp-multifile-actions-hints-2026-09-29,anneal-3730-lean-lsp-multifile-actions-hints-2026-09-29/REPORT.md;anneal-3730-lean-lsp-multifile-actions-hints-2026-09-29/support/transcript.json;anneal-3730-lean-lsp-multifile-actions-hints-2026-09-29/support/applied-results.json;anneal-3730-lean-lsp-multifile-actions-hints-2026-09-29/support/applied/rename-Helper.lean;anneal-3730-lean-lsp-multifile-actions-hints-2026-09-29/support/applied/action-Action.lean;anneal-3730-lean-lsp-multifile-actions-hints-2026-09-29/support/probe.py;anneal-3730-lean-lsp-multifile-actions-hints-2026-09-29/support/apply_returns.py;anneal-3730-lean-lsp-multifile-actions-hints-2026-09-29/support/verify.py,,,,
B12,Hover/completion/tokens/signature help/inlay hints,I030;I059;I062,partial,partial;partial;partial,anneal-3730-projection-provenance-2026-09-29;anneal-3730-multiclient-editor-contract-2026-09-29,"Direct Lean hover range and completion results were observed in a Unicode proof; no Rust-hosted range mapping, signature help, tokens, inlay hints or references were exercised.","I030: Apply server-authored nonempty code actions, imports, snippets and completion edits through an actual Rust-hosted Anneal projection with ownership/version policy; R18 applied a real versioned Lean import quick fix, while its completion edit was client-selected.; I059: Map Lean hover, definition/references, semantic tokens, signature and inlay responses from generated Lean to authored Rust, including missing imported source; R18 acquired direct cross-file Lean responses only.; I062: Test representative editor clients negotiating UTF-8/UTF-16, sync/version and feature fallbacks through Rust-hosted projection; R18 offered capabilities and enforced one versioned action in a harness, without real clients.",anneal-3730-projection-macro-doccomment-patch-matrix-2026-09-29,anneal-3730-source-owned-projection-diagnostic-matrix-2026-09-29,anneal-3730-source-owned-projection-diagnostic-matrix-2026-09-29/support/probe.py;anneal-3730-source-owned-projection-diagnostic-matrix-2026-09-29/support/results.json;anneal-3730-source-owned-projection-diagnostic-matrix-2026-09-29/support/source.rs;anneal-3730-source-owned-projection-diagnostic-matrix-2026-09-29/support/artifacts/source.llbc,anneal-3730-lean-lsp-projection-code-actions-2026-09-29,anneal-3730-lean-lsp-projection-code-actions-2026-09-29/REPORT.md;anneal-3730-lean-lsp-projection-code-actions-2026-09-29/support/lsp-transcript.json;anneal-3730-lean-lsp-projection-code-actions-2026-09-29/support/projection-stream.json;anneal-3730-lean-lsp-projection-code-actions-2026-09-29/support/Unicode.lean;anneal-3730-lean-lsp-projection-code-actions-2026-09-29/support/lsp_probe.py;anneal-3730-lean-lsp-projection-code-actions-2026-09-29/support/projection_model.py;anneal-3730-lean-lsp-projection-code-actions-2026-09-29/support/verify.py,anneal-3730-lean-lsp-navigation-edit-operations-2026-09-29,anneal-3730-lean-lsp-navigation-edit-operations-2026-09-29/REPORT.md;anneal-3730-lean-lsp-navigation-edit-operations-2026-09-29/support/transcript.json;anneal-3730-lean-lsp-navigation-edit-operations-2026-09-29/support/Applied.lean;anneal-3730-lean-lsp-navigation-edit-operations-2026-09-29/support/projection-replay.json;anneal-3730-lean-lsp-navigation-edit-operations-2026-09-29/support/probe.py;anneal-3730-lean-lsp-navigation-edit-operations-2026-09-29/support/projection_replay.py;anneal-3730-lean-lsp-navigation-edit-operations-2026-09-29/support/verify.py,anneal-3730-lean-lsp-multifile-actions-hints-2026-09-29,anneal-3730-lean-lsp-multifile-actions-hints-2026-09-29/REPORT.md;anneal-3730-lean-lsp-multifile-actions-hints-2026-09-29/support/transcript.json;anneal-3730-lean-lsp-multifile-actions-hints-2026-09-29/support/applied-results.json;anneal-3730-lean-lsp-multifile-actions-hints-2026-09-29/support/applied/rename-Helper.lean;anneal-3730-lean-lsp-multifile-actions-hints-2026-09-29/support/applied/action-Action.lean;anneal-3730-lean-lsp-multifile-actions-hints-2026-09-29/support/probe.py;anneal-3730-lean-lsp-multifile-actions-hints-2026-09-29/support/apply_returns.py;anneal-3730-lean-lsp-multifile-actions-hints-2026-09-29/support/verify.py,,,,
B13,Diagnostic responsibility versus editability,I027;I031,partial,partial;partial,anneal-3730-projection-provenance-2026-09-29,Mapped destination evidence is scoped by its report; this suggestion is not inferred complete from a partial destination.,"I027: Route production one-to-many obligations and many-to-one declarations, diagnostics and edits to authored Rust; the executed duplicate doc block and copied-payload map are not an Anneal producer map.; I031: Integrate actual rustc/Charon/Aeneas/Lean diagnostic origins into an Anneal source/ownership map, including ambiguous and missing spans; raw compiler/batch/LSP specimens were acquired but the routing map is illustrative.",anneal-3730-projection-macro-doccomment-patch-matrix-2026-09-29,anneal-3730-source-owned-projection-diagnostic-matrix-2026-09-29,anneal-3730-source-owned-projection-diagnostic-matrix-2026-09-29/support/probe.py;anneal-3730-source-owned-projection-diagnostic-matrix-2026-09-29/support/results.json;anneal-3730-source-owned-projection-diagnostic-matrix-2026-09-29/support/source.rs;anneal-3730-source-owned-projection-diagnostic-matrix-2026-09-29/support/artifacts/source.llbc,anneal-3730-lean-lsp-projection-code-actions-2026-09-29,anneal-3730-lean-lsp-projection-code-actions-2026-09-29/REPORT.md;anneal-3730-lean-lsp-projection-code-actions-2026-09-29/support/lsp-transcript.json;anneal-3730-lean-lsp-projection-code-actions-2026-09-29/support/projection-stream.json;anneal-3730-lean-lsp-projection-code-actions-2026-09-29/support/Unicode.lean;anneal-3730-lean-lsp-projection-code-actions-2026-09-29/support/lsp_probe.py;anneal-3730-lean-lsp-projection-code-actions-2026-09-29/support/projection_model.py;anneal-3730-lean-lsp-projection-code-actions-2026-09-29/support/verify.py,,,,,,,,
B14,Macro-generated annotations,I019;I087,partial,partial;partial,anneal-3730-aeneas-identity-manifest-2026-09-29,Mapped destination evidence is scoped by its report; this suggestion is not inferred complete from a partial destination.,"I019: Attach actual Anneal annotations to compiler items across cfg, aliases, trait defaults, locals and generated items; the line-marker ambiguity and Charon spans are not an attachment implementation.; I087: Obtain an authenticated Charon item→Aeneas declaration/range map with one-to-many completeness and compare a newer translation schema; def IDs/spans and generated comments remain lexical hints.",anneal-3730-annotation-subject-boundary-matrix-2026-09-29,anneal-3730-aeneas-manifest-batch-oracle-2026-09-29,anneal-3730-aeneas-manifest-batch-oracle-2026-09-29/support/probe.py;anneal-3730-aeneas-manifest-batch-oracle-2026-09-29/support/results.json;anneal-3730-aeneas-manifest-batch-oracle-2026-09-29/support/declaration-manifest.json,anneal-3730-aeneas-trait-output-shrink-matrix-2026-09-29,anneal-3730-aeneas-trait-output-shrink-matrix-2026-09-29/REPORT.md;anneal-3730-aeneas-trait-output-shrink-matrix-2026-09-29/support/raw-results.json;anneal-3730-aeneas-trait-output-shrink-matrix-2026-09-29/support/inputs/base/trait_probe.rs;anneal-3730-aeneas-trait-output-shrink-matrix-2026-09-29/support/outputs/base/Funs.lean;anneal-3730-aeneas-trait-output-shrink-matrix-2026-09-29/support/outputs/error/Funs.lean;anneal-3730-aeneas-trait-output-shrink-matrix-2026-09-29/support/probe.py;anneal-3730-aeneas-trait-output-shrink-matrix-2026-09-29/support/check.py,,,,,,,,
B15,Unsaved host as proof authority,I012;I068;I137;I155,partial,partial;partial;partial;partial,anneal-3730-multiclient-editor-contract-2026-09-29,Mapped destination evidence is scoped by its report; this suggestion is not inferred complete from a partial destination.,"I012: Full editor buffer lifecycle including save, external overwrite, rename, deletion, and reopened authority transfer.; I068: One actual MCP/editor workspace authority with alternating unsaved edits, queries, and reconnect.; I137: Real Rust-hosted annotation with parser, projection, prepared model, exact live query/edit, and batch check.; I155: Actual Rust editor host open/change/save/rename/close through Anneal projection and hidden Lean cleanup; new invented //% host in a local broker tests only lifecycle shape.",,,,,,,,,,,,,
C01,Version-bound goal wrapper,I041;I045;I048;I145,partial,partial;partial;partial;partial,anneal-3730-lean-rpc-lifetimes-v4-30-0-rc2;anneal-3730-partial-elaboration-queries-v4-30-0-rc2;anneal-3730-server-topology-v4-30-0-rc2,Mapped destination evidence is scoped by its report; this suggestion is not inferred complete from a partial destination.,"I041: Implement an Anneal exact-version/source/import response envelope and client fence; direct Lean old/new workers and a gated duplicate-ID reply schedule expose the hazard but do not implement the broker.; I045: Force a successful old response through actual worker crash/replacement on one transport with an explicit ID policy; gated duplicate-ID replies and a separate fresh-server stale-session rejection are narrower.; I048: Expose worker-reported complete loaded OLean/options/plugin/source identity for a real project; setup-file paths, hashes, option diagnostic and initializer marker do not form an attestation API.; I145: Execute full identity ablation through actual Cargo→Charon→Aeneas→Lake→Lean→MCP responses; finite counterexamples cover four weakened tokens and selected ABA schedules only.",anneal-3730-lean-launch-refresh-matrix-v4-30-0-rc2;anneal-3730-identity-state-mutation-model-2026-09-29,anneal-3730-lean-transitive-import-rpc-matrix-2026-09-29,anneal-3730-lean-transitive-import-rpc-matrix-2026-09-29/support/probe.py;anneal-3730-lean-transitive-import-rpc-matrix-2026-09-29/support/transcript.json;anneal-3730-lean-transitive-import-rpc-matrix-2026-09-29/support/summary.json,anneal-3730-lean-server-soak-context-rpc-2026-09-29,anneal-3730-lean-server-soak-context-rpc-2026-09-29/REPORT.md;anneal-3730-lean-server-soak-context-rpc-2026-09-29/support/transcript.json;anneal-3730-lean-server-soak-context-rpc-2026-09-29/support/work/A/Proof.lean;anneal-3730-lean-server-soak-context-rpc-2026-09-29/support/work/B/Proof.lean;anneal-3730-lean-server-soak-context-rpc-2026-09-29/support/probe.py;anneal-3730-lean-server-soak-context-rpc-2026-09-29/support/check.py,anneal-3730-lean-multiminute-restart-resource-soak-2026-09-29,anneal-3730-lean-multiminute-restart-resource-soak-2026-09-29/REPORT.md;anneal-3730-lean-multiminute-restart-resource-soak-2026-09-29/support/transcript.json;anneal-3730-lean-multiminute-restart-resource-soak-2026-09-29/support/pilot-id-collision.json;anneal-3730-lean-multiminute-restart-resource-soak-2026-09-29/support/work/A/Proof0.lean;anneal-3730-lean-multiminute-restart-resource-soak-2026-09-29/support/probe.py;anneal-3730-lean-multiminute-restart-resource-soak-2026-09-29/support/check.py,,,,,,
C02,Rich RPC versus plainGoal,I043;I044;I046,partial,partial;partial;complete,anneal-3730-lean-rpc-lifetimes-v4-30-0-rc2;anneal-3730-partial-elaboration-queries-v4-30-0-rc2;anneal-3730-server-topology-v4-30-0-rc2,"Direct Lean added a real InfoWithCtx dereference, release and stale-session rejection, alongside plainGoal. It remains a tiny component run without Rust-hosted InfoView or all rich RPC cases.","I043: Extend actual Lean position probes to nested tactic combinators, term mode and rich RPC navigation; this package adds a macro goal and InfoWithCtx dereference to earlier plainGoal positions.; I044: Measure many real rich RPC references across replacement, release, expiry and generation-specific context; one InfoWithCtx dereferenced after import transition and failed after release/stale session.; I046: No residual for the requested direct Lean partial-file fixture at this pin: all four named error classes, before/after goals, diagnostics and failing batch status were observed. Product integration is separately tracked in I129/I137.",anneal-3730-lean-launch-refresh-matrix-v4-30-0-rc2,anneal-3730-lean-transitive-import-rpc-matrix-2026-09-29,anneal-3730-lean-transitive-import-rpc-matrix-2026-09-29/support/probe.py;anneal-3730-lean-transitive-import-rpc-matrix-2026-09-29/support/transcript.json;anneal-3730-lean-transitive-import-rpc-matrix-2026-09-29/support/summary.json,anneal-3730-lean-server-soak-context-rpc-2026-09-29,anneal-3730-lean-server-soak-context-rpc-2026-09-29/REPORT.md;anneal-3730-lean-server-soak-context-rpc-2026-09-29/support/transcript.json;anneal-3730-lean-server-soak-context-rpc-2026-09-29/support/work/A/Proof.lean;anneal-3730-lean-server-soak-context-rpc-2026-09-29/support/work/B/Proof.lean;anneal-3730-lean-server-soak-context-rpc-2026-09-29/support/probe.py;anneal-3730-lean-server-soak-context-rpc-2026-09-29/support/check.py,anneal-3730-lean-multiminute-restart-resource-soak-2026-09-29,anneal-3730-lean-multiminute-restart-resource-soak-2026-09-29/REPORT.md;anneal-3730-lean-multiminute-restart-resource-soak-2026-09-29/support/transcript.json;anneal-3730-lean-multiminute-restart-resource-soak-2026-09-29/support/pilot-id-collision.json;anneal-3730-lean-multiminute-restart-resource-soak-2026-09-29/support/work/A/Proof0.lean;anneal-3730-lean-multiminute-restart-resource-soak-2026-09-29/support/probe.py;anneal-3730-lean-multiminute-restart-resource-soak-2026-09-29/support/check.py,,,,,,
C03,Worker-restart freshness barrier,I049,complete,complete,,Mapped destination evidence is scoped by its report; this suggestion is not inferred complete from a partial destination.,"I049: No residual for the requested three-mode direct Lean imported-definition counterexample at v4.30.0-rc2: watcher, old/new/reopened/fresh workers and fresh batch were compared. Wider graphs and product use remain I050/I048/I157.",anneal-3730-lean-launch-refresh-matrix-v4-30-0-rc2,anneal-3730-lean-transitive-import-rpc-matrix-2026-09-29,anneal-3730-lean-transitive-import-rpc-matrix-2026-09-29/support/probe.py;anneal-3730-lean-transitive-import-rpc-matrix-2026-09-29/support/transcript.json;anneal-3730-lean-transitive-import-rpc-matrix-2026-09-29/support/summary.json,anneal-3730-lean-server-soak-context-rpc-2026-09-29,anneal-3730-lean-server-soak-context-rpc-2026-09-29/REPORT.md;anneal-3730-lean-server-soak-context-rpc-2026-09-29/support/transcript.json;anneal-3730-lean-server-soak-context-rpc-2026-09-29/support/work/A/Proof.lean;anneal-3730-lean-server-soak-context-rpc-2026-09-29/support/work/B/Proof.lean;anneal-3730-lean-server-soak-context-rpc-2026-09-29/support/probe.py;anneal-3730-lean-server-soak-context-rpc-2026-09-29/support/check.py,,,,,,,,
C04,Server launch-mode comparison,I049,complete,complete,,"All three requested direct Lean launch modes, watcher/reopen/new/fresh worker and fresh batch compared at the pinned small imported-definition fixture; larger graphs remain I050.",No residual for the pinned direct-Lean three-launch-mode counterexample; real Anneal integration and broader graph behavior remain under I050/I157.,anneal-3730-lean-launch-refresh-matrix-v4-30-0-rc2,anneal-3730-lean-transitive-import-rpc-matrix-2026-09-29,anneal-3730-lean-transitive-import-rpc-matrix-2026-09-29/support/probe.py;anneal-3730-lean-transitive-import-rpc-matrix-2026-09-29/support/transcript.json;anneal-3730-lean-transitive-import-rpc-matrix-2026-09-29/support/summary.json,anneal-3730-lean-server-soak-context-rpc-2026-09-29,anneal-3730-lean-server-soak-context-rpc-2026-09-29/REPORT.md;anneal-3730-lean-server-soak-context-rpc-2026-09-29/support/transcript.json;anneal-3730-lean-server-soak-context-rpc-2026-09-29/support/work/A/Proof.lean;anneal-3730-lean-server-soak-context-rpc-2026-09-29/support/work/B/Proof.lean;anneal-3730-lean-server-soak-context-rpc-2026-09-29/support/probe.py;anneal-3730-lean-server-soak-context-rpc-2026-09-29/support/check.py,,,,,,,,
C05,Changed artifact with unchanged source,I147,partial,partial,,Mapped destination evidence is scoped by its report; this suggestion is not inferred complete from a partial destination.,I147: Check source/artifact clock and identity perturbations against old/new workers across compatible versions and actual producer generations; R12 adds source reorder and external model swap with fixed generated source.,anneal-3730-identity-state-mutation-model-2026-09-29;anneal-3730-lean-cross-version-equivalence-v4-29-v4-30-rc2-2026-09-29;anneal-3730-lean-launch-refresh-matrix-v4-30-0-rc2,anneal-3730-lean-transitive-import-rpc-matrix-2026-09-29,anneal-3730-lean-transitive-import-rpc-matrix-2026-09-29/support/probe.py;anneal-3730-lean-transitive-import-rpc-matrix-2026-09-29/support/transcript.json;anneal-3730-lean-transitive-import-rpc-matrix-2026-09-29/support/summary.json,anneal-3730-cross-layer-comparator-mutants-2026-09-29,anneal-3730-cross-layer-comparator-mutants-2026-09-29/REPORT.md;anneal-3730-cross-layer-comparator-mutants-2026-09-29/support/results.json;anneal-3730-cross-layer-comparator-mutants-2026-09-29/support/comparison-manifest.json;anneal-3730-cross-layer-comparator-mutants-2026-09-29/support/probe.py;anneal-3730-cross-layer-comparator-mutants-2026-09-29/support/check.py,,,,,,,,
C06,Changed source with identical rebuilt artifact,I147,partial,partial,,Mapped destination evidence is scoped by its report; this suggestion is not inferred complete from a partial destination.,I147: Check source/artifact clock and identity perturbations against old/new workers across compatible versions and actual producer generations; R12 adds source reorder and external model swap with fixed generated source.,anneal-3730-identity-state-mutation-model-2026-09-29;anneal-3730-lean-cross-version-equivalence-v4-29-v4-30-rc2-2026-09-29;anneal-3730-lean-launch-refresh-matrix-v4-30-0-rc2,anneal-3730-lean-transitive-import-rpc-matrix-2026-09-29,anneal-3730-lean-transitive-import-rpc-matrix-2026-09-29/support/probe.py;anneal-3730-lean-transitive-import-rpc-matrix-2026-09-29/support/transcript.json;anneal-3730-lean-transitive-import-rpc-matrix-2026-09-29/support/summary.json,anneal-3730-cross-layer-comparator-mutants-2026-09-29,anneal-3730-cross-layer-comparator-mutants-2026-09-29/REPORT.md;anneal-3730-cross-layer-comparator-mutants-2026-09-29/support/results.json;anneal-3730-cross-layer-comparator-mutants-2026-09-29/support/comparison-manifest.json;anneal-3730-cross-layer-comparator-mutants-2026-09-29/support/probe.py;anneal-3730-cross-layer-comparator-mutants-2026-09-29/support/check.py,,,,,,,,
C07,Import additions/removals/renames,I051;I055,partial,partial;partial,anneal-3730-generation-recovery-2026-09-29,Mapped destination evidence is scoped by its report; this suggestion is not inferred complete from a partial destination.,"I051: Repeat multi-file staged publication with actual generated Lean/LLBC/OLean artifact family, paused readers and crash recovery; new direct filesystem fixture is synthetic.; I055: Shrink and delete a selected real Aeneas/Lean output/obligation set with reused names and fresh verifier; synthetic tree and one-shot Aeneas clean oracle are narrower.",,,,,,,,,,,,,
C08,RPC and handle lifetimes,I044;I045;I047;I122,partial,partial;partial;partial;partial,anneal-3730-lean-rpc-lifetimes-v4-30-0-rc2;anneal-3730-server-topology-v4-30-0-rc2;anneal-3730-generation-recovery-2026-09-29,Mapped destination evidence is scoped by its report; this suggestion is not inferred complete from a partial destination.,"I044: Measure many real rich RPC references across replacement, release, expiry and generation-specific context; one InfoWithCtx dereferenced after import transition and failed after release/stale session.; I045: Force a successful old response through actual worker crash/replacement on one transport with an explicit ID policy; gated duplicate-ID replies and a separate fresh-server stale-session rejection are narrower.; I047: Measure retained historical-goal storage, latency and expiry after rapid edits; a resident old worker is not an explicit historical-query service.; I122: Repeated crash/restart cleanup with durable owner identity and bounded orphan reclaim in an actual Anneal/Lake workspace; synthetic process fixture alone is insufficient.",anneal-3730-lean-launch-refresh-matrix-v4-30-0-rc2;anneal-3730-identity-state-mutation-model-2026-09-29,anneal-3730-lean-transitive-import-rpc-matrix-2026-09-29,anneal-3730-lean-transitive-import-rpc-matrix-2026-09-29/support/probe.py;anneal-3730-lean-transitive-import-rpc-matrix-2026-09-29/support/transcript.json;anneal-3730-lean-transitive-import-rpc-matrix-2026-09-29/support/summary.json,anneal-3730-lean-server-soak-context-rpc-2026-09-29,anneal-3730-lean-server-soak-context-rpc-2026-09-29/REPORT.md;anneal-3730-lean-server-soak-context-rpc-2026-09-29/support/transcript.json;anneal-3730-lean-server-soak-context-rpc-2026-09-29/support/work/A/Proof.lean;anneal-3730-lean-server-soak-context-rpc-2026-09-29/support/work/B/Proof.lean;anneal-3730-lean-server-soak-context-rpc-2026-09-29/support/probe.py;anneal-3730-lean-server-soak-context-rpc-2026-09-29/support/check.py,anneal-3730-lean-multiminute-restart-resource-soak-2026-09-29,anneal-3730-lean-multiminute-restart-resource-soak-2026-09-29/REPORT.md;anneal-3730-lean-multiminute-restart-resource-soak-2026-09-29/support/transcript.json;anneal-3730-lean-multiminute-restart-resource-soak-2026-09-29/support/pilot-id-collision.json;anneal-3730-lean-multiminute-restart-resource-soak-2026-09-29/support/work/A/Proof0.lean;anneal-3730-lean-multiminute-restart-resource-soak-2026-09-29/support/probe.py;anneal-3730-lean-multiminute-restart-resource-soak-2026-09-29/support/check.py,,,,,,
C09,Concurrent goal queries in one document,I041;I134,partial,partial;partial,anneal-3730-lean-rpc-lifetimes-v4-30-0-rc2;anneal-3730-partial-elaboration-queries-v4-30-0-rc2;anneal-3730-acceptance-oracle-matrix-2026-09-29,"A causal duplicate-request-ID reply schedule now exists in direct Lean, but no Anneal version envelope or client fence was implemented.",I041: Implement an Anneal exact-version/source/import response envelope and client fence; direct Lean old/new workers and a gated duplicate-ID reply schedule expose the hazard but do not implement the broker.; I134: R22 used actual CLIs but no Anneal scheduler. Exercise real request/worker identities and concurrent editor revisions through causal barriers and late completion.,anneal-3730-lean-launch-refresh-matrix-v4-30-0-rc2,anneal-3730-lean-transitive-import-rpc-matrix-2026-09-29,anneal-3730-lean-transitive-import-rpc-matrix-2026-09-29/support/probe.py;anneal-3730-lean-transitive-import-rpc-matrix-2026-09-29/support/transcript.json;anneal-3730-lean-transitive-import-rpc-matrix-2026-09-29/support/summary.json,anneal-3730-lean-server-soak-context-rpc-2026-09-29,anneal-3730-lean-server-soak-context-rpc-2026-09-29/REPORT.md;anneal-3730-lean-server-soak-context-rpc-2026-09-29/support/transcript.json;anneal-3730-lean-server-soak-context-rpc-2026-09-29/support/work/A/Proof.lean;anneal-3730-lean-server-soak-context-rpc-2026-09-29/support/work/B/Proof.lean;anneal-3730-lean-server-soak-context-rpc-2026-09-29/support/probe.py;anneal-3730-lean-server-soak-context-rpc-2026-09-29/support/check.py,anneal-3730-lean-multiminute-restart-resource-soak-2026-09-29;anneal-3730-cross-tool-stage-cancellation-cleanup-2026-09-29,anneal-3730-lean-multiminute-restart-resource-soak-2026-09-29/REPORT.md;anneal-3730-lean-multiminute-restart-resource-soak-2026-09-29/support/transcript.json;anneal-3730-lean-multiminute-restart-resource-soak-2026-09-29/support/pilot-id-collision.json;anneal-3730-lean-multiminute-restart-resource-soak-2026-09-29/support/work/A/Proof0.lean;anneal-3730-lean-multiminute-restart-resource-soak-2026-09-29/support/probe.py;anneal-3730-lean-multiminute-restart-resource-soak-2026-09-29/support/check.py;anneal-3730-cross-tool-stage-cancellation-cleanup-2026-09-29/REPORT.md;anneal-3730-cross-tool-stage-cancellation-cleanup-2026-09-29/support/results.json;anneal-3730-cross-tool-stage-cancellation-cleanup-2026-09-29/support/fence-results.json;anneal-3730-cross-tool-stage-cancellation-cleanup-2026-09-29/support/artifacts/charon-app.llbc;anneal-3730-cross-tool-stage-cancellation-cleanup-2026-09-29/support/artifacts/lake-Probe.olean;anneal-3730-cross-tool-stage-cancellation-cleanup-2026-09-29/support/probe.py;anneal-3730-cross-tool-stage-cancellation-cleanup-2026-09-29/support/fence_oracle.py;anneal-3730-cross-tool-stage-cancellation-cleanup-2026-09-29/support/verify.py,anneal-3730-cross-tool-active-cancellation-barriers-2026-09-29,anneal-3730-cross-tool-active-cancellation-barriers-2026-09-29/REPORT.md;anneal-3730-cross-tool-active-cancellation-barriers-2026-09-29/support/results.json;anneal-3730-cross-tool-active-cancellation-barriers-2026-09-29/support/work/charon/base.llbc;anneal-3730-cross-tool-active-cancellation-barriers-2026-09-29/support/work/charon/base.llbc.postcard;anneal-3730-cross-tool-active-cancellation-barriers-2026-09-29/support/work/aeneas-cancel/Types.lean;anneal-3730-cross-tool-active-cancellation-barriers-2026-09-29/support/work/lake/.lake/build/lib/lean/Cancel/A.olean;anneal-3730-cross-tool-active-cancellation-barriers-2026-09-29/support/probe.py;anneal-3730-cross-tool-active-cancellation-barriers-2026-09-29/support/check.py,anneal-3730-cli-graceful-cancel-signals-2026-09-29,anneal-3730-cli-graceful-cancel-signals-2026-09-29/REPORT.md;anneal-3730-cli-graceful-cancel-signals-2026-09-29/support/results.json.gz;anneal-3730-cli-graceful-cancel-signals-2026-09-29/support/work/charon-graceful/input.llbc;anneal-3730-cli-graceful-cancel-signals-2026-09-29/support/work/aeneas-graceful/Types.lean;anneal-3730-cli-graceful-cancel-signals-2026-09-29/support/probe.py;anneal-3730-cli-graceful-cancel-signals-2026-09-29/support/check.py;anneal-3730-cli-graceful-cancel-signals-2026-09-29/support/ignore_int_supervisor.py,,
C10,Many proofs importing one model,I050;I056,partial,partial;partial,,Mapped destination evidence is scoped by its report; this suggestion is not inferred complete from a partial destination.,"I050: Widen the executed transitive Base→Mid option/macro/native-plugin matrix to typeclass/notation and realistic generated imports, ABI changes and actual Anneal server launch; one tiny graph is insufficient for general freshness.; I056: Proof-body/statement/helper/model ablation and sound incremental reuse boundaries on real Lean imports.",anneal-3730-lake-plugin-artifact-identity-v4-30-0-rc2;anneal-3730-lean-launch-refresh-matrix-v4-30-0-rc2,anneal-3730-lean-transitive-import-rpc-matrix-2026-09-29,anneal-3730-lean-transitive-import-rpc-matrix-2026-09-29/support/probe.py;anneal-3730-lean-transitive-import-rpc-matrix-2026-09-29/support/transcript.json;anneal-3730-lean-transitive-import-rpc-matrix-2026-09-29/support/summary.json,anneal-3730-lean-server-soak-context-rpc-2026-09-29,anneal-3730-lean-server-soak-context-rpc-2026-09-29/REPORT.md;anneal-3730-lean-server-soak-context-rpc-2026-09-29/support/transcript.json;anneal-3730-lean-server-soak-context-rpc-2026-09-29/support/work/A/Proof.lean;anneal-3730-lean-server-soak-context-rpc-2026-09-29/support/work/B/Proof.lean;anneal-3730-lean-server-soak-context-rpc-2026-09-29/support/probe.py;anneal-3730-lean-server-soak-context-rpc-2026-09-29/support/check.py,,,,,,,,
C11,Importing another live proof,I038;I039,not-run,partial;partial,,No supported two-open-document unsaved-proof import was executed.,"I038: A supported two-open-document unsaved-import design or explicit staged materialization protocol.; I039: Cross-annotation helper graph, model references, legal grouping, and cycle rejection beyond a simple Lake cycle.",,,,,,,,,,,,,
C12,Semantic-readiness alternatives,I042;I048,partial,partial;partial,anneal-3730-lean-rpc-lifetimes-v4-30-0-rc2,Mapped destination evidence is scoped by its report; this suggestion is not inferred complete from a partial destination.,"I042: Separate parse/import/elaboration/async readiness with causal barriers and current-position status; missing-import wait success adds a failure control only.; I048: Expose worker-reported complete loaded OLean/options/plugin/source identity for a real project; setup-file paths, hashes, option diagnostic and initializer marker do not form an attestation API.",anneal-3730-lean-launch-refresh-matrix-v4-30-0-rc2,anneal-3730-lean-transitive-import-rpc-matrix-2026-09-29,anneal-3730-lean-transitive-import-rpc-matrix-2026-09-29/support/probe.py;anneal-3730-lean-transitive-import-rpc-matrix-2026-09-29/support/transcript.json;anneal-3730-lean-transitive-import-rpc-matrix-2026-09-29/support/summary.json,anneal-3730-lean-server-soak-context-rpc-2026-09-29,anneal-3730-lean-server-soak-context-rpc-2026-09-29/REPORT.md;anneal-3730-lean-server-soak-context-rpc-2026-09-29/support/transcript.json;anneal-3730-lean-server-soak-context-rpc-2026-09-29/support/work/A/Proof.lean;anneal-3730-lean-server-soak-context-rpc-2026-09-29/support/work/B/Proof.lean;anneal-3730-lean-server-soak-context-rpc-2026-09-29/support/probe.py;anneal-3730-lean-server-soak-context-rpc-2026-09-29/support/check.py,anneal-3730-lean-multiminute-restart-resource-soak-2026-09-29,anneal-3730-lean-multiminute-restart-resource-soak-2026-09-29/REPORT.md;anneal-3730-lean-multiminute-restart-resource-soak-2026-09-29/support/transcript.json;anneal-3730-lean-multiminute-restart-resource-soak-2026-09-29/support/pilot-id-collision.json;anneal-3730-lean-multiminute-restart-resource-soak-2026-09-29/support/work/A/Proof0.lean;anneal-3730-lean-multiminute-restart-resource-soak-2026-09-29/support/probe.py;anneal-3730-lean-multiminute-restart-resource-soak-2026-09-29/support/check.py,,,,,,
C13,Partial-file elaboration,I046,complete,complete,anneal-3730-partial-elaboration-queries-v4-30-0-rc2,Mapped destination evidence is scoped by its report; this suggestion is not inferred complete from a partial destination.,"I046: No residual for the requested direct Lean partial-file fixture at this pin: all four named error classes, before/after goals, diagnostics and failing batch status were observed. Product integration is separately tracked in I129/I137.",anneal-3730-lean-launch-refresh-matrix-v4-30-0-rc2,anneal-3730-lean-transitive-import-rpc-matrix-2026-09-29,anneal-3730-lean-transitive-import-rpc-matrix-2026-09-29/support/probe.py;anneal-3730-lean-transitive-import-rpc-matrix-2026-09-29/support/transcript.json;anneal-3730-lean-transitive-import-rpc-matrix-2026-09-29/support/summary.json,anneal-3730-lean-server-soak-context-rpc-2026-09-29,anneal-3730-lean-server-soak-context-rpc-2026-09-29/REPORT.md;anneal-3730-lean-server-soak-context-rpc-2026-09-29/support/transcript.json;anneal-3730-lean-server-soak-context-rpc-2026-09-29/support/work/A/Proof.lean;anneal-3730-lean-server-soak-context-rpc-2026-09-29/support/work/B/Proof.lean;anneal-3730-lean-server-soak-context-rpc-2026-09-29/support/probe.py;anneal-3730-lean-server-soak-context-rpc-2026-09-29/support/check.py,,,,,,,,
C14,Diagnostics/goal disagreement,I058;I129,partial,partial;partial,anneal-3730-multiclient-editor-contract-2026-09-29;anneal-3730-acceptance-oracle-matrix-2026-09-29;anneal-3730-partial-elaboration-queries-v4-30-0-rc2,Mapped destination evidence is scoped by its report; this suggestion is not inferred complete from a partial destination.,I058: Push/pull diagnostic multiplexing with rustc/Charon/Aeneas/Lean origins and stale clearing across rename.; I129: Implement Anneal machine status with authenticated source/model/obligation identities and interrupted verification states; R12 manual weaker/missing/sorry/stale/import controls show Lean exit 0 is insufficient.,,anneal-3730-rust-charon-aeneas-lean-golden-vertical-2026-09-29,anneal-3730-rust-charon-aeneas-lean-golden-vertical-2026-09-29/support/probe.py;anneal-3730-rust-charon-aeneas-lean-golden-vertical-2026-09-29/support/results.json;anneal-3730-rust-charon-aeneas-lean-golden-vertical-2026-09-29/support/work/base-cold/current.llbc;anneal-3730-rust-charon-aeneas-lean-golden-vertical-2026-09-29/support/work/mutated-clean/current.llbc,anneal-3730-cross-layer-comparator-mutants-2026-09-29,anneal-3730-cross-layer-comparator-mutants-2026-09-29/REPORT.md;anneal-3730-cross-layer-comparator-mutants-2026-09-29/support/results.json;anneal-3730-cross-layer-comparator-mutants-2026-09-29/support/comparison-manifest.json;anneal-3730-cross-layer-comparator-mutants-2026-09-29/support/probe.py;anneal-3730-cross-layer-comparator-mutants-2026-09-29/support/check.py,,,,,,,,
C15,Crash recovery of unsaved text,I016;I110,partial,partial;partial,anneal-3730-charon-scaling-subject-closure-2026-09-29;anneal-3730-generation-recovery-2026-09-29,Mapped destination evidence is scoped by its report; this suggestion is not inferred complete from a partial destination.,"I016: Reconstruct a real Anneal workspace after restart from disk plus unsaved reconnecting editor buffers; the finite model has no process state.; I110: Forced actual Lean worker/watchdog, Anneal and build-process kills with reconstruction from authoritative source/imports; new OS kills target a synthetic publisher.",anneal-3730-identity-state-mutation-model-2026-09-29,,,,,,,,,,,,
D01,Saved Rust versus overlays,I073;I074,not-run,partial;partial,anneal-3730-charon-scaling-subject-closure-2026-09-29,No saved-versus-unsaved Rust overlay comparison was executed.,"I073: Compare actual unsaved Rust editor overlay extraction against saved source on identical bytes; R20 used private saved Rust and selected CLI barriers, no overlay API.; I074: Build and verify a faithful shadow workspace for unsaved edits including arbitrary build-script/proc-macro/env/path closure; R20 direct rustc/Charon cancellation fixture is narrower.",anneal-3730-charon-concurrency-interruption-2026-09-29;anneal-3730-charon-warm-target-controls-2026-09-29,anneal-3730-charon-subject-output-phase-matrix-2026-09-29,anneal-3730-charon-subject-output-phase-matrix-2026-09-29/support/probe.py;anneal-3730-charon-subject-output-phase-matrix-2026-09-29/support/raw-results.json;anneal-3730-charon-subject-output-phase-matrix-2026-09-29/support/manifests/test-repeat-1.json;anneal-3730-charon-subject-output-phase-matrix-2026-09-29/support/manifests/test-repeat-2.json;anneal-3730-charon-subject-output-phase-matrix-2026-09-29/support/artifacts/quota-partial.llbc,anneal-3730-charon-build-closure-control-2026-09-29,anneal-3730-charon-build-closure-control-2026-09-29/REPORT.md;anneal-3730-charon-build-closure-control-2026-09-29/support/raw-results.json;anneal-3730-charon-build-closure-control-2026-09-29/support/artifacts/baseline.llbc;anneal-3730-charon-build-closure-control-2026-09-29/support/artifacts/bin-unit.llbc;anneal-3730-charon-build-closure-control-2026-09-29/support/probe.py;anneal-3730-charon-build-closure-control-2026-09-29/support/verify.py,anneal-3730-cross-tool-stage-cancellation-cleanup-2026-09-29,anneal-3730-cross-tool-stage-cancellation-cleanup-2026-09-29/REPORT.md;anneal-3730-cross-tool-stage-cancellation-cleanup-2026-09-29/support/results.json;anneal-3730-cross-tool-stage-cancellation-cleanup-2026-09-29/support/fence-results.json;anneal-3730-cross-tool-stage-cancellation-cleanup-2026-09-29/support/artifacts/charon-app.llbc;anneal-3730-cross-tool-stage-cancellation-cleanup-2026-09-29/support/artifacts/lake-Probe.olean;anneal-3730-cross-tool-stage-cancellation-cleanup-2026-09-29/support/probe.py;anneal-3730-cross-tool-stage-cancellation-cleanup-2026-09-29/support/fence_oracle.py;anneal-3730-cross-tool-stage-cancellation-cleanup-2026-09-29/support/verify.py,anneal-3730-cross-tool-active-cancellation-barriers-2026-09-29,anneal-3730-cross-tool-active-cancellation-barriers-2026-09-29/REPORT.md;anneal-3730-cross-tool-active-cancellation-barriers-2026-09-29/support/results.json;anneal-3730-cross-tool-active-cancellation-barriers-2026-09-29/support/work/charon/base.llbc;anneal-3730-cross-tool-active-cancellation-barriers-2026-09-29/support/work/charon/base.llbc.postcard;anneal-3730-cross-tool-active-cancellation-barriers-2026-09-29/support/work/aeneas-cancel/Types.lean;anneal-3730-cross-tool-active-cancellation-barriers-2026-09-29/support/work/lake/.lake/build/lib/lean/Cancel/A.olean;anneal-3730-cross-tool-active-cancellation-barriers-2026-09-29/support/probe.py;anneal-3730-cross-tool-active-cancellation-barriers-2026-09-29/support/check.py,,,,
D02,Overlay path sensitivity,I074,partial,partial,,A copied B workspace and shared warmed target produced a stale path-sensitive generated constant; a general unsaved overlay algorithm was not tested.,I074: Build and verify a faithful shadow workspace for unsaved edits including arbitrary build-script/proc-macro/env/path closure; R20 direct rustc/Charon cancellation fixture is narrower.,anneal-3730-charon-warm-target-controls-2026-09-29,anneal-3730-charon-subject-output-phase-matrix-2026-09-29,anneal-3730-charon-subject-output-phase-matrix-2026-09-29/support/probe.py;anneal-3730-charon-subject-output-phase-matrix-2026-09-29/support/raw-results.json;anneal-3730-charon-subject-output-phase-matrix-2026-09-29/support/manifests/test-repeat-1.json;anneal-3730-charon-subject-output-phase-matrix-2026-09-29/support/manifests/test-repeat-2.json;anneal-3730-charon-subject-output-phase-matrix-2026-09-29/support/artifacts/quota-partial.llbc,anneal-3730-charon-build-closure-control-2026-09-29,anneal-3730-charon-build-closure-control-2026-09-29/REPORT.md;anneal-3730-charon-build-closure-control-2026-09-29/support/raw-results.json;anneal-3730-charon-build-closure-control-2026-09-29/support/artifacts/baseline.llbc;anneal-3730-charon-build-closure-control-2026-09-29/support/artifacts/bin-unit.llbc;anneal-3730-charon-build-closure-control-2026-09-29/support/probe.py;anneal-3730-charon-build-closure-control-2026-09-29/support/verify.py,anneal-3730-cross-tool-stage-cancellation-cleanup-2026-09-29,anneal-3730-cross-tool-stage-cancellation-cleanup-2026-09-29/REPORT.md;anneal-3730-cross-tool-stage-cancellation-cleanup-2026-09-29/support/results.json;anneal-3730-cross-tool-stage-cancellation-cleanup-2026-09-29/support/fence-results.json;anneal-3730-cross-tool-stage-cancellation-cleanup-2026-09-29/support/artifacts/charon-app.llbc;anneal-3730-cross-tool-stage-cancellation-cleanup-2026-09-29/support/artifacts/lake-Probe.olean;anneal-3730-cross-tool-stage-cancellation-cleanup-2026-09-29/support/probe.py;anneal-3730-cross-tool-stage-cancellation-cleanup-2026-09-29/support/fence_oracle.py;anneal-3730-cross-tool-stage-cancellation-cleanup-2026-09-29/support/verify.py,anneal-3730-cross-tool-active-cancellation-barriers-2026-09-29,anneal-3730-cross-tool-active-cancellation-barriers-2026-09-29/REPORT.md;anneal-3730-cross-tool-active-cancellation-barriers-2026-09-29/support/results.json;anneal-3730-cross-tool-active-cancellation-barriers-2026-09-29/support/work/charon/base.llbc;anneal-3730-cross-tool-active-cancellation-barriers-2026-09-29/support/work/charon/base.llbc.postcard;anneal-3730-cross-tool-active-cancellation-barriers-2026-09-29/support/work/aeneas-cancel/Types.lean;anneal-3730-cross-tool-active-cancellation-barriers-2026-09-29/support/work/lake/.lake/build/lib/lean/Cancel/A.olean;anneal-3730-cross-tool-active-cancellation-barriers-2026-09-29/support/probe.py;anneal-3730-cross-tool-active-cancellation-barriers-2026-09-29/support/check.py,,,,
D03,Cargo reuse with materialized snapshots,I075;I080,partial,partial;partial,anneal-3730-charon-scaling-subject-closure-2026-09-29,Warm Cargo reported Fresh but selected charon cargo calls regenerated an absent or sentinel LLBC; other wrappers/targets remain.,"I075: Enforce complete Cargo/Charon requested unit identity across warm skips and lib/bin/test/host invocations; R20 used one direct rustc unit and private Charon outputs.; I080: R22 immediate process-group/lsof/flock snapshots cover selected private CLI barriers only. Measure shared targets, parallel process-tree peaks and sustained escaped descendants.",anneal-3730-charon-warm-target-controls-2026-09-29;anneal-3730-charon-concurrency-interruption-2026-09-29,anneal-3730-charon-subject-output-phase-matrix-2026-09-29,anneal-3730-charon-subject-output-phase-matrix-2026-09-29/support/probe.py;anneal-3730-charon-subject-output-phase-matrix-2026-09-29/support/raw-results.json;anneal-3730-charon-subject-output-phase-matrix-2026-09-29/support/manifests/test-repeat-1.json;anneal-3730-charon-subject-output-phase-matrix-2026-09-29/support/manifests/test-repeat-2.json;anneal-3730-charon-subject-output-phase-matrix-2026-09-29/support/artifacts/quota-partial.llbc,anneal-3730-charon-build-closure-control-2026-09-29,anneal-3730-charon-build-closure-control-2026-09-29/REPORT.md;anneal-3730-charon-build-closure-control-2026-09-29/support/raw-results.json;anneal-3730-charon-build-closure-control-2026-09-29/support/artifacts/baseline.llbc;anneal-3730-charon-build-closure-control-2026-09-29/support/artifacts/bin-unit.llbc;anneal-3730-charon-build-closure-control-2026-09-29/support/probe.py;anneal-3730-charon-build-closure-control-2026-09-29/support/verify.py,anneal-3730-cross-tool-stage-cancellation-cleanup-2026-09-29,anneal-3730-cross-tool-stage-cancellation-cleanup-2026-09-29/REPORT.md;anneal-3730-cross-tool-stage-cancellation-cleanup-2026-09-29/support/results.json;anneal-3730-cross-tool-stage-cancellation-cleanup-2026-09-29/support/fence-results.json;anneal-3730-cross-tool-stage-cancellation-cleanup-2026-09-29/support/artifacts/charon-app.llbc;anneal-3730-cross-tool-stage-cancellation-cleanup-2026-09-29/support/artifacts/lake-Probe.olean;anneal-3730-cross-tool-stage-cancellation-cleanup-2026-09-29/support/probe.py;anneal-3730-cross-tool-stage-cancellation-cleanup-2026-09-29/support/fence_oracle.py;anneal-3730-cross-tool-stage-cancellation-cleanup-2026-09-29/support/verify.py,anneal-3730-cross-tool-active-cancellation-barriers-2026-09-29,anneal-3730-cross-tool-active-cancellation-barriers-2026-09-29/REPORT.md;anneal-3730-cross-tool-active-cancellation-barriers-2026-09-29/support/results.json;anneal-3730-cross-tool-active-cancellation-barriers-2026-09-29/support/work/charon/base.llbc;anneal-3730-cross-tool-active-cancellation-barriers-2026-09-29/support/work/charon/base.llbc.postcard;anneal-3730-cross-tool-active-cancellation-barriers-2026-09-29/support/work/aeneas-cancel/Types.lean;anneal-3730-cross-tool-active-cancellation-barriers-2026-09-29/support/work/lake/.lake/build/lib/lean/Cancel/A.olean;anneal-3730-cross-tool-active-cancellation-barriers-2026-09-29/support/probe.py;anneal-3730-cross-tool-active-cancellation-barriers-2026-09-29/support/check.py,anneal-3730-cli-graceful-cancel-signals-2026-09-29,anneal-3730-cli-graceful-cancel-signals-2026-09-29/REPORT.md;anneal-3730-cli-graceful-cancel-signals-2026-09-29/support/results.json.gz;anneal-3730-cli-graceful-cancel-signals-2026-09-29/support/work/charon-graceful/input.llbc;anneal-3730-cli-graceful-cancel-signals-2026-09-29/support/work/aeneas-graceful/Types.lean;anneal-3730-cli-graceful-cancel-signals-2026-09-29/support/probe.py;anneal-3730-cli-graceful-cancel-signals-2026-09-29/support/check.py;anneal-3730-cli-graceful-cancel-signals-2026-09-29/support/ignore_int_supervisor.py,,
D04,Charon process lifetime,I077;I118,partial,partial;partial,anneal-3730-resource-economics-2026-09-29,Mapped destination evidence is scoped by its report; this suggestion is not inferred complete from a partial destination.,"I077: Test same-process Charon reset after error/cancel against fresh oracle; R20 killed and retried a separate process.; I118: Decompose complete Rust extraction, Aeneas, Lake, Lean and query latency under realistic edits; R16 measured direct warm Lean request medians only.",anneal-3730-charon-concurrency-interruption-2026-09-29;anneal-3730-charon-warm-target-controls-2026-09-29,anneal-3730-charon-subject-output-phase-matrix-2026-09-29;anneal-3730-resource-soak-contamination-2026-09-29,anneal-3730-charon-subject-output-phase-matrix-2026-09-29/support/probe.py;anneal-3730-charon-subject-output-phase-matrix-2026-09-29/support/raw-results.json;anneal-3730-charon-subject-output-phase-matrix-2026-09-29/support/manifests/test-repeat-1.json;anneal-3730-charon-subject-output-phase-matrix-2026-09-29/support/manifests/test-repeat-2.json;anneal-3730-charon-subject-output-phase-matrix-2026-09-29/support/artifacts/quota-partial.llbc;anneal-3730-resource-soak-contamination-2026-09-29/support/probe.py;anneal-3730-resource-soak-contamination-2026-09-29/support/check.py;anneal-3730-resource-soak-contamination-2026-09-29/transcript.json,anneal-3730-charon-build-closure-control-2026-09-29;anneal-3730-lean-server-soak-context-rpc-2026-09-29,anneal-3730-charon-build-closure-control-2026-09-29/REPORT.md;anneal-3730-charon-build-closure-control-2026-09-29/support/raw-results.json;anneal-3730-charon-build-closure-control-2026-09-29/support/artifacts/baseline.llbc;anneal-3730-charon-build-closure-control-2026-09-29/support/artifacts/bin-unit.llbc;anneal-3730-charon-build-closure-control-2026-09-29/support/probe.py;anneal-3730-charon-build-closure-control-2026-09-29/support/verify.py;anneal-3730-lean-server-soak-context-rpc-2026-09-29/REPORT.md;anneal-3730-lean-server-soak-context-rpc-2026-09-29/support/transcript.json;anneal-3730-lean-server-soak-context-rpc-2026-09-29/support/work/A/Proof.lean;anneal-3730-lean-server-soak-context-rpc-2026-09-29/support/work/B/Proof.lean;anneal-3730-lean-server-soak-context-rpc-2026-09-29/support/probe.py;anneal-3730-lean-server-soak-context-rpc-2026-09-29/support/check.py,anneal-3730-cross-tool-stage-cancellation-cleanup-2026-09-29;anneal-3730-lean-multiminute-restart-resource-soak-2026-09-29,anneal-3730-cross-tool-stage-cancellation-cleanup-2026-09-29/REPORT.md;anneal-3730-cross-tool-stage-cancellation-cleanup-2026-09-29/support/results.json;anneal-3730-cross-tool-stage-cancellation-cleanup-2026-09-29/support/fence-results.json;anneal-3730-cross-tool-stage-cancellation-cleanup-2026-09-29/support/artifacts/charon-app.llbc;anneal-3730-cross-tool-stage-cancellation-cleanup-2026-09-29/support/artifacts/lake-Probe.olean;anneal-3730-cross-tool-stage-cancellation-cleanup-2026-09-29/support/probe.py;anneal-3730-cross-tool-stage-cancellation-cleanup-2026-09-29/support/fence_oracle.py;anneal-3730-cross-tool-stage-cancellation-cleanup-2026-09-29/support/verify.py;anneal-3730-lean-multiminute-restart-resource-soak-2026-09-29/REPORT.md;anneal-3730-lean-multiminute-restart-resource-soak-2026-09-29/support/transcript.json;anneal-3730-lean-multiminute-restart-resource-soak-2026-09-29/support/pilot-id-collision.json;anneal-3730-lean-multiminute-restart-resource-soak-2026-09-29/support/work/A/Proof0.lean;anneal-3730-lean-multiminute-restart-resource-soak-2026-09-29/support/probe.py;anneal-3730-lean-multiminute-restart-resource-soak-2026-09-29/support/check.py,anneal-3730-cross-tool-active-cancellation-barriers-2026-09-29,anneal-3730-cross-tool-active-cancellation-barriers-2026-09-29/REPORT.md;anneal-3730-cross-tool-active-cancellation-barriers-2026-09-29/support/results.json;anneal-3730-cross-tool-active-cancellation-barriers-2026-09-29/support/work/charon/base.llbc;anneal-3730-cross-tool-active-cancellation-barriers-2026-09-29/support/work/charon/base.llbc.postcard;anneal-3730-cross-tool-active-cancellation-barriers-2026-09-29/support/work/aeneas-cancel/Types.lean;anneal-3730-cross-tool-active-cancellation-barriers-2026-09-29/support/work/lake/.lake/build/lib/lean/Cancel/A.olean;anneal-3730-cross-tool-active-cancellation-barriers-2026-09-29/support/probe.py;anneal-3730-cross-tool-active-cancellation-barriers-2026-09-29/support/check.py,,,,
D05,Charon concurrent determinism,I079;I148,partial,partial;partial,anneal-3730-charon-scaling-subject-closure-2026-09-29;anneal-3730-aeneas-identity-manifest-2026-09-29,Pinned Charon private concurrent lib/feature runs and repeated test-unit destination collisions add direct process evidence; general semantic determinism and unit arbitration remain open.,"I079: Calibrate semantic LLBC equivalence, normalization and source metadata over broader revisions/flags/annotations; R20 retained one parseable/incomplete output-set witness only.; I148: Calibrate semantic equivalence and downstream incremental cost across Charon/Aeneas revisions, flags and larger crates; R09/R12 expose textual instability with selected proof oracles at one pin.",anneal-3730-charon-concurrency-interruption-2026-09-29;anneal-3730-charon-warm-target-controls-2026-09-29,anneal-3730-charon-subject-output-phase-matrix-2026-09-29;anneal-3730-aeneas-manifest-batch-oracle-2026-09-29,anneal-3730-charon-subject-output-phase-matrix-2026-09-29/support/probe.py;anneal-3730-charon-subject-output-phase-matrix-2026-09-29/support/raw-results.json;anneal-3730-charon-subject-output-phase-matrix-2026-09-29/support/manifests/test-repeat-1.json;anneal-3730-charon-subject-output-phase-matrix-2026-09-29/support/manifests/test-repeat-2.json;anneal-3730-charon-subject-output-phase-matrix-2026-09-29/support/artifacts/quota-partial.llbc;anneal-3730-aeneas-manifest-batch-oracle-2026-09-29/support/probe.py;anneal-3730-aeneas-manifest-batch-oracle-2026-09-29/support/results.json;anneal-3730-aeneas-manifest-batch-oracle-2026-09-29/support/declaration-manifest.json,anneal-3730-charon-build-closure-control-2026-09-29;anneal-3730-aeneas-trait-output-shrink-matrix-2026-09-29;anneal-3730-cross-layer-comparator-mutants-2026-09-29,anneal-3730-charon-build-closure-control-2026-09-29/REPORT.md;anneal-3730-charon-build-closure-control-2026-09-29/support/raw-results.json;anneal-3730-charon-build-closure-control-2026-09-29/support/artifacts/baseline.llbc;anneal-3730-charon-build-closure-control-2026-09-29/support/artifacts/bin-unit.llbc;anneal-3730-charon-build-closure-control-2026-09-29/support/probe.py;anneal-3730-charon-build-closure-control-2026-09-29/support/verify.py;anneal-3730-aeneas-trait-output-shrink-matrix-2026-09-29/REPORT.md;anneal-3730-aeneas-trait-output-shrink-matrix-2026-09-29/support/raw-results.json;anneal-3730-aeneas-trait-output-shrink-matrix-2026-09-29/support/inputs/base/trait_probe.rs;anneal-3730-aeneas-trait-output-shrink-matrix-2026-09-29/support/outputs/base/Funs.lean;anneal-3730-aeneas-trait-output-shrink-matrix-2026-09-29/support/outputs/error/Funs.lean;anneal-3730-aeneas-trait-output-shrink-matrix-2026-09-29/support/probe.py;anneal-3730-aeneas-trait-output-shrink-matrix-2026-09-29/support/check.py;anneal-3730-cross-layer-comparator-mutants-2026-09-29/REPORT.md;anneal-3730-cross-layer-comparator-mutants-2026-09-29/support/results.json;anneal-3730-cross-layer-comparator-mutants-2026-09-29/support/comparison-manifest.json;anneal-3730-cross-layer-comparator-mutants-2026-09-29/support/probe.py;anneal-3730-cross-layer-comparator-mutants-2026-09-29/support/check.py,anneal-3730-cross-tool-stage-cancellation-cleanup-2026-09-29,anneal-3730-cross-tool-stage-cancellation-cleanup-2026-09-29/REPORT.md;anneal-3730-cross-tool-stage-cancellation-cleanup-2026-09-29/support/results.json;anneal-3730-cross-tool-stage-cancellation-cleanup-2026-09-29/support/fence-results.json;anneal-3730-cross-tool-stage-cancellation-cleanup-2026-09-29/support/artifacts/charon-app.llbc;anneal-3730-cross-tool-stage-cancellation-cleanup-2026-09-29/support/artifacts/lake-Probe.olean;anneal-3730-cross-tool-stage-cancellation-cleanup-2026-09-29/support/probe.py;anneal-3730-cross-tool-stage-cancellation-cleanup-2026-09-29/support/fence_oracle.py;anneal-3730-cross-tool-stage-cancellation-cleanup-2026-09-29/support/verify.py,anneal-3730-cross-tool-active-cancellation-barriers-2026-09-29,anneal-3730-cross-tool-active-cancellation-barriers-2026-09-29/REPORT.md;anneal-3730-cross-tool-active-cancellation-barriers-2026-09-29/support/results.json;anneal-3730-cross-tool-active-cancellation-barriers-2026-09-29/support/work/charon/base.llbc;anneal-3730-cross-tool-active-cancellation-barriers-2026-09-29/support/work/charon/base.llbc.postcard;anneal-3730-cross-tool-active-cancellation-barriers-2026-09-29/support/work/aeneas-cancel/Types.lean;anneal-3730-cross-tool-active-cancellation-barriers-2026-09-29/support/work/lake/.lake/build/lib/lean/Cancel/A.olean;anneal-3730-cross-tool-active-cancellation-barriers-2026-09-29/support/probe.py;anneal-3730-cross-tool-active-cancellation-barriers-2026-09-29/support/check.py,,,,
D06,Charon cancellation cleanup,I078;I080;I105,partial,partial;partial;partial,anneal-3730-charon-scaling-subject-closure-2026-09-29;anneal-3730-generation-recovery-2026-09-29,"The prior FIFO stop is supplemented by a real regular-file 4 KiB partial LLBC under file-size failure, independent last-good copy and retry; all kill stages and product fencing remain open.","I078: R22 same-directory retry completed selected partial JSON/Postcard cases after graceful and kill signals, but only the FIFO was removed. Implement request-private schema-validated transactional publication for complete Charon output with last-good preservation.; I080: R22 immediate process-group/lsof/flock snapshots cover selected private CLI barriers only. Measure shared targets, parallel process-tree peaks and sustained escaped descendants.; I105: R22 covered selected CLI phases, immediate process-group snapshots and same-directory retries. Cancel all Cargo/setup/publication phases with graceful escalation, lock/pipe inventory, sustained escaped-descendant monitoring and repeated Anneal recovery.",anneal-3730-charon-concurrency-interruption-2026-09-29;anneal-3730-charon-warm-target-controls-2026-09-29,anneal-3730-charon-subject-output-phase-matrix-2026-09-29,anneal-3730-charon-subject-output-phase-matrix-2026-09-29/support/probe.py;anneal-3730-charon-subject-output-phase-matrix-2026-09-29/support/raw-results.json;anneal-3730-charon-subject-output-phase-matrix-2026-09-29/support/manifests/test-repeat-1.json;anneal-3730-charon-subject-output-phase-matrix-2026-09-29/support/manifests/test-repeat-2.json;anneal-3730-charon-subject-output-phase-matrix-2026-09-29/support/artifacts/quota-partial.llbc,anneal-3730-charon-build-closure-control-2026-09-29,anneal-3730-charon-build-closure-control-2026-09-29/REPORT.md;anneal-3730-charon-build-closure-control-2026-09-29/support/raw-results.json;anneal-3730-charon-build-closure-control-2026-09-29/support/artifacts/baseline.llbc;anneal-3730-charon-build-closure-control-2026-09-29/support/artifacts/bin-unit.llbc;anneal-3730-charon-build-closure-control-2026-09-29/support/probe.py;anneal-3730-charon-build-closure-control-2026-09-29/support/verify.py,anneal-3730-cross-tool-stage-cancellation-cleanup-2026-09-29,anneal-3730-cross-tool-stage-cancellation-cleanup-2026-09-29/REPORT.md;anneal-3730-cross-tool-stage-cancellation-cleanup-2026-09-29/support/results.json;anneal-3730-cross-tool-stage-cancellation-cleanup-2026-09-29/support/fence-results.json;anneal-3730-cross-tool-stage-cancellation-cleanup-2026-09-29/support/artifacts/charon-app.llbc;anneal-3730-cross-tool-stage-cancellation-cleanup-2026-09-29/support/artifacts/lake-Probe.olean;anneal-3730-cross-tool-stage-cancellation-cleanup-2026-09-29/support/probe.py;anneal-3730-cross-tool-stage-cancellation-cleanup-2026-09-29/support/fence_oracle.py;anneal-3730-cross-tool-stage-cancellation-cleanup-2026-09-29/support/verify.py,anneal-3730-cross-tool-active-cancellation-barriers-2026-09-29,anneal-3730-cross-tool-active-cancellation-barriers-2026-09-29/REPORT.md;anneal-3730-cross-tool-active-cancellation-barriers-2026-09-29/support/results.json;anneal-3730-cross-tool-active-cancellation-barriers-2026-09-29/support/work/charon/base.llbc;anneal-3730-cross-tool-active-cancellation-barriers-2026-09-29/support/work/charon/base.llbc.postcard;anneal-3730-cross-tool-active-cancellation-barriers-2026-09-29/support/work/aeneas-cancel/Types.lean;anneal-3730-cross-tool-active-cancellation-barriers-2026-09-29/support/work/lake/.lake/build/lib/lean/Cancel/A.olean;anneal-3730-cross-tool-active-cancellation-barriers-2026-09-29/support/probe.py;anneal-3730-cross-tool-active-cancellation-barriers-2026-09-29/support/check.py,anneal-3730-cli-graceful-cancel-signals-2026-09-29,anneal-3730-cli-graceful-cancel-signals-2026-09-29/REPORT.md;anneal-3730-cli-graceful-cancel-signals-2026-09-29/support/results.json.gz;anneal-3730-cli-graceful-cancel-signals-2026-09-29/support/work/charon-graceful/input.llbc;anneal-3730-cli-graceful-cancel-signals-2026-09-29/support/work/aeneas-graceful/Types.lean;anneal-3730-cli-graceful-cancel-signals-2026-09-29/support/probe.py;anneal-3730-cli-graceful-cancel-signals-2026-09-29/support/check.py;anneal-3730-cli-graceful-cancel-signals-2026-09-29/support/ignore_int_supervisor.py,,
D07,Compilation-subject invalidation matrix,I009;I020;I076,partial,partial;partial;partial,anneal-3730-charon-scaling-subject-closure-2026-09-29,A lib/bin/test/feature/host matrix found a successful --test request whose destination alternated between test and binary LLBC; a complete unit-key/invalidation policy remains unimplemented.,"I009: A complete compilation/verification input tuple with dependency, cfg, target, build-script, environment, model, and tool perturbations.; I020: Select and label a complete compilation subject for the same source across lib/test/bin/features/targets, then test wrong-subject model/proof rejection; this fixture covered default/feature/test only.; I076: Define and enforce complete package/target/triple/profile/feature/host-role unit key and per-unit output selection; R20 selected one direct unit only.",anneal-3730-annotation-subject-boundary-matrix-2026-09-29;anneal-3730-identity-state-mutation-model-2026-09-29;anneal-3730-charon-concurrency-interruption-2026-09-29;anneal-3730-charon-warm-target-controls-2026-09-29,anneal-3730-charon-subject-output-phase-matrix-2026-09-29,anneal-3730-charon-subject-output-phase-matrix-2026-09-29/support/probe.py;anneal-3730-charon-subject-output-phase-matrix-2026-09-29/support/raw-results.json;anneal-3730-charon-subject-output-phase-matrix-2026-09-29/support/manifests/test-repeat-1.json;anneal-3730-charon-subject-output-phase-matrix-2026-09-29/support/manifests/test-repeat-2.json;anneal-3730-charon-subject-output-phase-matrix-2026-09-29/support/artifacts/quota-partial.llbc,anneal-3730-charon-build-closure-control-2026-09-29,anneal-3730-charon-build-closure-control-2026-09-29/REPORT.md;anneal-3730-charon-build-closure-control-2026-09-29/support/raw-results.json;anneal-3730-charon-build-closure-control-2026-09-29/support/artifacts/baseline.llbc;anneal-3730-charon-build-closure-control-2026-09-29/support/artifacts/bin-unit.llbc;anneal-3730-charon-build-closure-control-2026-09-29/support/probe.py;anneal-3730-charon-build-closure-control-2026-09-29/support/verify.py,anneal-3730-cross-tool-stage-cancellation-cleanup-2026-09-29,anneal-3730-cross-tool-stage-cancellation-cleanup-2026-09-29/REPORT.md;anneal-3730-cross-tool-stage-cancellation-cleanup-2026-09-29/support/results.json;anneal-3730-cross-tool-stage-cancellation-cleanup-2026-09-29/support/fence-results.json;anneal-3730-cross-tool-stage-cancellation-cleanup-2026-09-29/support/artifacts/charon-app.llbc;anneal-3730-cross-tool-stage-cancellation-cleanup-2026-09-29/support/artifacts/lake-Probe.olean;anneal-3730-cross-tool-stage-cancellation-cleanup-2026-09-29/support/probe.py;anneal-3730-cross-tool-stage-cancellation-cleanup-2026-09-29/support/fence_oracle.py;anneal-3730-cross-tool-stage-cancellation-cleanup-2026-09-29/support/verify.py,anneal-3730-cross-tool-active-cancellation-barriers-2026-09-29,anneal-3730-cross-tool-active-cancellation-barriers-2026-09-29/REPORT.md;anneal-3730-cross-tool-active-cancellation-barriers-2026-09-29/support/results.json;anneal-3730-cross-tool-active-cancellation-barriers-2026-09-29/support/work/charon/base.llbc;anneal-3730-cross-tool-active-cancellation-barriers-2026-09-29/support/work/charon/base.llbc.postcard;anneal-3730-cross-tool-active-cancellation-barriers-2026-09-29/support/work/aeneas-cancel/Types.lean;anneal-3730-cross-tool-active-cancellation-barriers-2026-09-29/support/work/lake/.lake/build/lib/lean/Cancel/A.olean;anneal-3730-cross-tool-active-cancellation-barriers-2026-09-29/support/probe.py;anneal-3730-cross-tool-active-cancellation-barriers-2026-09-29/support/check.py,,,,
D08,Annotation-only upstream bypass,I018,partial,partial,,Mapped destination evidence is scoped by its report; this suggestion is not inferred complete from a partial destination.,I018: Build a real proof-only classifier and challenge its Cargo closure; the comment-read include/build-script counterexample defeats a broad text-only skip but does not classify all edits.,anneal-3730-annotation-subject-boundary-matrix-2026-09-29;anneal-3730-identity-state-mutation-model-2026-09-29,,,,,,,,,,,,
D09,Compilation-affecting annotations,I018;I019,partial,partial;partial,,Mapped destination evidence is scoped by its report; this suggestion is not inferred complete from a partial destination.,"I018: Build a real proof-only classifier and challenge its Cargo closure; the comment-read include/build-script counterexample defeats a broad text-only skip but does not classify all edits.; I019: Attach actual Anneal annotations to compiler items across cfg, aliases, trait defaults, locals and generated items; the line-marker ambiguity and Charon spans are not an attachment implementation.",anneal-3730-annotation-subject-boundary-matrix-2026-09-29;anneal-3730-identity-state-mutation-model-2026-09-29,,,,,,,,,,,,
D10,Stable item correspondence across edits,I019;I021;I149,partial,partial;partial;partial,anneal-3730-aeneas-identity-manifest-2026-09-29,Mapped destination evidence is scoped by its report; this suggestion is not inferred complete from a partial destination.,"I019: Attach actual Anneal annotations to compiler items across cfg, aliases, trait defaults, locals and generated items; the line-marker ambiguity and Charon spans are not an attachment implementation.; I021: Maintain real annotation identity across move, duplicate, split, reorder and delete while queries are pending; the marker locator and finite alias model give selected counterexamples.; I149: Produce authenticated Rust→Charon→Aeneas→Lean→obligation one-to-many links used for navigation and editing; R09 lexical ranges and R12 manual manifest remain unauthenticated.",anneal-3730-annotation-subject-boundary-matrix-2026-09-29;anneal-3730-identity-state-mutation-model-2026-09-29,anneal-3730-aeneas-manifest-batch-oracle-2026-09-29,anneal-3730-aeneas-manifest-batch-oracle-2026-09-29/support/probe.py;anneal-3730-aeneas-manifest-batch-oracle-2026-09-29/support/results.json;anneal-3730-aeneas-manifest-batch-oracle-2026-09-29/support/declaration-manifest.json,anneal-3730-aeneas-trait-output-shrink-matrix-2026-09-29;anneal-3730-cross-layer-comparator-mutants-2026-09-29,anneal-3730-aeneas-trait-output-shrink-matrix-2026-09-29/REPORT.md;anneal-3730-aeneas-trait-output-shrink-matrix-2026-09-29/support/raw-results.json;anneal-3730-aeneas-trait-output-shrink-matrix-2026-09-29/support/inputs/base/trait_probe.rs;anneal-3730-aeneas-trait-output-shrink-matrix-2026-09-29/support/outputs/base/Funs.lean;anneal-3730-aeneas-trait-output-shrink-matrix-2026-09-29/support/outputs/error/Funs.lean;anneal-3730-aeneas-trait-output-shrink-matrix-2026-09-29/support/probe.py;anneal-3730-aeneas-trait-output-shrink-matrix-2026-09-29/support/check.py;anneal-3730-cross-layer-comparator-mutants-2026-09-29/REPORT.md;anneal-3730-cross-layer-comparator-mutants-2026-09-29/support/results.json;anneal-3730-cross-layer-comparator-mutants-2026-09-29/support/comparison-manifest.json;anneal-3730-cross-layer-comparator-mutants-2026-09-29/support/probe.py;anneal-3730-cross-layer-comparator-mutants-2026-09-29/support/check.py,,,,,,,,
E01,Warm Aeneas without semantic reuse,I081;I118,conditional,conditional;partial,anneal-3730-resource-economics-2026-09-29,Same-process Aeneas reuse requires the OCaml/Dune/opam dependency decision; one-shot CLI runs do not answer it.,"I081: OCaml/Dune/opam toolchain not installed; same-process Aeneas needs user-approved non-local dependency scope.; I118: Decompose complete Rust extraction, Aeneas, Lake, Lean and query latency under realistic edits; R16 measured direct warm Lean request medians only.",,anneal-3730-resource-soak-contamination-2026-09-29,anneal-3730-resource-soak-contamination-2026-09-29/support/probe.py;anneal-3730-resource-soak-contamination-2026-09-29/support/check.py;anneal-3730-resource-soak-contamination-2026-09-29/transcript.json,anneal-3730-lean-server-soak-context-rpc-2026-09-29,anneal-3730-lean-server-soak-context-rpc-2026-09-29/REPORT.md;anneal-3730-lean-server-soak-context-rpc-2026-09-29/support/transcript.json;anneal-3730-lean-server-soak-context-rpc-2026-09-29/support/work/A/Proof.lean;anneal-3730-lean-server-soak-context-rpc-2026-09-29/support/work/B/Proof.lean;anneal-3730-lean-server-soak-context-rpc-2026-09-29/support/probe.py;anneal-3730-lean-server-soak-context-rpc-2026-09-29/support/check.py,anneal-3730-lean-multiminute-restart-resource-soak-2026-09-29,anneal-3730-lean-multiminute-restart-resource-soak-2026-09-29/REPORT.md;anneal-3730-lean-multiminute-restart-resource-soak-2026-09-29/support/transcript.json;anneal-3730-lean-multiminute-restart-resource-soak-2026-09-29/support/pilot-id-collision.json;anneal-3730-lean-multiminute-restart-resource-soak-2026-09-29/support/work/A/Proof0.lean;anneal-3730-lean-multiminute-restart-resource-soak-2026-09-29/support/probe.py;anneal-3730-lean-multiminute-restart-resource-soak-2026-09-29/support/check.py,,,,,,
E02,Global-state reset audit,I081;I088,conditional,conditional;partial,anneal-3730-aeneas-identity-manifest-2026-09-29,Aeneas global-state reset in one process requires the OCaml/Dune/opam dependency decision.,I081: OCaml/Dune/opam toolchain not installed; same-process Aeneas needs user-approved non-local dependency scope.; I088: Test warning/crash/cancellation and repeated same-process translation error reset with structured cross-tool provenance; R09 one-shot unsupported-pointer exit 1 still emitted sorryAx-bearing Lean.,,anneal-3730-aeneas-manifest-batch-oracle-2026-09-29,anneal-3730-aeneas-manifest-batch-oracle-2026-09-29/support/probe.py;anneal-3730-aeneas-manifest-batch-oracle-2026-09-29/support/results.json;anneal-3730-aeneas-manifest-batch-oracle-2026-09-29/support/declaration-manifest.json,anneal-3730-aeneas-trait-output-shrink-matrix-2026-09-29,anneal-3730-aeneas-trait-output-shrink-matrix-2026-09-29/REPORT.md;anneal-3730-aeneas-trait-output-shrink-matrix-2026-09-29/support/raw-results.json;anneal-3730-aeneas-trait-output-shrink-matrix-2026-09-29/support/inputs/base/trait_probe.rs;anneal-3730-aeneas-trait-output-shrink-matrix-2026-09-29/support/outputs/base/Funs.lean;anneal-3730-aeneas-trait-output-shrink-matrix-2026-09-29/support/outputs/error/Funs.lean;anneal-3730-aeneas-trait-output-shrink-matrix-2026-09-29/support/probe.py;anneal-3730-aeneas-trait-output-shrink-matrix-2026-09-29/support/check.py,,,,,,,,
E03,In-process concurrent Aeneas requests,I081,conditional,conditional,,Concurrent in-process Aeneas calls require the OCaml/Dune/opam dependency decision.,I081: OCaml/Dune/opam toolchain not installed; same-process Aeneas needs user-approved non-local dependency scope.,,,,,,,,,,,,,
E04,Transactional generated-tree replacement,I051;I052;I085,partial,partial;partial;partial,anneal-3730-generation-recovery-2026-09-29;anneal-3730-aeneas-identity-manifest-2026-09-29,Mapped destination evidence is scoped by its report; this suggestion is not inferred complete from a partial destination.,"I051: Repeat multi-file staged publication with actual generated Lean/LLBC/OLean artifact family, paused readers and crash recovery; new direct filesystem fixture is synthetic.; I052: Prepare final versus moved Lake/Anneal generations across manifests, traces, setup, native libraries and retained workers; the synthetic rename and small Lake relocation cover subsets.; I085: Implement ownership and atomic publication for all emitted files, including user-maintained external models; R09 observed clean shrink, stale reused template and failed partial output.",,anneal-3730-aeneas-manifest-batch-oracle-2026-09-29,anneal-3730-aeneas-manifest-batch-oracle-2026-09-29/support/probe.py;anneal-3730-aeneas-manifest-batch-oracle-2026-09-29/support/results.json;anneal-3730-aeneas-manifest-batch-oracle-2026-09-29/support/declaration-manifest.json,anneal-3730-aeneas-trait-output-shrink-matrix-2026-09-29,anneal-3730-aeneas-trait-output-shrink-matrix-2026-09-29/REPORT.md;anneal-3730-aeneas-trait-output-shrink-matrix-2026-09-29/support/raw-results.json;anneal-3730-aeneas-trait-output-shrink-matrix-2026-09-29/support/inputs/base/trait_probe.rs;anneal-3730-aeneas-trait-output-shrink-matrix-2026-09-29/support/outputs/base/Funs.lean;anneal-3730-aeneas-trait-output-shrink-matrix-2026-09-29/support/outputs/error/Funs.lean;anneal-3730-aeneas-trait-output-shrink-matrix-2026-09-29/support/probe.py;anneal-3730-aeneas-trait-output-shrink-matrix-2026-09-29/support/check.py,,,,,,,,
E05,Declaration deletion and rename,I055;I085,partial,partial;partial,anneal-3730-generation-recovery-2026-09-29;anneal-3730-aeneas-identity-manifest-2026-09-29,Mapped destination evidence is scoped by its report; this suggestion is not inferred complete from a partial destination.,"I055: Shrink and delete a selected real Aeneas/Lean output/obligation set with reused names and fresh verifier; synthetic tree and one-shot Aeneas clean oracle are narrower.; I085: Implement ownership and atomic publication for all emitted files, including user-maintained external models; R09 observed clean shrink, stale reused template and failed partial output.",,anneal-3730-aeneas-manifest-batch-oracle-2026-09-29,anneal-3730-aeneas-manifest-batch-oracle-2026-09-29/support/probe.py;anneal-3730-aeneas-manifest-batch-oracle-2026-09-29/support/results.json;anneal-3730-aeneas-manifest-batch-oracle-2026-09-29/support/declaration-manifest.json,anneal-3730-aeneas-trait-output-shrink-matrix-2026-09-29,anneal-3730-aeneas-trait-output-shrink-matrix-2026-09-29/REPORT.md;anneal-3730-aeneas-trait-output-shrink-matrix-2026-09-29/support/raw-results.json;anneal-3730-aeneas-trait-output-shrink-matrix-2026-09-29/support/inputs/base/trait_probe.rs;anneal-3730-aeneas-trait-output-shrink-matrix-2026-09-29/support/outputs/base/Funs.lean;anneal-3730-aeneas-trait-output-shrink-matrix-2026-09-29/support/outputs/error/Funs.lean;anneal-3730-aeneas-trait-output-shrink-matrix-2026-09-29/support/probe.py;anneal-3730-aeneas-trait-output-shrink-matrix-2026-09-29/support/check.py,,,,,,,,
E06,Generated-source determinism,I148,partial,partial,anneal-3730-aeneas-identity-manifest-2026-09-29,Mapped destination evidence is scoped by its report; this suggestion is not inferred complete from a partial destination.,"I148: Calibrate semantic equivalence and downstream incremental cost across Charon/Aeneas revisions, flags and larger crates; R09/R12 expose textual instability with selected proof oracles at one pin.",anneal-3730-charon-concurrency-interruption-2026-09-29,anneal-3730-aeneas-manifest-batch-oracle-2026-09-29;anneal-3730-charon-subject-output-phase-matrix-2026-09-29,anneal-3730-aeneas-manifest-batch-oracle-2026-09-29/support/probe.py;anneal-3730-aeneas-manifest-batch-oracle-2026-09-29/support/results.json;anneal-3730-aeneas-manifest-batch-oracle-2026-09-29/support/declaration-manifest.json;anneal-3730-charon-subject-output-phase-matrix-2026-09-29/support/probe.py;anneal-3730-charon-subject-output-phase-matrix-2026-09-29/support/raw-results.json;anneal-3730-charon-subject-output-phase-matrix-2026-09-29/support/manifests/test-repeat-1.json;anneal-3730-charon-subject-output-phase-matrix-2026-09-29/support/manifests/test-repeat-2.json;anneal-3730-charon-subject-output-phase-matrix-2026-09-29/support/artifacts/quota-partial.llbc,anneal-3730-aeneas-trait-output-shrink-matrix-2026-09-29;anneal-3730-cross-layer-comparator-mutants-2026-09-29,anneal-3730-aeneas-trait-output-shrink-matrix-2026-09-29/REPORT.md;anneal-3730-aeneas-trait-output-shrink-matrix-2026-09-29/support/raw-results.json;anneal-3730-aeneas-trait-output-shrink-matrix-2026-09-29/support/inputs/base/trait_probe.rs;anneal-3730-aeneas-trait-output-shrink-matrix-2026-09-29/support/outputs/base/Funs.lean;anneal-3730-aeneas-trait-output-shrink-matrix-2026-09-29/support/outputs/error/Funs.lean;anneal-3730-aeneas-trait-output-shrink-matrix-2026-09-29/support/probe.py;anneal-3730-aeneas-trait-output-shrink-matrix-2026-09-29/support/check.py;anneal-3730-cross-layer-comparator-mutants-2026-09-29/REPORT.md;anneal-3730-cross-layer-comparator-mutants-2026-09-29/support/results.json;anneal-3730-cross-layer-comparator-mutants-2026-09-29/support/comparison-manifest.json;anneal-3730-cross-layer-comparator-mutants-2026-09-29/support/probe.py;anneal-3730-cross-layer-comparator-mutants-2026-09-29/support/check.py,,,,,,,,
E07,Semantic sameness with textual instability,I079;I084;I132;I148,partial,partial;partial;partial;partial,anneal-3730-charon-scaling-subject-closure-2026-09-29;anneal-3730-aeneas-identity-manifest-2026-09-29;anneal-3730-acceptance-oracle-matrix-2026-09-29,Mapped destination evidence is scoped by its report; this suggestion is not inferred complete from a partial destination.,"I079: Calibrate semantic LLBC equivalence, normalization and source metadata over broader revisions/flags/annotations; R20 retained one parseable/incomplete output-set witness only.; I084: Calibrate generated-name and proof-context stability for broader moves, namespaces/signature changes; R09 showed unchanged caller proof under reorder despite changed bytes/ranges.; I132: Calibrate proposition, obligation, model, source, artifact and diagnostic comparators on broader cross-tool mutants; R12 rejects selected weak/missing/sorry/stale/import/model cases.; I148: Calibrate semantic equivalence and downstream incremental cost across Charon/Aeneas revisions, flags and larger crates; R09/R12 expose textual instability with selected proof oracles at one pin.",anneal-3730-charon-concurrency-interruption-2026-09-29;anneal-3730-charon-warm-target-controls-2026-09-29;anneal-3730-lean-cross-version-equivalence-v4-29-v4-30-rc2-2026-09-29,anneal-3730-charon-subject-output-phase-matrix-2026-09-29;anneal-3730-aeneas-manifest-batch-oracle-2026-09-29;anneal-3730-rust-charon-aeneas-lean-golden-vertical-2026-09-29,anneal-3730-charon-subject-output-phase-matrix-2026-09-29/support/probe.py;anneal-3730-charon-subject-output-phase-matrix-2026-09-29/support/raw-results.json;anneal-3730-charon-subject-output-phase-matrix-2026-09-29/support/manifests/test-repeat-1.json;anneal-3730-charon-subject-output-phase-matrix-2026-09-29/support/manifests/test-repeat-2.json;anneal-3730-charon-subject-output-phase-matrix-2026-09-29/support/artifacts/quota-partial.llbc;anneal-3730-aeneas-manifest-batch-oracle-2026-09-29/support/probe.py;anneal-3730-aeneas-manifest-batch-oracle-2026-09-29/support/results.json;anneal-3730-aeneas-manifest-batch-oracle-2026-09-29/support/declaration-manifest.json;anneal-3730-rust-charon-aeneas-lean-golden-vertical-2026-09-29/support/probe.py;anneal-3730-rust-charon-aeneas-lean-golden-vertical-2026-09-29/support/results.json;anneal-3730-rust-charon-aeneas-lean-golden-vertical-2026-09-29/support/work/base-cold/current.llbc;anneal-3730-rust-charon-aeneas-lean-golden-vertical-2026-09-29/support/work/mutated-clean/current.llbc,anneal-3730-charon-build-closure-control-2026-09-29;anneal-3730-aeneas-trait-output-shrink-matrix-2026-09-29;anneal-3730-cross-layer-comparator-mutants-2026-09-29,anneal-3730-charon-build-closure-control-2026-09-29/REPORT.md;anneal-3730-charon-build-closure-control-2026-09-29/support/raw-results.json;anneal-3730-charon-build-closure-control-2026-09-29/support/artifacts/baseline.llbc;anneal-3730-charon-build-closure-control-2026-09-29/support/artifacts/bin-unit.llbc;anneal-3730-charon-build-closure-control-2026-09-29/support/probe.py;anneal-3730-charon-build-closure-control-2026-09-29/support/verify.py;anneal-3730-aeneas-trait-output-shrink-matrix-2026-09-29/REPORT.md;anneal-3730-aeneas-trait-output-shrink-matrix-2026-09-29/support/raw-results.json;anneal-3730-aeneas-trait-output-shrink-matrix-2026-09-29/support/inputs/base/trait_probe.rs;anneal-3730-aeneas-trait-output-shrink-matrix-2026-09-29/support/outputs/base/Funs.lean;anneal-3730-aeneas-trait-output-shrink-matrix-2026-09-29/support/outputs/error/Funs.lean;anneal-3730-aeneas-trait-output-shrink-matrix-2026-09-29/support/probe.py;anneal-3730-aeneas-trait-output-shrink-matrix-2026-09-29/support/check.py;anneal-3730-cross-layer-comparator-mutants-2026-09-29/REPORT.md;anneal-3730-cross-layer-comparator-mutants-2026-09-29/support/results.json;anneal-3730-cross-layer-comparator-mutants-2026-09-29/support/comparison-manifest.json;anneal-3730-cross-layer-comparator-mutants-2026-09-29/support/probe.py;anneal-3730-cross-layer-comparator-mutants-2026-09-29/support/check.py,anneal-3730-cross-tool-stage-cancellation-cleanup-2026-09-29,anneal-3730-cross-tool-stage-cancellation-cleanup-2026-09-29/REPORT.md;anneal-3730-cross-tool-stage-cancellation-cleanup-2026-09-29/support/results.json;anneal-3730-cross-tool-stage-cancellation-cleanup-2026-09-29/support/fence-results.json;anneal-3730-cross-tool-stage-cancellation-cleanup-2026-09-29/support/artifacts/charon-app.llbc;anneal-3730-cross-tool-stage-cancellation-cleanup-2026-09-29/support/artifacts/lake-Probe.olean;anneal-3730-cross-tool-stage-cancellation-cleanup-2026-09-29/support/probe.py;anneal-3730-cross-tool-stage-cancellation-cleanup-2026-09-29/support/fence_oracle.py;anneal-3730-cross-tool-stage-cancellation-cleanup-2026-09-29/support/verify.py,anneal-3730-cross-tool-active-cancellation-barriers-2026-09-29,anneal-3730-cross-tool-active-cancellation-barriers-2026-09-29/REPORT.md;anneal-3730-cross-tool-active-cancellation-barriers-2026-09-29/support/results.json;anneal-3730-cross-tool-active-cancellation-barriers-2026-09-29/support/work/charon/base.llbc;anneal-3730-cross-tool-active-cancellation-barriers-2026-09-29/support/work/charon/base.llbc.postcard;anneal-3730-cross-tool-active-cancellation-barriers-2026-09-29/support/work/aeneas-cancel/Types.lean;anneal-3730-cross-tool-active-cancellation-barriers-2026-09-29/support/work/lake/.lake/build/lib/lean/Cancel/A.olean;anneal-3730-cross-tool-active-cancellation-barriers-2026-09-29/support/probe.py;anneal-3730-cross-tool-active-cancellation-barriers-2026-09-29/support/check.py,,,,
E08,Output-to-model manifest,I149,partial,partial,anneal-3730-aeneas-identity-manifest-2026-09-29,Mapped destination evidence is scoped by its report; this suggestion is not inferred complete from a partial destination.,I149: Produce authenticated Rust→Charon→Aeneas→Lean→obligation one-to-many links used for navigation and editing; R09 lexical ranges and R12 manual manifest remain unauthenticated.,,anneal-3730-aeneas-manifest-batch-oracle-2026-09-29,anneal-3730-aeneas-manifest-batch-oracle-2026-09-29/support/probe.py;anneal-3730-aeneas-manifest-batch-oracle-2026-09-29/support/results.json;anneal-3730-aeneas-manifest-batch-oracle-2026-09-29/support/declaration-manifest.json,anneal-3730-aeneas-trait-output-shrink-matrix-2026-09-29;anneal-3730-cross-layer-comparator-mutants-2026-09-29,anneal-3730-aeneas-trait-output-shrink-matrix-2026-09-29/REPORT.md;anneal-3730-aeneas-trait-output-shrink-matrix-2026-09-29/support/raw-results.json;anneal-3730-aeneas-trait-output-shrink-matrix-2026-09-29/support/inputs/base/trait_probe.rs;anneal-3730-aeneas-trait-output-shrink-matrix-2026-09-29/support/outputs/base/Funs.lean;anneal-3730-aeneas-trait-output-shrink-matrix-2026-09-29/support/outputs/error/Funs.lean;anneal-3730-aeneas-trait-output-shrink-matrix-2026-09-29/support/probe.py;anneal-3730-aeneas-trait-output-shrink-matrix-2026-09-29/support/check.py;anneal-3730-cross-layer-comparator-mutants-2026-09-29/REPORT.md;anneal-3730-cross-layer-comparator-mutants-2026-09-29/support/results.json;anneal-3730-cross-layer-comparator-mutants-2026-09-29/support/comparison-manifest.json;anneal-3730-cross-layer-comparator-mutants-2026-09-29/support/probe.py;anneal-3730-cross-layer-comparator-mutants-2026-09-29/support/check.py,,,,,,,,
E09,Generated versus external-model ownership,I024;I085,partial,partial;partial,anneal-3730-aeneas-identity-manifest-2026-09-29,Mapped destination evidence is scoped by its report; this suggestion is not inferred complete from a partial destination.,"I024: Preserve real unsaved authored proof text through Anneal regeneration, formatter, duplicate/move and external edit; comment-marker source preservation is an illustrative control.; I085: Implement ownership and atomic publication for all emitted files, including user-maintained external models; R09 observed clean shrink, stale reused template and failed partial output.",anneal-3730-annotation-subject-boundary-matrix-2026-09-29,anneal-3730-aeneas-manifest-batch-oracle-2026-09-29,anneal-3730-aeneas-manifest-batch-oracle-2026-09-29/support/probe.py;anneal-3730-aeneas-manifest-batch-oracle-2026-09-29/support/results.json;anneal-3730-aeneas-manifest-batch-oracle-2026-09-29/support/declaration-manifest.json,anneal-3730-aeneas-trait-output-shrink-matrix-2026-09-29,anneal-3730-aeneas-trait-output-shrink-matrix-2026-09-29/REPORT.md;anneal-3730-aeneas-trait-output-shrink-matrix-2026-09-29/support/raw-results.json;anneal-3730-aeneas-trait-output-shrink-matrix-2026-09-29/support/inputs/base/trait_probe.rs;anneal-3730-aeneas-trait-output-shrink-matrix-2026-09-29/support/outputs/base/Funs.lean;anneal-3730-aeneas-trait-output-shrink-matrix-2026-09-29/support/outputs/error/Funs.lean;anneal-3730-aeneas-trait-output-shrink-matrix-2026-09-29/support/probe.py;anneal-3730-aeneas-trait-output-shrink-matrix-2026-09-29/support/check.py,,,,,,,,
E10,External model changes without codegen changes,I050;I082;I147,not-run,partial;partial;partial,anneal-3730-aeneas-identity-manifest-2026-09-29,No compiled external-model registry mutation with unchanged Rust codegen was executed.,"I050: Widen the executed transitive Base→Mid option/macro/native-plugin matrix to typeclass/notation and realistic generated imports, ABI changes and actual Anneal server launch; one tiny graph is insufficient for general freshness.; I082: Change and version the compiled Aeneas external-model registry and normalization settings with a second compatible binary; R09 only changed a separately supplied Lean model.; I147: Check source/artifact clock and identity perturbations against old/new workers across compatible versions and actual producer generations; R12 adds source reorder and external model swap with fixed generated source.",anneal-3730-lake-plugin-artifact-identity-v4-30-0-rc2;anneal-3730-lean-launch-refresh-matrix-v4-30-0-rc2;anneal-3730-identity-state-mutation-model-2026-09-29;anneal-3730-lean-cross-version-equivalence-v4-29-v4-30-rc2-2026-09-29,anneal-3730-lean-transitive-import-rpc-matrix-2026-09-29;anneal-3730-aeneas-manifest-batch-oracle-2026-09-29,anneal-3730-lean-transitive-import-rpc-matrix-2026-09-29/support/probe.py;anneal-3730-lean-transitive-import-rpc-matrix-2026-09-29/support/transcript.json;anneal-3730-lean-transitive-import-rpc-matrix-2026-09-29/support/summary.json;anneal-3730-aeneas-manifest-batch-oracle-2026-09-29/support/probe.py;anneal-3730-aeneas-manifest-batch-oracle-2026-09-29/support/results.json;anneal-3730-aeneas-manifest-batch-oracle-2026-09-29/support/declaration-manifest.json,anneal-3730-lean-server-soak-context-rpc-2026-09-29;anneal-3730-aeneas-trait-output-shrink-matrix-2026-09-29;anneal-3730-cross-layer-comparator-mutants-2026-09-29,anneal-3730-lean-server-soak-context-rpc-2026-09-29/REPORT.md;anneal-3730-lean-server-soak-context-rpc-2026-09-29/support/transcript.json;anneal-3730-lean-server-soak-context-rpc-2026-09-29/support/work/A/Proof.lean;anneal-3730-lean-server-soak-context-rpc-2026-09-29/support/work/B/Proof.lean;anneal-3730-lean-server-soak-context-rpc-2026-09-29/support/probe.py;anneal-3730-lean-server-soak-context-rpc-2026-09-29/support/check.py;anneal-3730-aeneas-trait-output-shrink-matrix-2026-09-29/REPORT.md;anneal-3730-aeneas-trait-output-shrink-matrix-2026-09-29/support/raw-results.json;anneal-3730-aeneas-trait-output-shrink-matrix-2026-09-29/support/inputs/base/trait_probe.rs;anneal-3730-aeneas-trait-output-shrink-matrix-2026-09-29/support/outputs/base/Funs.lean;anneal-3730-aeneas-trait-output-shrink-matrix-2026-09-29/support/outputs/error/Funs.lean;anneal-3730-aeneas-trait-output-shrink-matrix-2026-09-29/support/probe.py;anneal-3730-aeneas-trait-output-shrink-matrix-2026-09-29/support/check.py;anneal-3730-cross-layer-comparator-mutants-2026-09-29/REPORT.md;anneal-3730-cross-layer-comparator-mutants-2026-09-29/support/results.json;anneal-3730-cross-layer-comparator-mutants-2026-09-29/support/comparison-manifest.json;anneal-3730-cross-layer-comparator-mutants-2026-09-29/support/probe.py;anneal-3730-cross-layer-comparator-mutants-2026-09-29/support/check.py,,,,,,,,
E11,Restricted finer-grained Aeneas prototype,I083,not-run,partial,anneal-3730-aeneas-identity-manifest-2026-09-29,"Whole-crate counterexamples were run, but no restricted finer-grained Aeneas cache prototype was built.",I083: Measure trait mutation and whole-crate versus fine-grained invalidation with a dependency graph and semantic oracle; R09 covered trait/reorder/shrink under one-shot whole-crate CLI.,,anneal-3730-aeneas-manifest-batch-oracle-2026-09-29,anneal-3730-aeneas-manifest-batch-oracle-2026-09-29/support/probe.py;anneal-3730-aeneas-manifest-batch-oracle-2026-09-29/support/results.json;anneal-3730-aeneas-manifest-batch-oracle-2026-09-29/support/declaration-manifest.json,anneal-3730-aeneas-trait-output-shrink-matrix-2026-09-29,anneal-3730-aeneas-trait-output-shrink-matrix-2026-09-29/REPORT.md;anneal-3730-aeneas-trait-output-shrink-matrix-2026-09-29/support/raw-results.json;anneal-3730-aeneas-trait-output-shrink-matrix-2026-09-29/support/inputs/base/trait_probe.rs;anneal-3730-aeneas-trait-output-shrink-matrix-2026-09-29/support/outputs/base/Funs.lean;anneal-3730-aeneas-trait-output-shrink-matrix-2026-09-29/support/outputs/error/Funs.lean;anneal-3730-aeneas-trait-output-shrink-matrix-2026-09-29/support/probe.py;anneal-3730-aeneas-trait-output-shrink-matrix-2026-09-29/support/check.py,,,,,,,,
E12,Failure during generation and fallback,I054;I085;I088,partial,partial;partial;partial,anneal-3730-generation-recovery-2026-09-29;anneal-3730-aeneas-identity-manifest-2026-09-29,Mapped destination evidence is scoped by its report; this suggestion is not inferred complete from a partial destination.,"I054: Fail real extraction, translation, build and server stages with visible last-good/provisional state and rollback; the new kill matrix uses synthetic stages.; I085: Implement ownership and atomic publication for all emitted files, including user-maintained external models; R09 observed clean shrink, stale reused template and failed partial output.; I088: Test warning/crash/cancellation and repeated same-process translation error reset with structured cross-tool provenance; R09 one-shot unsupported-pointer exit 1 still emitted sorryAx-bearing Lean.",,anneal-3730-aeneas-manifest-batch-oracle-2026-09-29,anneal-3730-aeneas-manifest-batch-oracle-2026-09-29/support/probe.py;anneal-3730-aeneas-manifest-batch-oracle-2026-09-29/support/results.json;anneal-3730-aeneas-manifest-batch-oracle-2026-09-29/support/declaration-manifest.json,anneal-3730-aeneas-trait-output-shrink-matrix-2026-09-29,anneal-3730-aeneas-trait-output-shrink-matrix-2026-09-29/REPORT.md;anneal-3730-aeneas-trait-output-shrink-matrix-2026-09-29/support/raw-results.json;anneal-3730-aeneas-trait-output-shrink-matrix-2026-09-29/support/inputs/base/trait_probe.rs;anneal-3730-aeneas-trait-output-shrink-matrix-2026-09-29/support/outputs/base/Funs.lean;anneal-3730-aeneas-trait-output-shrink-matrix-2026-09-29/support/outputs/error/Funs.lean;anneal-3730-aeneas-trait-output-shrink-matrix-2026-09-29/support/probe.py;anneal-3730-aeneas-trait-output-shrink-matrix-2026-09-29/support/check.py,,,,,,,,
F01,Prepared-environment schema,I090;I091;I150,partial,partial;partial;partial,anneal-3730-lake-prepared-contract-2026-09-29,Mapped destination evidence is scoped by its report; this suggestion is not inferred complete from a partial destination.,"I090: Test duplicate/name/order/version/rename package-graph collisions; R19 used one two-package path manifest across Lean/TOML forms.; I091: R21 named plugin/OLean paths and option for one saved file and observed value/initializer. Attest exact loaded imports and setup for unsaved current document/header changes.; I150: R21 covers fresh lake serve/setup and direct batch in one tiny local graph. Complete operation-specific prepared archive inputs for build, JSON batch, InfoView/RPC and native plugin under read-only consumption.",anneal-3730-lean-launch-refresh-matrix-v4-30-0-rc2;anneal-3730-lake-plugin-artifact-identity-v4-30-0-rc2,anneal-3730-lake-cache-publication-atomicity-2026-09-29;anneal-3730-lean-transitive-import-rpc-matrix-2026-09-29,anneal-3730-lake-cache-publication-atomicity-2026-09-29/support/probe.py;anneal-3730-lake-cache-publication-atomicity-2026-09-29/support/results.json;anneal-3730-lake-cache-publication-atomicity-2026-09-29/support/artifacts/partial-output-map.json;anneal-3730-lake-cache-publication-atomicity-2026-09-29/support/artifacts/truncated-olean.bin;anneal-3730-lean-transitive-import-rpc-matrix-2026-09-29/support/probe.py;anneal-3730-lean-transitive-import-rpc-matrix-2026-09-29/support/transcript.json;anneal-3730-lean-transitive-import-rpc-matrix-2026-09-29/support/summary.json,anneal-3730-lake-same-key-artifact-writers-2026-09-29,anneal-3730-lake-same-key-artifact-writers-2026-09-29/REPORT.md;anneal-3730-lake-same-key-artifact-writers-2026-09-29/support/results.json;anneal-3730-lake-same-key-artifact-writers-2026-09-29/support/artifacts/partial-olean.bin;anneal-3730-lake-same-key-artifact-writers-2026-09-29/support/artifacts/partial-ilean.bin;anneal-3730-lake-same-key-artifact-writers-2026-09-29/support/artifacts/partial-c.bin;anneal-3730-lake-same-key-artifact-writers-2026-09-29/support/probe.py;anneal-3730-lake-same-key-artifact-writers-2026-09-29/support/check.py,anneal-3730-lake-key-artifact-family-matrix-2026-09-29,anneal-3730-lake-key-artifact-family-matrix-2026-09-29/REPORT.md;anneal-3730-lake-key-artifact-family-matrix-2026-09-29/support/results.json;anneal-3730-lake-key-artifact-family-matrix-2026-09-29/support/artifacts/retained/base/Dep.olean;anneal-3730-lake-key-artifact-family-matrix-2026-09-29/support/artifacts/retained/mixed-olean/Dep.olean;anneal-3730-lake-key-artifact-family-matrix-2026-09-29/support/artifacts/v1/plugin__probe_Plugin.dylib;anneal-3730-lake-key-artifact-family-matrix-2026-09-29/support/artifacts/v2/plugin__probe_Plugin.dylib;anneal-3730-lake-key-artifact-family-matrix-2026-09-29/support/probe.py;anneal-3730-lake-key-artifact-family-matrix-2026-09-29/support/check.py,anneal-3730-lake-dynamic-config-identity-2026-09-29,anneal-3730-lake-dynamic-config-identity-2026-09-29/REPORT.md;anneal-3730-lake-dynamic-config-identity-2026-09-29/support/results.json;anneal-3730-lake-dynamic-config-identity-2026-09-29/support/artifacts/golden-source;anneal-3730-lake-dynamic-config-identity-2026-09-29/support/artifacts/dynamic-a/trace;anneal-3730-lake-dynamic-config-identity-2026-09-29/support/artifacts/toml-seven/trace;anneal-3730-lake-dynamic-config-identity-2026-09-29/support/artifacts/lean-option/setup;anneal-3730-lake-dynamic-config-identity-2026-09-29/support/probe.py;anneal-3730-lake-dynamic-config-identity-2026-09-29/support/check.py,anneal-3730-lake-plugin-combined-family-mix-2026-09-29,anneal-3730-lake-plugin-combined-family-mix-2026-09-29/REPORT.md;anneal-3730-lake-plugin-combined-family-mix-2026-09-29/support/transcript.json;anneal-3730-lake-plugin-combined-family-mix-2026-09-29/support/artifacts/mix/olean;anneal-3730-lake-plugin-combined-family-mix-2026-09-29/support/artifacts/mix/plugin;anneal-3730-lake-plugin-combined-family-mix-2026-09-29/support/artifacts/mix/c;anneal-3730-lake-plugin-combined-family-mix-2026-09-29/support/artifacts/mix/setup;anneal-3730-lake-plugin-combined-family-mix-2026-09-29/support/probe.py;anneal-3730-lake-plugin-combined-family-mix-2026-09-29/support/check.py,,
F02,Real read-only archive/server probe,I089,partial,partial,anneal-3730-lake-prepared-contract-2026-09-29,Mapped destination evidence is scoped by its report; this suggestion is not inferred complete from a partial destination.,"I089: R21 used one local two-package plugin fixture. Run actual Anneal prepared archive from empty home/cache with read-only dependencies, first-goal write tracing and producer removal.",,anneal-3730-lake-cache-publication-atomicity-2026-09-29,anneal-3730-lake-cache-publication-atomicity-2026-09-29/support/probe.py;anneal-3730-lake-cache-publication-atomicity-2026-09-29/support/results.json;anneal-3730-lake-cache-publication-atomicity-2026-09-29/support/artifacts/partial-output-map.json;anneal-3730-lake-cache-publication-atomicity-2026-09-29/support/artifacts/truncated-olean.bin,anneal-3730-lake-same-key-artifact-writers-2026-09-29,anneal-3730-lake-same-key-artifact-writers-2026-09-29/REPORT.md;anneal-3730-lake-same-key-artifact-writers-2026-09-29/support/results.json;anneal-3730-lake-same-key-artifact-writers-2026-09-29/support/artifacts/partial-olean.bin;anneal-3730-lake-same-key-artifact-writers-2026-09-29/support/artifacts/partial-ilean.bin;anneal-3730-lake-same-key-artifact-writers-2026-09-29/support/artifacts/partial-c.bin;anneal-3730-lake-same-key-artifact-writers-2026-09-29/support/probe.py;anneal-3730-lake-same-key-artifact-writers-2026-09-29/support/check.py,anneal-3730-lake-key-artifact-family-matrix-2026-09-29,anneal-3730-lake-key-artifact-family-matrix-2026-09-29/REPORT.md;anneal-3730-lake-key-artifact-family-matrix-2026-09-29/support/results.json;anneal-3730-lake-key-artifact-family-matrix-2026-09-29/support/artifacts/retained/base/Dep.olean;anneal-3730-lake-key-artifact-family-matrix-2026-09-29/support/artifacts/retained/mixed-olean/Dep.olean;anneal-3730-lake-key-artifact-family-matrix-2026-09-29/support/artifacts/v1/plugin__probe_Plugin.dylib;anneal-3730-lake-key-artifact-family-matrix-2026-09-29/support/artifacts/v2/plugin__probe_Plugin.dylib;anneal-3730-lake-key-artifact-family-matrix-2026-09-29/support/probe.py;anneal-3730-lake-key-artifact-family-matrix-2026-09-29/support/check.py,anneal-3730-lake-dynamic-config-identity-2026-09-29,anneal-3730-lake-dynamic-config-identity-2026-09-29/REPORT.md;anneal-3730-lake-dynamic-config-identity-2026-09-29/support/results.json;anneal-3730-lake-dynamic-config-identity-2026-09-29/support/artifacts/golden-source;anneal-3730-lake-dynamic-config-identity-2026-09-29/support/artifacts/dynamic-a/trace;anneal-3730-lake-dynamic-config-identity-2026-09-29/support/artifacts/toml-seven/trace;anneal-3730-lake-dynamic-config-identity-2026-09-29/support/artifacts/lean-option/setup;anneal-3730-lake-dynamic-config-identity-2026-09-29/support/probe.py;anneal-3730-lake-dynamic-config-identity-2026-09-29/support/check.py,anneal-3730-lake-plugin-combined-family-mix-2026-09-29,anneal-3730-lake-plugin-combined-family-mix-2026-09-29/REPORT.md;anneal-3730-lake-plugin-combined-family-mix-2026-09-29/support/transcript.json;anneal-3730-lake-plugin-combined-family-mix-2026-09-29/support/artifacts/mix/olean;anneal-3730-lake-plugin-combined-family-mix-2026-09-29/support/artifacts/mix/plugin;anneal-3730-lake-plugin-combined-family-mix-2026-09-29/support/artifacts/mix/c;anneal-3730-lake-plugin-combined-family-mix-2026-09-29/support/artifacts/mix/setup;anneal-3730-lake-plugin-combined-family-mix-2026-09-29/support/probe.py;anneal-3730-lake-plugin-combined-family-mix-2026-09-29/support/check.py,,
F03,4.30 versus later Lake ownership,I094;I158,not-run,partial;partial,anneal-3730-lake-prepared-contract-2026-09-29;anneal-3730-aeneas-identity-manifest-2026-09-29,No later compatible Lake tuple received the prepared read-only consumer test.,I094: Read-only prepared consumer behavior on a selected later compatible Lean/Lake tuple; current prepared fixture is 4.30-rc2 only.; I158: Replay full Rust/Charon/Aeneas/Lean golden across compatible revisions and delete each workaround; R12 uses one pinned cross-tool tuple and clean same-host rerun.,anneal-3730-lean-cross-version-equivalence-v4-29-v4-30-rc2-2026-09-29,anneal-3730-lake-cache-publication-atomicity-2026-09-29;anneal-3730-rust-charon-aeneas-lean-golden-vertical-2026-09-29,anneal-3730-lake-cache-publication-atomicity-2026-09-29/support/probe.py;anneal-3730-lake-cache-publication-atomicity-2026-09-29/support/results.json;anneal-3730-lake-cache-publication-atomicity-2026-09-29/support/artifacts/partial-output-map.json;anneal-3730-lake-cache-publication-atomicity-2026-09-29/support/artifacts/truncated-olean.bin;anneal-3730-rust-charon-aeneas-lean-golden-vertical-2026-09-29/support/probe.py;anneal-3730-rust-charon-aeneas-lean-golden-vertical-2026-09-29/support/results.json;anneal-3730-rust-charon-aeneas-lean-golden-vertical-2026-09-29/support/work/base-cold/current.llbc;anneal-3730-rust-charon-aeneas-lean-golden-vertical-2026-09-29/support/work/mutated-clean/current.llbc,anneal-3730-lake-same-key-artifact-writers-2026-09-29;anneal-3730-cross-layer-comparator-mutants-2026-09-29,anneal-3730-lake-same-key-artifact-writers-2026-09-29/REPORT.md;anneal-3730-lake-same-key-artifact-writers-2026-09-29/support/results.json;anneal-3730-lake-same-key-artifact-writers-2026-09-29/support/artifacts/partial-olean.bin;anneal-3730-lake-same-key-artifact-writers-2026-09-29/support/artifacts/partial-ilean.bin;anneal-3730-lake-same-key-artifact-writers-2026-09-29/support/artifacts/partial-c.bin;anneal-3730-lake-same-key-artifact-writers-2026-09-29/support/probe.py;anneal-3730-lake-same-key-artifact-writers-2026-09-29/support/check.py;anneal-3730-cross-layer-comparator-mutants-2026-09-29/REPORT.md;anneal-3730-cross-layer-comparator-mutants-2026-09-29/support/results.json;anneal-3730-cross-layer-comparator-mutants-2026-09-29/support/comparison-manifest.json;anneal-3730-cross-layer-comparator-mutants-2026-09-29/support/probe.py;anneal-3730-cross-layer-comparator-mutants-2026-09-29/support/check.py,,,,,anneal-3730-lake-plugin-combined-family-mix-2026-09-29,anneal-3730-lake-plugin-combined-family-mix-2026-09-29/REPORT.md;anneal-3730-lake-plugin-combined-family-mix-2026-09-29/support/transcript.json;anneal-3730-lake-plugin-combined-family-mix-2026-09-29/support/artifacts/mix/olean;anneal-3730-lake-plugin-combined-family-mix-2026-09-29/support/artifacts/mix/plugin;anneal-3730-lake-plugin-combined-family-mix-2026-09-29/support/artifacts/mix/c;anneal-3730-lake-plugin-combined-family-mix-2026-09-29/support/artifacts/mix/setup;anneal-3730-lake-plugin-combined-family-mix-2026-09-29/support/probe.py;anneal-3730-lake-plugin-combined-family-mix-2026-09-29/support/check.py,,
F04,Real-archive missing-manifest control,I089,not-run,partial,anneal-3730-lake-prepared-contract-2026-09-29,No real Anneal archive was tested with a missing manifest.,"I089: R21 used one local two-package plugin fixture. Run actual Anneal prepared archive from empty home/cache with read-only dependencies, first-goal write tracing and producer removal.",,anneal-3730-lake-cache-publication-atomicity-2026-09-29,anneal-3730-lake-cache-publication-atomicity-2026-09-29/support/probe.py;anneal-3730-lake-cache-publication-atomicity-2026-09-29/support/results.json;anneal-3730-lake-cache-publication-atomicity-2026-09-29/support/artifacts/partial-output-map.json;anneal-3730-lake-cache-publication-atomicity-2026-09-29/support/artifacts/truncated-olean.bin,anneal-3730-lake-same-key-artifact-writers-2026-09-29,anneal-3730-lake-same-key-artifact-writers-2026-09-29/REPORT.md;anneal-3730-lake-same-key-artifact-writers-2026-09-29/support/results.json;anneal-3730-lake-same-key-artifact-writers-2026-09-29/support/artifacts/partial-olean.bin;anneal-3730-lake-same-key-artifact-writers-2026-09-29/support/artifacts/partial-ilean.bin;anneal-3730-lake-same-key-artifact-writers-2026-09-29/support/artifacts/partial-c.bin;anneal-3730-lake-same-key-artifact-writers-2026-09-29/support/probe.py;anneal-3730-lake-same-key-artifact-writers-2026-09-29/support/check.py,anneal-3730-lake-key-artifact-family-matrix-2026-09-29,anneal-3730-lake-key-artifact-family-matrix-2026-09-29/REPORT.md;anneal-3730-lake-key-artifact-family-matrix-2026-09-29/support/results.json;anneal-3730-lake-key-artifact-family-matrix-2026-09-29/support/artifacts/retained/base/Dep.olean;anneal-3730-lake-key-artifact-family-matrix-2026-09-29/support/artifacts/retained/mixed-olean/Dep.olean;anneal-3730-lake-key-artifact-family-matrix-2026-09-29/support/artifacts/v1/plugin__probe_Plugin.dylib;anneal-3730-lake-key-artifact-family-matrix-2026-09-29/support/artifacts/v2/plugin__probe_Plugin.dylib;anneal-3730-lake-key-artifact-family-matrix-2026-09-29/support/probe.py;anneal-3730-lake-key-artifact-family-matrix-2026-09-29/support/check.py,anneal-3730-lake-dynamic-config-identity-2026-09-29,anneal-3730-lake-dynamic-config-identity-2026-09-29/REPORT.md;anneal-3730-lake-dynamic-config-identity-2026-09-29/support/results.json;anneal-3730-lake-dynamic-config-identity-2026-09-29/support/artifacts/golden-source;anneal-3730-lake-dynamic-config-identity-2026-09-29/support/artifacts/dynamic-a/trace;anneal-3730-lake-dynamic-config-identity-2026-09-29/support/artifacts/toml-seven/trace;anneal-3730-lake-dynamic-config-identity-2026-09-29/support/artifacts/lean-option/setup;anneal-3730-lake-dynamic-config-identity-2026-09-29/support/probe.py;anneal-3730-lake-dynamic-config-identity-2026-09-29/support/check.py,anneal-3730-lake-plugin-combined-family-mix-2026-09-29,anneal-3730-lake-plugin-combined-family-mix-2026-09-29/REPORT.md;anneal-3730-lake-plugin-combined-family-mix-2026-09-29/support/transcript.json;anneal-3730-lake-plugin-combined-family-mix-2026-09-29/support/artifacts/mix/olean;anneal-3730-lake-plugin-combined-family-mix-2026-09-29/support/artifacts/mix/plugin;anneal-3730-lake-plugin-combined-family-mix-2026-09-29/support/artifacts/mix/c;anneal-3730-lake-plugin-combined-family-mix-2026-09-29/support/artifacts/mix/setup;anneal-3730-lake-plugin-combined-family-mix-2026-09-29/support/probe.py;anneal-3730-lake-plugin-combined-family-mix-2026-09-29/support/check.py,,
F05,Prepared-environment identity collisions,I090;I096;I145,partial,partial;partial;partial,anneal-3730-lake-prepared-contract-2026-09-29,Mapped destination evidence is scoped by its report; this suggestion is not inferred complete from a partial destination.,I090: Test duplicate/name/order/version/rename package-graph collisions; R19 used one two-package path manifest across Lean/TOML forms.; I096: R21 exercised local Lake-discovered plugin target and one server. Attest executable/config discovery for CLI/editor/MCP/CI launch variants.; I145: Execute full identity ablation through actual Cargo→Charon→Aeneas→Lake→Lean→MCP responses; finite counterexamples cover four weakened tokens and selected ABA schedules only.,anneal-3730-identity-state-mutation-model-2026-09-29,anneal-3730-lake-cache-publication-atomicity-2026-09-29,anneal-3730-lake-cache-publication-atomicity-2026-09-29/support/probe.py;anneal-3730-lake-cache-publication-atomicity-2026-09-29/support/results.json;anneal-3730-lake-cache-publication-atomicity-2026-09-29/support/artifacts/partial-output-map.json;anneal-3730-lake-cache-publication-atomicity-2026-09-29/support/artifacts/truncated-olean.bin,anneal-3730-lake-same-key-artifact-writers-2026-09-29,anneal-3730-lake-same-key-artifact-writers-2026-09-29/REPORT.md;anneal-3730-lake-same-key-artifact-writers-2026-09-29/support/results.json;anneal-3730-lake-same-key-artifact-writers-2026-09-29/support/artifacts/partial-olean.bin;anneal-3730-lake-same-key-artifact-writers-2026-09-29/support/artifacts/partial-ilean.bin;anneal-3730-lake-same-key-artifact-writers-2026-09-29/support/artifacts/partial-c.bin;anneal-3730-lake-same-key-artifact-writers-2026-09-29/support/probe.py;anneal-3730-lake-same-key-artifact-writers-2026-09-29/support/check.py,anneal-3730-lake-key-artifact-family-matrix-2026-09-29,anneal-3730-lake-key-artifact-family-matrix-2026-09-29/REPORT.md;anneal-3730-lake-key-artifact-family-matrix-2026-09-29/support/results.json;anneal-3730-lake-key-artifact-family-matrix-2026-09-29/support/artifacts/retained/base/Dep.olean;anneal-3730-lake-key-artifact-family-matrix-2026-09-29/support/artifacts/retained/mixed-olean/Dep.olean;anneal-3730-lake-key-artifact-family-matrix-2026-09-29/support/artifacts/v1/plugin__probe_Plugin.dylib;anneal-3730-lake-key-artifact-family-matrix-2026-09-29/support/artifacts/v2/plugin__probe_Plugin.dylib;anneal-3730-lake-key-artifact-family-matrix-2026-09-29/support/probe.py;anneal-3730-lake-key-artifact-family-matrix-2026-09-29/support/check.py,anneal-3730-lake-dynamic-config-identity-2026-09-29,anneal-3730-lake-dynamic-config-identity-2026-09-29/REPORT.md;anneal-3730-lake-dynamic-config-identity-2026-09-29/support/results.json;anneal-3730-lake-dynamic-config-identity-2026-09-29/support/artifacts/golden-source;anneal-3730-lake-dynamic-config-identity-2026-09-29/support/artifacts/dynamic-a/trace;anneal-3730-lake-dynamic-config-identity-2026-09-29/support/artifacts/toml-seven/trace;anneal-3730-lake-dynamic-config-identity-2026-09-29/support/artifacts/lean-option/setup;anneal-3730-lake-dynamic-config-identity-2026-09-29/support/probe.py;anneal-3730-lake-dynamic-config-identity-2026-09-29/support/check.py,anneal-3730-lake-plugin-combined-family-mix-2026-09-29,anneal-3730-lake-plugin-combined-family-mix-2026-09-29/REPORT.md;anneal-3730-lake-plugin-combined-family-mix-2026-09-29/support/transcript.json;anneal-3730-lake-plugin-combined-family-mix-2026-09-29/support/artifacts/mix/olean;anneal-3730-lake-plugin-combined-family-mix-2026-09-29/support/artifacts/mix/plugin;anneal-3730-lake-plugin-combined-family-mix-2026-09-29/support/artifacts/mix/c;anneal-3730-lake-plugin-combined-family-mix-2026-09-29/support/artifacts/mix/setup;anneal-3730-lake-plugin-combined-family-mix-2026-09-29/support/probe.py;anneal-3730-lake-plugin-combined-family-mix-2026-09-29/support/check.py,,
F06,Server artifact completeness,I098;I150,partial,partial;partial,anneal-3730-lake-prepared-contract-2026-09-29,Missing OLean/ILean/C/plugin operation checks and an initializer mismatch server crash were run; complete prepared server artifact family remains.,"I098: R21 showed one same-pin valid Lake-discovered setup/OLean/native plugin mix; copied v2 C was not executed. Test wider combinations in actual Anneal generated consumer, including incompatible families.; I150: R21 covers fresh lake serve/setup and direct batch in one tiny local graph. Complete operation-specific prepared archive inputs for build, JSON batch, InfoView/RPC and native plugin under read-only consumption.",anneal-3730-lake-plugin-artifact-identity-v4-30-0-rc2;anneal-3730-lake-writer-recovery-2026-09-29,anneal-3730-lake-cache-publication-atomicity-2026-09-29,anneal-3730-lake-cache-publication-atomicity-2026-09-29/support/probe.py;anneal-3730-lake-cache-publication-atomicity-2026-09-29/support/results.json;anneal-3730-lake-cache-publication-atomicity-2026-09-29/support/artifacts/partial-output-map.json;anneal-3730-lake-cache-publication-atomicity-2026-09-29/support/artifacts/truncated-olean.bin,anneal-3730-lake-same-key-artifact-writers-2026-09-29,anneal-3730-lake-same-key-artifact-writers-2026-09-29/REPORT.md;anneal-3730-lake-same-key-artifact-writers-2026-09-29/support/results.json;anneal-3730-lake-same-key-artifact-writers-2026-09-29/support/artifacts/partial-olean.bin;anneal-3730-lake-same-key-artifact-writers-2026-09-29/support/artifacts/partial-ilean.bin;anneal-3730-lake-same-key-artifact-writers-2026-09-29/support/artifacts/partial-c.bin;anneal-3730-lake-same-key-artifact-writers-2026-09-29/support/probe.py;anneal-3730-lake-same-key-artifact-writers-2026-09-29/support/check.py,anneal-3730-lake-key-artifact-family-matrix-2026-09-29,anneal-3730-lake-key-artifact-family-matrix-2026-09-29/REPORT.md;anneal-3730-lake-key-artifact-family-matrix-2026-09-29/support/results.json;anneal-3730-lake-key-artifact-family-matrix-2026-09-29/support/artifacts/retained/base/Dep.olean;anneal-3730-lake-key-artifact-family-matrix-2026-09-29/support/artifacts/retained/mixed-olean/Dep.olean;anneal-3730-lake-key-artifact-family-matrix-2026-09-29/support/artifacts/v1/plugin__probe_Plugin.dylib;anneal-3730-lake-key-artifact-family-matrix-2026-09-29/support/artifacts/v2/plugin__probe_Plugin.dylib;anneal-3730-lake-key-artifact-family-matrix-2026-09-29/support/probe.py;anneal-3730-lake-key-artifact-family-matrix-2026-09-29/support/check.py,anneal-3730-lake-dynamic-config-identity-2026-09-29,anneal-3730-lake-dynamic-config-identity-2026-09-29/REPORT.md;anneal-3730-lake-dynamic-config-identity-2026-09-29/support/results.json;anneal-3730-lake-dynamic-config-identity-2026-09-29/support/artifacts/golden-source;anneal-3730-lake-dynamic-config-identity-2026-09-29/support/artifacts/dynamic-a/trace;anneal-3730-lake-dynamic-config-identity-2026-09-29/support/artifacts/toml-seven/trace;anneal-3730-lake-dynamic-config-identity-2026-09-29/support/artifacts/lean-option/setup;anneal-3730-lake-dynamic-config-identity-2026-09-29/support/probe.py;anneal-3730-lake-dynamic-config-identity-2026-09-29/support/check.py,anneal-3730-lake-plugin-combined-family-mix-2026-09-29,anneal-3730-lake-plugin-combined-family-mix-2026-09-29/REPORT.md;anneal-3730-lake-plugin-combined-family-mix-2026-09-29/support/transcript.json;anneal-3730-lake-plugin-combined-family-mix-2026-09-29/support/artifacts/mix/olean;anneal-3730-lake-plugin-combined-family-mix-2026-09-29/support/artifacts/mix/plugin;anneal-3730-lake-plugin-combined-family-mix-2026-09-29/support/artifacts/mix/c;anneal-3730-lake-plugin-combined-family-mix-2026-09-29/support/artifacts/mix/setup;anneal-3730-lake-plugin-combined-family-mix-2026-09-29/support/probe.py;anneal-3730-lake-plugin-combined-family-mix-2026-09-29/support/check.py,,
F07,No-build/no-cache fail-closed path,I092,partial,partial,anneal-3730-lake-prepared-contract-2026-09-29,Mapped destination evidence is scoped by its report; this suggestion is not inferred complete from a partial destination.,I092: R21 setup and server left selected mixed hashes unchanged. Test full no-build/no-cache contract across generated archive/config/native/plugin/server operations.,anneal-3730-lake-writer-recovery-2026-09-29,anneal-3730-lake-cache-publication-atomicity-2026-09-29,anneal-3730-lake-cache-publication-atomicity-2026-09-29/support/probe.py;anneal-3730-lake-cache-publication-atomicity-2026-09-29/support/results.json;anneal-3730-lake-cache-publication-atomicity-2026-09-29/support/artifacts/partial-output-map.json;anneal-3730-lake-cache-publication-atomicity-2026-09-29/support/artifacts/truncated-olean.bin,anneal-3730-lake-same-key-artifact-writers-2026-09-29,anneal-3730-lake-same-key-artifact-writers-2026-09-29/REPORT.md;anneal-3730-lake-same-key-artifact-writers-2026-09-29/support/results.json;anneal-3730-lake-same-key-artifact-writers-2026-09-29/support/artifacts/partial-olean.bin;anneal-3730-lake-same-key-artifact-writers-2026-09-29/support/artifacts/partial-ilean.bin;anneal-3730-lake-same-key-artifact-writers-2026-09-29/support/artifacts/partial-c.bin;anneal-3730-lake-same-key-artifact-writers-2026-09-29/support/probe.py;anneal-3730-lake-same-key-artifact-writers-2026-09-29/support/check.py,anneal-3730-lake-key-artifact-family-matrix-2026-09-29,anneal-3730-lake-key-artifact-family-matrix-2026-09-29/REPORT.md;anneal-3730-lake-key-artifact-family-matrix-2026-09-29/support/results.json;anneal-3730-lake-key-artifact-family-matrix-2026-09-29/support/artifacts/retained/base/Dep.olean;anneal-3730-lake-key-artifact-family-matrix-2026-09-29/support/artifacts/retained/mixed-olean/Dep.olean;anneal-3730-lake-key-artifact-family-matrix-2026-09-29/support/artifacts/v1/plugin__probe_Plugin.dylib;anneal-3730-lake-key-artifact-family-matrix-2026-09-29/support/artifacts/v2/plugin__probe_Plugin.dylib;anneal-3730-lake-key-artifact-family-matrix-2026-09-29/support/probe.py;anneal-3730-lake-key-artifact-family-matrix-2026-09-29/support/check.py,anneal-3730-lake-dynamic-config-identity-2026-09-29,anneal-3730-lake-dynamic-config-identity-2026-09-29/REPORT.md;anneal-3730-lake-dynamic-config-identity-2026-09-29/support/results.json;anneal-3730-lake-dynamic-config-identity-2026-09-29/support/artifacts/golden-source;anneal-3730-lake-dynamic-config-identity-2026-09-29/support/artifacts/dynamic-a/trace;anneal-3730-lake-dynamic-config-identity-2026-09-29/support/artifacts/toml-seven/trace;anneal-3730-lake-dynamic-config-identity-2026-09-29/support/artifacts/lean-option/setup;anneal-3730-lake-dynamic-config-identity-2026-09-29/support/probe.py;anneal-3730-lake-dynamic-config-identity-2026-09-29/support/check.py,anneal-3730-lake-plugin-combined-family-mix-2026-09-29,anneal-3730-lake-plugin-combined-family-mix-2026-09-29/REPORT.md;anneal-3730-lake-plugin-combined-family-mix-2026-09-29/support/transcript.json;anneal-3730-lake-plugin-combined-family-mix-2026-09-29/support/artifacts/mix/olean;anneal-3730-lake-plugin-combined-family-mix-2026-09-29/support/artifacts/mix/plugin;anneal-3730-lake-plugin-combined-family-mix-2026-09-29/support/artifacts/mix/c;anneal-3730-lake-plugin-combined-family-mix-2026-09-29/support/artifacts/mix/setup;anneal-3730-lake-plugin-combined-family-mix-2026-09-29/support/probe.py;anneal-3730-lake-plugin-combined-family-mix-2026-09-29/support/check.py,,
F08,Build completion versus server readiness,I042;I089;I091,partial,partial;partial;partial,anneal-3730-lean-rpc-lifetimes-v4-30-0-rc2;anneal-3730-lake-prepared-contract-2026-09-29,Three server modes and setup-file missing-import exit-0 controls distinguish setup completion from ready proof; no integrated handshake was implemented.,"I042: Separate parse/import/elaboration/async readiness with causal barriers and current-position status; missing-import wait success adds a failure control only.; I089: R21 used one local two-package plugin fixture. Run actual Anneal prepared archive from empty home/cache with read-only dependencies, first-goal write tracing and producer removal.; I091: R21 named plugin/OLean paths and option for one saved file and observed value/initializer. Attest exact loaded imports and setup for unsaved current document/header changes.",anneal-3730-lean-launch-refresh-matrix-v4-30-0-rc2,anneal-3730-lean-transitive-import-rpc-matrix-2026-09-29;anneal-3730-lake-cache-publication-atomicity-2026-09-29,anneal-3730-lean-transitive-import-rpc-matrix-2026-09-29/support/probe.py;anneal-3730-lean-transitive-import-rpc-matrix-2026-09-29/support/transcript.json;anneal-3730-lean-transitive-import-rpc-matrix-2026-09-29/support/summary.json;anneal-3730-lake-cache-publication-atomicity-2026-09-29/support/probe.py;anneal-3730-lake-cache-publication-atomicity-2026-09-29/support/results.json;anneal-3730-lake-cache-publication-atomicity-2026-09-29/support/artifacts/partial-output-map.json;anneal-3730-lake-cache-publication-atomicity-2026-09-29/support/artifacts/truncated-olean.bin,anneal-3730-lean-server-soak-context-rpc-2026-09-29;anneal-3730-lake-same-key-artifact-writers-2026-09-29,anneal-3730-lean-server-soak-context-rpc-2026-09-29/REPORT.md;anneal-3730-lean-server-soak-context-rpc-2026-09-29/support/transcript.json;anneal-3730-lean-server-soak-context-rpc-2026-09-29/support/work/A/Proof.lean;anneal-3730-lean-server-soak-context-rpc-2026-09-29/support/work/B/Proof.lean;anneal-3730-lean-server-soak-context-rpc-2026-09-29/support/probe.py;anneal-3730-lean-server-soak-context-rpc-2026-09-29/support/check.py;anneal-3730-lake-same-key-artifact-writers-2026-09-29/REPORT.md;anneal-3730-lake-same-key-artifact-writers-2026-09-29/support/results.json;anneal-3730-lake-same-key-artifact-writers-2026-09-29/support/artifacts/partial-olean.bin;anneal-3730-lake-same-key-artifact-writers-2026-09-29/support/artifacts/partial-ilean.bin;anneal-3730-lake-same-key-artifact-writers-2026-09-29/support/artifacts/partial-c.bin;anneal-3730-lake-same-key-artifact-writers-2026-09-29/support/probe.py;anneal-3730-lake-same-key-artifact-writers-2026-09-29/support/check.py,anneal-3730-lean-multiminute-restart-resource-soak-2026-09-29;anneal-3730-lake-key-artifact-family-matrix-2026-09-29,anneal-3730-lean-multiminute-restart-resource-soak-2026-09-29/REPORT.md;anneal-3730-lean-multiminute-restart-resource-soak-2026-09-29/support/transcript.json;anneal-3730-lean-multiminute-restart-resource-soak-2026-09-29/support/pilot-id-collision.json;anneal-3730-lean-multiminute-restart-resource-soak-2026-09-29/support/work/A/Proof0.lean;anneal-3730-lean-multiminute-restart-resource-soak-2026-09-29/support/probe.py;anneal-3730-lean-multiminute-restart-resource-soak-2026-09-29/support/check.py;anneal-3730-lake-key-artifact-family-matrix-2026-09-29/REPORT.md;anneal-3730-lake-key-artifact-family-matrix-2026-09-29/support/results.json;anneal-3730-lake-key-artifact-family-matrix-2026-09-29/support/artifacts/retained/base/Dep.olean;anneal-3730-lake-key-artifact-family-matrix-2026-09-29/support/artifacts/retained/mixed-olean/Dep.olean;anneal-3730-lake-key-artifact-family-matrix-2026-09-29/support/artifacts/v1/plugin__probe_Plugin.dylib;anneal-3730-lake-key-artifact-family-matrix-2026-09-29/support/artifacts/v2/plugin__probe_Plugin.dylib;anneal-3730-lake-key-artifact-family-matrix-2026-09-29/support/probe.py;anneal-3730-lake-key-artifact-family-matrix-2026-09-29/support/check.py,anneal-3730-lake-dynamic-config-identity-2026-09-29,anneal-3730-lake-dynamic-config-identity-2026-09-29/REPORT.md;anneal-3730-lake-dynamic-config-identity-2026-09-29/support/results.json;anneal-3730-lake-dynamic-config-identity-2026-09-29/support/artifacts/golden-source;anneal-3730-lake-dynamic-config-identity-2026-09-29/support/artifacts/dynamic-a/trace;anneal-3730-lake-dynamic-config-identity-2026-09-29/support/artifacts/toml-seven/trace;anneal-3730-lake-dynamic-config-identity-2026-09-29/support/artifacts/lean-option/setup;anneal-3730-lake-dynamic-config-identity-2026-09-29/support/probe.py;anneal-3730-lake-dynamic-config-identity-2026-09-29/support/check.py,anneal-3730-lake-plugin-combined-family-mix-2026-09-29,anneal-3730-lake-plugin-combined-family-mix-2026-09-29/REPORT.md;anneal-3730-lake-plugin-combined-family-mix-2026-09-29/support/transcript.json;anneal-3730-lake-plugin-combined-family-mix-2026-09-29/support/artifacts/mix/olean;anneal-3730-lake-plugin-combined-family-mix-2026-09-29/support/artifacts/mix/plugin;anneal-3730-lake-plugin-combined-family-mix-2026-09-29/support/artifacts/mix/c;anneal-3730-lake-plugin-combined-family-mix-2026-09-29/support/artifacts/mix/setup;anneal-3730-lake-plugin-combined-family-mix-2026-09-29/support/probe.py;anneal-3730-lake-plugin-combined-family-mix-2026-09-29/support/check.py,,
F09,Unsaved import changes,I091,partial,partial,anneal-3730-lake-prepared-contract-2026-09-29,Mapped destination evidence is scoped by its report; this suggestion is not inferred complete from a partial destination.,I091: R21 named plugin/OLean paths and option for one saved file and observed value/initializer. Attest exact loaded imports and setup for unsaved current document/header changes.,anneal-3730-lean-launch-refresh-matrix-v4-30-0-rc2,anneal-3730-lake-cache-publication-atomicity-2026-09-29;anneal-3730-lean-transitive-import-rpc-matrix-2026-09-29,anneal-3730-lake-cache-publication-atomicity-2026-09-29/support/probe.py;anneal-3730-lake-cache-publication-atomicity-2026-09-29/support/results.json;anneal-3730-lake-cache-publication-atomicity-2026-09-29/support/artifacts/partial-output-map.json;anneal-3730-lake-cache-publication-atomicity-2026-09-29/support/artifacts/truncated-olean.bin;anneal-3730-lean-transitive-import-rpc-matrix-2026-09-29/support/probe.py;anneal-3730-lean-transitive-import-rpc-matrix-2026-09-29/support/transcript.json;anneal-3730-lean-transitive-import-rpc-matrix-2026-09-29/support/summary.json,anneal-3730-lake-same-key-artifact-writers-2026-09-29,anneal-3730-lake-same-key-artifact-writers-2026-09-29/REPORT.md;anneal-3730-lake-same-key-artifact-writers-2026-09-29/support/results.json;anneal-3730-lake-same-key-artifact-writers-2026-09-29/support/artifacts/partial-olean.bin;anneal-3730-lake-same-key-artifact-writers-2026-09-29/support/artifacts/partial-ilean.bin;anneal-3730-lake-same-key-artifact-writers-2026-09-29/support/artifacts/partial-c.bin;anneal-3730-lake-same-key-artifact-writers-2026-09-29/support/probe.py;anneal-3730-lake-same-key-artifact-writers-2026-09-29/support/check.py,anneal-3730-lake-key-artifact-family-matrix-2026-09-29,anneal-3730-lake-key-artifact-family-matrix-2026-09-29/REPORT.md;anneal-3730-lake-key-artifact-family-matrix-2026-09-29/support/results.json;anneal-3730-lake-key-artifact-family-matrix-2026-09-29/support/artifacts/retained/base/Dep.olean;anneal-3730-lake-key-artifact-family-matrix-2026-09-29/support/artifacts/retained/mixed-olean/Dep.olean;anneal-3730-lake-key-artifact-family-matrix-2026-09-29/support/artifacts/v1/plugin__probe_Plugin.dylib;anneal-3730-lake-key-artifact-family-matrix-2026-09-29/support/artifacts/v2/plugin__probe_Plugin.dylib;anneal-3730-lake-key-artifact-family-matrix-2026-09-29/support/probe.py;anneal-3730-lake-key-artifact-family-matrix-2026-09-29/support/check.py,anneal-3730-lake-dynamic-config-identity-2026-09-29,anneal-3730-lake-dynamic-config-identity-2026-09-29/REPORT.md;anneal-3730-lake-dynamic-config-identity-2026-09-29/support/results.json;anneal-3730-lake-dynamic-config-identity-2026-09-29/support/artifacts/golden-source;anneal-3730-lake-dynamic-config-identity-2026-09-29/support/artifacts/dynamic-a/trace;anneal-3730-lake-dynamic-config-identity-2026-09-29/support/artifacts/toml-seven/trace;anneal-3730-lake-dynamic-config-identity-2026-09-29/support/artifacts/lean-option/setup;anneal-3730-lake-dynamic-config-identity-2026-09-29/support/probe.py;anneal-3730-lake-dynamic-config-identity-2026-09-29/support/check.py,anneal-3730-lake-plugin-combined-family-mix-2026-09-29,anneal-3730-lake-plugin-combined-family-mix-2026-09-29/REPORT.md;anneal-3730-lake-plugin-combined-family-mix-2026-09-29/support/transcript.json;anneal-3730-lake-plugin-combined-family-mix-2026-09-29/support/artifacts/mix/olean;anneal-3730-lake-plugin-combined-family-mix-2026-09-29/support/artifacts/mix/plugin;anneal-3730-lake-plugin-combined-family-mix-2026-09-29/support/artifacts/mix/c;anneal-3730-lake-plugin-combined-family-mix-2026-09-29/support/artifacts/mix/setup;anneal-3730-lake-plugin-combined-family-mix-2026-09-29/support/probe.py;anneal-3730-lake-plugin-combined-family-mix-2026-09-29/support/check.py,,
F10,Cache-hit and rebuild observability,I095,partial,partial,anneal-3730-lake-prepared-contract-2026-09-29,Mapped destination evidence is scoped by its report; this suggestion is not inferred complete from a partial destination.,I095: R21 retained setup paths and stable hashes but no syscall trace. Trace launched process reads/writes and realized parallelism at prepared scale.,,anneal-3730-lake-cache-publication-atomicity-2026-09-29,anneal-3730-lake-cache-publication-atomicity-2026-09-29/support/probe.py;anneal-3730-lake-cache-publication-atomicity-2026-09-29/support/results.json;anneal-3730-lake-cache-publication-atomicity-2026-09-29/support/artifacts/partial-output-map.json;anneal-3730-lake-cache-publication-atomicity-2026-09-29/support/artifacts/truncated-olean.bin,anneal-3730-lake-same-key-artifact-writers-2026-09-29,anneal-3730-lake-same-key-artifact-writers-2026-09-29/REPORT.md;anneal-3730-lake-same-key-artifact-writers-2026-09-29/support/results.json;anneal-3730-lake-same-key-artifact-writers-2026-09-29/support/artifacts/partial-olean.bin;anneal-3730-lake-same-key-artifact-writers-2026-09-29/support/artifacts/partial-ilean.bin;anneal-3730-lake-same-key-artifact-writers-2026-09-29/support/artifacts/partial-c.bin;anneal-3730-lake-same-key-artifact-writers-2026-09-29/support/probe.py;anneal-3730-lake-same-key-artifact-writers-2026-09-29/support/check.py,anneal-3730-lake-key-artifact-family-matrix-2026-09-29,anneal-3730-lake-key-artifact-family-matrix-2026-09-29/REPORT.md;anneal-3730-lake-key-artifact-family-matrix-2026-09-29/support/results.json;anneal-3730-lake-key-artifact-family-matrix-2026-09-29/support/artifacts/retained/base/Dep.olean;anneal-3730-lake-key-artifact-family-matrix-2026-09-29/support/artifacts/retained/mixed-olean/Dep.olean;anneal-3730-lake-key-artifact-family-matrix-2026-09-29/support/artifacts/v1/plugin__probe_Plugin.dylib;anneal-3730-lake-key-artifact-family-matrix-2026-09-29/support/artifacts/v2/plugin__probe_Plugin.dylib;anneal-3730-lake-key-artifact-family-matrix-2026-09-29/support/probe.py;anneal-3730-lake-key-artifact-family-matrix-2026-09-29/support/check.py,anneal-3730-lake-dynamic-config-identity-2026-09-29,anneal-3730-lake-dynamic-config-identity-2026-09-29/REPORT.md;anneal-3730-lake-dynamic-config-identity-2026-09-29/support/results.json;anneal-3730-lake-dynamic-config-identity-2026-09-29/support/artifacts/golden-source;anneal-3730-lake-dynamic-config-identity-2026-09-29/support/artifacts/dynamic-a/trace;anneal-3730-lake-dynamic-config-identity-2026-09-29/support/artifacts/toml-seven/trace;anneal-3730-lake-dynamic-config-identity-2026-09-29/support/artifacts/lean-option/setup;anneal-3730-lake-dynamic-config-identity-2026-09-29/support/probe.py;anneal-3730-lake-dynamic-config-identity-2026-09-29/support/check.py,anneal-3730-lake-plugin-combined-family-mix-2026-09-29,anneal-3730-lake-plugin-combined-family-mix-2026-09-29/REPORT.md;anneal-3730-lake-plugin-combined-family-mix-2026-09-29/support/transcript.json;anneal-3730-lake-plugin-combined-family-mix-2026-09-29/support/artifacts/mix/olean;anneal-3730-lake-plugin-combined-family-mix-2026-09-29/support/artifacts/mix/plugin;anneal-3730-lake-plugin-combined-family-mix-2026-09-29/support/artifacts/mix/c;anneal-3730-lake-plugin-combined-family-mix-2026-09-29/support/artifacts/mix/setup;anneal-3730-lake-plugin-combined-family-mix-2026-09-29/support/probe.py;anneal-3730-lake-plugin-combined-family-mix-2026-09-29/support/check.py,,
F11,Artifact-cache writer crash consistency,I102,partial,partial,anneal-3730-lake-prepared-contract-2026-09-29,"Pinned Lake was interrupted during the actual output-map write, leaving invalid JSON rejected by no-build and repaired by build; concurrent map writers, artifact rename and power loss remain untested.","I102: Force simultaneous same-key writer/artifact/map interruption, recovery and power-loss durability; R19 valid metadata replacement had no interrupted write.",anneal-3730-lake-writer-recovery-2026-09-29,anneal-3730-lake-cache-publication-atomicity-2026-09-29,anneal-3730-lake-cache-publication-atomicity-2026-09-29/support/probe.py;anneal-3730-lake-cache-publication-atomicity-2026-09-29/support/results.json;anneal-3730-lake-cache-publication-atomicity-2026-09-29/support/artifacts/partial-output-map.json;anneal-3730-lake-cache-publication-atomicity-2026-09-29/support/artifacts/truncated-olean.bin,anneal-3730-lake-same-key-artifact-writers-2026-09-29,anneal-3730-lake-same-key-artifact-writers-2026-09-29/REPORT.md;anneal-3730-lake-same-key-artifact-writers-2026-09-29/support/results.json;anneal-3730-lake-same-key-artifact-writers-2026-09-29/support/artifacts/partial-olean.bin;anneal-3730-lake-same-key-artifact-writers-2026-09-29/support/artifacts/partial-ilean.bin;anneal-3730-lake-same-key-artifact-writers-2026-09-29/support/artifacts/partial-c.bin;anneal-3730-lake-same-key-artifact-writers-2026-09-29/support/probe.py;anneal-3730-lake-same-key-artifact-writers-2026-09-29/support/check.py,anneal-3730-lake-key-artifact-family-matrix-2026-09-29,anneal-3730-lake-key-artifact-family-matrix-2026-09-29/REPORT.md;anneal-3730-lake-key-artifact-family-matrix-2026-09-29/support/results.json;anneal-3730-lake-key-artifact-family-matrix-2026-09-29/support/artifacts/retained/base/Dep.olean;anneal-3730-lake-key-artifact-family-matrix-2026-09-29/support/artifacts/retained/mixed-olean/Dep.olean;anneal-3730-lake-key-artifact-family-matrix-2026-09-29/support/artifacts/v1/plugin__probe_Plugin.dylib;anneal-3730-lake-key-artifact-family-matrix-2026-09-29/support/artifacts/v2/plugin__probe_Plugin.dylib;anneal-3730-lake-key-artifact-family-matrix-2026-09-29/support/probe.py;anneal-3730-lake-key-artifact-family-matrix-2026-09-29/support/check.py,anneal-3730-lake-dynamic-config-identity-2026-09-29,anneal-3730-lake-dynamic-config-identity-2026-09-29/REPORT.md;anneal-3730-lake-dynamic-config-identity-2026-09-29/support/results.json;anneal-3730-lake-dynamic-config-identity-2026-09-29/support/artifacts/golden-source;anneal-3730-lake-dynamic-config-identity-2026-09-29/support/artifacts/dynamic-a/trace;anneal-3730-lake-dynamic-config-identity-2026-09-29/support/artifacts/toml-seven/trace;anneal-3730-lake-dynamic-config-identity-2026-09-29/support/artifacts/lean-option/setup;anneal-3730-lake-dynamic-config-identity-2026-09-29/support/probe.py;anneal-3730-lake-dynamic-config-identity-2026-09-29/support/check.py,anneal-3730-lake-plugin-combined-family-mix-2026-09-29,anneal-3730-lake-plugin-combined-family-mix-2026-09-29/REPORT.md;anneal-3730-lake-plugin-combined-family-mix-2026-09-29/support/transcript.json;anneal-3730-lake-plugin-combined-family-mix-2026-09-29/support/artifacts/mix/olean;anneal-3730-lake-plugin-combined-family-mix-2026-09-29/support/artifacts/mix/plugin;anneal-3730-lake-plugin-combined-family-mix-2026-09-29/support/artifacts/mix/c;anneal-3730-lake-plugin-combined-family-mix-2026-09-29/support/artifacts/mix/setup;anneal-3730-lake-plugin-combined-family-mix-2026-09-29/support/probe.py;anneal-3730-lake-plugin-combined-family-mix-2026-09-29/support/check.py,,
F12,Shared package-directory writer crashes,I108;I151,partial,partial;partial,anneal-3730-generation-recovery-2026-09-29;anneal-3730-lake-prepared-contract-2026-09-29,A bounded same-package writable overlap completed in one schedule; this does not show shared-package crash consistency or conflicting-definition safety.,"I108: Build actual preparation/cache/publication/restart/GC lock-order graph under conflicting writers; R19 ran one operation at a time.; I151: Force conflicting writers in a shared writable package tree and crash schedules with integrity/recovery oracles; R15 performed only one-command local replacement, and R10 private-root cache pairs remain distinct.",anneal-3730-lake-writer-recovery-2026-09-29,anneal-3730-lake-cache-publication-atomicity-2026-09-29,anneal-3730-lake-cache-publication-atomicity-2026-09-29/support/probe.py;anneal-3730-lake-cache-publication-atomicity-2026-09-29/support/results.json;anneal-3730-lake-cache-publication-atomicity-2026-09-29/support/artifacts/partial-output-map.json;anneal-3730-lake-cache-publication-atomicity-2026-09-29/support/artifacts/truncated-olean.bin,anneal-3730-lake-same-key-artifact-writers-2026-09-29,anneal-3730-lake-same-key-artifact-writers-2026-09-29/REPORT.md;anneal-3730-lake-same-key-artifact-writers-2026-09-29/support/results.json;anneal-3730-lake-same-key-artifact-writers-2026-09-29/support/artifacts/partial-olean.bin;anneal-3730-lake-same-key-artifact-writers-2026-09-29/support/artifacts/partial-ilean.bin;anneal-3730-lake-same-key-artifact-writers-2026-09-29/support/artifacts/partial-c.bin;anneal-3730-lake-same-key-artifact-writers-2026-09-29/support/probe.py;anneal-3730-lake-same-key-artifact-writers-2026-09-29/support/check.py,anneal-3730-lake-key-artifact-family-matrix-2026-09-29,anneal-3730-lake-key-artifact-family-matrix-2026-09-29/REPORT.md;anneal-3730-lake-key-artifact-family-matrix-2026-09-29/support/results.json;anneal-3730-lake-key-artifact-family-matrix-2026-09-29/support/artifacts/retained/base/Dep.olean;anneal-3730-lake-key-artifact-family-matrix-2026-09-29/support/artifacts/retained/mixed-olean/Dep.olean;anneal-3730-lake-key-artifact-family-matrix-2026-09-29/support/artifacts/v1/plugin__probe_Plugin.dylib;anneal-3730-lake-key-artifact-family-matrix-2026-09-29/support/artifacts/v2/plugin__probe_Plugin.dylib;anneal-3730-lake-key-artifact-family-matrix-2026-09-29/support/probe.py;anneal-3730-lake-key-artifact-family-matrix-2026-09-29/support/check.py,anneal-3730-lake-dynamic-config-identity-2026-09-29,anneal-3730-lake-dynamic-config-identity-2026-09-29/REPORT.md;anneal-3730-lake-dynamic-config-identity-2026-09-29/support/results.json;anneal-3730-lake-dynamic-config-identity-2026-09-29/support/artifacts/golden-source;anneal-3730-lake-dynamic-config-identity-2026-09-29/support/artifacts/dynamic-a/trace;anneal-3730-lake-dynamic-config-identity-2026-09-29/support/artifacts/toml-seven/trace;anneal-3730-lake-dynamic-config-identity-2026-09-29/support/artifacts/lean-option/setup;anneal-3730-lake-dynamic-config-identity-2026-09-29/support/probe.py;anneal-3730-lake-dynamic-config-identity-2026-09-29/support/check.py,,,,
F13,Read-only producer/many consumers,I089;I114;I139,partial,partial;partial;partial,anneal-3730-lake-prepared-contract-2026-09-29;anneal-3730-resource-economics-2026-09-29,Mapped destination evidence is scoped by its report; this suggestion is not inferred complete from a partial destination.,"I089: R21 used one local two-package plugin fixture. Run actual Anneal prepared archive from empty home/cache with read-only dependencies, first-goal write tracing and producer removal.; I114: Repeat a guarded 1/2/4-or-more worker correctness/throughput/latency/CPU/physical-memory sweep with realistic imports and multiple server/Lake topologies; four tiny direct file workers fit this host's guard.; I139: Actual parallel Anneal generated-project tests combining model edit/scratch/restart/cleanup and host-budget limits; new two-Lake-consumer plus two-server samples are separate analogs.",,anneal-3730-lake-cache-publication-atomicity-2026-09-29;anneal-3730-resource-soak-contamination-2026-09-29,anneal-3730-lake-cache-publication-atomicity-2026-09-29/support/probe.py;anneal-3730-lake-cache-publication-atomicity-2026-09-29/support/results.json;anneal-3730-lake-cache-publication-atomicity-2026-09-29/support/artifacts/partial-output-map.json;anneal-3730-lake-cache-publication-atomicity-2026-09-29/support/artifacts/truncated-olean.bin;anneal-3730-resource-soak-contamination-2026-09-29/support/probe.py;anneal-3730-resource-soak-contamination-2026-09-29/support/check.py;anneal-3730-resource-soak-contamination-2026-09-29/transcript.json,anneal-3730-lake-same-key-artifact-writers-2026-09-29;anneal-3730-lean-server-soak-context-rpc-2026-09-29,anneal-3730-lake-same-key-artifact-writers-2026-09-29/REPORT.md;anneal-3730-lake-same-key-artifact-writers-2026-09-29/support/results.json;anneal-3730-lake-same-key-artifact-writers-2026-09-29/support/artifacts/partial-olean.bin;anneal-3730-lake-same-key-artifact-writers-2026-09-29/support/artifacts/partial-ilean.bin;anneal-3730-lake-same-key-artifact-writers-2026-09-29/support/artifacts/partial-c.bin;anneal-3730-lake-same-key-artifact-writers-2026-09-29/support/probe.py;anneal-3730-lake-same-key-artifact-writers-2026-09-29/support/check.py;anneal-3730-lean-server-soak-context-rpc-2026-09-29/REPORT.md;anneal-3730-lean-server-soak-context-rpc-2026-09-29/support/transcript.json;anneal-3730-lean-server-soak-context-rpc-2026-09-29/support/work/A/Proof.lean;anneal-3730-lean-server-soak-context-rpc-2026-09-29/support/work/B/Proof.lean;anneal-3730-lean-server-soak-context-rpc-2026-09-29/support/probe.py;anneal-3730-lean-server-soak-context-rpc-2026-09-29/support/check.py,anneal-3730-lake-key-artifact-family-matrix-2026-09-29,anneal-3730-lake-key-artifact-family-matrix-2026-09-29/REPORT.md;anneal-3730-lake-key-artifact-family-matrix-2026-09-29/support/results.json;anneal-3730-lake-key-artifact-family-matrix-2026-09-29/support/artifacts/retained/base/Dep.olean;anneal-3730-lake-key-artifact-family-matrix-2026-09-29/support/artifacts/retained/mixed-olean/Dep.olean;anneal-3730-lake-key-artifact-family-matrix-2026-09-29/support/artifacts/v1/plugin__probe_Plugin.dylib;anneal-3730-lake-key-artifact-family-matrix-2026-09-29/support/artifacts/v2/plugin__probe_Plugin.dylib;anneal-3730-lake-key-artifact-family-matrix-2026-09-29/support/probe.py;anneal-3730-lake-key-artifact-family-matrix-2026-09-29/support/check.py,anneal-3730-lake-dynamic-config-identity-2026-09-29,anneal-3730-lake-dynamic-config-identity-2026-09-29/REPORT.md;anneal-3730-lake-dynamic-config-identity-2026-09-29/support/results.json;anneal-3730-lake-dynamic-config-identity-2026-09-29/support/artifacts/golden-source;anneal-3730-lake-dynamic-config-identity-2026-09-29/support/artifacts/dynamic-a/trace;anneal-3730-lake-dynamic-config-identity-2026-09-29/support/artifacts/toml-seven/trace;anneal-3730-lake-dynamic-config-identity-2026-09-29/support/artifacts/lean-option/setup;anneal-3730-lake-dynamic-config-identity-2026-09-29/support/probe.py;anneal-3730-lake-dynamic-config-identity-2026-09-29/support/check.py,anneal-3730-lake-plugin-combined-family-mix-2026-09-29,anneal-3730-lake-plugin-combined-family-mix-2026-09-29/REPORT.md;anneal-3730-lake-plugin-combined-family-mix-2026-09-29/support/transcript.json;anneal-3730-lake-plugin-combined-family-mix-2026-09-29/support/artifacts/mix/olean;anneal-3730-lake-plugin-combined-family-mix-2026-09-29/support/artifacts/mix/plugin;anneal-3730-lake-plugin-combined-family-mix-2026-09-29/support/artifacts/mix/c;anneal-3730-lake-plugin-combined-family-mix-2026-09-29/support/artifacts/mix/setup;anneal-3730-lake-plugin-combined-family-mix-2026-09-29/support/probe.py;anneal-3730-lake-plugin-combined-family-mix-2026-09-29/support/check.py,,
F14,Consumer/toolchain relocation separately and together,I101,partial,partial,anneal-3730-lake-prepared-contract-2026-09-29,Mapped destination evidence is scoped by its report; this suggestion is not inferred complete from a partial destination.,I101: R21 copied a local producer/consumer pair but retained the producer. Relocate a producer-removed prepared Anneal archive with native/setup/server paths and retained workers.,,anneal-3730-lake-cache-publication-atomicity-2026-09-29,anneal-3730-lake-cache-publication-atomicity-2026-09-29/support/probe.py;anneal-3730-lake-cache-publication-atomicity-2026-09-29/support/results.json;anneal-3730-lake-cache-publication-atomicity-2026-09-29/support/artifacts/partial-output-map.json;anneal-3730-lake-cache-publication-atomicity-2026-09-29/support/artifacts/truncated-olean.bin,anneal-3730-lake-same-key-artifact-writers-2026-09-29,anneal-3730-lake-same-key-artifact-writers-2026-09-29/REPORT.md;anneal-3730-lake-same-key-artifact-writers-2026-09-29/support/results.json;anneal-3730-lake-same-key-artifact-writers-2026-09-29/support/artifacts/partial-olean.bin;anneal-3730-lake-same-key-artifact-writers-2026-09-29/support/artifacts/partial-ilean.bin;anneal-3730-lake-same-key-artifact-writers-2026-09-29/support/artifacts/partial-c.bin;anneal-3730-lake-same-key-artifact-writers-2026-09-29/support/probe.py;anneal-3730-lake-same-key-artifact-writers-2026-09-29/support/check.py,anneal-3730-lake-key-artifact-family-matrix-2026-09-29,anneal-3730-lake-key-artifact-family-matrix-2026-09-29/REPORT.md;anneal-3730-lake-key-artifact-family-matrix-2026-09-29/support/results.json;anneal-3730-lake-key-artifact-family-matrix-2026-09-29/support/artifacts/retained/base/Dep.olean;anneal-3730-lake-key-artifact-family-matrix-2026-09-29/support/artifacts/retained/mixed-olean/Dep.olean;anneal-3730-lake-key-artifact-family-matrix-2026-09-29/support/artifacts/v1/plugin__probe_Plugin.dylib;anneal-3730-lake-key-artifact-family-matrix-2026-09-29/support/artifacts/v2/plugin__probe_Plugin.dylib;anneal-3730-lake-key-artifact-family-matrix-2026-09-29/support/probe.py;anneal-3730-lake-key-artifact-family-matrix-2026-09-29/support/check.py,anneal-3730-lake-dynamic-config-identity-2026-09-29,anneal-3730-lake-dynamic-config-identity-2026-09-29/REPORT.md;anneal-3730-lake-dynamic-config-identity-2026-09-29/support/results.json;anneal-3730-lake-dynamic-config-identity-2026-09-29/support/artifacts/golden-source;anneal-3730-lake-dynamic-config-identity-2026-09-29/support/artifacts/dynamic-a/trace;anneal-3730-lake-dynamic-config-identity-2026-09-29/support/artifacts/toml-seven/trace;anneal-3730-lake-dynamic-config-identity-2026-09-29/support/artifacts/lean-option/setup;anneal-3730-lake-dynamic-config-identity-2026-09-29/support/probe.py;anneal-3730-lake-dynamic-config-identity-2026-09-29/support/check.py,anneal-3730-lake-plugin-combined-family-mix-2026-09-29,anneal-3730-lake-plugin-combined-family-mix-2026-09-29/REPORT.md;anneal-3730-lake-plugin-combined-family-mix-2026-09-29/support/transcript.json;anneal-3730-lake-plugin-combined-family-mix-2026-09-29/support/artifacts/mix/olean;anneal-3730-lake-plugin-combined-family-mix-2026-09-29/support/artifacts/mix/plugin;anneal-3730-lake-plugin-combined-family-mix-2026-09-29/support/artifacts/mix/c;anneal-3730-lake-plugin-combined-family-mix-2026-09-29/support/artifacts/mix/setup;anneal-3730-lake-plugin-combined-family-mix-2026-09-29/support/probe.py;anneal-3730-lake-plugin-combined-family-mix-2026-09-29/support/check.py,,
F15,Final-location preparation versus rename,I052,partial,partial,anneal-3730-generation-recovery-2026-09-29,Mapped destination evidence is scoped by its report; this suggestion is not inferred complete from a partial destination.,"I052: Prepare final versus moved Lake/Anneal generations across manifests, traces, setup, native libraries and retained workers; the synthetic rename and small Lake relocation cover subsets.",,,,,,,,,,,,,
F16,Network-denied consumption,I104,partial,partial,anneal-3730-lake-prepared-contract-2026-09-29,Mapped destination evidence is scoped by its report; this suggestion is not inferred complete from a partial destination.,I104: R21 used local dependencies and disabled artifact cache downloads only. Enforce network denial and trace producer/consumer filesystem attempts.,,anneal-3730-lake-cache-publication-atomicity-2026-09-29,anneal-3730-lake-cache-publication-atomicity-2026-09-29/support/probe.py;anneal-3730-lake-cache-publication-atomicity-2026-09-29/support/results.json;anneal-3730-lake-cache-publication-atomicity-2026-09-29/support/artifacts/partial-output-map.json;anneal-3730-lake-cache-publication-atomicity-2026-09-29/support/artifacts/truncated-olean.bin,anneal-3730-lake-same-key-artifact-writers-2026-09-29,anneal-3730-lake-same-key-artifact-writers-2026-09-29/REPORT.md;anneal-3730-lake-same-key-artifact-writers-2026-09-29/support/results.json;anneal-3730-lake-same-key-artifact-writers-2026-09-29/support/artifacts/partial-olean.bin;anneal-3730-lake-same-key-artifact-writers-2026-09-29/support/artifacts/partial-ilean.bin;anneal-3730-lake-same-key-artifact-writers-2026-09-29/support/artifacts/partial-c.bin;anneal-3730-lake-same-key-artifact-writers-2026-09-29/support/probe.py;anneal-3730-lake-same-key-artifact-writers-2026-09-29/support/check.py,anneal-3730-lake-key-artifact-family-matrix-2026-09-29,anneal-3730-lake-key-artifact-family-matrix-2026-09-29/REPORT.md;anneal-3730-lake-key-artifact-family-matrix-2026-09-29/support/results.json;anneal-3730-lake-key-artifact-family-matrix-2026-09-29/support/artifacts/retained/base/Dep.olean;anneal-3730-lake-key-artifact-family-matrix-2026-09-29/support/artifacts/retained/mixed-olean/Dep.olean;anneal-3730-lake-key-artifact-family-matrix-2026-09-29/support/artifacts/v1/plugin__probe_Plugin.dylib;anneal-3730-lake-key-artifact-family-matrix-2026-09-29/support/artifacts/v2/plugin__probe_Plugin.dylib;anneal-3730-lake-key-artifact-family-matrix-2026-09-29/support/probe.py;anneal-3730-lake-key-artifact-family-matrix-2026-09-29/support/check.py,anneal-3730-lake-dynamic-config-identity-2026-09-29,anneal-3730-lake-dynamic-config-identity-2026-09-29/REPORT.md;anneal-3730-lake-dynamic-config-identity-2026-09-29/support/results.json;anneal-3730-lake-dynamic-config-identity-2026-09-29/support/artifacts/golden-source;anneal-3730-lake-dynamic-config-identity-2026-09-29/support/artifacts/dynamic-a/trace;anneal-3730-lake-dynamic-config-identity-2026-09-29/support/artifacts/toml-seven/trace;anneal-3730-lake-dynamic-config-identity-2026-09-29/support/artifacts/lean-option/setup;anneal-3730-lake-dynamic-config-identity-2026-09-29/support/probe.py;anneal-3730-lake-dynamic-config-identity-2026-09-29/support/check.py,anneal-3730-lake-plugin-combined-family-mix-2026-09-29,anneal-3730-lake-plugin-combined-family-mix-2026-09-29/REPORT.md;anneal-3730-lake-plugin-combined-family-mix-2026-09-29/support/transcript.json;anneal-3730-lake-plugin-combined-family-mix-2026-09-29/support/artifacts/mix/olean;anneal-3730-lake-plugin-combined-family-mix-2026-09-29/support/artifacts/mix/plugin;anneal-3730-lake-plugin-combined-family-mix-2026-09-29/support/artifacts/mix/c;anneal-3730-lake-plugin-combined-family-mix-2026-09-29/support/artifacts/mix/setup;anneal-3730-lake-plugin-combined-family-mix-2026-09-29/support/probe.py;anneal-3730-lake-plugin-combined-family-mix-2026-09-29/support/check.py,,
F17,User-cache contamination,I096;I104,partial,partial;partial,anneal-3730-lake-prepared-contract-2026-09-29,Mapped destination evidence is scoped by its report; this suggestion is not inferred complete from a partial destination.,I096: R21 exercised local Lake-discovered plugin target and one server. Attest executable/config discovery for CLI/editor/MCP/CI launch variants.; I104: R21 used local dependencies and disabled artifact cache downloads only. Enforce network denial and trace producer/consumer filesystem attempts.,,anneal-3730-lake-cache-publication-atomicity-2026-09-29,anneal-3730-lake-cache-publication-atomicity-2026-09-29/support/probe.py;anneal-3730-lake-cache-publication-atomicity-2026-09-29/support/results.json;anneal-3730-lake-cache-publication-atomicity-2026-09-29/support/artifacts/partial-output-map.json;anneal-3730-lake-cache-publication-atomicity-2026-09-29/support/artifacts/truncated-olean.bin,anneal-3730-lake-same-key-artifact-writers-2026-09-29,anneal-3730-lake-same-key-artifact-writers-2026-09-29/REPORT.md;anneal-3730-lake-same-key-artifact-writers-2026-09-29/support/results.json;anneal-3730-lake-same-key-artifact-writers-2026-09-29/support/artifacts/partial-olean.bin;anneal-3730-lake-same-key-artifact-writers-2026-09-29/support/artifacts/partial-ilean.bin;anneal-3730-lake-same-key-artifact-writers-2026-09-29/support/artifacts/partial-c.bin;anneal-3730-lake-same-key-artifact-writers-2026-09-29/support/probe.py;anneal-3730-lake-same-key-artifact-writers-2026-09-29/support/check.py,anneal-3730-lake-key-artifact-family-matrix-2026-09-29,anneal-3730-lake-key-artifact-family-matrix-2026-09-29/REPORT.md;anneal-3730-lake-key-artifact-family-matrix-2026-09-29/support/results.json;anneal-3730-lake-key-artifact-family-matrix-2026-09-29/support/artifacts/retained/base/Dep.olean;anneal-3730-lake-key-artifact-family-matrix-2026-09-29/support/artifacts/retained/mixed-olean/Dep.olean;anneal-3730-lake-key-artifact-family-matrix-2026-09-29/support/artifacts/v1/plugin__probe_Plugin.dylib;anneal-3730-lake-key-artifact-family-matrix-2026-09-29/support/artifacts/v2/plugin__probe_Plugin.dylib;anneal-3730-lake-key-artifact-family-matrix-2026-09-29/support/probe.py;anneal-3730-lake-key-artifact-family-matrix-2026-09-29/support/check.py,anneal-3730-lake-dynamic-config-identity-2026-09-29,anneal-3730-lake-dynamic-config-identity-2026-09-29/REPORT.md;anneal-3730-lake-dynamic-config-identity-2026-09-29/support/results.json;anneal-3730-lake-dynamic-config-identity-2026-09-29/support/artifacts/golden-source;anneal-3730-lake-dynamic-config-identity-2026-09-29/support/artifacts/dynamic-a/trace;anneal-3730-lake-dynamic-config-identity-2026-09-29/support/artifacts/toml-seven/trace;anneal-3730-lake-dynamic-config-identity-2026-09-29/support/artifacts/lean-option/setup;anneal-3730-lake-dynamic-config-identity-2026-09-29/support/probe.py;anneal-3730-lake-dynamic-config-identity-2026-09-29/support/check.py,anneal-3730-lake-plugin-combined-family-mix-2026-09-29,anneal-3730-lake-plugin-combined-family-mix-2026-09-29/REPORT.md;anneal-3730-lake-plugin-combined-family-mix-2026-09-29/support/transcript.json;anneal-3730-lake-plugin-combined-family-mix-2026-09-29/support/artifacts/mix/olean;anneal-3730-lake-plugin-combined-family-mix-2026-09-29/support/artifacts/mix/plugin;anneal-3730-lake-plugin-combined-family-mix-2026-09-29/support/artifacts/mix/c;anneal-3730-lake-plugin-combined-family-mix-2026-09-29/support/artifacts/mix/setup;anneal-3730-lake-plugin-combined-family-mix-2026-09-29/support/probe.py;anneal-3730-lake-plugin-combined-family-mix-2026-09-29/support/check.py,,
F18,Timestamp perturbations,I100,partial,partial,anneal-3730-lake-prepared-contract-2026-09-29,Mapped destination evidence is scoped by its report; this suggestion is not inferred complete from a partial destination.,I100: R21 retained exact unchanged hashes for one valid mix. Extend mtime/source-order/trace normalization and family mix controls to realistic generated graphs.,anneal-3730-lean-cross-version-equivalence-v4-29-v4-30-rc2-2026-09-29,anneal-3730-lake-cache-publication-atomicity-2026-09-29,anneal-3730-lake-cache-publication-atomicity-2026-09-29/support/probe.py;anneal-3730-lake-cache-publication-atomicity-2026-09-29/support/results.json;anneal-3730-lake-cache-publication-atomicity-2026-09-29/support/artifacts/partial-output-map.json;anneal-3730-lake-cache-publication-atomicity-2026-09-29/support/artifacts/truncated-olean.bin,anneal-3730-lake-same-key-artifact-writers-2026-09-29,anneal-3730-lake-same-key-artifact-writers-2026-09-29/REPORT.md;anneal-3730-lake-same-key-artifact-writers-2026-09-29/support/results.json;anneal-3730-lake-same-key-artifact-writers-2026-09-29/support/artifacts/partial-olean.bin;anneal-3730-lake-same-key-artifact-writers-2026-09-29/support/artifacts/partial-ilean.bin;anneal-3730-lake-same-key-artifact-writers-2026-09-29/support/artifacts/partial-c.bin;anneal-3730-lake-same-key-artifact-writers-2026-09-29/support/probe.py;anneal-3730-lake-same-key-artifact-writers-2026-09-29/support/check.py,anneal-3730-lake-key-artifact-family-matrix-2026-09-29,anneal-3730-lake-key-artifact-family-matrix-2026-09-29/REPORT.md;anneal-3730-lake-key-artifact-family-matrix-2026-09-29/support/results.json;anneal-3730-lake-key-artifact-family-matrix-2026-09-29/support/artifacts/retained/base/Dep.olean;anneal-3730-lake-key-artifact-family-matrix-2026-09-29/support/artifacts/retained/mixed-olean/Dep.olean;anneal-3730-lake-key-artifact-family-matrix-2026-09-29/support/artifacts/v1/plugin__probe_Plugin.dylib;anneal-3730-lake-key-artifact-family-matrix-2026-09-29/support/artifacts/v2/plugin__probe_Plugin.dylib;anneal-3730-lake-key-artifact-family-matrix-2026-09-29/support/probe.py;anneal-3730-lake-key-artifact-family-matrix-2026-09-29/support/check.py,anneal-3730-lake-dynamic-config-identity-2026-09-29,anneal-3730-lake-dynamic-config-identity-2026-09-29/REPORT.md;anneal-3730-lake-dynamic-config-identity-2026-09-29/support/results.json;anneal-3730-lake-dynamic-config-identity-2026-09-29/support/artifacts/golden-source;anneal-3730-lake-dynamic-config-identity-2026-09-29/support/artifacts/dynamic-a/trace;anneal-3730-lake-dynamic-config-identity-2026-09-29/support/artifacts/toml-seven/trace;anneal-3730-lake-dynamic-config-identity-2026-09-29/support/artifacts/lean-option/setup;anneal-3730-lake-dynamic-config-identity-2026-09-29/support/probe.py;anneal-3730-lake-dynamic-config-identity-2026-09-29/support/check.py,anneal-3730-lake-plugin-combined-family-mix-2026-09-29,anneal-3730-lake-plugin-combined-family-mix-2026-09-29/REPORT.md;anneal-3730-lake-plugin-combined-family-mix-2026-09-29/support/transcript.json;anneal-3730-lake-plugin-combined-family-mix-2026-09-29/support/artifacts/mix/olean;anneal-3730-lake-plugin-combined-family-mix-2026-09-29/support/artifacts/mix/plugin;anneal-3730-lake-plugin-combined-family-mix-2026-09-29/support/artifacts/mix/c;anneal-3730-lake-plugin-combined-family-mix-2026-09-29/support/artifacts/mix/setup;anneal-3730-lake-plugin-combined-family-mix-2026-09-29/support/probe.py;anneal-3730-lake-plugin-combined-family-mix-2026-09-29/support/check.py,,
F19,Clean oracle for interactive setup,I099;I131;I132,partial,partial;partial;partial,anneal-3730-lake-prepared-contract-2026-09-29;anneal-3730-acceptance-oracle-matrix-2026-09-29,Mapped destination evidence is scoped by its report; this suggestion is not inferred complete from a partial destination.,"I099: R21 clean/mixed local controls cover one theorem, value and plugin marker. Compare clean/prepared declarations, assumptions, diagnostics, goals and loaded artifacts across actual Anneal workspaces.; I131: Independent operator/machine recheck with complete dependencies/toolchains, beyond fresh same-host local processes that still trust pinned translators and prebuilt Lean runtime.; I132: Calibrate proposition, obligation, model, source, artifact and diagnostic comparators on broader cross-tool mutants; R12 rejects selected weak/missing/sorry/stale/import/model cases.",anneal-3730-lean-cross-version-equivalence-v4-29-v4-30-rc2-2026-09-29,anneal-3730-lake-cache-publication-atomicity-2026-09-29;anneal-3730-rust-charon-aeneas-lean-golden-vertical-2026-09-29,anneal-3730-lake-cache-publication-atomicity-2026-09-29/support/probe.py;anneal-3730-lake-cache-publication-atomicity-2026-09-29/support/results.json;anneal-3730-lake-cache-publication-atomicity-2026-09-29/support/artifacts/partial-output-map.json;anneal-3730-lake-cache-publication-atomicity-2026-09-29/support/artifacts/truncated-olean.bin;anneal-3730-rust-charon-aeneas-lean-golden-vertical-2026-09-29/support/probe.py;anneal-3730-rust-charon-aeneas-lean-golden-vertical-2026-09-29/support/results.json;anneal-3730-rust-charon-aeneas-lean-golden-vertical-2026-09-29/support/work/base-cold/current.llbc;anneal-3730-rust-charon-aeneas-lean-golden-vertical-2026-09-29/support/work/mutated-clean/current.llbc,anneal-3730-lake-same-key-artifact-writers-2026-09-29;anneal-3730-cross-layer-comparator-mutants-2026-09-29,anneal-3730-lake-same-key-artifact-writers-2026-09-29/REPORT.md;anneal-3730-lake-same-key-artifact-writers-2026-09-29/support/results.json;anneal-3730-lake-same-key-artifact-writers-2026-09-29/support/artifacts/partial-olean.bin;anneal-3730-lake-same-key-artifact-writers-2026-09-29/support/artifacts/partial-ilean.bin;anneal-3730-lake-same-key-artifact-writers-2026-09-29/support/artifacts/partial-c.bin;anneal-3730-lake-same-key-artifact-writers-2026-09-29/support/probe.py;anneal-3730-lake-same-key-artifact-writers-2026-09-29/support/check.py;anneal-3730-cross-layer-comparator-mutants-2026-09-29/REPORT.md;anneal-3730-cross-layer-comparator-mutants-2026-09-29/support/results.json;anneal-3730-cross-layer-comparator-mutants-2026-09-29/support/comparison-manifest.json;anneal-3730-cross-layer-comparator-mutants-2026-09-29/support/probe.py;anneal-3730-cross-layer-comparator-mutants-2026-09-29/support/check.py,anneal-3730-lake-key-artifact-family-matrix-2026-09-29,anneal-3730-lake-key-artifact-family-matrix-2026-09-29/REPORT.md;anneal-3730-lake-key-artifact-family-matrix-2026-09-29/support/results.json;anneal-3730-lake-key-artifact-family-matrix-2026-09-29/support/artifacts/retained/base/Dep.olean;anneal-3730-lake-key-artifact-family-matrix-2026-09-29/support/artifacts/retained/mixed-olean/Dep.olean;anneal-3730-lake-key-artifact-family-matrix-2026-09-29/support/artifacts/v1/plugin__probe_Plugin.dylib;anneal-3730-lake-key-artifact-family-matrix-2026-09-29/support/artifacts/v2/plugin__probe_Plugin.dylib;anneal-3730-lake-key-artifact-family-matrix-2026-09-29/support/probe.py;anneal-3730-lake-key-artifact-family-matrix-2026-09-29/support/check.py,anneal-3730-lake-dynamic-config-identity-2026-09-29,anneal-3730-lake-dynamic-config-identity-2026-09-29/REPORT.md;anneal-3730-lake-dynamic-config-identity-2026-09-29/support/results.json;anneal-3730-lake-dynamic-config-identity-2026-09-29/support/artifacts/golden-source;anneal-3730-lake-dynamic-config-identity-2026-09-29/support/artifacts/dynamic-a/trace;anneal-3730-lake-dynamic-config-identity-2026-09-29/support/artifacts/toml-seven/trace;anneal-3730-lake-dynamic-config-identity-2026-09-29/support/artifacts/lean-option/setup;anneal-3730-lake-dynamic-config-identity-2026-09-29/support/probe.py;anneal-3730-lake-dynamic-config-identity-2026-09-29/support/check.py,anneal-3730-lake-plugin-combined-family-mix-2026-09-29,anneal-3730-lake-plugin-combined-family-mix-2026-09-29/REPORT.md;anneal-3730-lake-plugin-combined-family-mix-2026-09-29/support/transcript.json;anneal-3730-lake-plugin-combined-family-mix-2026-09-29/support/artifacts/mix/olean;anneal-3730-lake-plugin-combined-family-mix-2026-09-29/support/artifacts/mix/plugin;anneal-3730-lake-plugin-combined-family-mix-2026-09-29/support/artifacts/mix/c;anneal-3730-lake-plugin-combined-family-mix-2026-09-29/support/artifacts/mix/setup;anneal-3730-lake-plugin-combined-family-mix-2026-09-29/support/probe.py;anneal-3730-lake-plugin-combined-family-mix-2026-09-29/support/check.py,,
F20,Generated-module rebuild isolation,I089;I113,partial,partial;partial,anneal-3730-lake-prepared-contract-2026-09-29;anneal-3730-resource-economics-2026-09-29,Mapped destination evidence is scoped by its report; this suggestion is not inferred complete from a partial destination.,"I089: R21 used one local two-package plugin fixture. Run actual Anneal prepared archive from empty home/cache with read-only dependencies, first-goal write tracing and producer removal.; I113: Complete the per-consumer logical/allocated/inode/write/peak-space bill across Rust, LLBC, generated Lean, Lake caches and paths outside the workspace; the direct Lean soak measured only tiny local scratch bytes.",,anneal-3730-lake-cache-publication-atomicity-2026-09-29;anneal-3730-resource-soak-contamination-2026-09-29,anneal-3730-lake-cache-publication-atomicity-2026-09-29/support/probe.py;anneal-3730-lake-cache-publication-atomicity-2026-09-29/support/results.json;anneal-3730-lake-cache-publication-atomicity-2026-09-29/support/artifacts/partial-output-map.json;anneal-3730-lake-cache-publication-atomicity-2026-09-29/support/artifacts/truncated-olean.bin;anneal-3730-resource-soak-contamination-2026-09-29/support/probe.py;anneal-3730-resource-soak-contamination-2026-09-29/support/check.py;anneal-3730-resource-soak-contamination-2026-09-29/transcript.json,anneal-3730-lake-same-key-artifact-writers-2026-09-29;anneal-3730-lean-server-soak-context-rpc-2026-09-29,anneal-3730-lake-same-key-artifact-writers-2026-09-29/REPORT.md;anneal-3730-lake-same-key-artifact-writers-2026-09-29/support/results.json;anneal-3730-lake-same-key-artifact-writers-2026-09-29/support/artifacts/partial-olean.bin;anneal-3730-lake-same-key-artifact-writers-2026-09-29/support/artifacts/partial-ilean.bin;anneal-3730-lake-same-key-artifact-writers-2026-09-29/support/artifacts/partial-c.bin;anneal-3730-lake-same-key-artifact-writers-2026-09-29/support/probe.py;anneal-3730-lake-same-key-artifact-writers-2026-09-29/support/check.py;anneal-3730-lean-server-soak-context-rpc-2026-09-29/REPORT.md;anneal-3730-lean-server-soak-context-rpc-2026-09-29/support/transcript.json;anneal-3730-lean-server-soak-context-rpc-2026-09-29/support/work/A/Proof.lean;anneal-3730-lean-server-soak-context-rpc-2026-09-29/support/work/B/Proof.lean;anneal-3730-lean-server-soak-context-rpc-2026-09-29/support/probe.py;anneal-3730-lean-server-soak-context-rpc-2026-09-29/support/check.py,anneal-3730-lake-key-artifact-family-matrix-2026-09-29,anneal-3730-lake-key-artifact-family-matrix-2026-09-29/REPORT.md;anneal-3730-lake-key-artifact-family-matrix-2026-09-29/support/results.json;anneal-3730-lake-key-artifact-family-matrix-2026-09-29/support/artifacts/retained/base/Dep.olean;anneal-3730-lake-key-artifact-family-matrix-2026-09-29/support/artifacts/retained/mixed-olean/Dep.olean;anneal-3730-lake-key-artifact-family-matrix-2026-09-29/support/artifacts/v1/plugin__probe_Plugin.dylib;anneal-3730-lake-key-artifact-family-matrix-2026-09-29/support/artifacts/v2/plugin__probe_Plugin.dylib;anneal-3730-lake-key-artifact-family-matrix-2026-09-29/support/probe.py;anneal-3730-lake-key-artifact-family-matrix-2026-09-29/support/check.py,anneal-3730-lake-dynamic-config-identity-2026-09-29,anneal-3730-lake-dynamic-config-identity-2026-09-29/REPORT.md;anneal-3730-lake-dynamic-config-identity-2026-09-29/support/results.json;anneal-3730-lake-dynamic-config-identity-2026-09-29/support/artifacts/golden-source;anneal-3730-lake-dynamic-config-identity-2026-09-29/support/artifacts/dynamic-a/trace;anneal-3730-lake-dynamic-config-identity-2026-09-29/support/artifacts/toml-seven/trace;anneal-3730-lake-dynamic-config-identity-2026-09-29/support/artifacts/lean-option/setup;anneal-3730-lake-dynamic-config-identity-2026-09-29/support/probe.py;anneal-3730-lake-dynamic-config-identity-2026-09-29/support/check.py,anneal-3730-lake-plugin-combined-family-mix-2026-09-29,anneal-3730-lake-plugin-combined-family-mix-2026-09-29/REPORT.md;anneal-3730-lake-plugin-combined-family-mix-2026-09-29/support/transcript.json;anneal-3730-lake-plugin-combined-family-mix-2026-09-29/support/artifacts/mix/olean;anneal-3730-lake-plugin-combined-family-mix-2026-09-29/support/artifacts/mix/plugin;anneal-3730-lake-plugin-combined-family-mix-2026-09-29/support/artifacts/mix/c;anneal-3730-lake-plugin-combined-family-mix-2026-09-29/support/artifacts/mix/setup;anneal-3730-lake-plugin-combined-family-mix-2026-09-29/support/probe.py;anneal-3730-lake-plugin-combined-family-mix-2026-09-29/support/check.py,,
G01,Explicit transport-independent MCP handles,I065;I066;I145,partial,partial;partial;partial,anneal-3730-multiclient-editor-contract-2026-09-29,Mapped destination evidence is scoped by its report; this suggestion is not inferred complete from a partial destination.,"I065: Executable MCP revision/capability negotiation and fallback for handles, progress, cancellation, and retrieval.; I066: A typed minimal proof-tool API exercised on actual subject/snapshot selection and verification.; I145: Execute full identity ablation through actual Cargo→Charon→Aeneas→Lake→Lean→MCP responses; finite counterexamples cover four weakened tokens and selected ABA schedules only.",anneal-3730-identity-state-mutation-model-2026-09-29,,,,,,,,,,,,
G02,Handle expiry and stale-generation failures,I044;I047;I122;I145,partial,partial;partial;partial;partial,anneal-3730-lean-rpc-lifetimes-v4-30-0-rc2;anneal-3730-server-topology-v4-30-0-rc2;anneal-3730-generation-recovery-2026-09-29,Mapped destination evidence is scoped by its report; this suggestion is not inferred complete from a partial destination.,"I044: Measure many real rich RPC references across replacement, release, expiry and generation-specific context; one InfoWithCtx dereferenced after import transition and failed after release/stale session.; I047: Measure retained historical-goal storage, latency and expiry after rapid edits; a resident old worker is not an explicit historical-query service.; I122: Repeated crash/restart cleanup with durable owner identity and bounded orphan reclaim in an actual Anneal/Lake workspace; synthetic process fixture alone is insufficient.; I145: Execute full identity ablation through actual Cargo→Charon→Aeneas→Lake→Lean→MCP responses; finite counterexamples cover four weakened tokens and selected ABA schedules only.",anneal-3730-lean-launch-refresh-matrix-v4-30-0-rc2;anneal-3730-identity-state-mutation-model-2026-09-29,anneal-3730-lean-transitive-import-rpc-matrix-2026-09-29,anneal-3730-lean-transitive-import-rpc-matrix-2026-09-29/support/probe.py;anneal-3730-lean-transitive-import-rpc-matrix-2026-09-29/support/transcript.json;anneal-3730-lean-transitive-import-rpc-matrix-2026-09-29/support/summary.json,anneal-3730-lean-server-soak-context-rpc-2026-09-29,anneal-3730-lean-server-soak-context-rpc-2026-09-29/REPORT.md;anneal-3730-lean-server-soak-context-rpc-2026-09-29/support/transcript.json;anneal-3730-lean-server-soak-context-rpc-2026-09-29/support/work/A/Proof.lean;anneal-3730-lean-server-soak-context-rpc-2026-09-29/support/work/B/Proof.lean;anneal-3730-lean-server-soak-context-rpc-2026-09-29/support/probe.py;anneal-3730-lean-server-soak-context-rpc-2026-09-29/support/check.py,anneal-3730-lean-multiminute-restart-resource-soak-2026-09-29,anneal-3730-lean-multiminute-restart-resource-soak-2026-09-29/REPORT.md;anneal-3730-lean-multiminute-restart-resource-soak-2026-09-29/support/transcript.json;anneal-3730-lean-multiminute-restart-resource-soak-2026-09-29/support/pilot-id-collision.json;anneal-3730-lean-multiminute-restart-resource-soak-2026-09-29/support/work/A/Proof0.lean;anneal-3730-lean-multiminute-restart-resource-soak-2026-09-29/support/probe.py;anneal-3730-lean-multiminute-restart-resource-soak-2026-09-29/support/check.py,,,,,,
G03,Long-running MCP tasks,I065;I071,not-run,partial;partial,anneal-3730-multiclient-editor-contract-2026-09-29,No real MCP long-running task/progress/result lifecycle was executed.,"I065: Executable MCP revision/capability negotiation and fallback for handles, progress, cancellation, and retrieval.; I071: Actual asynchronous MCP progress/result lifecycle with expiry, cancellation, and partial-failure responses.",,,,,,,,,,,,,
G04,Subscriptions for diagnostics/progress,I152,partial,partial,anneal-3730-multiclient-editor-contract-2026-09-29,Mapped destination evidence is scoped by its report; this suggestion is not inferred complete from a partial destination.,"I152: Actual MCP subscriptions/listen versus polling under delayed/dropped delivery, reconnect and state reconciliation; new local event model is not MCP transport.",,,,,,,,,,,,,
G05,Concurrent agents in one workspace,I014;I067;I068,partial,partial;partial;partial,anneal-3730-multiclient-editor-contract-2026-09-29,Mapped destination evidence is scoped by its report; this suggestion is not inferred complete from a partial destination.,"I014: Run four independent actual writers on one Anneal workspace with conflict/fork/owner policy; finite and two-thread models expose the lost-update contract only.; I067: Actual MCP transport-loss retries for edit/worker-create/check-start with durable bounded dedup expiry and CAS; local broker only models one edit response.; I068: One actual MCP/editor workspace authority with alternating unsaved edits, queries, and reconnect.",anneal-3730-identity-state-mutation-model-2026-09-29,,,,,,,,,,,,
G06,Version-checked agent patch transaction,I029;I070;I137,partial,partial;partial;partial,anneal-3730-projection-provenance-2026-09-29,Mapped destination evidence is scoped by its report; this suggestion is not inferred complete from a partial destination.,"I029: Apply source-owned patches through real editor transactions after source shifts and conflicting writers; the two-range stale/mixed/conflicting rejects were in a local model.; I070: R24 accepted and rejected eleven private batch-checked tactic candidates with source/import/OLean/binary preimage CAS, duplicate request, cancellation and fresh final check. Still test actual Anneal subject/proof IDs and projected annotations, long-lived server/RPC, transitive/native environment identity, full proposition/axiom oracle and concurrent/crash-safe journal/pointer publication.; I137: Real Rust-hosted annotation with parser, projection, prepared model, exact live query/edit, and batch check.",anneal-3730-projection-macro-doccomment-patch-matrix-2026-09-29,anneal-3730-source-owned-projection-diagnostic-matrix-2026-09-29,anneal-3730-source-owned-projection-diagnostic-matrix-2026-09-29/support/probe.py;anneal-3730-source-owned-projection-diagnostic-matrix-2026-09-29/support/results.json;anneal-3730-source-owned-projection-diagnostic-matrix-2026-09-29/support/source.rs;anneal-3730-source-owned-projection-diagnostic-matrix-2026-09-29/support/artifacts/source.llbc,anneal-3730-lean-lsp-projection-code-actions-2026-09-29,anneal-3730-lean-lsp-projection-code-actions-2026-09-29/REPORT.md;anneal-3730-lean-lsp-projection-code-actions-2026-09-29/support/lsp-transcript.json;anneal-3730-lean-lsp-projection-code-actions-2026-09-29/support/projection-stream.json;anneal-3730-lean-lsp-projection-code-actions-2026-09-29/support/Unicode.lean;anneal-3730-lean-lsp-projection-code-actions-2026-09-29/support/lsp_probe.py;anneal-3730-lean-lsp-projection-code-actions-2026-09-29/support/projection_model.py;anneal-3730-lean-lsp-projection-code-actions-2026-09-29/support/verify.py,,,,,,,anneal-3730-scratch-tactic-cas-experiment-2026-09-29,anneal-3730-scratch-tactic-cas-experiment-2026-09-29/REPORT.md;anneal-3730-scratch-tactic-cas-experiment-2026-09-29/support/results.json;anneal-3730-scratch-tactic-cas-experiment-2026-09-29/support/artifacts/accepted-Proof.lean;anneal-3730-scratch-tactic-cas-experiment-2026-09-29/support/artifacts/final-Proof.lean;anneal-3730-scratch-tactic-cas-experiment-2026-09-29/support/probe.py;anneal-3730-scratch-tactic-cas-experiment-2026-09-29/support/verify.py
G07,Scratch tactic trials and reuse,I040;I070;I116;I153,partial,partial;partial;partial;partial,anneal-3730-resource-economics-2026-09-29;anneal-3730-server-topology-v4-30-0-rc2,"R24 executed an isolated batch-checked tactic-candidate prototype with private copies and CAS; projected virtual documents, warm-prefix reuse and cleanup remain untested.","I040: Scratch proof forks with matched module identity, options, imports, surrounding commands, and real-candidate replay.; I070: R24 accepted and rejected eleven private batch-checked tactic candidates with source/import/OLean/binary preimage CAS, duplicate request, cancellation and fresh final check. Still test actual Anneal subject/proof IDs and projected annotations, long-lived server/RPC, transitive/native environment identity, full proposition/axiom oracle and concurrent/crash-safe journal/pointer publication.; I116: Classify sustained retention versus leak with hours/large imports and controlled worker lifecycle; R16 ran about 189 seconds with tiny imports and sampled RSS/footprint.; I153: Compare one-watchdog/N-server/MCP/scratch-pool topologies under realistic 1/2/4/8 documents, unique physical memory and capacity; R16 exercised one direct Lean watchdog at a time with 1/2/4 tiny file workers.",,anneal-3730-resource-soak-contamination-2026-09-29,anneal-3730-resource-soak-contamination-2026-09-29/support/probe.py;anneal-3730-resource-soak-contamination-2026-09-29/support/check.py;anneal-3730-resource-soak-contamination-2026-09-29/transcript.json,anneal-3730-lean-server-soak-context-rpc-2026-09-29,anneal-3730-lean-server-soak-context-rpc-2026-09-29/REPORT.md;anneal-3730-lean-server-soak-context-rpc-2026-09-29/support/transcript.json;anneal-3730-lean-server-soak-context-rpc-2026-09-29/support/work/A/Proof.lean;anneal-3730-lean-server-soak-context-rpc-2026-09-29/support/work/B/Proof.lean;anneal-3730-lean-server-soak-context-rpc-2026-09-29/support/probe.py;anneal-3730-lean-server-soak-context-rpc-2026-09-29/support/check.py,anneal-3730-lean-multiminute-restart-resource-soak-2026-09-29,anneal-3730-lean-multiminute-restart-resource-soak-2026-09-29/REPORT.md;anneal-3730-lean-multiminute-restart-resource-soak-2026-09-29/support/transcript.json;anneal-3730-lean-multiminute-restart-resource-soak-2026-09-29/support/pilot-id-collision.json;anneal-3730-lean-multiminute-restart-resource-soak-2026-09-29/support/work/A/Proof0.lean;anneal-3730-lean-multiminute-restart-resource-soak-2026-09-29/support/probe.py;anneal-3730-lean-multiminute-restart-resource-soak-2026-09-29/support/check.py,,,,,anneal-3730-scratch-tactic-cas-experiment-2026-09-29,anneal-3730-scratch-tactic-cas-experiment-2026-09-29/REPORT.md;anneal-3730-scratch-tactic-cas-experiment-2026-09-29/support/results.json;anneal-3730-scratch-tactic-cas-experiment-2026-09-29/support/artifacts/accepted-Proof.lean;anneal-3730-scratch-tactic-cas-experiment-2026-09-29/support/artifacts/final-Proof.lean;anneal-3730-scratch-tactic-cas-experiment-2026-09-29/support/probe.py;anneal-3730-scratch-tactic-cas-experiment-2026-09-29/support/verify.py
G08,Scratch environment fidelity,I040,partial,partial,,Mapped destination evidence is scoped by its report; this suggestion is not inferred complete from a partial destination.,"I040: Scratch proof forks with matched module identity, options, imports, surrounding commands, and real-candidate replay.",,,,,,,,,,,,,
G09,Read-only versus mutating tools,I069;I126,partial,partial;partial,anneal-3730-multiclient-editor-contract-2026-09-29;anneal-3730-acceptance-oracle-matrix-2026-09-29,Mapped destination evidence is scoped by its report; this suggestion is not inferred complete from a partial destination.,"I069: Executed tool access tiers and workspace/path isolation, especially generated-to-authored edit authority.; I126: Lake configuration, Lean macros/native extensions and enforced containment/resource limits; a benign run_tac write adds one execution boundary to prior Cargo/Lean callbacks.",,anneal-3730-rust-charon-aeneas-lean-golden-vertical-2026-09-29,anneal-3730-rust-charon-aeneas-lean-golden-vertical-2026-09-29/support/probe.py;anneal-3730-rust-charon-aeneas-lean-golden-vertical-2026-09-29/support/results.json;anneal-3730-rust-charon-aeneas-lean-golden-vertical-2026-09-29/support/work/base-cold/current.llbc;anneal-3730-rust-charon-aeneas-lean-golden-vertical-2026-09-29/support/work/mutated-clean/current.llbc,anneal-3730-cross-layer-comparator-mutants-2026-09-29,anneal-3730-cross-layer-comparator-mutants-2026-09-29/REPORT.md;anneal-3730-cross-layer-comparator-mutants-2026-09-29/support/results.json;anneal-3730-cross-layer-comparator-mutants-2026-09-29/support/comparison-manifest.json;anneal-3730-cross-layer-comparator-mutants-2026-09-29/support/probe.py;anneal-3730-cross-layer-comparator-mutants-2026-09-29/support/check.py,,,,,,,,
G10,MCP multiplexing/process isolation,I004;I153,partial,partial;partial,anneal-3730-architecture-contracts-2026-09-29;anneal-3730-resource-economics-2026-09-29;anneal-3730-server-topology-v4-30-0-rc2,Mapped destination evidence is scoped by its report; this suggestion is not inferred complete from a partial destination.,"I004: Repeat the one-shot/per-project/broker comparison with actual Charon/Aeneas/Lean work, matched isolation, startup, restart and physical-resource measurements; the new timing rank is toy-only.; I153: Compare one-watchdog/N-server/MCP/scratch-pool topologies under realistic 1/2/4/8 documents, unique physical memory and capacity; R16 exercised one direct Lean watchdog at a time with 1/2/4 tiny file workers.",,anneal-3730-resource-soak-contamination-2026-09-29,anneal-3730-resource-soak-contamination-2026-09-29/support/probe.py;anneal-3730-resource-soak-contamination-2026-09-29/support/check.py;anneal-3730-resource-soak-contamination-2026-09-29/transcript.json,anneal-3730-lean-server-soak-context-rpc-2026-09-29,anneal-3730-lean-server-soak-context-rpc-2026-09-29/REPORT.md;anneal-3730-lean-server-soak-context-rpc-2026-09-29/support/transcript.json;anneal-3730-lean-server-soak-context-rpc-2026-09-29/support/work/A/Proof.lean;anneal-3730-lean-server-soak-context-rpc-2026-09-29/support/work/B/Proof.lean;anneal-3730-lean-server-soak-context-rpc-2026-09-29/support/probe.py;anneal-3730-lean-server-soak-context-rpc-2026-09-29/support/check.py,anneal-3730-lean-multiminute-restart-resource-soak-2026-09-29,anneal-3730-lean-multiminute-restart-resource-soak-2026-09-29/REPORT.md;anneal-3730-lean-multiminute-restart-resource-soak-2026-09-29/support/transcript.json;anneal-3730-lean-multiminute-restart-resource-soak-2026-09-29/support/pilot-id-collision.json;anneal-3730-lean-multiminute-restart-resource-soak-2026-09-29/support/work/A/Proof0.lean;anneal-3730-lean-multiminute-restart-resource-soak-2026-09-29/support/probe.py;anneal-3730-lean-multiminute-restart-resource-soak-2026-09-29/support/check.py,,,,,,
G11,Edit/setup authorization taxonomy,I069,partial,partial,anneal-3730-multiclient-editor-contract-2026-09-29,Mapped destination evidence is scoped by its report; this suggestion is not inferred complete from a partial destination.,"I069: Executed tool access tiers and workspace/path isolation, especially generated-to-authored edit authority.",,,,,,,,,,,,,
G12,Response provenance envelope,I066;I145,partial,partial;partial,anneal-3730-multiclient-editor-contract-2026-09-29,Mapped destination evidence is scoped by its report; this suggestion is not inferred complete from a partial destination.,I066: A typed minimal proof-tool API exercised on actual subject/snapshot selection and verification.; I145: Execute full identity ablation through actual Cargo→Charon→Aeneas→Lake→Lean→MCP responses; finite counterexamples cover four weakened tokens and selected ABA schedules only.,anneal-3730-identity-state-mutation-model-2026-09-29,,,,,,,,,,,,
G13,Retry and idempotency,I067,partial,partial,anneal-3730-multiclient-editor-contract-2026-09-29,Mapped destination evidence is scoped by its report; this suggestion is not inferred complete from a partial destination.,I067: Actual MCP transport-loss retries for edit/worker-create/check-start with durable bounded dedup expiry and CAS; local broker only models one edit response.,,,,,,,,,,,,,
G14,MCP cancellation races,I071;I105;I106,partial,partial;partial;partial,anneal-3730-multiclient-editor-contract-2026-09-29;anneal-3730-generation-recovery-2026-09-29,Mapped destination evidence is scoped by its report; this suggestion is not inferred complete from a partial destination.,"I071: Actual asynchronous MCP progress/result lifecycle with expiry, cancellation, and partial-failure responses.; I105: R22 covered selected CLI phases, immediate process-group snapshots and same-directory retries. Cancel all Cargo/setup/publication phases with graceful escalation, lock/pipe inventory, sustained escaped-descendant monitoring and repeated Anneal recovery.; I106: Queued real diagnostics/progress/exits after cancellation with request/worker correlation and publication fences; synthetic late completion is narrower.",anneal-3730-charon-concurrency-interruption-2026-09-29,anneal-3730-charon-subject-output-phase-matrix-2026-09-29,anneal-3730-charon-subject-output-phase-matrix-2026-09-29/support/probe.py;anneal-3730-charon-subject-output-phase-matrix-2026-09-29/support/raw-results.json;anneal-3730-charon-subject-output-phase-matrix-2026-09-29/support/manifests/test-repeat-1.json;anneal-3730-charon-subject-output-phase-matrix-2026-09-29/support/manifests/test-repeat-2.json;anneal-3730-charon-subject-output-phase-matrix-2026-09-29/support/artifacts/quota-partial.llbc,anneal-3730-charon-build-closure-control-2026-09-29,anneal-3730-charon-build-closure-control-2026-09-29/REPORT.md;anneal-3730-charon-build-closure-control-2026-09-29/support/raw-results.json;anneal-3730-charon-build-closure-control-2026-09-29/support/artifacts/baseline.llbc;anneal-3730-charon-build-closure-control-2026-09-29/support/artifacts/bin-unit.llbc;anneal-3730-charon-build-closure-control-2026-09-29/support/probe.py;anneal-3730-charon-build-closure-control-2026-09-29/support/verify.py,anneal-3730-cross-tool-stage-cancellation-cleanup-2026-09-29,anneal-3730-cross-tool-stage-cancellation-cleanup-2026-09-29/REPORT.md;anneal-3730-cross-tool-stage-cancellation-cleanup-2026-09-29/support/results.json;anneal-3730-cross-tool-stage-cancellation-cleanup-2026-09-29/support/fence-results.json;anneal-3730-cross-tool-stage-cancellation-cleanup-2026-09-29/support/artifacts/charon-app.llbc;anneal-3730-cross-tool-stage-cancellation-cleanup-2026-09-29/support/artifacts/lake-Probe.olean;anneal-3730-cross-tool-stage-cancellation-cleanup-2026-09-29/support/probe.py;anneal-3730-cross-tool-stage-cancellation-cleanup-2026-09-29/support/fence_oracle.py;anneal-3730-cross-tool-stage-cancellation-cleanup-2026-09-29/support/verify.py,anneal-3730-cross-tool-active-cancellation-barriers-2026-09-29,anneal-3730-cross-tool-active-cancellation-barriers-2026-09-29/REPORT.md;anneal-3730-cross-tool-active-cancellation-barriers-2026-09-29/support/results.json;anneal-3730-cross-tool-active-cancellation-barriers-2026-09-29/support/work/charon/base.llbc;anneal-3730-cross-tool-active-cancellation-barriers-2026-09-29/support/work/charon/base.llbc.postcard;anneal-3730-cross-tool-active-cancellation-barriers-2026-09-29/support/work/aeneas-cancel/Types.lean;anneal-3730-cross-tool-active-cancellation-barriers-2026-09-29/support/work/lake/.lake/build/lib/lean/Cancel/A.olean;anneal-3730-cross-tool-active-cancellation-barriers-2026-09-29/support/probe.py;anneal-3730-cross-tool-active-cancellation-barriers-2026-09-29/support/check.py,anneal-3730-cli-graceful-cancel-signals-2026-09-29,anneal-3730-cli-graceful-cancel-signals-2026-09-29/REPORT.md;anneal-3730-cli-graceful-cancel-signals-2026-09-29/support/results.json.gz;anneal-3730-cli-graceful-cancel-signals-2026-09-29/support/work/charon-graceful/input.llbc;anneal-3730-cli-graceful-cancel-signals-2026-09-29/support/work/aeneas-graceful/Types.lean;anneal-3730-cli-graceful-cancel-signals-2026-09-29/support/probe.py;anneal-3730-cli-graceful-cancel-signals-2026-09-29/support/check.py;anneal-3730-cli-graceful-cancel-signals-2026-09-29/support/ignore_int_supervisor.py,,
G15,Agent navigation Rust-to-Lean-and-back,I066;I140;I149,not-run,partial;partial;partial,anneal-3730-multiclient-editor-contract-2026-09-29;anneal-3730-aeneas-identity-manifest-2026-09-29,No actual Rust-to-Lean-and-back navigation tool was exercised.,"I066: A typed minimal proof-tool API exercised on actual subject/snapshot selection and verification.; I140: Multiple controlled agent tasks with counterbalanced feedback order, matched cognitive budgets, and broader contracts.; I149: Produce authenticated Rust→Charon→Aeneas→Lean→obligation one-to-many links used for navigation and editing; R09 lexical ranges and R12 manual manifest remain unauthenticated.",,anneal-3730-aeneas-manifest-batch-oracle-2026-09-29,anneal-3730-aeneas-manifest-batch-oracle-2026-09-29/support/probe.py;anneal-3730-aeneas-manifest-batch-oracle-2026-09-29/support/results.json;anneal-3730-aeneas-manifest-batch-oracle-2026-09-29/support/declaration-manifest.json,anneal-3730-aeneas-trait-output-shrink-matrix-2026-09-29;anneal-3730-cross-layer-comparator-mutants-2026-09-29,anneal-3730-aeneas-trait-output-shrink-matrix-2026-09-29/REPORT.md;anneal-3730-aeneas-trait-output-shrink-matrix-2026-09-29/support/raw-results.json;anneal-3730-aeneas-trait-output-shrink-matrix-2026-09-29/support/inputs/base/trait_probe.rs;anneal-3730-aeneas-trait-output-shrink-matrix-2026-09-29/support/outputs/base/Funs.lean;anneal-3730-aeneas-trait-output-shrink-matrix-2026-09-29/support/outputs/error/Funs.lean;anneal-3730-aeneas-trait-output-shrink-matrix-2026-09-29/support/probe.py;anneal-3730-aeneas-trait-output-shrink-matrix-2026-09-29/support/check.py;anneal-3730-cross-layer-comparator-mutants-2026-09-29/REPORT.md;anneal-3730-cross-layer-comparator-mutants-2026-09-29/support/results.json;anneal-3730-cross-layer-comparator-mutants-2026-09-29/support/comparison-manifest.json;anneal-3730-cross-layer-comparator-mutants-2026-09-29/support/probe.py;anneal-3730-cross-layer-comparator-mutants-2026-09-29/support/check.py,,,,,,,,
H01,Virtual document URI strategy,I033;I034;I155,partial,partial;partial;partial,anneal-3730-multiclient-editor-contract-2026-09-29,Mapped destination evidence is scoped by its report; this suggestion is not inferred complete from a partial destination.,"I033: URI/physical-path behavior across supported Lake launch modes and setup-file with imports, not just direct Lean.; I034: Compare stable URI and generation-path behavior with a real worker across regeneration/reopen; the finite response model has no document routing.; I155: Actual Rust editor host open/change/save/rename/close through Anneal projection and hidden Lean cleanup; new invented //% host in a local broker tests only lifecycle shape.",anneal-3730-identity-state-mutation-model-2026-09-29,,,,,,,,,,,,
H02,Custom URI versus setup-file,I033;I155,partial,partial;partial,anneal-3730-multiclient-editor-contract-2026-09-29,Mapped destination evidence is scoped by its report; this suggestion is not inferred complete from a partial destination.,"I033: URI/physical-path behavior across supported Lake launch modes and setup-file with imports, not just direct Lean.; I155: Actual Rust editor host open/change/save/rename/close through Anneal projection and hidden Lean cleanup; new invented //% host in a local broker tests only lifecycle shape.",,,,,,,,,,,,,
H03,Shadow-file authority and recovery,I155,partial,partial,anneal-3730-multiclient-editor-contract-2026-09-29,Mapped destination evidence is scoped by its report; this suggestion is not inferred complete from a partial destination.,I155: Actual Rust editor host open/change/save/rename/close through Anneal projection and hidden Lean cleanup; new invented //% host in a local broker tests only lifecycle shape.,,,,,,,,,,,,,
H04,Hidden Lean document lifecycle,I033;I064;I155,partial,partial;partial;partial,anneal-3730-multiclient-editor-contract-2026-09-29,Mapped destination evidence is scoped by its report; this suggestion is not inferred complete from a partial destination.,"I033: URI/physical-path behavior across supported Lake launch modes and setup-file with imports, not just direct Lean.; I064: Editor disconnect/reconnect ownership against divergent disk/buffer bytes and live Lean worker.; I155: Actual Rust editor host open/change/save/rename/close through Anneal projection and hidden Lean cleanup; new invented //% host in a local broker tests only lifecycle shape.",,,,,,,,,,,,,
H05,Different unsaved editor clients,I014;I068,partial,partial;partial,anneal-3730-multiclient-editor-contract-2026-09-29,Mapped destination evidence is scoped by its report; this suggestion is not inferred complete from a partial destination.,"I014: Run four independent actual writers on one Anneal workspace with conflict/fork/owner policy; finite and two-thread models expose the lost-update contract only.; I068: One actual MCP/editor workspace authority with alternating unsaved edits, queries, and reconnect.",anneal-3730-identity-state-mutation-model-2026-09-29,,,,,,,,,,,,
H06,Save versus existing unsaved generation,I063,not-run,not-run,,Mapped destination evidence is scoped by its report; this suggestion is not inferred complete from a partial destination.,I063: Exercise real editor autosave/format/watch/build loops with dirty-buffer and duplicate-work controls; R18 batch-checked returned edits in isolated branches only.,,anneal-3730-source-owned-projection-diagnostic-matrix-2026-09-29,anneal-3730-source-owned-projection-diagnostic-matrix-2026-09-29/support/probe.py;anneal-3730-source-owned-projection-diagnostic-matrix-2026-09-29/support/results.json;anneal-3730-source-owned-projection-diagnostic-matrix-2026-09-29/support/source.rs;anneal-3730-source-owned-projection-diagnostic-matrix-2026-09-29/support/artifacts/source.llbc,,,anneal-3730-lean-lsp-navigation-edit-operations-2026-09-29,anneal-3730-lean-lsp-navigation-edit-operations-2026-09-29/REPORT.md;anneal-3730-lean-lsp-navigation-edit-operations-2026-09-29/support/transcript.json;anneal-3730-lean-lsp-navigation-edit-operations-2026-09-29/support/Applied.lean;anneal-3730-lean-lsp-navigation-edit-operations-2026-09-29/support/projection-replay.json;anneal-3730-lean-lsp-navigation-edit-operations-2026-09-29/support/probe.py;anneal-3730-lean-lsp-navigation-edit-operations-2026-09-29/support/projection_replay.py;anneal-3730-lean-lsp-navigation-edit-operations-2026-09-29/support/verify.py,anneal-3730-lean-lsp-multifile-actions-hints-2026-09-29,anneal-3730-lean-lsp-multifile-actions-hints-2026-09-29/REPORT.md;anneal-3730-lean-lsp-multifile-actions-hints-2026-09-29/support/transcript.json;anneal-3730-lean-lsp-multifile-actions-hints-2026-09-29/support/applied-results.json;anneal-3730-lean-lsp-multifile-actions-hints-2026-09-29/support/applied/rename-Helper.lean;anneal-3730-lean-lsp-multifile-actions-hints-2026-09-29/support/applied/action-Action.lean;anneal-3730-lean-lsp-multifile-actions-hints-2026-09-29/support/probe.py;anneal-3730-lean-lsp-multifile-actions-hints-2026-09-29/support/apply_returns.py;anneal-3730-lean-lsp-multifile-actions-hints-2026-09-29/support/verify.py,,,,
H07,Rename/move with open proof,I021;I034;I063;I155,partial,partial;partial;not-run;partial,anneal-3730-multiclient-editor-contract-2026-09-29,Mapped destination evidence is scoped by its report; this suggestion is not inferred complete from a partial destination.,"I021: Maintain real annotation identity across move, duplicate, split, reorder and delete while queries are pending; the marker locator and finite alias model give selected counterexamples.; I034: Compare stable URI and generation-path behavior with a real worker across regeneration/reopen; the finite response model has no document routing.; I063: Exercise real editor autosave/format/watch/build loops with dirty-buffer and duplicate-work controls; R18 batch-checked returned edits in isolated branches only.; I155: Actual Rust editor host open/change/save/rename/close through Anneal projection and hidden Lean cleanup; new invented //% host in a local broker tests only lifecycle shape.",anneal-3730-annotation-subject-boundary-matrix-2026-09-29;anneal-3730-identity-state-mutation-model-2026-09-29,anneal-3730-source-owned-projection-diagnostic-matrix-2026-09-29,anneal-3730-source-owned-projection-diagnostic-matrix-2026-09-29/support/probe.py;anneal-3730-source-owned-projection-diagnostic-matrix-2026-09-29/support/results.json;anneal-3730-source-owned-projection-diagnostic-matrix-2026-09-29/support/source.rs;anneal-3730-source-owned-projection-diagnostic-matrix-2026-09-29/support/artifacts/source.llbc,,,anneal-3730-lean-lsp-navigation-edit-operations-2026-09-29,anneal-3730-lean-lsp-navigation-edit-operations-2026-09-29/REPORT.md;anneal-3730-lean-lsp-navigation-edit-operations-2026-09-29/support/transcript.json;anneal-3730-lean-lsp-navigation-edit-operations-2026-09-29/support/Applied.lean;anneal-3730-lean-lsp-navigation-edit-operations-2026-09-29/support/projection-replay.json;anneal-3730-lean-lsp-navigation-edit-operations-2026-09-29/support/probe.py;anneal-3730-lean-lsp-navigation-edit-operations-2026-09-29/support/projection_replay.py;anneal-3730-lean-lsp-navigation-edit-operations-2026-09-29/support/verify.py,anneal-3730-lean-lsp-multifile-actions-hints-2026-09-29,anneal-3730-lean-lsp-multifile-actions-hints-2026-09-29/REPORT.md;anneal-3730-lean-lsp-multifile-actions-hints-2026-09-29/support/transcript.json;anneal-3730-lean-lsp-multifile-actions-hints-2026-09-29/support/applied-results.json;anneal-3730-lean-lsp-multifile-actions-hints-2026-09-29/support/applied/rename-Helper.lean;anneal-3730-lean-lsp-multifile-actions-hints-2026-09-29/support/applied/action-Action.lean;anneal-3730-lean-lsp-multifile-actions-hints-2026-09-29/support/probe.py;anneal-3730-lean-lsp-multifile-actions-hints-2026-09-29/support/apply_returns.py;anneal-3730-lean-lsp-multifile-actions-hints-2026-09-29/support/verify.py,,,,
H08,Workspace-folder/project switch,I004;I057;I153,not-run,partial;partial;partial,anneal-3730-architecture-contracts-2026-09-29;anneal-3730-multiclient-editor-contract-2026-09-29;anneal-3730-resource-economics-2026-09-29;anneal-3730-server-topology-v4-30-0-rc2,No real editor workspace-folder/project switch was exercised.,"I004: Repeat the one-shot/per-project/broker comparison with actual Charon/Aeneas/Lean work, matched isolation, startup, restart and physical-resource measurements; the new timing rank is toy-only.; I057: Editor extension, LSP proxy, and separate-server prototypes for both Rust and embedded Lean features.; I153: Compare one-watchdog/N-server/MCP/scratch-pool topologies under realistic 1/2/4/8 documents, unique physical memory and capacity; R16 exercised one direct Lean watchdog at a time with 1/2/4 tiny file workers.",,anneal-3730-resource-soak-contamination-2026-09-29,anneal-3730-resource-soak-contamination-2026-09-29/support/probe.py;anneal-3730-resource-soak-contamination-2026-09-29/support/check.py;anneal-3730-resource-soak-contamination-2026-09-29/transcript.json,anneal-3730-lean-server-soak-context-rpc-2026-09-29,anneal-3730-lean-server-soak-context-rpc-2026-09-29/REPORT.md;anneal-3730-lean-server-soak-context-rpc-2026-09-29/support/transcript.json;anneal-3730-lean-server-soak-context-rpc-2026-09-29/support/work/A/Proof.lean;anneal-3730-lean-server-soak-context-rpc-2026-09-29/support/work/B/Proof.lean;anneal-3730-lean-server-soak-context-rpc-2026-09-29/support/probe.py;anneal-3730-lean-server-soak-context-rpc-2026-09-29/support/check.py,anneal-3730-lean-multiminute-restart-resource-soak-2026-09-29,anneal-3730-lean-multiminute-restart-resource-soak-2026-09-29/REPORT.md;anneal-3730-lean-multiminute-restart-resource-soak-2026-09-29/support/transcript.json;anneal-3730-lean-multiminute-restart-resource-soak-2026-09-29/support/pilot-id-collision.json;anneal-3730-lean-multiminute-restart-resource-soak-2026-09-29/support/work/A/Proof0.lean;anneal-3730-lean-multiminute-restart-resource-soak-2026-09-29/support/probe.py;anneal-3730-lean-multiminute-restart-resource-soak-2026-09-29/support/check.py,,,,,,
H09,Editor cancellation through scheduler,I007;I105;I107,not-run,partial;partial;partial,anneal-3730-architecture-contracts-2026-09-29;anneal-3730-generation-recovery-2026-09-29,No real editor cancellation was propagated through an Anneal scheduler.,"I007: A shared in-flight real backend with per-consumer cancellation and cache reuse ownership, beyond symbolic/fake stages.; I105: R22 covered selected CLI phases, immediate process-group snapshots and same-directory retries. Cancel all Cargo/setup/publication phases with graceful escalation, lock/pipe inventory, sustained escaped-descendant monitoring and repeated Anneal recovery.; I107: Shared actual build with multiple consumers, one cancellation and one failure plus reference-count/fan-out; synthetic ownership model alone is insufficient.",anneal-3730-charon-concurrency-interruption-2026-09-29,anneal-3730-charon-subject-output-phase-matrix-2026-09-29,anneal-3730-charon-subject-output-phase-matrix-2026-09-29/support/probe.py;anneal-3730-charon-subject-output-phase-matrix-2026-09-29/support/raw-results.json;anneal-3730-charon-subject-output-phase-matrix-2026-09-29/support/manifests/test-repeat-1.json;anneal-3730-charon-subject-output-phase-matrix-2026-09-29/support/manifests/test-repeat-2.json;anneal-3730-charon-subject-output-phase-matrix-2026-09-29/support/artifacts/quota-partial.llbc,anneal-3730-charon-build-closure-control-2026-09-29,anneal-3730-charon-build-closure-control-2026-09-29/REPORT.md;anneal-3730-charon-build-closure-control-2026-09-29/support/raw-results.json;anneal-3730-charon-build-closure-control-2026-09-29/support/artifacts/baseline.llbc;anneal-3730-charon-build-closure-control-2026-09-29/support/artifacts/bin-unit.llbc;anneal-3730-charon-build-closure-control-2026-09-29/support/probe.py;anneal-3730-charon-build-closure-control-2026-09-29/support/verify.py,anneal-3730-cross-tool-stage-cancellation-cleanup-2026-09-29,anneal-3730-cross-tool-stage-cancellation-cleanup-2026-09-29/REPORT.md;anneal-3730-cross-tool-stage-cancellation-cleanup-2026-09-29/support/results.json;anneal-3730-cross-tool-stage-cancellation-cleanup-2026-09-29/support/fence-results.json;anneal-3730-cross-tool-stage-cancellation-cleanup-2026-09-29/support/artifacts/charon-app.llbc;anneal-3730-cross-tool-stage-cancellation-cleanup-2026-09-29/support/artifacts/lake-Probe.olean;anneal-3730-cross-tool-stage-cancellation-cleanup-2026-09-29/support/probe.py;anneal-3730-cross-tool-stage-cancellation-cleanup-2026-09-29/support/fence_oracle.py;anneal-3730-cross-tool-stage-cancellation-cleanup-2026-09-29/support/verify.py,anneal-3730-cross-tool-active-cancellation-barriers-2026-09-29,anneal-3730-cross-tool-active-cancellation-barriers-2026-09-29/REPORT.md;anneal-3730-cross-tool-active-cancellation-barriers-2026-09-29/support/results.json;anneal-3730-cross-tool-active-cancellation-barriers-2026-09-29/support/work/charon/base.llbc;anneal-3730-cross-tool-active-cancellation-barriers-2026-09-29/support/work/charon/base.llbc.postcard;anneal-3730-cross-tool-active-cancellation-barriers-2026-09-29/support/work/aeneas-cancel/Types.lean;anneal-3730-cross-tool-active-cancellation-barriers-2026-09-29/support/work/lake/.lake/build/lib/lean/Cancel/A.olean;anneal-3730-cross-tool-active-cancellation-barriers-2026-09-29/support/probe.py;anneal-3730-cross-tool-active-cancellation-barriers-2026-09-29/support/check.py,anneal-3730-cli-graceful-cancel-signals-2026-09-29,anneal-3730-cli-graceful-cancel-signals-2026-09-29/REPORT.md;anneal-3730-cli-graceful-cancel-signals-2026-09-29/support/results.json.gz;anneal-3730-cli-graceful-cancel-signals-2026-09-29/support/work/charon-graceful/input.llbc;anneal-3730-cli-graceful-cancel-signals-2026-09-29/support/work/aeneas-graceful/Types.lean;anneal-3730-cli-graceful-cancel-signals-2026-09-29/support/probe.py;anneal-3730-cli-graceful-cancel-signals-2026-09-29/support/check.py;anneal-3730-cli-graceful-cancel-signals-2026-09-29/support/ignore_int_supervisor.py,,
H10,Stale diagnostics during regeneration,I054;I058;I141,partial,partial;partial;conditional,anneal-3730-generation-recovery-2026-09-29;anneal-3730-multiclient-editor-contract-2026-09-29,Mapped destination evidence is scoped by its report; this suggestion is not inferred complete from a partial destination.,"I054: Fail real extraction, translation, build and server stages with visible last-good/provisional state and rollback; the new kill matrix uses synthetic stages.; I058: Push/pull diagnostic multiplexing with rustc/Charon/Aeneas/Lean origins and stale clearing across rename.; I141: The validated study protocol has eight keyed scenarios and balanced empty assignments, but no rendered/frozen Anneal UI, consenting participants or outcome data; execute the human trial before classifying comprehension.",,anneal-3730-human-freshness-study-protocol-2026-09-29,anneal-3730-human-freshness-study-protocol-2026-09-29/support/stimuli.json;anneal-3730-human-freshness-study-protocol-2026-09-29/support/assignments.csv;anneal-3730-human-freshness-study-protocol-2026-09-29/support/check.py,,,,,,,,,,
I01,Batch/fresh/warm/edited/restarted equivalence,I001;I131;I132,partial,partial;partial;partial,anneal-3730-architecture-contracts-2026-09-29;anneal-3730-acceptance-oracle-matrix-2026-09-29,Mapped destination evidence is scoped by its report; this suggestion is not inferred complete from a partial destination.,"I001: A full same-subject batch/live equivalence contract across obligations, imports, assumptions, and acceptable diagnostic differences.; I131: Independent operator/machine recheck with complete dependencies/toolchains, beyond fresh same-host local processes that still trust pinned translators and prebuilt Lean runtime.; I132: Calibrate proposition, obligation, model, source, artifact and diagnostic comparators on broader cross-tool mutants; R12 rejects selected weak/missing/sorry/stale/import/model cases.",anneal-3730-lean-cross-version-equivalence-v4-29-v4-30-rc2-2026-09-29,anneal-3730-rust-charon-aeneas-lean-golden-vertical-2026-09-29,anneal-3730-rust-charon-aeneas-lean-golden-vertical-2026-09-29/support/probe.py;anneal-3730-rust-charon-aeneas-lean-golden-vertical-2026-09-29/support/results.json;anneal-3730-rust-charon-aeneas-lean-golden-vertical-2026-09-29/support/work/base-cold/current.llbc;anneal-3730-rust-charon-aeneas-lean-golden-vertical-2026-09-29/support/work/mutated-clean/current.llbc,anneal-3730-cross-layer-comparator-mutants-2026-09-29,anneal-3730-cross-layer-comparator-mutants-2026-09-29/REPORT.md;anneal-3730-cross-layer-comparator-mutants-2026-09-29/support/results.json;anneal-3730-cross-layer-comparator-mutants-2026-09-29/support/comparison-manifest.json;anneal-3730-cross-layer-comparator-mutants-2026-09-29/support/probe.py;anneal-3730-cross-layer-comparator-mutants-2026-09-29/support/check.py,,,,,,,,
I02,Actual batch/live import identity,I048;I099;I131,partial,partial;partial;partial,anneal-3730-lake-prepared-contract-2026-09-29;anneal-3730-acceptance-oracle-matrix-2026-09-29,Mapped destination evidence is scoped by its report; this suggestion is not inferred complete from a partial destination.,"I048: Expose worker-reported complete loaded OLean/options/plugin/source identity for a real project; setup-file paths, hashes, option diagnostic and initializer marker do not form an attestation API.; I099: R21 clean/mixed local controls cover one theorem, value and plugin marker. Compare clean/prepared declarations, assumptions, diagnostics, goals and loaded artifacts across actual Anneal workspaces.; I131: Independent operator/machine recheck with complete dependencies/toolchains, beyond fresh same-host local processes that still trust pinned translators and prebuilt Lean runtime.",anneal-3730-lean-launch-refresh-matrix-v4-30-0-rc2;anneal-3730-lean-cross-version-equivalence-v4-29-v4-30-rc2-2026-09-29,anneal-3730-lean-transitive-import-rpc-matrix-2026-09-29;anneal-3730-lake-cache-publication-atomicity-2026-09-29;anneal-3730-rust-charon-aeneas-lean-golden-vertical-2026-09-29,anneal-3730-lean-transitive-import-rpc-matrix-2026-09-29/support/probe.py;anneal-3730-lean-transitive-import-rpc-matrix-2026-09-29/support/transcript.json;anneal-3730-lean-transitive-import-rpc-matrix-2026-09-29/support/summary.json;anneal-3730-lake-cache-publication-atomicity-2026-09-29/support/probe.py;anneal-3730-lake-cache-publication-atomicity-2026-09-29/support/results.json;anneal-3730-lake-cache-publication-atomicity-2026-09-29/support/artifacts/partial-output-map.json;anneal-3730-lake-cache-publication-atomicity-2026-09-29/support/artifacts/truncated-olean.bin;anneal-3730-rust-charon-aeneas-lean-golden-vertical-2026-09-29/support/probe.py;anneal-3730-rust-charon-aeneas-lean-golden-vertical-2026-09-29/support/results.json;anneal-3730-rust-charon-aeneas-lean-golden-vertical-2026-09-29/support/work/base-cold/current.llbc;anneal-3730-rust-charon-aeneas-lean-golden-vertical-2026-09-29/support/work/mutated-clean/current.llbc,anneal-3730-lean-server-soak-context-rpc-2026-09-29;anneal-3730-lake-same-key-artifact-writers-2026-09-29;anneal-3730-cross-layer-comparator-mutants-2026-09-29,anneal-3730-lean-server-soak-context-rpc-2026-09-29/REPORT.md;anneal-3730-lean-server-soak-context-rpc-2026-09-29/support/transcript.json;anneal-3730-lean-server-soak-context-rpc-2026-09-29/support/work/A/Proof.lean;anneal-3730-lean-server-soak-context-rpc-2026-09-29/support/work/B/Proof.lean;anneal-3730-lean-server-soak-context-rpc-2026-09-29/support/probe.py;anneal-3730-lean-server-soak-context-rpc-2026-09-29/support/check.py;anneal-3730-lake-same-key-artifact-writers-2026-09-29/REPORT.md;anneal-3730-lake-same-key-artifact-writers-2026-09-29/support/results.json;anneal-3730-lake-same-key-artifact-writers-2026-09-29/support/artifacts/partial-olean.bin;anneal-3730-lake-same-key-artifact-writers-2026-09-29/support/artifacts/partial-ilean.bin;anneal-3730-lake-same-key-artifact-writers-2026-09-29/support/artifacts/partial-c.bin;anneal-3730-lake-same-key-artifact-writers-2026-09-29/support/probe.py;anneal-3730-lake-same-key-artifact-writers-2026-09-29/support/check.py;anneal-3730-cross-layer-comparator-mutants-2026-09-29/REPORT.md;anneal-3730-cross-layer-comparator-mutants-2026-09-29/support/results.json;anneal-3730-cross-layer-comparator-mutants-2026-09-29/support/comparison-manifest.json;anneal-3730-cross-layer-comparator-mutants-2026-09-29/support/probe.py;anneal-3730-cross-layer-comparator-mutants-2026-09-29/support/check.py,anneal-3730-lake-key-artifact-family-matrix-2026-09-29,anneal-3730-lake-key-artifact-family-matrix-2026-09-29/REPORT.md;anneal-3730-lake-key-artifact-family-matrix-2026-09-29/support/results.json;anneal-3730-lake-key-artifact-family-matrix-2026-09-29/support/artifacts/retained/base/Dep.olean;anneal-3730-lake-key-artifact-family-matrix-2026-09-29/support/artifacts/retained/mixed-olean/Dep.olean;anneal-3730-lake-key-artifact-family-matrix-2026-09-29/support/artifacts/v1/plugin__probe_Plugin.dylib;anneal-3730-lake-key-artifact-family-matrix-2026-09-29/support/artifacts/v2/plugin__probe_Plugin.dylib;anneal-3730-lake-key-artifact-family-matrix-2026-09-29/support/probe.py;anneal-3730-lake-key-artifact-family-matrix-2026-09-29/support/check.py,anneal-3730-lake-dynamic-config-identity-2026-09-29,anneal-3730-lake-dynamic-config-identity-2026-09-29/REPORT.md;anneal-3730-lake-dynamic-config-identity-2026-09-29/support/results.json;anneal-3730-lake-dynamic-config-identity-2026-09-29/support/artifacts/golden-source;anneal-3730-lake-dynamic-config-identity-2026-09-29/support/artifacts/dynamic-a/trace;anneal-3730-lake-dynamic-config-identity-2026-09-29/support/artifacts/toml-seven/trace;anneal-3730-lake-dynamic-config-identity-2026-09-29/support/artifacts/lean-option/setup;anneal-3730-lake-dynamic-config-identity-2026-09-29/support/probe.py;anneal-3730-lake-dynamic-config-identity-2026-09-29/support/check.py,anneal-3730-lake-plugin-combined-family-mix-2026-09-29,anneal-3730-lake-plugin-combined-family-mix-2026-09-29/REPORT.md;anneal-3730-lake-plugin-combined-family-mix-2026-09-29/support/transcript.json;anneal-3730-lake-plugin-combined-family-mix-2026-09-29/support/artifacts/mix/olean;anneal-3730-lake-plugin-combined-family-mix-2026-09-29/support/artifacts/mix/plugin;anneal-3730-lake-plugin-combined-family-mix-2026-09-29/support/artifacts/mix/c;anneal-3730-lake-plugin-combined-family-mix-2026-09-29/support/artifacts/mix/setup;anneal-3730-lake-plugin-combined-family-mix-2026-09-29/support/probe.py;anneal-3730-lake-plugin-combined-family-mix-2026-09-29/support/check.py,,
I03,Live acceptance followed by fresh verification,I131;I137;I138,partial,partial;partial;partial,anneal-3730-acceptance-oracle-matrix-2026-09-29,Mapped destination evidence is scoped by its report; this suggestion is not inferred complete from a partial destination.,"I131: Independent operator/machine recheck with complete dependencies/toolchains, beyond fresh same-host local processes that still trust pinned translators and prebuilt Lean runtime.; I137: Real Rust-hosted annotation with parser, projection, prepared model, exact live query/edit, and batch check.; I138: Real Charon/Aeneas model-change sequence with pending/failing/late generations and before/during/after queries.",anneal-3730-lean-cross-version-equivalence-v4-29-v4-30-rc2-2026-09-29,anneal-3730-rust-charon-aeneas-lean-golden-vertical-2026-09-29,anneal-3730-rust-charon-aeneas-lean-golden-vertical-2026-09-29/support/probe.py;anneal-3730-rust-charon-aeneas-lean-golden-vertical-2026-09-29/support/results.json;anneal-3730-rust-charon-aeneas-lean-golden-vertical-2026-09-29/support/work/base-cold/current.llbc;anneal-3730-rust-charon-aeneas-lean-golden-vertical-2026-09-29/support/work/mutated-clean/current.llbc,anneal-3730-cross-layer-comparator-mutants-2026-09-29,anneal-3730-cross-layer-comparator-mutants-2026-09-29/REPORT.md;anneal-3730-cross-layer-comparator-mutants-2026-09-29/support/results.json;anneal-3730-cross-layer-comparator-mutants-2026-09-29/support/comparison-manifest.json;anneal-3730-cross-layer-comparator-mutants-2026-09-29/support/probe.py;anneal-3730-cross-layer-comparator-mutants-2026-09-29/support/check.py,,,,,,,,
I04,Batch acceptance followed by cold interactive use,I089;I091;I131,partial,partial;partial;partial,anneal-3730-lake-prepared-contract-2026-09-29;anneal-3730-acceptance-oracle-matrix-2026-09-29,Mapped destination evidence is scoped by its report; this suggestion is not inferred complete from a partial destination.,"I089: R21 used one local two-package plugin fixture. Run actual Anneal prepared archive from empty home/cache with read-only dependencies, first-goal write tracing and producer removal.; I091: R21 named plugin/OLean paths and option for one saved file and observed value/initializer. Attest exact loaded imports and setup for unsaved current document/header changes.; I131: Independent operator/machine recheck with complete dependencies/toolchains, beyond fresh same-host local processes that still trust pinned translators and prebuilt Lean runtime.",anneal-3730-lean-launch-refresh-matrix-v4-30-0-rc2;anneal-3730-lean-cross-version-equivalence-v4-29-v4-30-rc2-2026-09-29,anneal-3730-lake-cache-publication-atomicity-2026-09-29;anneal-3730-lean-transitive-import-rpc-matrix-2026-09-29;anneal-3730-rust-charon-aeneas-lean-golden-vertical-2026-09-29,anneal-3730-lake-cache-publication-atomicity-2026-09-29/support/probe.py;anneal-3730-lake-cache-publication-atomicity-2026-09-29/support/results.json;anneal-3730-lake-cache-publication-atomicity-2026-09-29/support/artifacts/partial-output-map.json;anneal-3730-lake-cache-publication-atomicity-2026-09-29/support/artifacts/truncated-olean.bin;anneal-3730-lean-transitive-import-rpc-matrix-2026-09-29/support/probe.py;anneal-3730-lean-transitive-import-rpc-matrix-2026-09-29/support/transcript.json;anneal-3730-lean-transitive-import-rpc-matrix-2026-09-29/support/summary.json;anneal-3730-rust-charon-aeneas-lean-golden-vertical-2026-09-29/support/probe.py;anneal-3730-rust-charon-aeneas-lean-golden-vertical-2026-09-29/support/results.json;anneal-3730-rust-charon-aeneas-lean-golden-vertical-2026-09-29/support/work/base-cold/current.llbc;anneal-3730-rust-charon-aeneas-lean-golden-vertical-2026-09-29/support/work/mutated-clean/current.llbc,anneal-3730-lake-same-key-artifact-writers-2026-09-29;anneal-3730-cross-layer-comparator-mutants-2026-09-29,anneal-3730-lake-same-key-artifact-writers-2026-09-29/REPORT.md;anneal-3730-lake-same-key-artifact-writers-2026-09-29/support/results.json;anneal-3730-lake-same-key-artifact-writers-2026-09-29/support/artifacts/partial-olean.bin;anneal-3730-lake-same-key-artifact-writers-2026-09-29/support/artifacts/partial-ilean.bin;anneal-3730-lake-same-key-artifact-writers-2026-09-29/support/artifacts/partial-c.bin;anneal-3730-lake-same-key-artifact-writers-2026-09-29/support/probe.py;anneal-3730-lake-same-key-artifact-writers-2026-09-29/support/check.py;anneal-3730-cross-layer-comparator-mutants-2026-09-29/REPORT.md;anneal-3730-cross-layer-comparator-mutants-2026-09-29/support/results.json;anneal-3730-cross-layer-comparator-mutants-2026-09-29/support/comparison-manifest.json;anneal-3730-cross-layer-comparator-mutants-2026-09-29/support/probe.py;anneal-3730-cross-layer-comparator-mutants-2026-09-29/support/check.py,anneal-3730-lake-key-artifact-family-matrix-2026-09-29,anneal-3730-lake-key-artifact-family-matrix-2026-09-29/REPORT.md;anneal-3730-lake-key-artifact-family-matrix-2026-09-29/support/results.json;anneal-3730-lake-key-artifact-family-matrix-2026-09-29/support/artifacts/retained/base/Dep.olean;anneal-3730-lake-key-artifact-family-matrix-2026-09-29/support/artifacts/retained/mixed-olean/Dep.olean;anneal-3730-lake-key-artifact-family-matrix-2026-09-29/support/artifacts/v1/plugin__probe_Plugin.dylib;anneal-3730-lake-key-artifact-family-matrix-2026-09-29/support/artifacts/v2/plugin__probe_Plugin.dylib;anneal-3730-lake-key-artifact-family-matrix-2026-09-29/support/probe.py;anneal-3730-lake-key-artifact-family-matrix-2026-09-29/support/check.py,anneal-3730-lake-dynamic-config-identity-2026-09-29,anneal-3730-lake-dynamic-config-identity-2026-09-29/REPORT.md;anneal-3730-lake-dynamic-config-identity-2026-09-29/support/results.json;anneal-3730-lake-dynamic-config-identity-2026-09-29/support/artifacts/golden-source;anneal-3730-lake-dynamic-config-identity-2026-09-29/support/artifacts/dynamic-a/trace;anneal-3730-lake-dynamic-config-identity-2026-09-29/support/artifacts/toml-seven/trace;anneal-3730-lake-dynamic-config-identity-2026-09-29/support/artifacts/lean-option/setup;anneal-3730-lake-dynamic-config-identity-2026-09-29/support/probe.py;anneal-3730-lake-dynamic-config-identity-2026-09-29/support/check.py,anneal-3730-lake-plugin-combined-family-mix-2026-09-29,anneal-3730-lake-plugin-combined-family-mix-2026-09-29/REPORT.md;anneal-3730-lake-plugin-combined-family-mix-2026-09-29/support/transcript.json;anneal-3730-lake-plugin-combined-family-mix-2026-09-29/support/artifacts/mix/olean;anneal-3730-lake-plugin-combined-family-mix-2026-09-29/support/artifacts/mix/plugin;anneal-3730-lake-plugin-combined-family-mix-2026-09-29/support/artifacts/mix/c;anneal-3730-lake-plugin-combined-family-mix-2026-09-29/support/artifacts/mix/setup;anneal-3730-lake-plugin-combined-family-mix-2026-09-29/support/probe.py;anneal-3730-lake-plugin-combined-family-mix-2026-09-29/support/check.py,,
I05,Verification scope across live transitions,I129;I138;I144,partial,partial;partial;partial,anneal-3730-acceptance-oracle-matrix-2026-09-29;anneal-3730-partial-elaboration-queries-v4-30-0-rc2;anneal-3730-architecture-contracts-2026-09-29,Mapped destination evidence is scoped by its report; this suggestion is not inferred complete from a partial destination.,"I129: Implement Anneal machine status with authenticated source/model/obligation identities and interrupted verification states; R12 manual weaker/missing/sorry/stale/import controls show Lean exit 0 is insufficient.; I138: Real Charon/Aeneas model-change sequence with pending/failing/late generations and before/during/after queries.; I144: After remaining real integration/workload evidence, synthesize explicit v2 interface choices and smallest regression probes; new decision ledgers do not adopt a design.",,anneal-3730-rust-charon-aeneas-lean-golden-vertical-2026-09-29,anneal-3730-rust-charon-aeneas-lean-golden-vertical-2026-09-29/support/probe.py;anneal-3730-rust-charon-aeneas-lean-golden-vertical-2026-09-29/support/results.json;anneal-3730-rust-charon-aeneas-lean-golden-vertical-2026-09-29/support/work/base-cold/current.llbc;anneal-3730-rust-charon-aeneas-lean-golden-vertical-2026-09-29/support/work/mutated-clean/current.llbc,anneal-3730-cross-layer-comparator-mutants-2026-09-29,anneal-3730-cross-layer-comparator-mutants-2026-09-29/REPORT.md;anneal-3730-cross-layer-comparator-mutants-2026-09-29/support/results.json;anneal-3730-cross-layer-comparator-mutants-2026-09-29/support/comparison-manifest.json;anneal-3730-cross-layer-comparator-mutants-2026-09-29/support/probe.py;anneal-3730-cross-layer-comparator-mutants-2026-09-29/support/check.py,,,,,,,,
I06,No goals versus theorem/file/project acceptance,I129,partial,partial,anneal-3730-acceptance-oracle-matrix-2026-09-29;anneal-3730-partial-elaboration-queries-v4-30-0-rc2,Mapped destination evidence is scoped by its report; this suggestion is not inferred complete from a partial destination.,I129: Implement Anneal machine status with authenticated source/model/obligation identities and interrupted verification states; R12 manual weaker/missing/sorry/stale/import controls show Lean exit 0 is insufficient.,,anneal-3730-rust-charon-aeneas-lean-golden-vertical-2026-09-29,anneal-3730-rust-charon-aeneas-lean-golden-vertical-2026-09-29/support/probe.py;anneal-3730-rust-charon-aeneas-lean-golden-vertical-2026-09-29/support/results.json;anneal-3730-rust-charon-aeneas-lean-golden-vertical-2026-09-29/support/work/base-cold/current.llbc;anneal-3730-rust-charon-aeneas-lean-golden-vertical-2026-09-29/support/work/mutated-clean/current.llbc,anneal-3730-cross-layer-comparator-mutants-2026-09-29,anneal-3730-cross-layer-comparator-mutants-2026-09-29/REPORT.md;anneal-3730-cross-layer-comparator-mutants-2026-09-29/support/results.json;anneal-3730-cross-layer-comparator-mutants-2026-09-29/support/comparison-manifest.json;anneal-3730-cross-layer-comparator-mutants-2026-09-29/support/probe.py;anneal-3730-cross-layer-comparator-mutants-2026-09-29/support/check.py,,,,,,,,
I07,TCB identity under reuse,I130,partial,partial,anneal-3730-acceptance-oracle-matrix-2026-09-29,Mapped destination evidence is scoped by its report; this suggestion is not inferred complete from a partial destination.,I130: Propagate claim-relative axiom/admission/native/external-model taint through callers and reused artifacts; R12 distinguishes external axiom versus concrete model and sorryAx in selected proofs only.,,anneal-3730-rust-charon-aeneas-lean-golden-vertical-2026-09-29,anneal-3730-rust-charon-aeneas-lean-golden-vertical-2026-09-29/support/probe.py;anneal-3730-rust-charon-aeneas-lean-golden-vertical-2026-09-29/support/results.json;anneal-3730-rust-charon-aeneas-lean-golden-vertical-2026-09-29/support/work/base-cold/current.llbc;anneal-3730-rust-charon-aeneas-lean-golden-vertical-2026-09-29/support/work/mutated-clean/current.llbc,anneal-3730-cross-layer-comparator-mutants-2026-09-29,anneal-3730-cross-layer-comparator-mutants-2026-09-29/REPORT.md;anneal-3730-cross-layer-comparator-mutants-2026-09-29/support/results.json;anneal-3730-cross-layer-comparator-mutants-2026-09-29/support/comparison-manifest.json;anneal-3730-cross-layer-comparator-mutants-2026-09-29/support/probe.py;anneal-3730-cross-layer-comparator-mutants-2026-09-29/support/check.py,,,,,,,,
I08,Development/partial-result taint,I130;I141,partial,partial;conditional,anneal-3730-acceptance-oracle-matrix-2026-09-29,Mapped destination evidence is scoped by its report; this suggestion is not inferred complete from a partial destination.,"I130: Propagate claim-relative axiom/admission/native/external-model taint through callers and reused artifacts; R12 distinguishes external axiom versus concrete model and sorryAx in selected proofs only.; I141: The validated study protocol has eight keyed scenarios and balanced empty assignments, but no rendered/frozen Anneal UI, consenting participants or outcome data; execute the human trial before classifying comprehension.",,anneal-3730-rust-charon-aeneas-lean-golden-vertical-2026-09-29;anneal-3730-human-freshness-study-protocol-2026-09-29,anneal-3730-rust-charon-aeneas-lean-golden-vertical-2026-09-29/support/probe.py;anneal-3730-rust-charon-aeneas-lean-golden-vertical-2026-09-29/support/results.json;anneal-3730-rust-charon-aeneas-lean-golden-vertical-2026-09-29/support/work/base-cold/current.llbc;anneal-3730-rust-charon-aeneas-lean-golden-vertical-2026-09-29/support/work/mutated-clean/current.llbc;anneal-3730-human-freshness-study-protocol-2026-09-29/support/stimuli.json;anneal-3730-human-freshness-study-protocol-2026-09-29/support/assignments.csv;anneal-3730-human-freshness-study-protocol-2026-09-29/support/check.py,anneal-3730-cross-layer-comparator-mutants-2026-09-29,anneal-3730-cross-layer-comparator-mutants-2026-09-29/REPORT.md;anneal-3730-cross-layer-comparator-mutants-2026-09-29/support/results.json;anneal-3730-cross-layer-comparator-mutants-2026-09-29/support/comparison-manifest.json;anneal-3730-cross-layer-comparator-mutants-2026-09-29/support/probe.py;anneal-3730-cross-layer-comparator-mutants-2026-09-29/support/check.py,,,,,,,,
J01,Real generated-project disk scaling,I113;I114;I139,partial,partial;partial;partial,anneal-3730-resource-economics-2026-09-29,Mapped destination evidence is scoped by its report; this suggestion is not inferred complete from a partial destination.,"I113: Complete the per-consumer logical/allocated/inode/write/peak-space bill across Rust, LLBC, generated Lean, Lake caches and paths outside the workspace; the direct Lean soak measured only tiny local scratch bytes.; I114: Repeat a guarded 1/2/4-or-more worker correctness/throughput/latency/CPU/physical-memory sweep with realistic imports and multiple server/Lake topologies; four tiny direct file workers fit this host's guard.; I139: Actual parallel Anneal generated-project tests combining model edit/scratch/restart/cleanup and host-budget limits; new two-Lake-consumer plus two-server samples are separate analogs.",,anneal-3730-resource-soak-contamination-2026-09-29,anneal-3730-resource-soak-contamination-2026-09-29/support/probe.py;anneal-3730-resource-soak-contamination-2026-09-29/support/check.py;anneal-3730-resource-soak-contamination-2026-09-29/transcript.json,anneal-3730-lean-server-soak-context-rpc-2026-09-29,anneal-3730-lean-server-soak-context-rpc-2026-09-29/REPORT.md;anneal-3730-lean-server-soak-context-rpc-2026-09-29/support/transcript.json;anneal-3730-lean-server-soak-context-rpc-2026-09-29/support/work/A/Proof.lean;anneal-3730-lean-server-soak-context-rpc-2026-09-29/support/work/B/Proof.lean;anneal-3730-lean-server-soak-context-rpc-2026-09-29/support/probe.py;anneal-3730-lean-server-soak-context-rpc-2026-09-29/support/check.py,,,,,,,,
J02,Every copied byte classified,I113,not-run,partial,anneal-3730-resource-economics-2026-09-29,No complete cross-stage copied-byte attribution exists.,"I113: Complete the per-consumer logical/allocated/inode/write/peak-space bill across Rust, LLBC, generated Lean, Lake caches and paths outside the workspace; the direct Lean soak measured only tiny local scratch bytes.",,anneal-3730-resource-soak-contamination-2026-09-29,anneal-3730-resource-soak-contamination-2026-09-29/support/probe.py;anneal-3730-resource-soak-contamination-2026-09-29/support/check.py;anneal-3730-resource-soak-contamination-2026-09-29/transcript.json,anneal-3730-lean-server-soak-context-rpc-2026-09-29,anneal-3730-lean-server-soak-context-rpc-2026-09-29/REPORT.md;anneal-3730-lean-server-soak-context-rpc-2026-09-29/support/transcript.json;anneal-3730-lean-server-soak-context-rpc-2026-09-29/support/work/A/Proof.lean;anneal-3730-lean-server-soak-context-rpc-2026-09-29/support/work/B/Proof.lean;anneal-3730-lean-server-soak-context-rpc-2026-09-29/support/probe.py;anneal-3730-lean-server-soak-context-rpc-2026-09-29/support/check.py,,,,,,,,
J03,Real-import server memory scaling,I114;I117;I153,partial,partial;partial;partial,anneal-3730-resource-economics-2026-09-29;anneal-3730-server-topology-v4-30-0-rc2,Mapped destination evidence is scoped by its report; this suggestion is not inferred complete from a partial destination.,"I114: Repeat a guarded 1/2/4-or-more worker correctness/throughput/latency/CPU/physical-memory sweep with realistic imports and multiple server/Lake topologies; four tiny direct file workers fit this host's guard.; I117: Measure unique physical process-tree memory or Linux PSS for representative workers/plugins; R16 sampled summed RSS and sequential per-PID phys_footprint, neither unique tree bytes.; I153: Compare one-watchdog/N-server/MCP/scratch-pool topologies under realistic 1/2/4/8 documents, unique physical memory and capacity; R16 exercised one direct Lean watchdog at a time with 1/2/4 tiny file workers.",,anneal-3730-resource-soak-contamination-2026-09-29,anneal-3730-resource-soak-contamination-2026-09-29/support/probe.py;anneal-3730-resource-soak-contamination-2026-09-29/support/check.py;anneal-3730-resource-soak-contamination-2026-09-29/transcript.json,anneal-3730-lean-server-soak-context-rpc-2026-09-29,anneal-3730-lean-server-soak-context-rpc-2026-09-29/REPORT.md;anneal-3730-lean-server-soak-context-rpc-2026-09-29/support/transcript.json;anneal-3730-lean-server-soak-context-rpc-2026-09-29/support/work/A/Proof.lean;anneal-3730-lean-server-soak-context-rpc-2026-09-29/support/work/B/Proof.lean;anneal-3730-lean-server-soak-context-rpc-2026-09-29/support/probe.py;anneal-3730-lean-server-soak-context-rpc-2026-09-29/support/check.py,anneal-3730-lean-multiminute-restart-resource-soak-2026-09-29,anneal-3730-lean-multiminute-restart-resource-soak-2026-09-29/REPORT.md;anneal-3730-lean-multiminute-restart-resource-soak-2026-09-29/support/transcript.json;anneal-3730-lean-multiminute-restart-resource-soak-2026-09-29/support/pilot-id-collision.json;anneal-3730-lean-multiminute-restart-resource-soak-2026-09-29/support/work/A/Proof0.lean;anneal-3730-lean-multiminute-restart-resource-soak-2026-09-29/support/probe.py;anneal-3730-lean-multiminute-restart-resource-soak-2026-09-29/support/check.py,,,,,,
J04,One watchdog/many documents versus many servers,I153,partial,partial,anneal-3730-resource-economics-2026-09-29;anneal-3730-server-topology-v4-30-0-rc2,Mapped destination evidence is scoped by its report; this suggestion is not inferred complete from a partial destination.,"I153: Compare one-watchdog/N-server/MCP/scratch-pool topologies under realistic 1/2/4/8 documents, unique physical memory and capacity; R16 exercised one direct Lean watchdog at a time with 1/2/4 tiny file workers.",,anneal-3730-resource-soak-contamination-2026-09-29,anneal-3730-resource-soak-contamination-2026-09-29/support/probe.py;anneal-3730-resource-soak-contamination-2026-09-29/support/check.py;anneal-3730-resource-soak-contamination-2026-09-29/transcript.json,anneal-3730-lean-server-soak-context-rpc-2026-09-29,anneal-3730-lean-server-soak-context-rpc-2026-09-29/REPORT.md;anneal-3730-lean-server-soak-context-rpc-2026-09-29/support/transcript.json;anneal-3730-lean-server-soak-context-rpc-2026-09-29/support/work/A/Proof.lean;anneal-3730-lean-server-soak-context-rpc-2026-09-29/support/work/B/Proof.lean;anneal-3730-lean-server-soak-context-rpc-2026-09-29/support/probe.py;anneal-3730-lean-server-soak-context-rpc-2026-09-29/support/check.py,anneal-3730-lean-multiminute-restart-resource-soak-2026-09-29,anneal-3730-lean-multiminute-restart-resource-soak-2026-09-29/REPORT.md;anneal-3730-lean-multiminute-restart-resource-soak-2026-09-29/support/transcript.json;anneal-3730-lean-multiminute-restart-resource-soak-2026-09-29/support/pilot-id-collision.json;anneal-3730-lean-multiminute-restart-resource-soak-2026-09-29/support/work/A/Proof0.lean;anneal-3730-lean-multiminute-restart-resource-soak-2026-09-29/support/probe.py;anneal-3730-lean-multiminute-restart-resource-soak-2026-09-29/support/check.py,,,,,,
J05,Prewarmed scratch pool scaling,I116;I153,not-run,partial;partial,anneal-3730-resource-economics-2026-09-29;anneal-3730-server-topology-v4-30-0-rc2,No prewarmed scratch pool scaling experiment was run.,"I116: Classify sustained retention versus leak with hours/large imports and controlled worker lifecycle; R16 ran about 189 seconds with tiny imports and sampled RSS/footprint.; I153: Compare one-watchdog/N-server/MCP/scratch-pool topologies under realistic 1/2/4/8 documents, unique physical memory and capacity; R16 exercised one direct Lean watchdog at a time with 1/2/4 tiny file workers.",,anneal-3730-resource-soak-contamination-2026-09-29,anneal-3730-resource-soak-contamination-2026-09-29/support/probe.py;anneal-3730-resource-soak-contamination-2026-09-29/support/check.py;anneal-3730-resource-soak-contamination-2026-09-29/transcript.json,anneal-3730-lean-server-soak-context-rpc-2026-09-29,anneal-3730-lean-server-soak-context-rpc-2026-09-29/REPORT.md;anneal-3730-lean-server-soak-context-rpc-2026-09-29/support/transcript.json;anneal-3730-lean-server-soak-context-rpc-2026-09-29/support/work/A/Proof.lean;anneal-3730-lean-server-soak-context-rpc-2026-09-29/support/work/B/Proof.lean;anneal-3730-lean-server-soak-context-rpc-2026-09-29/support/probe.py;anneal-3730-lean-server-soak-context-rpc-2026-09-29/support/check.py,anneal-3730-lean-multiminute-restart-resource-soak-2026-09-29,anneal-3730-lean-multiminute-restart-resource-soak-2026-09-29/REPORT.md;anneal-3730-lean-multiminute-restart-resource-soak-2026-09-29/support/transcript.json;anneal-3730-lean-multiminute-restart-resource-soak-2026-09-29/support/pilot-id-collision.json;anneal-3730-lean-multiminute-restart-resource-soak-2026-09-29/support/work/A/Proof0.lean;anneal-3730-lean-multiminute-restart-resource-soak-2026-09-29/support/probe.py;anneal-3730-lean-multiminute-restart-resource-soak-2026-09-29/support/check.py,,,,,,
J06,Nested parallelism budget,I115,not-run,partial,anneal-3730-resource-economics-2026-09-29,No nested Cargo/Aeneas/Lake/Lean parallelism budget sweep was run.,"I115: Outer/inner parallelism controls measured for Cargo/rustc, Aeneas, Lake, and Lean threads/processes.",,,,anneal-3730-lean-server-soak-context-rpc-2026-09-29,anneal-3730-lean-server-soak-context-rpc-2026-09-29/REPORT.md;anneal-3730-lean-server-soak-context-rpc-2026-09-29/support/transcript.json;anneal-3730-lean-server-soak-context-rpc-2026-09-29/support/work/A/Proof.lean;anneal-3730-lean-server-soak-context-rpc-2026-09-29/support/work/B/Proof.lean;anneal-3730-lean-server-soak-context-rpc-2026-09-29/support/probe.py;anneal-3730-lean-server-soak-context-rpc-2026-09-29/support/check.py,,,,,,,,
J07,Cold/warm latency decomposition,I118,partial,partial,anneal-3730-resource-economics-2026-09-29,Mapped destination evidence is scoped by its report; this suggestion is not inferred complete from a partial destination.,"I118: Decompose complete Rust extraction, Aeneas, Lake, Lean and query latency under realistic edits; R16 measured direct warm Lean request medians only.",,anneal-3730-resource-soak-contamination-2026-09-29,anneal-3730-resource-soak-contamination-2026-09-29/support/probe.py;anneal-3730-resource-soak-contamination-2026-09-29/support/check.py;anneal-3730-resource-soak-contamination-2026-09-29/transcript.json,anneal-3730-lean-server-soak-context-rpc-2026-09-29,anneal-3730-lean-server-soak-context-rpc-2026-09-29/REPORT.md;anneal-3730-lean-server-soak-context-rpc-2026-09-29/support/transcript.json;anneal-3730-lean-server-soak-context-rpc-2026-09-29/support/work/A/Proof.lean;anneal-3730-lean-server-soak-context-rpc-2026-09-29/support/work/B/Proof.lean;anneal-3730-lean-server-soak-context-rpc-2026-09-29/support/probe.py;anneal-3730-lean-server-soak-context-rpc-2026-09-29/support/check.py,anneal-3730-lean-multiminute-restart-resource-soak-2026-09-29,anneal-3730-lean-multiminute-restart-resource-soak-2026-09-29/REPORT.md;anneal-3730-lean-multiminute-restart-resource-soak-2026-09-29/support/transcript.json;anneal-3730-lean-multiminute-restart-resource-soak-2026-09-29/support/pilot-id-collision.json;anneal-3730-lean-multiminute-restart-resource-soak-2026-09-29/support/work/A/Proof0.lean;anneal-3730-lean-multiminute-restart-resource-soak-2026-09-29/support/probe.py;anneal-3730-lean-multiminute-restart-resource-soak-2026-09-29/support/check.py,,,,,,
J08,Test/fixture/suite reuse granularity,I154,partial,partial,anneal-3730-resource-economics-2026-09-29,Mapped destination evidence is scoped by its report; this suggestion is not inferred complete from a partial destination.,"I154: Test per-test/per-fixture/per-suite contamination across plugins, ordering, restarts and imported models; R16 checked file-specific and wrong-import sentinels within tiny direct Lean workers.",,anneal-3730-resource-soak-contamination-2026-09-29,anneal-3730-resource-soak-contamination-2026-09-29/support/probe.py;anneal-3730-resource-soak-contamination-2026-09-29/support/check.py;anneal-3730-resource-soak-contamination-2026-09-29/transcript.json,anneal-3730-lean-server-soak-context-rpc-2026-09-29,anneal-3730-lean-server-soak-context-rpc-2026-09-29/REPORT.md;anneal-3730-lean-server-soak-context-rpc-2026-09-29/support/transcript.json;anneal-3730-lean-server-soak-context-rpc-2026-09-29/support/work/A/Proof.lean;anneal-3730-lean-server-soak-context-rpc-2026-09-29/support/work/B/Proof.lean;anneal-3730-lean-server-soak-context-rpc-2026-09-29/support/probe.py;anneal-3730-lean-server-soak-context-rpc-2026-09-29/support/check.py,anneal-3730-lean-multiminute-restart-resource-soak-2026-09-29,anneal-3730-lean-multiminute-restart-resource-soak-2026-09-29/REPORT.md;anneal-3730-lean-multiminute-restart-resource-soak-2026-09-29/support/transcript.json;anneal-3730-lean-multiminute-restart-resource-soak-2026-09-29/support/pilot-id-collision.json;anneal-3730-lean-multiminute-restart-resource-soak-2026-09-29/support/work/A/Proof0.lean;anneal-3730-lean-multiminute-restart-resource-soak-2026-09-29/support/probe.py;anneal-3730-lean-multiminute-restart-resource-soak-2026-09-29/support/check.py,,,,,,
J09,Failures under high concurrency,I105;I110;I139,not-run,partial;partial;partial,anneal-3730-generation-recovery-2026-09-29;anneal-3730-resource-economics-2026-09-29,No high-concurrency fault run with actual generated projects was performed.,"I105: R22 covered selected CLI phases, immediate process-group snapshots and same-directory retries. Cancel all Cargo/setup/publication phases with graceful escalation, lock/pipe inventory, sustained escaped-descendant monitoring and repeated Anneal recovery.; I110: Forced actual Lean worker/watchdog, Anneal and build-process kills with reconstruction from authoritative source/imports; new OS kills target a synthetic publisher.; I139: Actual parallel Anneal generated-project tests combining model edit/scratch/restart/cleanup and host-budget limits; new two-Lake-consumer plus two-server samples are separate analogs.",anneal-3730-charon-concurrency-interruption-2026-09-29,anneal-3730-charon-subject-output-phase-matrix-2026-09-29;anneal-3730-resource-soak-contamination-2026-09-29,anneal-3730-charon-subject-output-phase-matrix-2026-09-29/support/probe.py;anneal-3730-charon-subject-output-phase-matrix-2026-09-29/support/raw-results.json;anneal-3730-charon-subject-output-phase-matrix-2026-09-29/support/manifests/test-repeat-1.json;anneal-3730-charon-subject-output-phase-matrix-2026-09-29/support/manifests/test-repeat-2.json;anneal-3730-charon-subject-output-phase-matrix-2026-09-29/support/artifacts/quota-partial.llbc;anneal-3730-resource-soak-contamination-2026-09-29/support/probe.py;anneal-3730-resource-soak-contamination-2026-09-29/support/check.py;anneal-3730-resource-soak-contamination-2026-09-29/transcript.json,anneal-3730-charon-build-closure-control-2026-09-29;anneal-3730-lean-server-soak-context-rpc-2026-09-29,anneal-3730-charon-build-closure-control-2026-09-29/REPORT.md;anneal-3730-charon-build-closure-control-2026-09-29/support/raw-results.json;anneal-3730-charon-build-closure-control-2026-09-29/support/artifacts/baseline.llbc;anneal-3730-charon-build-closure-control-2026-09-29/support/artifacts/bin-unit.llbc;anneal-3730-charon-build-closure-control-2026-09-29/support/probe.py;anneal-3730-charon-build-closure-control-2026-09-29/support/verify.py;anneal-3730-lean-server-soak-context-rpc-2026-09-29/REPORT.md;anneal-3730-lean-server-soak-context-rpc-2026-09-29/support/transcript.json;anneal-3730-lean-server-soak-context-rpc-2026-09-29/support/work/A/Proof.lean;anneal-3730-lean-server-soak-context-rpc-2026-09-29/support/work/B/Proof.lean;anneal-3730-lean-server-soak-context-rpc-2026-09-29/support/probe.py;anneal-3730-lean-server-soak-context-rpc-2026-09-29/support/check.py,anneal-3730-cross-tool-stage-cancellation-cleanup-2026-09-29,anneal-3730-cross-tool-stage-cancellation-cleanup-2026-09-29/REPORT.md;anneal-3730-cross-tool-stage-cancellation-cleanup-2026-09-29/support/results.json;anneal-3730-cross-tool-stage-cancellation-cleanup-2026-09-29/support/fence-results.json;anneal-3730-cross-tool-stage-cancellation-cleanup-2026-09-29/support/artifacts/charon-app.llbc;anneal-3730-cross-tool-stage-cancellation-cleanup-2026-09-29/support/artifacts/lake-Probe.olean;anneal-3730-cross-tool-stage-cancellation-cleanup-2026-09-29/support/probe.py;anneal-3730-cross-tool-stage-cancellation-cleanup-2026-09-29/support/fence_oracle.py;anneal-3730-cross-tool-stage-cancellation-cleanup-2026-09-29/support/verify.py,anneal-3730-cross-tool-active-cancellation-barriers-2026-09-29,anneal-3730-cross-tool-active-cancellation-barriers-2026-09-29/REPORT.md;anneal-3730-cross-tool-active-cancellation-barriers-2026-09-29/support/results.json;anneal-3730-cross-tool-active-cancellation-barriers-2026-09-29/support/work/charon/base.llbc;anneal-3730-cross-tool-active-cancellation-barriers-2026-09-29/support/work/charon/base.llbc.postcard;anneal-3730-cross-tool-active-cancellation-barriers-2026-09-29/support/work/aeneas-cancel/Types.lean;anneal-3730-cross-tool-active-cancellation-barriers-2026-09-29/support/work/lake/.lake/build/lib/lean/Cancel/A.olean;anneal-3730-cross-tool-active-cancellation-barriers-2026-09-29/support/probe.py;anneal-3730-cross-tool-active-cancellation-barriers-2026-09-29/support/check.py,anneal-3730-cli-graceful-cancel-signals-2026-09-29,anneal-3730-cli-graceful-cancel-signals-2026-09-29/REPORT.md;anneal-3730-cli-graceful-cancel-signals-2026-09-29/support/results.json.gz;anneal-3730-cli-graceful-cancel-signals-2026-09-29/support/work/charon-graceful/input.llbc;anneal-3730-cli-graceful-cancel-signals-2026-09-29/support/work/aeneas-graceful/Types.lean;anneal-3730-cli-graceful-cancel-signals-2026-09-29/support/probe.py;anneal-3730-cli-graceful-cancel-signals-2026-09-29/support/check.py;anneal-3730-cli-graceful-cancel-signals-2026-09-29/support/ignore_int_supervisor.py,,
J10,Long-lived daemon resource drift,I116;I122,not-run,partial;partial,anneal-3730-resource-economics-2026-09-29;anneal-3730-generation-recovery-2026-09-29,No long-lived daemon soak or drift classification was performed.,I116: Classify sustained retention versus leak with hours/large imports and controlled worker lifecycle; R16 ran about 189 seconds with tiny imports and sampled RSS/footprint.; I122: Repeated crash/restart cleanup with durable owner identity and bounded orphan reclaim in an actual Anneal/Lake workspace; synthetic process fixture alone is insufficient.,,anneal-3730-resource-soak-contamination-2026-09-29,anneal-3730-resource-soak-contamination-2026-09-29/support/probe.py;anneal-3730-resource-soak-contamination-2026-09-29/support/check.py;anneal-3730-resource-soak-contamination-2026-09-29/transcript.json,anneal-3730-lean-server-soak-context-rpc-2026-09-29,anneal-3730-lean-server-soak-context-rpc-2026-09-29/REPORT.md;anneal-3730-lean-server-soak-context-rpc-2026-09-29/support/transcript.json;anneal-3730-lean-server-soak-context-rpc-2026-09-29/support/work/A/Proof.lean;anneal-3730-lean-server-soak-context-rpc-2026-09-29/support/work/B/Proof.lean;anneal-3730-lean-server-soak-context-rpc-2026-09-29/support/probe.py;anneal-3730-lean-server-soak-context-rpc-2026-09-29/support/check.py,anneal-3730-lean-multiminute-restart-resource-soak-2026-09-29,anneal-3730-lean-multiminute-restart-resource-soak-2026-09-29/REPORT.md;anneal-3730-lean-multiminute-restart-resource-soak-2026-09-29/support/transcript.json;anneal-3730-lean-multiminute-restart-resource-soak-2026-09-29/support/pilot-id-collision.json;anneal-3730-lean-multiminute-restart-resource-soak-2026-09-29/support/work/A/Proof0.lean;anneal-3730-lean-multiminute-restart-resource-soak-2026-09-29/support/probe.py;anneal-3730-lean-multiminute-restart-resource-soak-2026-09-29/support/check.py,,,,,,
J11,Generation collection with live readers,I121,partial,partial,anneal-3730-generation-recovery-2026-09-29,Mapped destination evidence is scoped by its report; this suggestion is not inferred complete from a partial destination.,"I121: GC leases for actual live workers, pending queries, scratch forks, later opens and replay records; new lease/GC fixture uses synthetic generations.",,,,,,,,,,,,,
J12,Cross-test contamination sentinels,I135;I154,partial,partial;partial,anneal-3730-acceptance-oracle-matrix-2026-09-29;anneal-3730-resource-economics-2026-09-29,Mapped destination evidence is scoped by its report; this suggestion is not inferred complete from a partial destination.,"I135: Run pairwise/higher-order source/import/cache/lifecycle mutants in integrated Anneal with request identities; R12 hand-assembled pinned vertical covers selected mutants only.; I154: Test per-test/per-fixture/per-suite contamination across plugins, ordering, restarts and imported models; R16 checked file-specific and wrong-import sentinels within tiny direct Lean workers.",anneal-3730-lean-cross-version-equivalence-v4-29-v4-30-rc2-2026-09-29,anneal-3730-rust-charon-aeneas-lean-golden-vertical-2026-09-29;anneal-3730-resource-soak-contamination-2026-09-29,anneal-3730-rust-charon-aeneas-lean-golden-vertical-2026-09-29/support/probe.py;anneal-3730-rust-charon-aeneas-lean-golden-vertical-2026-09-29/support/results.json;anneal-3730-rust-charon-aeneas-lean-golden-vertical-2026-09-29/support/work/base-cold/current.llbc;anneal-3730-rust-charon-aeneas-lean-golden-vertical-2026-09-29/support/work/mutated-clean/current.llbc;anneal-3730-resource-soak-contamination-2026-09-29/support/probe.py;anneal-3730-resource-soak-contamination-2026-09-29/support/check.py;anneal-3730-resource-soak-contamination-2026-09-29/transcript.json,anneal-3730-cross-layer-comparator-mutants-2026-09-29;anneal-3730-lean-server-soak-context-rpc-2026-09-29,anneal-3730-cross-layer-comparator-mutants-2026-09-29/REPORT.md;anneal-3730-cross-layer-comparator-mutants-2026-09-29/support/results.json;anneal-3730-cross-layer-comparator-mutants-2026-09-29/support/comparison-manifest.json;anneal-3730-cross-layer-comparator-mutants-2026-09-29/support/probe.py;anneal-3730-cross-layer-comparator-mutants-2026-09-29/support/check.py;anneal-3730-lean-server-soak-context-rpc-2026-09-29/REPORT.md;anneal-3730-lean-server-soak-context-rpc-2026-09-29/support/transcript.json;anneal-3730-lean-server-soak-context-rpc-2026-09-29/support/work/A/Proof.lean;anneal-3730-lean-server-soak-context-rpc-2026-09-29/support/work/B/Proof.lean;anneal-3730-lean-server-soak-context-rpc-2026-09-29/support/probe.py;anneal-3730-lean-server-soak-context-rpc-2026-09-29/support/check.py,anneal-3730-lean-multiminute-restart-resource-soak-2026-09-29,anneal-3730-lean-multiminute-restart-resource-soak-2026-09-29/REPORT.md;anneal-3730-lean-multiminute-restart-resource-soak-2026-09-29/support/transcript.json;anneal-3730-lean-multiminute-restart-resource-soak-2026-09-29/support/pilot-id-collision.json;anneal-3730-lean-multiminute-restart-resource-soak-2026-09-29/support/work/A/Proof0.lean;anneal-3730-lean-multiminute-restart-resource-soak-2026-09-29/support/probe.py;anneal-3730-lean-multiminute-restart-resource-soak-2026-09-29/support/check.py,,,,,,
J13,Concurrent identical cache misses,I102;I107,partial,partial;partial,anneal-3730-lake-prepared-contract-2026-09-29;anneal-3730-generation-recovery-2026-09-29,Two private consumers of one read-only cache and a bounded shared-writable overlap were run; duplicate same-key miss arbitration and conflicting writers remain open.,"I102: Force simultaneous same-key writer/artifact/map interruption, recovery and power-loss durability; R19 valid metadata replacement had no interrupted write.; I107: Shared actual build with multiple consumers, one cancellation and one failure plus reference-count/fan-out; synthetic ownership model alone is insufficient.",anneal-3730-lake-writer-recovery-2026-09-29,anneal-3730-lake-cache-publication-atomicity-2026-09-29,anneal-3730-lake-cache-publication-atomicity-2026-09-29/support/probe.py;anneal-3730-lake-cache-publication-atomicity-2026-09-29/support/results.json;anneal-3730-lake-cache-publication-atomicity-2026-09-29/support/artifacts/partial-output-map.json;anneal-3730-lake-cache-publication-atomicity-2026-09-29/support/artifacts/truncated-olean.bin,anneal-3730-lake-same-key-artifact-writers-2026-09-29,anneal-3730-lake-same-key-artifact-writers-2026-09-29/REPORT.md;anneal-3730-lake-same-key-artifact-writers-2026-09-29/support/results.json;anneal-3730-lake-same-key-artifact-writers-2026-09-29/support/artifacts/partial-olean.bin;anneal-3730-lake-same-key-artifact-writers-2026-09-29/support/artifacts/partial-ilean.bin;anneal-3730-lake-same-key-artifact-writers-2026-09-29/support/artifacts/partial-c.bin;anneal-3730-lake-same-key-artifact-writers-2026-09-29/support/probe.py;anneal-3730-lake-same-key-artifact-writers-2026-09-29/support/check.py,anneal-3730-lake-key-artifact-family-matrix-2026-09-29,anneal-3730-lake-key-artifact-family-matrix-2026-09-29/REPORT.md;anneal-3730-lake-key-artifact-family-matrix-2026-09-29/support/results.json;anneal-3730-lake-key-artifact-family-matrix-2026-09-29/support/artifacts/retained/base/Dep.olean;anneal-3730-lake-key-artifact-family-matrix-2026-09-29/support/artifacts/retained/mixed-olean/Dep.olean;anneal-3730-lake-key-artifact-family-matrix-2026-09-29/support/artifacts/v1/plugin__probe_Plugin.dylib;anneal-3730-lake-key-artifact-family-matrix-2026-09-29/support/artifacts/v2/plugin__probe_Plugin.dylib;anneal-3730-lake-key-artifact-family-matrix-2026-09-29/support/probe.py;anneal-3730-lake-key-artifact-family-matrix-2026-09-29/support/check.py,anneal-3730-lake-dynamic-config-identity-2026-09-29,anneal-3730-lake-dynamic-config-identity-2026-09-29/REPORT.md;anneal-3730-lake-dynamic-config-identity-2026-09-29/support/results.json;anneal-3730-lake-dynamic-config-identity-2026-09-29/support/artifacts/golden-source;anneal-3730-lake-dynamic-config-identity-2026-09-29/support/artifacts/dynamic-a/trace;anneal-3730-lake-dynamic-config-identity-2026-09-29/support/artifacts/toml-seven/trace;anneal-3730-lake-dynamic-config-identity-2026-09-29/support/artifacts/lean-option/setup;anneal-3730-lake-dynamic-config-identity-2026-09-29/support/probe.py;anneal-3730-lake-dynamic-config-identity-2026-09-29/support/check.py,anneal-3730-lake-plugin-combined-family-mix-2026-09-29,anneal-3730-lake-plugin-combined-family-mix-2026-09-29/REPORT.md;anneal-3730-lake-plugin-combined-family-mix-2026-09-29/support/transcript.json;anneal-3730-lake-plugin-combined-family-mix-2026-09-29/support/artifacts/mix/olean;anneal-3730-lake-plugin-combined-family-mix-2026-09-29/support/artifacts/mix/plugin;anneal-3730-lake-plugin-combined-family-mix-2026-09-29/support/artifacts/mix/c;anneal-3730-lake-plugin-combined-family-mix-2026-09-29/support/artifacts/mix/setup;anneal-3730-lake-plugin-combined-family-mix-2026-09-29/support/probe.py;anneal-3730-lake-plugin-combined-family-mix-2026-09-29/support/check.py,,
J14,Filesystem-specific resource scaling,I119;I124,not-run,partial;partial,anneal-3730-resource-economics-2026-09-29;anneal-3730-platform-filesystem-boundary-2026-09-29,The APFS/overlayfs semantics probe did not measure filesystem-specific resource scaling.,"I119: Whole prepared tree sharing strategy with actual consumer writes, APFS extent accounting, and load.; I124: Exercise mapped live Lean artifacts and worker cleanup on every supported native filesystem; APFS Lean and cached Linux overlayfs bytes do not cover native ext4/XFS, Windows or network shares.",anneal-3730-real-lean-filesystem-lifetimes-2026-09-29,,,anneal-3730-lean-server-soak-context-rpc-2026-09-29,anneal-3730-lean-server-soak-context-rpc-2026-09-29/REPORT.md;anneal-3730-lean-server-soak-context-rpc-2026-09-29/support/transcript.json;anneal-3730-lean-server-soak-context-rpc-2026-09-29/support/work/A/Proof.lean;anneal-3730-lean-server-soak-context-rpc-2026-09-29/support/work/B/Proof.lean;anneal-3730-lean-server-soak-context-rpc-2026-09-29/support/probe.py;anneal-3730-lean-server-soak-context-rpc-2026-09-29/support/check.py,,,,,,,,
J15,Resource limits and stale-success fallback,I109;I129,partial,partial;partial,anneal-3730-generation-recovery-2026-09-29;anneal-3730-acceptance-oracle-matrix-2026-09-29;anneal-3730-partial-elaboration-queries-v4-30-0-rc2,Mapped destination evidence is scoped by its report; this suggestion is not inferred complete from a partial destination.,I109: Inject memory/disk/fd/process exhaustion with product last-good recovery; R19 only used preflight and command timeouts.; I129: Implement Anneal machine status with authenticated source/model/obligation identities and interrupted verification states; R12 manual weaker/missing/sorry/stale/import controls show Lean exit 0 is insufficient.,anneal-3730-lake-writer-recovery-2026-09-29,anneal-3730-lake-cache-publication-atomicity-2026-09-29;anneal-3730-rust-charon-aeneas-lean-golden-vertical-2026-09-29,anneal-3730-lake-cache-publication-atomicity-2026-09-29/support/probe.py;anneal-3730-lake-cache-publication-atomicity-2026-09-29/support/results.json;anneal-3730-lake-cache-publication-atomicity-2026-09-29/support/artifacts/partial-output-map.json;anneal-3730-lake-cache-publication-atomicity-2026-09-29/support/artifacts/truncated-olean.bin;anneal-3730-rust-charon-aeneas-lean-golden-vertical-2026-09-29/support/probe.py;anneal-3730-rust-charon-aeneas-lean-golden-vertical-2026-09-29/support/results.json;anneal-3730-rust-charon-aeneas-lean-golden-vertical-2026-09-29/support/work/base-cold/current.llbc;anneal-3730-rust-charon-aeneas-lean-golden-vertical-2026-09-29/support/work/mutated-clean/current.llbc,anneal-3730-lake-same-key-artifact-writers-2026-09-29;anneal-3730-cross-layer-comparator-mutants-2026-09-29,anneal-3730-lake-same-key-artifact-writers-2026-09-29/REPORT.md;anneal-3730-lake-same-key-artifact-writers-2026-09-29/support/results.json;anneal-3730-lake-same-key-artifact-writers-2026-09-29/support/artifacts/partial-olean.bin;anneal-3730-lake-same-key-artifact-writers-2026-09-29/support/artifacts/partial-ilean.bin;anneal-3730-lake-same-key-artifact-writers-2026-09-29/support/artifacts/partial-c.bin;anneal-3730-lake-same-key-artifact-writers-2026-09-29/support/probe.py;anneal-3730-lake-same-key-artifact-writers-2026-09-29/support/check.py;anneal-3730-cross-layer-comparator-mutants-2026-09-29/REPORT.md;anneal-3730-cross-layer-comparator-mutants-2026-09-29/support/results.json;anneal-3730-cross-layer-comparator-mutants-2026-09-29/support/comparison-manifest.json;anneal-3730-cross-layer-comparator-mutants-2026-09-29/support/probe.py;anneal-3730-cross-layer-comparator-mutants-2026-09-29/support/check.py,anneal-3730-lake-key-artifact-family-matrix-2026-09-29,anneal-3730-lake-key-artifact-family-matrix-2026-09-29/REPORT.md;anneal-3730-lake-key-artifact-family-matrix-2026-09-29/support/results.json;anneal-3730-lake-key-artifact-family-matrix-2026-09-29/support/artifacts/retained/base/Dep.olean;anneal-3730-lake-key-artifact-family-matrix-2026-09-29/support/artifacts/retained/mixed-olean/Dep.olean;anneal-3730-lake-key-artifact-family-matrix-2026-09-29/support/artifacts/v1/plugin__probe_Plugin.dylib;anneal-3730-lake-key-artifact-family-matrix-2026-09-29/support/artifacts/v2/plugin__probe_Plugin.dylib;anneal-3730-lake-key-artifact-family-matrix-2026-09-29/support/probe.py;anneal-3730-lake-key-artifact-family-matrix-2026-09-29/support/check.py,anneal-3730-lake-dynamic-config-identity-2026-09-29,anneal-3730-lake-dynamic-config-identity-2026-09-29/REPORT.md;anneal-3730-lake-dynamic-config-identity-2026-09-29/support/results.json;anneal-3730-lake-dynamic-config-identity-2026-09-29/support/artifacts/golden-source;anneal-3730-lake-dynamic-config-identity-2026-09-29/support/artifacts/dynamic-a/trace;anneal-3730-lake-dynamic-config-identity-2026-09-29/support/artifacts/toml-seven/trace;anneal-3730-lake-dynamic-config-identity-2026-09-29/support/artifacts/lean-option/setup;anneal-3730-lake-dynamic-config-identity-2026-09-29/support/probe.py;anneal-3730-lake-dynamic-config-identity-2026-09-29/support/check.py,,,,
K01,Exact pre-compiler proof-range sidecar,I025;I026;I149,partial,partial;partial;partial,anneal-3730-projection-provenance-2026-09-29;anneal-3730-aeneas-identity-manifest-2026-09-29,"Exact copied Rust doc-comment payload bytes and Unicode coordinate conversions were retained, but the source-owned range sidecar is illustrative rather than Anneal-issued.",I025: Run negotiated byte/UTF-16/scalar position encodings through the actual Rust-hosted Anneal projection; this package measured real compiler/Lean coordinates but its ///| source map is illustrative.; I026: Exercise actual annotation stripping/escaping/scaffolding map inversion and cross-segment edit refusal; invented doc-comment rules cannot establish Anneal's map.; I149: Produce authenticated Rust→Charon→Aeneas→Lean→obligation one-to-many links used for navigation and editing; R09 lexical ranges and R12 manual manifest remain unauthenticated.,anneal-3730-projection-macro-doccomment-patch-matrix-2026-09-29,anneal-3730-source-owned-projection-diagnostic-matrix-2026-09-29;anneal-3730-aeneas-manifest-batch-oracle-2026-09-29,anneal-3730-source-owned-projection-diagnostic-matrix-2026-09-29/support/probe.py;anneal-3730-source-owned-projection-diagnostic-matrix-2026-09-29/support/results.json;anneal-3730-source-owned-projection-diagnostic-matrix-2026-09-29/support/source.rs;anneal-3730-source-owned-projection-diagnostic-matrix-2026-09-29/support/artifacts/source.llbc;anneal-3730-aeneas-manifest-batch-oracle-2026-09-29/support/probe.py;anneal-3730-aeneas-manifest-batch-oracle-2026-09-29/support/results.json;anneal-3730-aeneas-manifest-batch-oracle-2026-09-29/support/declaration-manifest.json,anneal-3730-lean-lsp-projection-code-actions-2026-09-29;anneal-3730-aeneas-trait-output-shrink-matrix-2026-09-29;anneal-3730-cross-layer-comparator-mutants-2026-09-29,anneal-3730-lean-lsp-projection-code-actions-2026-09-29/REPORT.md;anneal-3730-lean-lsp-projection-code-actions-2026-09-29/support/lsp-transcript.json;anneal-3730-lean-lsp-projection-code-actions-2026-09-29/support/projection-stream.json;anneal-3730-lean-lsp-projection-code-actions-2026-09-29/support/Unicode.lean;anneal-3730-lean-lsp-projection-code-actions-2026-09-29/support/lsp_probe.py;anneal-3730-lean-lsp-projection-code-actions-2026-09-29/support/projection_model.py;anneal-3730-lean-lsp-projection-code-actions-2026-09-29/support/verify.py;anneal-3730-aeneas-trait-output-shrink-matrix-2026-09-29/REPORT.md;anneal-3730-aeneas-trait-output-shrink-matrix-2026-09-29/support/raw-results.json;anneal-3730-aeneas-trait-output-shrink-matrix-2026-09-29/support/inputs/base/trait_probe.rs;anneal-3730-aeneas-trait-output-shrink-matrix-2026-09-29/support/outputs/base/Funs.lean;anneal-3730-aeneas-trait-output-shrink-matrix-2026-09-29/support/outputs/error/Funs.lean;anneal-3730-aeneas-trait-output-shrink-matrix-2026-09-29/support/probe.py;anneal-3730-aeneas-trait-output-shrink-matrix-2026-09-29/support/check.py;anneal-3730-cross-layer-comparator-mutants-2026-09-29/REPORT.md;anneal-3730-cross-layer-comparator-mutants-2026-09-29/support/results.json;anneal-3730-cross-layer-comparator-mutants-2026-09-29/support/comparison-manifest.json;anneal-3730-cross-layer-comparator-mutants-2026-09-29/support/probe.py;anneal-3730-cross-layer-comparator-mutants-2026-09-29/support/check.py,,,,,,,,
K02,Cross-layer declaration manifest,I149,partial,partial,anneal-3730-aeneas-identity-manifest-2026-09-29,Pinned source/LLBC/generated Lean declarations and a three-function manual golden manifest exist; no authenticated producer-issued cross-layer ID/range map exists.,I149: Produce authenticated Rust→Charon→Aeneas→Lean→obligation one-to-many links used for navigation and editing; R09 lexical ranges and R12 manual manifest remain unauthenticated.,,anneal-3730-aeneas-manifest-batch-oracle-2026-09-29,anneal-3730-aeneas-manifest-batch-oracle-2026-09-29/support/probe.py;anneal-3730-aeneas-manifest-batch-oracle-2026-09-29/support/results.json;anneal-3730-aeneas-manifest-batch-oracle-2026-09-29/support/declaration-manifest.json,anneal-3730-aeneas-trait-output-shrink-matrix-2026-09-29;anneal-3730-cross-layer-comparator-mutants-2026-09-29,anneal-3730-aeneas-trait-output-shrink-matrix-2026-09-29/REPORT.md;anneal-3730-aeneas-trait-output-shrink-matrix-2026-09-29/support/raw-results.json;anneal-3730-aeneas-trait-output-shrink-matrix-2026-09-29/support/inputs/base/trait_probe.rs;anneal-3730-aeneas-trait-output-shrink-matrix-2026-09-29/support/outputs/base/Funs.lean;anneal-3730-aeneas-trait-output-shrink-matrix-2026-09-29/support/outputs/error/Funs.lean;anneal-3730-aeneas-trait-output-shrink-matrix-2026-09-29/support/probe.py;anneal-3730-aeneas-trait-output-shrink-matrix-2026-09-29/support/check.py;anneal-3730-cross-layer-comparator-mutants-2026-09-29/REPORT.md;anneal-3730-cross-layer-comparator-mutants-2026-09-29/support/results.json;anneal-3730-cross-layer-comparator-mutants-2026-09-29/support/comparison-manifest.json;anneal-3730-cross-layer-comparator-mutants-2026-09-29/support/probe.py;anneal-3730-cross-layer-comparator-mutants-2026-09-29/support/check.py,,,,,,,,
K03,Macro provenance/edit responsibility,I019;I031,partial,partial;partial,anneal-3730-projection-provenance-2026-09-29,Real Charon macro-generated item spans and missing source text were observed; edit responsibility in the Rust-hosted Anneal projection remains undecided.,"I019: Attach actual Anneal annotations to compiler items across cfg, aliases, trait defaults, locals and generated items; the line-marker ambiguity and Charon spans are not an attachment implementation.; I031: Integrate actual rustc/Charon/Aeneas/Lean diagnostic origins into an Anneal source/ownership map, including ambiguous and missing spans; raw compiler/batch/LSP specimens were acquired but the routing map is illustrative.",anneal-3730-annotation-subject-boundary-matrix-2026-09-29;anneal-3730-projection-macro-doccomment-patch-matrix-2026-09-29,anneal-3730-source-owned-projection-diagnostic-matrix-2026-09-29,anneal-3730-source-owned-projection-diagnostic-matrix-2026-09-29/support/probe.py;anneal-3730-source-owned-projection-diagnostic-matrix-2026-09-29/support/results.json;anneal-3730-source-owned-projection-diagnostic-matrix-2026-09-29/support/source.rs;anneal-3730-source-owned-projection-diagnostic-matrix-2026-09-29/support/artifacts/source.llbc,anneal-3730-lean-lsp-projection-code-actions-2026-09-29,anneal-3730-lean-lsp-projection-code-actions-2026-09-29/REPORT.md;anneal-3730-lean-lsp-projection-code-actions-2026-09-29/support/lsp-transcript.json;anneal-3730-lean-lsp-projection-code-actions-2026-09-29/support/projection-stream.json;anneal-3730-lean-lsp-projection-code-actions-2026-09-29/support/Unicode.lean;anneal-3730-lean-lsp-projection-code-actions-2026-09-29/support/lsp_probe.py;anneal-3730-lean-lsp-projection-code-actions-2026-09-29/support/projection_model.py;anneal-3730-lean-lsp-projection-code-actions-2026-09-29/support/verify.py,,,,,,,,
K04,Synthetic-scaffolding blame evaluation,I031;I141,partial,partial;conditional,anneal-3730-projection-provenance-2026-09-29,Real batch/LSP diagnostic specimens and an illustrative source blame map exist; the new human protocol has no participants or outcome data.,"I031: Integrate actual rustc/Charon/Aeneas/Lean diagnostic origins into an Anneal source/ownership map, including ambiguous and missing spans; raw compiler/batch/LSP specimens were acquired but the routing map is illustrative.; I141: The validated study protocol has eight keyed scenarios and balanced empty assignments, but no rendered/frozen Anneal UI, consenting participants or outcome data; execute the human trial before classifying comprehension.",anneal-3730-projection-macro-doccomment-patch-matrix-2026-09-29,anneal-3730-source-owned-projection-diagnostic-matrix-2026-09-29;anneal-3730-human-freshness-study-protocol-2026-09-29,anneal-3730-source-owned-projection-diagnostic-matrix-2026-09-29/support/probe.py;anneal-3730-source-owned-projection-diagnostic-matrix-2026-09-29/support/results.json;anneal-3730-source-owned-projection-diagnostic-matrix-2026-09-29/support/source.rs;anneal-3730-source-owned-projection-diagnostic-matrix-2026-09-29/support/artifacts/source.llbc;anneal-3730-human-freshness-study-protocol-2026-09-29/support/stimuli.json;anneal-3730-human-freshness-study-protocol-2026-09-29/support/assignments.csv;anneal-3730-human-freshness-study-protocol-2026-09-29/support/check.py,anneal-3730-lean-lsp-projection-code-actions-2026-09-29,anneal-3730-lean-lsp-projection-code-actions-2026-09-29/REPORT.md;anneal-3730-lean-lsp-projection-code-actions-2026-09-29/support/lsp-transcript.json;anneal-3730-lean-lsp-projection-code-actions-2026-09-29/support/projection-stream.json;anneal-3730-lean-lsp-projection-code-actions-2026-09-29/support/Unicode.lean;anneal-3730-lean-lsp-projection-code-actions-2026-09-29/support/lsp_probe.py;anneal-3730-lean-lsp-projection-code-actions-2026-09-29/support/projection_model.py;anneal-3730-lean-lsp-projection-code-actions-2026-09-29/support/verify.py,,,,,,,,
K05,Relocation and normalized diagnostic identities,I059;I101;I123,partial,partial;partial;partial,anneal-3730-lake-prepared-contract-2026-09-29,Mapped destination evidence is scoped by its report; this suggestion is not inferred complete from a partial destination.,"I059: Map Lean hover, definition/references, semantic tokens, signature and inlay responses from generated Lean to authored Rust, including missing imported source; R18 acquired direct cross-file Lean responses only.; I101: R21 copied a local producer/consumer pair but retained the producer. Relocate a producer-removed prepared Anneal archive with native/setup/server paths and retained workers.; I123: Connect real path aliases to module/document/cache identity and two intentional workspaces; APFS Lean imports and overlayfs byte lifetime do not establish Anneal routing.",anneal-3730-real-lean-filesystem-lifetimes-2026-09-29,anneal-3730-source-owned-projection-diagnostic-matrix-2026-09-29;anneal-3730-lake-cache-publication-atomicity-2026-09-29,anneal-3730-source-owned-projection-diagnostic-matrix-2026-09-29/support/probe.py;anneal-3730-source-owned-projection-diagnostic-matrix-2026-09-29/support/results.json;anneal-3730-source-owned-projection-diagnostic-matrix-2026-09-29/support/source.rs;anneal-3730-source-owned-projection-diagnostic-matrix-2026-09-29/support/artifacts/source.llbc;anneal-3730-lake-cache-publication-atomicity-2026-09-29/support/probe.py;anneal-3730-lake-cache-publication-atomicity-2026-09-29/support/results.json;anneal-3730-lake-cache-publication-atomicity-2026-09-29/support/artifacts/partial-output-map.json;anneal-3730-lake-cache-publication-atomicity-2026-09-29/support/artifacts/truncated-olean.bin,anneal-3730-lean-lsp-projection-code-actions-2026-09-29;anneal-3730-lake-same-key-artifact-writers-2026-09-29,anneal-3730-lean-lsp-projection-code-actions-2026-09-29/REPORT.md;anneal-3730-lean-lsp-projection-code-actions-2026-09-29/support/lsp-transcript.json;anneal-3730-lean-lsp-projection-code-actions-2026-09-29/support/projection-stream.json;anneal-3730-lean-lsp-projection-code-actions-2026-09-29/support/Unicode.lean;anneal-3730-lean-lsp-projection-code-actions-2026-09-29/support/lsp_probe.py;anneal-3730-lean-lsp-projection-code-actions-2026-09-29/support/projection_model.py;anneal-3730-lean-lsp-projection-code-actions-2026-09-29/support/verify.py;anneal-3730-lake-same-key-artifact-writers-2026-09-29/REPORT.md;anneal-3730-lake-same-key-artifact-writers-2026-09-29/support/results.json;anneal-3730-lake-same-key-artifact-writers-2026-09-29/support/artifacts/partial-olean.bin;anneal-3730-lake-same-key-artifact-writers-2026-09-29/support/artifacts/partial-ilean.bin;anneal-3730-lake-same-key-artifact-writers-2026-09-29/support/artifacts/partial-c.bin;anneal-3730-lake-same-key-artifact-writers-2026-09-29/support/probe.py;anneal-3730-lake-same-key-artifact-writers-2026-09-29/support/check.py,anneal-3730-lean-lsp-navigation-edit-operations-2026-09-29;anneal-3730-lake-key-artifact-family-matrix-2026-09-29,anneal-3730-lean-lsp-navigation-edit-operations-2026-09-29/REPORT.md;anneal-3730-lean-lsp-navigation-edit-operations-2026-09-29/support/transcript.json;anneal-3730-lean-lsp-navigation-edit-operations-2026-09-29/support/Applied.lean;anneal-3730-lean-lsp-navigation-edit-operations-2026-09-29/support/projection-replay.json;anneal-3730-lean-lsp-navigation-edit-operations-2026-09-29/support/probe.py;anneal-3730-lean-lsp-navigation-edit-operations-2026-09-29/support/projection_replay.py;anneal-3730-lean-lsp-navigation-edit-operations-2026-09-29/support/verify.py;anneal-3730-lake-key-artifact-family-matrix-2026-09-29/REPORT.md;anneal-3730-lake-key-artifact-family-matrix-2026-09-29/support/results.json;anneal-3730-lake-key-artifact-family-matrix-2026-09-29/support/artifacts/retained/base/Dep.olean;anneal-3730-lake-key-artifact-family-matrix-2026-09-29/support/artifacts/retained/mixed-olean/Dep.olean;anneal-3730-lake-key-artifact-family-matrix-2026-09-29/support/artifacts/v1/plugin__probe_Plugin.dylib;anneal-3730-lake-key-artifact-family-matrix-2026-09-29/support/artifacts/v2/plugin__probe_Plugin.dylib;anneal-3730-lake-key-artifact-family-matrix-2026-09-29/support/probe.py;anneal-3730-lake-key-artifact-family-matrix-2026-09-29/support/check.py,anneal-3730-lean-lsp-multifile-actions-hints-2026-09-29;anneal-3730-lake-dynamic-config-identity-2026-09-29,anneal-3730-lean-lsp-multifile-actions-hints-2026-09-29/REPORT.md;anneal-3730-lean-lsp-multifile-actions-hints-2026-09-29/support/transcript.json;anneal-3730-lean-lsp-multifile-actions-hints-2026-09-29/support/applied-results.json;anneal-3730-lean-lsp-multifile-actions-hints-2026-09-29/support/applied/rename-Helper.lean;anneal-3730-lean-lsp-multifile-actions-hints-2026-09-29/support/applied/action-Action.lean;anneal-3730-lean-lsp-multifile-actions-hints-2026-09-29/support/probe.py;anneal-3730-lean-lsp-multifile-actions-hints-2026-09-29/support/apply_returns.py;anneal-3730-lean-lsp-multifile-actions-hints-2026-09-29/support/verify.py;anneal-3730-lake-dynamic-config-identity-2026-09-29/REPORT.md;anneal-3730-lake-dynamic-config-identity-2026-09-29/support/results.json;anneal-3730-lake-dynamic-config-identity-2026-09-29/support/artifacts/golden-source;anneal-3730-lake-dynamic-config-identity-2026-09-29/support/artifacts/dynamic-a/trace;anneal-3730-lake-dynamic-config-identity-2026-09-29/support/artifacts/toml-seven/trace;anneal-3730-lake-dynamic-config-identity-2026-09-29/support/artifacts/lean-option/setup;anneal-3730-lake-dynamic-config-identity-2026-09-29/support/probe.py;anneal-3730-lake-dynamic-config-identity-2026-09-29/support/check.py,anneal-3730-lake-plugin-combined-family-mix-2026-09-29,anneal-3730-lake-plugin-combined-family-mix-2026-09-29/REPORT.md;anneal-3730-lake-plugin-combined-family-mix-2026-09-29/support/transcript.json;anneal-3730-lake-plugin-combined-family-mix-2026-09-29/support/artifacts/mix/olean;anneal-3730-lake-plugin-combined-family-mix-2026-09-29/support/artifacts/mix/plugin;anneal-3730-lake-plugin-combined-family-mix-2026-09-29/support/artifacts/mix/c;anneal-3730-lake-plugin-combined-family-mix-2026-09-29/support/artifacts/mix/setup;anneal-3730-lake-plugin-combined-family-mix-2026-09-29/support/probe.py;anneal-3730-lake-plugin-combined-family-mix-2026-09-29/support/check.py,,
K06,Owning range deleted during query,I021;I029,partial,partial;partial,anneal-3730-projection-provenance-2026-09-29,"A live Lean version-1 diagnostic returned after its owner Rust doc-comment line was deleted on disk; a local source-version gate rejected the patch, without an Anneal editor transport.","I021: Maintain real annotation identity across move, duplicate, split, reorder and delete while queries are pending; the marker locator and finite alias model give selected counterexamples.; I029: Apply source-owned patches through real editor transactions after source shifts and conflicting writers; the two-range stale/mixed/conflicting rejects were in a local model.",anneal-3730-annotation-subject-boundary-matrix-2026-09-29;anneal-3730-identity-state-mutation-model-2026-09-29;anneal-3730-projection-macro-doccomment-patch-matrix-2026-09-29,anneal-3730-source-owned-projection-diagnostic-matrix-2026-09-29,anneal-3730-source-owned-projection-diagnostic-matrix-2026-09-29/support/probe.py;anneal-3730-source-owned-projection-diagnostic-matrix-2026-09-29/support/results.json;anneal-3730-source-owned-projection-diagnostic-matrix-2026-09-29/support/source.rs;anneal-3730-source-owned-projection-diagnostic-matrix-2026-09-29/support/artifacts/source.llbc,anneal-3730-lean-lsp-projection-code-actions-2026-09-29,anneal-3730-lean-lsp-projection-code-actions-2026-09-29/REPORT.md;anneal-3730-lean-lsp-projection-code-actions-2026-09-29/support/lsp-transcript.json;anneal-3730-lean-lsp-projection-code-actions-2026-09-29/support/projection-stream.json;anneal-3730-lean-lsp-projection-code-actions-2026-09-29/support/Unicode.lean;anneal-3730-lean-lsp-projection-code-actions-2026-09-29/support/lsp_probe.py;anneal-3730-lean-lsp-projection-code-actions-2026-09-29/support/projection_model.py;anneal-3730-lean-lsp-projection-code-actions-2026-09-29/support/verify.py,,,,,,,,
K07,Rustfmt and proof-map stability,I032;I063,partial,partial;not-run,,Mapped destination evidence is scoped by its report; this suggestion is not inferred complete from a partial destination.,I032: Fuzz the actual annotation grammar/edit stream and measure full versus incremental maps at useful size; this tiny invented projector's indexed path was slower over 80 steps.; I063: Exercise real editor autosave/format/watch/build loops with dirty-buffer and duplicate-work controls; R18 batch-checked returned edits in isolated branches only.,anneal-3730-projection-macro-doccomment-patch-matrix-2026-09-29,anneal-3730-source-owned-projection-diagnostic-matrix-2026-09-29,anneal-3730-source-owned-projection-diagnostic-matrix-2026-09-29/support/probe.py;anneal-3730-source-owned-projection-diagnostic-matrix-2026-09-29/support/results.json;anneal-3730-source-owned-projection-diagnostic-matrix-2026-09-29/support/source.rs;anneal-3730-source-owned-projection-diagnostic-matrix-2026-09-29/support/artifacts/source.llbc,anneal-3730-lean-lsp-projection-code-actions-2026-09-29,anneal-3730-lean-lsp-projection-code-actions-2026-09-29/REPORT.md;anneal-3730-lean-lsp-projection-code-actions-2026-09-29/support/lsp-transcript.json;anneal-3730-lean-lsp-projection-code-actions-2026-09-29/support/projection-stream.json;anneal-3730-lean-lsp-projection-code-actions-2026-09-29/support/Unicode.lean;anneal-3730-lean-lsp-projection-code-actions-2026-09-29/support/lsp_probe.py;anneal-3730-lean-lsp-projection-code-actions-2026-09-29/support/projection_model.py;anneal-3730-lean-lsp-projection-code-actions-2026-09-29/support/verify.py,anneal-3730-lean-lsp-navigation-edit-operations-2026-09-29,anneal-3730-lean-lsp-navigation-edit-operations-2026-09-29/REPORT.md;anneal-3730-lean-lsp-navigation-edit-operations-2026-09-29/support/transcript.json;anneal-3730-lean-lsp-navigation-edit-operations-2026-09-29/support/Applied.lean;anneal-3730-lean-lsp-navigation-edit-operations-2026-09-29/support/projection-replay.json;anneal-3730-lean-lsp-navigation-edit-operations-2026-09-29/support/probe.py;anneal-3730-lean-lsp-navigation-edit-operations-2026-09-29/support/projection_replay.py;anneal-3730-lean-lsp-navigation-edit-operations-2026-09-29/support/verify.py,anneal-3730-lean-lsp-multifile-actions-hints-2026-09-29,anneal-3730-lean-lsp-multifile-actions-hints-2026-09-29/REPORT.md;anneal-3730-lean-lsp-multifile-actions-hints-2026-09-29/support/transcript.json;anneal-3730-lean-lsp-multifile-actions-hints-2026-09-29/support/applied-results.json;anneal-3730-lean-lsp-multifile-actions-hints-2026-09-29/support/applied/rename-Helper.lean;anneal-3730-lean-lsp-multifile-actions-hints-2026-09-29/support/applied/action-Action.lean;anneal-3730-lean-lsp-multifile-actions-hints-2026-09-29/support/probe.py;anneal-3730-lean-lsp-multifile-actions-hints-2026-09-29/support/apply_returns.py;anneal-3730-lean-lsp-multifile-actions-hints-2026-09-29/support/verify.py,,,,
K08,Stable proof identity through model regeneration,I024;I034;I056;I155,partial,partial;partial;partial;partial,anneal-3730-multiclient-editor-contract-2026-09-29,Mapped destination evidence is scoped by its report; this suggestion is not inferred complete from a partial destination.,"I024: Preserve real unsaved authored proof text through Anneal regeneration, formatter, duplicate/move and external edit; comment-marker source preservation is an illustrative control.; I034: Compare stable URI and generation-path behavior with a real worker across regeneration/reopen; the finite response model has no document routing.; I056: Proof-body/statement/helper/model ablation and sound incremental reuse boundaries on real Lean imports.; I155: Actual Rust editor host open/change/save/rename/close through Anneal projection and hidden Lean cleanup; new invented //% host in a local broker tests only lifecycle shape.",anneal-3730-annotation-subject-boundary-matrix-2026-09-29;anneal-3730-identity-state-mutation-model-2026-09-29,,,,,,,,,,,,
L01,Structured stage results,I006;I145,partial,partial;partial,anneal-3730-architecture-contracts-2026-09-29,Mapped destination evidence is scoped by its report; this suggestion is not inferred complete from a partial destination.,"I006: A structured Charon/Aeneas/Lean adapter contract with injected progress, stdout/stderr contamination, and shared batch/live use.; I145: Execute full identity ablation through actual Cargo→Charon→Aeneas→Lake→Lean→MCP responses; finite counterexamples cover four weakened tokens and selected ABA schedules only.",anneal-3730-identity-state-mutation-model-2026-09-29,,,,,,,,,,,,
L02,Backend filesystem-effects inventory,I006;I113,partial,partial;partial,anneal-3730-architecture-contracts-2026-09-29;anneal-3730-resource-economics-2026-09-29,Mapped destination evidence is scoped by its report; this suggestion is not inferred complete from a partial destination.,"I006: A structured Charon/Aeneas/Lean adapter contract with injected progress, stdout/stderr contamination, and shared batch/live use.; I113: Complete the per-consumer logical/allocated/inode/write/peak-space bill across Rust, LLBC, generated Lean, Lake caches and paths outside the workspace; the direct Lean soak measured only tiny local scratch bytes.",,anneal-3730-resource-soak-contamination-2026-09-29,anneal-3730-resource-soak-contamination-2026-09-29/support/probe.py;anneal-3730-resource-soak-contamination-2026-09-29/support/check.py;anneal-3730-resource-soak-contamination-2026-09-29/transcript.json,anneal-3730-lean-server-soak-context-rpc-2026-09-29,anneal-3730-lean-server-soak-context-rpc-2026-09-29/REPORT.md;anneal-3730-lean-server-soak-context-rpc-2026-09-29/support/transcript.json;anneal-3730-lean-server-soak-context-rpc-2026-09-29/support/work/A/Proof.lean;anneal-3730-lean-server-soak-context-rpc-2026-09-29/support/work/B/Proof.lean;anneal-3730-lean-server-soak-context-rpc-2026-09-29/support/probe.py;anneal-3730-lean-server-soak-context-rpc-2026-09-29/support/check.py,,,,,,,,
L03,Progress independent of UI,I006;I095,partial,partial;partial,anneal-3730-architecture-contracts-2026-09-29;anneal-3730-lake-prepared-contract-2026-09-29,Mapped destination evidence is scoped by its report; this suggestion is not inferred complete from a partial destination.,"I006: A structured Charon/Aeneas/Lean adapter contract with injected progress, stdout/stderr contamination, and shared batch/live use.; I095: R21 retained setup paths and stable hashes but no syscall trace. Trace launched process reads/writes and realized parallelism at prepared scale.",,anneal-3730-lake-cache-publication-atomicity-2026-09-29,anneal-3730-lake-cache-publication-atomicity-2026-09-29/support/probe.py;anneal-3730-lake-cache-publication-atomicity-2026-09-29/support/results.json;anneal-3730-lake-cache-publication-atomicity-2026-09-29/support/artifacts/partial-output-map.json;anneal-3730-lake-cache-publication-atomicity-2026-09-29/support/artifacts/truncated-olean.bin,anneal-3730-lake-same-key-artifact-writers-2026-09-29,anneal-3730-lake-same-key-artifact-writers-2026-09-29/REPORT.md;anneal-3730-lake-same-key-artifact-writers-2026-09-29/support/results.json;anneal-3730-lake-same-key-artifact-writers-2026-09-29/support/artifacts/partial-olean.bin;anneal-3730-lake-same-key-artifact-writers-2026-09-29/support/artifacts/partial-ilean.bin;anneal-3730-lake-same-key-artifact-writers-2026-09-29/support/artifacts/partial-c.bin;anneal-3730-lake-same-key-artifact-writers-2026-09-29/support/probe.py;anneal-3730-lake-same-key-artifact-writers-2026-09-29/support/check.py,anneal-3730-lake-key-artifact-family-matrix-2026-09-29,anneal-3730-lake-key-artifact-family-matrix-2026-09-29/REPORT.md;anneal-3730-lake-key-artifact-family-matrix-2026-09-29/support/results.json;anneal-3730-lake-key-artifact-family-matrix-2026-09-29/support/artifacts/retained/base/Dep.olean;anneal-3730-lake-key-artifact-family-matrix-2026-09-29/support/artifacts/retained/mixed-olean/Dep.olean;anneal-3730-lake-key-artifact-family-matrix-2026-09-29/support/artifacts/v1/plugin__probe_Plugin.dylib;anneal-3730-lake-key-artifact-family-matrix-2026-09-29/support/artifacts/v2/plugin__probe_Plugin.dylib;anneal-3730-lake-key-artifact-family-matrix-2026-09-29/support/probe.py;anneal-3730-lake-key-artifact-family-matrix-2026-09-29/support/check.py,anneal-3730-lake-dynamic-config-identity-2026-09-29,anneal-3730-lake-dynamic-config-identity-2026-09-29/REPORT.md;anneal-3730-lake-dynamic-config-identity-2026-09-29/support/results.json;anneal-3730-lake-dynamic-config-identity-2026-09-29/support/artifacts/golden-source;anneal-3730-lake-dynamic-config-identity-2026-09-29/support/artifacts/dynamic-a/trace;anneal-3730-lake-dynamic-config-identity-2026-09-29/support/artifacts/toml-seven/trace;anneal-3730-lake-dynamic-config-identity-2026-09-29/support/artifacts/lean-option/setup;anneal-3730-lake-dynamic-config-identity-2026-09-29/support/probe.py;anneal-3730-lake-dynamic-config-identity-2026-09-29/support/check.py,anneal-3730-lake-plugin-combined-family-mix-2026-09-29,anneal-3730-lake-plugin-combined-family-mix-2026-09-29/REPORT.md;anneal-3730-lake-plugin-combined-family-mix-2026-09-29/support/transcript.json;anneal-3730-lake-plugin-combined-family-mix-2026-09-29/support/artifacts/mix/olean;anneal-3730-lake-plugin-combined-family-mix-2026-09-29/support/artifacts/mix/plugin;anneal-3730-lake-plugin-combined-family-mix-2026-09-29/support/artifacts/mix/c;anneal-3730-lake-plugin-combined-family-mix-2026-09-29/support/artifacts/mix/setup;anneal-3730-lake-plugin-combined-family-mix-2026-09-29/support/probe.py;anneal-3730-lake-plugin-combined-family-mix-2026-09-29/support/check.py,,
L04,Cancellation abstraction fit,I007;I105,partial,partial;partial,anneal-3730-architecture-contracts-2026-09-29;anneal-3730-generation-recovery-2026-09-29,Mapped destination evidence is scoped by its report; this suggestion is not inferred complete from a partial destination.,"I007: A shared in-flight real backend with per-consumer cancellation and cache reuse ownership, beyond symbolic/fake stages.; I105: R22 covered selected CLI phases, immediate process-group snapshots and same-directory retries. Cancel all Cargo/setup/publication phases with graceful escalation, lock/pipe inventory, sustained escaped-descendant monitoring and repeated Anneal recovery.",anneal-3730-charon-concurrency-interruption-2026-09-29,anneal-3730-charon-subject-output-phase-matrix-2026-09-29,anneal-3730-charon-subject-output-phase-matrix-2026-09-29/support/probe.py;anneal-3730-charon-subject-output-phase-matrix-2026-09-29/support/raw-results.json;anneal-3730-charon-subject-output-phase-matrix-2026-09-29/support/manifests/test-repeat-1.json;anneal-3730-charon-subject-output-phase-matrix-2026-09-29/support/manifests/test-repeat-2.json;anneal-3730-charon-subject-output-phase-matrix-2026-09-29/support/artifacts/quota-partial.llbc,anneal-3730-charon-build-closure-control-2026-09-29,anneal-3730-charon-build-closure-control-2026-09-29/REPORT.md;anneal-3730-charon-build-closure-control-2026-09-29/support/raw-results.json;anneal-3730-charon-build-closure-control-2026-09-29/support/artifacts/baseline.llbc;anneal-3730-charon-build-closure-control-2026-09-29/support/artifacts/bin-unit.llbc;anneal-3730-charon-build-closure-control-2026-09-29/support/probe.py;anneal-3730-charon-build-closure-control-2026-09-29/support/verify.py,anneal-3730-cross-tool-stage-cancellation-cleanup-2026-09-29,anneal-3730-cross-tool-stage-cancellation-cleanup-2026-09-29/REPORT.md;anneal-3730-cross-tool-stage-cancellation-cleanup-2026-09-29/support/results.json;anneal-3730-cross-tool-stage-cancellation-cleanup-2026-09-29/support/fence-results.json;anneal-3730-cross-tool-stage-cancellation-cleanup-2026-09-29/support/artifacts/charon-app.llbc;anneal-3730-cross-tool-stage-cancellation-cleanup-2026-09-29/support/artifacts/lake-Probe.olean;anneal-3730-cross-tool-stage-cancellation-cleanup-2026-09-29/support/probe.py;anneal-3730-cross-tool-stage-cancellation-cleanup-2026-09-29/support/fence_oracle.py;anneal-3730-cross-tool-stage-cancellation-cleanup-2026-09-29/support/verify.py,anneal-3730-cross-tool-active-cancellation-barriers-2026-09-29,anneal-3730-cross-tool-active-cancellation-barriers-2026-09-29/REPORT.md;anneal-3730-cross-tool-active-cancellation-barriers-2026-09-29/support/results.json;anneal-3730-cross-tool-active-cancellation-barriers-2026-09-29/support/work/charon/base.llbc;anneal-3730-cross-tool-active-cancellation-barriers-2026-09-29/support/work/charon/base.llbc.postcard;anneal-3730-cross-tool-active-cancellation-barriers-2026-09-29/support/work/aeneas-cancel/Types.lean;anneal-3730-cross-tool-active-cancellation-barriers-2026-09-29/support/work/lake/.lake/build/lib/lean/Cancel/A.olean;anneal-3730-cross-tool-active-cancellation-barriers-2026-09-29/support/probe.py;anneal-3730-cross-tool-active-cancellation-barriers-2026-09-29/support/check.py,anneal-3730-cli-graceful-cancel-signals-2026-09-29,anneal-3730-cli-graceful-cancel-signals-2026-09-29/REPORT.md;anneal-3730-cli-graceful-cancel-signals-2026-09-29/support/results.json.gz;anneal-3730-cli-graceful-cancel-signals-2026-09-29/support/work/charon-graceful/input.llbc;anneal-3730-cli-graceful-cancel-signals-2026-09-29/support/work/aeneas-graceful/Types.lean;anneal-3730-cli-graceful-cancel-signals-2026-09-29/support/probe.py;anneal-3730-cli-graceful-cancel-signals-2026-09-29/support/check.py;anneal-3730-cli-graceful-cancel-signals-2026-09-29/support/ignore_int_supervisor.py,,
L05,Backend crash/retry reconstruction,I077;I081;I110,partial,partial;conditional;partial,anneal-3730-generation-recovery-2026-09-29,Mapped destination evidence is scoped by its report; this suggestion is not inferred complete from a partial destination.,"I077: Test same-process Charon reset after error/cancel against fresh oracle; R20 killed and retried a separate process.; I081: OCaml/Dune/opam toolchain not installed; same-process Aeneas needs user-approved non-local dependency scope.; I110: Forced actual Lean worker/watchdog, Anneal and build-process kills with reconstruction from authoritative source/imports; new OS kills target a synthetic publisher.",anneal-3730-charon-concurrency-interruption-2026-09-29;anneal-3730-charon-warm-target-controls-2026-09-29,anneal-3730-charon-subject-output-phase-matrix-2026-09-29,anneal-3730-charon-subject-output-phase-matrix-2026-09-29/support/probe.py;anneal-3730-charon-subject-output-phase-matrix-2026-09-29/support/raw-results.json;anneal-3730-charon-subject-output-phase-matrix-2026-09-29/support/manifests/test-repeat-1.json;anneal-3730-charon-subject-output-phase-matrix-2026-09-29/support/manifests/test-repeat-2.json;anneal-3730-charon-subject-output-phase-matrix-2026-09-29/support/artifacts/quota-partial.llbc,anneal-3730-charon-build-closure-control-2026-09-29,anneal-3730-charon-build-closure-control-2026-09-29/REPORT.md;anneal-3730-charon-build-closure-control-2026-09-29/support/raw-results.json;anneal-3730-charon-build-closure-control-2026-09-29/support/artifacts/baseline.llbc;anneal-3730-charon-build-closure-control-2026-09-29/support/artifacts/bin-unit.llbc;anneal-3730-charon-build-closure-control-2026-09-29/support/probe.py;anneal-3730-charon-build-closure-control-2026-09-29/support/verify.py,anneal-3730-cross-tool-stage-cancellation-cleanup-2026-09-29,anneal-3730-cross-tool-stage-cancellation-cleanup-2026-09-29/REPORT.md;anneal-3730-cross-tool-stage-cancellation-cleanup-2026-09-29/support/results.json;anneal-3730-cross-tool-stage-cancellation-cleanup-2026-09-29/support/fence-results.json;anneal-3730-cross-tool-stage-cancellation-cleanup-2026-09-29/support/artifacts/charon-app.llbc;anneal-3730-cross-tool-stage-cancellation-cleanup-2026-09-29/support/artifacts/lake-Probe.olean;anneal-3730-cross-tool-stage-cancellation-cleanup-2026-09-29/support/probe.py;anneal-3730-cross-tool-stage-cancellation-cleanup-2026-09-29/support/fence_oracle.py;anneal-3730-cross-tool-stage-cancellation-cleanup-2026-09-29/support/verify.py,anneal-3730-cross-tool-active-cancellation-barriers-2026-09-29,anneal-3730-cross-tool-active-cancellation-barriers-2026-09-29/REPORT.md;anneal-3730-cross-tool-active-cancellation-barriers-2026-09-29/support/results.json;anneal-3730-cross-tool-active-cancellation-barriers-2026-09-29/support/work/charon/base.llbc;anneal-3730-cross-tool-active-cancellation-barriers-2026-09-29/support/work/charon/base.llbc.postcard;anneal-3730-cross-tool-active-cancellation-barriers-2026-09-29/support/work/aeneas-cancel/Types.lean;anneal-3730-cross-tool-active-cancellation-barriers-2026-09-29/support/work/lake/.lake/build/lib/lean/Cancel/A.olean;anneal-3730-cross-tool-active-cancellation-barriers-2026-09-29/support/probe.py;anneal-3730-cross-tool-active-cancellation-barriers-2026-09-29/support/check.py,,,,
L06,Backend version/capability negotiation,I156,partial,partial,anneal-3730-aeneas-identity-manifest-2026-09-29;anneal-3730-multiclient-editor-contract-2026-09-29,Mapped destination evidence is scoped by its report; this suggestion is not inferred complete from a partial destination.,I156: Versioned executable Charon/Aeneas/Lean capability descriptors with real adapter fallback and unsupported-call behavior; one-shot Aeneas and local broker descriptors are partial.,,,,,,,,,,,,,
L07,Batch shell over shared engine,I157,partial,partial,anneal-3730-multiclient-editor-contract-2026-09-29,Mapped destination evidence is scoped by its report; this suggestion is not inferred complete from a partial destination.,I157: One actual Anneal engine driven by current batch CLI and repeated in-process live shell with cancellation/reconstruction and fresh exact-input oracle; current Python prototypes are separate.,,,,,,,,,,,,,
L08,Transport-free interactive shell,I157,partial,partial,anneal-3730-multiclient-editor-contract-2026-09-29,Mapped destination evidence is scoped by its report; this suggestion is not inferred complete from a partial destination.,I157: One actual Anneal engine driven by current batch CLI and repeated in-process live shell with cancellation/reconstruction and fresh exact-input oracle; current Python prototypes are separate.,,,,,,,,,,,,,
L09,Direct Lean backend versus MCP delegation,I072,not-run,not-run,,No installed Lean MCP adapter was exercised under Anneal conditions.,"I072: Two independent MCP clients with concurrent calls, cancellation, and consistent shared workspace observations.",,,,,,,,,,,,,
L10,Aeneas library embedding,I081;I086,conditional,conditional;not-run,anneal-3730-aeneas-identity-manifest-2026-09-29,Aeneas library embedding depends on the unresolved OCaml/Dune/opam toolchain decision.,"I081: OCaml/Dune/opam toolchain not installed; same-process Aeneas needs user-approved non-local dependency scope.; I086: Measured in-memory/structured-stream versus serialized LLBC/Lean handoff for copying, diagnostics, cancellation, and evidence cost.",,anneal-3730-aeneas-manifest-batch-oracle-2026-09-29,anneal-3730-aeneas-manifest-batch-oracle-2026-09-29/support/probe.py;anneal-3730-aeneas-manifest-batch-oracle-2026-09-29/support/results.json;anneal-3730-aeneas-manifest-batch-oracle-2026-09-29/support/declaration-manifest.json,anneal-3730-aeneas-trait-output-shrink-matrix-2026-09-29,anneal-3730-aeneas-trait-output-shrink-matrix-2026-09-29/REPORT.md;anneal-3730-aeneas-trait-output-shrink-matrix-2026-09-29/support/raw-results.json;anneal-3730-aeneas-trait-output-shrink-matrix-2026-09-29/support/inputs/base/trait_probe.rs;anneal-3730-aeneas-trait-output-shrink-matrix-2026-09-29/support/outputs/base/Funs.lean;anneal-3730-aeneas-trait-output-shrink-matrix-2026-09-29/support/outputs/error/Funs.lean;anneal-3730-aeneas-trait-output-shrink-matrix-2026-09-29/support/probe.py;anneal-3730-aeneas-trait-output-shrink-matrix-2026-09-29/support/check.py,,,,,,,,
M01,Interactive invariants on upgraded Lean/Lake,I094;I136;I158,partial,partial;partial;partial,anneal-3730-lake-prepared-contract-2026-09-29;anneal-3730-independent-vertical-reproduction-2026-09-29;anneal-3730-aeneas-identity-manifest-2026-09-29,Mapped destination evidence is scoped by its report; this suggestion is not inferred complete from a partial destination.,I094: Read-only prepared consumer behavior on a selected later compatible Lean/Lake tuple; current prepared fixture is 4.30-rc2 only.; I136: Reproduce on an independent machine/operator and selected compatible upgraded cross-tool tuple; the new separate clean Cargo target is on the same host and same pins.; I158: Replay full Rust/Charon/Aeneas/Lean golden across compatible revisions and delete each workaround; R12 uses one pinned cross-tool tuple and clean same-host rerun.,anneal-3730-lean-cross-version-equivalence-v4-29-v4-30-rc2-2026-09-29,anneal-3730-lake-cache-publication-atomicity-2026-09-29;anneal-3730-rust-charon-aeneas-lean-golden-vertical-2026-09-29,anneal-3730-lake-cache-publication-atomicity-2026-09-29/support/probe.py;anneal-3730-lake-cache-publication-atomicity-2026-09-29/support/results.json;anneal-3730-lake-cache-publication-atomicity-2026-09-29/support/artifacts/partial-output-map.json;anneal-3730-lake-cache-publication-atomicity-2026-09-29/support/artifacts/truncated-olean.bin;anneal-3730-rust-charon-aeneas-lean-golden-vertical-2026-09-29/support/probe.py;anneal-3730-rust-charon-aeneas-lean-golden-vertical-2026-09-29/support/results.json;anneal-3730-rust-charon-aeneas-lean-golden-vertical-2026-09-29/support/work/base-cold/current.llbc;anneal-3730-rust-charon-aeneas-lean-golden-vertical-2026-09-29/support/work/mutated-clean/current.llbc,anneal-3730-lake-same-key-artifact-writers-2026-09-29;anneal-3730-cross-layer-comparator-mutants-2026-09-29,anneal-3730-lake-same-key-artifact-writers-2026-09-29/REPORT.md;anneal-3730-lake-same-key-artifact-writers-2026-09-29/support/results.json;anneal-3730-lake-same-key-artifact-writers-2026-09-29/support/artifacts/partial-olean.bin;anneal-3730-lake-same-key-artifact-writers-2026-09-29/support/artifacts/partial-ilean.bin;anneal-3730-lake-same-key-artifact-writers-2026-09-29/support/artifacts/partial-c.bin;anneal-3730-lake-same-key-artifact-writers-2026-09-29/support/probe.py;anneal-3730-lake-same-key-artifact-writers-2026-09-29/support/check.py;anneal-3730-cross-layer-comparator-mutants-2026-09-29/REPORT.md;anneal-3730-cross-layer-comparator-mutants-2026-09-29/support/results.json;anneal-3730-cross-layer-comparator-mutants-2026-09-29/support/comparison-manifest.json;anneal-3730-cross-layer-comparator-mutants-2026-09-29/support/probe.py;anneal-3730-cross-layer-comparator-mutants-2026-09-29/support/check.py,,,,,anneal-3730-lake-plugin-combined-family-mix-2026-09-29,anneal-3730-lake-plugin-combined-family-mix-2026-09-29/REPORT.md;anneal-3730-lake-plugin-combined-family-mix-2026-09-29/support/transcript.json;anneal-3730-lake-plugin-combined-family-mix-2026-09-29/support/artifacts/mix/olean;anneal-3730-lake-plugin-combined-family-mix-2026-09-29/support/artifacts/mix/plugin;anneal-3730-lake-plugin-combined-family-mix-2026-09-29/support/artifacts/mix/c;anneal-3730-lake-plugin-combined-family-mix-2026-09-29/support/artifacts/mix/setup;anneal-3730-lake-plugin-combined-family-mix-2026-09-29/support/probe.py;anneal-3730-lake-plugin-combined-family-mix-2026-09-29/support/check.py,,
M02,Minimal interactive upgrade checklist,I158,partial,partial,anneal-3730-aeneas-identity-manifest-2026-09-29,Mapped destination evidence is scoped by its report; this suggestion is not inferred complete from a partial destination.,I158: Replay full Rust/Charon/Aeneas/Lean golden across compatible revisions and delete each workaround; R12 uses one pinned cross-tool tuple and clean same-host rerun.,anneal-3730-lean-cross-version-equivalence-v4-29-v4-30-rc2-2026-09-29,anneal-3730-rust-charon-aeneas-lean-golden-vertical-2026-09-29,anneal-3730-rust-charon-aeneas-lean-golden-vertical-2026-09-29/support/probe.py;anneal-3730-rust-charon-aeneas-lean-golden-vertical-2026-09-29/support/results.json;anneal-3730-rust-charon-aeneas-lean-golden-vertical-2026-09-29/support/work/base-cold/current.llbc;anneal-3730-rust-charon-aeneas-lean-golden-vertical-2026-09-29/support/work/mutated-clean/current.llbc,anneal-3730-cross-layer-comparator-mutants-2026-09-29,anneal-3730-cross-layer-comparator-mutants-2026-09-29/REPORT.md;anneal-3730-cross-layer-comparator-mutants-2026-09-29/support/results.json;anneal-3730-cross-layer-comparator-mutants-2026-09-29/support/comparison-manifest.json;anneal-3730-cross-layer-comparator-mutants-2026-09-29/support/probe.py;anneal-3730-cross-layer-comparator-mutants-2026-09-29/support/check.py,,,,,,,,
M03,Charon upgrade checklist,I158,not-run,partial,anneal-3730-aeneas-identity-manifest-2026-09-29,No second Charon version was selected for an upgrade checklist execution.,I158: Replay full Rust/Charon/Aeneas/Lean golden across compatible revisions and delete each workaround; R12 uses one pinned cross-tool tuple and clean same-host rerun.,anneal-3730-lean-cross-version-equivalence-v4-29-v4-30-rc2-2026-09-29,anneal-3730-rust-charon-aeneas-lean-golden-vertical-2026-09-29,anneal-3730-rust-charon-aeneas-lean-golden-vertical-2026-09-29/support/probe.py;anneal-3730-rust-charon-aeneas-lean-golden-vertical-2026-09-29/support/results.json;anneal-3730-rust-charon-aeneas-lean-golden-vertical-2026-09-29/support/work/base-cold/current.llbc;anneal-3730-rust-charon-aeneas-lean-golden-vertical-2026-09-29/support/work/mutated-clean/current.llbc,anneal-3730-cross-layer-comparator-mutants-2026-09-29,anneal-3730-cross-layer-comparator-mutants-2026-09-29/REPORT.md;anneal-3730-cross-layer-comparator-mutants-2026-09-29/support/results.json;anneal-3730-cross-layer-comparator-mutants-2026-09-29/support/comparison-manifest.json;anneal-3730-cross-layer-comparator-mutants-2026-09-29/support/probe.py;anneal-3730-cross-layer-comparator-mutants-2026-09-29/support/check.py,,,,,,,,
M04,Aeneas upgrade checklist,I158,not-run,partial,anneal-3730-aeneas-identity-manifest-2026-09-29,No second Aeneas version was selected for an upgrade checklist execution.,I158: Replay full Rust/Charon/Aeneas/Lean golden across compatible revisions and delete each workaround; R12 uses one pinned cross-tool tuple and clean same-host rerun.,anneal-3730-lean-cross-version-equivalence-v4-29-v4-30-rc2-2026-09-29,anneal-3730-rust-charon-aeneas-lean-golden-vertical-2026-09-29,anneal-3730-rust-charon-aeneas-lean-golden-vertical-2026-09-29/support/probe.py;anneal-3730-rust-charon-aeneas-lean-golden-vertical-2026-09-29/support/results.json;anneal-3730-rust-charon-aeneas-lean-golden-vertical-2026-09-29/support/work/base-cold/current.llbc;anneal-3730-rust-charon-aeneas-lean-golden-vertical-2026-09-29/support/work/mutated-clean/current.llbc,anneal-3730-cross-layer-comparator-mutants-2026-09-29,anneal-3730-cross-layer-comparator-mutants-2026-09-29/REPORT.md;anneal-3730-cross-layer-comparator-mutants-2026-09-29/support/results.json;anneal-3730-cross-layer-comparator-mutants-2026-09-29/support/comparison-manifest.json;anneal-3730-cross-layer-comparator-mutants-2026-09-29/support/probe.py;anneal-3730-cross-layer-comparator-mutants-2026-09-29/support/check.py,,,,,,,,
M05,Golden replay across toolchain tuples,I136;I158,partial,partial;partial,anneal-3730-independent-vertical-reproduction-2026-09-29;anneal-3730-aeneas-identity-manifest-2026-09-29,Mapped destination evidence is scoped by its report; this suggestion is not inferred complete from a partial destination.,I136: Reproduce on an independent machine/operator and selected compatible upgraded cross-tool tuple; the new separate clean Cargo target is on the same host and same pins.; I158: Replay full Rust/Charon/Aeneas/Lean golden across compatible revisions and delete each workaround; R12 uses one pinned cross-tool tuple and clean same-host rerun.,anneal-3730-lean-cross-version-equivalence-v4-29-v4-30-rc2-2026-09-29,anneal-3730-rust-charon-aeneas-lean-golden-vertical-2026-09-29,anneal-3730-rust-charon-aeneas-lean-golden-vertical-2026-09-29/support/probe.py;anneal-3730-rust-charon-aeneas-lean-golden-vertical-2026-09-29/support/results.json;anneal-3730-rust-charon-aeneas-lean-golden-vertical-2026-09-29/support/work/base-cold/current.llbc;anneal-3730-rust-charon-aeneas-lean-golden-vertical-2026-09-29/support/work/mutated-clean/current.llbc,anneal-3730-cross-layer-comparator-mutants-2026-09-29,anneal-3730-cross-layer-comparator-mutants-2026-09-29/REPORT.md;anneal-3730-cross-layer-comparator-mutants-2026-09-29/support/results.json;anneal-3730-cross-layer-comparator-mutants-2026-09-29/support/comparison-manifest.json;anneal-3730-cross-layer-comparator-mutants-2026-09-29/support/probe.py;anneal-3730-cross-layer-comparator-mutants-2026-09-29/support/check.py,,,,,,,,
M06,Probes for deleting obsolete workarounds,I100;I142;I158,not-run,partial;partial;partial,anneal-3730-lake-prepared-contract-2026-09-29;anneal-3730-architecture-contracts-2026-09-29;anneal-3730-aeneas-identity-manifest-2026-09-29,No workaround-deletion probe was run on a compatible upgraded tuple.,"I100: R21 retained exact unchanged hashes for one valid mix. Extend mtime/source-order/trace normalization and family mix controls to realistic generated graphs.; I142: Matched real-workload adoption gates for reuse, fine invalidation, incremental projection, shared broker and history; current toy topology gives mechanism/failure costs but no backend benefit.; I158: Replay full Rust/Charon/Aeneas/Lean golden across compatible revisions and delete each workaround; R12 uses one pinned cross-tool tuple and clean same-host rerun.",anneal-3730-lean-cross-version-equivalence-v4-29-v4-30-rc2-2026-09-29,anneal-3730-lake-cache-publication-atomicity-2026-09-29;anneal-3730-rust-charon-aeneas-lean-golden-vertical-2026-09-29,anneal-3730-lake-cache-publication-atomicity-2026-09-29/support/probe.py;anneal-3730-lake-cache-publication-atomicity-2026-09-29/support/results.json;anneal-3730-lake-cache-publication-atomicity-2026-09-29/support/artifacts/partial-output-map.json;anneal-3730-lake-cache-publication-atomicity-2026-09-29/support/artifacts/truncated-olean.bin;anneal-3730-rust-charon-aeneas-lean-golden-vertical-2026-09-29/support/probe.py;anneal-3730-rust-charon-aeneas-lean-golden-vertical-2026-09-29/support/results.json;anneal-3730-rust-charon-aeneas-lean-golden-vertical-2026-09-29/support/work/base-cold/current.llbc;anneal-3730-rust-charon-aeneas-lean-golden-vertical-2026-09-29/support/work/mutated-clean/current.llbc,anneal-3730-lake-same-key-artifact-writers-2026-09-29;anneal-3730-cross-layer-comparator-mutants-2026-09-29,anneal-3730-lake-same-key-artifact-writers-2026-09-29/REPORT.md;anneal-3730-lake-same-key-artifact-writers-2026-09-29/support/results.json;anneal-3730-lake-same-key-artifact-writers-2026-09-29/support/artifacts/partial-olean.bin;anneal-3730-lake-same-key-artifact-writers-2026-09-29/support/artifacts/partial-ilean.bin;anneal-3730-lake-same-key-artifact-writers-2026-09-29/support/artifacts/partial-c.bin;anneal-3730-lake-same-key-artifact-writers-2026-09-29/support/probe.py;anneal-3730-lake-same-key-artifact-writers-2026-09-29/support/check.py;anneal-3730-cross-layer-comparator-mutants-2026-09-29/REPORT.md;anneal-3730-cross-layer-comparator-mutants-2026-09-29/support/results.json;anneal-3730-cross-layer-comparator-mutants-2026-09-29/support/comparison-manifest.json;anneal-3730-cross-layer-comparator-mutants-2026-09-29/support/probe.py;anneal-3730-cross-layer-comparator-mutants-2026-09-29/support/check.py,anneal-3730-lake-key-artifact-family-matrix-2026-09-29,anneal-3730-lake-key-artifact-family-matrix-2026-09-29/REPORT.md;anneal-3730-lake-key-artifact-family-matrix-2026-09-29/support/results.json;anneal-3730-lake-key-artifact-family-matrix-2026-09-29/support/artifacts/retained/base/Dep.olean;anneal-3730-lake-key-artifact-family-matrix-2026-09-29/support/artifacts/retained/mixed-olean/Dep.olean;anneal-3730-lake-key-artifact-family-matrix-2026-09-29/support/artifacts/v1/plugin__probe_Plugin.dylib;anneal-3730-lake-key-artifact-family-matrix-2026-09-29/support/artifacts/v2/plugin__probe_Plugin.dylib;anneal-3730-lake-key-artifact-family-matrix-2026-09-29/support/probe.py;anneal-3730-lake-key-artifact-family-matrix-2026-09-29/support/check.py,anneal-3730-lake-dynamic-config-identity-2026-09-29,anneal-3730-lake-dynamic-config-identity-2026-09-29/REPORT.md;anneal-3730-lake-dynamic-config-identity-2026-09-29/support/results.json;anneal-3730-lake-dynamic-config-identity-2026-09-29/support/artifacts/golden-source;anneal-3730-lake-dynamic-config-identity-2026-09-29/support/artifacts/dynamic-a/trace;anneal-3730-lake-dynamic-config-identity-2026-09-29/support/artifacts/toml-seven/trace;anneal-3730-lake-dynamic-config-identity-2026-09-29/support/artifacts/lean-option/setup;anneal-3730-lake-dynamic-config-identity-2026-09-29/support/probe.py;anneal-3730-lake-dynamic-config-identity-2026-09-29/support/check.py,anneal-3730-lake-plugin-combined-family-mix-2026-09-29,anneal-3730-lake-plugin-combined-family-mix-2026-09-29/REPORT.md;anneal-3730-lake-plugin-combined-family-mix-2026-09-29/support/transcript.json;anneal-3730-lake-plugin-combined-family-mix-2026-09-29/support/artifacts/mix/olean;anneal-3730-lake-plugin-combined-family-mix-2026-09-29/support/artifacts/mix/plugin;anneal-3730-lake-plugin-combined-family-mix-2026-09-29/support/artifacts/mix/c;anneal-3730-lake-plugin-combined-family-mix-2026-09-29/support/artifacts/mix/setup;anneal-3730-lake-plugin-combined-family-mix-2026-09-29/support/probe.py;anneal-3730-lake-plugin-combined-family-mix-2026-09-29/support/check.py,,
N01,Challenge path-only identity,I159,partial,partial,anneal-3730-acceptance-oracle-matrix-2026-09-29;anneal-3730-architecture-contracts-2026-09-29,Mapped destination evidence is scoped by its report; this suggestion is not inferred complete from a partial destination.,I159: Run N01–N12 architecture alternatives in an integrated Anneal service; R12 hand-assembled acceptance controls reject weaker/missing/admitted/stale proof success.,anneal-3730-lean-cross-version-equivalence-v4-29-v4-30-rc2-2026-09-29;anneal-3730-lean-launch-refresh-matrix-v4-30-0-rc2,anneal-3730-rust-charon-aeneas-lean-golden-vertical-2026-09-29,anneal-3730-rust-charon-aeneas-lean-golden-vertical-2026-09-29/support/probe.py;anneal-3730-rust-charon-aeneas-lean-golden-vertical-2026-09-29/support/results.json;anneal-3730-rust-charon-aeneas-lean-golden-vertical-2026-09-29/support/work/base-cold/current.llbc;anneal-3730-rust-charon-aeneas-lean-golden-vertical-2026-09-29/support/work/mutated-clean/current.llbc,anneal-3730-cross-layer-comparator-mutants-2026-09-29,anneal-3730-cross-layer-comparator-mutants-2026-09-29/REPORT.md;anneal-3730-cross-layer-comparator-mutants-2026-09-29/support/results.json;anneal-3730-cross-layer-comparator-mutants-2026-09-29/support/comparison-manifest.json;anneal-3730-cross-layer-comparator-mutants-2026-09-29/support/probe.py;anneal-3730-cross-layer-comparator-mutants-2026-09-29/support/check.py,,,,,,,,
N02,Challenge document-version-only identity,I159,partial,partial,anneal-3730-acceptance-oracle-matrix-2026-09-29;anneal-3730-architecture-contracts-2026-09-29,Mapped destination evidence is scoped by its report; this suggestion is not inferred complete from a partial destination.,I159: Run N01–N12 architecture alternatives in an integrated Anneal service; R12 hand-assembled acceptance controls reject weaker/missing/admitted/stale proof success.,anneal-3730-lean-cross-version-equivalence-v4-29-v4-30-rc2-2026-09-29;anneal-3730-lean-launch-refresh-matrix-v4-30-0-rc2,anneal-3730-rust-charon-aeneas-lean-golden-vertical-2026-09-29,anneal-3730-rust-charon-aeneas-lean-golden-vertical-2026-09-29/support/probe.py;anneal-3730-rust-charon-aeneas-lean-golden-vertical-2026-09-29/support/results.json;anneal-3730-rust-charon-aeneas-lean-golden-vertical-2026-09-29/support/work/base-cold/current.llbc;anneal-3730-rust-charon-aeneas-lean-golden-vertical-2026-09-29/support/work/mutated-clean/current.llbc,anneal-3730-cross-layer-comparator-mutants-2026-09-29,anneal-3730-cross-layer-comparator-mutants-2026-09-29/REPORT.md;anneal-3730-cross-layer-comparator-mutants-2026-09-29/support/results.json;anneal-3730-cross-layer-comparator-mutants-2026-09-29/support/comparison-manifest.json;anneal-3730-cross-layer-comparator-mutants-2026-09-29/support/probe.py;anneal-3730-cross-layer-comparator-mutants-2026-09-29/support/check.py,,,,,,,,
N03,Try supported refresh without restart,I159,partial,partial,anneal-3730-acceptance-oracle-matrix-2026-09-29;anneal-3730-architecture-contracts-2026-09-29,"Watcher, new-file open, close/reopen and fresh worker were tried in three supported launch modes; already-open worker stayed stale in this fixture.",I159: Run N01–N12 architecture alternatives in an integrated Anneal service; R12 hand-assembled acceptance controls reject weaker/missing/admitted/stale proof success.,anneal-3730-lean-cross-version-equivalence-v4-29-v4-30-rc2-2026-09-29;anneal-3730-lean-launch-refresh-matrix-v4-30-0-rc2,anneal-3730-rust-charon-aeneas-lean-golden-vertical-2026-09-29,anneal-3730-rust-charon-aeneas-lean-golden-vertical-2026-09-29/support/probe.py;anneal-3730-rust-charon-aeneas-lean-golden-vertical-2026-09-29/support/results.json;anneal-3730-rust-charon-aeneas-lean-golden-vertical-2026-09-29/support/work/base-cold/current.llbc;anneal-3730-rust-charon-aeneas-lean-golden-vertical-2026-09-29/support/work/mutated-clean/current.llbc,anneal-3730-cross-layer-comparator-mutants-2026-09-29,anneal-3730-cross-layer-comparator-mutants-2026-09-29/REPORT.md;anneal-3730-cross-layer-comparator-mutants-2026-09-29/support/results.json;anneal-3730-cross-layer-comparator-mutants-2026-09-29/support/comparison-manifest.json;anneal-3730-cross-layer-comparator-mutants-2026-09-29/support/probe.py;anneal-3730-cross-layer-comparator-mutants-2026-09-29/support/check.py,,,,,,,,
N04,Try one server for conflicting workspaces,I159,partial,partial,anneal-3730-acceptance-oracle-matrix-2026-09-29;anneal-3730-architecture-contracts-2026-09-29,Mapped destination evidence is scoped by its report; this suggestion is not inferred complete from a partial destination.,I159: Run N01–N12 architecture alternatives in an integrated Anneal service; R12 hand-assembled acceptance controls reject weaker/missing/admitted/stale proof success.,anneal-3730-lean-cross-version-equivalence-v4-29-v4-30-rc2-2026-09-29;anneal-3730-lean-launch-refresh-matrix-v4-30-0-rc2,anneal-3730-rust-charon-aeneas-lean-golden-vertical-2026-09-29,anneal-3730-rust-charon-aeneas-lean-golden-vertical-2026-09-29/support/probe.py;anneal-3730-rust-charon-aeneas-lean-golden-vertical-2026-09-29/support/results.json;anneal-3730-rust-charon-aeneas-lean-golden-vertical-2026-09-29/support/work/base-cold/current.llbc;anneal-3730-rust-charon-aeneas-lean-golden-vertical-2026-09-29/support/work/mutated-clean/current.llbc,anneal-3730-cross-layer-comparator-mutants-2026-09-29,anneal-3730-cross-layer-comparator-mutants-2026-09-29/REPORT.md;anneal-3730-cross-layer-comparator-mutants-2026-09-29/support/results.json;anneal-3730-cross-layer-comparator-mutants-2026-09-29/support/comparison-manifest.json;anneal-3730-cross-layer-comparator-mutants-2026-09-29/support/probe.py;anneal-3730-cross-layer-comparator-mutants-2026-09-29/support/check.py,,,,,,,,
N05,Try shared writable generated build state,I159,partial,partial,anneal-3730-acceptance-oracle-matrix-2026-09-29;anneal-3730-architecture-contracts-2026-09-29,Mapped destination evidence is scoped by its report; this suggestion is not inferred complete from a partial destination.,I159: Run N01–N12 architecture alternatives in an integrated Anneal service; R12 hand-assembled acceptance controls reject weaker/missing/admitted/stale proof success.,anneal-3730-lean-cross-version-equivalence-v4-29-v4-30-rc2-2026-09-29;anneal-3730-lean-launch-refresh-matrix-v4-30-0-rc2,anneal-3730-rust-charon-aeneas-lean-golden-vertical-2026-09-29,anneal-3730-rust-charon-aeneas-lean-golden-vertical-2026-09-29/support/probe.py;anneal-3730-rust-charon-aeneas-lean-golden-vertical-2026-09-29/support/results.json;anneal-3730-rust-charon-aeneas-lean-golden-vertical-2026-09-29/support/work/base-cold/current.llbc;anneal-3730-rust-charon-aeneas-lean-golden-vertical-2026-09-29/support/work/mutated-clean/current.llbc,anneal-3730-cross-layer-comparator-mutants-2026-09-29,anneal-3730-cross-layer-comparator-mutants-2026-09-29/REPORT.md;anneal-3730-cross-layer-comparator-mutants-2026-09-29/support/results.json;anneal-3730-cross-layer-comparator-mutants-2026-09-29/support/comparison-manifest.json;anneal-3730-cross-layer-comparator-mutants-2026-09-29/support/probe.py;anneal-3730-cross-layer-comparator-mutants-2026-09-29/support/check.py,,,,,,,,
N06,Try artifact-cache-only reconstruction,I159,partial,partial,anneal-3730-acceptance-oracle-matrix-2026-09-29;anneal-3730-architecture-contracts-2026-09-29,Mapped destination evidence is scoped by its report; this suggestion is not inferred complete from a partial destination.,I159: Run N01–N12 architecture alternatives in an integrated Anneal service; R12 hand-assembled acceptance controls reject weaker/missing/admitted/stale proof success.,anneal-3730-lean-cross-version-equivalence-v4-29-v4-30-rc2-2026-09-29;anneal-3730-lean-launch-refresh-matrix-v4-30-0-rc2,anneal-3730-rust-charon-aeneas-lean-golden-vertical-2026-09-29,anneal-3730-rust-charon-aeneas-lean-golden-vertical-2026-09-29/support/probe.py;anneal-3730-rust-charon-aeneas-lean-golden-vertical-2026-09-29/support/results.json;anneal-3730-rust-charon-aeneas-lean-golden-vertical-2026-09-29/support/work/base-cold/current.llbc;anneal-3730-rust-charon-aeneas-lean-golden-vertical-2026-09-29/support/work/mutated-clean/current.llbc,anneal-3730-cross-layer-comparator-mutants-2026-09-29,anneal-3730-cross-layer-comparator-mutants-2026-09-29/REPORT.md;anneal-3730-cross-layer-comparator-mutants-2026-09-29/support/results.json;anneal-3730-cross-layer-comparator-mutants-2026-09-29/support/comparison-manifest.json;anneal-3730-cross-layer-comparator-mutants-2026-09-29/support/probe.py;anneal-3730-cross-layer-comparator-mutants-2026-09-29/support/check.py,,,,,,,,
N07,Try renaming a prepared generation,I159,partial,partial,anneal-3730-acceptance-oracle-matrix-2026-09-29;anneal-3730-architecture-contracts-2026-09-29,Mapped destination evidence is scoped by its report; this suggestion is not inferred complete from a partial destination.,I159: Run N01–N12 architecture alternatives in an integrated Anneal service; R12 hand-assembled acceptance controls reject weaker/missing/admitted/stale proof success.,anneal-3730-lean-cross-version-equivalence-v4-29-v4-30-rc2-2026-09-29;anneal-3730-lean-launch-refresh-matrix-v4-30-0-rc2,anneal-3730-rust-charon-aeneas-lean-golden-vertical-2026-09-29,anneal-3730-rust-charon-aeneas-lean-golden-vertical-2026-09-29/support/probe.py;anneal-3730-rust-charon-aeneas-lean-golden-vertical-2026-09-29/support/results.json;anneal-3730-rust-charon-aeneas-lean-golden-vertical-2026-09-29/support/work/base-cold/current.llbc;anneal-3730-rust-charon-aeneas-lean-golden-vertical-2026-09-29/support/work/mutated-clean/current.llbc,anneal-3730-cross-layer-comparator-mutants-2026-09-29,anneal-3730-cross-layer-comparator-mutants-2026-09-29/REPORT.md;anneal-3730-cross-layer-comparator-mutants-2026-09-29/support/results.json;anneal-3730-cross-layer-comparator-mutants-2026-09-29/support/comparison-manifest.json;anneal-3730-cross-layer-comparator-mutants-2026-09-29/support/probe.py;anneal-3730-cross-layer-comparator-mutants-2026-09-29/support/check.py,,,,,,,,
N08,Try generated Lean as canonical proof source,I159,not-run,partial,anneal-3730-acceptance-oracle-matrix-2026-09-29;anneal-3730-architecture-contracts-2026-09-29,No real generated-Lean-as-canonical-proof-source ownership experiment was run.,I159: Run N01–N12 architecture alternatives in an integrated Anneal service; R12 hand-assembled acceptance controls reject weaker/missing/admitted/stale proof success.,anneal-3730-lean-cross-version-equivalence-v4-29-v4-30-rc2-2026-09-29;anneal-3730-lean-launch-refresh-matrix-v4-30-0-rc2,anneal-3730-rust-charon-aeneas-lean-golden-vertical-2026-09-29,anneal-3730-rust-charon-aeneas-lean-golden-vertical-2026-09-29/support/probe.py;anneal-3730-rust-charon-aeneas-lean-golden-vertical-2026-09-29/support/results.json;anneal-3730-rust-charon-aeneas-lean-golden-vertical-2026-09-29/support/work/base-cold/current.llbc;anneal-3730-rust-charon-aeneas-lean-golden-vertical-2026-09-29/support/work/mutated-clean/current.llbc,anneal-3730-cross-layer-comparator-mutants-2026-09-29,anneal-3730-cross-layer-comparator-mutants-2026-09-29/REPORT.md;anneal-3730-cross-layer-comparator-mutants-2026-09-29/support/results.json;anneal-3730-cross-layer-comparator-mutants-2026-09-29/support/comparison-manifest.json;anneal-3730-cross-layer-comparator-mutants-2026-09-29/support/probe.py;anneal-3730-cross-layer-comparator-mutants-2026-09-29/support/check.py,,,,,,,,
N09,Try span-only editable-range recovery,I159,partial,partial,anneal-3730-acceptance-oracle-matrix-2026-09-29;anneal-3730-architecture-contracts-2026-09-29,Mapped destination evidence is scoped by its report; this suggestion is not inferred complete from a partial destination.,I159: Run N01–N12 architecture alternatives in an integrated Anneal service; R12 hand-assembled acceptance controls reject weaker/missing/admitted/stale proof success.,anneal-3730-lean-cross-version-equivalence-v4-29-v4-30-rc2-2026-09-29;anneal-3730-lean-launch-refresh-matrix-v4-30-0-rc2,anneal-3730-rust-charon-aeneas-lean-golden-vertical-2026-09-29,anneal-3730-rust-charon-aeneas-lean-golden-vertical-2026-09-29/support/probe.py;anneal-3730-rust-charon-aeneas-lean-golden-vertical-2026-09-29/support/results.json;anneal-3730-rust-charon-aeneas-lean-golden-vertical-2026-09-29/support/work/base-cold/current.llbc;anneal-3730-rust-charon-aeneas-lean-golden-vertical-2026-09-29/support/work/mutated-clean/current.llbc,anneal-3730-cross-layer-comparator-mutants-2026-09-29,anneal-3730-cross-layer-comparator-mutants-2026-09-29/REPORT.md;anneal-3730-cross-layer-comparator-mutants-2026-09-29/support/results.json;anneal-3730-cross-layer-comparator-mutants-2026-09-29/support/comparison-manifest.json;anneal-3730-cross-layer-comparator-mutants-2026-09-29/support/probe.py;anneal-3730-cross-layer-comparator-mutants-2026-09-29/support/check.py,,,,,,,,
N10,Challenge universal proof-only bypass,I159,partial,partial,anneal-3730-acceptance-oracle-matrix-2026-09-29;anneal-3730-architecture-contracts-2026-09-29,Mapped destination evidence is scoped by its report; this suggestion is not inferred complete from a partial destination.,I159: Run N01–N12 architecture alternatives in an integrated Anneal service; R12 hand-assembled acceptance controls reject weaker/missing/admitted/stale proof success.,anneal-3730-lean-cross-version-equivalence-v4-29-v4-30-rc2-2026-09-29;anneal-3730-lean-launch-refresh-matrix-v4-30-0-rc2,anneal-3730-rust-charon-aeneas-lean-golden-vertical-2026-09-29,anneal-3730-rust-charon-aeneas-lean-golden-vertical-2026-09-29/support/probe.py;anneal-3730-rust-charon-aeneas-lean-golden-vertical-2026-09-29/support/results.json;anneal-3730-rust-charon-aeneas-lean-golden-vertical-2026-09-29/support/work/base-cold/current.llbc;anneal-3730-rust-charon-aeneas-lean-golden-vertical-2026-09-29/support/work/mutated-clean/current.llbc,anneal-3730-cross-layer-comparator-mutants-2026-09-29,anneal-3730-cross-layer-comparator-mutants-2026-09-29/REPORT.md;anneal-3730-cross-layer-comparator-mutants-2026-09-29/support/results.json;anneal-3730-cross-layer-comparator-mutants-2026-09-29/support/comparison-manifest.json;anneal-3730-cross-layer-comparator-mutants-2026-09-29/support/probe.py;anneal-3730-cross-layer-comparator-mutants-2026-09-29/support/check.py,,,,,,,,
N11,Challenge no-goals-as-success,I159,complete,partial,anneal-3730-acceptance-oracle-matrix-2026-09-29;anneal-3730-architecture-contracts-2026-09-29,The manual golden vertical adds a proof file missing one required claim and an admitted false claim: both had Lean exit zero and were rejected by separate coverage/axiom gates. No-goals alone is insufficient; Anneal integration remains under I129/I137/I159.,No residual for Lean-level no-goals falsification; Rust/Anneal coverage remains under I129/I137/I159.,anneal-3730-lean-cross-version-equivalence-v4-29-v4-30-rc2-2026-09-29;anneal-3730-lean-launch-refresh-matrix-v4-30-0-rc2,anneal-3730-rust-charon-aeneas-lean-golden-vertical-2026-09-29,anneal-3730-rust-charon-aeneas-lean-golden-vertical-2026-09-29/support/probe.py;anneal-3730-rust-charon-aeneas-lean-golden-vertical-2026-09-29/support/results.json;anneal-3730-rust-charon-aeneas-lean-golden-vertical-2026-09-29/support/work/base-cold/current.llbc;anneal-3730-rust-charon-aeneas-lean-golden-vertical-2026-09-29/support/work/mutated-clean/current.llbc,anneal-3730-cross-layer-comparator-mutants-2026-09-29,anneal-3730-cross-layer-comparator-mutants-2026-09-29/REPORT.md;anneal-3730-cross-layer-comparator-mutants-2026-09-29/support/results.json;anneal-3730-cross-layer-comparator-mutants-2026-09-29/support/comparison-manifest.json;anneal-3730-cross-layer-comparator-mutants-2026-09-29/support/probe.py;anneal-3730-cross-layer-comparator-mutants-2026-09-29/support/check.py,,,,,,,,
N12,Challenge cancellation-only freshness,I159,partial,partial,anneal-3730-acceptance-oracle-matrix-2026-09-29;anneal-3730-architecture-contracts-2026-09-29,Mapped destination evidence is scoped by its report; this suggestion is not inferred complete from a partial destination.,I159: Run N01–N12 architecture alternatives in an integrated Anneal service; R12 hand-assembled acceptance controls reject weaker/missing/admitted/stale proof success.,anneal-3730-lean-cross-version-equivalence-v4-29-v4-30-rc2-2026-09-29;anneal-3730-lean-launch-refresh-matrix-v4-30-0-rc2,anneal-3730-rust-charon-aeneas-lean-golden-vertical-2026-09-29,anneal-3730-rust-charon-aeneas-lean-golden-vertical-2026-09-29/support/probe.py;anneal-3730-rust-charon-aeneas-lean-golden-vertical-2026-09-29/support/results.json;anneal-3730-rust-charon-aeneas-lean-golden-vertical-2026-09-29/support/work/base-cold/current.llbc;anneal-3730-rust-charon-aeneas-lean-golden-vertical-2026-09-29/support/work/mutated-clean/current.llbc,anneal-3730-cross-layer-comparator-mutants-2026-09-29,anneal-3730-cross-layer-comparator-mutants-2026-09-29/REPORT.md;anneal-3730-cross-layer-comparator-mutants-2026-09-29/support/results.json;anneal-3730-cross-layer-comparator-mutants-2026-09-29/support/comparison-manifest.json;anneal-3730-cross-layer-comparator-mutants-2026-09-29/support/probe.py;anneal-3730-cross-layer-comparator-mutants-2026-09-29/support/check.py,,,,,,,,
O01,Synthesize state machine and invariants,I144,partial,partial,anneal-3730-acceptance-oracle-matrix-2026-09-29;anneal-3730-architecture-contracts-2026-09-29,Mapped destination evidence is scoped by its report; this suggestion is not inferred complete from a partial destination.,"I144: After remaining real integration/workload evidence, synthesize explicit v2 interface choices and smallest regression probes; new decision ledgers do not adopt a design.",,,,,,,,,,,,,
O02,Synthesize invalidation matrix,I144,partial,partial,anneal-3730-acceptance-oracle-matrix-2026-09-29;anneal-3730-architecture-contracts-2026-09-29,Mapped destination evidence is scoped by its report; this suggestion is not inferred complete from a partial destination.,"I144: After remaining real integration/workload evidence, synthesize explicit v2 interface choices and smallest regression probes; new decision ledgers do not adopt a design.",,,,,,,,,,,,,
O03,Synthesize stable/ephemeral identity model,I144;I145,partial,partial;partial,anneal-3730-acceptance-oracle-matrix-2026-09-29;anneal-3730-architecture-contracts-2026-09-29,Mapped destination evidence is scoped by its report; this suggestion is not inferred complete from a partial destination.,"I144: After remaining real integration/workload evidence, synthesize explicit v2 interface choices and smallest regression probes; new decision ledgers do not adopt a design.; I145: Execute full identity ablation through actual Cargo→Charon→Aeneas→Lake→Lean→MCP responses; finite counterexamples cover four weakened tokens and selected ABA schedules only.",anneal-3730-identity-state-mutation-model-2026-09-29,,,,,,,,,,,,
O04,Synthesize ownership/projection contract,I144,partial,partial,anneal-3730-acceptance-oracle-matrix-2026-09-29;anneal-3730-architecture-contracts-2026-09-29,Mapped destination evidence is scoped by its report; this suggestion is not inferred complete from a partial destination.,"I144: After remaining real integration/workload evidence, synthesize explicit v2 interface choices and smallest regression probes; new decision ledgers do not adopt a design.",,,,,,,,,,,,,
O05,Synthesize prepared producer/consumer contract,I144;I150,partial,partial;partial,anneal-3730-acceptance-oracle-matrix-2026-09-29;anneal-3730-architecture-contracts-2026-09-29;anneal-3730-lake-prepared-contract-2026-09-29,Mapped destination evidence is scoped by its report; this suggestion is not inferred complete from a partial destination.,"I144: After remaining real integration/workload evidence, synthesize explicit v2 interface choices and smallest regression probes; new decision ledgers do not adopt a design.; I150: R21 covers fresh lake serve/setup and direct batch in one tiny local graph. Complete operation-specific prepared archive inputs for build, JSON batch, InfoView/RPC and native plugin under read-only consumption.",anneal-3730-lake-plugin-artifact-identity-v4-30-0-rc2,anneal-3730-lake-cache-publication-atomicity-2026-09-29,anneal-3730-lake-cache-publication-atomicity-2026-09-29/support/probe.py;anneal-3730-lake-cache-publication-atomicity-2026-09-29/support/results.json;anneal-3730-lake-cache-publication-atomicity-2026-09-29/support/artifacts/partial-output-map.json;anneal-3730-lake-cache-publication-atomicity-2026-09-29/support/artifacts/truncated-olean.bin,,,,,,,anneal-3730-lake-plugin-combined-family-mix-2026-09-29,anneal-3730-lake-plugin-combined-family-mix-2026-09-29/REPORT.md;anneal-3730-lake-plugin-combined-family-mix-2026-09-29/support/transcript.json;anneal-3730-lake-plugin-combined-family-mix-2026-09-29/support/artifacts/mix/olean;anneal-3730-lake-plugin-combined-family-mix-2026-09-29/support/artifacts/mix/plugin;anneal-3730-lake-plugin-combined-family-mix-2026-09-29/support/artifacts/mix/c;anneal-3730-lake-plugin-combined-family-mix-2026-09-29/support/artifacts/mix/setup;anneal-3730-lake-plugin-combined-family-mix-2026-09-29/support/probe.py;anneal-3730-lake-plugin-combined-family-mix-2026-09-29/support/check.py,,
O06,Synthesize exact proof-query contract,I144,partial,partial,anneal-3730-acceptance-oracle-matrix-2026-09-29;anneal-3730-architecture-contracts-2026-09-29,Mapped destination evidence is scoped by its report; this suggestion is not inferred complete from a partial destination.,"I144: After remaining real integration/workload evidence, synthesize explicit v2 interface choices and smallest regression probes; new decision ledgers do not adopt a design.",,,,,,,,,,,,,
O07,Synthesize MCP semantic API,I144,partial,partial,anneal-3730-acceptance-oracle-matrix-2026-09-29;anneal-3730-architecture-contracts-2026-09-29,Mapped destination evidence is scoped by its report; this suggestion is not inferred complete from a partial destination.,"I144: After remaining real integration/workload evidence, synthesize explicit v2 interface choices and smallest regression probes; new decision ledgers do not adopt a design.",,,,,,,,,,,,,
O08,Synthesize LSP semantic API,I144,partial,partial,anneal-3730-acceptance-oracle-matrix-2026-09-29;anneal-3730-architecture-contracts-2026-09-29,Mapped destination evidence is scoped by its report; this suggestion is not inferred complete from a partial destination.,"I144: After remaining real integration/workload evidence, synthesize explicit v2 interface choices and smallest regression probes; new decision ledgers do not adopt a design.",,,,,,,,,,,,,
O09,Synthesize measured test-resource architecture,I144,partial,partial,anneal-3730-acceptance-oracle-matrix-2026-09-29;anneal-3730-architecture-contracts-2026-09-29,Mapped destination evidence is scoped by its report; this suggestion is not inferred complete from a partial destination.,"I144: After remaining real integration/workload evidence, synthesize explicit v2 interface choices and smallest regression probes; new decision ledgers do not adopt a design.",,,,,,,,,,,,,
O10,Synthesize batch/live equivalence contract,I144,partial,partial,anneal-3730-acceptance-oracle-matrix-2026-09-29;anneal-3730-architecture-contracts-2026-09-29,Mapped destination evidence is scoped by its report; this suggestion is not inferred complete from a partial destination.,"I144: After remaining real integration/workload evidence, synthesize explicit v2 interface choices and smallest regression probes; new decision ledgers do not adopt a design.",,,,,,,,,,,,,
