id,section,title,requested_methods,requested_scope,prior_evidence_packages,interim_experiment_packages,post_interim_experiment_packages,status,new_evidence_scope_and_limit,specific_remaining_delta,latest_experiment_packages,latest_evidence_scope_and_limit,v3_experiment_packages,v3_evidence_scope_and_limit,v3_evidence_files,v4_experiment_packages,v4_evidence_scope_and_limit,v4_evidence_files,v5_experiment_packages,v5_evidence_scope_and_limit,v5_evidence_files,v6_experiment_packages,v6_evidence_scope_and_limit,v6_evidence_files,v7_experiment_packages,v7_evidence_scope_and_limit,v7_evidence_files,v8_experiment_packages,v8_evidence_scope_and_limit,v8_evidence_files,v9_experiment_packages,v9_evidence_scope_and_limit,v9_evidence_files,v10_experiment_packages,v10_evidence_scope_and_limit,v10_evidence_files,v11_experiment_packages,v11_evidence_scope_and_limit,v11_evidence_files,v12_experiment_packages,v12_evidence_scope_and_limit,v12_evidence_files
I001,A. Architectural alternatives and the contracts they actually provide,Minimal cross-mode contract,S/M,"Specify what batch and live modes must agree on: source subject, obligations, imported environment, assumptions, and accepted claims. Construct cases where diagnostics, proof terms, or timings differ legitimately. Determine which equivalence is necessary without requiring byte-identical incidental artifacts.",lsp-proof-assistant-architecture-2026-09-27;anneal-interactive-pipeline-invalidation-graph-main-41f5b37,anneal-3730-vertical-acceptance-v4-30-0-rc2,anneal-3730-architecture-contracts-2026-09-29,partial,"Pinned architecture precedent/source comparison and three runnable toy process topologies with failure, restart and collision controls. Boundary: Toy hash-and-sleep backend; not matched real Charon/Aeneas/Lean cost, upstream patch, or adopted design.","A full same-subject batch/live equivalence contract across obligations, imports, assumptions, and acceptable diagnostic differences.",,,,,,,,,,,,,,,,,,,,,,,,,,,,,,,,
I002,A. Architectural alternatives and the contracts they actually provide,Shared compiler core versus separate analysis engine,S,"Compare pinned Lean, TypeScript, Roslyn, clangd, and rust-analyzer boundaries, including where editor approximations diverge from compilation. Identify which APIs genuinely share semantics and which require a fresh compiler oracle; assess what each precedent supports for Anneal.",lsp-proof-assistant-architecture-2026-09-27;anneal-interactive-pipeline-invalidation-graph-main-41f5b37,,anneal-3730-architecture-contracts-2026-09-29,partial,"Pinned architecture precedent/source comparison and three runnable toy process topologies with failure, restart and collision controls. Boundary: Toy hash-and-sleep backend; not matched real Charon/Aeneas/Lean cost, upstream patch, or adopted design.",Run an actual editor-versus-fresh-compiler comparison over matched source and imported artifacts; pinned Lean/rust-analyzer APIs and earlier TypeScript/Roslyn/clangd precedent analysis do not prove parity.,anneal-3730-upstream-api-projection-precedents-2026-09-29,"Pinned Lean and rust-analyzer source/API, Volar SourceMap and completion/WorkspaceEdit paths; dependency-free model of ambiguous, cross-segment and dropped auxiliary edits. Boundary: No real Volar/Razor/Anneal process or upstream patch/adapter comparison; source interpretation and adversarial model are distinct from runtime behavior.",,,,,,,,,,,,,,,,,,,,,,,,,,,,,,
I003,A. Architectural alternatives and the contracts they actually provide,Embedded-language precedents,S/X,"Examine representative Razor, Volar, or similar projection systems for virtual document identity, generated spans, completion edits, and multiple language servers. Reproduce a small ambiguous mapping or cross-language edit. Separate reusable mechanisms from assumptions that fail for proof contexts or compiled imports.",lsp-proof-assistant-architecture-2026-09-27;anneal-interactive-pipeline-invalidation-graph-main-41f5b37,,,partial,,"Execute a real Volar/Razor-style embedded-language client with virtual URI, ambiguous map, completion/code-action edits and two language services; pinned Volar source plus the adversarial Python model are narrower.",anneal-3730-upstream-api-projection-precedents-2026-09-29,"Pinned Lean and rust-analyzer source/API, Volar SourceMap and completion/WorkspaceEdit paths; dependency-free model of ambiguous, cross-segment and dropped auxiliary edits. Boundary: No real Volar/Razor/Anneal process or upstream patch/adapter comparison; source interpretation and adversarial model are distinct from runtime behavior.",,,,,,,,,,,,,,,,,,,,,,,,,,,,,,
I004,A. Architectural alternatives and the contracts they actually provide,"One-shot, per-project, and shared-service topologies",S/X,"Compare a fresh process per operation, persistent project workers, and an optional shared broker on identical fixtures. Measure isolation, startup, reconstruction, and coordination costs. Determine when the simplest one-shot design is adequate and what a daemon would actually save.",lsp-proof-assistant-architecture-2026-09-27;anneal-interactive-pipeline-invalidation-graph-main-41f5b37,,anneal-3730-architecture-contracts-2026-09-29,partial,"Pinned architecture precedent/source comparison and three runnable toy process topologies with failure, restart and collision controls. Boundary: Toy hash-and-sleep backend; not matched real Charon/Aeneas/Lean cost, upstream patch, or adopted design.","R44 tested two cached Charon/Aeneas upgrade bundles and H08 routed two direct Lean servers, but no matched one-shot/per-project/broker comparison runs actual combined stages with isolation, startup, restart and physical-resource economics.",,,,,,,,,,,,,,,,,,,,,,,,,,,,,,anneal-3730-h08-project-switch-router-v4-30-0-rc2,"Two private real Lean servers, same-named imports, A→B→A router, unsaved A edit, warm return and cold disk reconstruction, PID/RSS cleanup. Boundary: Synthetic router; no editor extension, actual workspace-folder notification, Rust host, Lake/Anneal pool or broker.",anneal-3730-h08-project-switch-router-v4-30-0-rc2/REPORT.md;anneal-3730-h08-project-switch-router-v4-30-0-rc2/support/results.json;anneal-3730-h08-project-switch-router-v4-30-0-rc2/support/check.py
I005,A. Architectural alternatives and the contracts they actually provide,Snapshot engine versus a versioned job scheduler,M/X,"Implement minimal competing orchestration models with fake backends before choosing an incremental database. Replay identical edits, cancellations, and dependency changes. Identify the smallest model that prevents mixed or stale acceptance, and the workload that would justify a richer engine.",lsp-proof-assistant-architecture-2026-09-27;anneal-interactive-pipeline-invalidation-graph-main-41f5b37,anneal-3730-fault-model-2026-09-29;anneal-3730-snapshot-capture-jobs-2026-09-29,anneal-3730-architecture-contracts-2026-09-29,partial,"Pinned architecture precedent/source comparison and three runnable toy process topologies with failure, restart and collision controls. Boundary: Toy hash-and-sleep backend; not matched real Charon/Aeneas/Lean cost, upstream patch, or adopted design.",Matched minimal scheduler/database alternatives under dependency changes and cancellations; the fake-stage and finite models cover only selected schedules.,,,,,,,,,,,,,,,,,,,,,,,,,,,,,,,,
I006,A. Architectural alternatives and the contracts they actually provide,Stage API and error boundaries,S/X,"Prototype structured requests/results for Charon, Aeneas, and Lean, separating semantic inputs from CLI output, process policy, and artifact storage. Inject failures, progress events, and stdout/stderr contamination. Test whether batch and live adapters can use the same contract without backend-specific state leaking upward.",lsp-proof-assistant-architecture-2026-09-27;anneal-interactive-pipeline-invalidation-graph-main-41f5b37,anneal-3730-snapshot-capture-jobs-2026-09-29;anneal-3730-vertical-acceptance-v4-30-0-rc2,anneal-3730-architecture-contracts-2026-09-29,partial,"Pinned architecture precedent/source comparison and three runnable toy process topologies with failure, restart and collision controls. Boundary: Toy hash-and-sleep backend; not matched real Charon/Aeneas/Lean cost, upstream patch, or adopted design.","A structured Charon/Aeneas/Lean adapter contract with injected progress, stdout/stderr contamination, and shared batch/live use.",,,,,,,,,,,,,,,,,,,,,,,,,,,,,,,,
I007,A. Architectural alternatives and the contracts they actually provide,"Cancellation, reuse, and ownership contracts",M,"Specify separately who owns work, who can cancel it, who can consume its result, and when cached work may be reused. Model two clients sharing a job. Look for cases where cancelling one request incorrectly kills another or permits an obsolete result to publish.",lsp-proof-assistant-architecture-2026-09-27;anneal-interactive-pipeline-invalidation-graph-main-41f5b37,anneal-3730-fault-model-2026-09-29;anneal-3730-snapshot-capture-jobs-2026-09-29,anneal-3730-architecture-contracts-2026-09-29,partial,"Pinned architecture precedent/source comparison and three runnable toy process topologies with failure, restart and collision controls. Boundary: Toy hash-and-sleep backend; not matched real Charon/Aeneas/Lean cost, upstream patch, or adopted design.","R47 shared one real offline Cargo build between two toy consumers: one cancellation preserved the other, last-owner cancellation stopped descendants, and a failed build fanned out then retried. Anneal request identity, cross-stage publication and independent LSP/MCP clients remain untested.",,,,,,,,,,,,,,,,,,,,,,,,,,,,,,anneal-3730-h09-lsp-to-upstream-cancellation-boundaries-2026-09-29;anneal-3730-shared-cargo-consumer-ownership-2026-09-29,"Direct Lean processed -32800 cancellation and continued service; private Cargo process group with build-script child killed while peer survived, followed by successful retry. Boundary: Separate stages/owners; no editor-to-Anneal scheduler identity, shared in-flight job, Charon/Aeneas/Lake cancellation or product recovery. | One real offline Cargo build shared by two toy consumer records: first cancellation preserves surviving owner; last-owner SIGTERM stops Cargo/build-script/sleep; injected failure fans out; both failure/cancel retry successfully. Boundary: Owner/refcount decisions are in a single Python harness, not Anneal/LSP/MCP; no Charon/Aeneas/Lake/Lean shared stage, durable registry or full target-tree transaction.",anneal-3730-h09-lsp-to-upstream-cancellation-boundaries-2026-09-29/REPORT.md;anneal-3730-h09-lsp-to-upstream-cancellation-boundaries-2026-09-29/support/results.json;anneal-3730-h09-lsp-to-upstream-cancellation-boundaries-2026-09-29/support/check.py;anneal-3730-shared-cargo-consumer-ownership-2026-09-29/REPORT.md;anneal-3730-shared-cargo-consumer-ownership-2026-09-29/support/results.json;anneal-3730-shared-cargo-consumer-ownership-2026-09-29/support/check.py;anneal-3730-shared-cargo-consumer-ownership-2026-09-29/support/fixture/build.rs
I008,A. Architectural alternatives and the contracts they actually provide,Minimal upstream changes,S/X,"Identify missing observable identities, reset operations, overlay hooks, and source spans at exact upstream pins. Compare adapters with small upstream API proposals and coarse fallback behavior. Distinguish requirements for correctness from optional latency improvements; preserve a viable path without upstream changes where one exists.",lsp-proof-assistant-architecture-2026-09-27;anneal-interactive-pipeline-invalidation-graph-main-41f5b37,,anneal-3730-architecture-contracts-2026-09-29,partial,"Pinned architecture precedent/source comparison and three runnable toy process topologies with failure, restart and collision controls. Boundary: Toy hash-and-sleep backend; not matched real Charon/Aeneas/Lean cost, upstream patch, or adopted design.",Implement the conservative adapter in Anneal and compare its exact-version/import/projection behavior and cost with a minimal upstream API patch under the same acceptance oracle; pinned call sites only identify candidates.,anneal-3730-upstream-api-projection-precedents-2026-09-29,"Pinned Lean and rust-analyzer source/API, Volar SourceMap and completion/WorkspaceEdit paths; dependency-free model of ambiguous, cross-segment and dropped auxiliary edits. Boundary: No real Volar/Razor/Anneal process or upstream patch/adapter comparison; source interpretation and adversarial model are distinct from runtime behavior.",,,,,,,,,,,,,,,,,,,,,,,,,,,,,,
I009,"B. Workspace snapshots, document ownership, and coherent inputs",Input closure of one verification subject,S/X,"Enumerate actual source, manifest, lockfile, feature, target, environment, generated-file, model, and toolchain inputs. Perturb each while holding filenames fixed. Identify omitted dependencies that change extracted code, obligations, or proof interpretation and distinguish declared inputs from untracked external effects.",cargo-rust-charon-anneal-coverage-matrix-2026-09-28;anneal-v1-interactive-dependency-invalidation-2026-09-28,anneal-3730-rust-input-snapshot-2026-09-29,anneal-3730-charon-scaling-subject-closure-2026-09-29,partial,"Pinned Charon/Cargo workspace: 1/32/192 root closure, feature/build-script/include input perturbations and wrong-member partial LLBC after failed multi-library request. Boundary: Saved sources/fresh targets only; no overlay, warm-target proof, concurrent producers or full semantic normalization.","R36 captured one five/six-unit Cargo graph, source/env/tool subject key and perturbations; still needs a complete production verification input closure across cfg, target/triple, features/profile, dependencies, build outputs, models and tool options.",,,,,,,,,,,,,,,,,,,,,,,,anneal-3730-saved-vs-private-rust-overlay-2026-09-29,"Pinned Cargo/Charon extracted ten private materialized workspace requests with build.rs, local proc macro, generated include!, include_str!, env!, path dependency and separate binary. Saved/clean copies matched relative source and unit-graph subject keys; input perturbations, stale-key rejection and wrong-unit rejection were observed with retained LLBC, normalized five/six-unit graphs and per-request private targets. Boundary: Private filesystem copies are not unsaved editor/rustc overlay API; no same-process Charon reset, arbitrary build closure, complete target/config matrix, concurrent target sharing or Anneal scheduler/publication.",anneal-3730-saved-vs-private-rust-overlay-2026-09-29/REPORT.md;anneal-3730-saved-vs-private-rust-overlay-2026-09-29/support/results.json;anneal-3730-saved-vs-private-rust-overlay-2026-09-29/support/probe.py;anneal-3730-saved-vs-private-rust-overlay-2026-09-29/support/verify.py,,,,,,
I010,"B. Workspace snapshots, document ownership, and coherent inputs",Capturing a coherent live filesystem,M/X,"Compare immutable materialization with read-and-revalidate capture while files change. Include renames, symlinks, generated outputs, and large trees. Preserve a witness of which bytes were read; test whether validation can accept a mixed snapshot and what assumptions prevent that.",cargo-rust-charon-anneal-coverage-matrix-2026-09-28;anneal-v1-interactive-dependency-invalidation-2026-09-28,anneal-3730-snapshot-capture-jobs-2026-09-29,,partial,,Large-tree capture with rename/symlink/output mutation and a coherent witness under actual concurrent edits.,,,,,,,,,,,,,,,,,,,,,,,,,,,,,,,,
I011,"B. Workspace snapshots, document ownership, and coherent inputs","Clocks, generations, and ABA changes",M/X,"Distinguish document versions, workspace revisions, model generations, and process epochs. Exercise content A→B→A, close/reopen with reset versions, workspace recreation, and reused request IDs. Determine which identities prevent an old result from masquerading as a current one without needlessly disabling content-based reuse.",cargo-rust-charon-anneal-coverage-matrix-2026-09-28;anneal-v1-interactive-dependency-invalidation-2026-09-28,anneal-3730-rust-input-snapshot-2026-09-29;anneal-3730-snapshot-capture-jobs-2026-09-29,,partial,,"Test the modeled ABA/version-reset/alias counterexamples through an actual Anneal handle and worker lifecycle, including request-ID reuse and disk reconstruction.",anneal-3730-identity-state-mutation-model-2026-09-29,"Finite 2,710-state/11,060-transition identity model and six two-writer schedules; A-B-A, version reset, alias, worker/RPC replacement and source/artifact decoupling; four forced Python writer runs. Boundary: Symbolic and Python model only; no Anneal, Cargo, Lean, filesystem watcher or actual MCP client.",,,,,,,,,,,,,,,,,,,,,,,,,,,,,,
I012,"B. Workspace snapshots, document ownership, and coherent inputs",Disk versus open-buffer ownership,S/X,"Exercise open, change, save, external overwrite, close, rename, delete, and reopen. Determine when disk or client text is authoritative and how conflicts surface. Include a buffer that remains open after its file disappears; avoid silently replacing unsaved text with a disk reread.",cargo-rust-charon-anneal-coverage-matrix-2026-09-28;anneal-v1-interactive-dependency-invalidation-2026-09-28,anneal-3730-rust-input-snapshot-2026-09-29,,partial,,"Full editor buffer lifecycle including save, external overwrite, rename, deletion, and reopened authority transfer.",,,,,,,,,,,,,,,,,,,,,,,,,,,,,,,,
I013,"B. Workspace snapshots, document ownership, and coherent inputs",Coherent multi-document changes,M/X,"Change a proof and its helper, or two Rust modules, as one logical operation while queries run. Compare atomic workspace edits with ordered individual updates. Establish whether intermediate states are queryable, provisional, or rejected, and how a batch invocation selects the same intended snapshot.",cargo-rust-charon-anneal-coverage-matrix-2026-09-28;anneal-v1-interactive-dependency-invalidation-2026-09-28,anneal-3730-snapshot-capture-jobs-2026-09-29,,partial,,Perform a coherent two-document proof/helper update while real queries run; finite two-writer CAS schedules have no actual generated-document boundary.,anneal-3730-identity-state-mutation-model-2026-09-29,"Finite 2,710-state/11,060-transition identity model and six two-writer schedules; A-B-A, version reset, alias, worker/RPC replacement and source/artifact decoupling; four forced Python writer runs. Boundary: Symbolic and Python model only; no Anneal, Cargo, Lean, filesystem watcher or actual MCP client.",,,,,,,,,,,,,,,,,,,,,,,,,,,,,,
I014,"B. Workspace snapshots, document ownership, and coherent inputs",Multiple writers to one workspace,M/X,"Race an editor, MCP agent, generator, and external filesystem tool. Compare exclusive document ownership, compare-and-swap edits, and explicit forks. Test conflict detection and lost-update prevention without assuming that all clients share one transport or obey one editor's version counter.",cargo-rust-charon-anneal-coverage-matrix-2026-09-28;anneal-v1-interactive-dependency-invalidation-2026-09-28,anneal-3730-rust-input-snapshot-2026-09-29,,partial,,"R26 ran two Lean-backed local candidate processes against one pointer: one CAS winner and one stale loser. Still test four writers and actual Anneal workspace ownership, fork and lost-update policy across tool stages/hosts.",anneal-3730-identity-state-mutation-model-2026-09-29,"Finite 2,710-state/11,060-transition identity model and six two-writer schedules; A-B-A, version reset, alias, worker/RPC replacement and source/artifact decoupling; four forced Python writer runs. Boundary: Symbolic and Python model only; no Anneal, Cargo, Lean, filesystem watcher or actual MCP client.",,,,,,,,,,,,,,,,,,,anneal-3730-scratch-tactic-concurrency-crash-2026-09-29,"Two separate pinned-Lean-backed local candidate processes crossed a barrier and raced a file-lock CAS: one immutable generation published, one stale loser. Four os._exit boundaries before/after candidate check, complete generation and CURRENT pointer replacement recovered via manifest/file hashes and fresh batch; mutation controls and reader-pinned old generation passed. Boundary: Local Python prototype with one theorem/import; no Anneal service, full proposition/axiom oracle, distributed transaction, actual worker restart, power loss, GC leases or cross-tool race.",anneal-3730-scratch-tactic-concurrency-crash-2026-09-29/REPORT.md;anneal-3730-scratch-tactic-concurrency-crash-2026-09-29/support/results.json;anneal-3730-scratch-tactic-concurrency-crash-2026-09-29/support/artifacts/orphan-MANIFEST.json;anneal-3730-scratch-tactic-concurrency-crash-2026-09-29/support/artifacts/final-MANIFEST.json;anneal-3730-scratch-tactic-concurrency-crash-2026-09-29/support/artifacts/final-Proof.lean;anneal-3730-scratch-tactic-concurrency-crash-2026-09-29/support/probe.py;anneal-3730-scratch-tactic-concurrency-crash-2026-09-29/support/verify.py,,,,,,,,,
I015,"B. Workspace snapshots, document ownership, and coherent inputs",Subset freshness and conservative invalidation,M/X,"Change unrelated files while a proof query runs. Compare global-revision rejection with dependency-scoped acceptance, including dependencies discovered during processing. Determine whether narrower freshness checks are sound and useful; retain coarse invalidation as the baseline rather than assuming finer reuse is necessary.",cargo-rust-charon-anneal-coverage-matrix-2026-09-28;anneal-v1-interactive-dependency-invalidation-2026-09-28,,anneal-3730-charon-scaling-subject-closure-2026-09-29,partial,"Pinned Charon/Cargo workspace: 1/32/192 root closure, feature/build-script/include input perturbations and wrong-member partial LLBC after failed multi-library request. Boundary: Saved sources/fresh targets only; no overlay, warm-target proof, concurrent producers or full semantic normalization.",R36 rejected changed private-workspace inputs under a stale saved subject key; still needs measured dependency-scoped versus global invalidation and clean-oracle acceptance after unrelated/newly discovered inputs in Anneal.,,,,,,,,,,,,,,,,,,,,,,,,anneal-3730-saved-vs-private-rust-overlay-2026-09-29,"Pinned Cargo/Charon extracted ten private materialized workspace requests with build.rs, local proc macro, generated include!, include_str!, env!, path dependency and separate binary. Saved/clean copies matched relative source and unit-graph subject keys; input perturbations, stale-key rejection and wrong-unit rejection were observed with retained LLBC, normalized five/six-unit graphs and per-request private targets. Boundary: Private filesystem copies are not unsaved editor/rustc overlay API; no same-process Charon reset, arbitrary build closure, complete target/config matrix, concurrent target sharing or Anneal scheduler/publication.",anneal-3730-saved-vs-private-rust-overlay-2026-09-29/REPORT.md;anneal-3730-saved-vs-private-rust-overlay-2026-09-29/support/results.json;anneal-3730-saved-vs-private-rust-overlay-2026-09-29/support/probe.py;anneal-3730-saved-vs-private-rust-overlay-2026-09-29/support/verify.py,,,,,,
I016,"B. Workspace snapshots, document ownership, and coherent inputs",Reconstruction after Anneal restart,X,"Recreate a workspace from disk, a retained snapshot, or reconnected client buffers after losing all orchestration memory. Verify subject identity, unsaved edits, imports, and outstanding-result classification. Determine the minimum retained state and what must instead expire or require the client to resend text.",cargo-rust-charon-anneal-coverage-matrix-2026-09-28;anneal-v1-interactive-dependency-invalidation-2026-09-28,,anneal-3730-charon-scaling-subject-closure-2026-09-29,partial,"Pinned Charon/Cargo workspace: 1/32/192 root closure, feature/build-script/include input perturbations and wrong-member partial LLBC after failed multi-library request. Boundary: Saved sources/fresh targets only; no overlay, warm-target proof, concurrent producers or full semantic normalization.",Reconstruct a real Anneal workspace after restart from disk plus unsaved reconnecting editor buffers; the finite model has no process state.,anneal-3730-identity-state-mutation-model-2026-09-29,"Finite 2,710-state/11,060-transition identity model and six two-writer schedules; A-B-A, version reset, alias, worker/RPC replacement and source/artifact decoupling; four forced Python writer runs. Boundary: Symbolic and Python model only; no Anneal, Cargo, Lean, filesystem watcher or actual MCP client.",,,,,,,,,,,,,,,,,,,,,,,,,,,,,,
I017,C. Locating Lean annotations and attaching them to Rust subjects,Tolerant annotation discovery during typing,S/X,"Compare candidate comment, attribute, or delimited encodings under incomplete Rust, unfinished Lean, missing delimiters, and temporarily malformed nesting. Determine which regions can still be located safely without compiling Rust, and when the editor must preserve text but suspend semantic attachment.",lean-generated-file-interactive-workflows-v4-30-0-rc2;anneal-v1-annotation-diagnostics-history-2026-09-27,anneal-3730-annotation-gap-probes-2026-09-29,,partial,,Run the actual Anneal annotation grammar/parser through unfinished Rust and Lean; the invented marker locator survives malformed Rust but has no compiler-backed subject then.,anneal-3730-annotation-subject-boundary-matrix-2026-09-29,"Real rustc/Cargo/Charon/Lean on one invented comment-marker crate: malformed Rust, multi-annotation/helper, default/feature/test subjects, moved/duplicated item, proof-comment read by include_str/build.rs. Boundary: Marker locator/projector is illustrative; no actual Anneal parser, last-good proof session, streamed batch/live generator or adoption choice.",,,,,,,,,,,,,,,,,,,,,,,,,,,,,,
I018,C. Locating Lean annotations and attaching them to Rust subjects,A justified proof-only edit classifier,S/X/M,"Test edits to purported Lean-only regions with macros that inspect attributes/comments, source inclusion, and build-time readers. Determine the assumptions under which Rust semantics and extraction inputs really remain unchanged. Record unknown cases that require re-extraction rather than declaring every comment edit harmless.",lean-generated-file-interactive-workflows-v4-30-0-rc2;anneal-v1-annotation-diagnostics-history-2026-09-27,anneal-3730-rust-input-snapshot-2026-09-29,,partial,,Build a real proof-only classifier and challenge its Cargo closure; the comment-read include/build-script counterexample defeats a broad text-only skip but does not classify all edits.,anneal-3730-annotation-subject-boundary-matrix-2026-09-29;anneal-3730-identity-state-mutation-model-2026-09-29,"Real rustc/Cargo/Charon/Lean on one invented comment-marker crate: malformed Rust, multi-annotation/helper, default/feature/test subjects, moved/duplicated item, proof-comment read by include_str/build.rs. Boundary: Marker locator/projector is illustrative; no actual Anneal parser, last-good proof session, streamed batch/live generator or adoption choice. | Finite 2,710-state/11,060-transition identity model and six two-writer schedules; A-B-A, version reset, alias, worker/RPC replacement and source/artifact decoupling; four forced Python writer runs. Boundary: Symbolic and Python model only; no Anneal, Cargo, Lean, filesystem watcher or actual MCP client.",,,,,,,,,,,,,,,,,,,,,,,,,,,,,,
I019,C. Locating Lean annotations and attaching them to Rust subjects,Compiler-backed annotation attachment,S/X,"Exercise conditional compilation, expanded and generated items, aliases, trait defaults, local items, and repeated names. Relate the authored annotation to the actual extracted declaration. Require explicit ambiguity or missing-subject outcomes when a source-level locator cannot establish that correspondence.",lean-generated-file-interactive-workflows-v4-30-0-rc2;anneal-v1-annotation-diagnostics-history-2026-09-27,anneal-3730-charon-subject-identity-2026-09-29;anneal-3730-cross-tool-provenance-2026-09-29,,partial,,"Attach actual Anneal annotations to compiler items across cfg, aliases, trait defaults, locals and generated items; the line-marker ambiguity and Charon spans are not an attachment implementation.",anneal-3730-annotation-subject-boundary-matrix-2026-09-29,"Real rustc/Cargo/Charon/Lean on one invented comment-marker crate: malformed Rust, multi-annotation/helper, default/feature/test subjects, moved/duplicated item, proof-comment read by include_str/build.rs. Boundary: Marker locator/projector is illustrative; no actual Anneal parser, last-good proof session, streamed batch/live generator or adoption choice.",,,,,,,,,,,,,,,,,,,,,,,,,,,,,,
I020,C. Locating Lean annotations and attaching them to Rust subjects,"One source file, several compilation subjects",X,"Open a file shared by library, tests, binaries, feature sets, or target triples whose generated models differ. Determine how a proof query selects its subject and how mismatches are exposed. Test whether stable annotation identity can remain separate from subject-specific proof context.",lean-generated-file-interactive-workflows-v4-30-0-rc2;anneal-v1-annotation-diagnostics-history-2026-09-27,anneal-3730-charon-subject-identity-2026-09-29;anneal-3730-rust-input-snapshot-2026-09-29,,partial,,"Select and label a complete compilation subject for the same source across lib/test/bin/features/targets, then test wrong-subject model/proof rejection; this fixture covered default/feature/test only.",anneal-3730-annotation-subject-boundary-matrix-2026-09-29;anneal-3730-identity-state-mutation-model-2026-09-29,"Real rustc/Cargo/Charon/Lean on one invented comment-marker crate: malformed Rust, multi-annotation/helper, default/feature/test subjects, moved/duplicated item, proof-comment read by include_str/build.rs. Boundary: Marker locator/projector is illustrative; no actual Anneal parser, last-good proof session, streamed batch/live generator or adoption choice. | Finite 2,710-state/11,060-transition identity model and six two-writer schedules; A-B-A, version reset, alias, worker/RPC replacement and source/artifact decoupling; four forced Python writer runs. Boundary: Symbolic and Python model only; no Anneal, Cargo, Lean, filesystem watcher or actual MCP client.",,,,,,,,,,,,,,,,,,,,,,,,,,,,,,
I021,C. Locating Lean annotations and attaching them to Rust subjects,Annotation identity across structural edits,M/X,"Move, duplicate, split, reorder, and delete annotated items while requests are outstanding. Compare range-, syntax-, compiler-, and explicit-ID-based identity schemes. Detect erroneous reassignment of a completed proof to a different obligation; preserve deliberate duplication without assuming names or offsets are globally unique.",lean-generated-file-interactive-workflows-v4-30-0-rc2;anneal-v1-annotation-diagnostics-history-2026-09-27,anneal-3730-charon-subject-identity-2026-09-29,,partial,,"Maintain real annotation identity across move, duplicate, split, reorder and delete while queries are pending; the marker locator and finite alias model give selected counterexamples.",anneal-3730-annotation-subject-boundary-matrix-2026-09-29;anneal-3730-identity-state-mutation-model-2026-09-29,"Real rustc/Cargo/Charon/Lean on one invented comment-marker crate: malformed Rust, multi-annotation/helper, default/feature/test subjects, moved/duplicated item, proof-comment read by include_str/build.rs. Boundary: Marker locator/projector is illustrative; no actual Anneal parser, last-good proof session, streamed batch/live generator or adoption choice. | Finite 2,710-state/11,060-transition identity model and six two-writer schedules; A-B-A, version reset, alias, worker/RPC replacement and source/artifact decoupling; four forced Python writer runs. Boundary: Symbolic and Python model only; no Anneal, Cargo, Lean, filesystem watcher or actual MCP client.",,,,,,,,,,,,,,,,,,,,,,,,,,,,,,
I022,C. Locating Lean annotations and attaching them to Rust subjects,Multiple annotations and shared helpers,S/X,"Test declarations, specifications, proofs, imports, namespace commands, and helper lemmas distributed across annotations. Examine ordering, visibility, name collisions, and recursive dependencies. Determine which layouts preserve the authored meaning and which create unwanted dependencies between otherwise independent proofs.",lean-generated-file-interactive-workflows-v4-30-0-rc2;anneal-v1-annotation-diagnostics-history-2026-09-27,anneal-3730-annotation-gap-probes-2026-09-29,,partial,,"Test actual parser/scaffolding visibility and collisions for multiple annotations, shared helpers, imports and recursion; the invented five-marker helper fixture covers only a slice.",anneal-3730-annotation-subject-boundary-matrix-2026-09-29,"Real rustc/Cargo/Charon/Lean on one invented comment-marker crate: malformed Rust, multi-annotation/helper, default/feature/test subjects, moved/duplicated item, proof-comment read by include_str/build.rs. Boundary: Marker locator/projector is illustrative; no actual Anneal parser, last-good proof session, streamed batch/live generator or adoption choice.",,,,,,,,,,,,,,,,,,,,,,,,,,,,,,
I023,C. Locating Lean annotations and attaching them to Rust subjects,Editing against an unavailable or broken Rust model,X/U,"Introduce a Rust syntax error, unsupported extraction, or changed function signature while continuing a Lean proof. Compare stopping interaction with explicitly using the last prepared model. Test whether users and agents understand the model's age and avoid treating provisional feedback as current verification.",lean-generated-file-interactive-workflows-v4-30-0-rc2;anneal-v1-annotation-diagnostics-history-2026-09-27,,,partial,,"R25 added changed U32→U64 signature and valid recovery: the old proof failed against fresh B, adapted B proof passed, and experiment policy rejected late A exit 0 as current B. Still test real Anneal UI/agent comprehension, unsaved/live goals, annotation attachment, multiple subjects and scheduler recovery.",anneal-3730-annotation-subject-boundary-matrix-2026-09-29,"Real rustc/Cargo/Charon/Lean on one invented comment-marker crate: malformed Rust, multi-annotation/helper, default/feature/test subjects, moved/duplicated item, proof-comment read by include_str/build.rs. Boundary: Marker locator/projector is illustrative; no actual Anneal parser, last-good proof session, streamed batch/live generator or adoption choice.",,,,,,,,,,,,,,,,anneal-3730-last-good-model-after-rust-failure-2026-09-29,"Pinned Charon→one-shot Aeneas→Lean established model A and a passing proof, then changed Rust toward x+2 with malformed syntax B and unsupported raw-pointer extraction C while proof text advanced. Charon B failed with unchanged old LLBC path; Aeneas C failed after partial Lean with sorry. Experiment policy suppressed current queries or batch-checked v2/v3 against explicitly labeled last-good model A, recording old/current hashes and current_verified=false. Boundary: One saved tiny crate and batch Lean as interaction surrogate; provisional labels are experiment-side policy, no Anneal UI/live RPC, signature-change/recovery case or comprehension participants.",anneal-3730-last-good-model-after-rust-failure-2026-09-29/REPORT.md;anneal-3730-last-good-model-after-rust-failure-2026-09-29/support/results.json;anneal-3730-last-good-model-after-rust-failure-2026-09-29/support/work/snapshots/A-good.rs;anneal-3730-last-good-model-after-rust-failure-2026-09-29/support/work/snapshots/B-syntax.rs;anneal-3730-last-good-model-after-rust-failure-2026-09-29/support/work/snapshots/C-unsupported.rs;anneal-3730-last-good-model-after-rust-failure-2026-09-29/support/work/generated-C-partial/Funs.lean;anneal-3730-last-good-model-after-rust-failure-2026-09-29/support/probe.py;anneal-3730-last-good-model-after-rust-failure-2026-09-29/support/check.py,anneal-3730-last-good-model-signature-recovery-2026-09-29,"Pinned Charon→one-shot Aeneas→Lean source A (U32 add 1), failed changed-signature Rust (U64 add 2 with syntax error), and valid recovery B (U64 add 2): old LLBC retained at stable path; A proof passes provisionally, old U32 proof fails against B, adapted U64 proof passes; a late A exit-0 result is rejected by experiment-side model identity. Boundary: Sequential tiny saved-source components and experiment-side freshness policy; no Anneal scheduler/UI, unsaved overlay, live goal query, human comprehension, or in-flight race.",anneal-3730-last-good-model-signature-recovery-2026-09-29/REPORT.md;anneal-3730-last-good-model-signature-recovery-2026-09-29/support/results.json;anneal-3730-last-good-model-signature-recovery-2026-09-29/support/work/current.llbc;anneal-3730-last-good-model-signature-recovery-2026-09-29/support/work/recovery.llbc;anneal-3730-last-good-model-signature-recovery-2026-09-29/support/probe.py;anneal-3730-last-good-model-signature-recovery-2026-09-29/support/check.py,,,,,,,,,
I024,C. Locating Lean annotations and attaching them to Rust subjects,Preserving authored source through regeneration,X,"Regenerate after Rust edits while Lean annotations contain unsaved changes, custom formatting, and unsupported-but-preserved text. Confirm that canonical user text is not reconstructed from LLBC or generated Lean. Test ownership rules for external proof/model files and explicit overrides without choosing a mandatory storage layout.",lean-generated-file-interactive-workflows-v4-30-0-rc2;anneal-v1-annotation-diagnostics-history-2026-09-27,anneal-3730-annotation-gap-probes-2026-09-29,,partial,,"Preserve real unsaved authored proof text through Anneal regeneration, formatter, duplicate/move and external edit; comment-marker source preservation is an illustrative control.",anneal-3730-annotation-subject-boundary-matrix-2026-09-29,"Real rustc/Cargo/Charon/Lean on one invented comment-marker crate: malformed Rust, multi-annotation/helper, default/feature/test subjects, moved/duplicated item, proof-comment read by include_str/build.rs. Boundary: Marker locator/projector is illustrative; no actual Anneal parser, last-good proof session, streamed batch/live generator or adoption choice.",,,,,,,,,,,,,,,,,,,,,,,,,,,,,,
I025,"D. Exact projections, provenance, and safe round-trip edits",Coordinate conversion property suite,M/X,"Generate source containing supplementary characters, combining marks, tabs, CRLF, empty lines, and boundary positions. Round-trip byte, scalar, and negotiated LSP coordinates where invertible. Treat lossy display-width coordinates and invalid boundaries explicitly; retain original bytes rather than silently normalizing Unicode.",rust-source-span-provenance-nightly-2026-05-31;anneal-synthesized-scaffolding-diagnostic-provenance-main-41f5b37,anneal-3730-projection-properties-2026-09-29,anneal-3730-projection-provenance-2026-09-29,partial,"Real Charon/Aeneas coarse spans plus invented doc-comment exact-byte/UTF-16 projection, multi-range CAS and synthetic edit rejection. Boundary: No Anneal parser/source map, actual hover/rename, true one-to-many obligation routing or production generator.",Run negotiated byte/UTF-16/scalar position encodings through the actual Rust-hosted Anneal projection; this package measured real compiler/Lean coordinates but its ///| source map is illustrative.,anneal-3730-projection-macro-doccomment-patch-matrix-2026-09-29,"Pinned rustc/Charon macro span and Lean diagnostic specimens plus invented doc-comment projector: one-to-many/many-to-one maps, atomic two-range patch with nine rejects and 80-step indexed/full comparison. Boundary: Invented ///| syntax and projector, not Anneal or a real LSP client; no materialized-versus-streamed generator comparison.",anneal-3730-source-owned-projection-diagnostic-matrix-2026-09-29,"Pinned rustc/Charon/Aeneas/Lean source→model→proof specimen, actual compiler and batch/LSP diagnostics, Unicode coordinates; illustrative source-owned doc-comment map and two-range patch rejects; source range deleted while live version-1 diagnostic pending. Boundary: The ///| projection and edit gate are invented, not Anneal; no actual editor UI, client encoding negotiation, rich InfoView, rename/WorkspaceEdit or production batch/live generator. I061 has no new evidence.",anneal-3730-source-owned-projection-diagnostic-matrix-2026-09-29/support/probe.py;anneal-3730-source-owned-projection-diagnostic-matrix-2026-09-29/support/results.json;anneal-3730-source-owned-projection-diagnostic-matrix-2026-09-29/support/source.rs;anneal-3730-source-owned-projection-diagnostic-matrix-2026-09-29/support/artifacts/source.llbc,anneal-3730-lean-lsp-projection-code-actions-2026-09-29,"Two pinned Lean LSP sessions tested UTF-16 diagnostic after astral Unicode, hover, 223 completion items and empty quick-fix response; 500-edits/64-line seeded illustrative projection model exercised stale/cross-segment rejects. Boundary: Direct Lean and synthetic Python source map only; no Rust-hosted projection, actual completion edit application, rename/navigation/tokens/InfoView or editor client.",anneal-3730-lean-lsp-projection-code-actions-2026-09-29/REPORT.md;anneal-3730-lean-lsp-projection-code-actions-2026-09-29/support/lsp-transcript.json;anneal-3730-lean-lsp-projection-code-actions-2026-09-29/support/projection-stream.json;anneal-3730-lean-lsp-projection-code-actions-2026-09-29/support/Unicode.lean;anneal-3730-lean-lsp-projection-code-actions-2026-09-29/support/lsp_probe.py;anneal-3730-lean-lsp-projection-code-actions-2026-09-29/support/projection_model.py;anneal-3730-lean-lsp-projection-code-actions-2026-09-29/support/verify.py,,,,,,,,,,,,,,,,,,,,,,,,
I026,"D. Exact projections, provenance, and safe round-trip edits",Piecewise projection invertibility,M/X,"Test stripping prefixes/indentation, escaping delimiters, and inserting scaffolding. Establish which Lean ranges map exactly to authored Rust ranges, including zero-width insertions. Reject edits crossing synthetic gaps or multiple source segments unless a deliberate transformation can preserve the surrounding source.",rust-source-span-provenance-nightly-2026-05-31;anneal-synthesized-scaffolding-diagnostic-provenance-main-41f5b37,anneal-3730-projection-properties-2026-09-29,anneal-3730-projection-provenance-2026-09-29,partial,"Real Charon/Aeneas coarse spans plus invented doc-comment exact-byte/UTF-16 projection, multi-range CAS and synthetic edit rejection. Boundary: No Anneal parser/source map, actual hover/rename, true one-to-many obligation routing or production generator.",Exercise actual annotation stripping/escaping/scaffolding map inversion and cross-segment edit refusal; invented doc-comment rules cannot establish Anneal's map.,anneal-3730-projection-macro-doccomment-patch-matrix-2026-09-29,"Pinned rustc/Charon macro span and Lean diagnostic specimens plus invented doc-comment projector: one-to-many/many-to-one maps, atomic two-range patch with nine rejects and 80-step indexed/full comparison. Boundary: Invented ///| syntax and projector, not Anneal or a real LSP client; no materialized-versus-streamed generator comparison.",anneal-3730-source-owned-projection-diagnostic-matrix-2026-09-29,"Pinned rustc/Charon/Aeneas/Lean source→model→proof specimen, actual compiler and batch/LSP diagnostics, Unicode coordinates; illustrative source-owned doc-comment map and two-range patch rejects; source range deleted while live version-1 diagnostic pending. Boundary: The ///| projection and edit gate are invented, not Anneal; no actual editor UI, client encoding negotiation, rich InfoView, rename/WorkspaceEdit or production batch/live generator. I061 has no new evidence.",anneal-3730-source-owned-projection-diagnostic-matrix-2026-09-29/support/probe.py;anneal-3730-source-owned-projection-diagnostic-matrix-2026-09-29/support/results.json;anneal-3730-source-owned-projection-diagnostic-matrix-2026-09-29/support/source.rs;anneal-3730-source-owned-projection-diagnostic-matrix-2026-09-29/support/artifacts/source.llbc,anneal-3730-lean-lsp-projection-code-actions-2026-09-29,"Two pinned Lean LSP sessions tested UTF-16 diagnostic after astral Unicode, hover, 223 completion items and empty quick-fix response; 500-edits/64-line seeded illustrative projection model exercised stale/cross-segment rejects. Boundary: Direct Lean and synthetic Python source map only; no Rust-hosted projection, actual completion edit application, rename/navigation/tokens/InfoView or editor client.",anneal-3730-lean-lsp-projection-code-actions-2026-09-29/REPORT.md;anneal-3730-lean-lsp-projection-code-actions-2026-09-29/support/lsp-transcript.json;anneal-3730-lean-lsp-projection-code-actions-2026-09-29/support/projection-stream.json;anneal-3730-lean-lsp-projection-code-actions-2026-09-29/support/Unicode.lean;anneal-3730-lean-lsp-projection-code-actions-2026-09-29/support/lsp_probe.py;anneal-3730-lean-lsp-projection-code-actions-2026-09-29/support/projection_model.py;anneal-3730-lean-lsp-projection-code-actions-2026-09-29/support/verify.py,,,,,,,,,,,,,,,,,,,,,,,,
I027,"D. Exact projections, provenance, and safe round-trip edits",One-to-many and many-to-one provenance,M/X,"Generate several obligations from one annotation and combine several annotations in one Lean declaration. Test query routing, related diagnostics, and edit ambiguity. Distinguish selecting a proof context from choosing an editable origin; an attribution anchor must not authorize replacement of unrelated Rust text.",rust-source-span-provenance-nightly-2026-05-31;anneal-synthesized-scaffolding-diagnostic-provenance-main-41f5b37,anneal-3730-cross-tool-provenance-2026-09-29,anneal-3730-projection-provenance-2026-09-29,partial,"Real Charon/Aeneas coarse spans plus invented doc-comment exact-byte/UTF-16 projection, multi-range CAS and synthetic edit rejection. Boundary: No Anneal parser/source map, actual hover/rename, true one-to-many obligation routing or production generator.","Route production one-to-many obligations and many-to-one declarations, diagnostics and edits to authored Rust; the executed duplicate doc block and copied-payload map are not an Anneal producer map.",anneal-3730-projection-macro-doccomment-patch-matrix-2026-09-29,"Pinned rustc/Charon macro span and Lean diagnostic specimens plus invented doc-comment projector: one-to-many/many-to-one maps, atomic two-range patch with nine rejects and 80-step indexed/full comparison. Boundary: Invented ///| syntax and projector, not Anneal or a real LSP client; no materialized-versus-streamed generator comparison.",anneal-3730-source-owned-projection-diagnostic-matrix-2026-09-29,"Pinned rustc/Charon/Aeneas/Lean source→model→proof specimen, actual compiler and batch/LSP diagnostics, Unicode coordinates; illustrative source-owned doc-comment map and two-range patch rejects; source range deleted while live version-1 diagnostic pending. Boundary: The ///| projection and edit gate are invented, not Anneal; no actual editor UI, client encoding negotiation, rich InfoView, rename/WorkspaceEdit or production batch/live generator. I061 has no new evidence.",anneal-3730-source-owned-projection-diagnostic-matrix-2026-09-29/support/probe.py;anneal-3730-source-owned-projection-diagnostic-matrix-2026-09-29/support/results.json;anneal-3730-source-owned-projection-diagnostic-matrix-2026-09-29/support/source.rs;anneal-3730-source-owned-projection-diagnostic-matrix-2026-09-29/support/artifacts/source.llbc,,,,,,,,,,,,,,,,,,,,,,,,,,,
I028,"D. Exact projections, provenance, and safe round-trip edits",One generator for batch and live text,X,"Materialize and stream the same projection through separate sinks, including incomplete proofs and changed imports. Compare text, module context, source maps, and elaborated declarations. Detect accidental differences from newline handling, temporary filenames, omitted scaffolding, or a second editor-only code path.",rust-source-span-provenance-nightly-2026-05-31;anneal-synthesized-scaffolding-diagnostic-provenance-main-41f5b37,,,partial,,"The I028 synthetic typed generator used one plan for independently materialized file and streamed LSP sinks; four incomplete/import/Unicode-newline controls matched bytes, maps, batch JSON and final LSP messages. Still test the actual Anneal/Aeneas batch/live generator, Rust annotation parser, generated workspace, partial imports and long-lived reuse.",anneal-3730-annotation-subject-boundary-matrix-2026-09-29;anneal-3730-projection-macro-doccomment-patch-matrix-2026-09-29,"Real rustc/Cargo/Charon/Lean on one invented comment-marker crate: malformed Rust, multi-annotation/helper, default/feature/test subjects, moved/duplicated item, proof-comment read by include_str/build.rs. Boundary: Marker locator/projector is illustrative; no actual Anneal parser, last-good proof session, streamed batch/live generator or adoption choice. | Pinned rustc/Charon macro span and Lean diagnostic specimens plus invented doc-comment projector: one-to-many/many-to-one maps, atomic two-range patch with nine rejects and 80-step indexed/full comparison. Boundary: Invented ///| syntax and projector, not Anneal or a real LSP client; no materialized-versus-streamed generator comparison.",anneal-3730-source-owned-projection-diagnostic-matrix-2026-09-29,"Pinned rustc/Charon/Aeneas/Lean source→model→proof specimen, actual compiler and batch/LSP diagnostics, Unicode coordinates; illustrative source-owned doc-comment map and two-range patch rejects; source range deleted while live version-1 diagnostic pending. Boundary: The ///| projection and edit gate are invented, not Anneal; no actual editor UI, client encoding negotiation, rich InfoView, rename/WorkspaceEdit or production batch/live generator. I061 has no new evidence.",anneal-3730-source-owned-projection-diagnostic-matrix-2026-09-29/support/probe.py;anneal-3730-source-owned-projection-diagnostic-matrix-2026-09-29/support/results.json;anneal-3730-source-owned-projection-diagnostic-matrix-2026-09-29/support/source.rs;anneal-3730-source-owned-projection-diagnostic-matrix-2026-09-29/support/artifacts/source.llbc,,,,,,,,,,,,,,,,anneal-3730-shared-generator-batch-live-sinks-2026-09-29,"Typed synthetic Lean generator with shared header/body/footer/map plan and separate incremental file and live LSP sinks. Four valid/incomplete/import-edit/Unicode-CRLF cases had byte-identical generated text, import OLean identity, equal independent batch JSON/exit, and matching final LSP diagnostic messages/severities and declaration/axiom notices. Boundary: Synthetic generator, no Anneal/Aeneas generator or Rust annotation parser; full-text LSP changes and one pin; does not prove actual production batch/live source identity.",anneal-3730-shared-generator-batch-live-sinks-2026-09-29/REPORT.md;anneal-3730-shared-generator-batch-live-sinks-2026-09-29/support/results.json;anneal-3730-shared-generator-batch-live-sinks-2026-09-29/support/artifacts/unicode-crlf/map.json;anneal-3730-shared-generator-batch-live-sinks-2026-09-29/support/artifacts/import-edit/file.lean;anneal-3730-shared-generator-batch-live-sinks-2026-09-29/support/probe.py;anneal-3730-shared-generator-batch-live-sinks-2026-09-29/support/check.py,,,,,,,,,
I029,"D. Exact projections, provenance, and safe round-trip edits",Revision-safe projected patches,M/X,"Obtain a Lean edit, then change the Rust document before applying it. Check both expected source bytes and projection identity, including edits elsewhere that shift ranges. Test atomic application and conflict reporting; a plausible re-mapped position must not silently overwrite a different proof.",rust-source-span-provenance-nightly-2026-05-31;anneal-synthesized-scaffolding-diagnostic-provenance-main-41f5b37,anneal-3730-projection-properties-2026-09-29,anneal-3730-projection-provenance-2026-09-29,partial,"Real Charon/Aeneas coarse spans plus invented doc-comment exact-byte/UTF-16 projection, multi-range CAS and synthetic edit rejection. Boundary: No Anneal parser/source map, actual hover/rename, true one-to-many obligation routing or production generator.",Apply source-owned patches through real editor transactions after source shifts and conflicting writers; the two-range stale/mixed/conflicting rejects were in a local model.,anneal-3730-projection-macro-doccomment-patch-matrix-2026-09-29,"Pinned rustc/Charon macro span and Lean diagnostic specimens plus invented doc-comment projector: one-to-many/many-to-one maps, atomic two-range patch with nine rejects and 80-step indexed/full comparison. Boundary: Invented ///| syntax and projector, not Anneal or a real LSP client; no materialized-versus-streamed generator comparison.",anneal-3730-source-owned-projection-diagnostic-matrix-2026-09-29,"Pinned rustc/Charon/Aeneas/Lean source→model→proof specimen, actual compiler and batch/LSP diagnostics, Unicode coordinates; illustrative source-owned doc-comment map and two-range patch rejects; source range deleted while live version-1 diagnostic pending. Boundary: The ///| projection and edit gate are invented, not Anneal; no actual editor UI, client encoding negotiation, rich InfoView, rename/WorkspaceEdit or production batch/live generator. I061 has no new evidence.",anneal-3730-source-owned-projection-diagnostic-matrix-2026-09-29/support/probe.py;anneal-3730-source-owned-projection-diagnostic-matrix-2026-09-29/support/results.json;anneal-3730-source-owned-projection-diagnostic-matrix-2026-09-29/support/source.rs;anneal-3730-source-owned-projection-diagnostic-matrix-2026-09-29/support/artifacts/source.llbc,anneal-3730-lean-lsp-projection-code-actions-2026-09-29,"Two pinned Lean LSP sessions tested UTF-16 diagnostic after astral Unicode, hover, 223 completion items and empty quick-fix response; 500-edits/64-line seeded illustrative projection model exercised stale/cross-segment rejects. Boundary: Direct Lean and synthetic Python source map only; no Rust-hosted projection, actual completion edit application, rename/navigation/tokens/InfoView or editor client.",anneal-3730-lean-lsp-projection-code-actions-2026-09-29/REPORT.md;anneal-3730-lean-lsp-projection-code-actions-2026-09-29/support/lsp-transcript.json;anneal-3730-lean-lsp-projection-code-actions-2026-09-29/support/projection-stream.json;anneal-3730-lean-lsp-projection-code-actions-2026-09-29/support/Unicode.lean;anneal-3730-lean-lsp-projection-code-actions-2026-09-29/support/lsp_probe.py;anneal-3730-lean-lsp-projection-code-actions-2026-09-29/support/projection_model.py;anneal-3730-lean-lsp-projection-code-actions-2026-09-29/support/verify.py,,,,,,,,,,,,,,,,,,,,,,,,
I030,"D. Exact projections, provenance, and safe round-trip edits",Completion and code-action edits beyond the cursor,S/X,"Exercise snippets, additional text edits, new imports, qualified-name fixes, and edits spanning generated/user regions. Determine which operations can be projected back safely and which need a specialized Anneal action. Preserve snippet placeholders and reject unsupported transformations rather than partially applying them.",rust-source-span-provenance-nightly-2026-05-31;anneal-synthesized-scaffolding-diagnostic-provenance-main-41f5b37,anneal-3730-annotation-gap-probes-2026-09-29,anneal-3730-projection-provenance-2026-09-29,partial,"Real Charon/Aeneas coarse spans plus invented doc-comment exact-byte/UTF-16 projection, multi-range CAS and synthetic edit rejection. Boundary: No Anneal parser/source map, actual hover/rename, true one-to-many obligation routing or production generator.","Apply server-authored nonempty code actions, imports, snippets and completion edits through an actual Rust-hosted Anneal projection with ownership/version policy; R18 applied a real versioned Lean import quick fix, while its completion edit was client-selected.",anneal-3730-projection-macro-doccomment-patch-matrix-2026-09-29,"Pinned rustc/Charon macro span and Lean diagnostic specimens plus invented doc-comment projector: one-to-many/many-to-one maps, atomic two-range patch with nine rejects and 80-step indexed/full comparison. Boundary: Invented ///| syntax and projector, not Anneal or a real LSP client; no materialized-versus-streamed generator comparison.",anneal-3730-source-owned-projection-diagnostic-matrix-2026-09-29,"Pinned rustc/Charon/Aeneas/Lean source→model→proof specimen, actual compiler and batch/LSP diagnostics, Unicode coordinates; illustrative source-owned doc-comment map and two-range patch rejects; source range deleted while live version-1 diagnostic pending. Boundary: The ///| projection and edit gate are invented, not Anneal; no actual editor UI, client encoding negotiation, rich InfoView, rename/WorkspaceEdit or production batch/live generator. I061 has no new evidence.",anneal-3730-source-owned-projection-diagnostic-matrix-2026-09-29/support/probe.py;anneal-3730-source-owned-projection-diagnostic-matrix-2026-09-29/support/results.json;anneal-3730-source-owned-projection-diagnostic-matrix-2026-09-29/support/source.rs;anneal-3730-source-owned-projection-diagnostic-matrix-2026-09-29/support/artifacts/source.llbc,anneal-3730-lean-lsp-projection-code-actions-2026-09-29,"Two pinned Lean LSP sessions tested UTF-16 diagnostic after astral Unicode, hover, 223 completion items and empty quick-fix response; 500-edits/64-line seeded illustrative projection model exercised stale/cross-segment rejects. Boundary: Direct Lean and synthetic Python source map only; no Rust-hosted projection, actual completion edit application, rename/navigation/tokens/InfoView or editor client.",anneal-3730-lean-lsp-projection-code-actions-2026-09-29/REPORT.md;anneal-3730-lean-lsp-projection-code-actions-2026-09-29/support/lsp-transcript.json;anneal-3730-lean-lsp-projection-code-actions-2026-09-29/support/projection-stream.json;anneal-3730-lean-lsp-projection-code-actions-2026-09-29/support/Unicode.lean;anneal-3730-lean-lsp-projection-code-actions-2026-09-29/support/lsp_probe.py;anneal-3730-lean-lsp-projection-code-actions-2026-09-29/support/projection_model.py;anneal-3730-lean-lsp-projection-code-actions-2026-09-29/support/verify.py,anneal-3730-lean-lsp-navigation-edit-operations-2026-09-29,"Pinned direct Lean LSP returned definition/references, same-file rename WorkspaceEdit, semantic tokens, completion resolve without textEdit, and empty quick fix; applied rename plus labelled client completion fallback batch-checked, then replayed in an illustrative projection model. Boundary: No Rust-hosted Anneal map, cross-file rename, nonempty code action, server-authored completion edit, actual editor adapter or save/watch loop.",anneal-3730-lean-lsp-navigation-edit-operations-2026-09-29/REPORT.md;anneal-3730-lean-lsp-navigation-edit-operations-2026-09-29/support/transcript.json;anneal-3730-lean-lsp-navigation-edit-operations-2026-09-29/support/Applied.lean;anneal-3730-lean-lsp-navigation-edit-operations-2026-09-29/support/projection-replay.json;anneal-3730-lean-lsp-navigation-edit-operations-2026-09-29/support/probe.py;anneal-3730-lean-lsp-navigation-edit-operations-2026-09-29/support/projection_replay.py;anneal-3730-lean-lsp-navigation-edit-operations-2026-09-29/support/verify.py,anneal-3730-lean-lsp-multifile-actions-hints-2026-09-29,"Pinned Lean LSP with LEAN_SRC_PATH returned two-file rename, cross-file references, nonempty versioned import quick fix, signature help, inlay hint and completion label; returned rename/action/inlay edits were applied in isolated branches and fresh batch checked. Boundary: No Anneal Rust projection or editor transaction; completion edit was client-selected, rename WorkspaceEdit lacked versions, and stale preimage/version guards were harness policy.",anneal-3730-lean-lsp-multifile-actions-hints-2026-09-29/REPORT.md;anneal-3730-lean-lsp-multifile-actions-hints-2026-09-29/support/transcript.json;anneal-3730-lean-lsp-multifile-actions-hints-2026-09-29/support/applied-results.json;anneal-3730-lean-lsp-multifile-actions-hints-2026-09-29/support/applied/rename-Helper.lean;anneal-3730-lean-lsp-multifile-actions-hints-2026-09-29/support/applied/action-Action.lean;anneal-3730-lean-lsp-multifile-actions-hints-2026-09-29/support/probe.py;anneal-3730-lean-lsp-multifile-actions-hints-2026-09-29/support/apply_returns.py;anneal-3730-lean-lsp-multifile-actions-hints-2026-09-29/support/verify.py,,,,,,,,,,,,,,,,,,
I031,"D. Exact projections, provenance, and safe round-trip edits",Diagnostics and provenance fidelity,X/U,"Produce errors in copied proof text, generated scaffolding, generated models, and external imports. Preserve the original Lean location plus the exact or approximate Rust explanation. Test range quality, related information, absent source, and responsibility selection without making a synthetic error look user-authored.",rust-source-span-provenance-nightly-2026-05-31;anneal-synthesized-scaffolding-diagnostic-provenance-main-41f5b37,anneal-3730-cross-tool-provenance-2026-09-29,anneal-3730-projection-provenance-2026-09-29,partial,"Real Charon/Aeneas coarse spans plus invented doc-comment exact-byte/UTF-16 projection, multi-range CAS and synthetic edit rejection. Boundary: No Anneal parser/source map, actual hover/rename, true one-to-many obligation routing or production generator.","Integrate actual rustc/Charon/Aeneas/Lean diagnostic origins into an Anneal source/ownership map, including ambiguous and missing spans; raw compiler/batch/LSP specimens were acquired but the routing map is illustrative.",anneal-3730-projection-macro-doccomment-patch-matrix-2026-09-29,"Pinned rustc/Charon macro span and Lean diagnostic specimens plus invented doc-comment projector: one-to-many/many-to-one maps, atomic two-range patch with nine rejects and 80-step indexed/full comparison. Boundary: Invented ///| syntax and projector, not Anneal or a real LSP client; no materialized-versus-streamed generator comparison.",anneal-3730-source-owned-projection-diagnostic-matrix-2026-09-29,"Pinned rustc/Charon/Aeneas/Lean source→model→proof specimen, actual compiler and batch/LSP diagnostics, Unicode coordinates; illustrative source-owned doc-comment map and two-range patch rejects; source range deleted while live version-1 diagnostic pending. Boundary: The ///| projection and edit gate are invented, not Anneal; no actual editor UI, client encoding negotiation, rich InfoView, rename/WorkspaceEdit or production batch/live generator. I061 has no new evidence.",anneal-3730-source-owned-projection-diagnostic-matrix-2026-09-29/support/probe.py;anneal-3730-source-owned-projection-diagnostic-matrix-2026-09-29/support/results.json;anneal-3730-source-owned-projection-diagnostic-matrix-2026-09-29/support/source.rs;anneal-3730-source-owned-projection-diagnostic-matrix-2026-09-29/support/artifacts/source.llbc,anneal-3730-lean-lsp-projection-code-actions-2026-09-29,"Two pinned Lean LSP sessions tested UTF-16 diagnostic after astral Unicode, hover, 223 completion items and empty quick-fix response; 500-edits/64-line seeded illustrative projection model exercised stale/cross-segment rejects. Boundary: Direct Lean and synthetic Python source map only; no Rust-hosted projection, actual completion edit application, rename/navigation/tokens/InfoView or editor client.",anneal-3730-lean-lsp-projection-code-actions-2026-09-29/REPORT.md;anneal-3730-lean-lsp-projection-code-actions-2026-09-29/support/lsp-transcript.json;anneal-3730-lean-lsp-projection-code-actions-2026-09-29/support/projection-stream.json;anneal-3730-lean-lsp-projection-code-actions-2026-09-29/support/Unicode.lean;anneal-3730-lean-lsp-projection-code-actions-2026-09-29/support/lsp_probe.py;anneal-3730-lean-lsp-projection-code-actions-2026-09-29/support/projection_model.py;anneal-3730-lean-lsp-projection-code-actions-2026-09-29/support/verify.py,,,,,,,,,,,,,,,,,,,,,,,,
I032,"D. Exact projections, provenance, and safe round-trip edits",Mapping stability and cost during edit streams,M/X,Fuzz insertion/deletion around annotation boundaries and measure full versus incremental projection updates. Validate maps against regenerated ground truth after every edit. Determine whether incremental mapping complexity earns enough latency improvement to justify its additional invalidation and correctness burden.,rust-source-span-provenance-nightly-2026-05-31;anneal-synthesized-scaffolding-diagnostic-provenance-main-41f5b37,anneal-3730-projection-properties-2026-09-29,,partial,,Fuzz the actual annotation grammar/edit stream and measure full versus incremental maps at useful size; this tiny invented projector's indexed path was slower over 80 steps.,anneal-3730-projection-macro-doccomment-patch-matrix-2026-09-29,"Pinned rustc/Charon macro span and Lean diagnostic specimens plus invented doc-comment projector: one-to-many/many-to-one maps, atomic two-range patch with nine rejects and 80-step indexed/full comparison. Boundary: Invented ///| syntax and projector, not Anneal or a real LSP client; no materialized-versus-streamed generator comparison.",anneal-3730-source-owned-projection-diagnostic-matrix-2026-09-29,"Pinned rustc/Charon/Aeneas/Lean source→model→proof specimen, actual compiler and batch/LSP diagnostics, Unicode coordinates; illustrative source-owned doc-comment map and two-range patch rejects; source range deleted while live version-1 diagnostic pending. Boundary: The ///| projection and edit gate are invented, not Anneal; no actual editor UI, client encoding negotiation, rich InfoView, rename/WorkspaceEdit or production batch/live generator. I061 has no new evidence.",anneal-3730-source-owned-projection-diagnostic-matrix-2026-09-29/support/probe.py;anneal-3730-source-owned-projection-diagnostic-matrix-2026-09-29/support/results.json;anneal-3730-source-owned-projection-diagnostic-matrix-2026-09-29/support/source.rs;anneal-3730-source-owned-projection-diagnostic-matrix-2026-09-29/support/artifacts/source.llbc,anneal-3730-lean-lsp-projection-code-actions-2026-09-29,"Two pinned Lean LSP sessions tested UTF-16 diagnostic after astral Unicode, hover, 223 completion items and empty quick-fix response; 500-edits/64-line seeded illustrative projection model exercised stale/cross-segment rejects. Boundary: Direct Lean and synthetic Python source map only; no Rust-hosted projection, actual completion edit application, rename/navigation/tokens/InfoView or editor client.",anneal-3730-lean-lsp-projection-code-actions-2026-09-29/REPORT.md;anneal-3730-lean-lsp-projection-code-actions-2026-09-29/support/lsp-transcript.json;anneal-3730-lean-lsp-projection-code-actions-2026-09-29/support/projection-stream.json;anneal-3730-lean-lsp-projection-code-actions-2026-09-29/support/Unicode.lean;anneal-3730-lean-lsp-projection-code-actions-2026-09-29/support/lsp_probe.py;anneal-3730-lean-lsp-projection-code-actions-2026-09-29/support/projection_model.py;anneal-3730-lean-lsp-projection-code-actions-2026-09-29/support/verify.py,,,,,,,,,,,,,,,,,,,,,,,,
I033,E. Projected Lean documents and module layout,Virtual URI and file-backed document compatibility,S/X,"Test custom schemes, file URIs for nonexistent files, untitled buffers, and stable on-disk shells under supported Lean launch modes. Exercise import resolution and `setup-file`. Establish the minimum physical project structure needed for unsaved projected text and ordinary proof queries.",lean-generated-file-interactive-workflows-v4-30-0-rc2;lean-server-multi-workspace-isolation-v4-30-0-rc2,anneal-3730-document-context-v4-30-0-rc2,,partial,,"URI/physical-path behavior across supported Lake launch modes and setup-file with imports, not just direct Lean.",,,,,,,,,,,,,,,,,,,,,,,,,,,,,,,,
I034,E. Projected Lean documents and module layout,Stable document identity versus generation paths,X,"Compare stable logical documents with remapped generated imports, generation-specific physical paths, and close/reopen publication. Measure incremental reuse and verify module identity after each transition. Determine whether a stable URI can safely survive environment changes or should deliberately acquire a new worker.",lean-generated-file-interactive-workflows-v4-30-0-rc2;lean-server-multi-workspace-isolation-v4-30-0-rc2,anneal-3730-document-context-v4-30-0-rc2,,partial,,Compare stable URI and generation-path behavior with a real worker across regeneration/reopen; the finite response model has no document routing.,anneal-3730-identity-state-mutation-model-2026-09-29,"Finite 2,710-state/11,060-transition identity model and six two-writer schedules; A-B-A, version reset, alias, worker/RPC replacement and source/artifact decoupling; four forced Python writer runs. Boundary: Symbolic and Python model only; no Anneal, Cargo, Lean, filesystem watcher or actual MCP client.",,,,,,,,,,,,,,,,,,,,,,,,,,,,,,
I035,E. Projected Lean documents and module layout,"Per-annotation, per-file, and per-artifact layouts",X,"Use identical proofs with shared helpers and different model sizes under each layout. Measure worker count, import cost, incremental reuse, and failure isolation. Record semantic restrictions imposed by splitting; fewer files or smaller modules is not automatically the cheaper or more expressive option.",lean-generated-file-interactive-workflows-v4-30-0-rc2;lean-server-multi-workspace-isolation-v4-30-0-rc2,,anneal-3730-lean-artifact-layouts-v4-30-0-rc2,partial,"Three Lean/Lake module-layout approximations over identical two-claim/helper proofs at model sizes 1/128; edits, failure isolation, worker/import costs and visibility. Boundary: No actual embedded Rust annotation layout, large imports, parallel scheduler or more than two workers.","Real embedded-annotation grouping and representative imports/options/plugins remain for product application; the requested bounded Lean/Lake layout comparison itself was executed, but its approximations do not establish the Anneal layout choice.",anneal-3730-annotation-subject-boundary-matrix-2026-09-29,"Real rustc/Cargo/Charon/Lean on one invented comment-marker crate: malformed Rust, multi-annotation/helper, default/feature/test subjects, moved/duplicated item, proof-comment read by include_str/build.rs. Boundary: Marker locator/projector is illustrative; no actual Anneal parser, last-good proof session, streamed batch/live generator or adoption choice.",,,,,,,,,,,,,,,,,,,,,,,,,,,,,,
I036,E. Projected Lean documents and module layout,Prefix reuse under generated-context changes,S/X,"Change early imports, namespaces, options, generated declarations, and late proof tactics separately. Observe Lean's actual elaboration reuse and cancellation. Identify which generation strategies preserve useful prefixes and which merely keep filenames stable while forcing complete re-elaboration.",lean-generated-file-interactive-workflows-v4-30-0-rc2;lean-server-multi-workspace-isolation-v4-30-0-rc2,anneal-3730-document-context-v4-30-0-rc2,,partial,,"Prefix reuse measurements for early import/namespace/option changes versus late tactics, including cancellation.",,,,,,,,,,,,,,,,,,,,,,,,,,,,,,,,
I037,E. Projected Lean documents and module layout,Context fidelity of wrappers and scaffolding,S/X/M,"Compare direct Lean with projected annotations under namespaces, sections, variables, local instances, notation, macros, and options. Inspect elaborated proposition and dependencies, not only successful checking. Find wrapper transformations that accidentally capture names or change the statement being proved.",lean-generated-file-interactive-workflows-v4-30-0-rc2;lean-server-multi-workspace-isolation-v4-30-0-rc2,anneal-3730-document-context-v4-30-0-rc2,,partial,,"Elaborated proposition/dependency comparison for projected wrappers under local instances, macros, notation, and options.",,,,,,,,,,,,,,,,,,,,,,,,,,,,,,,,
I038,E. Projected Lean documents and module layout,Open documents that import other unsaved documents,S/X,"Keep both producer and proof open, change only the producer buffer, and compare server behavior with compiled-disk imports. Determine whether simultaneous unsaved cross-module semantics are supported, require materialization, or need explicit restrictions; do not assume all open buffers form one live import environment.",lean-generated-file-interactive-workflows-v4-30-0-rc2;lean-server-multi-workspace-isolation-v4-30-0-rc2,anneal-3730-document-context-v4-30-0-rc2,,partial,,"R32 showed that direct Lean B imports compiled A, not unsaved A, and distinguished save from OLean rebuild; a supported two-open-proof unsaved-import or staged materialization contract in Anneal remains unimplemented/unverified.",,,,,,,,,,,,,,,,,,,,,,,,anneal-3730-live-proof-import-state-2026-09-29,"Pinned direct Lean LSP/batch A→B fixture varied unsaved A buffer, saved A source, rebuilt A.olean, reused versus new/reopened B file workers and fresh server. B imported old compiled A until rebuild; reused worker retained old import after rebuild; new workers saw type mismatch. Empty LEAN_PATH and source-only cycle controls failed explicitly. Boundary: One tiny two-module direct Lean graph; no Anneal annotation graph, supported unsaved-import design, editor transport, sandbox context, or production refresh policy.",anneal-3730-live-proof-import-state-2026-09-29/REPORT.md;anneal-3730-live-proof-import-state-2026-09-29/support/transcript.json;anneal-3730-live-proof-import-state-2026-09-29/support/probe.py;anneal-3730-live-proof-import-state-2026-09-29/support/verify.py,,,,,,
I039,E. Projected Lean documents and module layout,Dependency cycles and generated declaration order,S/X,"Construct cross-annotation helper dependencies, generated specifications referencing models, and mutually dependent proof modules. Compare legal grouping and explicit cycle rejection. Determine which graph belongs to generation, compilation, or proof checking and avoid hiding cycles through stale compiled modules.",lean-generated-file-interactive-workflows-v4-30-0-rc2;lean-server-multi-workspace-isolation-v4-30-0-rc2,anneal-3730-document-context-v4-30-0-rc2,,partial,,"R32 observed two source-only mutual imports fail without compiled artifacts; legal cross-annotation grouping, declaration order and explicit cycle detection/rejection in a real generated proof graph remain untested.",,,,,,,,,,,,,,,,,,,,,,,,anneal-3730-live-proof-import-state-2026-09-29,"Pinned direct Lean LSP/batch A→B fixture varied unsaved A buffer, saved A source, rebuilt A.olean, reused versus new/reopened B file workers and fresh server. B imported old compiled A until rebuild; reused worker retained old import after rebuild; new workers saw type mismatch. Empty LEAN_PATH and source-only cycle controls failed explicitly. Boundary: One tiny two-module direct Lean graph; no Anneal annotation graph, supported unsaved-import design, editor transport, sandbox context, or production refresh policy.",anneal-3730-live-proof-import-state-2026-09-29/REPORT.md;anneal-3730-live-proof-import-state-2026-09-29/support/transcript.json;anneal-3730-live-proof-import-state-2026-09-29/support/probe.py;anneal-3730-live-proof-import-state-2026-09-29/support/verify.py,,,,,,
I040,E. Projected Lean documents and module layout,Scratch proof forks preserve full context,X,"Clone a projected document for tactic experiments, varying module identity, options, imports, and surrounding commands. Compare results with applying the candidate to the real proof. Detect experiments that work only because the scratch context or pre-elaborated prefix differs from the intended document.",lean-generated-file-interactive-workflows-v4-30-0-rc2;lean-server-multi-workspace-isolation-v4-30-0-rc2,anneal-3730-document-context-v4-30-0-rc2,,partial,,"R32's empty-LEAN_PATH control fails, but a real scratch fork still needs matched module identity, imports, options, surrounding commands and candidate replay against the authoritative generation.",,,,,,,,,,,,,,,,,,,,,,,,anneal-3730-live-proof-import-state-2026-09-29,"Pinned direct Lean LSP/batch A→B fixture varied unsaved A buffer, saved A source, rebuilt A.olean, reused versus new/reopened B file workers and fresh server. B imported old compiled A until rebuild; reused worker retained old import after rebuild; new workers saw type mismatch. Empty LEAN_PATH and source-only cycle controls failed explicitly. Boundary: One tiny two-module direct Lean graph; no Anneal annotation graph, supported unsaved-import design, editor transport, sandbox context, or production refresh policy.",anneal-3730-live-proof-import-state-2026-09-29/REPORT.md;anneal-3730-live-proof-import-state-2026-09-29/support/transcript.json;anneal-3730-live-proof-import-state-2026-09-29/support/probe.py;anneal-3730-live-proof-import-state-2026-09-29/support/verify.py,,,,,,
I041,"F. Lean query causality, tactic state, and worker lifetimes",Exact-version goal query protocol,S/M/X,"Compare serialized document access, client-side version fences, snapshot-specific documents, and any upstream version-aware operations. Introduce actual concurrent edits before, during, and after readiness waits and goal requests. Determine which protocol can justify the returned version rather than merely label an unversioned response.",lean-server-tactic-state-v4-30-0-rc2;lean-lsp-old-version-wait-race-v4-30-0-rc2;lean-server-concurrency-experiment-v4-30-0-rc2,anneal-3730-lean-protocol-races-v4-30-0-rc2,anneal-3730-lean-rpc-lifetimes-v4-30-0-rc2;anneal-3730-partial-elaboration-queries-v4-30-0-rc2,partial,"Direct Lean RPC session across edit/cancel/close/reopen/new server, killed worker, late old transport reply and retained separate-URI old source. Boundary: No ctx dereference/release/expiry or actual Anneal envelope; successful late old response used separate transports. | Direct Lean valid declarations around unfinished proof, unknown tactic, heartbeat timeout and recoverable syntax error; goal positions, diagnostics and batch failures. Boundary: No integrated Anneal status; nested/macros/EOF and stronger concurrency not tested. I046 requested direct-Lean fixture is satisfied.",Implement an Anneal exact-version/source/import response envelope and client fence; direct Lean old/new workers and a gated duplicate-ID reply schedule expose the hazard but do not implement the broker.,anneal-3730-lean-launch-refresh-matrix-v4-30-0-rc2,"Direct/Lake-env/lake-serve same imported-definition matrix: source-only and OLean-only mutations, watcher, existing/new/reopened/fresh worker, batch, six goal positions and unsaved missing-header setup-file controls. Boundary: One direct-import fixture inside Lake workspace; no transitive/option/plugin graph, exact import digest response, rich RPC or real Anneal server.",anneal-3730-lean-transitive-import-rpc-matrix-2026-09-29,"Direct Lean/Lake 4.29 and 4.30-rc2 transitive Base→Mid→Proof old/new/fresh worker, option/macro/plugin transition, actual InfoWithCtx dereference/release/stale session, causally gated duplicate-ID reply ordering. Boundary: One tiny Lake graph and native marker plugin; no Anneal envelope, complete loaded-environment attestation, rich nested tactic matrix or real crash/replacement race.",anneal-3730-lean-transitive-import-rpc-matrix-2026-09-29/support/probe.py;anneal-3730-lean-transitive-import-rpc-matrix-2026-09-29/support/transcript.json;anneal-3730-lean-transitive-import-rpc-matrix-2026-09-29/support/summary.json,anneal-3730-lean-server-soak-context-rpc-2026-09-29,"Direct pinned Lean server handled 24 edits, four close/reopens, restarts, wrong-import sentinel, rich info reference dereference/release and client timeout; sampled processes, RSS and footprint. Boundary: Tiny direct Lean 15-second run; no Anneal broker, Mathlib scale, hours-long leak inference, unique tree memory or proof of cancellation.",anneal-3730-lean-server-soak-context-rpc-2026-09-29/REPORT.md;anneal-3730-lean-server-soak-context-rpc-2026-09-29/support/transcript.json;anneal-3730-lean-server-soak-context-rpc-2026-09-29/support/work/A/Proof.lean;anneal-3730-lean-server-soak-context-rpc-2026-09-29/support/work/B/Proof.lean;anneal-3730-lean-server-soak-context-rpc-2026-09-29/support/probe.py;anneal-3730-lean-server-soak-context-rpc-2026-09-29/support/check.py,anneal-3730-lean-multiminute-restart-resource-soak-2026-09-29,"Direct Lean three-minute guarded one/two/four-file-worker plus conflicting-import workspace ramp: 69 edit/goal checks, reopen/restart/session/reference controls, bidirectional request-ID collision pilot, RSS/footprint and latency samples. Boundary: One host and tiny imports, one watchdog at a time; no hours-long leak inference, unique tree memory, Anneal/MCP topology or full pipeline latency.",anneal-3730-lean-multiminute-restart-resource-soak-2026-09-29/REPORT.md;anneal-3730-lean-multiminute-restart-resource-soak-2026-09-29/support/transcript.json;anneal-3730-lean-multiminute-restart-resource-soak-2026-09-29/support/pilot-id-collision.json;anneal-3730-lean-multiminute-restart-resource-soak-2026-09-29/support/work/A/Proof0.lean;anneal-3730-lean-multiminute-restart-resource-soak-2026-09-29/support/probe.py;anneal-3730-lean-multiminute-restart-resource-soak-2026-09-29/support/check.py,,,,,,,,,,,,,,,,,,,,,
I042,"F. Lean query causality, tactic state, and worker lifetimes",Readiness is not a single boolean,S/X,"Delay parsing, imports, elaboration, asynchronous tasks, diagnostics, and tactic information separately. Test available wait operations and progress notifications. Distinguish ready-at-position, whole-file completion, imports-out-of-date, and permanent failure, including files whose diagnostics are temporarily empty.",lean-server-tactic-state-v4-30-0-rc2;lean-lsp-old-version-wait-race-v4-30-0-rc2;lean-server-concurrency-experiment-v4-30-0-rc2,anneal-3730-lean-protocol-races-v4-30-0-rc2,anneal-3730-lean-rpc-lifetimes-v4-30-0-rc2,partial,"Direct Lean RPC session across edit/cancel/close/reopen/new server, killed worker, late old transport reply and retained separate-URI old source. Boundary: No ctx dereference/release/expiry or actual Anneal envelope; successful late old response used separate transports.",Separate parse/import/elaboration/async readiness with causal barriers and current-position status; missing-import wait success adds a failure control only.,anneal-3730-lean-launch-refresh-matrix-v4-30-0-rc2,"Direct/Lake-env/lake-serve same imported-definition matrix: source-only and OLean-only mutations, watcher, existing/new/reopened/fresh worker, batch, six goal positions and unsaved missing-header setup-file controls. Boundary: One direct-import fixture inside Lake workspace; no transitive/option/plugin graph, exact import digest response, rich RPC or real Anneal server.",anneal-3730-lean-transitive-import-rpc-matrix-2026-09-29,"Direct Lean/Lake 4.29 and 4.30-rc2 transitive Base→Mid→Proof old/new/fresh worker, option/macro/plugin transition, actual InfoWithCtx dereference/release/stale session, causally gated duplicate-ID reply ordering. Boundary: One tiny Lake graph and native marker plugin; no Anneal envelope, complete loaded-environment attestation, rich nested tactic matrix or real crash/replacement race.",anneal-3730-lean-transitive-import-rpc-matrix-2026-09-29/support/probe.py;anneal-3730-lean-transitive-import-rpc-matrix-2026-09-29/support/transcript.json;anneal-3730-lean-transitive-import-rpc-matrix-2026-09-29/support/summary.json,anneal-3730-lean-server-soak-context-rpc-2026-09-29,"Direct pinned Lean server handled 24 edits, four close/reopens, restarts, wrong-import sentinel, rich info reference dereference/release and client timeout; sampled processes, RSS and footprint. Boundary: Tiny direct Lean 15-second run; no Anneal broker, Mathlib scale, hours-long leak inference, unique tree memory or proof of cancellation.",anneal-3730-lean-server-soak-context-rpc-2026-09-29/REPORT.md;anneal-3730-lean-server-soak-context-rpc-2026-09-29/support/transcript.json;anneal-3730-lean-server-soak-context-rpc-2026-09-29/support/work/A/Proof.lean;anneal-3730-lean-server-soak-context-rpc-2026-09-29/support/work/B/Proof.lean;anneal-3730-lean-server-soak-context-rpc-2026-09-29/support/probe.py;anneal-3730-lean-server-soak-context-rpc-2026-09-29/support/check.py,anneal-3730-lean-multiminute-restart-resource-soak-2026-09-29,"Direct Lean three-minute guarded one/two/four-file-worker plus conflicting-import workspace ramp: 69 edit/goal checks, reopen/restart/session/reference controls, bidirectional request-ID collision pilot, RSS/footprint and latency samples. Boundary: One host and tiny imports, one watchdog at a time; no hours-long leak inference, unique tree memory, Anneal/MCP topology or full pipeline latency.",anneal-3730-lean-multiminute-restart-resource-soak-2026-09-29/REPORT.md;anneal-3730-lean-multiminute-restart-resource-soak-2026-09-29/support/transcript.json;anneal-3730-lean-multiminute-restart-resource-soak-2026-09-29/support/pilot-id-collision.json;anneal-3730-lean-multiminute-restart-resource-soak-2026-09-29/support/work/A/Proof0.lean;anneal-3730-lean-multiminute-restart-resource-soak-2026-09-29/support/probe.py;anneal-3730-lean-multiminute-restart-resource-soak-2026-09-29/support/check.py,,,,,,,,,,,,,,,,,,,,,
I043,"F. Lean query causality, tactic state, and worker lifetimes",Tactic-position selection semantics,S/X,"Query before/after tactics, within whitespace, at nested goals, tactic combinators, macros, errors, and EOF. Compare plain goals and interactive goals. Preserve exact coordinates and expected selection so an agent knows whether it is seeing input goals, output goals, or no applicable tactic state.",lean-server-tactic-state-v4-30-0-rc2;lean-lsp-old-version-wait-race-v4-30-0-rc2;lean-server-concurrency-experiment-v4-30-0-rc2,,anneal-3730-lean-rpc-lifetimes-v4-30-0-rc2;anneal-3730-partial-elaboration-queries-v4-30-0-rc2,partial,"Direct Lean RPC session across edit/cancel/close/reopen/new server, killed worker, late old transport reply and retained separate-URI old source. Boundary: No ctx dereference/release/expiry or actual Anneal envelope; successful late old response used separate transports. | Direct Lean valid declarations around unfinished proof, unknown tactic, heartbeat timeout and recoverable syntax error; goal positions, diagnostics and batch failures. Boundary: No integrated Anneal status; nested/macros/EOF and stronger concurrency not tested. I046 requested direct-Lean fixture is satisfied.","Extend actual Lean position probes to nested tactic combinators, term mode and rich RPC navigation; this package adds a macro goal and InfoWithCtx dereference to earlier plainGoal positions.",anneal-3730-lean-launch-refresh-matrix-v4-30-0-rc2,"Direct/Lake-env/lake-serve same imported-definition matrix: source-only and OLean-only mutations, watcher, existing/new/reopened/fresh worker, batch, six goal positions and unsaved missing-header setup-file controls. Boundary: One direct-import fixture inside Lake workspace; no transitive/option/plugin graph, exact import digest response, rich RPC or real Anneal server.",anneal-3730-lean-transitive-import-rpc-matrix-2026-09-29,"Direct Lean/Lake 4.29 and 4.30-rc2 transitive Base→Mid→Proof old/new/fresh worker, option/macro/plugin transition, actual InfoWithCtx dereference/release/stale session, causally gated duplicate-ID reply ordering. Boundary: One tiny Lake graph and native marker plugin; no Anneal envelope, complete loaded-environment attestation, rich nested tactic matrix or real crash/replacement race.",anneal-3730-lean-transitive-import-rpc-matrix-2026-09-29/support/probe.py;anneal-3730-lean-transitive-import-rpc-matrix-2026-09-29/support/transcript.json;anneal-3730-lean-transitive-import-rpc-matrix-2026-09-29/support/summary.json,anneal-3730-lean-server-soak-context-rpc-2026-09-29,"Direct pinned Lean server handled 24 edits, four close/reopens, restarts, wrong-import sentinel, rich info reference dereference/release and client timeout; sampled processes, RSS and footprint. Boundary: Tiny direct Lean 15-second run; no Anneal broker, Mathlib scale, hours-long leak inference, unique tree memory or proof of cancellation.",anneal-3730-lean-server-soak-context-rpc-2026-09-29/REPORT.md;anneal-3730-lean-server-soak-context-rpc-2026-09-29/support/transcript.json;anneal-3730-lean-server-soak-context-rpc-2026-09-29/support/work/A/Proof.lean;anneal-3730-lean-server-soak-context-rpc-2026-09-29/support/work/B/Proof.lean;anneal-3730-lean-server-soak-context-rpc-2026-09-29/support/probe.py;anneal-3730-lean-server-soak-context-rpc-2026-09-29/support/check.py,anneal-3730-lean-multiminute-restart-resource-soak-2026-09-29,"Direct Lean three-minute guarded one/two/four-file-worker plus conflicting-import workspace ramp: 69 edit/goal checks, reopen/restart/session/reference controls, bidirectional request-ID collision pilot, RSS/footprint and latency samples. Boundary: One host and tiny imports, one watchdog at a time; no hours-long leak inference, unique tree memory, Anneal/MCP topology or full pipeline latency.",anneal-3730-lean-multiminute-restart-resource-soak-2026-09-29/REPORT.md;anneal-3730-lean-multiminute-restart-resource-soak-2026-09-29/support/transcript.json;anneal-3730-lean-multiminute-restart-resource-soak-2026-09-29/support/pilot-id-collision.json;anneal-3730-lean-multiminute-restart-resource-soak-2026-09-29/support/work/A/Proof0.lean;anneal-3730-lean-multiminute-restart-resource-soak-2026-09-29/support/probe.py;anneal-3730-lean-multiminute-restart-resource-soak-2026-09-29/support/check.py,,,,,,,,,,,,,,,,,,,,,
I044,"F. Lean query causality, tactic state, and worker lifetimes",Rich RPC object lifetimes,S/X,"Retain interactive goal/context handles across edits, cancellation, file close, worker restart, and server restart. Test reconnect and expiration handling. Determine which data can be copied into durable results and which must remain explicitly scoped to a live worker/RPC session.",lean-server-tactic-state-v4-30-0-rc2;lean-lsp-old-version-wait-race-v4-30-0-rc2;lean-server-concurrency-experiment-v4-30-0-rc2,,anneal-3730-lean-rpc-lifetimes-v4-30-0-rc2;anneal-3730-server-topology-v4-30-0-rc2,partial,"Direct Lean RPC session across edit/cancel/close/reopen/new server, killed worker, late old transport reply and retained separate-URI old source. Boundary: No ctx dereference/release/expiry or actual Anneal envelope; successful late old response used separate transports. | One direct Lean watchdog versus two on conflicting same-named Dep imports; direct session invalidation after close/reopen and summed RSS. Boundary: No MCP broker, Lake launch matrix, 4/8 document sweep, unique physical memory or delayed internal-worker response.","Measure many real rich RPC references across replacement, release, expiry and generation-specific context; one InfoWithCtx dereferenced after import transition and failed after release/stale session.",anneal-3730-lean-launch-refresh-matrix-v4-30-0-rc2,"Direct/Lake-env/lake-serve same imported-definition matrix: source-only and OLean-only mutations, watcher, existing/new/reopened/fresh worker, batch, six goal positions and unsaved missing-header setup-file controls. Boundary: One direct-import fixture inside Lake workspace; no transitive/option/plugin graph, exact import digest response, rich RPC or real Anneal server.",anneal-3730-lean-transitive-import-rpc-matrix-2026-09-29,"Direct Lean/Lake 4.29 and 4.30-rc2 transitive Base→Mid→Proof old/new/fresh worker, option/macro/plugin transition, actual InfoWithCtx dereference/release/stale session, causally gated duplicate-ID reply ordering. Boundary: One tiny Lake graph and native marker plugin; no Anneal envelope, complete loaded-environment attestation, rich nested tactic matrix or real crash/replacement race.",anneal-3730-lean-transitive-import-rpc-matrix-2026-09-29/support/probe.py;anneal-3730-lean-transitive-import-rpc-matrix-2026-09-29/support/transcript.json;anneal-3730-lean-transitive-import-rpc-matrix-2026-09-29/support/summary.json,anneal-3730-lean-server-soak-context-rpc-2026-09-29,"Direct pinned Lean server handled 24 edits, four close/reopens, restarts, wrong-import sentinel, rich info reference dereference/release and client timeout; sampled processes, RSS and footprint. Boundary: Tiny direct Lean 15-second run; no Anneal broker, Mathlib scale, hours-long leak inference, unique tree memory or proof of cancellation.",anneal-3730-lean-server-soak-context-rpc-2026-09-29/REPORT.md;anneal-3730-lean-server-soak-context-rpc-2026-09-29/support/transcript.json;anneal-3730-lean-server-soak-context-rpc-2026-09-29/support/work/A/Proof.lean;anneal-3730-lean-server-soak-context-rpc-2026-09-29/support/work/B/Proof.lean;anneal-3730-lean-server-soak-context-rpc-2026-09-29/support/probe.py;anneal-3730-lean-server-soak-context-rpc-2026-09-29/support/check.py,anneal-3730-lean-multiminute-restart-resource-soak-2026-09-29,"Direct Lean three-minute guarded one/two/four-file-worker plus conflicting-import workspace ramp: 69 edit/goal checks, reopen/restart/session/reference controls, bidirectional request-ID collision pilot, RSS/footprint and latency samples. Boundary: One host and tiny imports, one watchdog at a time; no hours-long leak inference, unique tree memory, Anneal/MCP topology or full pipeline latency.",anneal-3730-lean-multiminute-restart-resource-soak-2026-09-29/REPORT.md;anneal-3730-lean-multiminute-restart-resource-soak-2026-09-29/support/transcript.json;anneal-3730-lean-multiminute-restart-resource-soak-2026-09-29/support/pilot-id-collision.json;anneal-3730-lean-multiminute-restart-resource-soak-2026-09-29/support/work/A/Proof0.lean;anneal-3730-lean-multiminute-restart-resource-soak-2026-09-29/support/probe.py;anneal-3730-lean-multiminute-restart-resource-soak-2026-09-29/support/check.py,,,,,,,,,,,,,,,,,,,,,
I045,"F. Lean query causality, tactic state, and worker lifetimes",Worker incarnation and request-ID reuse,M/X,"Delay responses while replacing a worker and reusing file versions or transport request numbers. Verify that old responses, notifications, and RPC references cannot enter the new context. Test clean shutdown separately from forced termination and a crashed worker restarted by its supervisor.",lean-server-tactic-state-v4-30-0-rc2;lean-lsp-old-version-wait-race-v4-30-0-rc2;lean-server-concurrency-experiment-v4-30-0-rc2,anneal-3730-lean-protocol-races-v4-30-0-rc2,anneal-3730-lean-rpc-lifetimes-v4-30-0-rc2;anneal-3730-server-topology-v4-30-0-rc2,partial,"Direct Lean RPC session across edit/cancel/close/reopen/new server, killed worker, late old transport reply and retained separate-URI old source. Boundary: No ctx dereference/release/expiry or actual Anneal envelope; successful late old response used separate transports. | One direct Lean watchdog versus two on conflicting same-named Dep imports; direct session invalidation after close/reopen and summed RSS. Boundary: No MCP broker, Lake launch matrix, 4/8 document sweep, unique physical memory or delayed internal-worker response.",Force a successful old response through actual worker crash/replacement on one transport with an explicit ID policy; gated duplicate-ID replies and a separate fresh-server stale-session rejection are narrower.,anneal-3730-identity-state-mutation-model-2026-09-29;anneal-3730-lean-launch-refresh-matrix-v4-30-0-rc2,"Finite 2,710-state/11,060-transition identity model and six two-writer schedules; A-B-A, version reset, alias, worker/RPC replacement and source/artifact decoupling; four forced Python writer runs. Boundary: Symbolic and Python model only; no Anneal, Cargo, Lean, filesystem watcher or actual MCP client. | Direct/Lake-env/lake-serve same imported-definition matrix: source-only and OLean-only mutations, watcher, existing/new/reopened/fresh worker, batch, six goal positions and unsaved missing-header setup-file controls. Boundary: One direct-import fixture inside Lake workspace; no transitive/option/plugin graph, exact import digest response, rich RPC or real Anneal server.",anneal-3730-lean-transitive-import-rpc-matrix-2026-09-29,"Direct Lean/Lake 4.29 and 4.30-rc2 transitive Base→Mid→Proof old/new/fresh worker, option/macro/plugin transition, actual InfoWithCtx dereference/release/stale session, causally gated duplicate-ID reply ordering. Boundary: One tiny Lake graph and native marker plugin; no Anneal envelope, complete loaded-environment attestation, rich nested tactic matrix or real crash/replacement race.",anneal-3730-lean-transitive-import-rpc-matrix-2026-09-29/support/probe.py;anneal-3730-lean-transitive-import-rpc-matrix-2026-09-29/support/transcript.json;anneal-3730-lean-transitive-import-rpc-matrix-2026-09-29/support/summary.json,anneal-3730-lean-server-soak-context-rpc-2026-09-29,"Direct pinned Lean server handled 24 edits, four close/reopens, restarts, wrong-import sentinel, rich info reference dereference/release and client timeout; sampled processes, RSS and footprint. Boundary: Tiny direct Lean 15-second run; no Anneal broker, Mathlib scale, hours-long leak inference, unique tree memory or proof of cancellation.",anneal-3730-lean-server-soak-context-rpc-2026-09-29/REPORT.md;anneal-3730-lean-server-soak-context-rpc-2026-09-29/support/transcript.json;anneal-3730-lean-server-soak-context-rpc-2026-09-29/support/work/A/Proof.lean;anneal-3730-lean-server-soak-context-rpc-2026-09-29/support/work/B/Proof.lean;anneal-3730-lean-server-soak-context-rpc-2026-09-29/support/probe.py;anneal-3730-lean-server-soak-context-rpc-2026-09-29/support/check.py,anneal-3730-lean-multiminute-restart-resource-soak-2026-09-29,"Direct Lean three-minute guarded one/two/four-file-worker plus conflicting-import workspace ramp: 69 edit/goal checks, reopen/restart/session/reference controls, bidirectional request-ID collision pilot, RSS/footprint and latency samples. Boundary: One host and tiny imports, one watchdog at a time; no hours-long leak inference, unique tree memory, Anneal/MCP topology or full pipeline latency.",anneal-3730-lean-multiminute-restart-resource-soak-2026-09-29/REPORT.md;anneal-3730-lean-multiminute-restart-resource-soak-2026-09-29/support/transcript.json;anneal-3730-lean-multiminute-restart-resource-soak-2026-09-29/support/pilot-id-collision.json;anneal-3730-lean-multiminute-restart-resource-soak-2026-09-29/support/work/A/Proof0.lean;anneal-3730-lean-multiminute-restart-resource-soak-2026-09-29/support/probe.py;anneal-3730-lean-multiminute-restart-resource-soak-2026-09-29/support/check.py,,,,,,,,,,,,,,,,,,,,,
I046,"F. Lean query causality, tactic state, and worker lifetimes",Partial and failed elaboration,X,"Place a valid proof before and after unfinished declarations, unknown tactics, timeouts, and recoverable syntax errors. Query reachable positions and inspect diagnostics. Determine what useful state is available without implying that the full module or its intended obligations have been checked.",lean-server-tactic-state-v4-30-0-rc2;lean-lsp-old-version-wait-race-v4-30-0-rc2;lean-server-concurrency-experiment-v4-30-0-rc2,anneal-3730-lean-protocol-races-v4-30-0-rc2,anneal-3730-partial-elaboration-queries-v4-30-0-rc2,complete,"Direct Lean valid declarations around unfinished proof, unknown tactic, heartbeat timeout and recoverable syntax error; goal positions, diagnostics and batch failures. Boundary: No integrated Anneal status; nested/macros/EOF and stronger concurrency not tested. I046 requested direct-Lean fixture is satisfied.","No residual for the requested direct Lean partial-file fixture at this pin: all four named error classes, before/after goals, diagnostics and failing batch status were observed. Product integration is separately tracked in I129/I137.",anneal-3730-lean-launch-refresh-matrix-v4-30-0-rc2,"Direct/Lake-env/lake-serve same imported-definition matrix: source-only and OLean-only mutations, watcher, existing/new/reopened/fresh worker, batch, six goal positions and unsaved missing-header setup-file controls. Boundary: One direct-import fixture inside Lake workspace; no transitive/option/plugin graph, exact import digest response, rich RPC or real Anneal server.",anneal-3730-lean-transitive-import-rpc-matrix-2026-09-29,"Direct Lean/Lake 4.29 and 4.30-rc2 transitive Base→Mid→Proof old/new/fresh worker, option/macro/plugin transition, actual InfoWithCtx dereference/release/stale session, causally gated duplicate-ID reply ordering. Boundary: One tiny Lake graph and native marker plugin; no Anneal envelope, complete loaded-environment attestation, rich nested tactic matrix or real crash/replacement race.",anneal-3730-lean-transitive-import-rpc-matrix-2026-09-29/support/probe.py;anneal-3730-lean-transitive-import-rpc-matrix-2026-09-29/support/transcript.json;anneal-3730-lean-transitive-import-rpc-matrix-2026-09-29/support/summary.json,anneal-3730-lean-server-soak-context-rpc-2026-09-29,"Direct pinned Lean server handled 24 edits, four close/reopens, restarts, wrong-import sentinel, rich info reference dereference/release and client timeout; sampled processes, RSS and footprint. Boundary: Tiny direct Lean 15-second run; no Anneal broker, Mathlib scale, hours-long leak inference, unique tree memory or proof of cancellation.",anneal-3730-lean-server-soak-context-rpc-2026-09-29/REPORT.md;anneal-3730-lean-server-soak-context-rpc-2026-09-29/support/transcript.json;anneal-3730-lean-server-soak-context-rpc-2026-09-29/support/work/A/Proof.lean;anneal-3730-lean-server-soak-context-rpc-2026-09-29/support/work/B/Proof.lean;anneal-3730-lean-server-soak-context-rpc-2026-09-29/support/probe.py;anneal-3730-lean-server-soak-context-rpc-2026-09-29/support/check.py,,,,,,,,,,,,,,,,,,,,,,,,
I047,"F. Lean query causality, tactic state, and worker lifetimes",Historical queries versus latest-only queries,M/X/U,"Compare rejecting superseded requests, retaining old snapshots, and rebuilding a requested revision in isolation. Measure storage and latency, including rapid edits that continually supersede work. Establish explicit semantics for latest-at-start, latest-at-completion, and exact historical requests rather than silently switching among them.",lean-server-tactic-state-v4-30-0-rc2;lean-lsp-old-version-wait-race-v4-30-0-rc2;lean-server-concurrency-experiment-v4-30-0-rc2,anneal-3730-lean-protocol-races-v4-30-0-rc2,anneal-3730-lean-rpc-lifetimes-v4-30-0-rc2,partial,"Direct Lean RPC session across edit/cancel/close/reopen/new server, killed worker, late old transport reply and retained separate-URI old source. Boundary: No ctx dereference/release/expiry or actual Anneal envelope; successful late old response used separate transports.","Measure retained historical-goal storage, latency and expiry after rapid edits; a resident old worker is not an explicit historical-query service.",anneal-3730-lean-launch-refresh-matrix-v4-30-0-rc2,"Direct/Lake-env/lake-serve same imported-definition matrix: source-only and OLean-only mutations, watcher, existing/new/reopened/fresh worker, batch, six goal positions and unsaved missing-header setup-file controls. Boundary: One direct-import fixture inside Lake workspace; no transitive/option/plugin graph, exact import digest response, rich RPC or real Anneal server.",anneal-3730-lean-transitive-import-rpc-matrix-2026-09-29,"Direct Lean/Lake 4.29 and 4.30-rc2 transitive Base→Mid→Proof old/new/fresh worker, option/macro/plugin transition, actual InfoWithCtx dereference/release/stale session, causally gated duplicate-ID reply ordering. Boundary: One tiny Lake graph and native marker plugin; no Anneal envelope, complete loaded-environment attestation, rich nested tactic matrix or real crash/replacement race.",anneal-3730-lean-transitive-import-rpc-matrix-2026-09-29/support/probe.py;anneal-3730-lean-transitive-import-rpc-matrix-2026-09-29/support/transcript.json;anneal-3730-lean-transitive-import-rpc-matrix-2026-09-29/support/summary.json,anneal-3730-lean-server-soak-context-rpc-2026-09-29,"Direct pinned Lean server handled 24 edits, four close/reopens, restarts, wrong-import sentinel, rich info reference dereference/release and client timeout; sampled processes, RSS and footprint. Boundary: Tiny direct Lean 15-second run; no Anneal broker, Mathlib scale, hours-long leak inference, unique tree memory or proof of cancellation.",anneal-3730-lean-server-soak-context-rpc-2026-09-29/REPORT.md;anneal-3730-lean-server-soak-context-rpc-2026-09-29/support/transcript.json;anneal-3730-lean-server-soak-context-rpc-2026-09-29/support/work/A/Proof.lean;anneal-3730-lean-server-soak-context-rpc-2026-09-29/support/work/B/Proof.lean;anneal-3730-lean-server-soak-context-rpc-2026-09-29/support/probe.py;anneal-3730-lean-server-soak-context-rpc-2026-09-29/support/check.py,anneal-3730-lean-multiminute-restart-resource-soak-2026-09-29,"Direct Lean three-minute guarded one/two/four-file-worker plus conflicting-import workspace ramp: 69 edit/goal checks, reopen/restart/session/reference controls, bidirectional request-ID collision pilot, RSS/footprint and latency samples. Boundary: One host and tiny imports, one watchdog at a time; no hours-long leak inference, unique tree memory, Anneal/MCP topology or full pipeline latency.",anneal-3730-lean-multiminute-restart-resource-soak-2026-09-29/REPORT.md;anneal-3730-lean-multiminute-restart-resource-soak-2026-09-29/support/transcript.json;anneal-3730-lean-multiminute-restart-resource-soak-2026-09-29/support/pilot-id-collision.json;anneal-3730-lean-multiminute-restart-resource-soak-2026-09-29/support/work/A/Proof0.lean;anneal-3730-lean-multiminute-restart-resource-soak-2026-09-29/support/probe.py;anneal-3730-lean-multiminute-restart-resource-soak-2026-09-29/support/check.py,,,,,,,,,,,,,,,,,,,,,
I048,"F. Lean query causality, tactic state, and worker lifetimes",Imported-environment attestation,S/X,"Determine what a worker can report about loaded module artifacts, options, plugins, and build identities. Compare explicit instrumentation with a fresh-worker construction whose inputs are controlled. Show how Anneal could establish the actual environment used, not just store an intended generation tag beside the response.",lean-server-tactic-state-v4-30-0-rc2;lean-lsp-old-version-wait-race-v4-30-0-rc2;lean-server-concurrency-experiment-v4-30-0-rc2,anneal-3730-lean-protocol-import-deletion-v4-30-0-rc2,,partial,,"Expose worker-reported complete loaded OLean/options/plugin/source identity for a real project; setup-file paths, hashes, option diagnostic and initializer marker do not form an attestation API.",anneal-3730-lean-launch-refresh-matrix-v4-30-0-rc2,"Direct/Lake-env/lake-serve same imported-definition matrix: source-only and OLean-only mutations, watcher, existing/new/reopened/fresh worker, batch, six goal positions and unsaved missing-header setup-file controls. Boundary: One direct-import fixture inside Lake workspace; no transitive/option/plugin graph, exact import digest response, rich RPC or real Anneal server.",anneal-3730-lean-transitive-import-rpc-matrix-2026-09-29,"Direct Lean/Lake 4.29 and 4.30-rc2 transitive Base→Mid→Proof old/new/fresh worker, option/macro/plugin transition, actual InfoWithCtx dereference/release/stale session, causally gated duplicate-ID reply ordering. Boundary: One tiny Lake graph and native marker plugin; no Anneal envelope, complete loaded-environment attestation, rich nested tactic matrix or real crash/replacement race.",anneal-3730-lean-transitive-import-rpc-matrix-2026-09-29/support/probe.py;anneal-3730-lean-transitive-import-rpc-matrix-2026-09-29/support/transcript.json;anneal-3730-lean-transitive-import-rpc-matrix-2026-09-29/support/summary.json,anneal-3730-lean-server-soak-context-rpc-2026-09-29,"Direct pinned Lean server handled 24 edits, four close/reopens, restarts, wrong-import sentinel, rich info reference dereference/release and client timeout; sampled processes, RSS and footprint. Boundary: Tiny direct Lean 15-second run; no Anneal broker, Mathlib scale, hours-long leak inference, unique tree memory or proof of cancellation.",anneal-3730-lean-server-soak-context-rpc-2026-09-29/REPORT.md;anneal-3730-lean-server-soak-context-rpc-2026-09-29/support/transcript.json;anneal-3730-lean-server-soak-context-rpc-2026-09-29/support/work/A/Proof.lean;anneal-3730-lean-server-soak-context-rpc-2026-09-29/support/work/B/Proof.lean;anneal-3730-lean-server-soak-context-rpc-2026-09-29/support/probe.py;anneal-3730-lean-server-soak-context-rpc-2026-09-29/support/check.py,,,,,,,,,,,,,,,,,,,,,,,,
I049,G. Model generations and imported-environment transitions,Refresh matrix across server launch modes,S/X,"Repeat the imported-definition counterexample under `lake serve`, `lake env lean --server`, and explicitly prepared direct Lean where supported. Compare watcher notifications, reopen, file-worker restart, and whole-server restart. Preserve which reset actually restores agreement with a fresh batch check.",anneal-v1-interactive-dependency-invalidation-2026-09-28;anneal-interactive-pipeline-invalidation-graph-main-41f5b37,anneal-3730-lean-protocol-import-deletion-v4-30-0-rc2,,complete,,"No residual for the requested three-mode direct Lean imported-definition counterexample at v4.30.0-rc2: watcher, old/new/reopened/fresh workers and fresh batch were compared. Wider graphs and product use remain I050/I048/I157.",anneal-3730-lean-launch-refresh-matrix-v4-30-0-rc2,"Direct/Lake-env/lake-serve same imported-definition matrix: source-only and OLean-only mutations, watcher, existing/new/reopened/fresh worker, batch, six goal positions and unsaved missing-header setup-file controls. Boundary: One direct-import fixture inside Lake workspace; no transitive/option/plugin graph, exact import digest response, rich RPC or real Anneal server.",anneal-3730-lean-transitive-import-rpc-matrix-2026-09-29,"Direct Lean/Lake 4.29 and 4.30-rc2 transitive Base→Mid→Proof old/new/fresh worker, option/macro/plugin transition, actual InfoWithCtx dereference/release/stale session, causally gated duplicate-ID reply ordering. Boundary: One tiny Lake graph and native marker plugin; no Anneal envelope, complete loaded-environment attestation, rich nested tactic matrix or real crash/replacement race.",anneal-3730-lean-transitive-import-rpc-matrix-2026-09-29/support/probe.py;anneal-3730-lean-transitive-import-rpc-matrix-2026-09-29/support/transcript.json;anneal-3730-lean-transitive-import-rpc-matrix-2026-09-29/support/summary.json,anneal-3730-lean-server-soak-context-rpc-2026-09-29,"Direct pinned Lean server handled 24 edits, four close/reopens, restarts, wrong-import sentinel, rich info reference dereference/release and client timeout; sampled processes, RSS and footprint. Boundary: Tiny direct Lean 15-second run; no Anneal broker, Mathlib scale, hours-long leak inference, unique tree memory or proof of cancellation.",anneal-3730-lean-server-soak-context-rpc-2026-09-29/REPORT.md;anneal-3730-lean-server-soak-context-rpc-2026-09-29/support/transcript.json;anneal-3730-lean-server-soak-context-rpc-2026-09-29/support/work/A/Proof.lean;anneal-3730-lean-server-soak-context-rpc-2026-09-29/support/work/B/Proof.lean;anneal-3730-lean-server-soak-context-rpc-2026-09-29/support/probe.py;anneal-3730-lean-server-soak-context-rpc-2026-09-29/support/check.py,,,,,,,,,,,,,,,,,,,,,,,,
I050,G. Model generations and imported-environment transitions,"Transitive imports, plugins, and option changes",X,"Change a transitive theorem/model, package configuration, server option, macro extension, or native plugin without editing the open proof. Test invalidation and reload boundaries separately. Determine when refreshing one file is sufficient and when process-global state requires a larger restart.",anneal-v1-interactive-dependency-invalidation-2026-09-28;anneal-interactive-pipeline-invalidation-graph-main-41f5b37,anneal-3730-lean-protocol-import-deletion-v4-30-0-rc2,,partial,,R33 showed an external Lean model OLean change and old/new worker divergence with fixed Aeneas text; broader typeclass/notation/plugin/option and generated-import invalidation in an Anneal server remains untested.,anneal-3730-lake-plugin-artifact-identity-v4-30-0-rc2;anneal-3730-lean-launch-refresh-matrix-v4-30-0-rc2,"Pinned Lean/Lake direct batch/no-build and live plugin fixture: missing OLean/ILean/C/dylib by operation, dylib v1/v2 replacement, existing/new worker split and initializer mismatch crash. Boundary: Tiny explicit plugin; no general ABI equivalence, all search paths, generated Anneal archive or complete interactive operation inventory. | Direct/Lake-env/lake-serve same imported-definition matrix: source-only and OLean-only mutations, watcher, existing/new/reopened/fresh worker, batch, six goal positions and unsaved missing-header setup-file controls. Boundary: One direct-import fixture inside Lake workspace; no transitive/option/plugin graph, exact import digest response, rich RPC or real Anneal server.",anneal-3730-lean-transitive-import-rpc-matrix-2026-09-29,"Direct Lean/Lake 4.29 and 4.30-rc2 transitive Base→Mid→Proof old/new/fresh worker, option/macro/plugin transition, actual InfoWithCtx dereference/release/stale session, causally gated duplicate-ID reply ordering. Boundary: One tiny Lake graph and native marker plugin; no Anneal envelope, complete loaded-environment attestation, rich nested tactic matrix or real crash/replacement race.",anneal-3730-lean-transitive-import-rpc-matrix-2026-09-29/support/probe.py;anneal-3730-lean-transitive-import-rpc-matrix-2026-09-29/support/transcript.json;anneal-3730-lean-transitive-import-rpc-matrix-2026-09-29/support/summary.json,anneal-3730-lean-server-soak-context-rpc-2026-09-29,"Direct pinned Lean server handled 24 edits, four close/reopens, restarts, wrong-import sentinel, rich info reference dereference/release and client timeout; sampled processes, RSS and footprint. Boundary: Tiny direct Lean 15-second run; no Anneal broker, Mathlib scale, hours-long leak inference, unique tree memory or proof of cancellation.",anneal-3730-lean-server-soak-context-rpc-2026-09-29/REPORT.md;anneal-3730-lean-server-soak-context-rpc-2026-09-29/support/transcript.json;anneal-3730-lean-server-soak-context-rpc-2026-09-29/support/work/A/Proof.lean;anneal-3730-lean-server-soak-context-rpc-2026-09-29/support/work/B/Proof.lean;anneal-3730-lean-server-soak-context-rpc-2026-09-29/support/probe.py;anneal-3730-lean-server-soak-context-rpc-2026-09-29/support/check.py,,,,,,,,,,,,,,,,anneal-3730-external-model-without-codegen-change-2026-09-29,"Pinned Charon→one-shot Aeneas output for one extern Rust call stayed byte-identical while an experiment-owned external Lean model changed among correct, wrong, axiom and missing variants. Fresh batch proof/axiom results changed; forced stale OLean accepted the wrong source, and an old Lean file worker retained prior import state after rebuild while a fresh one rejected it. Boundary: External Lean source model, not compiled Aeneas registry; tiny extern and manually wired proof, no Anneal cache or full option/version matrix.",anneal-3730-external-model-without-codegen-change-2026-09-29/REPORT.md;anneal-3730-external-model-without-codegen-change-2026-09-29/support/results.json;anneal-3730-external-model-without-codegen-change-2026-09-29/support/probe.py;anneal-3730-external-model-without-codegen-change-2026-09-29/support/check.py,,,,,,
I051,G. Model generations and imported-environment transitions,Complete-generation publication,M/X,"Regenerate several interdependent Lean modules and compiled artifact families while readers run. Pause after each write. Compare immutable generation directories, staged publication, and coordinated in-place replacement. Require readers to use a complete old or new generation, never a mixture presented as current.",anneal-v1-interactive-dependency-invalidation-2026-09-28;anneal-interactive-pipeline-invalidation-graph-main-41f5b37,,anneal-3730-generation-recovery-2026-09-29,partial,"Direct filesystem/process fixture with nine SIGKILL phases, multi-file staging, late completion, locks/GC/restart and reconciliation. Boundary: Synthetic backend and tiny files; not actual Cargo/Charon/Aeneas/Lake/Lean process groups or crash-durable product state.","Repeat multi-file staged publication with actual generated Lean/LLBC/OLean artifact family, paused readers and crash recovery; new direct filesystem fixture is synthetic.",,,,,,,,,,,,,,,,,,,,,,,,,,,,,,,,
I052,G. Model generations and imported-environment transitions,Preparation at permanent paths,X,"Compare building at a final unpublished location with building elsewhere and relocating at publication. Include manifests, traces, module setup, native search paths, and retained workers. Identify every location-bearing input; atomic rename alone must not be treated as proof that prepared state remains valid.",anneal-v1-interactive-dependency-invalidation-2026-09-28;anneal-interactive-pipeline-invalidation-graph-main-41f5b37,,anneal-3730-generation-recovery-2026-09-29,partial,"Direct filesystem/process fixture with nine SIGKILL phases, multi-file staging, late completion, locks/GC/restart and reconciliation. Boundary: Synthetic backend and tiny files; not actual Cargo/Charon/Aeneas/Lake/Lean process groups or crash-durable product state.","Prepare final versus moved Lake/Anneal generations across manifests, traces, setup, native libraries and retained workers; the synthetic rename and small Lake relocation cover subsets.",,,,,,,,,,,,,,,,,,,,,,,,,,,,,,,,
I053,G. Model generations and imported-environment transitions,Obsolete generation completing late,M/X,"Start generation A, supersede it with B, then let A finish after B publishes. Exercise generated sources, compiled artifacts, diagnostics, and cache insertion independently. Establish where obsolete output may be retained for reuse and where it must be barred from current workspace state.",anneal-v1-interactive-dependency-invalidation-2026-09-28;anneal-interactive-pipeline-invalidation-graph-main-41f5b37,,anneal-3730-generation-recovery-2026-09-29,partial,"Direct filesystem/process fixture with nine SIGKILL phases, multi-file staging, late completion, locks/GC/restart and reconciliation. Boundary: Synthetic backend and tiny files; not actual Cargo/Charon/Aeneas/Lake/Lean process groups or crash-durable product state.","Causally late Charon/Aeneas/Lake/Lean outputs tested separately for source, compiled artifacts, diagnostics and cache insertion, beyond synthetic child/stale-pointer fence.",,,,,,,,,,,,,,,,,,,,,,,,,,,,,,,,
I054,G. Model generations and imported-environment transitions,Failed generation and explicit fallback,X/U,"Fail extraction, translation, compilation, or server preparation after a previous successful generation. Test rollback and continued interaction against the old environment. Require visible model identity and failure status; last-known-good proof feedback must not silently become a current verification result.",anneal-v1-interactive-dependency-invalidation-2026-09-28;anneal-interactive-pipeline-invalidation-graph-main-41f5b37,anneal-3730-lean-protocol-import-deletion-v4-30-0-rc2,anneal-3730-generation-recovery-2026-09-29,partial,"Direct filesystem/process fixture with nine SIGKILL phases, multi-file staging, late completion, locks/GC/restart and reconciliation. Boundary: Synthetic backend and tiny files; not actual Cargo/Charon/Aeneas/Lake/Lean process groups or crash-durable product state.","Fail real extraction, translation, build and server stages with visible last-good/provisional state and rollback; the new kill matrix uses synthetic stages.",,,,,,,,,,,,,,,,,,,,,,,,,,,,,,,,
I055,G. Model generations and imported-environment transitions,"Deletions, renames, and output-set shrinkage",X,"Remove a Rust item, generated Lean module, import, or obligation and rebuild. Test that obsolete files/artifacts are absent from the selected generation and cannot satisfy resolution accidentally. Include module names reused for different subjects and skipped outputs after partial translator failure.",anneal-v1-interactive-dependency-invalidation-2026-09-28;anneal-interactive-pipeline-invalidation-graph-main-41f5b37,anneal-3730-cross-tool-provenance-2026-09-29;anneal-3730-lean-protocol-import-deletion-v4-30-0-rc2,anneal-3730-generation-recovery-2026-09-29,partial,"Direct filesystem/process fixture with nine SIGKILL phases, multi-file staging, late completion, locks/GC/restart and reconciliation. Boundary: Synthetic backend and tiny files; not actual Cargo/Charon/Aeneas/Lake/Lean process groups or crash-durable product state.",Shrink and delete a selected real Aeneas/Lean output/obligation set with reused names and fresh verifier; synthetic tree and one-shot Aeneas clean oracle are narrower.,,,,,,,,,,,,,,,,,,,,,,,,,,,,,,,,
I056,G. Model generations and imported-environment transitions,Proof/model change dependency granularity,M/X,"Separate proof-body edits, theorem-statement edits, exported helper changes, generated-definition changes, and model/assumption changes. Compare conservative rebuilds with finer dependency tracking. Determine which results can remain valid and which contexts must restart, including changes that leave generated filenames unchanged.",anneal-v1-interactive-dependency-invalidation-2026-09-28;anneal-interactive-pipeline-invalidation-graph-main-41f5b37,,,partial,,Proof-body/statement/helper/model ablation and sound incremental reuse boundaries on real Lean imports.,,,,,,,,,,,,,,,,,,,,,,,,,,,,,,,,
I057,H. Editor integration and LSP routing,Rust and embedded Lean server coexistence,S/X,"Prototype editor-extension routing, an LSP proxy, and separate servers where supported. Exercise completion, diagnostics, hover, and cancellation inside and outside annotations. Determine the minimum client integration and ensure ordinary Rust features neither disappear nor act on the wrong embedded language.",lsp-proof-assistant-architecture-2026-09-27;lean-mcp-implementations-2026-09-27,anneal-3730-editor-mcp-shadow-authority-v4-30-0-rc2,anneal-3730-multiclient-editor-contract-2026-09-29,partial,"One direct Lean stdio connection plus two logical local clients: unsaved source, versioned goal/diagnostics, CAS retry, dropped local event/poll, restart/rename and direct cancellation. Boundary: No actual MCP transport, editor extension, separate clients, diagnostic multiplexing or real Anneal bridge.","Editor extension, LSP proxy, and separate-server prototypes for both Rust and embedded Lean features.",,,,,,,,,,,,,,,,,,,,,,,,,,,,,,,,
I058,H. Editor integration and LSP routing,Diagnostic multiplexing and stale clearing,S/X,"Merge rustc/Charon/Aeneas/Lean diagnostics under distinct origins and revisions. Exercise push/pull clients, empty updates, renamed files, and superseded runs. Confirm that clearing one producer's diagnostics neither removes another's errors nor leaves an old success/error displayed as current.",lsp-proof-assistant-architecture-2026-09-27;lean-mcp-implementations-2026-09-27,anneal-3730-editor-mcp-shadow-authority-v4-30-0-rc2,anneal-3730-multiclient-editor-contract-2026-09-29,partial,"One direct Lean stdio connection plus two logical local clients: unsaved source, versioned goal/diagnostics, CAS retry, dropped local event/poll, restart/rename and direct cancellation. Boundary: No actual MCP transport, editor extension, separate clients, diagnostic multiplexing or real Anneal bridge.",Push/pull diagnostic multiplexing with rustc/Charon/Aeneas/Lean origins and stale clearing across rename.,,,,,,,,,,,,,,,,,,,,,,,,,,,,,,,,
I059,H. Editor integration and LSP routing,"Hover, navigation, and semantic tokens",S/X,"Map Lean definitions, references, goal-related spans, and tokens into annotations or read-only generated views. Test navigation into imported models and source unavailable locally. Preserve exact versus approximate origins and prevent generated code from masquerading as editable Rust source.",lsp-proof-assistant-architecture-2026-09-27;lean-mcp-implementations-2026-09-27,,,partial,,"Map Lean hover, definition/references, semantic tokens, signature and inlay responses from generated Lean to authored Rust, including missing imported source; R18 acquired direct cross-file Lean responses only.",,,anneal-3730-source-owned-projection-diagnostic-matrix-2026-09-29,"Pinned rustc/Charon/Aeneas/Lean source→model→proof specimen, actual compiler and batch/LSP diagnostics, Unicode coordinates; illustrative source-owned doc-comment map and two-range patch rejects; source range deleted while live version-1 diagnostic pending. Boundary: The ///| projection and edit gate are invented, not Anneal; no actual editor UI, client encoding negotiation, rich InfoView, rename/WorkspaceEdit or production batch/live generator. I061 has no new evidence.",anneal-3730-source-owned-projection-diagnostic-matrix-2026-09-29/support/probe.py;anneal-3730-source-owned-projection-diagnostic-matrix-2026-09-29/support/results.json;anneal-3730-source-owned-projection-diagnostic-matrix-2026-09-29/support/source.rs;anneal-3730-source-owned-projection-diagnostic-matrix-2026-09-29/support/artifacts/source.llbc,anneal-3730-lean-lsp-projection-code-actions-2026-09-29,"Two pinned Lean LSP sessions tested UTF-16 diagnostic after astral Unicode, hover, 223 completion items and empty quick-fix response; 500-edits/64-line seeded illustrative projection model exercised stale/cross-segment rejects. Boundary: Direct Lean and synthetic Python source map only; no Rust-hosted projection, actual completion edit application, rename/navigation/tokens/InfoView or editor client.",anneal-3730-lean-lsp-projection-code-actions-2026-09-29/REPORT.md;anneal-3730-lean-lsp-projection-code-actions-2026-09-29/support/lsp-transcript.json;anneal-3730-lean-lsp-projection-code-actions-2026-09-29/support/projection-stream.json;anneal-3730-lean-lsp-projection-code-actions-2026-09-29/support/Unicode.lean;anneal-3730-lean-lsp-projection-code-actions-2026-09-29/support/lsp_probe.py;anneal-3730-lean-lsp-projection-code-actions-2026-09-29/support/projection_model.py;anneal-3730-lean-lsp-projection-code-actions-2026-09-29/support/verify.py,anneal-3730-lean-lsp-navigation-edit-operations-2026-09-29,"Pinned direct Lean LSP returned definition/references, same-file rename WorkspaceEdit, semantic tokens, completion resolve without textEdit, and empty quick fix; applied rename plus labelled client completion fallback batch-checked, then replayed in an illustrative projection model. Boundary: No Rust-hosted Anneal map, cross-file rename, nonempty code action, server-authored completion edit, actual editor adapter or save/watch loop.",anneal-3730-lean-lsp-navigation-edit-operations-2026-09-29/REPORT.md;anneal-3730-lean-lsp-navigation-edit-operations-2026-09-29/support/transcript.json;anneal-3730-lean-lsp-navigation-edit-operations-2026-09-29/support/Applied.lean;anneal-3730-lean-lsp-navigation-edit-operations-2026-09-29/support/projection-replay.json;anneal-3730-lean-lsp-navigation-edit-operations-2026-09-29/support/probe.py;anneal-3730-lean-lsp-navigation-edit-operations-2026-09-29/support/projection_replay.py;anneal-3730-lean-lsp-navigation-edit-operations-2026-09-29/support/verify.py,anneal-3730-lean-lsp-multifile-actions-hints-2026-09-29,"Pinned Lean LSP with LEAN_SRC_PATH returned two-file rename, cross-file references, nonempty versioned import quick fix, signature help, inlay hint and completion label; returned rename/action/inlay edits were applied in isolated branches and fresh batch checked. Boundary: No Anneal Rust projection or editor transaction; completion edit was client-selected, rename WorkspaceEdit lacked versions, and stale preimage/version guards were harness policy.",anneal-3730-lean-lsp-multifile-actions-hints-2026-09-29/REPORT.md;anneal-3730-lean-lsp-multifile-actions-hints-2026-09-29/support/transcript.json;anneal-3730-lean-lsp-multifile-actions-hints-2026-09-29/support/applied-results.json;anneal-3730-lean-lsp-multifile-actions-hints-2026-09-29/support/applied/rename-Helper.lean;anneal-3730-lean-lsp-multifile-actions-hints-2026-09-29/support/applied/action-Action.lean;anneal-3730-lean-lsp-multifile-actions-hints-2026-09-29/support/probe.py;anneal-3730-lean-lsp-multifile-actions-hints-2026-09-29/support/apply_returns.py;anneal-3730-lean-lsp-multifile-actions-hints-2026-09-29/support/verify.py,,,,,,,,,,,,,,,,,,
I060,H. Editor integration and LSP routing,Rename and cross-file workspace edits,S/X,"Rename Lean helpers used across annotations and external proof files while Rust symbols remain unchanged. Test multi-file preconditions, resource operations, and partial client support. Determine whether routing can preserve atomic intent or must reject a rename whose generated or ambiguous portions cannot be edited safely.",lsp-proof-assistant-architecture-2026-09-27;lean-mcp-implementations-2026-09-27,,,partial,,Apply two-file Lean rename through an Anneal Rust projection and real editor transaction while protecting Rust symbols and handling partial client capabilities; R18 direct Lean batch-checked returned edits with harness preimage guards.,,,anneal-3730-source-owned-projection-diagnostic-matrix-2026-09-29,"Pinned rustc/Charon/Aeneas/Lean source→model→proof specimen, actual compiler and batch/LSP diagnostics, Unicode coordinates; illustrative source-owned doc-comment map and two-range patch rejects; source range deleted while live version-1 diagnostic pending. Boundary: The ///| projection and edit gate are invented, not Anneal; no actual editor UI, client encoding negotiation, rich InfoView, rename/WorkspaceEdit or production batch/live generator. I061 has no new evidence.",anneal-3730-source-owned-projection-diagnostic-matrix-2026-09-29/support/probe.py;anneal-3730-source-owned-projection-diagnostic-matrix-2026-09-29/support/results.json;anneal-3730-source-owned-projection-diagnostic-matrix-2026-09-29/support/source.rs;anneal-3730-source-owned-projection-diagnostic-matrix-2026-09-29/support/artifacts/source.llbc,,,,anneal-3730-lean-lsp-navigation-edit-operations-2026-09-29,"Pinned direct Lean LSP returned definition/references, same-file rename WorkspaceEdit, semantic tokens, completion resolve without textEdit, and empty quick fix; applied rename plus labelled client completion fallback batch-checked, then replayed in an illustrative projection model. Boundary: No Rust-hosted Anneal map, cross-file rename, nonempty code action, server-authored completion edit, actual editor adapter or save/watch loop.",anneal-3730-lean-lsp-navigation-edit-operations-2026-09-29/REPORT.md;anneal-3730-lean-lsp-navigation-edit-operations-2026-09-29/support/transcript.json;anneal-3730-lean-lsp-navigation-edit-operations-2026-09-29/support/Applied.lean;anneal-3730-lean-lsp-navigation-edit-operations-2026-09-29/support/projection-replay.json;anneal-3730-lean-lsp-navigation-edit-operations-2026-09-29/support/probe.py;anneal-3730-lean-lsp-navigation-edit-operations-2026-09-29/support/projection_replay.py;anneal-3730-lean-lsp-navigation-edit-operations-2026-09-29/support/verify.py,anneal-3730-lean-lsp-multifile-actions-hints-2026-09-29,"Pinned Lean LSP with LEAN_SRC_PATH returned two-file rename, cross-file references, nonempty versioned import quick fix, signature help, inlay hint and completion label; returned rename/action/inlay edits were applied in isolated branches and fresh batch checked. Boundary: No Anneal Rust projection or editor transaction; completion edit was client-selected, rename WorkspaceEdit lacked versions, and stale preimage/version guards were harness policy.",anneal-3730-lean-lsp-multifile-actions-hints-2026-09-29/REPORT.md;anneal-3730-lean-lsp-multifile-actions-hints-2026-09-29/support/transcript.json;anneal-3730-lean-lsp-multifile-actions-hints-2026-09-29/support/applied-results.json;anneal-3730-lean-lsp-multifile-actions-hints-2026-09-29/support/applied/rename-Helper.lean;anneal-3730-lean-lsp-multifile-actions-hints-2026-09-29/support/applied/action-Action.lean;anneal-3730-lean-lsp-multifile-actions-hints-2026-09-29/support/probe.py;anneal-3730-lean-lsp-multifile-actions-hints-2026-09-29/support/apply_returns.py;anneal-3730-lean-lsp-multifile-actions-hints-2026-09-29/support/verify.py,,,,,,,,,,,,,,,,,,
I061,H. Editor integration and LSP routing,Lean InfoView and RPC integration,S/X,"Test whether the existing InfoView can display goals for projected Rust positions, including RPC sessions, widgets, hyperlinks, and reconnects. Compare extension glue with a minimal Anneal view. Identify capabilities lost through simple text-goal forwarding and distinguish required proof interaction from optional rich UI.",lsp-proof-assistant-architecture-2026-09-27;lean-mcp-implementations-2026-09-27,,,partial,,"The I061 local Rust-marker projection mapped byte/UTF-16 positions into direct Lean plainGoal, rich RPC, definition/references/hover; close/reopen and process restart invalidated old sessions. Still test real InfoView UI/widgets/hyperlinks, Anneal projection ownership/transport and actual editor reconnect.",,,,,,,,,,,,,,,,,,,,,anneal-3730-rust-to-lean-infoview-reconnect-2026-09-29,"A tiny valid Rust host with Lean-comment markers was mapped by local Python byte/UTF-16 projection to direct Lean LSP plainGoal, RPC interactive goals, definition/references and hover; close/reopen and server-restart controls rejected old sessions and restored fresh structured goals. Boundary: No actual InfoView UI, editor transport, widgets/hyperlinks or Anneal annotation ownership/projection; local harness opened source snippets itself.",anneal-3730-rust-to-lean-infoview-reconnect-2026-09-29/REPORT.md;anneal-3730-rust-to-lean-infoview-reconnect-2026-09-29/support/results.json;anneal-3730-rust-to-lean-infoview-reconnect-2026-09-29/support/work/host.rs;anneal-3730-rust-to-lean-infoview-reconnect-2026-09-29/support/work/Projected.lean;anneal-3730-rust-to-lean-infoview-reconnect-2026-09-29/support/probe.py;anneal-3730-rust-to-lean-infoview-reconnect-2026-09-29/support/check.py,,,,,,,,,
I062,H. Editor integration and LSP routing,Position encodings and client capability negotiation,S/X,"Exercise supported LSP encodings, full/incremental synchronization, document versions, and feature negotiation across representative clients. Translate coordinates at explicit boundaries. Reject unsupported combinations clearly instead of assuming every client and internal API uses Lean's preferred coordinate representation.",lsp-proof-assistant-architecture-2026-09-27;lean-mcp-implementations-2026-09-27,anneal-3730-editor-mcp-shadow-authority-v4-30-0-rc2,anneal-3730-multiclient-editor-contract-2026-09-29,partial,"One direct Lean stdio connection plus two logical local clients: unsaved source, versioned goal/diagnostics, CAS retry, dropped local event/poll, restart/rename and direct cancellation. Boundary: No actual MCP transport, editor extension, separate clients, diagnostic multiplexing or real Anneal bridge.","Test representative editor clients negotiating UTF-8/UTF-16, sync/version and feature fallbacks through Rust-hosted projection; R18 offered capabilities and enforced one versioned action in a harness, without real clients.",,,anneal-3730-source-owned-projection-diagnostic-matrix-2026-09-29,"Pinned rustc/Charon/Aeneas/Lean source→model→proof specimen, actual compiler and batch/LSP diagnostics, Unicode coordinates; illustrative source-owned doc-comment map and two-range patch rejects; source range deleted while live version-1 diagnostic pending. Boundary: The ///| projection and edit gate are invented, not Anneal; no actual editor UI, client encoding negotiation, rich InfoView, rename/WorkspaceEdit or production batch/live generator. I061 has no new evidence.",anneal-3730-source-owned-projection-diagnostic-matrix-2026-09-29/support/probe.py;anneal-3730-source-owned-projection-diagnostic-matrix-2026-09-29/support/results.json;anneal-3730-source-owned-projection-diagnostic-matrix-2026-09-29/support/source.rs;anneal-3730-source-owned-projection-diagnostic-matrix-2026-09-29/support/artifacts/source.llbc,anneal-3730-lean-lsp-projection-code-actions-2026-09-29,"Two pinned Lean LSP sessions tested UTF-16 diagnostic after astral Unicode, hover, 223 completion items and empty quick-fix response; 500-edits/64-line seeded illustrative projection model exercised stale/cross-segment rejects. Boundary: Direct Lean and synthetic Python source map only; no Rust-hosted projection, actual completion edit application, rename/navigation/tokens/InfoView or editor client.",anneal-3730-lean-lsp-projection-code-actions-2026-09-29/REPORT.md;anneal-3730-lean-lsp-projection-code-actions-2026-09-29/support/lsp-transcript.json;anneal-3730-lean-lsp-projection-code-actions-2026-09-29/support/projection-stream.json;anneal-3730-lean-lsp-projection-code-actions-2026-09-29/support/Unicode.lean;anneal-3730-lean-lsp-projection-code-actions-2026-09-29/support/lsp_probe.py;anneal-3730-lean-lsp-projection-code-actions-2026-09-29/support/projection_model.py;anneal-3730-lean-lsp-projection-code-actions-2026-09-29/support/verify.py,anneal-3730-lean-lsp-navigation-edit-operations-2026-09-29,"Pinned direct Lean LSP returned definition/references, same-file rename WorkspaceEdit, semantic tokens, completion resolve without textEdit, and empty quick fix; applied rename plus labelled client completion fallback batch-checked, then replayed in an illustrative projection model. Boundary: No Rust-hosted Anneal map, cross-file rename, nonempty code action, server-authored completion edit, actual editor adapter or save/watch loop.",anneal-3730-lean-lsp-navigation-edit-operations-2026-09-29/REPORT.md;anneal-3730-lean-lsp-navigation-edit-operations-2026-09-29/support/transcript.json;anneal-3730-lean-lsp-navigation-edit-operations-2026-09-29/support/Applied.lean;anneal-3730-lean-lsp-navigation-edit-operations-2026-09-29/support/projection-replay.json;anneal-3730-lean-lsp-navigation-edit-operations-2026-09-29/support/probe.py;anneal-3730-lean-lsp-navigation-edit-operations-2026-09-29/support/projection_replay.py;anneal-3730-lean-lsp-navigation-edit-operations-2026-09-29/support/verify.py,anneal-3730-lean-lsp-multifile-actions-hints-2026-09-29,"Pinned Lean LSP with LEAN_SRC_PATH returned two-file rename, cross-file references, nonempty versioned import quick fix, signature help, inlay hint and completion label; returned rename/action/inlay edits were applied in isolated branches and fresh batch checked. Boundary: No Anneal Rust projection or editor transaction; completion edit was client-selected, rename WorkspaceEdit lacked versions, and stale preimage/version guards were harness policy.",anneal-3730-lean-lsp-multifile-actions-hints-2026-09-29/REPORT.md;anneal-3730-lean-lsp-multifile-actions-hints-2026-09-29/support/transcript.json;anneal-3730-lean-lsp-multifile-actions-hints-2026-09-29/support/applied-results.json;anneal-3730-lean-lsp-multifile-actions-hints-2026-09-29/support/applied/rename-Helper.lean;anneal-3730-lean-lsp-multifile-actions-hints-2026-09-29/support/applied/action-Action.lean;anneal-3730-lean-lsp-multifile-actions-hints-2026-09-29/support/probe.py;anneal-3730-lean-lsp-multifile-actions-hints-2026-09-29/support/apply_returns.py;anneal-3730-lean-lsp-multifile-actions-hints-2026-09-29/support/verify.py,,,,,,,,,,,,,,,,,,
I063,H. Editor integration and LSP routing,Editor save/build/format interactions,X,"Trigger autosave, format-on-save, file watching, generated-output notifications, and background builds during proof editing. Detect loops, duplicate work, lost edits, and spuriously dirty buffers. Determine which events Anneal should emit and which must remain internal derived-state changes.",lsp-proof-assistant-architecture-2026-09-27;lean-mcp-implementations-2026-09-27,,,partial,,"The I063 direct Lean LSP plus Python hash-poll watcher covered dirty buffer versus disk, failing save, external overwrite, reopen, real rustfmt marker stability, duplicate suppression, formatting, cancellation and retry. Still test actual editor and Anneal watcher/generator event ordering, multi-client ownership, mapped generated files and user-visible diagnostics.",,,anneal-3730-source-owned-projection-diagnostic-matrix-2026-09-29,"Pinned rustc/Charon/Aeneas/Lean source→model→proof specimen, actual compiler and batch/LSP diagnostics, Unicode coordinates; illustrative source-owned doc-comment map and two-range patch rejects; source range deleted while live version-1 diagnostic pending. Boundary: The ///| projection and edit gate are invented, not Anneal; no actual editor UI, client encoding negotiation, rich InfoView, rename/WorkspaceEdit or production batch/live generator. I061 has no new evidence.",anneal-3730-source-owned-projection-diagnostic-matrix-2026-09-29/support/probe.py;anneal-3730-source-owned-projection-diagnostic-matrix-2026-09-29/support/results.json;anneal-3730-source-owned-projection-diagnostic-matrix-2026-09-29/support/source.rs;anneal-3730-source-owned-projection-diagnostic-matrix-2026-09-29/support/artifacts/source.llbc,,,,anneal-3730-lean-lsp-navigation-edit-operations-2026-09-29,"Pinned direct Lean LSP returned definition/references, same-file rename WorkspaceEdit, semantic tokens, completion resolve without textEdit, and empty quick fix; applied rename plus labelled client completion fallback batch-checked, then replayed in an illustrative projection model. Boundary: No Rust-hosted Anneal map, cross-file rename, nonempty code action, server-authored completion edit, actual editor adapter or save/watch loop.",anneal-3730-lean-lsp-navigation-edit-operations-2026-09-29/REPORT.md;anneal-3730-lean-lsp-navigation-edit-operations-2026-09-29/support/transcript.json;anneal-3730-lean-lsp-navigation-edit-operations-2026-09-29/support/Applied.lean;anneal-3730-lean-lsp-navigation-edit-operations-2026-09-29/support/projection-replay.json;anneal-3730-lean-lsp-navigation-edit-operations-2026-09-29/support/probe.py;anneal-3730-lean-lsp-navigation-edit-operations-2026-09-29/support/projection_replay.py;anneal-3730-lean-lsp-navigation-edit-operations-2026-09-29/support/verify.py,anneal-3730-lean-lsp-multifile-actions-hints-2026-09-29,"Pinned Lean LSP with LEAN_SRC_PATH returned two-file rename, cross-file references, nonempty versioned import quick fix, signature help, inlay hint and completion label; returned rename/action/inlay edits were applied in isolated branches and fresh batch checked. Boundary: No Anneal Rust projection or editor transaction; completion edit was client-selected, rename WorkspaceEdit lacked versions, and stale preimage/version guards were harness policy.",anneal-3730-lean-lsp-multifile-actions-hints-2026-09-29/REPORT.md;anneal-3730-lean-lsp-multifile-actions-hints-2026-09-29/support/transcript.json;anneal-3730-lean-lsp-multifile-actions-hints-2026-09-29/support/applied-results.json;anneal-3730-lean-lsp-multifile-actions-hints-2026-09-29/support/applied/rename-Helper.lean;anneal-3730-lean-lsp-multifile-actions-hints-2026-09-29/support/applied/action-Action.lean;anneal-3730-lean-lsp-multifile-actions-hints-2026-09-29/support/probe.py;anneal-3730-lean-lsp-multifile-actions-hints-2026-09-29/support/apply_returns.py;anneal-3730-lean-lsp-multifile-actions-hints-2026-09-29/support/verify.py,,,,,,,anneal-3730-editor-save-format-watch-loop-2026-09-29,"Direct Lean LSP versions 1–5 plus Python hash-polling watched builds exercised dirty buffer/disk split, invalid save, duplicate suppression, external overwrite, reopen, real rustfmt on tiny Rust marker source, Lean blank-line format, cancelled build and retry with private complete OLean/ILean pointer publication. Boundary: No real editor or Anneal watcher/generator; marker parser illustrative, polling misses OS event semantics, no end-to-end user-visible diagnostics or power-loss claim.",anneal-3730-editor-save-format-watch-loop-2026-09-29/REPORT.md;anneal-3730-editor-save-format-watch-loop-2026-09-29/support/results.json;anneal-3730-editor-save-format-watch-loop-2026-09-29/support/artifacts/final-Generated.lean;anneal-3730-editor-save-format-watch-loop-2026-09-29/support/artifacts/final-Generated.olean;anneal-3730-editor-save-format-watch-loop-2026-09-29/support/artifacts/formatted-Source.rs;anneal-3730-editor-save-format-watch-loop-2026-09-29/support/probe.py;anneal-3730-editor-save-format-watch-loop-2026-09-29/support/verify.py,,,,,,,,,
I064,H. Editor integration and LSP routing,Editor disconnect and recovery,X/U,"Disconnect or restart the editor while Lean and Anneal remain live, then reconnect with differing disk and buffer contents. Test session cleanup, ownership transfer, and result refresh. Determine what can be reconstructed and what must be explicitly resolved before accepting further edits.",lsp-proof-assistant-architecture-2026-09-27;lean-mcp-implementations-2026-09-27,anneal-3730-editor-mcp-shadow-authority-v4-30-0-rc2,anneal-3730-multiclient-editor-contract-2026-09-29,partial,"One direct Lean stdio connection plus two logical local clients: unsaved source, versioned goal/diagnostics, CAS retry, dropped local event/poll, restart/rename and direct cancellation. Boundary: No actual MCP transport, editor extension, separate clients, diagnostic multiplexing or real Anneal bridge.",Editor disconnect/reconnect ownership against divergent disk/buffer bytes and live Lean worker.,,,,,,,,,,,,,,,,,,,,,,,,,,,,,,,,
I065,"I. MCP state, agent workflows, and shared authority",Versioned MCP contract and compatibility,S/X,"Map the supported MCP revisions and client capabilities to workspace handles, long-running work, cancellation, progress, and result retrieval. Test capability negotiation and fallback. Separate protocol guarantees from implementation conventions and make workspace identity independent of accidental connection reuse.",lean-mcp-implementations-2026-09-27;mcp-proof-assistant-architecture-2026-07-28,anneal-3730-editor-mcp-shadow-authority-v4-30-0-rc2,anneal-3730-multiclient-editor-contract-2026-09-29,partial,"One direct Lean stdio connection plus two logical local clients: unsaved source, versioned goal/diagnostics, CAS retry, dropped local event/poll, restart/rename and direct cancellation. Boundary: No actual MCP transport, editor extension, separate clients, diagnostic multiplexing or real Anneal bridge.",The toy stdio bridge exercised capability fallback and task retrieval over real Lean LSP; actual MCP revision negotiation and interoperability with a selected existing adapter/client remain untested.,,,,,,,,,,,,,,,,,,,,,,,,,,,,,,anneal-3730-mcp-shaped-async-task-lifecycle-2026-09-29,"No MCP SDK found in scoped inventory; toy stdio bridge over actual Lean LSP exercised task handles, reconnect retrieval, expiry, cancellation, partial failure/recovery and capability fallback. Boundary: Protocol-shaped toy, not an existing MCP adapter or Anneal service; no SDK interoperability, revision negotiation or real editor client.",anneal-3730-mcp-shaped-async-task-lifecycle-2026-09-29/REPORT.md;anneal-3730-mcp-shaped-async-task-lifecycle-2026-09-29/support/results.json;anneal-3730-mcp-shaped-async-task-lifecycle-2026-09-29/support/summary.json;anneal-3730-mcp-shaped-async-task-lifecycle-2026-09-29/support/check.py
I066,"I. MCP state, agent workflows, and shared authority",Minimal typed proof-tool surface,S/X/U,"Compare source-position queries, annotation/obligation IDs, context retrieval, diagnostics, edits, and verification calls. Include exact snapshot and subject selection in test cases. Measure whether a small tool set suffices without exposing generated filesystem layout or requiring agents to manipulate raw Lean process state.",lean-mcp-implementations-2026-09-27;mcp-proof-assistant-architecture-2026-07-28,anneal-3730-editor-mcp-shadow-authority-v4-30-0-rc2,anneal-3730-multiclient-editor-contract-2026-09-29,partial,"One direct Lean stdio connection plus two logical local clients: unsaved source, versioned goal/diagnostics, CAS retry, dropped local event/poll, restart/rename and direct cancellation. Boundary: No actual MCP transport, editor extension, separate clients, diagnostic multiplexing or real Anneal bridge.","The hash-gated cross-layer navigator resolved small selected Rust items, goals and generated helpers, but its joins are manual and no typed Anneal subject/snapshot/edit/verify API or agent trial exists.",,,,,,,,,,,,,,,,,,,,,,,,,,,,,,anneal-3730-pinned-cross-layer-navigation-boundary-2026-09-29,"Pinned Rust/LLBC/Aeneas/Lean/goal manifest: 15 item links, six actual generated-loop-helper links, reordered def_id and same-leaf ambiguity, seven stale-hash rejections; fresh Lean goals and selected Rust/Lean values. Boundary: Cross-tool joins and obligations are manually derived, not producer-authenticated; helper rfl proofs failed as expected; no actual Anneal agent navigation trial.",anneal-3730-pinned-cross-layer-navigation-boundary-2026-09-29/REPORT.md;anneal-3730-pinned-cross-layer-navigation-boundary-2026-09-29/support/manifest.json;anneal-3730-pinned-cross-layer-navigation-boundary-2026-09-29/support/extra-manifest.json;anneal-3730-pinned-cross-layer-navigation-boundary-2026-09-29/support/helper-manifest.json;anneal-3730-pinned-cross-layer-navigation-boundary-2026-09-29/support/results.json;anneal-3730-pinned-cross-layer-navigation-boundary-2026-09-29/support/extra-results.json;anneal-3730-pinned-cross-layer-navigation-boundary-2026-09-29/support/helper-results.json;anneal-3730-pinned-cross-layer-navigation-boundary-2026-09-29/support/check.py
I067,"I. MCP state, agent workflows, and shared authority","Retry, idempotency, and compare-and-swap semantics",M/X,"Retry requests after lost responses, including edits, worker creation, and verification starts. Distinguish a replayed request from a new user action. Test deduplication bounds and conflict detection so retries neither duplicate mutations nor silently apply an edit to a later document.",lean-mcp-implementations-2026-09-27;mcp-proof-assistant-architecture-2026-07-28,anneal-3730-editor-mcp-shadow-authority-v4-30-0-rc2,anneal-3730-multiclient-editor-contract-2026-09-29,partial,"One direct Lean stdio connection plus two logical local clients: unsaved source, versioned goal/diagnostics, CAS retry, dropped local event/poll, restart/rename and direct cancellation. Boundary: No actual MCP transport, editor extension, separate clients, diagnostic multiplexing or real Anneal bridge.",Actual MCP transport-loss retries for edit/worker-create/check-start with durable bounded dedup expiry and CAS; local broker only models one edit response.,,,,,,,,,,,,,,,,,,,,,,,,,,,,,,,,
I068,"I. MCP state, agent workflows, and shared authority",MCP and editor observe one authority,M/X,"Attach both clients to the same workspace, including unsaved Rust-hosted Lean. Alternate queries and edits from each and reconnect one client. Verify that the MCP never refreshes authoritative text from disk behind the editor and that both can identify the same projection/model context.",lean-mcp-implementations-2026-09-27;mcp-proof-assistant-architecture-2026-07-28,anneal-3730-editor-mcp-shadow-authority-v4-30-0-rc2,anneal-3730-multiclient-editor-contract-2026-09-29,partial,"One direct Lean stdio connection plus two logical local clients: unsaved source, versioned goal/diagnostics, CAS retry, dropped local event/poll, restart/rename and direct cancellation. Boundary: No actual MCP transport, editor extension, separate clients, diagnostic multiplexing or real Anneal bridge.","One actual MCP/editor workspace authority with alternating unsaved edits, queries, and reconnect.",,,,,,,,,,,,,,,,,,,,,,,,,,,,,,,,
I069,"I. MCP state, agent workflows, and shared authority","Read-only inspection, mutation, and scoped access",S/X,"Separate permission to query goals, edit authored annotations, alter imports/models, and execute builds. Use controlled local fixtures to test workspace/path scoping and accidental cross-project access. Do not let a generated-code location, resource handle, or model suggestion implicitly authorize a broader write.",lean-mcp-implementations-2026-09-27;mcp-proof-assistant-architecture-2026-07-28,anneal-3730-editor-mcp-shadow-authority-v4-30-0-rc2,anneal-3730-multiclient-editor-contract-2026-09-29,partial,"One direct Lean stdio connection plus two logical local clients: unsaved source, versioned goal/diagnostics, CAS retry, dropped local event/poll, restart/rename and direct cancellation. Boundary: No actual MCP transport, editor extension, separate clients, diagnostic multiplexing or real Anneal bridge.","Executed tool access tiers and workspace/path isolation, especially generated-to-authored edit authority.",,,,,,,,,,,,,,,,,,,,,,,,,,,,,,,,
I070,"I. MCP state, agent workflows, and shared authority",Scratch attempts and candidate application,X/U,"Try multiple tactics in isolated proof forks, then apply one candidate only after validating its source preconditions. Compare the target proposition, assumptions, and resulting obligations before/after. Detect apparent success obtained by changing the statement, adding admissions, or using a stale scratch environment.",lean-mcp-implementations-2026-09-27;mcp-proof-assistant-architecture-2026-07-28,anneal-3730-editor-mcp-shadow-authority-v4-30-0-rc2,,partial,,"R26 added two-process CAS with one stale loser, candidate/import mutation rejection, four os._exit crash boundaries, pointer recovery and old-reader pinning. Still test real Anneal subject/proof IDs, projected annotations, long-lived RPC, full proposition/axiom oracle, GC lease/reclamation and production durable transaction.",,,,,,,,,,,,,,,,,,anneal-3730-scratch-tactic-cas-experiment-2026-09-29,"Pinned Lean batch-check contract prototype ran eleven private tactic-candidate decisions: valid accept, duplicate retry, stale proof/import, partial/failing/admission/weakened-target, post-check mutation, cancellation and scratch reuse. Exact source/environment/binary preimage under file lock guarded immutable-generation pointer publication; final fresh batch matched accepted candidate. Boundary: One theorem/direct import and fixture-specific statement/admission guards; no Anneal subject identities, Rust source map, long-lived server, concurrent writer/crash injection or general proposition/axiom oracle.",anneal-3730-scratch-tactic-cas-experiment-2026-09-29/REPORT.md;anneal-3730-scratch-tactic-cas-experiment-2026-09-29/support/results.json;anneal-3730-scratch-tactic-cas-experiment-2026-09-29/support/artifacts/accepted-Proof.lean;anneal-3730-scratch-tactic-cas-experiment-2026-09-29/support/artifacts/final-Proof.lean;anneal-3730-scratch-tactic-cas-experiment-2026-09-29/support/probe.py;anneal-3730-scratch-tactic-cas-experiment-2026-09-29/support/verify.py,anneal-3730-scratch-tactic-concurrency-crash-2026-09-29,"Two separate pinned-Lean-backed local candidate processes crossed a barrier and raced a file-lock CAS: one immutable generation published, one stale loser. Four os._exit boundaries before/after candidate check, complete generation and CURRENT pointer replacement recovered via manifest/file hashes and fresh batch; mutation controls and reader-pinned old generation passed. Boundary: Local Python prototype with one theorem/import; no Anneal service, full proposition/axiom oracle, distributed transaction, actual worker restart, power loss, GC leases or cross-tool race.",anneal-3730-scratch-tactic-concurrency-crash-2026-09-29/REPORT.md;anneal-3730-scratch-tactic-concurrency-crash-2026-09-29/support/results.json;anneal-3730-scratch-tactic-concurrency-crash-2026-09-29/support/artifacts/orphan-MANIFEST.json;anneal-3730-scratch-tactic-concurrency-crash-2026-09-29/support/artifacts/final-MANIFEST.json;anneal-3730-scratch-tactic-concurrency-crash-2026-09-29/support/artifacts/final-Proof.lean;anneal-3730-scratch-tactic-concurrency-crash-2026-09-29/support/probe.py;anneal-3730-scratch-tactic-concurrency-crash-2026-09-29/support/verify.py,,,,,,,,,
I071,"I. MCP state, agent workflows, and shared authority","Cancellation, backpressure, and reconnect over MCP",S/X,"Interrupt long checks and large result streams over supported transports. Test slow clients, dropped responses, request cancellation, progress loss, and retrieval after reconnection. Determine which work survives and how its result expires without leaking workers or conflating transport failure with proof failure.",lean-mcp-implementations-2026-09-27;mcp-proof-assistant-architecture-2026-07-28,anneal-3730-editor-mcp-shadow-authority-v4-30-0-rc2,anneal-3730-multiclient-editor-contract-2026-09-29,partial,"One direct Lean stdio connection plus two logical local clients: unsaved source, versioned goal/diagnostics, CAS retry, dropped local event/poll, restart/rename and direct cancellation. Boundary: No actual MCP transport, editor extension, separate clients, diagnostic multiplexing or real Anneal bridge.","The toy stdio bridge exercised expiry, cancellation, reconnect retrieval and partial failure over real Lean goal queries; an actual MCP adapter with client backpressure and product task lifecycle remains untested.",,,,,,,,,,,,,,,,,,,,,,,,,,,,,,anneal-3730-mcp-shaped-async-task-lifecycle-2026-09-29,"No MCP SDK found in scoped inventory; toy stdio bridge over actual Lean LSP exercised task handles, reconnect retrieval, expiry, cancellation, partial failure/recovery and capability fallback. Boundary: Protocol-shaped toy, not an existing MCP adapter or Anneal service; no SDK interoperability, revision negotiation or real editor client.",anneal-3730-mcp-shaped-async-task-lifecycle-2026-09-29/REPORT.md;anneal-3730-mcp-shaped-async-task-lifecycle-2026-09-29/support/results.json;anneal-3730-mcp-shaped-async-task-lifecycle-2026-09-29/support/summary.json;anneal-3730-mcp-shaped-async-task-lifecycle-2026-09-29/support/check.py
I072,"I. MCP state, agent workflows, and shared authority",Existing Lean MCP adapters under Anneal conditions,S/X,"Run representative implementations against unsaved projections, replaced imports, scratch forks, and simultaneous editor access. Identify disk-reread assumptions and process/global caches. Decide which components can be reused unchanged, wrapped, or replaced; tool availability alone does not establish state correctness.",lean-mcp-implementations-2026-09-27;mcp-proof-assistant-architecture-2026-07-28,anneal-3730-editor-mcp-shadow-authority-v4-30-0-rc2,,not-run,,"Scoped inventories found no installed existing Lean MCP adapter; two toy bridges offer only protocol-shaped evidence. A selected real adapter, two actual MCP clients and Anneal shared workspace trial remain unavailable.",,,,,,,,,,,,,,,,,,,,,anneal-3730-lean-mcp-adapter-availability-probe-2026-09-29,"Scoped current checkout/PATH inventory found no installed Lean MCP adapter or vendored existing adapter source. A labeled toy MCP-shaped stdio bridge over two real Lean LSP processes showed independent same-ID cancellation, source-hash CAS edit, stale old-hash rejection and both clients refreshing shared proof to no goals. Boundary: Toy bridge only, no existing adapter or Anneal workspace; no MCP conformance, real adapter cancellation/permission behavior, production concurrent writers or restart. Requested existing-adapter experiment remains not-run.",anneal-3730-lean-mcp-adapter-availability-probe-2026-09-29/REPORT.md;anneal-3730-lean-mcp-adapter-availability-probe-2026-09-29/support/results.json;anneal-3730-lean-mcp-adapter-availability-probe-2026-09-29/support/artifacts/Proof-v1.lean;anneal-3730-lean-mcp-adapter-availability-probe-2026-09-29/support/artifacts/Proof-v2.lean;anneal-3730-lean-mcp-adapter-availability-probe-2026-09-29/support/bridge.py;anneal-3730-lean-mcp-adapter-availability-probe-2026-09-29/support/probe.py;anneal-3730-lean-mcp-adapter-availability-probe-2026-09-29/support/check.py,,,,,,,,,
I073,"J. Cargo, rustc, and Charon input/execution boundaries",Saved-Rust baseline versus overlay extraction,S/X,"Compare saved-only verification, snapshot materialization, and any supported compiler overlay mechanisms. Use identical intended bytes with unsaved annotations and ordinary Rust edits. State precisely which source version each result covers; evaluate whether saved-only Rust preserves useful Lean interaction without misleading users.",cargo-rust-charon-anneal-coverage-matrix-2026-09-28;charon-performance-and-revision-probes-2026-09-28;charon-llbc-output-goldens-and-revision-diffs-2026-09-27,,anneal-3730-charon-scaling-subject-closure-2026-09-29,partial,"Pinned Charon/Cargo workspace: 1/32/192 root closure, feature/build-script/include input perturbations and wrong-member partial LLBC after failed multi-library request. Boundary: Saved sources/fresh targets only; no overlay, warm-target proof, concurrent producers or full semantic normalization.",R36 compared saved and private materialized Cargo/Charon workspaces with matching source/unit keys; an actual unsaved Rust editor/rustc overlay extraction on identical bytes remains unavailable.,anneal-3730-charon-concurrency-interruption-2026-09-29;anneal-3730-charon-warm-target-controls-2026-09-29,"Pinned Charon direct/Cargo two-process separate and shared destination trials, malformed shared JSON witnesses, controlled --format all FIFO stop after JSON, retry and stale-output failure. Boundary: At most two tiny crates; kill boundary is before regular Postcard artifact, not all extraction phases or an Anneal output transaction. | Pinned Charon/Cargo warm target sentinel and absent-output controls; copied B shadow/private/shared-target path-sensitive build script produced 217/205 mixed subject; failed warm run retained old LLBC. Boundary: One selected --package --lib wrapper and path-sensitive fixture; no unsaved editor overlay, general target closure or same-process Charon reset.",anneal-3730-charon-subject-output-phase-matrix-2026-09-29,"Pinned Charon Cargo lib/bin/test/feature/target/flag/reorder controls; four identical --test requests invoked three driver units and alternated final test/binary LLBC despite success; regular-file 4 KiB partial output after RLIMIT_FSIZE, last-good copy and retry; two private concurrent requests. Boundary: One small crate, no unsaved overlay, installed x86 target, complete compilation-unit key, same-process library, all kill phases, real Anneal publication or shared writable target.",anneal-3730-charon-subject-output-phase-matrix-2026-09-29/support/probe.py;anneal-3730-charon-subject-output-phase-matrix-2026-09-29/support/raw-results.json;anneal-3730-charon-subject-output-phase-matrix-2026-09-29/support/manifests/test-repeat-1.json;anneal-3730-charon-subject-output-phase-matrix-2026-09-29/support/manifests/test-repeat-2.json;anneal-3730-charon-subject-output-phase-matrix-2026-09-29/support/artifacts/quota-partial.llbc,anneal-3730-charon-build-closure-control-2026-09-29,"Ten offline private-target Cargo/Charon requests varied build.rs, proc macro, include_str, env, path dependency and source path; parsed LLBC/declaration projections and rejected a successful wrong binary unit. Boundary: One pinned Charon/Cargo tuple and saved copied workspace; no unsaved overlays, arbitrary input closure, same-process reset or Anneal scheduler.",anneal-3730-charon-build-closure-control-2026-09-29/REPORT.md;anneal-3730-charon-build-closure-control-2026-09-29/support/raw-results.json;anneal-3730-charon-build-closure-control-2026-09-29/support/artifacts/baseline.llbc;anneal-3730-charon-build-closure-control-2026-09-29/support/artifacts/bin-unit.llbc;anneal-3730-charon-build-closure-control-2026-09-29/support/probe.py;anneal-3730-charon-build-closure-control-2026-09-29/support/verify.py,anneal-3730-cross-tool-stage-cancellation-cleanup-2026-09-29,"Eight sequential private process-group stop/kill/retry trials across Cargo, Charon, Aeneas, Lake and Lean, including delayed Cargo/Charon/Lake child snapshots; a separate synthetic generation fence rejected eight late result digests. Boundary: Independent CLI fixtures, launch-boundary stops for Aeneas/Lean, 80-ms delayed controls rather than phase barriers, no Anneal scheduler, escaped daemon or integrated pipeline.",anneal-3730-cross-tool-stage-cancellation-cleanup-2026-09-29/REPORT.md;anneal-3730-cross-tool-stage-cancellation-cleanup-2026-09-29/support/results.json;anneal-3730-cross-tool-stage-cancellation-cleanup-2026-09-29/support/fence-results.json;anneal-3730-cross-tool-stage-cancellation-cleanup-2026-09-29/support/artifacts/charon-app.llbc;anneal-3730-cross-tool-stage-cancellation-cleanup-2026-09-29/support/artifacts/lake-Probe.olean;anneal-3730-cross-tool-stage-cancellation-cleanup-2026-09-29/support/probe.py;anneal-3730-cross-tool-stage-cancellation-cleanup-2026-09-29/support/fence_oracle.py;anneal-3730-cross-tool-stage-cancellation-cleanup-2026-09-29/support/verify.py,anneal-3730-cross-tool-active-cancellation-barriers-2026-09-29,"Active FIFO output barriers stopped Charon and Aeneas with parseable/incomplete output sets; Lean run_tac blocked a Lake child after module A; process-group SIGKILL and private retry/fresh Lean oracle passed. A real old Aeneas CLI completed before an experiment-side late wrapper rejected generation 1 after generation 2 advanced. Boundary: Selected CLI phases/private roots and experiment-side authority, not Anneal scheduler; no general orphan proof, same-process API, every stage phase or transactional publication.",anneal-3730-cross-tool-active-cancellation-barriers-2026-09-29/REPORT.md;anneal-3730-cross-tool-active-cancellation-barriers-2026-09-29/support/results.json;anneal-3730-cross-tool-active-cancellation-barriers-2026-09-29/support/work/charon/base.llbc;anneal-3730-cross-tool-active-cancellation-barriers-2026-09-29/support/work/charon/base.llbc.postcard;anneal-3730-cross-tool-active-cancellation-barriers-2026-09-29/support/work/aeneas-cancel/Types.lean;anneal-3730-cross-tool-active-cancellation-barriers-2026-09-29/support/work/lake/.lake/build/lib/lean/Cancel/A.olean;anneal-3730-cross-tool-active-cancellation-barriers-2026-09-29/support/probe.py;anneal-3730-cross-tool-active-cancellation-barriers-2026-09-29/support/check.py,,,,,,,,,,anneal-3730-saved-vs-private-rust-overlay-2026-09-29,"Pinned Cargo/Charon extracted ten private materialized workspace requests with build.rs, local proc macro, generated include!, include_str!, env!, path dependency and separate binary. Saved/clean copies matched relative source and unit-graph subject keys; input perturbations, stale-key rejection and wrong-unit rejection were observed with retained LLBC, normalized five/six-unit graphs and per-request private targets. Boundary: Private filesystem copies are not unsaved editor/rustc overlay API; no same-process Charon reset, arbitrary build closure, complete target/config matrix, concurrent target sharing or Anneal scheduler/publication.",anneal-3730-saved-vs-private-rust-overlay-2026-09-29/REPORT.md;anneal-3730-saved-vs-private-rust-overlay-2026-09-29/support/results.json;anneal-3730-saved-vs-private-rust-overlay-2026-09-29/support/probe.py;anneal-3730-saved-vs-private-rust-overlay-2026-09-29/support/verify.py,,,,,,
I074,"J. Cargo, rustc, and Charon input/execution boundaries",Shadow-workspace fidelity,S/X,"Materialize workspaces containing path dependencies, `build.rs`, proc macros, `include_*`, environment inputs, and generated files. Compare emitted code and relevant compiler observations with the original location. Detect path-sensitive behavior before assuming a copied tree faithfully represents the same compilation subject.",cargo-rust-charon-anneal-coverage-matrix-2026-09-28;charon-performance-and-revision-probes-2026-09-28;charon-llbc-output-goldens-and-revision-diffs-2026-09-27,,,partial,,"R36 covered a bounded build.rs/proc-macro/include/env/path dependency closure in private copies; arbitrary build side effects, features/targets/nonlocal dependencies and a faithful production shadow-workspace policy remain unverified.",anneal-3730-charon-warm-target-controls-2026-09-29,"Pinned Charon/Cargo warm target sentinel and absent-output controls; copied B shadow/private/shared-target path-sensitive build script produced 217/205 mixed subject; failed warm run retained old LLBC. Boundary: One selected --package --lib wrapper and path-sensitive fixture; no unsaved editor overlay, general target closure or same-process Charon reset.",anneal-3730-charon-subject-output-phase-matrix-2026-09-29,"Pinned Charon Cargo lib/bin/test/feature/target/flag/reorder controls; four identical --test requests invoked three driver units and alternated final test/binary LLBC despite success; regular-file 4 KiB partial output after RLIMIT_FSIZE, last-good copy and retry; two private concurrent requests. Boundary: One small crate, no unsaved overlay, installed x86 target, complete compilation-unit key, same-process library, all kill phases, real Anneal publication or shared writable target.",anneal-3730-charon-subject-output-phase-matrix-2026-09-29/support/probe.py;anneal-3730-charon-subject-output-phase-matrix-2026-09-29/support/raw-results.json;anneal-3730-charon-subject-output-phase-matrix-2026-09-29/support/manifests/test-repeat-1.json;anneal-3730-charon-subject-output-phase-matrix-2026-09-29/support/manifests/test-repeat-2.json;anneal-3730-charon-subject-output-phase-matrix-2026-09-29/support/artifacts/quota-partial.llbc,anneal-3730-charon-build-closure-control-2026-09-29,"Ten offline private-target Cargo/Charon requests varied build.rs, proc macro, include_str, env, path dependency and source path; parsed LLBC/declaration projections and rejected a successful wrong binary unit. Boundary: One pinned Charon/Cargo tuple and saved copied workspace; no unsaved overlays, arbitrary input closure, same-process reset or Anneal scheduler.",anneal-3730-charon-build-closure-control-2026-09-29/REPORT.md;anneal-3730-charon-build-closure-control-2026-09-29/support/raw-results.json;anneal-3730-charon-build-closure-control-2026-09-29/support/artifacts/baseline.llbc;anneal-3730-charon-build-closure-control-2026-09-29/support/artifacts/bin-unit.llbc;anneal-3730-charon-build-closure-control-2026-09-29/support/probe.py;anneal-3730-charon-build-closure-control-2026-09-29/support/verify.py,anneal-3730-cross-tool-stage-cancellation-cleanup-2026-09-29,"Eight sequential private process-group stop/kill/retry trials across Cargo, Charon, Aeneas, Lake and Lean, including delayed Cargo/Charon/Lake child snapshots; a separate synthetic generation fence rejected eight late result digests. Boundary: Independent CLI fixtures, launch-boundary stops for Aeneas/Lean, 80-ms delayed controls rather than phase barriers, no Anneal scheduler, escaped daemon or integrated pipeline.",anneal-3730-cross-tool-stage-cancellation-cleanup-2026-09-29/REPORT.md;anneal-3730-cross-tool-stage-cancellation-cleanup-2026-09-29/support/results.json;anneal-3730-cross-tool-stage-cancellation-cleanup-2026-09-29/support/fence-results.json;anneal-3730-cross-tool-stage-cancellation-cleanup-2026-09-29/support/artifacts/charon-app.llbc;anneal-3730-cross-tool-stage-cancellation-cleanup-2026-09-29/support/artifacts/lake-Probe.olean;anneal-3730-cross-tool-stage-cancellation-cleanup-2026-09-29/support/probe.py;anneal-3730-cross-tool-stage-cancellation-cleanup-2026-09-29/support/fence_oracle.py;anneal-3730-cross-tool-stage-cancellation-cleanup-2026-09-29/support/verify.py,anneal-3730-cross-tool-active-cancellation-barriers-2026-09-29,"Active FIFO output barriers stopped Charon and Aeneas with parseable/incomplete output sets; Lean run_tac blocked a Lake child after module A; process-group SIGKILL and private retry/fresh Lean oracle passed. A real old Aeneas CLI completed before an experiment-side late wrapper rejected generation 1 after generation 2 advanced. Boundary: Selected CLI phases/private roots and experiment-side authority, not Anneal scheduler; no general orphan proof, same-process API, every stage phase or transactional publication.",anneal-3730-cross-tool-active-cancellation-barriers-2026-09-29/REPORT.md;anneal-3730-cross-tool-active-cancellation-barriers-2026-09-29/support/results.json;anneal-3730-cross-tool-active-cancellation-barriers-2026-09-29/support/work/charon/base.llbc;anneal-3730-cross-tool-active-cancellation-barriers-2026-09-29/support/work/charon/base.llbc.postcard;anneal-3730-cross-tool-active-cancellation-barriers-2026-09-29/support/work/aeneas-cancel/Types.lean;anneal-3730-cross-tool-active-cancellation-barriers-2026-09-29/support/work/lake/.lake/build/lib/lean/Cancel/A.olean;anneal-3730-cross-tool-active-cancellation-barriers-2026-09-29/support/probe.py;anneal-3730-cross-tool-active-cancellation-barriers-2026-09-29/support/check.py,,,,,,,,,,anneal-3730-saved-vs-private-rust-overlay-2026-09-29,"Pinned Cargo/Charon extracted ten private materialized workspace requests with build.rs, local proc macro, generated include!, include_str!, env!, path dependency and separate binary. Saved/clean copies matched relative source and unit-graph subject keys; input perturbations, stale-key rejection and wrong-unit rejection were observed with retained LLBC, normalized five/six-unit graphs and per-request private targets. Boundary: Private filesystem copies are not unsaved editor/rustc overlay API; no same-process Charon reset, arbitrary build closure, complete target/config matrix, concurrent target sharing or Anneal scheduler/publication.",anneal-3730-saved-vs-private-rust-overlay-2026-09-29/REPORT.md;anneal-3730-saved-vs-private-rust-overlay-2026-09-29/support/results.json;anneal-3730-saved-vs-private-rust-overlay-2026-09-29/support/probe.py;anneal-3730-saved-vs-private-rust-overlay-2026-09-29/support/verify.py,,,,,,
I075,"J. Cargo, rustc, and Charon input/execution boundaries",Cargo skipping the Charon-producing invocation,S/X,"Warm Cargo caches, vary wrappers and target selection, and request extraction repeatedly. Determine when Cargo can report success without producing fresh LLBC. Compare explicit freshness checks and rebuild controls; an old destination file must not serve as evidence that extraction ran.",cargo-rust-charon-anneal-coverage-matrix-2026-09-28;charon-performance-and-revision-probes-2026-09-28;charon-llbc-output-goldens-and-revision-diffs-2026-09-27,,anneal-3730-charon-scaling-subject-closure-2026-09-29,partial,"Pinned Charon/Cargo workspace: 1/32/192 root closure, feature/build-script/include input perturbations and wrong-member partial LLBC after failed multi-library request. Boundary: Saved sources/fresh targets only; no overlay, warm-target proof, concurrent producers or full semantic normalization.",R36 retained selected library/binary unit graphs and private targets; warm Cargo skip or alternate lib/bin/test/host invocation must still prove the requested Charon-producing unit was actually extracted.,anneal-3730-charon-warm-target-controls-2026-09-29,"Pinned Charon/Cargo warm target sentinel and absent-output controls; copied B shadow/private/shared-target path-sensitive build script produced 217/205 mixed subject; failed warm run retained old LLBC. Boundary: One selected --package --lib wrapper and path-sensitive fixture; no unsaved editor overlay, general target closure or same-process Charon reset.",anneal-3730-charon-subject-output-phase-matrix-2026-09-29,"Pinned Charon Cargo lib/bin/test/feature/target/flag/reorder controls; four identical --test requests invoked three driver units and alternated final test/binary LLBC despite success; regular-file 4 KiB partial output after RLIMIT_FSIZE, last-good copy and retry; two private concurrent requests. Boundary: One small crate, no unsaved overlay, installed x86 target, complete compilation-unit key, same-process library, all kill phases, real Anneal publication or shared writable target.",anneal-3730-charon-subject-output-phase-matrix-2026-09-29/support/probe.py;anneal-3730-charon-subject-output-phase-matrix-2026-09-29/support/raw-results.json;anneal-3730-charon-subject-output-phase-matrix-2026-09-29/support/manifests/test-repeat-1.json;anneal-3730-charon-subject-output-phase-matrix-2026-09-29/support/manifests/test-repeat-2.json;anneal-3730-charon-subject-output-phase-matrix-2026-09-29/support/artifacts/quota-partial.llbc,anneal-3730-charon-build-closure-control-2026-09-29,"Ten offline private-target Cargo/Charon requests varied build.rs, proc macro, include_str, env, path dependency and source path; parsed LLBC/declaration projections and rejected a successful wrong binary unit. Boundary: One pinned Charon/Cargo tuple and saved copied workspace; no unsaved overlays, arbitrary input closure, same-process reset or Anneal scheduler.",anneal-3730-charon-build-closure-control-2026-09-29/REPORT.md;anneal-3730-charon-build-closure-control-2026-09-29/support/raw-results.json;anneal-3730-charon-build-closure-control-2026-09-29/support/artifacts/baseline.llbc;anneal-3730-charon-build-closure-control-2026-09-29/support/artifacts/bin-unit.llbc;anneal-3730-charon-build-closure-control-2026-09-29/support/probe.py;anneal-3730-charon-build-closure-control-2026-09-29/support/verify.py,anneal-3730-cross-tool-stage-cancellation-cleanup-2026-09-29,"Eight sequential private process-group stop/kill/retry trials across Cargo, Charon, Aeneas, Lake and Lean, including delayed Cargo/Charon/Lake child snapshots; a separate synthetic generation fence rejected eight late result digests. Boundary: Independent CLI fixtures, launch-boundary stops for Aeneas/Lean, 80-ms delayed controls rather than phase barriers, no Anneal scheduler, escaped daemon or integrated pipeline.",anneal-3730-cross-tool-stage-cancellation-cleanup-2026-09-29/REPORT.md;anneal-3730-cross-tool-stage-cancellation-cleanup-2026-09-29/support/results.json;anneal-3730-cross-tool-stage-cancellation-cleanup-2026-09-29/support/fence-results.json;anneal-3730-cross-tool-stage-cancellation-cleanup-2026-09-29/support/artifacts/charon-app.llbc;anneal-3730-cross-tool-stage-cancellation-cleanup-2026-09-29/support/artifacts/lake-Probe.olean;anneal-3730-cross-tool-stage-cancellation-cleanup-2026-09-29/support/probe.py;anneal-3730-cross-tool-stage-cancellation-cleanup-2026-09-29/support/fence_oracle.py;anneal-3730-cross-tool-stage-cancellation-cleanup-2026-09-29/support/verify.py,anneal-3730-cross-tool-active-cancellation-barriers-2026-09-29,"Active FIFO output barriers stopped Charon and Aeneas with parseable/incomplete output sets; Lean run_tac blocked a Lake child after module A; process-group SIGKILL and private retry/fresh Lean oracle passed. A real old Aeneas CLI completed before an experiment-side late wrapper rejected generation 1 after generation 2 advanced. Boundary: Selected CLI phases/private roots and experiment-side authority, not Anneal scheduler; no general orphan proof, same-process API, every stage phase or transactional publication.",anneal-3730-cross-tool-active-cancellation-barriers-2026-09-29/REPORT.md;anneal-3730-cross-tool-active-cancellation-barriers-2026-09-29/support/results.json;anneal-3730-cross-tool-active-cancellation-barriers-2026-09-29/support/work/charon/base.llbc;anneal-3730-cross-tool-active-cancellation-barriers-2026-09-29/support/work/charon/base.llbc.postcard;anneal-3730-cross-tool-active-cancellation-barriers-2026-09-29/support/work/aeneas-cancel/Types.lean;anneal-3730-cross-tool-active-cancellation-barriers-2026-09-29/support/work/lake/.lake/build/lib/lean/Cancel/A.olean;anneal-3730-cross-tool-active-cancellation-barriers-2026-09-29/support/probe.py;anneal-3730-cross-tool-active-cancellation-barriers-2026-09-29/support/check.py,,,,,,,,,,anneal-3730-saved-vs-private-rust-overlay-2026-09-29,"Pinned Cargo/Charon extracted ten private materialized workspace requests with build.rs, local proc macro, generated include!, include_str!, env!, path dependency and separate binary. Saved/clean copies matched relative source and unit-graph subject keys; input perturbations, stale-key rejection and wrong-unit rejection were observed with retained LLBC, normalized five/six-unit graphs and per-request private targets. Boundary: Private filesystem copies are not unsaved editor/rustc overlay API; no same-process Charon reset, arbitrary build closure, complete target/config matrix, concurrent target sharing or Anneal scheduler/publication.",anneal-3730-saved-vs-private-rust-overlay-2026-09-29/REPORT.md;anneal-3730-saved-vs-private-rust-overlay-2026-09-29/support/results.json;anneal-3730-saved-vs-private-rust-overlay-2026-09-29/support/probe.py;anneal-3730-saved-vs-private-rust-overlay-2026-09-29/support/verify.py,,,,,,
I076,"J. Cargo, rustc, and Charon input/execution boundaries",Compilation-unit identity and output collisions,X,"Exercise multiple primary targets, host/target units, feature variants, same-named crates, and sibling libraries concurrently. Record actual rustc/Charon invocations and outputs. Verify that each LLBC result corresponds to one intended unit and no invocation-wide destination is overwritten by another producer.",cargo-rust-charon-anneal-coverage-matrix-2026-09-28;charon-performance-and-revision-probes-2026-09-28;charon-llbc-output-goldens-and-revision-diffs-2026-09-27,,anneal-3730-charon-scaling-subject-closure-2026-09-29,partial,"Pinned Charon/Cargo workspace: 1/32/192 root closure, feature/build-script/include input perturbations and wrong-member partial LLBC after failed multi-library request. Boundary: Saved sources/fresh targets only; no overlay, warm-target proof, concurrent producers or full semantic normalization.","R36 rejected a successful wrong binary unit, but a complete package/target/triple/profile/features/host-role identity key and collision-proof per-unit output selection remain unimplemented in Anneal.",anneal-3730-charon-concurrency-interruption-2026-09-29;anneal-3730-charon-warm-target-controls-2026-09-29,"Pinned Charon direct/Cargo two-process separate and shared destination trials, malformed shared JSON witnesses, controlled --format all FIFO stop after JSON, retry and stale-output failure. Boundary: At most two tiny crates; kill boundary is before regular Postcard artifact, not all extraction phases or an Anneal output transaction. | Pinned Charon/Cargo warm target sentinel and absent-output controls; copied B shadow/private/shared-target path-sensitive build script produced 217/205 mixed subject; failed warm run retained old LLBC. Boundary: One selected --package --lib wrapper and path-sensitive fixture; no unsaved editor overlay, general target closure or same-process Charon reset.",anneal-3730-charon-subject-output-phase-matrix-2026-09-29,"Pinned Charon Cargo lib/bin/test/feature/target/flag/reorder controls; four identical --test requests invoked three driver units and alternated final test/binary LLBC despite success; regular-file 4 KiB partial output after RLIMIT_FSIZE, last-good copy and retry; two private concurrent requests. Boundary: One small crate, no unsaved overlay, installed x86 target, complete compilation-unit key, same-process library, all kill phases, real Anneal publication or shared writable target.",anneal-3730-charon-subject-output-phase-matrix-2026-09-29/support/probe.py;anneal-3730-charon-subject-output-phase-matrix-2026-09-29/support/raw-results.json;anneal-3730-charon-subject-output-phase-matrix-2026-09-29/support/manifests/test-repeat-1.json;anneal-3730-charon-subject-output-phase-matrix-2026-09-29/support/manifests/test-repeat-2.json;anneal-3730-charon-subject-output-phase-matrix-2026-09-29/support/artifacts/quota-partial.llbc,anneal-3730-charon-build-closure-control-2026-09-29,"Ten offline private-target Cargo/Charon requests varied build.rs, proc macro, include_str, env, path dependency and source path; parsed LLBC/declaration projections and rejected a successful wrong binary unit. Boundary: One pinned Charon/Cargo tuple and saved copied workspace; no unsaved overlays, arbitrary input closure, same-process reset or Anneal scheduler.",anneal-3730-charon-build-closure-control-2026-09-29/REPORT.md;anneal-3730-charon-build-closure-control-2026-09-29/support/raw-results.json;anneal-3730-charon-build-closure-control-2026-09-29/support/artifacts/baseline.llbc;anneal-3730-charon-build-closure-control-2026-09-29/support/artifacts/bin-unit.llbc;anneal-3730-charon-build-closure-control-2026-09-29/support/probe.py;anneal-3730-charon-build-closure-control-2026-09-29/support/verify.py,anneal-3730-cross-tool-stage-cancellation-cleanup-2026-09-29,"Eight sequential private process-group stop/kill/retry trials across Cargo, Charon, Aeneas, Lake and Lean, including delayed Cargo/Charon/Lake child snapshots; a separate synthetic generation fence rejected eight late result digests. Boundary: Independent CLI fixtures, launch-boundary stops for Aeneas/Lean, 80-ms delayed controls rather than phase barriers, no Anneal scheduler, escaped daemon or integrated pipeline.",anneal-3730-cross-tool-stage-cancellation-cleanup-2026-09-29/REPORT.md;anneal-3730-cross-tool-stage-cancellation-cleanup-2026-09-29/support/results.json;anneal-3730-cross-tool-stage-cancellation-cleanup-2026-09-29/support/fence-results.json;anneal-3730-cross-tool-stage-cancellation-cleanup-2026-09-29/support/artifacts/charon-app.llbc;anneal-3730-cross-tool-stage-cancellation-cleanup-2026-09-29/support/artifacts/lake-Probe.olean;anneal-3730-cross-tool-stage-cancellation-cleanup-2026-09-29/support/probe.py;anneal-3730-cross-tool-stage-cancellation-cleanup-2026-09-29/support/fence_oracle.py;anneal-3730-cross-tool-stage-cancellation-cleanup-2026-09-29/support/verify.py,anneal-3730-cross-tool-active-cancellation-barriers-2026-09-29,"Active FIFO output barriers stopped Charon and Aeneas with parseable/incomplete output sets; Lean run_tac blocked a Lake child after module A; process-group SIGKILL and private retry/fresh Lean oracle passed. A real old Aeneas CLI completed before an experiment-side late wrapper rejected generation 1 after generation 2 advanced. Boundary: Selected CLI phases/private roots and experiment-side authority, not Anneal scheduler; no general orphan proof, same-process API, every stage phase or transactional publication.",anneal-3730-cross-tool-active-cancellation-barriers-2026-09-29/REPORT.md;anneal-3730-cross-tool-active-cancellation-barriers-2026-09-29/support/results.json;anneal-3730-cross-tool-active-cancellation-barriers-2026-09-29/support/work/charon/base.llbc;anneal-3730-cross-tool-active-cancellation-barriers-2026-09-29/support/work/charon/base.llbc.postcard;anneal-3730-cross-tool-active-cancellation-barriers-2026-09-29/support/work/aeneas-cancel/Types.lean;anneal-3730-cross-tool-active-cancellation-barriers-2026-09-29/support/work/lake/.lake/build/lib/lean/Cancel/A.olean;anneal-3730-cross-tool-active-cancellation-barriers-2026-09-29/support/probe.py;anneal-3730-cross-tool-active-cancellation-barriers-2026-09-29/support/check.py,,,,,,,,,,anneal-3730-saved-vs-private-rust-overlay-2026-09-29,"Pinned Cargo/Charon extracted ten private materialized workspace requests with build.rs, local proc macro, generated include!, include_str!, env!, path dependency and separate binary. Saved/clean copies matched relative source and unit-graph subject keys; input perturbations, stale-key rejection and wrong-unit rejection were observed with retained LLBC, normalized five/six-unit graphs and per-request private targets. Boundary: Private filesystem copies are not unsaved editor/rustc overlay API; no same-process Charon reset, arbitrary build closure, complete target/config matrix, concurrent target sharing or Anneal scheduler/publication.",anneal-3730-saved-vs-private-rust-overlay-2026-09-29/REPORT.md;anneal-3730-saved-vs-private-rust-overlay-2026-09-29/support/results.json;anneal-3730-saved-vs-private-rust-overlay-2026-09-29/support/probe.py;anneal-3730-saved-vs-private-rust-overlay-2026-09-29/support/verify.py,,,,,,
I077,"J. Cargo, rustc, and Charon input/execution boundaries",Charon process isolation and reset feasibility,S/X,"Compare fresh driver processes with any feasible reused library/worker boundary. Run subject A, subject B, then A again after errors and cancellation. Inspect process-global state and compiler lifetimes; reuse is justified only by isolation evidence, not because `charon_lib` can deserialize LLBC.",cargo-rust-charon-anneal-coverage-matrix-2026-09-28;charon-performance-and-revision-probes-2026-09-28;charon-llbc-output-goldens-and-revision-diffs-2026-09-27,,,partial,,R36 used isolated Charon processes; same-process reset after error/cancel and a fresh-process equivalence oracle remain untested.,anneal-3730-charon-concurrency-interruption-2026-09-29;anneal-3730-charon-warm-target-controls-2026-09-29,"Pinned Charon direct/Cargo two-process separate and shared destination trials, malformed shared JSON witnesses, controlled --format all FIFO stop after JSON, retry and stale-output failure. Boundary: At most two tiny crates; kill boundary is before regular Postcard artifact, not all extraction phases or an Anneal output transaction. | Pinned Charon/Cargo warm target sentinel and absent-output controls; copied B shadow/private/shared-target path-sensitive build script produced 217/205 mixed subject; failed warm run retained old LLBC. Boundary: One selected --package --lib wrapper and path-sensitive fixture; no unsaved editor overlay, general target closure or same-process Charon reset.",anneal-3730-charon-subject-output-phase-matrix-2026-09-29,"Pinned Charon Cargo lib/bin/test/feature/target/flag/reorder controls; four identical --test requests invoked three driver units and alternated final test/binary LLBC despite success; regular-file 4 KiB partial output after RLIMIT_FSIZE, last-good copy and retry; two private concurrent requests. Boundary: One small crate, no unsaved overlay, installed x86 target, complete compilation-unit key, same-process library, all kill phases, real Anneal publication or shared writable target.",anneal-3730-charon-subject-output-phase-matrix-2026-09-29/support/probe.py;anneal-3730-charon-subject-output-phase-matrix-2026-09-29/support/raw-results.json;anneal-3730-charon-subject-output-phase-matrix-2026-09-29/support/manifests/test-repeat-1.json;anneal-3730-charon-subject-output-phase-matrix-2026-09-29/support/manifests/test-repeat-2.json;anneal-3730-charon-subject-output-phase-matrix-2026-09-29/support/artifacts/quota-partial.llbc,anneal-3730-charon-build-closure-control-2026-09-29,"Ten offline private-target Cargo/Charon requests varied build.rs, proc macro, include_str, env, path dependency and source path; parsed LLBC/declaration projections and rejected a successful wrong binary unit. Boundary: One pinned Charon/Cargo tuple and saved copied workspace; no unsaved overlays, arbitrary input closure, same-process reset or Anneal scheduler.",anneal-3730-charon-build-closure-control-2026-09-29/REPORT.md;anneal-3730-charon-build-closure-control-2026-09-29/support/raw-results.json;anneal-3730-charon-build-closure-control-2026-09-29/support/artifacts/baseline.llbc;anneal-3730-charon-build-closure-control-2026-09-29/support/artifacts/bin-unit.llbc;anneal-3730-charon-build-closure-control-2026-09-29/support/probe.py;anneal-3730-charon-build-closure-control-2026-09-29/support/verify.py,anneal-3730-cross-tool-stage-cancellation-cleanup-2026-09-29,"Eight sequential private process-group stop/kill/retry trials across Cargo, Charon, Aeneas, Lake and Lean, including delayed Cargo/Charon/Lake child snapshots; a separate synthetic generation fence rejected eight late result digests. Boundary: Independent CLI fixtures, launch-boundary stops for Aeneas/Lean, 80-ms delayed controls rather than phase barriers, no Anneal scheduler, escaped daemon or integrated pipeline.",anneal-3730-cross-tool-stage-cancellation-cleanup-2026-09-29/REPORT.md;anneal-3730-cross-tool-stage-cancellation-cleanup-2026-09-29/support/results.json;anneal-3730-cross-tool-stage-cancellation-cleanup-2026-09-29/support/fence-results.json;anneal-3730-cross-tool-stage-cancellation-cleanup-2026-09-29/support/artifacts/charon-app.llbc;anneal-3730-cross-tool-stage-cancellation-cleanup-2026-09-29/support/artifacts/lake-Probe.olean;anneal-3730-cross-tool-stage-cancellation-cleanup-2026-09-29/support/probe.py;anneal-3730-cross-tool-stage-cancellation-cleanup-2026-09-29/support/fence_oracle.py;anneal-3730-cross-tool-stage-cancellation-cleanup-2026-09-29/support/verify.py,anneal-3730-cross-tool-active-cancellation-barriers-2026-09-29,"Active FIFO output barriers stopped Charon and Aeneas with parseable/incomplete output sets; Lean run_tac blocked a Lake child after module A; process-group SIGKILL and private retry/fresh Lean oracle passed. A real old Aeneas CLI completed before an experiment-side late wrapper rejected generation 1 after generation 2 advanced. Boundary: Selected CLI phases/private roots and experiment-side authority, not Anneal scheduler; no general orphan proof, same-process API, every stage phase or transactional publication.",anneal-3730-cross-tool-active-cancellation-barriers-2026-09-29/REPORT.md;anneal-3730-cross-tool-active-cancellation-barriers-2026-09-29/support/results.json;anneal-3730-cross-tool-active-cancellation-barriers-2026-09-29/support/work/charon/base.llbc;anneal-3730-cross-tool-active-cancellation-barriers-2026-09-29/support/work/charon/base.llbc.postcard;anneal-3730-cross-tool-active-cancellation-barriers-2026-09-29/support/work/aeneas-cancel/Types.lean;anneal-3730-cross-tool-active-cancellation-barriers-2026-09-29/support/work/lake/.lake/build/lib/lean/Cancel/A.olean;anneal-3730-cross-tool-active-cancellation-barriers-2026-09-29/support/probe.py;anneal-3730-cross-tool-active-cancellation-barriers-2026-09-29/support/check.py,,,,,,,,,,anneal-3730-saved-vs-private-rust-overlay-2026-09-29,"Pinned Cargo/Charon extracted ten private materialized workspace requests with build.rs, local proc macro, generated include!, include_str!, env!, path dependency and separate binary. Saved/clean copies matched relative source and unit-graph subject keys; input perturbations, stale-key rejection and wrong-unit rejection were observed with retained LLBC, normalized five/six-unit graphs and per-request private targets. Boundary: Private filesystem copies are not unsaved editor/rustc overlay API; no same-process Charon reset, arbitrary build closure, complete target/config matrix, concurrent target sharing or Anneal scheduler/publication.",anneal-3730-saved-vs-private-rust-overlay-2026-09-29/REPORT.md;anneal-3730-saved-vs-private-rust-overlay-2026-09-29/support/results.json;anneal-3730-saved-vs-private-rust-overlay-2026-09-29/support/probe.py;anneal-3730-saved-vs-private-rust-overlay-2026-09-29/support/verify.py,,,,,,
I078,"J. Cargo, rustc, and Charon input/execution boundaries",Charon output transaction and completeness,X,"Interrupt or fail extraction at multiple stages with a previous successful output present. Test parsing, declared version, subject identity, output completeness, and atomic publication. Distinguish malformed output, partial extraction, unsupported code, and no output rather than relying only on process exit status.",cargo-rust-charon-anneal-coverage-matrix-2026-09-28;charon-performance-and-revision-probes-2026-09-28;charon-llbc-output-goldens-and-revision-diffs-2026-09-27,anneal-3730-charon-aeneas-boundary-2026-09-29,anneal-3730-charon-scaling-subject-closure-2026-09-29,partial,"Pinned Charon/Cargo workspace: 1/32/192 root closure, feature/build-script/include input perturbations and wrong-member partial LLBC after failed multi-library request. Boundary: Saved sources/fresh targets only; no overlay, warm-target proof, concurrent producers or full semantic normalization.","R36 wrote request-private LLBC, complementing earlier interruption controls; schema-validated transactional publication of a complete Charon output set with last-good preservation remains a product implementation gap.",anneal-3730-charon-concurrency-interruption-2026-09-29;anneal-3730-charon-warm-target-controls-2026-09-29,"Pinned Charon direct/Cargo two-process separate and shared destination trials, malformed shared JSON witnesses, controlled --format all FIFO stop after JSON, retry and stale-output failure. Boundary: At most two tiny crates; kill boundary is before regular Postcard artifact, not all extraction phases or an Anneal output transaction. | Pinned Charon/Cargo warm target sentinel and absent-output controls; copied B shadow/private/shared-target path-sensitive build script produced 217/205 mixed subject; failed warm run retained old LLBC. Boundary: One selected --package --lib wrapper and path-sensitive fixture; no unsaved editor overlay, general target closure or same-process Charon reset.",anneal-3730-charon-subject-output-phase-matrix-2026-09-29,"Pinned Charon Cargo lib/bin/test/feature/target/flag/reorder controls; four identical --test requests invoked three driver units and alternated final test/binary LLBC despite success; regular-file 4 KiB partial output after RLIMIT_FSIZE, last-good copy and retry; two private concurrent requests. Boundary: One small crate, no unsaved overlay, installed x86 target, complete compilation-unit key, same-process library, all kill phases, real Anneal publication or shared writable target.",anneal-3730-charon-subject-output-phase-matrix-2026-09-29/support/probe.py;anneal-3730-charon-subject-output-phase-matrix-2026-09-29/support/raw-results.json;anneal-3730-charon-subject-output-phase-matrix-2026-09-29/support/manifests/test-repeat-1.json;anneal-3730-charon-subject-output-phase-matrix-2026-09-29/support/manifests/test-repeat-2.json;anneal-3730-charon-subject-output-phase-matrix-2026-09-29/support/artifacts/quota-partial.llbc,anneal-3730-charon-build-closure-control-2026-09-29,"Ten offline private-target Cargo/Charon requests varied build.rs, proc macro, include_str, env, path dependency and source path; parsed LLBC/declaration projections and rejected a successful wrong binary unit. Boundary: One pinned Charon/Cargo tuple and saved copied workspace; no unsaved overlays, arbitrary input closure, same-process reset or Anneal scheduler.",anneal-3730-charon-build-closure-control-2026-09-29/REPORT.md;anneal-3730-charon-build-closure-control-2026-09-29/support/raw-results.json;anneal-3730-charon-build-closure-control-2026-09-29/support/artifacts/baseline.llbc;anneal-3730-charon-build-closure-control-2026-09-29/support/artifacts/bin-unit.llbc;anneal-3730-charon-build-closure-control-2026-09-29/support/probe.py;anneal-3730-charon-build-closure-control-2026-09-29/support/verify.py,anneal-3730-cross-tool-stage-cancellation-cleanup-2026-09-29,"Eight sequential private process-group stop/kill/retry trials across Cargo, Charon, Aeneas, Lake and Lean, including delayed Cargo/Charon/Lake child snapshots; a separate synthetic generation fence rejected eight late result digests. Boundary: Independent CLI fixtures, launch-boundary stops for Aeneas/Lean, 80-ms delayed controls rather than phase barriers, no Anneal scheduler, escaped daemon or integrated pipeline.",anneal-3730-cross-tool-stage-cancellation-cleanup-2026-09-29/REPORT.md;anneal-3730-cross-tool-stage-cancellation-cleanup-2026-09-29/support/results.json;anneal-3730-cross-tool-stage-cancellation-cleanup-2026-09-29/support/fence-results.json;anneal-3730-cross-tool-stage-cancellation-cleanup-2026-09-29/support/artifacts/charon-app.llbc;anneal-3730-cross-tool-stage-cancellation-cleanup-2026-09-29/support/artifacts/lake-Probe.olean;anneal-3730-cross-tool-stage-cancellation-cleanup-2026-09-29/support/probe.py;anneal-3730-cross-tool-stage-cancellation-cleanup-2026-09-29/support/fence_oracle.py;anneal-3730-cross-tool-stage-cancellation-cleanup-2026-09-29/support/verify.py,anneal-3730-cross-tool-active-cancellation-barriers-2026-09-29,"Active FIFO output barriers stopped Charon and Aeneas with parseable/incomplete output sets; Lean run_tac blocked a Lake child after module A; process-group SIGKILL and private retry/fresh Lean oracle passed. A real old Aeneas CLI completed before an experiment-side late wrapper rejected generation 1 after generation 2 advanced. Boundary: Selected CLI phases/private roots and experiment-side authority, not Anneal scheduler; no general orphan proof, same-process API, every stage phase or transactional publication.",anneal-3730-cross-tool-active-cancellation-barriers-2026-09-29/REPORT.md;anneal-3730-cross-tool-active-cancellation-barriers-2026-09-29/support/results.json;anneal-3730-cross-tool-active-cancellation-barriers-2026-09-29/support/work/charon/base.llbc;anneal-3730-cross-tool-active-cancellation-barriers-2026-09-29/support/work/charon/base.llbc.postcard;anneal-3730-cross-tool-active-cancellation-barriers-2026-09-29/support/work/aeneas-cancel/Types.lean;anneal-3730-cross-tool-active-cancellation-barriers-2026-09-29/support/work/lake/.lake/build/lib/lean/Cancel/A.olean;anneal-3730-cross-tool-active-cancellation-barriers-2026-09-29/support/probe.py;anneal-3730-cross-tool-active-cancellation-barriers-2026-09-29/support/check.py,anneal-3730-cli-graceful-cancel-signals-2026-09-29,"Seven active-gate CLI cases compared SIGINT/SIGTERM first signals with SIGKILL at Charon partial JSON/Postcard, Aeneas Types/Funs and Lake Lean run_tac barriers; process-group, pipe/lsof, selected advisory flock, same-directory retry and fresh Charon/Lean consumer outcomes recorded. A deliberately SIGINT-ignoring supervisor exercised bounded escalation. Boundary: Selected CLI phases and immediate process-group snapshots only; advisory flock probe does not exclude other locks/orphans, synthetic supervisor does not describe ordinary Aeneas SIGINT, no Anneal scheduler or transactional publication.",anneal-3730-cli-graceful-cancel-signals-2026-09-29/REPORT.md;anneal-3730-cli-graceful-cancel-signals-2026-09-29/support/results.json.gz;anneal-3730-cli-graceful-cancel-signals-2026-09-29/support/work/charon-graceful/input.llbc;anneal-3730-cli-graceful-cancel-signals-2026-09-29/support/work/aeneas-graceful/Types.lean;anneal-3730-cli-graceful-cancel-signals-2026-09-29/support/probe.py;anneal-3730-cli-graceful-cancel-signals-2026-09-29/support/check.py;anneal-3730-cli-graceful-cancel-signals-2026-09-29/support/ignore_int_supervisor.py,,,,,,,anneal-3730-saved-vs-private-rust-overlay-2026-09-29,"Pinned Cargo/Charon extracted ten private materialized workspace requests with build.rs, local proc macro, generated include!, include_str!, env!, path dependency and separate binary. Saved/clean copies matched relative source and unit-graph subject keys; input perturbations, stale-key rejection and wrong-unit rejection were observed with retained LLBC, normalized five/six-unit graphs and per-request private targets. Boundary: Private filesystem copies are not unsaved editor/rustc overlay API; no same-process Charon reset, arbitrary build closure, complete target/config matrix, concurrent target sharing or Anneal scheduler/publication.",anneal-3730-saved-vs-private-rust-overlay-2026-09-29/REPORT.md;anneal-3730-saved-vs-private-rust-overlay-2026-09-29/support/results.json;anneal-3730-saved-vs-private-rust-overlay-2026-09-29/support/probe.py;anneal-3730-saved-vs-private-rust-overlay-2026-09-29/support/verify.py,,,,,,
I079,"J. Cargo, rustc, and Charon input/execution boundaries","LLBC identity, normalization, and source metadata",S/X/M,"Perturb paths, comments, declaration order, tool flags, and compiler revisions. Compare raw LLBC with proposed cache-key normalization. Construct cases where apparently incidental metadata affects annotation association or diagnostics; separate semantic translation reuse from freshness of source provenance.",cargo-rust-charon-anneal-coverage-matrix-2026-09-28;charon-performance-and-revision-probes-2026-09-28;charon-llbc-output-goldens-and-revision-diffs-2026-09-27,anneal-3730-charon-aeneas-boundary-2026-09-29,anneal-3730-charon-scaling-subject-closure-2026-09-29,partial,"Pinned Charon/Cargo workspace: 1/32/192 root closure, feature/build-script/include input perturbations and wrong-member partial LLBC after failed multi-library request. Boundary: Saved sources/fresh targets only; no overlay, warm-target proof, concurrent producers or full semantic normalization.","R42 isolated five source-unchanged same-path Charon LLBC hash changes to permutations of the 225-byte translated.short_names array; R43 fed all five into pinned one-shot Aeneas and obtained identical Lean bytes/declarations and successful fresh proof oracles. Arbitrary input/path/flag/revision variation, annotation/provenance safety, same-process behavior, general schema-aware normalization and actual Anneal key policy remain unresolved.",anneal-3730-charon-concurrency-interruption-2026-09-29;anneal-3730-charon-warm-target-controls-2026-09-29,"Pinned Charon direct/Cargo two-process separate and shared destination trials, malformed shared JSON witnesses, controlled --format all FIFO stop after JSON, retry and stale-output failure. Boundary: At most two tiny crates; kill boundary is before regular Postcard artifact, not all extraction phases or an Anneal output transaction. | Pinned Charon/Cargo warm target sentinel and absent-output controls; copied B shadow/private/shared-target path-sensitive build script produced 217/205 mixed subject; failed warm run retained old LLBC. Boundary: One selected --package --lib wrapper and path-sensitive fixture; no unsaved editor overlay, general target closure or same-process Charon reset.",anneal-3730-charon-subject-output-phase-matrix-2026-09-29,"Pinned Charon Cargo lib/bin/test/feature/target/flag/reorder controls; four identical --test requests invoked three driver units and alternated final test/binary LLBC despite success; regular-file 4 KiB partial output after RLIMIT_FSIZE, last-good copy and retry; two private concurrent requests. Boundary: One small crate, no unsaved overlay, installed x86 target, complete compilation-unit key, same-process library, all kill phases, real Anneal publication or shared writable target.",anneal-3730-charon-subject-output-phase-matrix-2026-09-29/support/probe.py;anneal-3730-charon-subject-output-phase-matrix-2026-09-29/support/raw-results.json;anneal-3730-charon-subject-output-phase-matrix-2026-09-29/support/manifests/test-repeat-1.json;anneal-3730-charon-subject-output-phase-matrix-2026-09-29/support/manifests/test-repeat-2.json;anneal-3730-charon-subject-output-phase-matrix-2026-09-29/support/artifacts/quota-partial.llbc,anneal-3730-charon-build-closure-control-2026-09-29,"Ten offline private-target Cargo/Charon requests varied build.rs, proc macro, include_str, env, path dependency and source path; parsed LLBC/declaration projections and rejected a successful wrong binary unit. Boundary: One pinned Charon/Cargo tuple and saved copied workspace; no unsaved overlays, arbitrary input closure, same-process reset or Anneal scheduler.",anneal-3730-charon-build-closure-control-2026-09-29/REPORT.md;anneal-3730-charon-build-closure-control-2026-09-29/support/raw-results.json;anneal-3730-charon-build-closure-control-2026-09-29/support/artifacts/baseline.llbc;anneal-3730-charon-build-closure-control-2026-09-29/support/artifacts/bin-unit.llbc;anneal-3730-charon-build-closure-control-2026-09-29/support/probe.py;anneal-3730-charon-build-closure-control-2026-09-29/support/verify.py,anneal-3730-cross-tool-stage-cancellation-cleanup-2026-09-29,"Eight sequential private process-group stop/kill/retry trials across Cargo, Charon, Aeneas, Lake and Lean, including delayed Cargo/Charon/Lake child snapshots; a separate synthetic generation fence rejected eight late result digests. Boundary: Independent CLI fixtures, launch-boundary stops for Aeneas/Lean, 80-ms delayed controls rather than phase barriers, no Anneal scheduler, escaped daemon or integrated pipeline.",anneal-3730-cross-tool-stage-cancellation-cleanup-2026-09-29/REPORT.md;anneal-3730-cross-tool-stage-cancellation-cleanup-2026-09-29/support/results.json;anneal-3730-cross-tool-stage-cancellation-cleanup-2026-09-29/support/fence-results.json;anneal-3730-cross-tool-stage-cancellation-cleanup-2026-09-29/support/artifacts/charon-app.llbc;anneal-3730-cross-tool-stage-cancellation-cleanup-2026-09-29/support/artifacts/lake-Probe.olean;anneal-3730-cross-tool-stage-cancellation-cleanup-2026-09-29/support/probe.py;anneal-3730-cross-tool-stage-cancellation-cleanup-2026-09-29/support/fence_oracle.py;anneal-3730-cross-tool-stage-cancellation-cleanup-2026-09-29/support/verify.py,anneal-3730-cross-tool-active-cancellation-barriers-2026-09-29,"Active FIFO output barriers stopped Charon and Aeneas with parseable/incomplete output sets; Lean run_tac blocked a Lake child after module A; process-group SIGKILL and private retry/fresh Lean oracle passed. A real old Aeneas CLI completed before an experiment-side late wrapper rejected generation 1 after generation 2 advanced. Boundary: Selected CLI phases/private roots and experiment-side authority, not Anneal scheduler; no general orphan proof, same-process API, every stage phase or transactional publication.",anneal-3730-cross-tool-active-cancellation-barriers-2026-09-29/REPORT.md;anneal-3730-cross-tool-active-cancellation-barriers-2026-09-29/support/results.json;anneal-3730-cross-tool-active-cancellation-barriers-2026-09-29/support/work/charon/base.llbc;anneal-3730-cross-tool-active-cancellation-barriers-2026-09-29/support/work/charon/base.llbc.postcard;anneal-3730-cross-tool-active-cancellation-barriers-2026-09-29/support/work/aeneas-cancel/Types.lean;anneal-3730-cross-tool-active-cancellation-barriers-2026-09-29/support/work/lake/.lake/build/lib/lean/Cancel/A.olean;anneal-3730-cross-tool-active-cancellation-barriers-2026-09-29/support/probe.py;anneal-3730-cross-tool-active-cancellation-barriers-2026-09-29/support/check.py,,,,,,,,,,anneal-3730-saved-vs-private-rust-overlay-2026-09-29,"Pinned Cargo/Charon extracted ten private materialized workspace requests with build.rs, local proc macro, generated include!, include_str!, env!, path dependency and separate binary. Saved/clean copies matched relative source and unit-graph subject keys; input perturbations, stale-key rejection and wrong-unit rejection were observed with retained LLBC, normalized five/six-unit graphs and per-request private targets. Boundary: Private filesystem copies are not unsaved editor/rustc overlay API; no same-process Charon reset, arbitrary build closure, complete target/config matrix, concurrent target sharing or Anneal scheduler/publication.",anneal-3730-saved-vs-private-rust-overlay-2026-09-29/REPORT.md;anneal-3730-saved-vs-private-rust-overlay-2026-09-29/support/results.json;anneal-3730-saved-vs-private-rust-overlay-2026-09-29/support/probe.py;anneal-3730-saved-vs-private-rust-overlay-2026-09-29/support/verify.py,anneal-3730-charon-shortname-aeneas-impact-2026-09-29;anneal-3730-charon-warm-noop-byte-diff-2026-09-29,"Five exact R42 order-only LLBC variants went through separate pinned one-shot Aeneas CLI destinations and fresh direct Lean and Lake consumers. All four generated Lean files/declaration sets and direct Lean proof/axiom oracles matched. Five fresh Lake builds succeeded; same-project no-write and four same-path byte-identical replacements replayed all four local modules without trace/OLean changes. One fresh cross-path FunsExternal OLean hash differed because private pathname bytes were embedded. Boundary: One tiny fixture with two external dependency axioms, one-shot Aeneas, warmed cached packages and no actual Anneal generator/publisher; arbitrary short-name reordering, semantic refinement, same-process reset, substantive model edits and general cache normalization are unproved. | Five consecutive pinned Charon/Cargo requests reused the same source manifest, target, output path and flags. All five 10,936-byte LLBC files had distinct hashes/mtimes, but the only changed 225-byte field was translated.short_names array order; keyed entries, definitions, spans and remaining bytes matched. Sorting only that field yielded one byte stream. Source inspection found HashMap iteration feeding insertion-ordered SeqHashMap serialization, consistent with the observed permutations. Boundary: One tiny pinned fixture; the Charon source snapshot was not rebuilt into the tested binary, no downstream Aeneas cost/oracle was measured, arbitrary LLBC array normalization is unjustified, and revisions/path/annotation/semantic equivalence remain untested.",anneal-3730-charon-shortname-aeneas-impact-2026-09-29/REPORT.md;anneal-3730-charon-shortname-aeneas-impact-2026-09-29/support/results.json;anneal-3730-charon-shortname-aeneas-impact-2026-09-29/support/work/run-1/probe.llbc;anneal-3730-charon-shortname-aeneas-impact-2026-09-29/support/work/run-1/generated/Funs.lean;anneal-3730-charon-shortname-aeneas-impact-2026-09-29/support/work/run-5/generated/Funs.lean;anneal-3730-charon-shortname-aeneas-impact-2026-09-29/support/probe.py;anneal-3730-charon-shortname-aeneas-impact-2026-09-29/support/check.py;anneal-3730-charon-warm-noop-byte-diff-2026-09-29/REPORT.md;anneal-3730-charon-warm-noop-byte-diff-2026-09-29/support/results.json;anneal-3730-charon-warm-noop-byte-diff-2026-09-29/support/source-inspection.json;anneal-3730-charon-warm-noop-byte-diff-2026-09-29/support/artifacts/run-1.llbc;anneal-3730-charon-warm-noop-byte-diff-2026-09-29/support/artifacts/run-5.llbc;anneal-3730-charon-warm-noop-byte-diff-2026-09-29/support/probe.py;anneal-3730-charon-warm-noop-byte-diff-2026-09-29/support/verify.py,,,
I080,"J. Cargo, rustc, and Charon input/execution boundaries",Rust-side resource sharing and cleanup,X,"Measure Cargo target directories, compiler incremental data, build-script products, and wrapper processes across parallel snapshot consumers. Compare isolated versus shared writable caches under cancellation. Determine whether eliminating Lake copies merely moves disk amplification or contention into the Rust extraction stage.",cargo-rust-charon-anneal-coverage-matrix-2026-09-28;charon-performance-and-revision-probes-2026-09-28;charon-llbc-output-goldens-and-revision-diffs-2026-09-27,,,partial,,"R36 kept targets/LLBC destinations private per request; parallel process-tree peaks, shared-target safety, sustained descendant cleanup and same-process resource reuse remain untested.",anneal-3730-charon-concurrency-interruption-2026-09-29;anneal-3730-charon-warm-target-controls-2026-09-29,"Pinned Charon direct/Cargo two-process separate and shared destination trials, malformed shared JSON witnesses, controlled --format all FIFO stop after JSON, retry and stale-output failure. Boundary: At most two tiny crates; kill boundary is before regular Postcard artifact, not all extraction phases or an Anneal output transaction. | Pinned Charon/Cargo warm target sentinel and absent-output controls; copied B shadow/private/shared-target path-sensitive build script produced 217/205 mixed subject; failed warm run retained old LLBC. Boundary: One selected --package --lib wrapper and path-sensitive fixture; no unsaved editor overlay, general target closure or same-process Charon reset.",anneal-3730-charon-subject-output-phase-matrix-2026-09-29,"Pinned Charon Cargo lib/bin/test/feature/target/flag/reorder controls; four identical --test requests invoked three driver units and alternated final test/binary LLBC despite success; regular-file 4 KiB partial output after RLIMIT_FSIZE, last-good copy and retry; two private concurrent requests. Boundary: One small crate, no unsaved overlay, installed x86 target, complete compilation-unit key, same-process library, all kill phases, real Anneal publication or shared writable target.",anneal-3730-charon-subject-output-phase-matrix-2026-09-29/support/probe.py;anneal-3730-charon-subject-output-phase-matrix-2026-09-29/support/raw-results.json;anneal-3730-charon-subject-output-phase-matrix-2026-09-29/support/manifests/test-repeat-1.json;anneal-3730-charon-subject-output-phase-matrix-2026-09-29/support/manifests/test-repeat-2.json;anneal-3730-charon-subject-output-phase-matrix-2026-09-29/support/artifacts/quota-partial.llbc,anneal-3730-charon-build-closure-control-2026-09-29,"Ten offline private-target Cargo/Charon requests varied build.rs, proc macro, include_str, env, path dependency and source path; parsed LLBC/declaration projections and rejected a successful wrong binary unit. Boundary: One pinned Charon/Cargo tuple and saved copied workspace; no unsaved overlays, arbitrary input closure, same-process reset or Anneal scheduler.",anneal-3730-charon-build-closure-control-2026-09-29/REPORT.md;anneal-3730-charon-build-closure-control-2026-09-29/support/raw-results.json;anneal-3730-charon-build-closure-control-2026-09-29/support/artifacts/baseline.llbc;anneal-3730-charon-build-closure-control-2026-09-29/support/artifacts/bin-unit.llbc;anneal-3730-charon-build-closure-control-2026-09-29/support/probe.py;anneal-3730-charon-build-closure-control-2026-09-29/support/verify.py,anneal-3730-cross-tool-stage-cancellation-cleanup-2026-09-29,"Eight sequential private process-group stop/kill/retry trials across Cargo, Charon, Aeneas, Lake and Lean, including delayed Cargo/Charon/Lake child snapshots; a separate synthetic generation fence rejected eight late result digests. Boundary: Independent CLI fixtures, launch-boundary stops for Aeneas/Lean, 80-ms delayed controls rather than phase barriers, no Anneal scheduler, escaped daemon or integrated pipeline.",anneal-3730-cross-tool-stage-cancellation-cleanup-2026-09-29/REPORT.md;anneal-3730-cross-tool-stage-cancellation-cleanup-2026-09-29/support/results.json;anneal-3730-cross-tool-stage-cancellation-cleanup-2026-09-29/support/fence-results.json;anneal-3730-cross-tool-stage-cancellation-cleanup-2026-09-29/support/artifacts/charon-app.llbc;anneal-3730-cross-tool-stage-cancellation-cleanup-2026-09-29/support/artifacts/lake-Probe.olean;anneal-3730-cross-tool-stage-cancellation-cleanup-2026-09-29/support/probe.py;anneal-3730-cross-tool-stage-cancellation-cleanup-2026-09-29/support/fence_oracle.py;anneal-3730-cross-tool-stage-cancellation-cleanup-2026-09-29/support/verify.py,anneal-3730-cross-tool-active-cancellation-barriers-2026-09-29,"Active FIFO output barriers stopped Charon and Aeneas with parseable/incomplete output sets; Lean run_tac blocked a Lake child after module A; process-group SIGKILL and private retry/fresh Lean oracle passed. A real old Aeneas CLI completed before an experiment-side late wrapper rejected generation 1 after generation 2 advanced. Boundary: Selected CLI phases/private roots and experiment-side authority, not Anneal scheduler; no general orphan proof, same-process API, every stage phase or transactional publication.",anneal-3730-cross-tool-active-cancellation-barriers-2026-09-29/REPORT.md;anneal-3730-cross-tool-active-cancellation-barriers-2026-09-29/support/results.json;anneal-3730-cross-tool-active-cancellation-barriers-2026-09-29/support/work/charon/base.llbc;anneal-3730-cross-tool-active-cancellation-barriers-2026-09-29/support/work/charon/base.llbc.postcard;anneal-3730-cross-tool-active-cancellation-barriers-2026-09-29/support/work/aeneas-cancel/Types.lean;anneal-3730-cross-tool-active-cancellation-barriers-2026-09-29/support/work/lake/.lake/build/lib/lean/Cancel/A.olean;anneal-3730-cross-tool-active-cancellation-barriers-2026-09-29/support/probe.py;anneal-3730-cross-tool-active-cancellation-barriers-2026-09-29/support/check.py,anneal-3730-cli-graceful-cancel-signals-2026-09-29,"Seven active-gate CLI cases compared SIGINT/SIGTERM first signals with SIGKILL at Charon partial JSON/Postcard, Aeneas Types/Funs and Lake Lean run_tac barriers; process-group, pipe/lsof, selected advisory flock, same-directory retry and fresh Charon/Lean consumer outcomes recorded. A deliberately SIGINT-ignoring supervisor exercised bounded escalation. Boundary: Selected CLI phases and immediate process-group snapshots only; advisory flock probe does not exclude other locks/orphans, synthetic supervisor does not describe ordinary Aeneas SIGINT, no Anneal scheduler or transactional publication.",anneal-3730-cli-graceful-cancel-signals-2026-09-29/REPORT.md;anneal-3730-cli-graceful-cancel-signals-2026-09-29/support/results.json.gz;anneal-3730-cli-graceful-cancel-signals-2026-09-29/support/work/charon-graceful/input.llbc;anneal-3730-cli-graceful-cancel-signals-2026-09-29/support/work/aeneas-graceful/Types.lean;anneal-3730-cli-graceful-cancel-signals-2026-09-29/support/probe.py;anneal-3730-cli-graceful-cancel-signals-2026-09-29/support/check.py;anneal-3730-cli-graceful-cancel-signals-2026-09-29/support/ignore_int_supervisor.py,,,,,,,anneal-3730-saved-vs-private-rust-overlay-2026-09-29,"Pinned Cargo/Charon extracted ten private materialized workspace requests with build.rs, local proc macro, generated include!, include_str!, env!, path dependency and separate binary. Saved/clean copies matched relative source and unit-graph subject keys; input perturbations, stale-key rejection and wrong-unit rejection were observed with retained LLBC, normalized five/six-unit graphs and per-request private targets. Boundary: Private filesystem copies are not unsaved editor/rustc overlay API; no same-process Charon reset, arbitrary build closure, complete target/config matrix, concurrent target sharing or Anneal scheduler/publication.",anneal-3730-saved-vs-private-rust-overlay-2026-09-29/REPORT.md;anneal-3730-saved-vs-private-rust-overlay-2026-09-29/support/results.json;anneal-3730-saved-vs-private-rust-overlay-2026-09-29/support/probe.py;anneal-3730-saved-vs-private-rust-overlay-2026-09-29/support/verify.py,,,,,,
I081,K. Aeneas translation boundaries and generated output,One-shot versus reusable Aeneas worker,S/X,"Translate A/B/A with differing options, models, and failures through candidate library/daemon boundaries. Compare outputs with fresh processes and inspect global accumulators/configuration. Test cleanup after cancellation; establish a reentrancy contract before measuring a worker pool as a valid optimization.",aeneas-generated-source-determinism-nightly-2026-06-03;aeneas-generated-source-repeat-run-probe-nightly-2026-06-03;aeneas-incremental-translation-feasibility-nightly-2026-06-03,anneal-3730-aeneas-process-contract-2026-09-29,,conditional,,OCaml/Dune/opam toolchain not installed; same-process Aeneas needs user-approved non-local dependency scope.,,,,,,,,,,,,,,,,,,,,,,,,,,,,,,,,
I082,K. Aeneas translation boundaries and generated output,Exact Aeneas request identity,S/X,"Vary LLBC revision, normalization, translation options, external-model registries, library versions, and naming configuration independently. Determine which inputs affect output or acceptance. Test cache keys against deliberate collisions and distinguish schema compatibility from semantic compatibility.",aeneas-generated-source-determinism-nightly-2026-06-03;aeneas-generated-source-repeat-run-probe-nightly-2026-06-03;aeneas-incremental-translation-feasibility-nightly-2026-06-03,anneal-3730-aeneas-process-contract-2026-09-29;anneal-3730-charon-aeneas-boundary-2026-09-29,anneal-3730-aeneas-identity-manifest-2026-09-29,partial,"Pinned one-shot Aeneas CLI input/flag/schema matrix, complete file/declaration manifest, stale output and partial-sorry failure. Boundary: No same-process library call, registered external-model mutation, authenticated cross-layer mapping or second release.",R33 changed a separately supplied external Lean model while Aeneas text stayed fixed; compiled Aeneas registry/translator normalization/options and a second compatible binary remain unvaried.,,,anneal-3730-aeneas-manifest-batch-oracle-2026-09-29,"Pinned Charon one-shot Rust fixture and Aeneas CLI; changed inc propagates to caller's Lean value, schema mismatch rejects, complete declaration/file inventory, unknown external template, missing/axiom/concrete user models, fresh Lean batch positive/wrong-claim checks. Boundary: No compiled Aeneas external registry mutation, same-process/in-memory API, authenticated ID-to-range map, full Rust semantic oracle or downstream service.",anneal-3730-aeneas-manifest-batch-oracle-2026-09-29/support/probe.py;anneal-3730-aeneas-manifest-batch-oracle-2026-09-29/support/results.json;anneal-3730-aeneas-manifest-batch-oracle-2026-09-29/support/declaration-manifest.json,anneal-3730-aeneas-trait-output-shrink-matrix-2026-09-29,"Fresh one-shot Charon/Aeneas base, reorder, shrink and unsupported-pointer requests; inventoried emitted files/declaration ranges, checked fresh Lean consumers, stale reused destination and sorryAx after translation exit 1. Boundary: One-shot CLI, lexical source/range links and locally supplied external Lean model; no compiled external registry mutation, same-process OCaml API or authenticated producer map.",anneal-3730-aeneas-trait-output-shrink-matrix-2026-09-29/REPORT.md;anneal-3730-aeneas-trait-output-shrink-matrix-2026-09-29/support/raw-results.json;anneal-3730-aeneas-trait-output-shrink-matrix-2026-09-29/support/inputs/base/trait_probe.rs;anneal-3730-aeneas-trait-output-shrink-matrix-2026-09-29/support/outputs/base/Funs.lean;anneal-3730-aeneas-trait-output-shrink-matrix-2026-09-29/support/outputs/error/Funs.lean;anneal-3730-aeneas-trait-output-shrink-matrix-2026-09-29/support/probe.py;anneal-3730-aeneas-trait-output-shrink-matrix-2026-09-29/support/check.py,,,,,,,,,,,,,,,,anneal-3730-external-model-without-codegen-change-2026-09-29,"Pinned Charon→one-shot Aeneas output for one extern Rust call stayed byte-identical while an experiment-owned external Lean model changed among correct, wrong, axiom and missing variants. Fresh batch proof/axiom results changed; forced stale OLean accepted the wrong source, and an old Lean file worker retained prior import state after rebuild while a fresh one rejected it. Boundary: External Lean source model, not compiled Aeneas registry; tiny extern and manually wired proof, no Anneal cache or full option/version matrix.",anneal-3730-external-model-without-codegen-change-2026-09-29/REPORT.md;anneal-3730-external-model-without-codegen-change-2026-09-29/support/results.json;anneal-3730-external-model-without-codegen-change-2026-09-29/support/probe.py;anneal-3730-external-model-without-codegen-change-2026-09-29/support/check.py,,,,,,
I083,K. Aeneas translation boundaries and generated output,Whole-crate versus finer-grained invalidation,S/M/X,"Change one function, type, trait implementation, recursive group, or external model and inspect effects elsewhere. Prototype finer reuse only where dependency evidence supports it. Compare with a full translation oracle and retain counterexamples to per-item caching based solely on unchanged item text.",aeneas-generated-source-determinism-nightly-2026-06-03;aeneas-generated-source-repeat-run-probe-nightly-2026-06-03;aeneas-incremental-translation-feasibility-nightly-2026-06-03,anneal-3730-aeneas-process-contract-2026-09-29,anneal-3730-aeneas-identity-manifest-2026-09-29,partial,"Pinned one-shot Aeneas CLI input/flag/schema matrix, complete file/declaration manifest, stale output and partial-sorry failure. Boundary: No same-process library call, registered external-model mutation, authenticated cross-layer mapping or second release.","R45 compared trait body/signature edits, parsed generated-module imports and guarded Types.olean reuse with fresh proof and stale controls. Aeneas itself still ran whole-crate; same-process item-level invalidation, authenticated dependency graph and larger workload economics remain untested.",,,anneal-3730-aeneas-manifest-batch-oracle-2026-09-29,"Pinned Charon one-shot Rust fixture and Aeneas CLI; changed inc propagates to caller's Lean value, schema mismatch rejects, complete declaration/file inventory, unknown external template, missing/axiom/concrete user models, fresh Lean batch positive/wrong-claim checks. Boundary: No compiled Aeneas external registry mutation, same-process/in-memory API, authenticated ID-to-range map, full Rust semantic oracle or downstream service.",anneal-3730-aeneas-manifest-batch-oracle-2026-09-29/support/probe.py;anneal-3730-aeneas-manifest-batch-oracle-2026-09-29/support/results.json;anneal-3730-aeneas-manifest-batch-oracle-2026-09-29/support/declaration-manifest.json,anneal-3730-aeneas-trait-output-shrink-matrix-2026-09-29,"Fresh one-shot Charon/Aeneas base, reorder, shrink and unsupported-pointer requests; inventoried emitted files/declaration ranges, checked fresh Lean consumers, stale reused destination and sorryAx after translation exit 1. Boundary: One-shot CLI, lexical source/range links and locally supplied external Lean model; no compiled external registry mutation, same-process OCaml API or authenticated producer map.",anneal-3730-aeneas-trait-output-shrink-matrix-2026-09-29/REPORT.md;anneal-3730-aeneas-trait-output-shrink-matrix-2026-09-29/support/raw-results.json;anneal-3730-aeneas-trait-output-shrink-matrix-2026-09-29/support/inputs/base/trait_probe.rs;anneal-3730-aeneas-trait-output-shrink-matrix-2026-09-29/support/outputs/base/Funs.lean;anneal-3730-aeneas-trait-output-shrink-matrix-2026-09-29/support/outputs/error/Funs.lean;anneal-3730-aeneas-trait-output-shrink-matrix-2026-09-29/support/probe.py;anneal-3730-aeneas-trait-output-shrink-matrix-2026-09-29/support/check.py,,,,,,,,,,,,,,,,,,,,,,anneal-3730-aeneas-restricted-reuse-2026-09-29,"Same-path trait body/signature edits; whole-crate Aeneas each time; parsed three-module graph; guarded Types.olean reuse, fresh Lean proof and two unsafe-reuse failures. Boundary: Oracle-guided CLI wrapper always regenerates whole crate; no same-process item-level Aeneas API, authenticated dependency graph or speedup.",anneal-3730-aeneas-restricted-reuse-2026-09-29/REPORT.md;anneal-3730-aeneas-restricted-reuse-2026-09-29/support/results.json;anneal-3730-aeneas-restricted-reuse-2026-09-29/support/check.py
I084,K. Aeneas translation boundaries and generated output,Generated-name and declaration stability,X,"Apply unrelated edits, helper insertion, reordering, and module moves while keeping a selected Rust behavior unchanged. Measure changes to Lean names, signatures, and proof context. Determine whether stable naming is an upstream opportunity, an adapter concern, or an unavoidable proof-maintenance boundary.",aeneas-generated-source-determinism-nightly-2026-06-03;aeneas-generated-source-repeat-run-probe-nightly-2026-06-03;aeneas-incremental-translation-feasibility-nightly-2026-06-03,anneal-3730-charon-aeneas-boundary-2026-09-29,anneal-3730-aeneas-identity-manifest-2026-09-29,partial,"Pinned one-shot Aeneas CLI input/flag/schema matrix, complete file/declaration manifest, stale output and partial-sorry failure. Boundary: No same-process library call, registered external-model mutation, authenticated cross-layer mapping or second release.","Calibrate generated-name and proof-context stability for broader moves, namespaces/signature changes; R09 showed unchanged caller proof under reorder despite changed bytes/ranges.",,,anneal-3730-aeneas-manifest-batch-oracle-2026-09-29,"Pinned Charon one-shot Rust fixture and Aeneas CLI; changed inc propagates to caller's Lean value, schema mismatch rejects, complete declaration/file inventory, unknown external template, missing/axiom/concrete user models, fresh Lean batch positive/wrong-claim checks. Boundary: No compiled Aeneas external registry mutation, same-process/in-memory API, authenticated ID-to-range map, full Rust semantic oracle or downstream service.",anneal-3730-aeneas-manifest-batch-oracle-2026-09-29/support/probe.py;anneal-3730-aeneas-manifest-batch-oracle-2026-09-29/support/results.json;anneal-3730-aeneas-manifest-batch-oracle-2026-09-29/support/declaration-manifest.json,anneal-3730-aeneas-trait-output-shrink-matrix-2026-09-29,"Fresh one-shot Charon/Aeneas base, reorder, shrink and unsupported-pointer requests; inventoried emitted files/declaration ranges, checked fresh Lean consumers, stale reused destination and sorryAx after translation exit 1. Boundary: One-shot CLI, lexical source/range links and locally supplied external Lean model; no compiled external registry mutation, same-process OCaml API or authenticated producer map.",anneal-3730-aeneas-trait-output-shrink-matrix-2026-09-29/REPORT.md;anneal-3730-aeneas-trait-output-shrink-matrix-2026-09-29/support/raw-results.json;anneal-3730-aeneas-trait-output-shrink-matrix-2026-09-29/support/inputs/base/trait_probe.rs;anneal-3730-aeneas-trait-output-shrink-matrix-2026-09-29/support/outputs/base/Funs.lean;anneal-3730-aeneas-trait-output-shrink-matrix-2026-09-29/support/outputs/error/Funs.lean;anneal-3730-aeneas-trait-output-shrink-matrix-2026-09-29/support/probe.py;anneal-3730-aeneas-trait-output-shrink-matrix-2026-09-29/support/check.py,,,,,,,,,,,,,,,,,,,,,,,,
I085,K. Aeneas translation boundaries and generated output,Multi-file emission and ownership,X,"Exercise generated files, user-maintained external models, output deletion, and partial translation failure. Compare complete output manifests with in-place emission. Confirm that regeneration neither overwrites user files nor leaves stale generated declarations available after the new translation should have removed them.",aeneas-generated-source-determinism-nightly-2026-06-03;aeneas-generated-source-repeat-run-probe-nightly-2026-06-03;aeneas-incremental-translation-feasibility-nightly-2026-06-03,anneal-3730-charon-aeneas-boundary-2026-09-29,anneal-3730-aeneas-identity-manifest-2026-09-29,partial,"Pinned one-shot Aeneas CLI input/flag/schema matrix, complete file/declaration manifest, stale output and partial-sorry failure. Boundary: No same-process library call, registered external-model mutation, authenticated cross-layer mapping or second release.","R45 reused one unchanged generated Types.olean under an oracle-guided wrapper. Aeneas producer-level reuse, broader output graphs, cross-crate dependency tracking and stable cache keys remain untested.",,,anneal-3730-aeneas-manifest-batch-oracle-2026-09-29,"Pinned Charon one-shot Rust fixture and Aeneas CLI; changed inc propagates to caller's Lean value, schema mismatch rejects, complete declaration/file inventory, unknown external template, missing/axiom/concrete user models, fresh Lean batch positive/wrong-claim checks. Boundary: No compiled Aeneas external registry mutation, same-process/in-memory API, authenticated ID-to-range map, full Rust semantic oracle or downstream service.",anneal-3730-aeneas-manifest-batch-oracle-2026-09-29/support/probe.py;anneal-3730-aeneas-manifest-batch-oracle-2026-09-29/support/results.json;anneal-3730-aeneas-manifest-batch-oracle-2026-09-29/support/declaration-manifest.json,anneal-3730-aeneas-trait-output-shrink-matrix-2026-09-29,"Fresh one-shot Charon/Aeneas base, reorder, shrink and unsupported-pointer requests; inventoried emitted files/declaration ranges, checked fresh Lean consumers, stale reused destination and sorryAx after translation exit 1. Boundary: One-shot CLI, lexical source/range links and locally supplied external Lean model; no compiled external registry mutation, same-process OCaml API or authenticated producer map.",anneal-3730-aeneas-trait-output-shrink-matrix-2026-09-29/REPORT.md;anneal-3730-aeneas-trait-output-shrink-matrix-2026-09-29/support/raw-results.json;anneal-3730-aeneas-trait-output-shrink-matrix-2026-09-29/support/inputs/base/trait_probe.rs;anneal-3730-aeneas-trait-output-shrink-matrix-2026-09-29/support/outputs/base/Funs.lean;anneal-3730-aeneas-trait-output-shrink-matrix-2026-09-29/support/outputs/error/Funs.lean;anneal-3730-aeneas-trait-output-shrink-matrix-2026-09-29/support/probe.py;anneal-3730-aeneas-trait-output-shrink-matrix-2026-09-29/support/check.py,,,,,,,,,,,,,,,,,,,,,,anneal-3730-aeneas-restricted-reuse-2026-09-29,"Same-path trait body/signature edits; whole-crate Aeneas each time; parsed three-module graph; guarded Types.olean reuse, fresh Lean proof and two unsafe-reuse failures. Boundary: Oracle-guided CLI wrapper always regenerates whole crate; no same-process item-level Aeneas API, authenticated dependency graph or speedup.",anneal-3730-aeneas-restricted-reuse-2026-09-29/REPORT.md;anneal-3730-aeneas-restricted-reuse-2026-09-29/support/results.json;anneal-3730-aeneas-restricted-reuse-2026-09-29/support/check.py
I086,K. Aeneas translation boundaries and generated output,In-memory handoff versus serialized artifacts,S/X,"Compare file-based LLBC/Lean exchange with available library or structured-stream boundaries. Measure serialization, copying, diagnostics, cancellation, and reproducibility costs. Identify where retaining bytes is valuable evidence and where mandatory files create needless latency or disk growth.",aeneas-generated-source-determinism-nightly-2026-06-03;aeneas-generated-source-repeat-run-probe-nightly-2026-06-03;aeneas-incremental-translation-feasibility-nightly-2026-06-03,,anneal-3730-aeneas-identity-manifest-2026-09-29,partial,"Pinned one-shot Aeneas CLI input/flag/schema matrix, complete file/declaration manifest, stale output and partial-sorry failure. Boundary: No same-process library call, registered external-model mutation, authenticated cross-layer mapping or second release.","The I086 one-shot file versus Python buffer-then-file Aeneas routes produced byte-identical Lean outputs and fresh proof acceptance; stdin Lean output had different OLean/provenance, and tiny transfer/RSS/corruption/cancel controls were recorded. Still test genuine same-process OCaml or structured-stream Aeneas handoff, large/concurrent workloads and Anneal cancellation/publication.",,,anneal-3730-aeneas-manifest-batch-oracle-2026-09-29,"Pinned Charon one-shot Rust fixture and Aeneas CLI; changed inc propagates to caller's Lean value, schema mismatch rejects, complete declaration/file inventory, unknown external template, missing/axiom/concrete user models, fresh Lean batch positive/wrong-claim checks. Boundary: No compiled Aeneas external registry mutation, same-process/in-memory API, authenticated ID-to-range map, full Rust semantic oracle or downstream service.",anneal-3730-aeneas-manifest-batch-oracle-2026-09-29/support/probe.py;anneal-3730-aeneas-manifest-batch-oracle-2026-09-29/support/results.json;anneal-3730-aeneas-manifest-batch-oracle-2026-09-29/support/declaration-manifest.json,anneal-3730-aeneas-trait-output-shrink-matrix-2026-09-29,"Fresh one-shot Charon/Aeneas base, reorder, shrink and unsupported-pointer requests; inventoried emitted files/declaration ranges, checked fresh Lean consumers, stale reused destination and sorryAx after translation exit 1. Boundary: One-shot CLI, lexical source/range links and locally supplied external Lean model; no compiled external registry mutation, same-process OCaml API or authenticated producer map.",anneal-3730-aeneas-trait-output-shrink-matrix-2026-09-29/REPORT.md;anneal-3730-aeneas-trait-output-shrink-matrix-2026-09-29/support/raw-results.json;anneal-3730-aeneas-trait-output-shrink-matrix-2026-09-29/support/inputs/base/trait_probe.rs;anneal-3730-aeneas-trait-output-shrink-matrix-2026-09-29/support/outputs/base/Funs.lean;anneal-3730-aeneas-trait-output-shrink-matrix-2026-09-29/support/outputs/error/Funs.lean;anneal-3730-aeneas-trait-output-shrink-matrix-2026-09-29/support/probe.py;anneal-3730-aeneas-trait-output-shrink-matrix-2026-09-29/support/check.py,,,,,,,,,,,,,anneal-3730-aeneas-handoff-memory-vs-files-2026-09-29,"Pinned tiny Charon LLBC passed to one-shot Aeneas by direct file and Python byte-buffer copy materialized back to file; identical three Lean outputs and fresh proof checks, tiny warm transfer/RSS samples, Lean --stdin module controls, corruption/mutation oracles and active FIFO cancellation/retry. Boundary: CLI still requires a file; no in-memory/structured OCaml Aeneas API, no large-workload speed claim, stdin OLean bytes/provenance differed, no Anneal handoff implementation.",anneal-3730-aeneas-handoff-memory-vs-files-2026-09-29/REPORT.md;anneal-3730-aeneas-handoff-memory-vs-files-2026-09-29/support/results.json;anneal-3730-aeneas-handoff-memory-vs-files-2026-09-29/support/work/source.llbc;anneal-3730-aeneas-handoff-memory-vs-files-2026-09-29/support/work/source.rs;anneal-3730-aeneas-handoff-memory-vs-files-2026-09-29/support/probe.py;anneal-3730-aeneas-handoff-memory-vs-files-2026-09-29/support/check.py,,,,,,,,,
I087,K. Aeneas translation boundaries and generated output,Source correspondence at the selected Aeneas pin,S/X,"Test the actual metadata available for declaration origins and generated ranges, then compare explicitly selected newer facilities if useful. Determine what Anneal must generate itself for embedded proof edits. Do not assume newer upstream `translation.json` capabilities exist in the selected release.",aeneas-generated-source-determinism-nightly-2026-06-03;aeneas-generated-source-repeat-run-probe-nightly-2026-06-03;aeneas-incremental-translation-feasibility-nightly-2026-06-03,anneal-3730-aeneas-process-contract-2026-09-29;anneal-3730-charon-aeneas-boundary-2026-09-29;anneal-3730-cross-tool-provenance-2026-09-29,anneal-3730-aeneas-identity-manifest-2026-09-29,partial,"Pinned one-shot Aeneas CLI input/flag/schema matrix, complete file/declaration manifest, stale output and partial-sorry failure. Boundary: No same-process library call, registered external-model mutation, authenticated cross-layer mapping or second release.",Obtain an authenticated Charon item→Aeneas declaration/range map with one-to-many completeness and compare a newer translation schema; def IDs/spans and generated comments remain lexical hints.,,,anneal-3730-aeneas-manifest-batch-oracle-2026-09-29,"Pinned Charon one-shot Rust fixture and Aeneas CLI; changed inc propagates to caller's Lean value, schema mismatch rejects, complete declaration/file inventory, unknown external template, missing/axiom/concrete user models, fresh Lean batch positive/wrong-claim checks. Boundary: No compiled Aeneas external registry mutation, same-process/in-memory API, authenticated ID-to-range map, full Rust semantic oracle or downstream service.",anneal-3730-aeneas-manifest-batch-oracle-2026-09-29/support/probe.py;anneal-3730-aeneas-manifest-batch-oracle-2026-09-29/support/results.json;anneal-3730-aeneas-manifest-batch-oracle-2026-09-29/support/declaration-manifest.json,anneal-3730-aeneas-trait-output-shrink-matrix-2026-09-29,"Fresh one-shot Charon/Aeneas base, reorder, shrink and unsupported-pointer requests; inventoried emitted files/declaration ranges, checked fresh Lean consumers, stale reused destination and sorryAx after translation exit 1. Boundary: One-shot CLI, lexical source/range links and locally supplied external Lean model; no compiled external registry mutation, same-process OCaml API or authenticated producer map.",anneal-3730-aeneas-trait-output-shrink-matrix-2026-09-29/REPORT.md;anneal-3730-aeneas-trait-output-shrink-matrix-2026-09-29/support/raw-results.json;anneal-3730-aeneas-trait-output-shrink-matrix-2026-09-29/support/inputs/base/trait_probe.rs;anneal-3730-aeneas-trait-output-shrink-matrix-2026-09-29/support/outputs/base/Funs.lean;anneal-3730-aeneas-trait-output-shrink-matrix-2026-09-29/support/outputs/error/Funs.lean;anneal-3730-aeneas-trait-output-shrink-matrix-2026-09-29/support/probe.py;anneal-3730-aeneas-trait-output-shrink-matrix-2026-09-29/support/check.py,,,,,,,,,,,,,,,,,,,,,,,,
I088,K. Aeneas translation boundaries and generated output,Diagnostics and residual state after translation failure,X,"Exercise rejected inputs, warnings, partial generated files, crashes, and repeated requests. Preserve structured origin where available and test fallback text parsing across pins. Determine whether a failure invalidates only one request or also makes a reusable worker unsafe to retain.",aeneas-generated-source-determinism-nightly-2026-06-03;aeneas-generated-source-repeat-run-probe-nightly-2026-06-03;aeneas-incremental-translation-feasibility-nightly-2026-06-03,anneal-3730-aeneas-process-contract-2026-09-29;anneal-3730-charon-aeneas-boundary-2026-09-29,anneal-3730-aeneas-identity-manifest-2026-09-29,partial,"Pinned one-shot Aeneas CLI input/flag/schema matrix, complete file/declaration manifest, stale output and partial-sorry failure. Boundary: No same-process library call, registered external-model mutation, authenticated cross-layer mapping or second release.",Test warning/crash/cancellation and repeated same-process translation error reset with structured cross-tool provenance; R09 one-shot unsupported-pointer exit 1 still emitted sorryAx-bearing Lean.,,,anneal-3730-aeneas-manifest-batch-oracle-2026-09-29,"Pinned Charon one-shot Rust fixture and Aeneas CLI; changed inc propagates to caller's Lean value, schema mismatch rejects, complete declaration/file inventory, unknown external template, missing/axiom/concrete user models, fresh Lean batch positive/wrong-claim checks. Boundary: No compiled Aeneas external registry mutation, same-process/in-memory API, authenticated ID-to-range map, full Rust semantic oracle or downstream service.",anneal-3730-aeneas-manifest-batch-oracle-2026-09-29/support/probe.py;anneal-3730-aeneas-manifest-batch-oracle-2026-09-29/support/results.json;anneal-3730-aeneas-manifest-batch-oracle-2026-09-29/support/declaration-manifest.json,anneal-3730-aeneas-trait-output-shrink-matrix-2026-09-29,"Fresh one-shot Charon/Aeneas base, reorder, shrink and unsupported-pointer requests; inventoried emitted files/declaration ranges, checked fresh Lean consumers, stale reused destination and sorryAx after translation exit 1. Boundary: One-shot CLI, lexical source/range links and locally supplied external Lean model; no compiled external registry mutation, same-process OCaml API or authenticated producer map.",anneal-3730-aeneas-trait-output-shrink-matrix-2026-09-29/REPORT.md;anneal-3730-aeneas-trait-output-shrink-matrix-2026-09-29/support/raw-results.json;anneal-3730-aeneas-trait-output-shrink-matrix-2026-09-29/support/inputs/base/trait_probe.rs;anneal-3730-aeneas-trait-output-shrink-matrix-2026-09-29/support/outputs/base/Funs.lean;anneal-3730-aeneas-trait-output-shrink-matrix-2026-09-29/support/outputs/error/Funs.lean;anneal-3730-aeneas-trait-output-shrink-matrix-2026-09-29/support/probe.py;anneal-3730-aeneas-trait-output-shrink-matrix-2026-09-29/support/check.py,,,,,,,,,,,,,,,,,,,,,,,,
I089,L. Lake preparation and consumer configuration identity,"Actual archive, genuinely fresh consumer",X,"Consume the real prepared Anneal toolchain with empty relevant home/cache state and enforced dependency read-only access. Install the complete intended manifest before any Lake invocation. Observe configuration, batch checking, server startup, and first proof query; classify every attempted shared-location write.",lake-configuration-ownership-v4-30-0-rc2;lake-server-preparation-v4-30-0-rc2;lake-readonly-relocation-offline-concurrency-v4-30-0-rc2,,anneal-3730-lake-prepared-contract-2026-09-29,partial,"Tiny two-package Lean/TOML clean and relocated prepared Lake fixture, no-build checks, isolated home/denied loopback, native facet and cache wrong-object/truncated-map controls. Boundary: No real Anneal archive, server query, complete plugin/native family, network syscall trace, concurrent restore or full integrity oracle.","F04 inventory found no built Anneal archive in scoped local locations; the tiny Lake missing-manifest control is not the actual archive. Run real prepared archive, empty home/cache, read-only dependency, server first-goal/write trace and producer-removal cells once archive exists.",,,anneal-3730-lake-cache-publication-atomicity-2026-09-29,"Pinned Lake 4.30-rc2 source and tiny cache execution: actual 64-byte output-map interruption and invalid-JSON rejection/repair; artifact insertion permission failure; post-publication truncated OLean false hit and Lean crash; missing-object repair; two private read-only-cache consumers and one shared-writable overlap. Boundary: Source review covers some listed configuration/cache rows without direct perturbation; no power-loss durability, all object types, conflicting shared writers, archive, Mathlib or Anneal server.",anneal-3730-lake-cache-publication-atomicity-2026-09-29/support/probe.py;anneal-3730-lake-cache-publication-atomicity-2026-09-29/support/results.json;anneal-3730-lake-cache-publication-atomicity-2026-09-29/support/artifacts/partial-output-map.json;anneal-3730-lake-cache-publication-atomicity-2026-09-29/support/artifacts/truncated-olean.bin,anneal-3730-lake-same-key-artifact-writers-2026-09-29,"Three two-process same-key Lake cache-miss pairs, then real RLIMIT_FSIZE partial OLean/ILean/C object writes, no-build false-hit, direct import oracle and explicit delete/rebuild repair. Boundary: Tiny private package roots and one pinned Lake on APFS; no causally forced simultaneous artifact syscall, power loss, shared writable build tree or Anneal last-good recovery.",anneal-3730-lake-same-key-artifact-writers-2026-09-29/REPORT.md;anneal-3730-lake-same-key-artifact-writers-2026-09-29/support/results.json;anneal-3730-lake-same-key-artifact-writers-2026-09-29/support/artifacts/partial-olean.bin;anneal-3730-lake-same-key-artifact-writers-2026-09-29/support/artifacts/partial-ilean.bin;anneal-3730-lake-same-key-artifact-writers-2026-09-29/support/artifacts/partial-c.bin;anneal-3730-lake-same-key-artifact-writers-2026-09-29/support/probe.py;anneal-3730-lake-same-key-artifact-writers-2026-09-29/support/check.py,anneal-3730-lake-key-artifact-family-matrix-2026-09-29,"Six pinned Lake source/path/option/consumer-manifest variants and four valid local OLean/ILean/C/setup cross-generation replacements; no-build/setup, setup-import batch, direct local batch/server and two valid plugin initializer markers distinguished consumed bytes. Boundary: One tiny pin/host; setup returned cache OLean rather than attesting replaced local file, direct watchdogs forced down after diagnostics, prior native plugin reused; no Anneal archive or power loss.",anneal-3730-lake-key-artifact-family-matrix-2026-09-29/REPORT.md;anneal-3730-lake-key-artifact-family-matrix-2026-09-29/support/results.json;anneal-3730-lake-key-artifact-family-matrix-2026-09-29/support/artifacts/retained/base/Dep.olean;anneal-3730-lake-key-artifact-family-matrix-2026-09-29/support/artifacts/retained/mixed-olean/Dep.olean;anneal-3730-lake-key-artifact-family-matrix-2026-09-29/support/artifacts/v1/plugin__probe_Plugin.dylib;anneal-3730-lake-key-artifact-family-matrix-2026-09-29/support/artifacts/v2/plugin__probe_Plugin.dylib;anneal-3730-lake-key-artifact-family-matrix-2026-09-29/support/probe.py;anneal-3730-lake-key-artifact-family-matrix-2026-09-29/support/check.py,anneal-3730-lake-dynamic-config-identity-2026-09-29,"Five clean pinned Lean/TOML configuration cells plus a deliberately adversarial environment-reading Lean run_cmd; no-build/setup/local batch/direct server under environment-only change, byte-preserving mtime shifts, valid wrong trace/setup and same-mtime source-byte edit with exact consumed OLean. Boundary: Tiny one-pin Lake graph; config-time source writer is adversarial and not declared Lake input, direct servers force-stopped after diagnostics, no Anneal archive/general key proof/power loss.",anneal-3730-lake-dynamic-config-identity-2026-09-29/REPORT.md;anneal-3730-lake-dynamic-config-identity-2026-09-29/support/results.json;anneal-3730-lake-dynamic-config-identity-2026-09-29/support/artifacts/golden-source;anneal-3730-lake-dynamic-config-identity-2026-09-29/support/artifacts/dynamic-a/trace;anneal-3730-lake-dynamic-config-identity-2026-09-29/support/artifacts/toml-seven/trace;anneal-3730-lake-dynamic-config-identity-2026-09-29/support/artifacts/lean-option/setup;anneal-3730-lake-dynamic-config-identity-2026-09-29/support/probe.py;anneal-3730-lake-dynamic-config-identity-2026-09-29/support/check.py,anneal-3730-lake-plugin-combined-family-mix-2026-09-29,"Pinned Lake 4.30-rc2 two-package v1/v2 controls plus one valid mixed root: v1 source/OLean/ILean/proof, v2 plugin dylib/C/setup option. File-specific setup named exact OLean/plugin paths and option; fresh lake serve showed no goals, value 7 and v2 plugin initializer; hash inventory stayed unchanged; fresh batch also returned 7. Boundary: One tiny same-pin macOS graph; v2 C is present but not consumed, OLean read has value/hash oracle rather than syscall trace; no Anneal archive, general ABI compatibility, dynamic plugin replacement, read-only consumer or cross-version claim.",anneal-3730-lake-plugin-combined-family-mix-2026-09-29/REPORT.md;anneal-3730-lake-plugin-combined-family-mix-2026-09-29/support/transcript.json;anneal-3730-lake-plugin-combined-family-mix-2026-09-29/support/artifacts/mix/olean;anneal-3730-lake-plugin-combined-family-mix-2026-09-29/support/artifacts/mix/plugin;anneal-3730-lake-plugin-combined-family-mix-2026-09-29/support/artifacts/mix/c;anneal-3730-lake-plugin-combined-family-mix-2026-09-29/support/artifacts/mix/setup;anneal-3730-lake-plugin-combined-family-mix-2026-09-29/support/probe.py;anneal-3730-lake-plugin-combined-family-mix-2026-09-29/support/check.py,,,,,,,,,,,,,anneal-3730-real-archive-manifest-gate-2026-09-29,"Scoped actual-archive inventory found Nix derivations but no built Anneal archive; tiny Lake producer/consumer with empty home/cache and sandboxed read-only producer, complete/missing manifest and producer removal controls. Boundary: Synthetic one-module Lake control only; no actual Anneal archive, real Aeneas/Mathlib graph, server first-goal query or global filesystem inventory.",anneal-3730-real-archive-manifest-gate-2026-09-29/REPORT.md;anneal-3730-real-archive-manifest-gate-2026-09-29/support/availability.json;anneal-3730-real-archive-manifest-gate-2026-09-29/support/results.json;anneal-3730-real-archive-manifest-gate-2026-09-29/support/check.py
I090,L. Lake preparation and consumer configuration identity,Consumer package identity matrix,S/X,"Vary root names, dependency names/indices, graph order, duplicate versions, and absolute/relative paths against one prepared universe. Determine which consumers can reuse package configurations without mutation. Derive the preparation key or supported-shape restriction instead of assuming producer priming covers every workspace.",lake-configuration-ownership-v4-30-0-rc2;lake-server-preparation-v4-30-0-rc2;lake-readonly-relocation-offline-concurrency-v4-30-0-rc2,anneal-3730-lake-identity-matrix-v4-30-0-rc2,anneal-3730-lake-prepared-contract-2026-09-29,partial,"Tiny two-package Lean/TOML clean and relocated prepared Lake fixture, no-build checks, isolated home/denied loopback, native facet and cache wrong-object/truncated-map controls. Boundary: No real Anneal archive, server query, complete plugin/native family, network syscall trace, concurrent restore or full integrity oracle.",Test duplicate/name/order/version/rename package-graph collisions; R19 used one two-package path manifest across Lean/TOML forms.,,,anneal-3730-lake-cache-publication-atomicity-2026-09-29,"Pinned Lake 4.30-rc2 source and tiny cache execution: actual 64-byte output-map interruption and invalid-JSON rejection/repair; artifact insertion permission failure; post-publication truncated OLean false hit and Lean crash; missing-object repair; two private read-only-cache consumers and one shared-writable overlap. Boundary: Source review covers some listed configuration/cache rows without direct perturbation; no power-loss durability, all object types, conflicting shared writers, archive, Mathlib or Anneal server.",anneal-3730-lake-cache-publication-atomicity-2026-09-29/support/probe.py;anneal-3730-lake-cache-publication-atomicity-2026-09-29/support/results.json;anneal-3730-lake-cache-publication-atomicity-2026-09-29/support/artifacts/partial-output-map.json;anneal-3730-lake-cache-publication-atomicity-2026-09-29/support/artifacts/truncated-olean.bin,anneal-3730-lake-same-key-artifact-writers-2026-09-29,"Three two-process same-key Lake cache-miss pairs, then real RLIMIT_FSIZE partial OLean/ILean/C object writes, no-build false-hit, direct import oracle and explicit delete/rebuild repair. Boundary: Tiny private package roots and one pinned Lake on APFS; no causally forced simultaneous artifact syscall, power loss, shared writable build tree or Anneal last-good recovery.",anneal-3730-lake-same-key-artifact-writers-2026-09-29/REPORT.md;anneal-3730-lake-same-key-artifact-writers-2026-09-29/support/results.json;anneal-3730-lake-same-key-artifact-writers-2026-09-29/support/artifacts/partial-olean.bin;anneal-3730-lake-same-key-artifact-writers-2026-09-29/support/artifacts/partial-ilean.bin;anneal-3730-lake-same-key-artifact-writers-2026-09-29/support/artifacts/partial-c.bin;anneal-3730-lake-same-key-artifact-writers-2026-09-29/support/probe.py;anneal-3730-lake-same-key-artifact-writers-2026-09-29/support/check.py,anneal-3730-lake-key-artifact-family-matrix-2026-09-29,"Six pinned Lake source/path/option/consumer-manifest variants and four valid local OLean/ILean/C/setup cross-generation replacements; no-build/setup, setup-import batch, direct local batch/server and two valid plugin initializer markers distinguished consumed bytes. Boundary: One tiny pin/host; setup returned cache OLean rather than attesting replaced local file, direct watchdogs forced down after diagnostics, prior native plugin reused; no Anneal archive or power loss.",anneal-3730-lake-key-artifact-family-matrix-2026-09-29/REPORT.md;anneal-3730-lake-key-artifact-family-matrix-2026-09-29/support/results.json;anneal-3730-lake-key-artifact-family-matrix-2026-09-29/support/artifacts/retained/base/Dep.olean;anneal-3730-lake-key-artifact-family-matrix-2026-09-29/support/artifacts/retained/mixed-olean/Dep.olean;anneal-3730-lake-key-artifact-family-matrix-2026-09-29/support/artifacts/v1/plugin__probe_Plugin.dylib;anneal-3730-lake-key-artifact-family-matrix-2026-09-29/support/artifacts/v2/plugin__probe_Plugin.dylib;anneal-3730-lake-key-artifact-family-matrix-2026-09-29/support/probe.py;anneal-3730-lake-key-artifact-family-matrix-2026-09-29/support/check.py,anneal-3730-lake-dynamic-config-identity-2026-09-29,"Five clean pinned Lean/TOML configuration cells plus a deliberately adversarial environment-reading Lean run_cmd; no-build/setup/local batch/direct server under environment-only change, byte-preserving mtime shifts, valid wrong trace/setup and same-mtime source-byte edit with exact consumed OLean. Boundary: Tiny one-pin Lake graph; config-time source writer is adversarial and not declared Lake input, direct servers force-stopped after diagnostics, no Anneal archive/general key proof/power loss.",anneal-3730-lake-dynamic-config-identity-2026-09-29/REPORT.md;anneal-3730-lake-dynamic-config-identity-2026-09-29/support/results.json;anneal-3730-lake-dynamic-config-identity-2026-09-29/support/artifacts/golden-source;anneal-3730-lake-dynamic-config-identity-2026-09-29/support/artifacts/dynamic-a/trace;anneal-3730-lake-dynamic-config-identity-2026-09-29/support/artifacts/toml-seven/trace;anneal-3730-lake-dynamic-config-identity-2026-09-29/support/artifacts/lean-option/setup;anneal-3730-lake-dynamic-config-identity-2026-09-29/support/probe.py;anneal-3730-lake-dynamic-config-identity-2026-09-29/support/check.py,anneal-3730-lake-plugin-combined-family-mix-2026-09-29,"Pinned Lake 4.30-rc2 two-package v1/v2 controls plus one valid mixed root: v1 source/OLean/ILean/proof, v2 plugin dylib/C/setup option. File-specific setup named exact OLean/plugin paths and option; fresh lake serve showed no goals, value 7 and v2 plugin initializer; hash inventory stayed unchanged; fresh batch also returned 7. Boundary: One tiny same-pin macOS graph; v2 C is present but not consumed, OLean read has value/hash oracle rather than syscall trace; no Anneal archive, general ABI compatibility, dynamic plugin replacement, read-only consumer or cross-version claim.",anneal-3730-lake-plugin-combined-family-mix-2026-09-29/REPORT.md;anneal-3730-lake-plugin-combined-family-mix-2026-09-29/support/transcript.json;anneal-3730-lake-plugin-combined-family-mix-2026-09-29/support/artifacts/mix/olean;anneal-3730-lake-plugin-combined-family-mix-2026-09-29/support/artifacts/mix/plugin;anneal-3730-lake-plugin-combined-family-mix-2026-09-29/support/artifacts/mix/c;anneal-3730-lake-plugin-combined-family-mix-2026-09-29/support/artifacts/mix/setup;anneal-3730-lake-plugin-combined-family-mix-2026-09-29/support/probe.py;anneal-3730-lake-plugin-combined-family-mix-2026-09-29/support/check.py,,,,,,,,,,,,,,,
I091,L. Lake preparation and consumer configuration identity,Environment setup versus current-document setup,S/X,"Change an unsaved projection's import header while keeping the project fixed. Capture `ModuleSetup`, artifacts, plugins, and options used for each query. Test whether global preparation is insufficient and how file-specific readiness should fail when new imports are unavailable.",lake-configuration-ownership-v4-30-0-rc2;lake-server-preparation-v4-30-0-rc2;lake-readonly-relocation-offline-concurrency-v4-30-0-rc2,,anneal-3730-lake-prepared-contract-2026-09-29,partial,"Tiny two-package Lean/TOML clean and relocated prepared Lake fixture, no-build checks, isolated home/denied loopback, native facet and cache wrong-object/truncated-map controls. Boundary: No real Anneal archive, server query, complete plugin/native family, network syscall trace, concurrent restore or full integrity oracle.",R21 named plugin/OLean paths and option for one saved file and observed value/initializer. Attest exact loaded imports and setup for unsaved current document/header changes.,anneal-3730-lean-launch-refresh-matrix-v4-30-0-rc2,"Direct/Lake-env/lake-serve same imported-definition matrix: source-only and OLean-only mutations, watcher, existing/new/reopened/fresh worker, batch, six goal positions and unsaved missing-header setup-file controls. Boundary: One direct-import fixture inside Lake workspace; no transitive/option/plugin graph, exact import digest response, rich RPC or real Anneal server.",anneal-3730-lake-cache-publication-atomicity-2026-09-29;anneal-3730-lean-transitive-import-rpc-matrix-2026-09-29,"Pinned Lake 4.30-rc2 source and tiny cache execution: actual 64-byte output-map interruption and invalid-JSON rejection/repair; artifact insertion permission failure; post-publication truncated OLean false hit and Lean crash; missing-object repair; two private read-only-cache consumers and one shared-writable overlap. Boundary: Source review covers some listed configuration/cache rows without direct perturbation; no power-loss durability, all object types, conflicting shared writers, archive, Mathlib or Anneal server. | Direct Lean/Lake 4.29 and 4.30-rc2 transitive Base→Mid→Proof old/new/fresh worker, option/macro/plugin transition, actual InfoWithCtx dereference/release/stale session, causally gated duplicate-ID reply ordering. Boundary: One tiny Lake graph and native marker plugin; no Anneal envelope, complete loaded-environment attestation, rich nested tactic matrix or real crash/replacement race.",anneal-3730-lake-cache-publication-atomicity-2026-09-29/support/probe.py;anneal-3730-lake-cache-publication-atomicity-2026-09-29/support/results.json;anneal-3730-lake-cache-publication-atomicity-2026-09-29/support/artifacts/partial-output-map.json;anneal-3730-lake-cache-publication-atomicity-2026-09-29/support/artifacts/truncated-olean.bin;anneal-3730-lean-transitive-import-rpc-matrix-2026-09-29/support/probe.py;anneal-3730-lean-transitive-import-rpc-matrix-2026-09-29/support/transcript.json;anneal-3730-lean-transitive-import-rpc-matrix-2026-09-29/support/summary.json,anneal-3730-lake-same-key-artifact-writers-2026-09-29,"Three two-process same-key Lake cache-miss pairs, then real RLIMIT_FSIZE partial OLean/ILean/C object writes, no-build false-hit, direct import oracle and explicit delete/rebuild repair. Boundary: Tiny private package roots and one pinned Lake on APFS; no causally forced simultaneous artifact syscall, power loss, shared writable build tree or Anneal last-good recovery.",anneal-3730-lake-same-key-artifact-writers-2026-09-29/REPORT.md;anneal-3730-lake-same-key-artifact-writers-2026-09-29/support/results.json;anneal-3730-lake-same-key-artifact-writers-2026-09-29/support/artifacts/partial-olean.bin;anneal-3730-lake-same-key-artifact-writers-2026-09-29/support/artifacts/partial-ilean.bin;anneal-3730-lake-same-key-artifact-writers-2026-09-29/support/artifacts/partial-c.bin;anneal-3730-lake-same-key-artifact-writers-2026-09-29/support/probe.py;anneal-3730-lake-same-key-artifact-writers-2026-09-29/support/check.py,anneal-3730-lake-key-artifact-family-matrix-2026-09-29,"Six pinned Lake source/path/option/consumer-manifest variants and four valid local OLean/ILean/C/setup cross-generation replacements; no-build/setup, setup-import batch, direct local batch/server and two valid plugin initializer markers distinguished consumed bytes. Boundary: One tiny pin/host; setup returned cache OLean rather than attesting replaced local file, direct watchdogs forced down after diagnostics, prior native plugin reused; no Anneal archive or power loss.",anneal-3730-lake-key-artifact-family-matrix-2026-09-29/REPORT.md;anneal-3730-lake-key-artifact-family-matrix-2026-09-29/support/results.json;anneal-3730-lake-key-artifact-family-matrix-2026-09-29/support/artifacts/retained/base/Dep.olean;anneal-3730-lake-key-artifact-family-matrix-2026-09-29/support/artifacts/retained/mixed-olean/Dep.olean;anneal-3730-lake-key-artifact-family-matrix-2026-09-29/support/artifacts/v1/plugin__probe_Plugin.dylib;anneal-3730-lake-key-artifact-family-matrix-2026-09-29/support/artifacts/v2/plugin__probe_Plugin.dylib;anneal-3730-lake-key-artifact-family-matrix-2026-09-29/support/probe.py;anneal-3730-lake-key-artifact-family-matrix-2026-09-29/support/check.py,anneal-3730-lake-dynamic-config-identity-2026-09-29,"Five clean pinned Lean/TOML configuration cells plus a deliberately adversarial environment-reading Lean run_cmd; no-build/setup/local batch/direct server under environment-only change, byte-preserving mtime shifts, valid wrong trace/setup and same-mtime source-byte edit with exact consumed OLean. Boundary: Tiny one-pin Lake graph; config-time source writer is adversarial and not declared Lake input, direct servers force-stopped after diagnostics, no Anneal archive/general key proof/power loss.",anneal-3730-lake-dynamic-config-identity-2026-09-29/REPORT.md;anneal-3730-lake-dynamic-config-identity-2026-09-29/support/results.json;anneal-3730-lake-dynamic-config-identity-2026-09-29/support/artifacts/golden-source;anneal-3730-lake-dynamic-config-identity-2026-09-29/support/artifacts/dynamic-a/trace;anneal-3730-lake-dynamic-config-identity-2026-09-29/support/artifacts/toml-seven/trace;anneal-3730-lake-dynamic-config-identity-2026-09-29/support/artifacts/lean-option/setup;anneal-3730-lake-dynamic-config-identity-2026-09-29/support/probe.py;anneal-3730-lake-dynamic-config-identity-2026-09-29/support/check.py,anneal-3730-lake-plugin-combined-family-mix-2026-09-29,"Pinned Lake 4.30-rc2 two-package v1/v2 controls plus one valid mixed root: v1 source/OLean/ILean/proof, v2 plugin dylib/C/setup option. File-specific setup named exact OLean/plugin paths and option; fresh lake serve showed no goals, value 7 and v2 plugin initializer; hash inventory stayed unchanged; fresh batch also returned 7. Boundary: One tiny same-pin macOS graph; v2 C is present but not consumed, OLean read has value/hash oracle rather than syscall trace; no Anneal archive, general ABI compatibility, dynamic plugin replacement, read-only consumer or cross-version claim.",anneal-3730-lake-plugin-combined-family-mix-2026-09-29/REPORT.md;anneal-3730-lake-plugin-combined-family-mix-2026-09-29/support/transcript.json;anneal-3730-lake-plugin-combined-family-mix-2026-09-29/support/artifacts/mix/olean;anneal-3730-lake-plugin-combined-family-mix-2026-09-29/support/artifacts/mix/plugin;anneal-3730-lake-plugin-combined-family-mix-2026-09-29/support/artifacts/mix/c;anneal-3730-lake-plugin-combined-family-mix-2026-09-29/support/artifacts/mix/setup;anneal-3730-lake-plugin-combined-family-mix-2026-09-29/support/probe.py;anneal-3730-lake-plugin-combined-family-mix-2026-09-29/support/check.py,,,,,,,,,,,,,,,
I092,L. Lake preparation and consumer configuration identity,No-build and no-cache as consumer contracts,S/X,"Exercise missing/stale imports, absent package configs, malformed manifests, and incomplete artifact families under the exact server no-build path. Observe writes, downloads, and exit/status handling. Determine which prerequisites make it a safe read-only consumer and which failures require Anneal-owned preparation.",lake-configuration-ownership-v4-30-0-rc2;lake-server-preparation-v4-30-0-rc2;lake-readonly-relocation-offline-concurrency-v4-30-0-rc2,anneal-3730-lake-concurrency-preparation-v4-30-0-rc2;anneal-3730-lake-identity-matrix-v4-30-0-rc2,anneal-3730-lake-prepared-contract-2026-09-29,partial,"Tiny two-package Lean/TOML clean and relocated prepared Lake fixture, no-build checks, isolated home/denied loopback, native facet and cache wrong-object/truncated-map controls. Boundary: No real Anneal archive, server query, complete plugin/native family, network syscall trace, concurrent restore or full integrity oracle.",R21 setup and server left selected mixed hashes unchanged. Test full no-build/no-cache contract across generated archive/config/native/plugin/server operations.,anneal-3730-lake-writer-recovery-2026-09-29,"Real Lake artifact-cache writer killed during paused Dep elaboration, two consumers with one killed writer, repaired no-build/ordinary build, truncated output-map rejection and retry. Boundary: Kill precedes cache publication; no crash at mapping rename or same-package concurrent writer proof.",anneal-3730-lake-cache-publication-atomicity-2026-09-29,"Pinned Lake 4.30-rc2 source and tiny cache execution: actual 64-byte output-map interruption and invalid-JSON rejection/repair; artifact insertion permission failure; post-publication truncated OLean false hit and Lean crash; missing-object repair; two private read-only-cache consumers and one shared-writable overlap. Boundary: Source review covers some listed configuration/cache rows without direct perturbation; no power-loss durability, all object types, conflicting shared writers, archive, Mathlib or Anneal server.",anneal-3730-lake-cache-publication-atomicity-2026-09-29/support/probe.py;anneal-3730-lake-cache-publication-atomicity-2026-09-29/support/results.json;anneal-3730-lake-cache-publication-atomicity-2026-09-29/support/artifacts/partial-output-map.json;anneal-3730-lake-cache-publication-atomicity-2026-09-29/support/artifacts/truncated-olean.bin,anneal-3730-lake-same-key-artifact-writers-2026-09-29,"Three two-process same-key Lake cache-miss pairs, then real RLIMIT_FSIZE partial OLean/ILean/C object writes, no-build false-hit, direct import oracle and explicit delete/rebuild repair. Boundary: Tiny private package roots and one pinned Lake on APFS; no causally forced simultaneous artifact syscall, power loss, shared writable build tree or Anneal last-good recovery.",anneal-3730-lake-same-key-artifact-writers-2026-09-29/REPORT.md;anneal-3730-lake-same-key-artifact-writers-2026-09-29/support/results.json;anneal-3730-lake-same-key-artifact-writers-2026-09-29/support/artifacts/partial-olean.bin;anneal-3730-lake-same-key-artifact-writers-2026-09-29/support/artifacts/partial-ilean.bin;anneal-3730-lake-same-key-artifact-writers-2026-09-29/support/artifacts/partial-c.bin;anneal-3730-lake-same-key-artifact-writers-2026-09-29/support/probe.py;anneal-3730-lake-same-key-artifact-writers-2026-09-29/support/check.py,anneal-3730-lake-key-artifact-family-matrix-2026-09-29,"Six pinned Lake source/path/option/consumer-manifest variants and four valid local OLean/ILean/C/setup cross-generation replacements; no-build/setup, setup-import batch, direct local batch/server and two valid plugin initializer markers distinguished consumed bytes. Boundary: One tiny pin/host; setup returned cache OLean rather than attesting replaced local file, direct watchdogs forced down after diagnostics, prior native plugin reused; no Anneal archive or power loss.",anneal-3730-lake-key-artifact-family-matrix-2026-09-29/REPORT.md;anneal-3730-lake-key-artifact-family-matrix-2026-09-29/support/results.json;anneal-3730-lake-key-artifact-family-matrix-2026-09-29/support/artifacts/retained/base/Dep.olean;anneal-3730-lake-key-artifact-family-matrix-2026-09-29/support/artifacts/retained/mixed-olean/Dep.olean;anneal-3730-lake-key-artifact-family-matrix-2026-09-29/support/artifacts/v1/plugin__probe_Plugin.dylib;anneal-3730-lake-key-artifact-family-matrix-2026-09-29/support/artifacts/v2/plugin__probe_Plugin.dylib;anneal-3730-lake-key-artifact-family-matrix-2026-09-29/support/probe.py;anneal-3730-lake-key-artifact-family-matrix-2026-09-29/support/check.py,anneal-3730-lake-dynamic-config-identity-2026-09-29,"Five clean pinned Lean/TOML configuration cells plus a deliberately adversarial environment-reading Lean run_cmd; no-build/setup/local batch/direct server under environment-only change, byte-preserving mtime shifts, valid wrong trace/setup and same-mtime source-byte edit with exact consumed OLean. Boundary: Tiny one-pin Lake graph; config-time source writer is adversarial and not declared Lake input, direct servers force-stopped after diagnostics, no Anneal archive/general key proof/power loss.",anneal-3730-lake-dynamic-config-identity-2026-09-29/REPORT.md;anneal-3730-lake-dynamic-config-identity-2026-09-29/support/results.json;anneal-3730-lake-dynamic-config-identity-2026-09-29/support/artifacts/golden-source;anneal-3730-lake-dynamic-config-identity-2026-09-29/support/artifacts/dynamic-a/trace;anneal-3730-lake-dynamic-config-identity-2026-09-29/support/artifacts/toml-seven/trace;anneal-3730-lake-dynamic-config-identity-2026-09-29/support/artifacts/lean-option/setup;anneal-3730-lake-dynamic-config-identity-2026-09-29/support/probe.py;anneal-3730-lake-dynamic-config-identity-2026-09-29/support/check.py,anneal-3730-lake-plugin-combined-family-mix-2026-09-29,"Pinned Lake 4.30-rc2 two-package v1/v2 controls plus one valid mixed root: v1 source/OLean/ILean/proof, v2 plugin dylib/C/setup option. File-specific setup named exact OLean/plugin paths and option; fresh lake serve showed no goals, value 7 and v2 plugin initializer; hash inventory stayed unchanged; fresh batch also returned 7. Boundary: One tiny same-pin macOS graph; v2 C is present but not consumed, OLean read has value/hash oracle rather than syscall trace; no Anneal archive, general ABI compatibility, dynamic plugin replacement, read-only consumer or cross-version claim.",anneal-3730-lake-plugin-combined-family-mix-2026-09-29/REPORT.md;anneal-3730-lake-plugin-combined-family-mix-2026-09-29/support/transcript.json;anneal-3730-lake-plugin-combined-family-mix-2026-09-29/support/artifacts/mix/olean;anneal-3730-lake-plugin-combined-family-mix-2026-09-29/support/artifacts/mix/plugin;anneal-3730-lake-plugin-combined-family-mix-2026-09-29/support/artifacts/mix/c;anneal-3730-lake-plugin-combined-family-mix-2026-09-29/support/artifacts/mix/setup;anneal-3730-lake-plugin-combined-family-mix-2026-09-29/support/probe.py;anneal-3730-lake-plugin-combined-family-mix-2026-09-29/support/check.py,,,,,,,,,,,,,,,
I093,L. Lake preparation and consumer configuration identity,Lean versus TOML package configuration,S/X,"Compare equivalent package declarations with configuration computation, environment dependencies, and dynamic library loading. Identify mutable caches and hidden inputs introduced by executable configuration. Determine whether simplifying generated configuration materially reduces state without restricting necessary user packages.",lake-configuration-ownership-v4-30-0-rc2;lake-server-preparation-v4-30-0-rc2;lake-readonly-relocation-offline-concurrency-v4-30-0-rc2,,anneal-3730-lake-prepared-contract-2026-09-29,partial,"Tiny two-package Lean/TOML clean and relocated prepared Lake fixture, no-build checks, isolated home/denied loopback, native facet and cache wrong-object/truncated-map controls. Boundary: No real Anneal archive, server query, complete plugin/native family, network syscall trace, concurrent restore or full integrity oracle.","Declare and test representative dynamic Lean/TOML environment inputs and package graph changes; R19 adversarial Lean run_cmd read an undeclared env value, which stayed stale in one built root, while TOML cells were static.",,,anneal-3730-lake-cache-publication-atomicity-2026-09-29,"Pinned Lake 4.30-rc2 source and tiny cache execution: actual 64-byte output-map interruption and invalid-JSON rejection/repair; artifact insertion permission failure; post-publication truncated OLean false hit and Lean crash; missing-object repair; two private read-only-cache consumers and one shared-writable overlap. Boundary: Source review covers some listed configuration/cache rows without direct perturbation; no power-loss durability, all object types, conflicting shared writers, archive, Mathlib or Anneal server.",anneal-3730-lake-cache-publication-atomicity-2026-09-29/support/probe.py;anneal-3730-lake-cache-publication-atomicity-2026-09-29/support/results.json;anneal-3730-lake-cache-publication-atomicity-2026-09-29/support/artifacts/partial-output-map.json;anneal-3730-lake-cache-publication-atomicity-2026-09-29/support/artifacts/truncated-olean.bin,anneal-3730-lake-same-key-artifact-writers-2026-09-29,"Three two-process same-key Lake cache-miss pairs, then real RLIMIT_FSIZE partial OLean/ILean/C object writes, no-build false-hit, direct import oracle and explicit delete/rebuild repair. Boundary: Tiny private package roots and one pinned Lake on APFS; no causally forced simultaneous artifact syscall, power loss, shared writable build tree or Anneal last-good recovery.",anneal-3730-lake-same-key-artifact-writers-2026-09-29/REPORT.md;anneal-3730-lake-same-key-artifact-writers-2026-09-29/support/results.json;anneal-3730-lake-same-key-artifact-writers-2026-09-29/support/artifacts/partial-olean.bin;anneal-3730-lake-same-key-artifact-writers-2026-09-29/support/artifacts/partial-ilean.bin;anneal-3730-lake-same-key-artifact-writers-2026-09-29/support/artifacts/partial-c.bin;anneal-3730-lake-same-key-artifact-writers-2026-09-29/support/probe.py;anneal-3730-lake-same-key-artifact-writers-2026-09-29/support/check.py,anneal-3730-lake-key-artifact-family-matrix-2026-09-29,"Six pinned Lake source/path/option/consumer-manifest variants and four valid local OLean/ILean/C/setup cross-generation replacements; no-build/setup, setup-import batch, direct local batch/server and two valid plugin initializer markers distinguished consumed bytes. Boundary: One tiny pin/host; setup returned cache OLean rather than attesting replaced local file, direct watchdogs forced down after diagnostics, prior native plugin reused; no Anneal archive or power loss.",anneal-3730-lake-key-artifact-family-matrix-2026-09-29/REPORT.md;anneal-3730-lake-key-artifact-family-matrix-2026-09-29/support/results.json;anneal-3730-lake-key-artifact-family-matrix-2026-09-29/support/artifacts/retained/base/Dep.olean;anneal-3730-lake-key-artifact-family-matrix-2026-09-29/support/artifacts/retained/mixed-olean/Dep.olean;anneal-3730-lake-key-artifact-family-matrix-2026-09-29/support/artifacts/v1/plugin__probe_Plugin.dylib;anneal-3730-lake-key-artifact-family-matrix-2026-09-29/support/artifacts/v2/plugin__probe_Plugin.dylib;anneal-3730-lake-key-artifact-family-matrix-2026-09-29/support/probe.py;anneal-3730-lake-key-artifact-family-matrix-2026-09-29/support/check.py,anneal-3730-lake-dynamic-config-identity-2026-09-29,"Five clean pinned Lean/TOML configuration cells plus a deliberately adversarial environment-reading Lean run_cmd; no-build/setup/local batch/direct server under environment-only change, byte-preserving mtime shifts, valid wrong trace/setup and same-mtime source-byte edit with exact consumed OLean. Boundary: Tiny one-pin Lake graph; config-time source writer is adversarial and not declared Lake input, direct servers force-stopped after diagnostics, no Anneal archive/general key proof/power loss.",anneal-3730-lake-dynamic-config-identity-2026-09-29/REPORT.md;anneal-3730-lake-dynamic-config-identity-2026-09-29/support/results.json;anneal-3730-lake-dynamic-config-identity-2026-09-29/support/artifacts/golden-source;anneal-3730-lake-dynamic-config-identity-2026-09-29/support/artifacts/dynamic-a/trace;anneal-3730-lake-dynamic-config-identity-2026-09-29/support/artifacts/toml-seven/trace;anneal-3730-lake-dynamic-config-identity-2026-09-29/support/artifacts/lean-option/setup;anneal-3730-lake-dynamic-config-identity-2026-09-29/support/probe.py;anneal-3730-lake-dynamic-config-identity-2026-09-29/support/check.py,anneal-3730-lake-plugin-combined-family-mix-2026-09-29,"Pinned Lake 4.30-rc2 two-package v1/v2 controls plus one valid mixed root: v1 source/OLean/ILean/proof, v2 plugin dylib/C/setup option. File-specific setup named exact OLean/plugin paths and option; fresh lake serve showed no goals, value 7 and v2 plugin initializer; hash inventory stayed unchanged; fresh batch also returned 7. Boundary: One tiny same-pin macOS graph; v2 C is present but not consumed, OLean read has value/hash oracle rather than syscall trace; no Anneal archive, general ABI compatibility, dynamic plugin replacement, read-only consumer or cross-version claim.",anneal-3730-lake-plugin-combined-family-mix-2026-09-29/REPORT.md;anneal-3730-lake-plugin-combined-family-mix-2026-09-29/support/transcript.json;anneal-3730-lake-plugin-combined-family-mix-2026-09-29/support/artifacts/mix/olean;anneal-3730-lake-plugin-combined-family-mix-2026-09-29/support/artifacts/mix/plugin;anneal-3730-lake-plugin-combined-family-mix-2026-09-29/support/artifacts/mix/c;anneal-3730-lake-plugin-combined-family-mix-2026-09-29/support/artifacts/mix/setup;anneal-3730-lake-plugin-combined-family-mix-2026-09-29/support/probe.py;anneal-3730-lake-plugin-combined-family-mix-2026-09-29/support/check.py,,,,,,,,,,,,,,,
I094,L. Lake preparation and consumer configuration identity,Pinned versus upgraded Lake ownership,S/X,Re-run the same consumer-identity and read-only probes at the examined 4.30 pin and explicitly chosen later versions. Account for the rest of the coupled toolchain. Separate a version-specific workaround from a stable architectural requirement; do not infer continuity from nearby release numbers.,lake-configuration-ownership-v4-30-0-rc2;lake-server-preparation-v4-30-0-rc2;lake-readonly-relocation-offline-concurrency-v4-30-0-rc2,,anneal-3730-lake-prepared-contract-2026-09-29,partial,"Tiny two-package Lean/TOML clean and relocated prepared Lake fixture, no-build checks, isolated home/denied loopback, native facet and cache wrong-object/truncated-map controls. Boundary: No real Anneal archive, server query, complete plugin/native family, network syscall trace, concurrent restore or full integrity oracle.",Read-only prepared consumer behavior on a selected later compatible Lean/Lake tuple; current prepared fixture is 4.30-rc2 only.,anneal-3730-lean-cross-version-equivalence-v4-29-v4-30-rc2-2026-09-29,"Cached Lean 4.29 and 4.30-rc2 tiny clean/prepared direct/Lake batch and three live launch modes; source-only and valid OLean-only mutation, theorem/axiom/goal diagnostics and file hashes. Boundary: Within-version small fixture only; batch/live select different artifact generations after mutations; not a compatible newer release or cross-version binary migration.",anneal-3730-lake-cache-publication-atomicity-2026-09-29,"Pinned Lake 4.30-rc2 source and tiny cache execution: actual 64-byte output-map interruption and invalid-JSON rejection/repair; artifact insertion permission failure; post-publication truncated OLean false hit and Lean crash; missing-object repair; two private read-only-cache consumers and one shared-writable overlap. Boundary: Source review covers some listed configuration/cache rows without direct perturbation; no power-loss durability, all object types, conflicting shared writers, archive, Mathlib or Anneal server.",anneal-3730-lake-cache-publication-atomicity-2026-09-29/support/probe.py;anneal-3730-lake-cache-publication-atomicity-2026-09-29/support/results.json;anneal-3730-lake-cache-publication-atomicity-2026-09-29/support/artifacts/partial-output-map.json;anneal-3730-lake-cache-publication-atomicity-2026-09-29/support/artifacts/truncated-olean.bin,anneal-3730-lake-same-key-artifact-writers-2026-09-29,"Three two-process same-key Lake cache-miss pairs, then real RLIMIT_FSIZE partial OLean/ILean/C object writes, no-build false-hit, direct import oracle and explicit delete/rebuild repair. Boundary: Tiny private package roots and one pinned Lake on APFS; no causally forced simultaneous artifact syscall, power loss, shared writable build tree or Anneal last-good recovery.",anneal-3730-lake-same-key-artifact-writers-2026-09-29/REPORT.md;anneal-3730-lake-same-key-artifact-writers-2026-09-29/support/results.json;anneal-3730-lake-same-key-artifact-writers-2026-09-29/support/artifacts/partial-olean.bin;anneal-3730-lake-same-key-artifact-writers-2026-09-29/support/artifacts/partial-ilean.bin;anneal-3730-lake-same-key-artifact-writers-2026-09-29/support/artifacts/partial-c.bin;anneal-3730-lake-same-key-artifact-writers-2026-09-29/support/probe.py;anneal-3730-lake-same-key-artifact-writers-2026-09-29/support/check.py,,,,,,,anneal-3730-lake-plugin-combined-family-mix-2026-09-29,"Pinned Lake 4.30-rc2 two-package v1/v2 controls plus one valid mixed root: v1 source/OLean/ILean/proof, v2 plugin dylib/C/setup option. File-specific setup named exact OLean/plugin paths and option; fresh lake serve showed no goals, value 7 and v2 plugin initializer; hash inventory stayed unchanged; fresh batch also returned 7. Boundary: One tiny same-pin macOS graph; v2 C is present but not consumed, OLean read has value/hash oracle rather than syscall trace; no Anneal archive, general ABI compatibility, dynamic plugin replacement, read-only consumer or cross-version claim.",anneal-3730-lake-plugin-combined-family-mix-2026-09-29/REPORT.md;anneal-3730-lake-plugin-combined-family-mix-2026-09-29/support/transcript.json;anneal-3730-lake-plugin-combined-family-mix-2026-09-29/support/artifacts/mix/olean;anneal-3730-lake-plugin-combined-family-mix-2026-09-29/support/artifacts/mix/plugin;anneal-3730-lake-plugin-combined-family-mix-2026-09-29/support/artifacts/mix/c;anneal-3730-lake-plugin-combined-family-mix-2026-09-29/support/artifacts/mix/setup;anneal-3730-lake-plugin-combined-family-mix-2026-09-29/support/probe.py;anneal-3730-lake-plugin-combined-family-mix-2026-09-29/support/check.py,,,,,,,,,,,,,,,
I095,L. Lake preparation and consumer configuration identity,Observable reuse versus accidental rebuilding,S/X,"Record launched processes, writes, artifact reads, and setup outputs across repeated checks. Determine reliable reuse indicators even when command output is quiet. Validate actual parallelism controls rather than treating an unrecognized variable such as `LAKE_JOBS` as an enforced resource bound.",lake-configuration-ownership-v4-30-0-rc2;lake-server-preparation-v4-30-0-rc2;lake-readonly-relocation-offline-concurrency-v4-30-0-rc2,,anneal-3730-lake-prepared-contract-2026-09-29,partial,"Tiny two-package Lean/TOML clean and relocated prepared Lake fixture, no-build checks, isolated home/denied loopback, native facet and cache wrong-object/truncated-map controls. Boundary: No real Anneal archive, server query, complete plugin/native family, network syscall trace, concurrent restore or full integrity oracle.",R21 retained setup paths and stable hashes but no syscall trace. Trace launched process reads/writes and realized parallelism at prepared scale.,,,anneal-3730-lake-cache-publication-atomicity-2026-09-29,"Pinned Lake 4.30-rc2 source and tiny cache execution: actual 64-byte output-map interruption and invalid-JSON rejection/repair; artifact insertion permission failure; post-publication truncated OLean false hit and Lean crash; missing-object repair; two private read-only-cache consumers and one shared-writable overlap. Boundary: Source review covers some listed configuration/cache rows without direct perturbation; no power-loss durability, all object types, conflicting shared writers, archive, Mathlib or Anneal server.",anneal-3730-lake-cache-publication-atomicity-2026-09-29/support/probe.py;anneal-3730-lake-cache-publication-atomicity-2026-09-29/support/results.json;anneal-3730-lake-cache-publication-atomicity-2026-09-29/support/artifacts/partial-output-map.json;anneal-3730-lake-cache-publication-atomicity-2026-09-29/support/artifacts/truncated-olean.bin,anneal-3730-lake-same-key-artifact-writers-2026-09-29,"Three two-process same-key Lake cache-miss pairs, then real RLIMIT_FSIZE partial OLean/ILean/C object writes, no-build false-hit, direct import oracle and explicit delete/rebuild repair. Boundary: Tiny private package roots and one pinned Lake on APFS; no causally forced simultaneous artifact syscall, power loss, shared writable build tree or Anneal last-good recovery.",anneal-3730-lake-same-key-artifact-writers-2026-09-29/REPORT.md;anneal-3730-lake-same-key-artifact-writers-2026-09-29/support/results.json;anneal-3730-lake-same-key-artifact-writers-2026-09-29/support/artifacts/partial-olean.bin;anneal-3730-lake-same-key-artifact-writers-2026-09-29/support/artifacts/partial-ilean.bin;anneal-3730-lake-same-key-artifact-writers-2026-09-29/support/artifacts/partial-c.bin;anneal-3730-lake-same-key-artifact-writers-2026-09-29/support/probe.py;anneal-3730-lake-same-key-artifact-writers-2026-09-29/support/check.py,anneal-3730-lake-key-artifact-family-matrix-2026-09-29,"Six pinned Lake source/path/option/consumer-manifest variants and four valid local OLean/ILean/C/setup cross-generation replacements; no-build/setup, setup-import batch, direct local batch/server and two valid plugin initializer markers distinguished consumed bytes. Boundary: One tiny pin/host; setup returned cache OLean rather than attesting replaced local file, direct watchdogs forced down after diagnostics, prior native plugin reused; no Anneal archive or power loss.",anneal-3730-lake-key-artifact-family-matrix-2026-09-29/REPORT.md;anneal-3730-lake-key-artifact-family-matrix-2026-09-29/support/results.json;anneal-3730-lake-key-artifact-family-matrix-2026-09-29/support/artifacts/retained/base/Dep.olean;anneal-3730-lake-key-artifact-family-matrix-2026-09-29/support/artifacts/retained/mixed-olean/Dep.olean;anneal-3730-lake-key-artifact-family-matrix-2026-09-29/support/artifacts/v1/plugin__probe_Plugin.dylib;anneal-3730-lake-key-artifact-family-matrix-2026-09-29/support/artifacts/v2/plugin__probe_Plugin.dylib;anneal-3730-lake-key-artifact-family-matrix-2026-09-29/support/probe.py;anneal-3730-lake-key-artifact-family-matrix-2026-09-29/support/check.py,anneal-3730-lake-dynamic-config-identity-2026-09-29,"Five clean pinned Lean/TOML configuration cells plus a deliberately adversarial environment-reading Lean run_cmd; no-build/setup/local batch/direct server under environment-only change, byte-preserving mtime shifts, valid wrong trace/setup and same-mtime source-byte edit with exact consumed OLean. Boundary: Tiny one-pin Lake graph; config-time source writer is adversarial and not declared Lake input, direct servers force-stopped after diagnostics, no Anneal archive/general key proof/power loss.",anneal-3730-lake-dynamic-config-identity-2026-09-29/REPORT.md;anneal-3730-lake-dynamic-config-identity-2026-09-29/support/results.json;anneal-3730-lake-dynamic-config-identity-2026-09-29/support/artifacts/golden-source;anneal-3730-lake-dynamic-config-identity-2026-09-29/support/artifacts/dynamic-a/trace;anneal-3730-lake-dynamic-config-identity-2026-09-29/support/artifacts/toml-seven/trace;anneal-3730-lake-dynamic-config-identity-2026-09-29/support/artifacts/lean-option/setup;anneal-3730-lake-dynamic-config-identity-2026-09-29/support/probe.py;anneal-3730-lake-dynamic-config-identity-2026-09-29/support/check.py,anneal-3730-lake-plugin-combined-family-mix-2026-09-29,"Pinned Lake 4.30-rc2 two-package v1/v2 controls plus one valid mixed root: v1 source/OLean/ILean/proof, v2 plugin dylib/C/setup option. File-specific setup named exact OLean/plugin paths and option; fresh lake serve showed no goals, value 7 and v2 plugin initializer; hash inventory stayed unchanged; fresh batch also returned 7. Boundary: One tiny same-pin macOS graph; v2 C is present but not consumed, OLean read has value/hash oracle rather than syscall trace; no Anneal archive, general ABI compatibility, dynamic plugin replacement, read-only consumer or cross-version claim.",anneal-3730-lake-plugin-combined-family-mix-2026-09-29/REPORT.md;anneal-3730-lake-plugin-combined-family-mix-2026-09-29/support/transcript.json;anneal-3730-lake-plugin-combined-family-mix-2026-09-29/support/artifacts/mix/olean;anneal-3730-lake-plugin-combined-family-mix-2026-09-29/support/artifacts/mix/plugin;anneal-3730-lake-plugin-combined-family-mix-2026-09-29/support/artifacts/mix/c;anneal-3730-lake-plugin-combined-family-mix-2026-09-29/support/artifacts/mix/setup;anneal-3730-lake-plugin-combined-family-mix-2026-09-29/support/probe.py;anneal-3730-lake-plugin-combined-family-mix-2026-09-29/support/check.py,,,,,,,,,,,,,,,
I096,L. Lake preparation and consumer configuration identity,Configuration discovery and tool selection,S/X,"Compare CLI, editor, MCP, CI, and clean-process launches with different working directories, PATH, toolchain selectors, homes, and search paths. Record executable digests and loaded dependencies. Identify which inherited settings must be pinned or rejected to preserve a reproducible prepared environment.",lake-configuration-ownership-v4-30-0-rc2;lake-server-preparation-v4-30-0-rc2;lake-readonly-relocation-offline-concurrency-v4-30-0-rc2,,anneal-3730-lake-prepared-contract-2026-09-29,partial,"Tiny two-package Lean/TOML clean and relocated prepared Lake fixture, no-build checks, isolated home/denied loopback, native facet and cache wrong-object/truncated-map controls. Boundary: No real Anneal archive, server query, complete plugin/native family, network syscall trace, concurrent restore or full integrity oracle.",R21 exercised local Lake-discovered plugin target and one server. Attest executable/config discovery for CLI/editor/MCP/CI launch variants.,,,anneal-3730-lake-cache-publication-atomicity-2026-09-29,"Pinned Lake 4.30-rc2 source and tiny cache execution: actual 64-byte output-map interruption and invalid-JSON rejection/repair; artifact insertion permission failure; post-publication truncated OLean false hit and Lean crash; missing-object repair; two private read-only-cache consumers and one shared-writable overlap. Boundary: Source review covers some listed configuration/cache rows without direct perturbation; no power-loss durability, all object types, conflicting shared writers, archive, Mathlib or Anneal server.",anneal-3730-lake-cache-publication-atomicity-2026-09-29/support/probe.py;anneal-3730-lake-cache-publication-atomicity-2026-09-29/support/results.json;anneal-3730-lake-cache-publication-atomicity-2026-09-29/support/artifacts/partial-output-map.json;anneal-3730-lake-cache-publication-atomicity-2026-09-29/support/artifacts/truncated-olean.bin,anneal-3730-lake-same-key-artifact-writers-2026-09-29,"Three two-process same-key Lake cache-miss pairs, then real RLIMIT_FSIZE partial OLean/ILean/C object writes, no-build false-hit, direct import oracle and explicit delete/rebuild repair. Boundary: Tiny private package roots and one pinned Lake on APFS; no causally forced simultaneous artifact syscall, power loss, shared writable build tree or Anneal last-good recovery.",anneal-3730-lake-same-key-artifact-writers-2026-09-29/REPORT.md;anneal-3730-lake-same-key-artifact-writers-2026-09-29/support/results.json;anneal-3730-lake-same-key-artifact-writers-2026-09-29/support/artifacts/partial-olean.bin;anneal-3730-lake-same-key-artifact-writers-2026-09-29/support/artifacts/partial-ilean.bin;anneal-3730-lake-same-key-artifact-writers-2026-09-29/support/artifacts/partial-c.bin;anneal-3730-lake-same-key-artifact-writers-2026-09-29/support/probe.py;anneal-3730-lake-same-key-artifact-writers-2026-09-29/support/check.py,anneal-3730-lake-key-artifact-family-matrix-2026-09-29,"Six pinned Lake source/path/option/consumer-manifest variants and four valid local OLean/ILean/C/setup cross-generation replacements; no-build/setup, setup-import batch, direct local batch/server and two valid plugin initializer markers distinguished consumed bytes. Boundary: One tiny pin/host; setup returned cache OLean rather than attesting replaced local file, direct watchdogs forced down after diagnostics, prior native plugin reused; no Anneal archive or power loss.",anneal-3730-lake-key-artifact-family-matrix-2026-09-29/REPORT.md;anneal-3730-lake-key-artifact-family-matrix-2026-09-29/support/results.json;anneal-3730-lake-key-artifact-family-matrix-2026-09-29/support/artifacts/retained/base/Dep.olean;anneal-3730-lake-key-artifact-family-matrix-2026-09-29/support/artifacts/retained/mixed-olean/Dep.olean;anneal-3730-lake-key-artifact-family-matrix-2026-09-29/support/artifacts/v1/plugin__probe_Plugin.dylib;anneal-3730-lake-key-artifact-family-matrix-2026-09-29/support/artifacts/v2/plugin__probe_Plugin.dylib;anneal-3730-lake-key-artifact-family-matrix-2026-09-29/support/probe.py;anneal-3730-lake-key-artifact-family-matrix-2026-09-29/support/check.py,anneal-3730-lake-dynamic-config-identity-2026-09-29,"Five clean pinned Lean/TOML configuration cells plus a deliberately adversarial environment-reading Lean run_cmd; no-build/setup/local batch/direct server under environment-only change, byte-preserving mtime shifts, valid wrong trace/setup and same-mtime source-byte edit with exact consumed OLean. Boundary: Tiny one-pin Lake graph; config-time source writer is adversarial and not declared Lake input, direct servers force-stopped after diagnostics, no Anneal archive/general key proof/power loss.",anneal-3730-lake-dynamic-config-identity-2026-09-29/REPORT.md;anneal-3730-lake-dynamic-config-identity-2026-09-29/support/results.json;anneal-3730-lake-dynamic-config-identity-2026-09-29/support/artifacts/golden-source;anneal-3730-lake-dynamic-config-identity-2026-09-29/support/artifacts/dynamic-a/trace;anneal-3730-lake-dynamic-config-identity-2026-09-29/support/artifacts/toml-seven/trace;anneal-3730-lake-dynamic-config-identity-2026-09-29/support/artifacts/lean-option/setup;anneal-3730-lake-dynamic-config-identity-2026-09-29/support/probe.py;anneal-3730-lake-dynamic-config-identity-2026-09-29/support/check.py,anneal-3730-lake-plugin-combined-family-mix-2026-09-29,"Pinned Lake 4.30-rc2 two-package v1/v2 controls plus one valid mixed root: v1 source/OLean/ILean/proof, v2 plugin dylib/C/setup option. File-specific setup named exact OLean/plugin paths and option; fresh lake serve showed no goals, value 7 and v2 plugin initializer; hash inventory stayed unchanged; fresh batch also returned 7. Boundary: One tiny same-pin macOS graph; v2 C is present but not consumed, OLean read has value/hash oracle rather than syscall trace; no Anneal archive, general ABI compatibility, dynamic plugin replacement, read-only consumer or cross-version claim.",anneal-3730-lake-plugin-combined-family-mix-2026-09-29/REPORT.md;anneal-3730-lake-plugin-combined-family-mix-2026-09-29/support/transcript.json;anneal-3730-lake-plugin-combined-family-mix-2026-09-29/support/artifacts/mix/olean;anneal-3730-lake-plugin-combined-family-mix-2026-09-29/support/artifacts/mix/plugin;anneal-3730-lake-plugin-combined-family-mix-2026-09-29/support/artifacts/mix/c;anneal-3730-lake-plugin-combined-family-mix-2026-09-29/support/artifacts/mix/setup;anneal-3730-lake-plugin-combined-family-mix-2026-09-29/support/probe.py;anneal-3730-lake-plugin-combined-family-mix-2026-09-29/support/check.py,,,,,,,,,,,,,,,
I097,"M. Cache correctness, packaging, and artifact publication",Minimal sufficient cache keys,M/X,Perturb each source/model/tool/configuration input while preserving other identities and force lookup through candidate keys. Include source-identical but differently configured runs. Measure false hits and unnecessary misses; a checksum is useful only if it covers the inputs that determine the cached claim.,lake-artifact-cache-key-semantics-v4-30-0-rc2;lake-cache-concurrency-execution-probe-v4-30-0-rc2;lake-clean-cache-seeded-equivalence-v4-30-0-rc2,anneal-3730-lake-identity-matrix-v4-30-0-rc2,anneal-3730-lake-prepared-contract-2026-09-29,partial,"Tiny two-package Lean/TOML clean and relocated prepared Lake fixture, no-build checks, isolated home/denied loopback, native facet and cache wrong-object/truncated-map controls. Boundary: No real Anneal archive, server query, complete plugin/native family, network syscall trace, concurrent restore or full integrity oracle.",R21 provides a selected plugin/OLean/option mix. Establish sufficient source/model/tool/flag/path keys and object-byte validation for every consumer.,,,anneal-3730-lake-cache-publication-atomicity-2026-09-29,"Pinned Lake 4.30-rc2 source and tiny cache execution: actual 64-byte output-map interruption and invalid-JSON rejection/repair; artifact insertion permission failure; post-publication truncated OLean false hit and Lean crash; missing-object repair; two private read-only-cache consumers and one shared-writable overlap. Boundary: Source review covers some listed configuration/cache rows without direct perturbation; no power-loss durability, all object types, conflicting shared writers, archive, Mathlib or Anneal server.",anneal-3730-lake-cache-publication-atomicity-2026-09-29/support/probe.py;anneal-3730-lake-cache-publication-atomicity-2026-09-29/support/results.json;anneal-3730-lake-cache-publication-atomicity-2026-09-29/support/artifacts/partial-output-map.json;anneal-3730-lake-cache-publication-atomicity-2026-09-29/support/artifacts/truncated-olean.bin,anneal-3730-lake-same-key-artifact-writers-2026-09-29,"Three two-process same-key Lake cache-miss pairs, then real RLIMIT_FSIZE partial OLean/ILean/C object writes, no-build false-hit, direct import oracle and explicit delete/rebuild repair. Boundary: Tiny private package roots and one pinned Lake on APFS; no causally forced simultaneous artifact syscall, power loss, shared writable build tree or Anneal last-good recovery.",anneal-3730-lake-same-key-artifact-writers-2026-09-29/REPORT.md;anneal-3730-lake-same-key-artifact-writers-2026-09-29/support/results.json;anneal-3730-lake-same-key-artifact-writers-2026-09-29/support/artifacts/partial-olean.bin;anneal-3730-lake-same-key-artifact-writers-2026-09-29/support/artifacts/partial-ilean.bin;anneal-3730-lake-same-key-artifact-writers-2026-09-29/support/artifacts/partial-c.bin;anneal-3730-lake-same-key-artifact-writers-2026-09-29/support/probe.py;anneal-3730-lake-same-key-artifact-writers-2026-09-29/support/check.py,anneal-3730-lake-key-artifact-family-matrix-2026-09-29,"Six pinned Lake source/path/option/consumer-manifest variants and four valid local OLean/ILean/C/setup cross-generation replacements; no-build/setup, setup-import batch, direct local batch/server and two valid plugin initializer markers distinguished consumed bytes. Boundary: One tiny pin/host; setup returned cache OLean rather than attesting replaced local file, direct watchdogs forced down after diagnostics, prior native plugin reused; no Anneal archive or power loss.",anneal-3730-lake-key-artifact-family-matrix-2026-09-29/REPORT.md;anneal-3730-lake-key-artifact-family-matrix-2026-09-29/support/results.json;anneal-3730-lake-key-artifact-family-matrix-2026-09-29/support/artifacts/retained/base/Dep.olean;anneal-3730-lake-key-artifact-family-matrix-2026-09-29/support/artifacts/retained/mixed-olean/Dep.olean;anneal-3730-lake-key-artifact-family-matrix-2026-09-29/support/artifacts/v1/plugin__probe_Plugin.dylib;anneal-3730-lake-key-artifact-family-matrix-2026-09-29/support/artifacts/v2/plugin__probe_Plugin.dylib;anneal-3730-lake-key-artifact-family-matrix-2026-09-29/support/probe.py;anneal-3730-lake-key-artifact-family-matrix-2026-09-29/support/check.py,anneal-3730-lake-dynamic-config-identity-2026-09-29,"Five clean pinned Lean/TOML configuration cells plus a deliberately adversarial environment-reading Lean run_cmd; no-build/setup/local batch/direct server under environment-only change, byte-preserving mtime shifts, valid wrong trace/setup and same-mtime source-byte edit with exact consumed OLean. Boundary: Tiny one-pin Lake graph; config-time source writer is adversarial and not declared Lake input, direct servers force-stopped after diagnostics, no Anneal archive/general key proof/power loss.",anneal-3730-lake-dynamic-config-identity-2026-09-29/REPORT.md;anneal-3730-lake-dynamic-config-identity-2026-09-29/support/results.json;anneal-3730-lake-dynamic-config-identity-2026-09-29/support/artifacts/golden-source;anneal-3730-lake-dynamic-config-identity-2026-09-29/support/artifacts/dynamic-a/trace;anneal-3730-lake-dynamic-config-identity-2026-09-29/support/artifacts/toml-seven/trace;anneal-3730-lake-dynamic-config-identity-2026-09-29/support/artifacts/lean-option/setup;anneal-3730-lake-dynamic-config-identity-2026-09-29/support/probe.py;anneal-3730-lake-dynamic-config-identity-2026-09-29/support/check.py,anneal-3730-lake-plugin-combined-family-mix-2026-09-29,"Pinned Lake 4.30-rc2 two-package v1/v2 controls plus one valid mixed root: v1 source/OLean/ILean/proof, v2 plugin dylib/C/setup option. File-specific setup named exact OLean/plugin paths and option; fresh lake serve showed no goals, value 7 and v2 plugin initializer; hash inventory stayed unchanged; fresh batch also returned 7. Boundary: One tiny same-pin macOS graph; v2 C is present but not consumed, OLean read has value/hash oracle rather than syscall trace; no Anneal archive, general ABI compatibility, dynamic plugin replacement, read-only consumer or cross-version claim.",anneal-3730-lake-plugin-combined-family-mix-2026-09-29/REPORT.md;anneal-3730-lake-plugin-combined-family-mix-2026-09-29/support/transcript.json;anneal-3730-lake-plugin-combined-family-mix-2026-09-29/support/artifacts/mix/olean;anneal-3730-lake-plugin-combined-family-mix-2026-09-29/support/artifacts/mix/plugin;anneal-3730-lake-plugin-combined-family-mix-2026-09-29/support/artifacts/mix/c;anneal-3730-lake-plugin-combined-family-mix-2026-09-29/support/artifacts/mix/setup;anneal-3730-lake-plugin-combined-family-mix-2026-09-29/support/probe.py;anneal-3730-lake-plugin-combined-family-mix-2026-09-29/support/check.py,,,,,,,,,,,,,,,
I098,"M. Cache correctness, packaging, and artifact publication",Coherent Lean artifact families,S/X,"Mix, omit, or truncate `.olean` components, `.ilean`, native artifacts, setup metadata, and plugins in isolated fixtures. Test loader rejection, diagnostic quality, and acceptance against a clean control. Establish which artifacts must be published together and which are optional for a specific operation.",lake-artifact-cache-key-semantics-v4-30-0-rc2;lake-cache-concurrency-execution-probe-v4-30-0-rc2;lake-clean-cache-seeded-equivalence-v4-30-0-rc2,anneal-3730-lake-concurrency-preparation-v4-30-0-rc2;anneal-3730-lake-identity-matrix-v4-30-0-rc2,anneal-3730-lake-prepared-contract-2026-09-29,partial,"Tiny two-package Lean/TOML clean and relocated prepared Lake fixture, no-build checks, isolated home/denied loopback, native facet and cache wrong-object/truncated-map controls. Boundary: No real Anneal archive, server query, complete plugin/native family, network syscall trace, concurrent restore or full integrity oracle.","R21 showed one same-pin valid Lake-discovered setup/OLean/native plugin mix; copied v2 C was not executed. Test wider combinations in actual Anneal generated consumer, including incompatible families.",anneal-3730-lake-plugin-artifact-identity-v4-30-0-rc2;anneal-3730-lake-writer-recovery-2026-09-29,"Pinned Lean/Lake direct batch/no-build and live plugin fixture: missing OLean/ILean/C/dylib by operation, dylib v1/v2 replacement, existing/new worker split and initializer mismatch crash. Boundary: Tiny explicit plugin; no general ABI equivalence, all search paths, generated Anneal archive or complete interactive operation inventory. | Real Lake artifact-cache writer killed during paused Dep elaboration, two consumers with one killed writer, repaired no-build/ordinary build, truncated output-map rejection and retry. Boundary: Kill precedes cache publication; no crash at mapping rename or same-package concurrent writer proof.",anneal-3730-lake-cache-publication-atomicity-2026-09-29,"Pinned Lake 4.30-rc2 source and tiny cache execution: actual 64-byte output-map interruption and invalid-JSON rejection/repair; artifact insertion permission failure; post-publication truncated OLean false hit and Lean crash; missing-object repair; two private read-only-cache consumers and one shared-writable overlap. Boundary: Source review covers some listed configuration/cache rows without direct perturbation; no power-loss durability, all object types, conflicting shared writers, archive, Mathlib or Anneal server.",anneal-3730-lake-cache-publication-atomicity-2026-09-29/support/probe.py;anneal-3730-lake-cache-publication-atomicity-2026-09-29/support/results.json;anneal-3730-lake-cache-publication-atomicity-2026-09-29/support/artifacts/partial-output-map.json;anneal-3730-lake-cache-publication-atomicity-2026-09-29/support/artifacts/truncated-olean.bin,anneal-3730-lake-same-key-artifact-writers-2026-09-29,"Three two-process same-key Lake cache-miss pairs, then real RLIMIT_FSIZE partial OLean/ILean/C object writes, no-build false-hit, direct import oracle and explicit delete/rebuild repair. Boundary: Tiny private package roots and one pinned Lake on APFS; no causally forced simultaneous artifact syscall, power loss, shared writable build tree or Anneal last-good recovery.",anneal-3730-lake-same-key-artifact-writers-2026-09-29/REPORT.md;anneal-3730-lake-same-key-artifact-writers-2026-09-29/support/results.json;anneal-3730-lake-same-key-artifact-writers-2026-09-29/support/artifacts/partial-olean.bin;anneal-3730-lake-same-key-artifact-writers-2026-09-29/support/artifacts/partial-ilean.bin;anneal-3730-lake-same-key-artifact-writers-2026-09-29/support/artifacts/partial-c.bin;anneal-3730-lake-same-key-artifact-writers-2026-09-29/support/probe.py;anneal-3730-lake-same-key-artifact-writers-2026-09-29/support/check.py,anneal-3730-lake-key-artifact-family-matrix-2026-09-29,"Six pinned Lake source/path/option/consumer-manifest variants and four valid local OLean/ILean/C/setup cross-generation replacements; no-build/setup, setup-import batch, direct local batch/server and two valid plugin initializer markers distinguished consumed bytes. Boundary: One tiny pin/host; setup returned cache OLean rather than attesting replaced local file, direct watchdogs forced down after diagnostics, prior native plugin reused; no Anneal archive or power loss.",anneal-3730-lake-key-artifact-family-matrix-2026-09-29/REPORT.md;anneal-3730-lake-key-artifact-family-matrix-2026-09-29/support/results.json;anneal-3730-lake-key-artifact-family-matrix-2026-09-29/support/artifacts/retained/base/Dep.olean;anneal-3730-lake-key-artifact-family-matrix-2026-09-29/support/artifacts/retained/mixed-olean/Dep.olean;anneal-3730-lake-key-artifact-family-matrix-2026-09-29/support/artifacts/v1/plugin__probe_Plugin.dylib;anneal-3730-lake-key-artifact-family-matrix-2026-09-29/support/artifacts/v2/plugin__probe_Plugin.dylib;anneal-3730-lake-key-artifact-family-matrix-2026-09-29/support/probe.py;anneal-3730-lake-key-artifact-family-matrix-2026-09-29/support/check.py,anneal-3730-lake-dynamic-config-identity-2026-09-29,"Five clean pinned Lean/TOML configuration cells plus a deliberately adversarial environment-reading Lean run_cmd; no-build/setup/local batch/direct server under environment-only change, byte-preserving mtime shifts, valid wrong trace/setup and same-mtime source-byte edit with exact consumed OLean. Boundary: Tiny one-pin Lake graph; config-time source writer is adversarial and not declared Lake input, direct servers force-stopped after diagnostics, no Anneal archive/general key proof/power loss.",anneal-3730-lake-dynamic-config-identity-2026-09-29/REPORT.md;anneal-3730-lake-dynamic-config-identity-2026-09-29/support/results.json;anneal-3730-lake-dynamic-config-identity-2026-09-29/support/artifacts/golden-source;anneal-3730-lake-dynamic-config-identity-2026-09-29/support/artifacts/dynamic-a/trace;anneal-3730-lake-dynamic-config-identity-2026-09-29/support/artifacts/toml-seven/trace;anneal-3730-lake-dynamic-config-identity-2026-09-29/support/artifacts/lean-option/setup;anneal-3730-lake-dynamic-config-identity-2026-09-29/support/probe.py;anneal-3730-lake-dynamic-config-identity-2026-09-29/support/check.py,anneal-3730-lake-plugin-combined-family-mix-2026-09-29,"Pinned Lake 4.30-rc2 two-package v1/v2 controls plus one valid mixed root: v1 source/OLean/ILean/proof, v2 plugin dylib/C/setup option. File-specific setup named exact OLean/plugin paths and option; fresh lake serve showed no goals, value 7 and v2 plugin initializer; hash inventory stayed unchanged; fresh batch also returned 7. Boundary: One tiny same-pin macOS graph; v2 C is present but not consumed, OLean read has value/hash oracle rather than syscall trace; no Anneal archive, general ABI compatibility, dynamic plugin replacement, read-only consumer or cross-version claim.",anneal-3730-lake-plugin-combined-family-mix-2026-09-29/REPORT.md;anneal-3730-lake-plugin-combined-family-mix-2026-09-29/support/transcript.json;anneal-3730-lake-plugin-combined-family-mix-2026-09-29/support/artifacts/mix/olean;anneal-3730-lake-plugin-combined-family-mix-2026-09-29/support/artifacts/mix/plugin;anneal-3730-lake-plugin-combined-family-mix-2026-09-29/support/artifacts/mix/c;anneal-3730-lake-plugin-combined-family-mix-2026-09-29/support/artifacts/mix/setup;anneal-3730-lake-plugin-combined-family-mix-2026-09-29/support/probe.py;anneal-3730-lake-plugin-combined-family-mix-2026-09-29/support/check.py,,,,,,,,,,,,,,,
I099,"M. Cache correctness, packaging, and artifact publication",Real clean-versus-prepared equivalence,X,"Compare actual same-platform prepared archives with independently reconstructed environments on representative generated projects. Check declarations, assumptions, relevant artifacts, navigation, and tactic state. Keep byte equality, import success, logical acceptance, and source-level verification as distinct outcomes rather than declaring one universal equivalence oracle.",lake-artifact-cache-key-semantics-v4-30-0-rc2;lake-cache-concurrency-execution-probe-v4-30-0-rc2;lake-clean-cache-seeded-equivalence-v4-30-0-rc2,,anneal-3730-lake-prepared-contract-2026-09-29,partial,"Tiny two-package Lean/TOML clean and relocated prepared Lake fixture, no-build checks, isolated home/denied loopback, native facet and cache wrong-object/truncated-map controls. Boundary: No real Anneal archive, server query, complete plugin/native family, network syscall trace, concurrent restore or full integrity oracle.","R21 clean/mixed local controls cover one theorem, value and plugin marker. Compare clean/prepared declarations, assumptions, diagnostics, goals and loaded artifacts across actual Anneal workspaces.",anneal-3730-lean-cross-version-equivalence-v4-29-v4-30-rc2-2026-09-29,"Cached Lean 4.29 and 4.30-rc2 tiny clean/prepared direct/Lake batch and three live launch modes; source-only and valid OLean-only mutation, theorem/axiom/goal diagnostics and file hashes. Boundary: Within-version small fixture only; batch/live select different artifact generations after mutations; not a compatible newer release or cross-version binary migration.",anneal-3730-lake-cache-publication-atomicity-2026-09-29,"Pinned Lake 4.30-rc2 source and tiny cache execution: actual 64-byte output-map interruption and invalid-JSON rejection/repair; artifact insertion permission failure; post-publication truncated OLean false hit and Lean crash; missing-object repair; two private read-only-cache consumers and one shared-writable overlap. Boundary: Source review covers some listed configuration/cache rows without direct perturbation; no power-loss durability, all object types, conflicting shared writers, archive, Mathlib or Anneal server.",anneal-3730-lake-cache-publication-atomicity-2026-09-29/support/probe.py;anneal-3730-lake-cache-publication-atomicity-2026-09-29/support/results.json;anneal-3730-lake-cache-publication-atomicity-2026-09-29/support/artifacts/partial-output-map.json;anneal-3730-lake-cache-publication-atomicity-2026-09-29/support/artifacts/truncated-olean.bin,anneal-3730-lake-same-key-artifact-writers-2026-09-29,"Three two-process same-key Lake cache-miss pairs, then real RLIMIT_FSIZE partial OLean/ILean/C object writes, no-build false-hit, direct import oracle and explicit delete/rebuild repair. Boundary: Tiny private package roots and one pinned Lake on APFS; no causally forced simultaneous artifact syscall, power loss, shared writable build tree or Anneal last-good recovery.",anneal-3730-lake-same-key-artifact-writers-2026-09-29/REPORT.md;anneal-3730-lake-same-key-artifact-writers-2026-09-29/support/results.json;anneal-3730-lake-same-key-artifact-writers-2026-09-29/support/artifacts/partial-olean.bin;anneal-3730-lake-same-key-artifact-writers-2026-09-29/support/artifacts/partial-ilean.bin;anneal-3730-lake-same-key-artifact-writers-2026-09-29/support/artifacts/partial-c.bin;anneal-3730-lake-same-key-artifact-writers-2026-09-29/support/probe.py;anneal-3730-lake-same-key-artifact-writers-2026-09-29/support/check.py,anneal-3730-lake-key-artifact-family-matrix-2026-09-29,"Six pinned Lake source/path/option/consumer-manifest variants and four valid local OLean/ILean/C/setup cross-generation replacements; no-build/setup, setup-import batch, direct local batch/server and two valid plugin initializer markers distinguished consumed bytes. Boundary: One tiny pin/host; setup returned cache OLean rather than attesting replaced local file, direct watchdogs forced down after diagnostics, prior native plugin reused; no Anneal archive or power loss.",anneal-3730-lake-key-artifact-family-matrix-2026-09-29/REPORT.md;anneal-3730-lake-key-artifact-family-matrix-2026-09-29/support/results.json;anneal-3730-lake-key-artifact-family-matrix-2026-09-29/support/artifacts/retained/base/Dep.olean;anneal-3730-lake-key-artifact-family-matrix-2026-09-29/support/artifacts/retained/mixed-olean/Dep.olean;anneal-3730-lake-key-artifact-family-matrix-2026-09-29/support/artifacts/v1/plugin__probe_Plugin.dylib;anneal-3730-lake-key-artifact-family-matrix-2026-09-29/support/artifacts/v2/plugin__probe_Plugin.dylib;anneal-3730-lake-key-artifact-family-matrix-2026-09-29/support/probe.py;anneal-3730-lake-key-artifact-family-matrix-2026-09-29/support/check.py,anneal-3730-lake-dynamic-config-identity-2026-09-29,"Five clean pinned Lean/TOML configuration cells plus a deliberately adversarial environment-reading Lean run_cmd; no-build/setup/local batch/direct server under environment-only change, byte-preserving mtime shifts, valid wrong trace/setup and same-mtime source-byte edit with exact consumed OLean. Boundary: Tiny one-pin Lake graph; config-time source writer is adversarial and not declared Lake input, direct servers force-stopped after diagnostics, no Anneal archive/general key proof/power loss.",anneal-3730-lake-dynamic-config-identity-2026-09-29/REPORT.md;anneal-3730-lake-dynamic-config-identity-2026-09-29/support/results.json;anneal-3730-lake-dynamic-config-identity-2026-09-29/support/artifacts/golden-source;anneal-3730-lake-dynamic-config-identity-2026-09-29/support/artifacts/dynamic-a/trace;anneal-3730-lake-dynamic-config-identity-2026-09-29/support/artifacts/toml-seven/trace;anneal-3730-lake-dynamic-config-identity-2026-09-29/support/artifacts/lean-option/setup;anneal-3730-lake-dynamic-config-identity-2026-09-29/support/probe.py;anneal-3730-lake-dynamic-config-identity-2026-09-29/support/check.py,anneal-3730-lake-plugin-combined-family-mix-2026-09-29,"Pinned Lake 4.30-rc2 two-package v1/v2 controls plus one valid mixed root: v1 source/OLean/ILean/proof, v2 plugin dylib/C/setup option. File-specific setup named exact OLean/plugin paths and option; fresh lake serve showed no goals, value 7 and v2 plugin initializer; hash inventory stayed unchanged; fresh batch also returned 7. Boundary: One tiny same-pin macOS graph; v2 C is present but not consumed, OLean read has value/hash oracle rather than syscall trace; no Anneal archive, general ABI compatibility, dynamic plugin replacement, read-only consumer or cross-version claim.",anneal-3730-lake-plugin-combined-family-mix-2026-09-29/REPORT.md;anneal-3730-lake-plugin-combined-family-mix-2026-09-29/support/transcript.json;anneal-3730-lake-plugin-combined-family-mix-2026-09-29/support/artifacts/mix/olean;anneal-3730-lake-plugin-combined-family-mix-2026-09-29/support/artifacts/mix/plugin;anneal-3730-lake-plugin-combined-family-mix-2026-09-29/support/artifacts/mix/c;anneal-3730-lake-plugin-combined-family-mix-2026-09-29/support/artifacts/mix/setup;anneal-3730-lake-plugin-combined-family-mix-2026-09-29/support/probe.py;anneal-3730-lake-plugin-combined-family-mix-2026-09-29/support/check.py,,,,,,,,,,,,,,,
I100,"M. Cache correctness, packaging, and artifact publication","mtime, trace, and normalization hazards",S/X,"Change bytes without advancing timestamps, alter source orderings, and exercise old-freshness modes and proposed trace rewrites. Inject changes the comparison must retain. Determine when reuse is unjustified and whether a simpler preparation contract eliminates the need to modify Lake's internal metadata.",lake-artifact-cache-key-semantics-v4-30-0-rc2;lake-cache-concurrency-execution-probe-v4-30-0-rc2;lake-clean-cache-seeded-equivalence-v4-30-0-rc2,anneal-3730-lake-writer-scale-v4-30-0-rc2,anneal-3730-lake-prepared-contract-2026-09-29,partial,"Tiny two-package Lean/TOML clean and relocated prepared Lake fixture, no-build checks, isolated home/denied loopback, native facet and cache wrong-object/truncated-map controls. Boundary: No real Anneal archive, server query, complete plugin/native family, network syscall trace, concurrent restore or full integrity oracle.","M06's real Aeneas-generated small graph replayed no-op/mtime and rebuilt on byte-different source comments; pathname and line spans changed together. A larger generated graph, separate key perturbations and selected workaround decision remain.",anneal-3730-lean-cross-version-equivalence-v4-29-v4-30-rc2-2026-09-29,"Cached Lean 4.29 and 4.30-rc2 tiny clean/prepared direct/Lake batch and three live launch modes; source-only and valid OLean-only mutation, theorem/axiom/goal diagnostics and file hashes. Boundary: Within-version small fixture only; batch/live select different artifact generations after mutations; not a compatible newer release or cross-version binary migration.",anneal-3730-lake-cache-publication-atomicity-2026-09-29,"Pinned Lake 4.30-rc2 source and tiny cache execution: actual 64-byte output-map interruption and invalid-JSON rejection/repair; artifact insertion permission failure; post-publication truncated OLean false hit and Lean crash; missing-object repair; two private read-only-cache consumers and one shared-writable overlap. Boundary: Source review covers some listed configuration/cache rows without direct perturbation; no power-loss durability, all object types, conflicting shared writers, archive, Mathlib or Anneal server.",anneal-3730-lake-cache-publication-atomicity-2026-09-29/support/probe.py;anneal-3730-lake-cache-publication-atomicity-2026-09-29/support/results.json;anneal-3730-lake-cache-publication-atomicity-2026-09-29/support/artifacts/partial-output-map.json;anneal-3730-lake-cache-publication-atomicity-2026-09-29/support/artifacts/truncated-olean.bin,anneal-3730-lake-same-key-artifact-writers-2026-09-29,"Three two-process same-key Lake cache-miss pairs, then real RLIMIT_FSIZE partial OLean/ILean/C object writes, no-build false-hit, direct import oracle and explicit delete/rebuild repair. Boundary: Tiny private package roots and one pinned Lake on APFS; no causally forced simultaneous artifact syscall, power loss, shared writable build tree or Anneal last-good recovery.",anneal-3730-lake-same-key-artifact-writers-2026-09-29/REPORT.md;anneal-3730-lake-same-key-artifact-writers-2026-09-29/support/results.json;anneal-3730-lake-same-key-artifact-writers-2026-09-29/support/artifacts/partial-olean.bin;anneal-3730-lake-same-key-artifact-writers-2026-09-29/support/artifacts/partial-ilean.bin;anneal-3730-lake-same-key-artifact-writers-2026-09-29/support/artifacts/partial-c.bin;anneal-3730-lake-same-key-artifact-writers-2026-09-29/support/probe.py;anneal-3730-lake-same-key-artifact-writers-2026-09-29/support/check.py,anneal-3730-lake-key-artifact-family-matrix-2026-09-29,"Six pinned Lake source/path/option/consumer-manifest variants and four valid local OLean/ILean/C/setup cross-generation replacements; no-build/setup, setup-import batch, direct local batch/server and two valid plugin initializer markers distinguished consumed bytes. Boundary: One tiny pin/host; setup returned cache OLean rather than attesting replaced local file, direct watchdogs forced down after diagnostics, prior native plugin reused; no Anneal archive or power loss.",anneal-3730-lake-key-artifact-family-matrix-2026-09-29/REPORT.md;anneal-3730-lake-key-artifact-family-matrix-2026-09-29/support/results.json;anneal-3730-lake-key-artifact-family-matrix-2026-09-29/support/artifacts/retained/base/Dep.olean;anneal-3730-lake-key-artifact-family-matrix-2026-09-29/support/artifacts/retained/mixed-olean/Dep.olean;anneal-3730-lake-key-artifact-family-matrix-2026-09-29/support/artifacts/v1/plugin__probe_Plugin.dylib;anneal-3730-lake-key-artifact-family-matrix-2026-09-29/support/artifacts/v2/plugin__probe_Plugin.dylib;anneal-3730-lake-key-artifact-family-matrix-2026-09-29/support/probe.py;anneal-3730-lake-key-artifact-family-matrix-2026-09-29/support/check.py,anneal-3730-lake-dynamic-config-identity-2026-09-29,"Five clean pinned Lean/TOML configuration cells plus a deliberately adversarial environment-reading Lean run_cmd; no-build/setup/local batch/direct server under environment-only change, byte-preserving mtime shifts, valid wrong trace/setup and same-mtime source-byte edit with exact consumed OLean. Boundary: Tiny one-pin Lake graph; config-time source writer is adversarial and not declared Lake input, direct servers force-stopped after diagnostics, no Anneal archive/general key proof/power loss.",anneal-3730-lake-dynamic-config-identity-2026-09-29/REPORT.md;anneal-3730-lake-dynamic-config-identity-2026-09-29/support/results.json;anneal-3730-lake-dynamic-config-identity-2026-09-29/support/artifacts/golden-source;anneal-3730-lake-dynamic-config-identity-2026-09-29/support/artifacts/dynamic-a/trace;anneal-3730-lake-dynamic-config-identity-2026-09-29/support/artifacts/toml-seven/trace;anneal-3730-lake-dynamic-config-identity-2026-09-29/support/artifacts/lean-option/setup;anneal-3730-lake-dynamic-config-identity-2026-09-29/support/probe.py;anneal-3730-lake-dynamic-config-identity-2026-09-29/support/check.py,anneal-3730-lake-plugin-combined-family-mix-2026-09-29,"Pinned Lake 4.30-rc2 two-package v1/v2 controls plus one valid mixed root: v1 source/OLean/ILean/proof, v2 plugin dylib/C/setup option. File-specific setup named exact OLean/plugin paths and option; fresh lake serve showed no goals, value 7 and v2 plugin initializer; hash inventory stayed unchanged; fresh batch also returned 7. Boundary: One tiny same-pin macOS graph; v2 C is present but not consumed, OLean read has value/hash oracle rather than syscall trace; no Anneal archive, general ABI compatibility, dynamic plugin replacement, read-only consumer or cross-version claim.",anneal-3730-lake-plugin-combined-family-mix-2026-09-29/REPORT.md;anneal-3730-lake-plugin-combined-family-mix-2026-09-29/support/transcript.json;anneal-3730-lake-plugin-combined-family-mix-2026-09-29/support/artifacts/mix/olean;anneal-3730-lake-plugin-combined-family-mix-2026-09-29/support/artifacts/mix/plugin;anneal-3730-lake-plugin-combined-family-mix-2026-09-29/support/artifacts/mix/c;anneal-3730-lake-plugin-combined-family-mix-2026-09-29/support/artifacts/mix/setup;anneal-3730-lake-plugin-combined-family-mix-2026-09-29/support/probe.py;anneal-3730-lake-plugin-combined-family-mix-2026-09-29/support/check.py,,,,,,,,,,,,,anneal-3730-m06-generated-lake-source-order-trace-2026-09-29,"Nine sequential Lake builds of real Aeneas-generated small modules: no-write/mtime replay; byte-different source comments rebuild affected modules; restore returns hashes. Boundary: Path and span comments changed together; no general key/normalization proof, realistic workload economics or selected workaround deletion.",anneal-3730-m06-generated-lake-source-order-trace-2026-09-29/REPORT.md;anneal-3730-m06-generated-lake-source-order-trace-2026-09-29/support/results.json;anneal-3730-m06-generated-lake-source-order-trace-2026-09-29/support/check.py
I101,"M. Cache correctness, packaging, and artifact publication",Relocation with the producer removed,X,"Move the real environment and generated consumer to different depths, then make the original producer path inaccessible. Test manifests, setup, imports, native libraries, and diagnostics. Compare absolute-path retention with portable packaging; successful use while the old tree still exists is not a relocation test.",lake-artifact-cache-key-semantics-v4-30-0-rc2;lake-cache-concurrency-execution-probe-v4-30-0-rc2;lake-clean-cache-seeded-equivalence-v4-30-0-rc2,anneal-3730-lake-concurrency-preparation-v4-30-0-rc2,anneal-3730-lake-prepared-contract-2026-09-29,partial,"Tiny two-package Lean/TOML clean and relocated prepared Lake fixture, no-build checks, isolated home/denied loopback, native facet and cache wrong-object/truncated-map controls. Boundary: No real Anneal archive, server query, complete plugin/native family, network syscall trace, concurrent restore or full integrity oracle.",R21 copied a local producer/consumer pair but retained the producer. Relocate a producer-removed prepared Anneal archive with native/setup/server paths and retained workers.,,,anneal-3730-lake-cache-publication-atomicity-2026-09-29,"Pinned Lake 4.30-rc2 source and tiny cache execution: actual 64-byte output-map interruption and invalid-JSON rejection/repair; artifact insertion permission failure; post-publication truncated OLean false hit and Lean crash; missing-object repair; two private read-only-cache consumers and one shared-writable overlap. Boundary: Source review covers some listed configuration/cache rows without direct perturbation; no power-loss durability, all object types, conflicting shared writers, archive, Mathlib or Anneal server.",anneal-3730-lake-cache-publication-atomicity-2026-09-29/support/probe.py;anneal-3730-lake-cache-publication-atomicity-2026-09-29/support/results.json;anneal-3730-lake-cache-publication-atomicity-2026-09-29/support/artifacts/partial-output-map.json;anneal-3730-lake-cache-publication-atomicity-2026-09-29/support/artifacts/truncated-olean.bin,anneal-3730-lake-same-key-artifact-writers-2026-09-29,"Three two-process same-key Lake cache-miss pairs, then real RLIMIT_FSIZE partial OLean/ILean/C object writes, no-build false-hit, direct import oracle and explicit delete/rebuild repair. Boundary: Tiny private package roots and one pinned Lake on APFS; no causally forced simultaneous artifact syscall, power loss, shared writable build tree or Anneal last-good recovery.",anneal-3730-lake-same-key-artifact-writers-2026-09-29/REPORT.md;anneal-3730-lake-same-key-artifact-writers-2026-09-29/support/results.json;anneal-3730-lake-same-key-artifact-writers-2026-09-29/support/artifacts/partial-olean.bin;anneal-3730-lake-same-key-artifact-writers-2026-09-29/support/artifacts/partial-ilean.bin;anneal-3730-lake-same-key-artifact-writers-2026-09-29/support/artifacts/partial-c.bin;anneal-3730-lake-same-key-artifact-writers-2026-09-29/support/probe.py;anneal-3730-lake-same-key-artifact-writers-2026-09-29/support/check.py,anneal-3730-lake-key-artifact-family-matrix-2026-09-29,"Six pinned Lake source/path/option/consumer-manifest variants and four valid local OLean/ILean/C/setup cross-generation replacements; no-build/setup, setup-import batch, direct local batch/server and two valid plugin initializer markers distinguished consumed bytes. Boundary: One tiny pin/host; setup returned cache OLean rather than attesting replaced local file, direct watchdogs forced down after diagnostics, prior native plugin reused; no Anneal archive or power loss.",anneal-3730-lake-key-artifact-family-matrix-2026-09-29/REPORT.md;anneal-3730-lake-key-artifact-family-matrix-2026-09-29/support/results.json;anneal-3730-lake-key-artifact-family-matrix-2026-09-29/support/artifacts/retained/base/Dep.olean;anneal-3730-lake-key-artifact-family-matrix-2026-09-29/support/artifacts/retained/mixed-olean/Dep.olean;anneal-3730-lake-key-artifact-family-matrix-2026-09-29/support/artifacts/v1/plugin__probe_Plugin.dylib;anneal-3730-lake-key-artifact-family-matrix-2026-09-29/support/artifacts/v2/plugin__probe_Plugin.dylib;anneal-3730-lake-key-artifact-family-matrix-2026-09-29/support/probe.py;anneal-3730-lake-key-artifact-family-matrix-2026-09-29/support/check.py,anneal-3730-lake-dynamic-config-identity-2026-09-29,"Five clean pinned Lean/TOML configuration cells plus a deliberately adversarial environment-reading Lean run_cmd; no-build/setup/local batch/direct server under environment-only change, byte-preserving mtime shifts, valid wrong trace/setup and same-mtime source-byte edit with exact consumed OLean. Boundary: Tiny one-pin Lake graph; config-time source writer is adversarial and not declared Lake input, direct servers force-stopped after diagnostics, no Anneal archive/general key proof/power loss.",anneal-3730-lake-dynamic-config-identity-2026-09-29/REPORT.md;anneal-3730-lake-dynamic-config-identity-2026-09-29/support/results.json;anneal-3730-lake-dynamic-config-identity-2026-09-29/support/artifacts/golden-source;anneal-3730-lake-dynamic-config-identity-2026-09-29/support/artifacts/dynamic-a/trace;anneal-3730-lake-dynamic-config-identity-2026-09-29/support/artifacts/toml-seven/trace;anneal-3730-lake-dynamic-config-identity-2026-09-29/support/artifacts/lean-option/setup;anneal-3730-lake-dynamic-config-identity-2026-09-29/support/probe.py;anneal-3730-lake-dynamic-config-identity-2026-09-29/support/check.py,anneal-3730-lake-plugin-combined-family-mix-2026-09-29,"Pinned Lake 4.30-rc2 two-package v1/v2 controls plus one valid mixed root: v1 source/OLean/ILean/proof, v2 plugin dylib/C/setup option. File-specific setup named exact OLean/plugin paths and option; fresh lake serve showed no goals, value 7 and v2 plugin initializer; hash inventory stayed unchanged; fresh batch also returned 7. Boundary: One tiny same-pin macOS graph; v2 C is present but not consumed, OLean read has value/hash oracle rather than syscall trace; no Anneal archive, general ABI compatibility, dynamic plugin replacement, read-only consumer or cross-version claim.",anneal-3730-lake-plugin-combined-family-mix-2026-09-29/REPORT.md;anneal-3730-lake-plugin-combined-family-mix-2026-09-29/support/transcript.json;anneal-3730-lake-plugin-combined-family-mix-2026-09-29/support/artifacts/mix/olean;anneal-3730-lake-plugin-combined-family-mix-2026-09-29/support/artifacts/mix/plugin;anneal-3730-lake-plugin-combined-family-mix-2026-09-29/support/artifacts/mix/c;anneal-3730-lake-plugin-combined-family-mix-2026-09-29/support/artifacts/mix/setup;anneal-3730-lake-plugin-combined-family-mix-2026-09-29/support/probe.py;anneal-3730-lake-plugin-combined-family-mix-2026-09-29/support/check.py,,,,,,,,,,,,,,,
I102,"M. Cache correctness, packaging, and artifact publication",Shared cache publication and interrupted restoration,X,"Use isolated owned caches to race writers/restorers and interrupt downloads, extraction, and publication. Include missing, truncated, and wrong-identity artifacts. Require rejection or recovery without poisoning an already usable environment; distinguish cache-object atomicity from mutations of shared package directories.",lake-artifact-cache-key-semantics-v4-30-0-rc2;lake-cache-concurrency-execution-probe-v4-30-0-rc2;lake-clean-cache-seeded-equivalence-v4-30-0-rc2,anneal-3730-lake-concurrency-preparation-v4-30-0-rc2,anneal-3730-lake-prepared-contract-2026-09-29,partial,"Tiny two-package Lean/TOML clean and relocated prepared Lake fixture, no-build checks, isolated home/denied loopback, native facet and cache wrong-object/truncated-map controls. Boundary: No real Anneal archive, server query, complete plugin/native family, network syscall trace, concurrent restore or full integrity oracle.","Force simultaneous same-key writer/artifact/map interruption, recovery and power-loss durability; R19 valid metadata replacement had no interrupted write.",anneal-3730-lake-writer-recovery-2026-09-29,"Real Lake artifact-cache writer killed during paused Dep elaboration, two consumers with one killed writer, repaired no-build/ordinary build, truncated output-map rejection and retry. Boundary: Kill precedes cache publication; no crash at mapping rename or same-package concurrent writer proof.",anneal-3730-lake-cache-publication-atomicity-2026-09-29,"Pinned Lake 4.30-rc2 source and tiny cache execution: actual 64-byte output-map interruption and invalid-JSON rejection/repair; artifact insertion permission failure; post-publication truncated OLean false hit and Lean crash; missing-object repair; two private read-only-cache consumers and one shared-writable overlap. Boundary: Source review covers some listed configuration/cache rows without direct perturbation; no power-loss durability, all object types, conflicting shared writers, archive, Mathlib or Anneal server.",anneal-3730-lake-cache-publication-atomicity-2026-09-29/support/probe.py;anneal-3730-lake-cache-publication-atomicity-2026-09-29/support/results.json;anneal-3730-lake-cache-publication-atomicity-2026-09-29/support/artifacts/partial-output-map.json;anneal-3730-lake-cache-publication-atomicity-2026-09-29/support/artifacts/truncated-olean.bin,anneal-3730-lake-same-key-artifact-writers-2026-09-29,"Three two-process same-key Lake cache-miss pairs, then real RLIMIT_FSIZE partial OLean/ILean/C object writes, no-build false-hit, direct import oracle and explicit delete/rebuild repair. Boundary: Tiny private package roots and one pinned Lake on APFS; no causally forced simultaneous artifact syscall, power loss, shared writable build tree or Anneal last-good recovery.",anneal-3730-lake-same-key-artifact-writers-2026-09-29/REPORT.md;anneal-3730-lake-same-key-artifact-writers-2026-09-29/support/results.json;anneal-3730-lake-same-key-artifact-writers-2026-09-29/support/artifacts/partial-olean.bin;anneal-3730-lake-same-key-artifact-writers-2026-09-29/support/artifacts/partial-ilean.bin;anneal-3730-lake-same-key-artifact-writers-2026-09-29/support/artifacts/partial-c.bin;anneal-3730-lake-same-key-artifact-writers-2026-09-29/support/probe.py;anneal-3730-lake-same-key-artifact-writers-2026-09-29/support/check.py,anneal-3730-lake-key-artifact-family-matrix-2026-09-29,"Six pinned Lake source/path/option/consumer-manifest variants and four valid local OLean/ILean/C/setup cross-generation replacements; no-build/setup, setup-import batch, direct local batch/server and two valid plugin initializer markers distinguished consumed bytes. Boundary: One tiny pin/host; setup returned cache OLean rather than attesting replaced local file, direct watchdogs forced down after diagnostics, prior native plugin reused; no Anneal archive or power loss.",anneal-3730-lake-key-artifact-family-matrix-2026-09-29/REPORT.md;anneal-3730-lake-key-artifact-family-matrix-2026-09-29/support/results.json;anneal-3730-lake-key-artifact-family-matrix-2026-09-29/support/artifacts/retained/base/Dep.olean;anneal-3730-lake-key-artifact-family-matrix-2026-09-29/support/artifacts/retained/mixed-olean/Dep.olean;anneal-3730-lake-key-artifact-family-matrix-2026-09-29/support/artifacts/v1/plugin__probe_Plugin.dylib;anneal-3730-lake-key-artifact-family-matrix-2026-09-29/support/artifacts/v2/plugin__probe_Plugin.dylib;anneal-3730-lake-key-artifact-family-matrix-2026-09-29/support/probe.py;anneal-3730-lake-key-artifact-family-matrix-2026-09-29/support/check.py,anneal-3730-lake-dynamic-config-identity-2026-09-29,"Five clean pinned Lean/TOML configuration cells plus a deliberately adversarial environment-reading Lean run_cmd; no-build/setup/local batch/direct server under environment-only change, byte-preserving mtime shifts, valid wrong trace/setup and same-mtime source-byte edit with exact consumed OLean. Boundary: Tiny one-pin Lake graph; config-time source writer is adversarial and not declared Lake input, direct servers force-stopped after diagnostics, no Anneal archive/general key proof/power loss.",anneal-3730-lake-dynamic-config-identity-2026-09-29/REPORT.md;anneal-3730-lake-dynamic-config-identity-2026-09-29/support/results.json;anneal-3730-lake-dynamic-config-identity-2026-09-29/support/artifacts/golden-source;anneal-3730-lake-dynamic-config-identity-2026-09-29/support/artifacts/dynamic-a/trace;anneal-3730-lake-dynamic-config-identity-2026-09-29/support/artifacts/toml-seven/trace;anneal-3730-lake-dynamic-config-identity-2026-09-29/support/artifacts/lean-option/setup;anneal-3730-lake-dynamic-config-identity-2026-09-29/support/probe.py;anneal-3730-lake-dynamic-config-identity-2026-09-29/support/check.py,anneal-3730-lake-plugin-combined-family-mix-2026-09-29,"Pinned Lake 4.30-rc2 two-package v1/v2 controls plus one valid mixed root: v1 source/OLean/ILean/proof, v2 plugin dylib/C/setup option. File-specific setup named exact OLean/plugin paths and option; fresh lake serve showed no goals, value 7 and v2 plugin initializer; hash inventory stayed unchanged; fresh batch also returned 7. Boundary: One tiny same-pin macOS graph; v2 C is present but not consumed, OLean read has value/hash oracle rather than syscall trace; no Anneal archive, general ABI compatibility, dynamic plugin replacement, read-only consumer or cross-version claim.",anneal-3730-lake-plugin-combined-family-mix-2026-09-29/REPORT.md;anneal-3730-lake-plugin-combined-family-mix-2026-09-29/support/transcript.json;anneal-3730-lake-plugin-combined-family-mix-2026-09-29/support/artifacts/mix/olean;anneal-3730-lake-plugin-combined-family-mix-2026-09-29/support/artifacts/mix/plugin;anneal-3730-lake-plugin-combined-family-mix-2026-09-29/support/artifacts/mix/c;anneal-3730-lake-plugin-combined-family-mix-2026-09-29/support/artifacts/mix/setup;anneal-3730-lake-plugin-combined-family-mix-2026-09-29/support/probe.py;anneal-3730-lake-plugin-combined-family-mix-2026-09-29/support/check.py,,,,,,,,,,,,,,,
I103,"M. Cache correctness, packaging, and artifact publication",Installation identity beyond version labels,X,"Present different permitted local archives under the same nominal version, including an existing installation and interrupted replacement. Record the bytes actually consumed by batch and servers. Determine when installation reuse is legitimate and how mismatches are surfaced without silently comparing an installation to itself.",lake-artifact-cache-key-semantics-v4-30-0-rc2;lake-cache-concurrency-execution-probe-v4-30-0-rc2;lake-clean-cache-seeded-equivalence-v4-30-0-rc2,,anneal-3730-lake-prepared-contract-2026-09-29,partial,"Tiny two-package Lean/TOML clean and relocated prepared Lake fixture, no-build checks, isolated home/denied loopback, native facet and cache wrong-object/truncated-map controls. Boundary: No real Anneal archive, server query, complete plugin/native family, network syscall trace, concurrent restore or full integrity oracle.",R21 replaced selected local generation bytes under same package name without archive install semantics. Test same-label archive install replacement/interruption with consumed-byte attestation.,,,anneal-3730-lake-cache-publication-atomicity-2026-09-29,"Pinned Lake 4.30-rc2 source and tiny cache execution: actual 64-byte output-map interruption and invalid-JSON rejection/repair; artifact insertion permission failure; post-publication truncated OLean false hit and Lean crash; missing-object repair; two private read-only-cache consumers and one shared-writable overlap. Boundary: Source review covers some listed configuration/cache rows without direct perturbation; no power-loss durability, all object types, conflicting shared writers, archive, Mathlib or Anneal server.",anneal-3730-lake-cache-publication-atomicity-2026-09-29/support/probe.py;anneal-3730-lake-cache-publication-atomicity-2026-09-29/support/results.json;anneal-3730-lake-cache-publication-atomicity-2026-09-29/support/artifacts/partial-output-map.json;anneal-3730-lake-cache-publication-atomicity-2026-09-29/support/artifacts/truncated-olean.bin,anneal-3730-lake-same-key-artifact-writers-2026-09-29,"Three two-process same-key Lake cache-miss pairs, then real RLIMIT_FSIZE partial OLean/ILean/C object writes, no-build false-hit, direct import oracle and explicit delete/rebuild repair. Boundary: Tiny private package roots and one pinned Lake on APFS; no causally forced simultaneous artifact syscall, power loss, shared writable build tree or Anneal last-good recovery.",anneal-3730-lake-same-key-artifact-writers-2026-09-29/REPORT.md;anneal-3730-lake-same-key-artifact-writers-2026-09-29/support/results.json;anneal-3730-lake-same-key-artifact-writers-2026-09-29/support/artifacts/partial-olean.bin;anneal-3730-lake-same-key-artifact-writers-2026-09-29/support/artifacts/partial-ilean.bin;anneal-3730-lake-same-key-artifact-writers-2026-09-29/support/artifacts/partial-c.bin;anneal-3730-lake-same-key-artifact-writers-2026-09-29/support/probe.py;anneal-3730-lake-same-key-artifact-writers-2026-09-29/support/check.py,anneal-3730-lake-key-artifact-family-matrix-2026-09-29,"Six pinned Lake source/path/option/consumer-manifest variants and four valid local OLean/ILean/C/setup cross-generation replacements; no-build/setup, setup-import batch, direct local batch/server and two valid plugin initializer markers distinguished consumed bytes. Boundary: One tiny pin/host; setup returned cache OLean rather than attesting replaced local file, direct watchdogs forced down after diagnostics, prior native plugin reused; no Anneal archive or power loss.",anneal-3730-lake-key-artifact-family-matrix-2026-09-29/REPORT.md;anneal-3730-lake-key-artifact-family-matrix-2026-09-29/support/results.json;anneal-3730-lake-key-artifact-family-matrix-2026-09-29/support/artifacts/retained/base/Dep.olean;anneal-3730-lake-key-artifact-family-matrix-2026-09-29/support/artifacts/retained/mixed-olean/Dep.olean;anneal-3730-lake-key-artifact-family-matrix-2026-09-29/support/artifacts/v1/plugin__probe_Plugin.dylib;anneal-3730-lake-key-artifact-family-matrix-2026-09-29/support/artifacts/v2/plugin__probe_Plugin.dylib;anneal-3730-lake-key-artifact-family-matrix-2026-09-29/support/probe.py;anneal-3730-lake-key-artifact-family-matrix-2026-09-29/support/check.py,anneal-3730-lake-dynamic-config-identity-2026-09-29,"Five clean pinned Lean/TOML configuration cells plus a deliberately adversarial environment-reading Lean run_cmd; no-build/setup/local batch/direct server under environment-only change, byte-preserving mtime shifts, valid wrong trace/setup and same-mtime source-byte edit with exact consumed OLean. Boundary: Tiny one-pin Lake graph; config-time source writer is adversarial and not declared Lake input, direct servers force-stopped after diagnostics, no Anneal archive/general key proof/power loss.",anneal-3730-lake-dynamic-config-identity-2026-09-29/REPORT.md;anneal-3730-lake-dynamic-config-identity-2026-09-29/support/results.json;anneal-3730-lake-dynamic-config-identity-2026-09-29/support/artifacts/golden-source;anneal-3730-lake-dynamic-config-identity-2026-09-29/support/artifacts/dynamic-a/trace;anneal-3730-lake-dynamic-config-identity-2026-09-29/support/artifacts/toml-seven/trace;anneal-3730-lake-dynamic-config-identity-2026-09-29/support/artifacts/lean-option/setup;anneal-3730-lake-dynamic-config-identity-2026-09-29/support/probe.py;anneal-3730-lake-dynamic-config-identity-2026-09-29/support/check.py,anneal-3730-lake-plugin-combined-family-mix-2026-09-29,"Pinned Lake 4.30-rc2 two-package v1/v2 controls plus one valid mixed root: v1 source/OLean/ILean/proof, v2 plugin dylib/C/setup option. File-specific setup named exact OLean/plugin paths and option; fresh lake serve showed no goals, value 7 and v2 plugin initializer; hash inventory stayed unchanged; fresh batch also returned 7. Boundary: One tiny same-pin macOS graph; v2 C is present but not consumed, OLean read has value/hash oracle rather than syscall trace; no Anneal archive, general ABI compatibility, dynamic plugin replacement, read-only consumer or cross-version claim.",anneal-3730-lake-plugin-combined-family-mix-2026-09-29/REPORT.md;anneal-3730-lake-plugin-combined-family-mix-2026-09-29/support/transcript.json;anneal-3730-lake-plugin-combined-family-mix-2026-09-29/support/artifacts/mix/olean;anneal-3730-lake-plugin-combined-family-mix-2026-09-29/support/artifacts/mix/plugin;anneal-3730-lake-plugin-combined-family-mix-2026-09-29/support/artifacts/mix/c;anneal-3730-lake-plugin-combined-family-mix-2026-09-29/support/artifacts/mix/setup;anneal-3730-lake-plugin-combined-family-mix-2026-09-29/support/probe.py;anneal-3730-lake-plugin-combined-family-mix-2026-09-29/support/check.py,,,,,,,,,,,,,,,
I104,"M. Cache correctness, packaging, and artifact publication",Offline and hermetic consumption,S/X,"Enforce network denial and isolate user caches/configuration while running preparation and proof queries. Trace attempted access, not just command flags. Separate producer downloads from consumer execution and identify environmental dependencies that make a nominally prepared archive incomplete or non-reproducible.",lake-artifact-cache-key-semantics-v4-30-0-rc2;lake-cache-concurrency-execution-probe-v4-30-0-rc2;lake-clean-cache-seeded-equivalence-v4-30-0-rc2,,anneal-3730-lake-prepared-contract-2026-09-29,partial,"Tiny two-package Lean/TOML clean and relocated prepared Lake fixture, no-build checks, isolated home/denied loopback, native facet and cache wrong-object/truncated-map controls. Boundary: No real Anneal archive, server query, complete plugin/native family, network syscall trace, concurrent restore or full integrity oracle.",R21 used local dependencies and disabled artifact cache downloads only. Enforce network denial and trace producer/consumer filesystem attempts.,,,anneal-3730-lake-cache-publication-atomicity-2026-09-29,"Pinned Lake 4.30-rc2 source and tiny cache execution: actual 64-byte output-map interruption and invalid-JSON rejection/repair; artifact insertion permission failure; post-publication truncated OLean false hit and Lean crash; missing-object repair; two private read-only-cache consumers and one shared-writable overlap. Boundary: Source review covers some listed configuration/cache rows without direct perturbation; no power-loss durability, all object types, conflicting shared writers, archive, Mathlib or Anneal server.",anneal-3730-lake-cache-publication-atomicity-2026-09-29/support/probe.py;anneal-3730-lake-cache-publication-atomicity-2026-09-29/support/results.json;anneal-3730-lake-cache-publication-atomicity-2026-09-29/support/artifacts/partial-output-map.json;anneal-3730-lake-cache-publication-atomicity-2026-09-29/support/artifacts/truncated-olean.bin,anneal-3730-lake-same-key-artifact-writers-2026-09-29,"Three two-process same-key Lake cache-miss pairs, then real RLIMIT_FSIZE partial OLean/ILean/C object writes, no-build false-hit, direct import oracle and explicit delete/rebuild repair. Boundary: Tiny private package roots and one pinned Lake on APFS; no causally forced simultaneous artifact syscall, power loss, shared writable build tree or Anneal last-good recovery.",anneal-3730-lake-same-key-artifact-writers-2026-09-29/REPORT.md;anneal-3730-lake-same-key-artifact-writers-2026-09-29/support/results.json;anneal-3730-lake-same-key-artifact-writers-2026-09-29/support/artifacts/partial-olean.bin;anneal-3730-lake-same-key-artifact-writers-2026-09-29/support/artifacts/partial-ilean.bin;anneal-3730-lake-same-key-artifact-writers-2026-09-29/support/artifacts/partial-c.bin;anneal-3730-lake-same-key-artifact-writers-2026-09-29/support/probe.py;anneal-3730-lake-same-key-artifact-writers-2026-09-29/support/check.py,anneal-3730-lake-key-artifact-family-matrix-2026-09-29,"Six pinned Lake source/path/option/consumer-manifest variants and four valid local OLean/ILean/C/setup cross-generation replacements; no-build/setup, setup-import batch, direct local batch/server and two valid plugin initializer markers distinguished consumed bytes. Boundary: One tiny pin/host; setup returned cache OLean rather than attesting replaced local file, direct watchdogs forced down after diagnostics, prior native plugin reused; no Anneal archive or power loss.",anneal-3730-lake-key-artifact-family-matrix-2026-09-29/REPORT.md;anneal-3730-lake-key-artifact-family-matrix-2026-09-29/support/results.json;anneal-3730-lake-key-artifact-family-matrix-2026-09-29/support/artifacts/retained/base/Dep.olean;anneal-3730-lake-key-artifact-family-matrix-2026-09-29/support/artifacts/retained/mixed-olean/Dep.olean;anneal-3730-lake-key-artifact-family-matrix-2026-09-29/support/artifacts/v1/plugin__probe_Plugin.dylib;anneal-3730-lake-key-artifact-family-matrix-2026-09-29/support/artifacts/v2/plugin__probe_Plugin.dylib;anneal-3730-lake-key-artifact-family-matrix-2026-09-29/support/probe.py;anneal-3730-lake-key-artifact-family-matrix-2026-09-29/support/check.py,anneal-3730-lake-dynamic-config-identity-2026-09-29,"Five clean pinned Lean/TOML configuration cells plus a deliberately adversarial environment-reading Lean run_cmd; no-build/setup/local batch/direct server under environment-only change, byte-preserving mtime shifts, valid wrong trace/setup and same-mtime source-byte edit with exact consumed OLean. Boundary: Tiny one-pin Lake graph; config-time source writer is adversarial and not declared Lake input, direct servers force-stopped after diagnostics, no Anneal archive/general key proof/power loss.",anneal-3730-lake-dynamic-config-identity-2026-09-29/REPORT.md;anneal-3730-lake-dynamic-config-identity-2026-09-29/support/results.json;anneal-3730-lake-dynamic-config-identity-2026-09-29/support/artifacts/golden-source;anneal-3730-lake-dynamic-config-identity-2026-09-29/support/artifacts/dynamic-a/trace;anneal-3730-lake-dynamic-config-identity-2026-09-29/support/artifacts/toml-seven/trace;anneal-3730-lake-dynamic-config-identity-2026-09-29/support/artifacts/lean-option/setup;anneal-3730-lake-dynamic-config-identity-2026-09-29/support/probe.py;anneal-3730-lake-dynamic-config-identity-2026-09-29/support/check.py,anneal-3730-lake-plugin-combined-family-mix-2026-09-29,"Pinned Lake 4.30-rc2 two-package v1/v2 controls plus one valid mixed root: v1 source/OLean/ILean/proof, v2 plugin dylib/C/setup option. File-specific setup named exact OLean/plugin paths and option; fresh lake serve showed no goals, value 7 and v2 plugin initializer; hash inventory stayed unchanged; fresh batch also returned 7. Boundary: One tiny same-pin macOS graph; v2 C is present but not consumed, OLean read has value/hash oracle rather than syscall trace; no Anneal archive, general ABI compatibility, dynamic plugin replacement, read-only consumer or cross-version claim.",anneal-3730-lake-plugin-combined-family-mix-2026-09-29/REPORT.md;anneal-3730-lake-plugin-combined-family-mix-2026-09-29/support/transcript.json;anneal-3730-lake-plugin-combined-family-mix-2026-09-29/support/artifacts/mix/olean;anneal-3730-lake-plugin-combined-family-mix-2026-09-29/support/artifacts/mix/plugin;anneal-3730-lake-plugin-combined-family-mix-2026-09-29/support/artifacts/mix/c;anneal-3730-lake-plugin-combined-family-mix-2026-09-29/support/artifacts/mix/setup;anneal-3730-lake-plugin-combined-family-mix-2026-09-29/support/probe.py;anneal-3730-lake-plugin-combined-family-mix-2026-09-29/support/check.py,,,,,,,,,,,,,,,
I105,"N. Scheduling, cancellation, crash recovery, and failure states",Cancellation through every pipeline stage,X,"Cancel during Cargo/rustc, Charon, Aeneas, Lake setup/build, Lean elaboration, and result publication. Observe descendants, pipes, locks, and temporary outputs. Require bounded cleanup or explicit escalation; successful termination of the parent is not evidence that all work stopped.",lean-server-memory-and-protocol-concurrency-v4-30-0-rc2;lake-artifact-cache-publication-restoration-v4-30-0-rc2;anneal-v1-integration-test-disk-amplification-f98458e,anneal-3730-fault-model-2026-09-29,anneal-3730-generation-recovery-2026-09-29,partial,"Direct filesystem/process fixture with nine SIGKILL phases, multi-file staging, late completion, locks/GC/restart and reconciliation. Boundary: Synthetic backend and tiny files; not actual Cargo/Charon/Aeneas/Lake/Lean process groups or crash-durable product state.","H09 observed processed direct Lean -32800 cancellation and private Cargo descendant kill/retry. Cancellation through editor/projection and every real Charon/Aeneas/Lake/Lean/Anneal stage, shared ownership, locks and product recovery remain.",anneal-3730-charon-concurrency-interruption-2026-09-29,"Pinned Charon direct/Cargo two-process separate and shared destination trials, malformed shared JSON witnesses, controlled --format all FIFO stop after JSON, retry and stale-output failure. Boundary: At most two tiny crates; kill boundary is before regular Postcard artifact, not all extraction phases or an Anneal output transaction.",anneal-3730-charon-subject-output-phase-matrix-2026-09-29,"Pinned Charon Cargo lib/bin/test/feature/target/flag/reorder controls; four identical --test requests invoked three driver units and alternated final test/binary LLBC despite success; regular-file 4 KiB partial output after RLIMIT_FSIZE, last-good copy and retry; two private concurrent requests. Boundary: One small crate, no unsaved overlay, installed x86 target, complete compilation-unit key, same-process library, all kill phases, real Anneal publication or shared writable target.",anneal-3730-charon-subject-output-phase-matrix-2026-09-29/support/probe.py;anneal-3730-charon-subject-output-phase-matrix-2026-09-29/support/raw-results.json;anneal-3730-charon-subject-output-phase-matrix-2026-09-29/support/manifests/test-repeat-1.json;anneal-3730-charon-subject-output-phase-matrix-2026-09-29/support/manifests/test-repeat-2.json;anneal-3730-charon-subject-output-phase-matrix-2026-09-29/support/artifacts/quota-partial.llbc,anneal-3730-charon-build-closure-control-2026-09-29,"Ten offline private-target Cargo/Charon requests varied build.rs, proc macro, include_str, env, path dependency and source path; parsed LLBC/declaration projections and rejected a successful wrong binary unit. Boundary: One pinned Charon/Cargo tuple and saved copied workspace; no unsaved overlays, arbitrary input closure, same-process reset or Anneal scheduler.",anneal-3730-charon-build-closure-control-2026-09-29/REPORT.md;anneal-3730-charon-build-closure-control-2026-09-29/support/raw-results.json;anneal-3730-charon-build-closure-control-2026-09-29/support/artifacts/baseline.llbc;anneal-3730-charon-build-closure-control-2026-09-29/support/artifacts/bin-unit.llbc;anneal-3730-charon-build-closure-control-2026-09-29/support/probe.py;anneal-3730-charon-build-closure-control-2026-09-29/support/verify.py,anneal-3730-cross-tool-stage-cancellation-cleanup-2026-09-29,"Eight sequential private process-group stop/kill/retry trials across Cargo, Charon, Aeneas, Lake and Lean, including delayed Cargo/Charon/Lake child snapshots; a separate synthetic generation fence rejected eight late result digests. Boundary: Independent CLI fixtures, launch-boundary stops for Aeneas/Lean, 80-ms delayed controls rather than phase barriers, no Anneal scheduler, escaped daemon or integrated pipeline.",anneal-3730-cross-tool-stage-cancellation-cleanup-2026-09-29/REPORT.md;anneal-3730-cross-tool-stage-cancellation-cleanup-2026-09-29/support/results.json;anneal-3730-cross-tool-stage-cancellation-cleanup-2026-09-29/support/fence-results.json;anneal-3730-cross-tool-stage-cancellation-cleanup-2026-09-29/support/artifacts/charon-app.llbc;anneal-3730-cross-tool-stage-cancellation-cleanup-2026-09-29/support/artifacts/lake-Probe.olean;anneal-3730-cross-tool-stage-cancellation-cleanup-2026-09-29/support/probe.py;anneal-3730-cross-tool-stage-cancellation-cleanup-2026-09-29/support/fence_oracle.py;anneal-3730-cross-tool-stage-cancellation-cleanup-2026-09-29/support/verify.py,anneal-3730-cross-tool-active-cancellation-barriers-2026-09-29,"Active FIFO output barriers stopped Charon and Aeneas with parseable/incomplete output sets; Lean run_tac blocked a Lake child after module A; process-group SIGKILL and private retry/fresh Lean oracle passed. A real old Aeneas CLI completed before an experiment-side late wrapper rejected generation 1 after generation 2 advanced. Boundary: Selected CLI phases/private roots and experiment-side authority, not Anneal scheduler; no general orphan proof, same-process API, every stage phase or transactional publication.",anneal-3730-cross-tool-active-cancellation-barriers-2026-09-29/REPORT.md;anneal-3730-cross-tool-active-cancellation-barriers-2026-09-29/support/results.json;anneal-3730-cross-tool-active-cancellation-barriers-2026-09-29/support/work/charon/base.llbc;anneal-3730-cross-tool-active-cancellation-barriers-2026-09-29/support/work/charon/base.llbc.postcard;anneal-3730-cross-tool-active-cancellation-barriers-2026-09-29/support/work/aeneas-cancel/Types.lean;anneal-3730-cross-tool-active-cancellation-barriers-2026-09-29/support/work/lake/.lake/build/lib/lean/Cancel/A.olean;anneal-3730-cross-tool-active-cancellation-barriers-2026-09-29/support/probe.py;anneal-3730-cross-tool-active-cancellation-barriers-2026-09-29/support/check.py,anneal-3730-cli-graceful-cancel-signals-2026-09-29,"Seven active-gate CLI cases compared SIGINT/SIGTERM first signals with SIGKILL at Charon partial JSON/Postcard, Aeneas Types/Funs and Lake Lean run_tac barriers; process-group, pipe/lsof, selected advisory flock, same-directory retry and fresh Charon/Lean consumer outcomes recorded. A deliberately SIGINT-ignoring supervisor exercised bounded escalation. Boundary: Selected CLI phases and immediate process-group snapshots only; advisory flock probe does not exclude other locks/orphans, synthetic supervisor does not describe ordinary Aeneas SIGINT, no Anneal scheduler or transactional publication.",anneal-3730-cli-graceful-cancel-signals-2026-09-29/REPORT.md;anneal-3730-cli-graceful-cancel-signals-2026-09-29/support/results.json.gz;anneal-3730-cli-graceful-cancel-signals-2026-09-29/support/work/charon-graceful/input.llbc;anneal-3730-cli-graceful-cancel-signals-2026-09-29/support/work/aeneas-graceful/Types.lean;anneal-3730-cli-graceful-cancel-signals-2026-09-29/support/probe.py;anneal-3730-cli-graceful-cancel-signals-2026-09-29/support/check.py;anneal-3730-cli-graceful-cancel-signals-2026-09-29/support/ignore_int_supervisor.py,,,,anneal-3730-scratch-tactic-concurrency-crash-2026-09-29,"Two separate pinned-Lean-backed local candidate processes crossed a barrier and raced a file-lock CAS: one immutable generation published, one stale loser. Four os._exit boundaries before/after candidate check, complete generation and CURRENT pointer replacement recovered via manifest/file hashes and fresh batch; mutation controls and reader-pinned old generation passed. Boundary: Local Python prototype with one theorem/import; no Anneal service, full proposition/axiom oracle, distributed transaction, actual worker restart, power loss, GC leases or cross-tool race.",anneal-3730-scratch-tactic-concurrency-crash-2026-09-29/REPORT.md;anneal-3730-scratch-tactic-concurrency-crash-2026-09-29/support/results.json;anneal-3730-scratch-tactic-concurrency-crash-2026-09-29/support/artifacts/orphan-MANIFEST.json;anneal-3730-scratch-tactic-concurrency-crash-2026-09-29/support/artifacts/final-MANIFEST.json;anneal-3730-scratch-tactic-concurrency-crash-2026-09-29/support/artifacts/final-Proof.lean;anneal-3730-scratch-tactic-concurrency-crash-2026-09-29/support/probe.py;anneal-3730-scratch-tactic-concurrency-crash-2026-09-29/support/verify.py,,,,anneal-3730-lean-pool-failure-isolation-2026-09-29,"Four independent pinned direct Lean LSP process groups opened tiny goals. One malformed unsaved buffer produced a local diagnostic while peers stayed clean; a second group's request was cancelled on the wire and its process group SIGKILLed, then a fresh server reopened saved proof while two peers remained responsive. Experiment-side epoch/version/hash model rejected an old candidate; eight-worker cell was denied by admission. Boundary: Cancellation delivery was not acknowledged/processed before kill; stale fencing was a model, not a late Lean reply or Anneal scheduler; no admitted eight-worker, shared-import or generated-project fault run.",anneal-3730-lean-pool-failure-isolation-2026-09-29/REPORT.md;anneal-3730-lean-pool-failure-isolation-2026-09-29/support/transcript.json;anneal-3730-lean-pool-failure-isolation-2026-09-29/support/probe.py;anneal-3730-lean-pool-failure-isolation-2026-09-29/support/verify.py,anneal-3730-h09-lsp-to-upstream-cancellation-boundaries-2026-09-29,"Direct Lean processed -32800 cancellation and continued service; private Cargo process group with build-script child killed while peer survived, followed by successful retry. Boundary: Separate stages/owners; no editor-to-Anneal scheduler identity, shared in-flight job, Charon/Aeneas/Lake cancellation or product recovery.",anneal-3730-h09-lsp-to-upstream-cancellation-boundaries-2026-09-29/REPORT.md;anneal-3730-h09-lsp-to-upstream-cancellation-boundaries-2026-09-29/support/results.json;anneal-3730-h09-lsp-to-upstream-cancellation-boundaries-2026-09-29/support/check.py
I106,"N. Scheduling, cancellation, crash recovery, and failure states",Late messages after cancellation,M/X,"Deliver queued results, diagnostics, progress, and worker exits after cancellation or supersession. Test publication fences and request correlation independently of whether upstream honored cancellation. Preserve cacheable obsolete output only under its original identity and never use silence as a successful result.",lean-server-memory-and-protocol-concurrency-v4-30-0-rc2;lake-artifact-cache-publication-restoration-v4-30-0-rc2;anneal-v1-integration-test-disk-amplification-f98458e,anneal-3730-fault-model-2026-09-29,anneal-3730-generation-recovery-2026-09-29,partial,"Direct filesystem/process fixture with nine SIGKILL phases, multi-file staging, late completion, locks/GC/restart and reconciliation. Boundary: Synthetic backend and tiny files; not actual Cargo/Charon/Aeneas/Lake/Lean process groups or crash-durable product state.",Queued real diagnostics/progress/exits after cancellation with request/worker correlation and publication fences; synthetic late completion is narrower.,,,,,,,,,,,,,,,,,,,,,,,,,,,,,,,,
I107,"N. Scheduling, cancellation, crash recovery, and failure states",Single-flight builds with several consumers,M/X,"Let multiple proofs request the same dependency generation, then cancel or fail individual consumers. Compare shared in-flight jobs with redundant isolated builds. Test ownership, reference counts, retries, and fan-out of failure so one requester neither corrupts nor indefinitely blocks others.",lean-server-memory-and-protocol-concurrency-v4-30-0-rc2;lake-artifact-cache-publication-restoration-v4-30-0-rc2;anneal-v1-integration-test-disk-amplification-f98458e,anneal-3730-fault-model-2026-09-29,anneal-3730-generation-recovery-2026-09-29,partial,"Direct filesystem/process fixture with nine SIGKILL phases, multi-file staging, late completion, locks/GC/restart and reconciliation. Boundary: Synthetic backend and tiny files; not actual Cargo/Charon/Aeneas/Lake/Lean process groups or crash-durable product state.","R47 exercised two owners of one actual Cargo process plus one-cancel, both-cancel and failure/retry, but owner/refcount logic was a single Python harness. Actual Anneal single-flight cache/build fan-out and durable cancellation/recovery remain.",,,,,,,,,,,,,,,,,,,,,,,,,,,,,,anneal-3730-h09-lsp-to-upstream-cancellation-boundaries-2026-09-29;anneal-3730-shared-cargo-consumer-ownership-2026-09-29,"Direct Lean processed -32800 cancellation and continued service; private Cargo process group with build-script child killed while peer survived, followed by successful retry. Boundary: Separate stages/owners; no editor-to-Anneal scheduler identity, shared in-flight job, Charon/Aeneas/Lake cancellation or product recovery. | One real offline Cargo build shared by two toy consumer records: first cancellation preserves surviving owner; last-owner SIGTERM stops Cargo/build-script/sleep; injected failure fans out; both failure/cancel retry successfully. Boundary: Owner/refcount decisions are in a single Python harness, not Anneal/LSP/MCP; no Charon/Aeneas/Lake/Lean shared stage, durable registry or full target-tree transaction.",anneal-3730-h09-lsp-to-upstream-cancellation-boundaries-2026-09-29/REPORT.md;anneal-3730-h09-lsp-to-upstream-cancellation-boundaries-2026-09-29/support/results.json;anneal-3730-h09-lsp-to-upstream-cancellation-boundaries-2026-09-29/support/check.py;anneal-3730-shared-cargo-consumer-ownership-2026-09-29/REPORT.md;anneal-3730-shared-cargo-consumer-ownership-2026-09-29/support/results.json;anneal-3730-shared-cargo-consumer-ownership-2026-09-29/support/check.py;anneal-3730-shared-cargo-consumer-ownership-2026-09-29/support/fixture/build.rs
I108,"N. Scheduling, cancellation, crash recovery, and failure states",Lock ordering and publication deadlocks,M/X,"Combine environment preparation, generation publication, cache insertion, worker restart, and garbage collection. Inject pauses after lock acquisition and crashes while waiting. Identify ordering cycles and unbounded waits; compare coarse locks with a simpler ownership model before adding fine-grained coordination.",lean-server-memory-and-protocol-concurrency-v4-30-0-rc2;lake-artifact-cache-publication-restoration-v4-30-0-rc2;anneal-v1-integration-test-disk-amplification-f98458e,anneal-3730-fault-model-2026-09-29,anneal-3730-generation-recovery-2026-09-29,partial,"Direct filesystem/process fixture with nine SIGKILL phases, multi-file staging, late completion, locks/GC/restart and reconciliation. Boundary: Synthetic backend and tiny files; not actual Cargo/Charon/Aeneas/Lake/Lean process groups or crash-durable product state.",Build actual preparation/cache/publication/restart/GC lock-order graph under conflicting writers; R19 ran one operation at a time.,anneal-3730-lake-writer-recovery-2026-09-29,"Real Lake artifact-cache writer killed during paused Dep elaboration, two consumers with one killed writer, repaired no-build/ordinary build, truncated output-map rejection and retry. Boundary: Kill precedes cache publication; no crash at mapping rename or same-package concurrent writer proof.",anneal-3730-lake-cache-publication-atomicity-2026-09-29,"Pinned Lake 4.30-rc2 source and tiny cache execution: actual 64-byte output-map interruption and invalid-JSON rejection/repair; artifact insertion permission failure; post-publication truncated OLean false hit and Lean crash; missing-object repair; two private read-only-cache consumers and one shared-writable overlap. Boundary: Source review covers some listed configuration/cache rows without direct perturbation; no power-loss durability, all object types, conflicting shared writers, archive, Mathlib or Anneal server.",anneal-3730-lake-cache-publication-atomicity-2026-09-29/support/probe.py;anneal-3730-lake-cache-publication-atomicity-2026-09-29/support/results.json;anneal-3730-lake-cache-publication-atomicity-2026-09-29/support/artifacts/partial-output-map.json;anneal-3730-lake-cache-publication-atomicity-2026-09-29/support/artifacts/truncated-olean.bin,anneal-3730-lake-same-key-artifact-writers-2026-09-29,"Three two-process same-key Lake cache-miss pairs, then real RLIMIT_FSIZE partial OLean/ILean/C object writes, no-build false-hit, direct import oracle and explicit delete/rebuild repair. Boundary: Tiny private package roots and one pinned Lake on APFS; no causally forced simultaneous artifact syscall, power loss, shared writable build tree or Anneal last-good recovery.",anneal-3730-lake-same-key-artifact-writers-2026-09-29/REPORT.md;anneal-3730-lake-same-key-artifact-writers-2026-09-29/support/results.json;anneal-3730-lake-same-key-artifact-writers-2026-09-29/support/artifacts/partial-olean.bin;anneal-3730-lake-same-key-artifact-writers-2026-09-29/support/artifacts/partial-ilean.bin;anneal-3730-lake-same-key-artifact-writers-2026-09-29/support/artifacts/partial-c.bin;anneal-3730-lake-same-key-artifact-writers-2026-09-29/support/probe.py;anneal-3730-lake-same-key-artifact-writers-2026-09-29/support/check.py,anneal-3730-lake-key-artifact-family-matrix-2026-09-29,"Six pinned Lake source/path/option/consumer-manifest variants and four valid local OLean/ILean/C/setup cross-generation replacements; no-build/setup, setup-import batch, direct local batch/server and two valid plugin initializer markers distinguished consumed bytes. Boundary: One tiny pin/host; setup returned cache OLean rather than attesting replaced local file, direct watchdogs forced down after diagnostics, prior native plugin reused; no Anneal archive or power loss.",anneal-3730-lake-key-artifact-family-matrix-2026-09-29/REPORT.md;anneal-3730-lake-key-artifact-family-matrix-2026-09-29/support/results.json;anneal-3730-lake-key-artifact-family-matrix-2026-09-29/support/artifacts/retained/base/Dep.olean;anneal-3730-lake-key-artifact-family-matrix-2026-09-29/support/artifacts/retained/mixed-olean/Dep.olean;anneal-3730-lake-key-artifact-family-matrix-2026-09-29/support/artifacts/v1/plugin__probe_Plugin.dylib;anneal-3730-lake-key-artifact-family-matrix-2026-09-29/support/artifacts/v2/plugin__probe_Plugin.dylib;anneal-3730-lake-key-artifact-family-matrix-2026-09-29/support/probe.py;anneal-3730-lake-key-artifact-family-matrix-2026-09-29/support/check.py,anneal-3730-lake-dynamic-config-identity-2026-09-29,"Five clean pinned Lean/TOML configuration cells plus a deliberately adversarial environment-reading Lean run_cmd; no-build/setup/local batch/direct server under environment-only change, byte-preserving mtime shifts, valid wrong trace/setup and same-mtime source-byte edit with exact consumed OLean. Boundary: Tiny one-pin Lake graph; config-time source writer is adversarial and not declared Lake input, direct servers force-stopped after diagnostics, no Anneal archive/general key proof/power loss.",anneal-3730-lake-dynamic-config-identity-2026-09-29/REPORT.md;anneal-3730-lake-dynamic-config-identity-2026-09-29/support/results.json;anneal-3730-lake-dynamic-config-identity-2026-09-29/support/artifacts/golden-source;anneal-3730-lake-dynamic-config-identity-2026-09-29/support/artifacts/dynamic-a/trace;anneal-3730-lake-dynamic-config-identity-2026-09-29/support/artifacts/toml-seven/trace;anneal-3730-lake-dynamic-config-identity-2026-09-29/support/artifacts/lean-option/setup;anneal-3730-lake-dynamic-config-identity-2026-09-29/support/probe.py;anneal-3730-lake-dynamic-config-identity-2026-09-29/support/check.py,,,,,,,,,,,,,,,,,,
I109,"N. Scheduling, cancellation, crash recovery, and failure states",Timeouts and resource exhaustion,X,"Use bounded fixtures that exhaust time, memory, disk, file descriptors, or process slots. Distinguish proof failure from incomplete checking and infrastructure failure. Verify cleanup and recovery while preserving the previous usable generation; do not let empty diagnostics after termination imply success.",lean-server-memory-and-protocol-concurrency-v4-30-0-rc2;lake-artifact-cache-publication-restoration-v4-30-0-rc2;anneal-v1-integration-test-disk-amplification-f98458e,anneal-3730-fault-model-2026-09-29;anneal-3730-lake-writer-scale-v4-30-0-rc2,anneal-3730-generation-recovery-2026-09-29,partial,"Direct filesystem/process fixture with nine SIGKILL phases, multi-file staging, late completion, locks/GC/restart and reconciliation. Boundary: Synthetic backend and tiny files; not actual Cargo/Charon/Aeneas/Lake/Lean process groups or crash-durable product state.",Inject memory/disk/fd/process exhaustion with product last-good recovery; R19 only used preflight and command timeouts.,anneal-3730-lake-writer-recovery-2026-09-29,"Real Lake artifact-cache writer killed during paused Dep elaboration, two consumers with one killed writer, repaired no-build/ordinary build, truncated output-map rejection and retry. Boundary: Kill precedes cache publication; no crash at mapping rename or same-package concurrent writer proof.",anneal-3730-lake-cache-publication-atomicity-2026-09-29,"Pinned Lake 4.30-rc2 source and tiny cache execution: actual 64-byte output-map interruption and invalid-JSON rejection/repair; artifact insertion permission failure; post-publication truncated OLean false hit and Lean crash; missing-object repair; two private read-only-cache consumers and one shared-writable overlap. Boundary: Source review covers some listed configuration/cache rows without direct perturbation; no power-loss durability, all object types, conflicting shared writers, archive, Mathlib or Anneal server.",anneal-3730-lake-cache-publication-atomicity-2026-09-29/support/probe.py;anneal-3730-lake-cache-publication-atomicity-2026-09-29/support/results.json;anneal-3730-lake-cache-publication-atomicity-2026-09-29/support/artifacts/partial-output-map.json;anneal-3730-lake-cache-publication-atomicity-2026-09-29/support/artifacts/truncated-olean.bin,anneal-3730-lake-same-key-artifact-writers-2026-09-29,"Three two-process same-key Lake cache-miss pairs, then real RLIMIT_FSIZE partial OLean/ILean/C object writes, no-build false-hit, direct import oracle and explicit delete/rebuild repair. Boundary: Tiny private package roots and one pinned Lake on APFS; no causally forced simultaneous artifact syscall, power loss, shared writable build tree or Anneal last-good recovery.",anneal-3730-lake-same-key-artifact-writers-2026-09-29/REPORT.md;anneal-3730-lake-same-key-artifact-writers-2026-09-29/support/results.json;anneal-3730-lake-same-key-artifact-writers-2026-09-29/support/artifacts/partial-olean.bin;anneal-3730-lake-same-key-artifact-writers-2026-09-29/support/artifacts/partial-ilean.bin;anneal-3730-lake-same-key-artifact-writers-2026-09-29/support/artifacts/partial-c.bin;anneal-3730-lake-same-key-artifact-writers-2026-09-29/support/probe.py;anneal-3730-lake-same-key-artifact-writers-2026-09-29/support/check.py,anneal-3730-lake-key-artifact-family-matrix-2026-09-29,"Six pinned Lake source/path/option/consumer-manifest variants and four valid local OLean/ILean/C/setup cross-generation replacements; no-build/setup, setup-import batch, direct local batch/server and two valid plugin initializer markers distinguished consumed bytes. Boundary: One tiny pin/host; setup returned cache OLean rather than attesting replaced local file, direct watchdogs forced down after diagnostics, prior native plugin reused; no Anneal archive or power loss.",anneal-3730-lake-key-artifact-family-matrix-2026-09-29/REPORT.md;anneal-3730-lake-key-artifact-family-matrix-2026-09-29/support/results.json;anneal-3730-lake-key-artifact-family-matrix-2026-09-29/support/artifacts/retained/base/Dep.olean;anneal-3730-lake-key-artifact-family-matrix-2026-09-29/support/artifacts/retained/mixed-olean/Dep.olean;anneal-3730-lake-key-artifact-family-matrix-2026-09-29/support/artifacts/v1/plugin__probe_Plugin.dylib;anneal-3730-lake-key-artifact-family-matrix-2026-09-29/support/artifacts/v2/plugin__probe_Plugin.dylib;anneal-3730-lake-key-artifact-family-matrix-2026-09-29/support/probe.py;anneal-3730-lake-key-artifact-family-matrix-2026-09-29/support/check.py,anneal-3730-lake-dynamic-config-identity-2026-09-29,"Five clean pinned Lean/TOML configuration cells plus a deliberately adversarial environment-reading Lean run_cmd; no-build/setup/local batch/direct server under environment-only change, byte-preserving mtime shifts, valid wrong trace/setup and same-mtime source-byte edit with exact consumed OLean. Boundary: Tiny one-pin Lake graph; config-time source writer is adversarial and not declared Lake input, direct servers force-stopped after diagnostics, no Anneal archive/general key proof/power loss.",anneal-3730-lake-dynamic-config-identity-2026-09-29/REPORT.md;anneal-3730-lake-dynamic-config-identity-2026-09-29/support/results.json;anneal-3730-lake-dynamic-config-identity-2026-09-29/support/artifacts/golden-source;anneal-3730-lake-dynamic-config-identity-2026-09-29/support/artifacts/dynamic-a/trace;anneal-3730-lake-dynamic-config-identity-2026-09-29/support/artifacts/toml-seven/trace;anneal-3730-lake-dynamic-config-identity-2026-09-29/support/artifacts/lean-option/setup;anneal-3730-lake-dynamic-config-identity-2026-09-29/support/probe.py;anneal-3730-lake-dynamic-config-identity-2026-09-29/support/check.py,,,,,,,,,,,,,,,,,,
I110,"N. Scheduling, cancellation, crash recovery, and failure states",Restart reconstruction under forced failures,X,"Kill the worker, watchdog, Anneal process, and build subprocess separately at recorded states. Reconstruct from authoritative inputs without inherited memory. Compare results to fresh checks and distinguish a restartable partial workspace from a generation whose publication never completed.",lean-server-memory-and-protocol-concurrency-v4-30-0-rc2;lake-artifact-cache-publication-restoration-v4-30-0-rc2;anneal-v1-integration-test-disk-amplification-f98458e,anneal-3730-fault-model-2026-09-29,anneal-3730-generation-recovery-2026-09-29,partial,"Direct filesystem/process fixture with nine SIGKILL phases, multi-file staging, late completion, locks/GC/restart and reconciliation. Boundary: Synthetic backend and tiny files; not actual Cargo/Charon/Aeneas/Lake/Lean process groups or crash-durable product state.",R38 reconstructed one saved tiny proof in a fresh Lean server after a peer process-group kill; stale rejection was an experiment-side epoch/version/hash model. Still force actual Anneal and build-process restarts and reconcile authoritative imported generations and durable outputs.,,,,,,,,,,,,,,,,,,,,,anneal-3730-scratch-tactic-concurrency-crash-2026-09-29,"Two separate pinned-Lean-backed local candidate processes crossed a barrier and raced a file-lock CAS: one immutable generation published, one stale loser. Four os._exit boundaries before/after candidate check, complete generation and CURRENT pointer replacement recovered via manifest/file hashes and fresh batch; mutation controls and reader-pinned old generation passed. Boundary: Local Python prototype with one theorem/import; no Anneal service, full proposition/axiom oracle, distributed transaction, actual worker restart, power loss, GC leases or cross-tool race.",anneal-3730-scratch-tactic-concurrency-crash-2026-09-29/REPORT.md;anneal-3730-scratch-tactic-concurrency-crash-2026-09-29/support/results.json;anneal-3730-scratch-tactic-concurrency-crash-2026-09-29/support/artifacts/orphan-MANIFEST.json;anneal-3730-scratch-tactic-concurrency-crash-2026-09-29/support/artifacts/final-MANIFEST.json;anneal-3730-scratch-tactic-concurrency-crash-2026-09-29/support/artifacts/final-Proof.lean;anneal-3730-scratch-tactic-concurrency-crash-2026-09-29/support/probe.py;anneal-3730-scratch-tactic-concurrency-crash-2026-09-29/support/verify.py,,,,anneal-3730-lean-pool-failure-isolation-2026-09-29,"Four independent pinned direct Lean LSP process groups opened tiny goals. One malformed unsaved buffer produced a local diagnostic while peers stayed clean; a second group's request was cancelled on the wire and its process group SIGKILLed, then a fresh server reopened saved proof while two peers remained responsive. Experiment-side epoch/version/hash model rejected an old candidate; eight-worker cell was denied by admission. Boundary: Cancellation delivery was not acknowledged/processed before kill; stale fencing was a model, not a late Lean reply or Anneal scheduler; no admitted eight-worker, shared-import or generated-project fault run.",anneal-3730-lean-pool-failure-isolation-2026-09-29/REPORT.md;anneal-3730-lean-pool-failure-isolation-2026-09-29/support/transcript.json;anneal-3730-lean-pool-failure-isolation-2026-09-29/support/probe.py;anneal-3730-lean-pool-failure-isolation-2026-09-29/support/verify.py,,,
I111,"N. Scheduling, cancellation, crash recovery, and failure states",Interactive fairness and edit storms,X,"Combine expensive batch checks with rapid proof edits, many agents, and a slow document. Compare debouncing, prioritization, bounded queues, and cancellation strategies. Measure tail latency, useful completed work, and starvation; latest-only correctness must not make the interface permanently unresponsive.",lean-server-memory-and-protocol-concurrency-v4-30-0-rc2;lake-artifact-cache-publication-restoration-v4-30-0-rc2;anneal-v1-integration-test-disk-amplification-f98458e,anneal-3730-fault-model-2026-09-29,anneal-3730-generation-recovery-2026-09-29,partial,"Direct filesystem/process fixture with nine SIGKILL phases, multi-file staging, late completion, locks/GC/restart and reconciliation. Boundary: Synthetic backend and tiny files; not actual Cargo/Charon/Aeneas/Lake/Lean process groups or crash-durable product state.","Measured edit-storm tail latency/starvation across slow documents, multiple agents and batch load; short resource fixture has four edits only.",,,,,,,,,,,,,,,,,,,,,,,,,,,,,,,,
I112,"N. Scheduling, cancellation, crash recovery, and failure states",Lost filesystem and transport events,M/X,"Drop, duplicate, and reorder watcher notifications and disconnect transports while work proceeds. Compare event-only invalidation with explicit state reconciliation. Determine how the system detects missed changes and restores freshness without requiring every watcher or client connection to deliver events exactly once.",lean-server-memory-and-protocol-concurrency-v4-30-0-rc2;lake-artifact-cache-publication-restoration-v4-30-0-rc2;anneal-v1-integration-test-disk-amplification-f98458e,anneal-3730-fault-model-2026-09-29,anneal-3730-generation-recovery-2026-09-29,partial,"Direct filesystem/process fixture with nine SIGKILL phases, multi-file staging, late completion, locks/GC/restart and reconciliation. Boundary: Synthetic backend and tiny files; not actual Cargo/Charon/Aeneas/Lake/Lean process groups or crash-durable product state.",Dropped/duplicated/reordered actual watcher/MCP/LSP events with reconciliation; synthetic watcher and local broker events are not transport delivery.,,,,,,,,,,,,,,,,,,,,,,,,,,,,,,,,
I113,"O. Disk amplification, memory, throughput, and latency",Per-consumer disk bill of materials,X,"Attribute logical bytes, allocated blocks, inode counts, bytes written, and peak temporary space to Rust products, LLBC, generated Lean, local `.lake` state, dependencies, caches, and logs. Include writes outside the workspace. Identify every term that scales with workers rather than shared inputs.",lean-server-memory-and-protocol-concurrency-v4-30-0-rc2;anneal-v1-integration-test-disk-amplification-f98458e;charon-performance-and-revision-probes-2026-09-28,anneal-3730-lake-writer-scale-v4-30-0-rc2;anneal-3730-retention-economics-v4-30-0-rc2,anneal-3730-resource-economics-2026-09-29,partial,"Guarded two-Lake-consumer cold/warm run and two-server four-edit sentinel, sampled RSS/phys_footprint/disk with clean shutdown. Boundary: Tiny fixtures, no Anneal generated project, Mathlib, high-worker sweep, long soak, PSS or peak-between-polls proof.","R34 classified each tiny direct Lean worker byte/inode and R40 compared APFS/overlayfs copy/clone/hardlink counters for a 2.15-MB fixture. Full Rust, LLBC, generated Lean, Lake cache, archive, outside-workspace writes, temporary peaks and exclusive overlayfs physical bytes in an Anneal integration test remain unmeasured.",,,anneal-3730-resource-soak-contamination-2026-09-29,"Direct Lean 4.30-rc2 single-server 1/2/4 tiny file-worker guarded sweep, 25 exact-goal/diagnostic sentinels, 3 edits per cell, tree RSS/footprint, scratch bytes, latency and cleanup transcript. Boundary: 7.87-second tiny import graph; sampled summed RSS is not unique physical memory; no Mathlib-sized jobs, several servers, sustained leak result, full Anneal/MCP topology or cross-workspace conflicts.",anneal-3730-resource-soak-contamination-2026-09-29/support/probe.py;anneal-3730-resource-soak-contamination-2026-09-29/support/check.py;anneal-3730-resource-soak-contamination-2026-09-29/transcript.json,anneal-3730-lean-server-soak-context-rpc-2026-09-29,"Direct pinned Lean server handled 24 edits, four close/reopens, restarts, wrong-import sentinel, rich info reference dereference/release and client timeout; sampled processes, RSS and footprint. Boundary: Tiny direct Lean 15-second run; no Anneal broker, Mathlib scale, hours-long leak inference, unique tree memory or proof of cancellation.",anneal-3730-lean-server-soak-context-rpc-2026-09-29/REPORT.md;anneal-3730-lean-server-soak-context-rpc-2026-09-29/support/transcript.json;anneal-3730-lean-server-soak-context-rpc-2026-09-29/support/work/A/Proof.lean;anneal-3730-lean-server-soak-context-rpc-2026-09-29/support/work/B/Proof.lean;anneal-3730-lean-server-soak-context-rpc-2026-09-29/support/probe.py;anneal-3730-lean-server-soak-context-rpc-2026-09-29/support/check.py,,,,,,,,,,,,,,,,anneal-3730-per-worker-copied-byte-inventory-2026-09-29,"Direct pinned Lean tiny proof generated in one/two cold byte-copy and warm shared-symlink worker layouts, plus hardlink and APFS cp -c clone controls. Every path was classified by role, regular payload, st_blocks, device/inode/link identity and SHA; each cold worker added five dependency files/6,189 payload bytes, warm workers added zero dependency payload. Boundary: Representative tiny Lean-only fixture; not real Anneal/Mathlib or full Rust→LLBC→Lean/Lake bill, peak writes, unique physical APFS extent accounting, or safe concurrent shared mutation.",anneal-3730-per-worker-copied-byte-inventory-2026-09-29/REPORT.md;anneal-3730-per-worker-copied-byte-inventory-2026-09-29/support/results.json;anneal-3730-per-worker-copied-byte-inventory-2026-09-29/support/inventory.csv;anneal-3730-per-worker-copied-byte-inventory-2026-09-29/support/probe.py;anneal-3730-per-worker-copied-byte-inventory-2026-09-29/support/check.py,anneal-3730-apfs-overlayfs-resource-accounting-2026-09-29,"One tiny 11-file/2.15-MB fixture compared APFS copy/clone/hardlink/mutation counters with cached Ubuntu 24.04 Docker overlayfs ordinary copy, successful reflink, hardlink and clone mutation. Per-file logical/st_blocks/inode, APFS volume-free, GNU du/df and Docker SizeRw counters diverged; base bytes stayed unchanged. Boundary: No exclusive overlayfs physical-extent byte accounting, native ext4/XFS/Windows/network target, large concurrent Lean jobs, cache GC or Anneal archive layout; Docker linux/amd64 is emulated on arm64.",anneal-3730-apfs-overlayfs-resource-accounting-2026-09-29/REPORT.md;anneal-3730-apfs-overlayfs-resource-accounting-2026-09-29/support/results.json;anneal-3730-apfs-overlayfs-resource-accounting-2026-09-29/support/probe.py;anneal-3730-apfs-overlayfs-resource-accounting-2026-09-29/support/verify.py,,,
I114,"O. Disk amplification, memory, throughput, and latency",Safe concurrency scaling sweep,X,"Increase independent consumers and active proof documents under explicit host limits, with cold and warm environments. Measure correctness, throughput, tail latency, CPU, memory, and disk before further increases. Test the intended high-worker workload without assuming that two successful consumers extrapolate or deliberately exhausting an uncontrolled host.",lean-server-memory-and-protocol-concurrency-v4-30-0-rc2;anneal-v1-integration-test-disk-amplification-f98458e;charon-performance-and-revision-probes-2026-09-28,anneal-3730-lake-concurrency-preparation-v4-30-0-rc2;anneal-3730-lake-writer-scale-v4-30-0-rc2,anneal-3730-resource-economics-2026-09-29,partial,"Guarded two-Lake-consumer cold/warm run and two-server four-edit sentinel, sampled RSS/phys_footprint/disk with clean shutdown. Boundary: Tiny fixtures, no Anneal generated project, Mathlib, high-worker sweep, long soak, PSS or peak-between-polls proof.","R34 distinguished copy/symlink/hardlink/APFS-clone accounting, and R35 admitted 1/2/4/8 tiny direct Lean workers; realistic import, CPU/throughput/latency, peak physical memory and safe shared mutation across server/Lake topologies remain unmeasured.",,,anneal-3730-resource-soak-contamination-2026-09-29,"Direct Lean 4.30-rc2 single-server 1/2/4 tiny file-worker guarded sweep, 25 exact-goal/diagnostic sentinels, 3 edits per cell, tree RSS/footprint, scratch bytes, latency and cleanup transcript. Boundary: 7.87-second tiny import graph; sampled summed RSS is not unique physical memory; no Mathlib-sized jobs, several servers, sustained leak result, full Anneal/MCP topology or cross-workspace conflicts.",anneal-3730-resource-soak-contamination-2026-09-29/support/probe.py;anneal-3730-resource-soak-contamination-2026-09-29/support/check.py;anneal-3730-resource-soak-contamination-2026-09-29/transcript.json,anneal-3730-lean-server-soak-context-rpc-2026-09-29,"Direct pinned Lean server handled 24 edits, four close/reopens, restarts, wrong-import sentinel, rich info reference dereference/release and client timeout; sampled processes, RSS and footprint. Boundary: Tiny direct Lean 15-second run; no Anneal broker, Mathlib scale, hours-long leak inference, unique tree memory or proof of cancellation.",anneal-3730-lean-server-soak-context-rpc-2026-09-29/REPORT.md;anneal-3730-lean-server-soak-context-rpc-2026-09-29/support/transcript.json;anneal-3730-lean-server-soak-context-rpc-2026-09-29/support/work/A/Proof.lean;anneal-3730-lean-server-soak-context-rpc-2026-09-29/support/work/B/Proof.lean;anneal-3730-lean-server-soak-context-rpc-2026-09-29/support/probe.py;anneal-3730-lean-server-soak-context-rpc-2026-09-29/support/check.py,,,,,,,,,,,,,,,,anneal-3730-per-worker-copied-byte-inventory-2026-09-29;anneal-3730-scratch-pool-scaling-2026-09-29,"Direct pinned Lean tiny proof generated in one/two cold byte-copy and warm shared-symlink worker layouts, plus hardlink and APFS cp -c clone controls. Every path was classified by role, regular payload, st_blocks, device/inode/link identity and SHA; each cold worker added five dependency files/6,189 payload bytes, warm workers added zero dependency payload. Boundary: Representative tiny Lean-only fixture; not real Anneal/Mathlib or full Rust→LLBC→Lean/Lake bill, peak writes, unique physical APFS extent accounting, or safe concurrent shared mutation. | Direct pinned Lean LSP pools with 1/2/4/8 concurrent imported tiny proof workers, serial cold local dependency builds versus warm prebuilt symlinks, open/edit/goal fanout, preflight 4.5 GiB admission, macOS per-process/group footprint/RSS samples, complete path/inode disk ledgers and owned worker cleanup. All 30 goal/edit cycles and clean shutdowns passed. Boundary: Two memory samples and one run per cell; no hard transient peak, sustained leak/CPU study, actual Anneal scratch service, MCP daemon, Mathlib-sized import or realistic CI capacity.",anneal-3730-per-worker-copied-byte-inventory-2026-09-29/REPORT.md;anneal-3730-per-worker-copied-byte-inventory-2026-09-29/support/results.json;anneal-3730-per-worker-copied-byte-inventory-2026-09-29/support/inventory.csv;anneal-3730-per-worker-copied-byte-inventory-2026-09-29/support/probe.py;anneal-3730-per-worker-copied-byte-inventory-2026-09-29/support/check.py;anneal-3730-scratch-pool-scaling-2026-09-29/REPORT.md;anneal-3730-scratch-pool-scaling-2026-09-29/support/results.json;anneal-3730-scratch-pool-scaling-2026-09-29/support/probe.py;anneal-3730-scratch-pool-scaling-2026-09-29/support/check.py,,,,,,
I115,"O. Disk amplification, memory, throughput, and latency",Nested parallelism actually enforced,S/X,"Sweep outer job count and supported inner controls for Cargo/rustc, Aeneas, Lake, and Lean. Observe real threads/processes and peak resource use. Determine where one global budget can be enforced and where independently reasonable defaults cause oversubscription or misleading benchmarks.",lean-server-memory-and-protocol-concurrency-v4-30-0-rc2;anneal-v1-integration-test-disk-amplification-f98458e;charon-performance-and-revision-probes-2026-09-28,,anneal-3730-resource-economics-2026-09-29,partial,"Guarded two-Lake-consumer cold/warm run and two-server four-edit sentinel, sampled RSS/phys_footprint/disk with clean shutdown. Boundary: Tiny fixtures, no Anneal generated project, Mathlib, high-worker sweep, long soak, PSS or peak-between-polls proof.","R46 combined two tiny Charon→Aeneas→batch Lean workflows; R48 added one complete chain through cached Lake and live server with 2,590,336-KiB sampled RSS. Its two-worker cell was skipped. Anneal scheduler, enforced representative nested budget and hard peak/capacity remain.",,,,,,anneal-3730-lean-server-soak-context-rpc-2026-09-29,"Direct pinned Lean server handled 24 edits, four close/reopens, restarts, wrong-import sentinel, rich info reference dereference/release and client timeout; sampled processes, RSS and footprint. Boundary: Tiny direct Lean 15-second run; no Anneal broker, Mathlib scale, hours-long leak inference, unique tree memory or proof of cancellation.",anneal-3730-lean-server-soak-context-rpc-2026-09-29/REPORT.md;anneal-3730-lean-server-soak-context-rpc-2026-09-29/support/transcript.json;anneal-3730-lean-server-soak-context-rpc-2026-09-29/support/work/A/Proof.lean;anneal-3730-lean-server-soak-context-rpc-2026-09-29/support/work/B/Proof.lean;anneal-3730-lean-server-soak-context-rpc-2026-09-29/support/probe.py;anneal-3730-lean-server-soak-context-rpc-2026-09-29/support/check.py,,,,,,,,,,,,,,,,,,,anneal-3730-apfs-overlayfs-resource-accounting-2026-09-29;anneal-3730-nested-parallelism-budget-2026-09-29,"One tiny 11-file/2.15-MB fixture compared APFS copy/clone/hardlink/mutation counters with cached Ubuntu 24.04 Docker overlayfs ordinary copy, successful reflink, hardlink and clone mutation. Per-file logical/st_blocks/inode, APFS volume-free, GNU du/df and Docker SizeRw counters diverged; base bytes stayed unchanged. Boundary: No exclusive overlayfs physical-extent byte accounting, native ext4/XFS/Windows/network target, large concurrent Lean jobs, cache GC or Anneal archive layout; Docker linux/amd64 is emulated on arm64. | Pinned tiny Charon/Cargo and direct Lean LSP ran separate outer 1/2/4 by inner 1/2 matrices (12 cells), retaining Cargo unit logs/LLBC and Lean goal replies, process/thread/RSS/CPU and selected footprint samples under resource admission. All cells completed; warm Charon no-op rewrote LLBC hashes; all process trees cleaned. Boundary: Separate tiny component ramps, not a combined Rust→Charon→Aeneas→Lake→Lean Anneal scheduler, realistic workload or physical peak/capacity proof; some short-lived Cargo PIDs escaped footprint sampling.",anneal-3730-apfs-overlayfs-resource-accounting-2026-09-29/REPORT.md;anneal-3730-apfs-overlayfs-resource-accounting-2026-09-29/support/results.json;anneal-3730-apfs-overlayfs-resource-accounting-2026-09-29/support/probe.py;anneal-3730-apfs-overlayfs-resource-accounting-2026-09-29/support/verify.py;anneal-3730-nested-parallelism-budget-2026-09-29/REPORT.md;anneal-3730-nested-parallelism-budget-2026-09-29/support/results.json;anneal-3730-nested-parallelism-budget-2026-09-29/support/probe.py;anneal-3730-nested-parallelism-budget-2026-09-29/support/check.py,anneal-3730-combined-pipeline-concurrency-2026-09-29;anneal-3730-full-lake-server-chain-2026-09-29,"Two private Rust→Charon→Aeneas→batch Lean workflows serial, parallel and one-Lean-slot; stage exits, selected proof/axiom oracle, output hashes and sampled RSS/footprint guards. Boundary: Tiny cached-dependency fixture; four workers skipped; no Lake/server/Anneal scheduler or hard unsampled peak. | One tiny Rust→Charon→Aeneas→direct Lean→Lake build→Lake-launched server goal→fresh batch chain completed with selected proof/axiom oracle and sampled process resources. Boundary: Two-worker cell skipped by memory admission after one-worker 2,590,336-KiB sampled RSS peak; no Anneal scheduler, editor switch, hard physical peak or representative concurrent workload.",anneal-3730-combined-pipeline-concurrency-2026-09-29/REPORT.md;anneal-3730-combined-pipeline-concurrency-2026-09-29/support/results-uninstrumented.json;anneal-3730-combined-pipeline-concurrency-2026-09-29/support/results-instrumented.json;anneal-3730-combined-pipeline-concurrency-2026-09-29/support/check.py;anneal-3730-full-lake-server-chain-2026-09-29/REPORT.md;anneal-3730-full-lake-server-chain-2026-09-29/support/results.json;anneal-3730-full-lake-server-chain-2026-09-29/support/check.py;anneal-3730-full-lake-server-chain-2026-09-29/support/logs/u0-lake.stdout.gz;anneal-3730-full-lake-server-chain-2026-09-29/support/logs/u0-batch.stdout.gz
I116,"O. Disk amplification, memory, throughput, and latency",Sustained edit/query soak,X,"Run long sessions with proof edits, model changes, opened/closed files, scratch attempts, and worker restarts. Track retained environments, generations, handles, and processes. Distinguish bounded warm caches from monotonic leaks and find the conditions under which recycling workers is useful or necessary.",lean-server-memory-and-protocol-concurrency-v4-30-0-rc2;anneal-v1-integration-test-disk-amplification-f98458e;charon-performance-and-revision-probes-2026-09-28,anneal-3730-retention-economics-v4-30-0-rc2,anneal-3730-resource-economics-2026-09-29,partial,"Guarded two-Lake-consumer cold/warm run and two-server four-edit sentinel, sampled RSS/phys_footprint/disk with clean shutdown. Boundary: Tiny fixtures, no Anneal generated project, Mathlib, high-worker sweep, long soak, PSS or peak-between-polls proof.","R39 extended a tiny direct Lean proof soak to 5.6 minutes across two orderly restarts, 63 edits/goals and 36 sampled footprint/tree/disk ledgers; sampled footprint plateaued after first elaboration. Hours-long realistic-import retention, cancellation/crash lifecycle, hard peaks and leak classification in an Anneal daemon remain unmeasured.",,,anneal-3730-resource-soak-contamination-2026-09-29,"Direct Lean 4.30-rc2 single-server 1/2/4 tiny file-worker guarded sweep, 25 exact-goal/diagnostic sentinels, 3 edits per cell, tree RSS/footprint, scratch bytes, latency and cleanup transcript. Boundary: 7.87-second tiny import graph; sampled summed RSS is not unique physical memory; no Mathlib-sized jobs, several servers, sustained leak result, full Anneal/MCP topology or cross-workspace conflicts.",anneal-3730-resource-soak-contamination-2026-09-29/support/probe.py;anneal-3730-resource-soak-contamination-2026-09-29/support/check.py;anneal-3730-resource-soak-contamination-2026-09-29/transcript.json,anneal-3730-lean-server-soak-context-rpc-2026-09-29,"Direct pinned Lean server handled 24 edits, four close/reopens, restarts, wrong-import sentinel, rich info reference dereference/release and client timeout; sampled processes, RSS and footprint. Boundary: Tiny direct Lean 15-second run; no Anneal broker, Mathlib scale, hours-long leak inference, unique tree memory or proof of cancellation.",anneal-3730-lean-server-soak-context-rpc-2026-09-29/REPORT.md;anneal-3730-lean-server-soak-context-rpc-2026-09-29/support/transcript.json;anneal-3730-lean-server-soak-context-rpc-2026-09-29/support/work/A/Proof.lean;anneal-3730-lean-server-soak-context-rpc-2026-09-29/support/work/B/Proof.lean;anneal-3730-lean-server-soak-context-rpc-2026-09-29/support/probe.py;anneal-3730-lean-server-soak-context-rpc-2026-09-29/support/check.py,anneal-3730-lean-multiminute-restart-resource-soak-2026-09-29,"Direct Lean three-minute guarded one/two/four-file-worker plus conflicting-import workspace ramp: 69 edit/goal checks, reopen/restart/session/reference controls, bidirectional request-ID collision pilot, RSS/footprint and latency samples. Boundary: One host and tiny imports, one watchdog at a time; no hours-long leak inference, unique tree memory, Anneal/MCP topology or full pipeline latency.",anneal-3730-lean-multiminute-restart-resource-soak-2026-09-29/REPORT.md;anneal-3730-lean-multiminute-restart-resource-soak-2026-09-29/support/transcript.json;anneal-3730-lean-multiminute-restart-resource-soak-2026-09-29/support/pilot-id-collision.json;anneal-3730-lean-multiminute-restart-resource-soak-2026-09-29/support/work/A/Proof0.lean;anneal-3730-lean-multiminute-restart-resource-soak-2026-09-29/support/probe.py;anneal-3730-lean-multiminute-restart-resource-soak-2026-09-29/support/check.py,,,,,,,,,,,,,anneal-3730-scratch-pool-scaling-2026-09-29,"Direct pinned Lean LSP pools with 1/2/4/8 concurrent imported tiny proof workers, serial cold local dependency builds versus warm prebuilt symlinks, open/edit/goal fanout, preflight 4.5 GiB admission, macOS per-process/group footprint/RSS samples, complete path/inode disk ledgers and owned worker cleanup. All 30 goal/edit cycles and clean shutdowns passed. Boundary: Two memory samples and one run per cell; no hard transient peak, sustained leak/CPU study, actual Anneal scratch service, MCP daemon, Mathlib-sized import or realistic CI capacity.",anneal-3730-scratch-pool-scaling-2026-09-29/REPORT.md;anneal-3730-scratch-pool-scaling-2026-09-29/support/results.json;anneal-3730-scratch-pool-scaling-2026-09-29/support/probe.py;anneal-3730-scratch-pool-scaling-2026-09-29/support/check.py,anneal-3730-lean-server-resource-drift-soak-2026-09-29,"One tiny imported direct Lean proof ran 336.55 seconds through three about-111.6-second server lifetimes, 63 versioned edit/goal queries, two orderly restarts and 36 periodic macOS group footprint/process-child/disk ledgers. After initial elaboration, sampled group footprint settled near 332–333 MiB and each owned tree exited cleanly. Boundary: Tiny 5.6-minute orderly-restart component soak with two-point-periodic sampling; no hours-long leak classification, hard transient peak, realistic imports, Anneal daemon or crash reconstruction.",anneal-3730-lean-server-resource-drift-soak-2026-09-29/REPORT.md;anneal-3730-lean-server-resource-drift-soak-2026-09-29/support/results.json;anneal-3730-lean-server-resource-drift-soak-2026-09-29/support/sample-ledger.csv;anneal-3730-lean-server-resource-drift-soak-2026-09-29/support/probe.py;anneal-3730-lean-server-resource-drift-soak-2026-09-29/support/check.py,,,
I117,"O. Disk amplification, memory, throughput, and latency",Physical memory versus summed RSS,S/X,"Measure platform-appropriate physical/proportional footprint and shared-page behavior alongside per-process RSS. Separate Lean workers, watchdogs, native plugins, and file cache. Establish a resource model suitable for scheduling; summing RSS must not be treated as unique physical memory consumption.",lean-server-memory-and-protocol-concurrency-v4-30-0-rc2;anneal-v1-integration-test-disk-amplification-f98458e;charon-performance-and-revision-probes-2026-09-28,,anneal-3730-resource-economics-2026-09-29,partial,"Guarded two-Lake-consumer cold/warm run and two-server four-edit sentinel, sampled RSS/phys_footprint/disk with clean shutdown. Boundary: Tiny fixtures, no Anneal generated project, Mathlib, high-worker sweep, long soak, PSS or peak-between-polls proof.","Measure unique physical process-tree memory or Linux PSS for representative workers/plugins; R16 sampled summed RSS and sequential per-PID phys_footprint, neither unique tree bytes.",,,anneal-3730-resource-soak-contamination-2026-09-29,"Direct Lean 4.30-rc2 single-server 1/2/4 tiny file-worker guarded sweep, 25 exact-goal/diagnostic sentinels, 3 edits per cell, tree RSS/footprint, scratch bytes, latency and cleanup transcript. Boundary: 7.87-second tiny import graph; sampled summed RSS is not unique physical memory; no Mathlib-sized jobs, several servers, sustained leak result, full Anneal/MCP topology or cross-workspace conflicts.",anneal-3730-resource-soak-contamination-2026-09-29/support/probe.py;anneal-3730-resource-soak-contamination-2026-09-29/support/check.py;anneal-3730-resource-soak-contamination-2026-09-29/transcript.json,anneal-3730-lean-server-soak-context-rpc-2026-09-29,"Direct pinned Lean server handled 24 edits, four close/reopens, restarts, wrong-import sentinel, rich info reference dereference/release and client timeout; sampled processes, RSS and footprint. Boundary: Tiny direct Lean 15-second run; no Anneal broker, Mathlib scale, hours-long leak inference, unique tree memory or proof of cancellation.",anneal-3730-lean-server-soak-context-rpc-2026-09-29/REPORT.md;anneal-3730-lean-server-soak-context-rpc-2026-09-29/support/transcript.json;anneal-3730-lean-server-soak-context-rpc-2026-09-29/support/work/A/Proof.lean;anneal-3730-lean-server-soak-context-rpc-2026-09-29/support/work/B/Proof.lean;anneal-3730-lean-server-soak-context-rpc-2026-09-29/support/probe.py;anneal-3730-lean-server-soak-context-rpc-2026-09-29/support/check.py,anneal-3730-lean-multiminute-restart-resource-soak-2026-09-29,"Direct Lean three-minute guarded one/two/four-file-worker plus conflicting-import workspace ramp: 69 edit/goal checks, reopen/restart/session/reference controls, bidirectional request-ID collision pilot, RSS/footprint and latency samples. Boundary: One host and tiny imports, one watchdog at a time; no hours-long leak inference, unique tree memory, Anneal/MCP topology or full pipeline latency.",anneal-3730-lean-multiminute-restart-resource-soak-2026-09-29/REPORT.md;anneal-3730-lean-multiminute-restart-resource-soak-2026-09-29/support/transcript.json;anneal-3730-lean-multiminute-restart-resource-soak-2026-09-29/support/pilot-id-collision.json;anneal-3730-lean-multiminute-restart-resource-soak-2026-09-29/support/work/A/Proof0.lean;anneal-3730-lean-multiminute-restart-resource-soak-2026-09-29/support/probe.py;anneal-3730-lean-multiminute-restart-resource-soak-2026-09-29/support/check.py,,,,,,,,,,,,,,,,,,,,,
I118,"O. Disk amplification, memory, throughput, and latency",End-to-end latency decomposition,X,"Measure capture, projection, extraction, translation, import preparation, elaboration, and query response separately. Compare proof-only, Rust-model, import-header, and toolchain changes at several realistic sizes. Identify whether startup, serialization, generation churn, or actual proof work dominates before choosing an optimization.",lean-server-memory-and-protocol-concurrency-v4-30-0-rc2;anneal-v1-integration-test-disk-amplification-f98458e;charon-performance-and-revision-probes-2026-09-28,,anneal-3730-resource-economics-2026-09-29,partial,"Guarded two-Lake-consumer cold/warm run and two-server four-edit sentinel, sampled RSS/phys_footprint/disk with clean shutdown. Boundary: Tiny fixtures, no Anneal generated project, Mathlib, high-worker sweep, long soak, PSS or peak-between-polls proof.","Decompose complete Rust extraction, Aeneas, Lake, Lean and query latency under realistic edits; R16 measured direct warm Lean request medians only.",,,anneal-3730-resource-soak-contamination-2026-09-29,"Direct Lean 4.30-rc2 single-server 1/2/4 tiny file-worker guarded sweep, 25 exact-goal/diagnostic sentinels, 3 edits per cell, tree RSS/footprint, scratch bytes, latency and cleanup transcript. Boundary: 7.87-second tiny import graph; sampled summed RSS is not unique physical memory; no Mathlib-sized jobs, several servers, sustained leak result, full Anneal/MCP topology or cross-workspace conflicts.",anneal-3730-resource-soak-contamination-2026-09-29/support/probe.py;anneal-3730-resource-soak-contamination-2026-09-29/support/check.py;anneal-3730-resource-soak-contamination-2026-09-29/transcript.json,anneal-3730-lean-server-soak-context-rpc-2026-09-29,"Direct pinned Lean server handled 24 edits, four close/reopens, restarts, wrong-import sentinel, rich info reference dereference/release and client timeout; sampled processes, RSS and footprint. Boundary: Tiny direct Lean 15-second run; no Anneal broker, Mathlib scale, hours-long leak inference, unique tree memory or proof of cancellation.",anneal-3730-lean-server-soak-context-rpc-2026-09-29/REPORT.md;anneal-3730-lean-server-soak-context-rpc-2026-09-29/support/transcript.json;anneal-3730-lean-server-soak-context-rpc-2026-09-29/support/work/A/Proof.lean;anneal-3730-lean-server-soak-context-rpc-2026-09-29/support/work/B/Proof.lean;anneal-3730-lean-server-soak-context-rpc-2026-09-29/support/probe.py;anneal-3730-lean-server-soak-context-rpc-2026-09-29/support/check.py,anneal-3730-lean-multiminute-restart-resource-soak-2026-09-29,"Direct Lean three-minute guarded one/two/four-file-worker plus conflicting-import workspace ramp: 69 edit/goal checks, reopen/restart/session/reference controls, bidirectional request-ID collision pilot, RSS/footprint and latency samples. Boundary: One host and tiny imports, one watchdog at a time; no hours-long leak inference, unique tree memory, Anneal/MCP topology or full pipeline latency.",anneal-3730-lean-multiminute-restart-resource-soak-2026-09-29/REPORT.md;anneal-3730-lean-multiminute-restart-resource-soak-2026-09-29/support/transcript.json;anneal-3730-lean-multiminute-restart-resource-soak-2026-09-29/support/pilot-id-collision.json;anneal-3730-lean-multiminute-restart-resource-soak-2026-09-29/support/work/A/Proof0.lean;anneal-3730-lean-multiminute-restart-resource-soak-2026-09-29/support/probe.py;anneal-3730-lean-multiminute-restart-resource-soak-2026-09-29/support/check.py,,,,,,,,,,,,,,,,,,,,,
I119,"O. Disk amplification, memory, throughput, and latency",Sharing strategies without mutable aliasing,S/X,"Compare direct read-only consumption, symlinks, hardlinks, reflinks, and copies on relevant filesystems. Attempt expected consumer writes in owned fixtures and inspect the producer. Measure disk savings and correctness together; copy-on-write appearance or identical paths do not establish isolation.",lean-server-memory-and-protocol-concurrency-v4-30-0-rc2;anneal-v1-integration-test-disk-amplification-f98458e;charon-performance-and-revision-probes-2026-09-28,anneal-3730-filesystem-sharing-apfs-v4-30-0-rc2,anneal-3730-resource-economics-2026-09-29,partial,"Guarded two-Lake-consumer cold/warm run and two-server four-edit sentinel, sampled RSS/phys_footprint/disk with clean shutdown. Boundary: Tiny fixtures, no Anneal generated project, Mathlib, high-worker sweep, long soak, PSS or peak-between-polls proof.","R40 demonstrated divergent APFS/overlayfs copy, reflink, hardlink and mutation accounting for a tiny file tree. Actual Anneal prepared-tree sharing under concurrent consumer writes, exclusive overlayfs extent bytes, representative load and immutable-boundary enforcement remain unverified.",,,,,,anneal-3730-lean-server-soak-context-rpc-2026-09-29,"Direct pinned Lean server handled 24 edits, four close/reopens, restarts, wrong-import sentinel, rich info reference dereference/release and client timeout; sampled processes, RSS and footprint. Boundary: Tiny direct Lean 15-second run; no Anneal broker, Mathlib scale, hours-long leak inference, unique tree memory or proof of cancellation.",anneal-3730-lean-server-soak-context-rpc-2026-09-29/REPORT.md;anneal-3730-lean-server-soak-context-rpc-2026-09-29/support/transcript.json;anneal-3730-lean-server-soak-context-rpc-2026-09-29/support/work/A/Proof.lean;anneal-3730-lean-server-soak-context-rpc-2026-09-29/support/work/B/Proof.lean;anneal-3730-lean-server-soak-context-rpc-2026-09-29/support/probe.py;anneal-3730-lean-server-soak-context-rpc-2026-09-29/support/check.py,,,,,,,,,,,,,,,,,,,anneal-3730-apfs-overlayfs-resource-accounting-2026-09-29,"One tiny 11-file/2.15-MB fixture compared APFS copy/clone/hardlink/mutation counters with cached Ubuntu 24.04 Docker overlayfs ordinary copy, successful reflink, hardlink and clone mutation. Per-file logical/st_blocks/inode, APFS volume-free, GNU du/df and Docker SizeRw counters diverged; base bytes stayed unchanged. Boundary: No exclusive overlayfs physical-extent byte accounting, native ext4/XFS/Windows/network target, large concurrent Lean jobs, cache GC or Anneal archive layout; Docker linux/amd64 is emulated on arm64.",anneal-3730-apfs-overlayfs-resource-accounting-2026-09-29/REPORT.md;anneal-3730-apfs-overlayfs-resource-accounting-2026-09-29/support/results.json;anneal-3730-apfs-overlayfs-resource-accounting-2026-09-29/support/probe.py;anneal-3730-apfs-overlayfs-resource-accounting-2026-09-29/support/verify.py,,,
I120,"O. Disk amplification, memory, throughput, and latency",Module pruning versus interactive extensibility,S/X,"Extend proofs with new imports, tactics, macros, plugins, and scratch documents after preparing a pruned dependency universe. Detect missing closure and compare demand preparation with full installations. Quantify space saved against supported interactions and failure clarity rather than optimizing archive size alone.",lean-server-memory-and-protocol-concurrency-v4-30-0-rc2;anneal-v1-integration-test-disk-amplification-f98458e;charon-performance-and-revision-probes-2026-09-28,,anneal-3730-lake-prepared-contract-2026-09-29,partial,"Tiny two-package Lean/TOML clean and relocated prepared Lake fixture, no-build checks, isolated home/denied loopback, native facet and cache wrong-object/truncated-map controls. Boundary: No real Anneal archive, server query, complete plugin/native family, network syscall trace, concurrent restore or full integrity oracle.","R21 showed one already-prepared tactic and plugin. Prune prepared modules and test new imports, tactics, macros, native plugins and scratch documents with space/failure measures.",anneal-3730-lake-plugin-artifact-identity-v4-30-0-rc2,"Pinned Lean/Lake direct batch/no-build and live plugin fixture: missing OLean/ILean/C/dylib by operation, dylib v1/v2 replacement, existing/new worker split and initializer mismatch crash. Boundary: Tiny explicit plugin; no general ABI equivalence, all search paths, generated Anneal archive or complete interactive operation inventory.",,,,,,,,,,,,,anneal-3730-lake-plugin-combined-family-mix-2026-09-29,"Pinned Lake 4.30-rc2 two-package v1/v2 controls plus one valid mixed root: v1 source/OLean/ILean/proof, v2 plugin dylib/C/setup option. File-specific setup named exact OLean/plugin paths and option; fresh lake serve showed no goals, value 7 and v2 plugin initializer; hash inventory stayed unchanged; fresh batch also returned 7. Boundary: One tiny same-pin macOS graph; v2 C is present but not consumed, OLean read has value/hash oracle rather than syscall trace; no Anneal archive, general ABI compatibility, dynamic plugin replacement, read-only consumer or cross-version claim.",anneal-3730-lake-plugin-combined-family-mix-2026-09-29/REPORT.md;anneal-3730-lake-plugin-combined-family-mix-2026-09-29/support/transcript.json;anneal-3730-lake-plugin-combined-family-mix-2026-09-29/support/artifacts/mix/olean;anneal-3730-lake-plugin-combined-family-mix-2026-09-29/support/artifacts/mix/plugin;anneal-3730-lake-plugin-combined-family-mix-2026-09-29/support/artifacts/mix/c;anneal-3730-lake-plugin-combined-family-mix-2026-09-29/support/artifacts/mix/setup;anneal-3730-lake-plugin-combined-family-mix-2026-09-29/support/probe.py;anneal-3730-lake-plugin-combined-family-mix-2026-09-29/support/check.py,,,,,,,,,,,,,,,
I121,"P. Retention, filesystems, portability, and execution isolation",Garbage collection with live readers,M/X,"Retire generations while workers, pending queries, scratch forks, and replay records still reference them. Test imported memory maps and later file opens, not just open handles. Determine the safe reclamation condition and whether explicit leases, references, or isolated worker lifetimes provide it.",lean-server-multi-workspace-isolation-v4-30-0-rc2;lake-readonly-relocation-offline-concurrency-v4-30-0-rc2;lean-lake-cross-platform-artifact-portability-v4-30-0-rc2,anneal-3730-retention-economics-v4-30-0-rc2,anneal-3730-generation-recovery-2026-09-29,partial,"Direct filesystem/process fixture with nine SIGKILL phases, multi-file staging, late completion, locks/GC/restart and reconciliation. Boundary: Synthetic backend and tiny files; not actual Cargo/Charon/Aeneas/Lake/Lean process groups or crash-durable product state.","R26 showed a reader retaining an old immutable Proof.lean path after a pointer swap. Still test actual GC leases for workers, pending queries, scratch forks, later opens and replay; reclamation was not attempted.",,,,,,,,,,,,,,,,,,,,,anneal-3730-scratch-tactic-concurrency-crash-2026-09-29,"Two separate pinned-Lean-backed local candidate processes crossed a barrier and raced a file-lock CAS: one immutable generation published, one stale loser. Four os._exit boundaries before/after candidate check, complete generation and CURRENT pointer replacement recovered via manifest/file hashes and fresh batch; mutation controls and reader-pinned old generation passed. Boundary: Local Python prototype with one theorem/import; no Anneal service, full proposition/axiom oracle, distributed transaction, actual worker restart, power loss, GC leases or cross-tool race.",anneal-3730-scratch-tactic-concurrency-crash-2026-09-29/REPORT.md;anneal-3730-scratch-tactic-concurrency-crash-2026-09-29/support/results.json;anneal-3730-scratch-tactic-concurrency-crash-2026-09-29/support/artifacts/orphan-MANIFEST.json;anneal-3730-scratch-tactic-concurrency-crash-2026-09-29/support/artifacts/final-MANIFEST.json;anneal-3730-scratch-tactic-concurrency-crash-2026-09-29/support/artifacts/final-Proof.lean;anneal-3730-scratch-tactic-concurrency-crash-2026-09-29/support/probe.py;anneal-3730-scratch-tactic-concurrency-crash-2026-09-29/support/verify.py,,,,,,,,,
I122,"P. Retention, filesystems, portability, and execution isolation",Bounded retention across crashes,X,"Interrupt cleanup and leave orphan workspaces, incomplete stages, expired RPC objects, and cancelled scratch files. Restart repeatedly and measure reclaimed versus retained space. Separate a live consumer from abandoned state without deleting another process's current generation or losing evidence promised to the user.",lean-server-multi-workspace-isolation-v4-30-0-rc2;lake-readonly-relocation-offline-concurrency-v4-30-0-rc2;lean-lake-cross-platform-artifact-portability-v4-30-0-rc2,anneal-3730-retention-economics-v4-30-0-rc2,anneal-3730-generation-recovery-2026-09-29,partial,"Direct filesystem/process fixture with nine SIGKILL phases, multi-file staging, late completion, locks/GC/restart and reconciliation. Boundary: Synthetic backend and tiny files; not actual Cargo/Charon/Aeneas/Lake/Lean process groups or crash-durable product state.","R39's two direct Lean restarts were orderly and preserved one tiny proof source; R38's peer kill restarted a saved proof. Durable owner identity, repeated crash/restart cleanup, lease reconciliation and bounded orphan reclaim in an actual Anneal/Lake workspace remain untested.",,,,,,,,,,,,,,,,,,,,,,,,,,,anneal-3730-lean-server-resource-drift-soak-2026-09-29,"One tiny imported direct Lean proof ran 336.55 seconds through three about-111.6-second server lifetimes, 63 versioned edit/goal queries, two orderly restarts and 36 periodic macOS group footprint/process-child/disk ledgers. After initial elaboration, sampled group footprint settled near 332–333 MiB and each owned tree exited cleanly. Boundary: Tiny 5.6-minute orderly-restart component soak with two-point-periodic sampling; no hours-long leak classification, hard transient peak, realistic imports, Anneal daemon or crash reconstruction.",anneal-3730-lean-server-resource-drift-soak-2026-09-29/REPORT.md;anneal-3730-lean-server-resource-drift-soak-2026-09-29/support/results.json;anneal-3730-lean-server-resource-drift-soak-2026-09-29/support/sample-ledger.csv;anneal-3730-lean-server-resource-drift-soak-2026-09-29/support/probe.py;anneal-3730-lean-server-resource-drift-soak-2026-09-29/support/check.py,,,
I123,"P. Retention, filesystems, portability, and execution isolation",Filesystem identity and path aliases,S/X,"Exercise case-insensitive names, Unicode filenames, symlinks, hardlinks, relative paths, and the same tree reached through different roots. Test module identity, document routing, and cache keys. Preserve distinct intentional workspaces while detecting accidental aliases that bypass ownership or freshness checks.",lean-server-multi-workspace-isolation-v4-30-0-rc2;lake-readonly-relocation-offline-concurrency-v4-30-0-rc2;lean-lake-cross-platform-artifact-portability-v4-30-0-rc2,anneal-3730-filesystem-sharing-apfs-v4-30-0-rc2;anneal-3730-lake-identity-matrix-v4-30-0-rc2,,partial,,Connect real path aliases to module/document/cache identity and two intentional workspaces; APFS Lean imports and overlayfs byte lifetime do not establish Anneal routing.,anneal-3730-real-lean-filesystem-lifetimes-2026-09-29,"Real value-7/value-9 Lean OLean and plugin artifact bytes under host APFS aliases, replacement/unlink, resident/fresh Lean and open fd/mmap; cached Linux overlayfs byte lifetime replay. Boundary: Linux container has no Lean; no native ext4/XFS/Windows/network filesystem or Anneal identity routing and GC.",,,,,,,,,,,,,,,,,,,,,,,,,,,,,,
I124,"P. Retention, filesystems, portability, and execution isolation","Rename, locking, and open-file semantics by platform",S/X,Repeat publication and cleanup probes on supported operating systems/filesystems; treat Windows or network filesystems as conditional until in scope. Include open mapped artifacts and antivirus/indexer interference where relevant. Do not generalize one platform's atomic rename or deletion behavior to another.,lean-server-multi-workspace-isolation-v4-30-0-rc2;lake-readonly-relocation-offline-concurrency-v4-30-0-rc2;lean-lake-cross-platform-artifact-portability-v4-30-0-rc2,anneal-3730-filesystem-sharing-apfs-v4-30-0-rc2,anneal-3730-platform-filesystem-boundary-2026-09-29,partial,"Two trials each on host APFS and cached Ubuntu/OrbStack Linux overlayfs: descriptor/rename/unlink/flock and 2,400 sampled reads per trial. Boundary: No mapped Lean artifacts, native Linux ext4/XFS, Windows/network filesystem, indexer or crash durability.","R40 compares host APFS with cached Ubuntu Docker overlayfs copy/clone/hardlink counters, supplementing prior open-file/rename probes. Native ext4/XFS, Windows/network filesystems, mapped live Lean artifacts and filesystem-specific Anneal worker cleanup remain untested; overlayfs exclusive physical extents were not measured.",anneal-3730-real-lean-filesystem-lifetimes-2026-09-29,"Real value-7/value-9 Lean OLean and plugin artifact bytes under host APFS aliases, replacement/unlink, resident/fresh Lean and open fd/mmap; cached Linux overlayfs byte lifetime replay. Boundary: Linux container has no Lean; no native ext4/XFS/Windows/network filesystem or Anneal identity routing and GC.",,,,,,,,,,,,,,,,,,,,,,,,,anneal-3730-apfs-overlayfs-resource-accounting-2026-09-29,"One tiny 11-file/2.15-MB fixture compared APFS copy/clone/hardlink/mutation counters with cached Ubuntu 24.04 Docker overlayfs ordinary copy, successful reflink, hardlink and clone mutation. Per-file logical/st_blocks/inode, APFS volume-free, GNU du/df and Docker SizeRw counters diverged; base bytes stayed unchanged. Boundary: No exclusive overlayfs physical-extent byte accounting, native ext4/XFS/Windows/network target, large concurrent Lean jobs, cache GC or Anneal archive layout; Docker linux/amd64 is emulated on arm64.",anneal-3730-apfs-overlayfs-resource-accounting-2026-09-29/REPORT.md;anneal-3730-apfs-overlayfs-resource-accounting-2026-09-29/support/results.json;anneal-3730-apfs-overlayfs-resource-accounting-2026-09-29/support/probe.py;anneal-3730-apfs-overlayfs-resource-accounting-2026-09-29/support/verify.py,,,
I125,"P. Retention, filesystems, portability, and execution isolation",Native plugin and dynamic-library identity,S/X,"Vary library lookup paths, plugin revisions, initialization state, and ABI-compatible-looking replacements. Observe loaded binaries and restart needs. Determine whether read-only `.olean` sharing is sufficient when executable extensions retain process state or access additional runtime files.",lean-server-multi-workspace-isolation-v4-30-0-rc2;lake-readonly-relocation-offline-concurrency-v4-30-0-rc2;lean-lake-cross-platform-artifact-portability-v4-30-0-rc2,,anneal-3730-lake-prepared-contract-2026-09-29,partial,"Tiny two-package Lean/TOML clean and relocated prepared Lake fixture, no-build checks, isolated home/denied loopback, native facet and cache wrong-object/truncated-map controls. Boundary: No real Anneal archive, server query, complete plugin/native family, network syscall trace, concurrent restore or full integrity oracle.","R21 freshly loaded v2 plugin beside v1 OLean and recorded initializer identity. Vary plugin search paths, compatible-looking ABI replacements and retained worker state with loaded-binary attestation.",anneal-3730-lake-plugin-artifact-identity-v4-30-0-rc2,"Pinned Lean/Lake direct batch/no-build and live plugin fixture: missing OLean/ILean/C/dylib by operation, dylib v1/v2 replacement, existing/new worker split and initializer mismatch crash. Boundary: Tiny explicit plugin; no general ABI equivalence, all search paths, generated Anneal archive or complete interactive operation inventory.",,,,,,,,,,,,,anneal-3730-lake-plugin-combined-family-mix-2026-09-29,"Pinned Lake 4.30-rc2 two-package v1/v2 controls plus one valid mixed root: v1 source/OLean/ILean/proof, v2 plugin dylib/C/setup option. File-specific setup named exact OLean/plugin paths and option; fresh lake serve showed no goals, value 7 and v2 plugin initializer; hash inventory stayed unchanged; fresh batch also returned 7. Boundary: One tiny same-pin macOS graph; v2 C is present but not consumed, OLean read has value/hash oracle rather than syscall trace; no Anneal archive, general ABI compatibility, dynamic plugin replacement, read-only consumer or cross-version claim.",anneal-3730-lake-plugin-combined-family-mix-2026-09-29/REPORT.md;anneal-3730-lake-plugin-combined-family-mix-2026-09-29/support/transcript.json;anneal-3730-lake-plugin-combined-family-mix-2026-09-29/support/artifacts/mix/olean;anneal-3730-lake-plugin-combined-family-mix-2026-09-29/support/artifacts/mix/plugin;anneal-3730-lake-plugin-combined-family-mix-2026-09-29/support/artifacts/mix/c;anneal-3730-lake-plugin-combined-family-mix-2026-09-29/support/artifacts/mix/setup;anneal-3730-lake-plugin-combined-family-mix-2026-09-29/support/probe.py;anneal-3730-lake-plugin-combined-family-mix-2026-09-29/support/check.py,,,,,,,,,,,,,,,
I126,"P. Retention, filesystems, portability, and execution isolation",Workspace trust and code execution boundary,S/X,"Inventory execution by build scripts, proc macros, Lake configuration, Lean commands/tactics, and native extensions. Test local containment and resource limits with benign controlled fixtures. Determine what inspection requires execution and what user authorization is needed before opening an untrusted project.",lean-server-multi-workspace-isolation-v4-30-0-rc2;lake-readonly-relocation-offline-concurrency-v4-30-0-rc2;lean-lake-cross-platform-artifact-portability-v4-30-0-rc2,anneal-3730-trust-evidence-boundary-2026-09-29,anneal-3730-acceptance-oracle-matrix-2026-09-29,partial,"Two direct Lean runs: exact imported artifact/fresh proof, weak/admitted/axiom/wrong-import/missing-claim controls, killed consumer, benign tactic IO and fake-token redaction. Boundary: Synthetic Lean proposition and local LSP only; no Anneal obligation graph, human trial or independent kernel.","R44 checked four selected Rust→LLBC→Aeneas→fresh Lean cases across two cached compatible bundles; obligations were manually chosen. Anneal-generated obligations, broader constructs, import/assumption/axiom contracts and independent environment remain.",,,anneal-3730-rust-charon-aeneas-lean-golden-vertical-2026-09-29,"Pinned Cargo/Charon/Aeneas/Lean four-case three-function golden path with Rust behavior tests, cold/prepared/clean runs, manually checked cross-layer declarations, fresh Lean theorem/axiom oracle and wrong-claim/missing-obligation/sorry/stale-import/tampered-import controls. Boundary: Fixture obligations are manually chosen, not Anneal generated; lexical span correspondence not authenticated; no independent machine, general translator soundness, full dependency rebuild or upgraded cross-tool tuple.",anneal-3730-rust-charon-aeneas-lean-golden-vertical-2026-09-29/support/probe.py;anneal-3730-rust-charon-aeneas-lean-golden-vertical-2026-09-29/support/results.json;anneal-3730-rust-charon-aeneas-lean-golden-vertical-2026-09-29/support/work/base-cold/current.llbc;anneal-3730-rust-charon-aeneas-lean-golden-vertical-2026-09-29/support/work/mutated-clean/current.llbc,anneal-3730-cross-layer-comparator-mutants-2026-09-29,"Pinned Rust/Charon/Aeneas/Lean base, reorder, changed source and fresh rerun; rustc and fresh Lean oracles plus weaker, missing, sorry, stale, swapped-import and axiom/concrete-model comparator mutants. Boundary: Manually assembled small fixture on same host and pins; no Anneal generator, authenticated producer manifest, independent machine, full toolchain upgrade or translation soundness proof.",anneal-3730-cross-layer-comparator-mutants-2026-09-29/REPORT.md;anneal-3730-cross-layer-comparator-mutants-2026-09-29/support/results.json;anneal-3730-cross-layer-comparator-mutants-2026-09-29/support/comparison-manifest.json;anneal-3730-cross-layer-comparator-mutants-2026-09-29/support/probe.py;anneal-3730-cross-layer-comparator-mutants-2026-09-29/support/check.py,,,,,,,,,,,,,,,,,,,,,,anneal-3730-compatible-bundle-upgrade-golden-2026-09-29,"Two cached internally compatible Charon/Aeneas bundles, base/changed Rust, four full pipeline fresh Lean checks, negative controls and cross-pair LLBC rejection. Boundary: Small manual selected obligations on one macOS host; no Anneal generator, broad upgrade matrix, later-than-4.30 Lean or workaround deletion.",anneal-3730-compatible-bundle-upgrade-golden-2026-09-29/REPORT.md;anneal-3730-compatible-bundle-upgrade-golden-2026-09-29/support/results.json;anneal-3730-compatible-bundle-upgrade-golden-2026-09-29/support/check.py
I127,"P. Retention, filesystems, portability, and execution isolation",Reproducible evidence without private-source leakage,S/X,"Capture diagnostic logs, protocol transcripts, generated files, and replay packages from private test workspaces. Identify source, path, credential, and environment exposure. Compare local full evidence with shareable minimized fixtures, preserving the ability to validate conclusions without publishing user data.",lean-server-multi-workspace-isolation-v4-30-0-rc2;lake-readonly-relocation-offline-concurrency-v4-30-0-rc2;lean-lake-cross-platform-artifact-portability-v4-30-0-rc2,anneal-3730-trust-evidence-boundary-2026-09-29,anneal-3730-acceptance-oracle-matrix-2026-09-29,partial,"Two direct Lean runs: exact imported artifact/fresh proof, weak/admitted/axiom/wrong-import/missing-claim controls, killed consumer, benign tactic IO and fake-token redaction. Boundary: Synthetic Lean proposition and local LSP only; no Anneal obligation graph, human trial or independent kernel.",R44 preserved two small compatible bundle outputs and fresh selected Lean checks; it does not supply a complete product-generated golden pattern corpus or broader toolchain matrix.,,,anneal-3730-rust-charon-aeneas-lean-golden-vertical-2026-09-29,"Pinned Cargo/Charon/Aeneas/Lean four-case three-function golden path with Rust behavior tests, cold/prepared/clean runs, manually checked cross-layer declarations, fresh Lean theorem/axiom oracle and wrong-claim/missing-obligation/sorry/stale-import/tampered-import controls. Boundary: Fixture obligations are manually chosen, not Anneal generated; lexical span correspondence not authenticated; no independent machine, general translator soundness, full dependency rebuild or upgraded cross-tool tuple.",anneal-3730-rust-charon-aeneas-lean-golden-vertical-2026-09-29/support/probe.py;anneal-3730-rust-charon-aeneas-lean-golden-vertical-2026-09-29/support/results.json;anneal-3730-rust-charon-aeneas-lean-golden-vertical-2026-09-29/support/work/base-cold/current.llbc;anneal-3730-rust-charon-aeneas-lean-golden-vertical-2026-09-29/support/work/mutated-clean/current.llbc,anneal-3730-cross-layer-comparator-mutants-2026-09-29,"Pinned Rust/Charon/Aeneas/Lean base, reorder, changed source and fresh rerun; rustc and fresh Lean oracles plus weaker, missing, sorry, stale, swapped-import and axiom/concrete-model comparator mutants. Boundary: Manually assembled small fixture on same host and pins; no Anneal generator, authenticated producer manifest, independent machine, full toolchain upgrade or translation soundness proof.",anneal-3730-cross-layer-comparator-mutants-2026-09-29/REPORT.md;anneal-3730-cross-layer-comparator-mutants-2026-09-29/support/results.json;anneal-3730-cross-layer-comparator-mutants-2026-09-29/support/comparison-manifest.json;anneal-3730-cross-layer-comparator-mutants-2026-09-29/support/probe.py;anneal-3730-cross-layer-comparator-mutants-2026-09-29/support/check.py,,,,,,,,,,,,,,,,,,,,,,anneal-3730-compatible-bundle-upgrade-golden-2026-09-29,"Two cached internally compatible Charon/Aeneas bundles, base/changed Rust, four full pipeline fresh Lean checks, negative controls and cross-pair LLBC rejection. Boundary: Small manual selected obligations on one macOS host; no Anneal generator, broad upgrade matrix, later-than-4.30 Lean or workaround deletion.",anneal-3730-compatible-bundle-upgrade-golden-2026-09-29/REPORT.md;anneal-3730-compatible-bundle-upgrade-golden-2026-09-29/support/results.json;anneal-3730-compatible-bundle-upgrade-golden-2026-09-29/support/check.py
I128,"P. Retention, filesystems, portability, and execution isolation",Untrusted source text versus tool authority,X/U,"Place synthetic misleading instructions in comments, generated text, diagnostics, and retrieved proof context. Test that agent tooling treats them as data, not authorization to edit another workspace, change trust policy, or execute unrelated actions. Evaluate both interface safeguards and agent interpretation.",lean-server-multi-workspace-isolation-v4-30-0-rc2;lake-readonly-relocation-offline-concurrency-v4-30-0-rc2;lean-lake-cross-platform-artifact-portability-v4-30-0-rc2,anneal-3730-trust-evidence-boundary-2026-09-29,anneal-3730-acceptance-oracle-matrix-2026-09-29,partial,"Two direct Lean runs: exact imported artifact/fresh proof, weak/admitted/axiom/wrong-import/missing-claim controls, killed consumer, benign tactic IO and fake-token redaction. Boundary: Synthetic Lean proposition and local LSP only; no Anneal obligation graph, human trial or independent kernel.",Independent worker trials and actual interface safeguards for untrusted retrieved proof/tool text.,,,,,,anneal-3730-cross-layer-comparator-mutants-2026-09-29,"Pinned Rust/Charon/Aeneas/Lean base, reorder, changed source and fresh rerun; rustc and fresh Lean oracles plus weaker, missing, sorry, stale, swapped-import and axiom/concrete-model comparator mutants. Boundary: Manually assembled small fixture on same host and pins; no Anneal generator, authenticated producer manifest, independent machine, full toolchain upgrade or translation soundness proof.",anneal-3730-cross-layer-comparator-mutants-2026-09-29/REPORT.md;anneal-3730-cross-layer-comparator-mutants-2026-09-29/support/results.json;anneal-3730-cross-layer-comparator-mutants-2026-09-29/support/comparison-manifest.json;anneal-3730-cross-layer-comparator-mutants-2026-09-29/support/probe.py;anneal-3730-cross-layer-comparator-mutants-2026-09-29/support/check.py,,,,,,,,,,,,,,,,,,,,,,,,
I129,"Q. Acceptance, oracles, and adversarial test methodology",Goal status versus verification status,X/U,"Distinguish no tactic at the cursor, no remaining local goals, incomplete elaboration, admitted declarations, checked obligations, and a covered Rust-level result. Test machine classifications and user/agent interpretation. Include stale model contexts so a locally solved goal cannot imply a current whole-program claim.",lean-batch-diagnostic-normalization-oracle-v4-30-0-rc2;anneal-v1-contract-mutation-adequacy-2026-09-28;anneal-3725-recommendation-coverage-audit-2026-09-28,anneal-3730-lean-protocol-import-deletion-v4-30-0-rc2;anneal-3730-lean-protocol-races-v4-30-0-rc2;anneal-3730-vertical-acceptance-v4-30-0-rc2,anneal-3730-acceptance-oracle-matrix-2026-09-29;anneal-3730-partial-elaboration-queries-v4-30-0-rc2,partial,"Two direct Lean runs: exact imported artifact/fresh proof, weak/admitted/axiom/wrong-import/missing-claim controls, killed consumer, benign tactic IO and fake-token redaction. Boundary: Synthetic Lean proposition and local LSP only; no Anneal obligation graph, human trial or independent kernel. | Direct Lean valid declarations around unfinished proof, unknown tactic, heartbeat timeout and recoverable syntax error; goal positions, diagnostics and batch failures. Boundary: No integrated Anneal status; nested/macros/EOF and stronger concurrency not tested. I046 requested direct-Lean fixture is satisfied.",Implement Anneal machine status with authenticated source/model/obligation identities and interrupted verification states; R12 manual weaker/missing/sorry/stale/import controls show Lean exit 0 is insufficient.,,,anneal-3730-rust-charon-aeneas-lean-golden-vertical-2026-09-29,"Pinned Cargo/Charon/Aeneas/Lean four-case three-function golden path with Rust behavior tests, cold/prepared/clean runs, manually checked cross-layer declarations, fresh Lean theorem/axiom oracle and wrong-claim/missing-obligation/sorry/stale-import/tampered-import controls. Boundary: Fixture obligations are manually chosen, not Anneal generated; lexical span correspondence not authenticated; no independent machine, general translator soundness, full dependency rebuild or upgraded cross-tool tuple.",anneal-3730-rust-charon-aeneas-lean-golden-vertical-2026-09-29/support/probe.py;anneal-3730-rust-charon-aeneas-lean-golden-vertical-2026-09-29/support/results.json;anneal-3730-rust-charon-aeneas-lean-golden-vertical-2026-09-29/support/work/base-cold/current.llbc;anneal-3730-rust-charon-aeneas-lean-golden-vertical-2026-09-29/support/work/mutated-clean/current.llbc,anneal-3730-cross-layer-comparator-mutants-2026-09-29,"Pinned Rust/Charon/Aeneas/Lean base, reorder, changed source and fresh rerun; rustc and fresh Lean oracles plus weaker, missing, sorry, stale, swapped-import and axiom/concrete-model comparator mutants. Boundary: Manually assembled small fixture on same host and pins; no Anneal generator, authenticated producer manifest, independent machine, full toolchain upgrade or translation soundness proof.",anneal-3730-cross-layer-comparator-mutants-2026-09-29/REPORT.md;anneal-3730-cross-layer-comparator-mutants-2026-09-29/support/results.json;anneal-3730-cross-layer-comparator-mutants-2026-09-29/support/comparison-manifest.json;anneal-3730-cross-layer-comparator-mutants-2026-09-29/support/probe.py;anneal-3730-cross-layer-comparator-mutants-2026-09-29/support/check.py,,,,,,,,,,,,,,,,,,,,,,,,
I130,"Q. Acceptance, oracles, and adversarial test methodology",Claim-relative trust and taint through reuse,S/X,"Change axioms, admissions, native evaluation, external models, and development-only options while reusing otherwise identical artifacts. Track the affected theorem and callers. Test that cached success does not drop assumptions or launder a tainted result when displayed through a different adapter.",lean-batch-diagnostic-normalization-oracle-v4-30-0-rc2;anneal-v1-contract-mutation-adequacy-2026-09-28;anneal-3725-recommendation-coverage-audit-2026-09-28,,anneal-3730-acceptance-oracle-matrix-2026-09-29,partial,"Two direct Lean runs: exact imported artifact/fresh proof, weak/admitted/axiom/wrong-import/missing-claim controls, killed consumer, benign tactic IO and fake-token redaction. Boundary: Synthetic Lean proposition and local LSP only; no Anneal obligation graph, human trial or independent kernel.",Propagate claim-relative axiom/admission/native/external-model taint through callers and reused artifacts; R12 distinguishes external axiom versus concrete model and sorryAx in selected proofs only.,,,anneal-3730-rust-charon-aeneas-lean-golden-vertical-2026-09-29,"Pinned Cargo/Charon/Aeneas/Lean four-case three-function golden path with Rust behavior tests, cold/prepared/clean runs, manually checked cross-layer declarations, fresh Lean theorem/axiom oracle and wrong-claim/missing-obligation/sorry/stale-import/tampered-import controls. Boundary: Fixture obligations are manually chosen, not Anneal generated; lexical span correspondence not authenticated; no independent machine, general translator soundness, full dependency rebuild or upgraded cross-tool tuple.",anneal-3730-rust-charon-aeneas-lean-golden-vertical-2026-09-29/support/probe.py;anneal-3730-rust-charon-aeneas-lean-golden-vertical-2026-09-29/support/results.json;anneal-3730-rust-charon-aeneas-lean-golden-vertical-2026-09-29/support/work/base-cold/current.llbc;anneal-3730-rust-charon-aeneas-lean-golden-vertical-2026-09-29/support/work/mutated-clean/current.llbc,anneal-3730-cross-layer-comparator-mutants-2026-09-29,"Pinned Rust/Charon/Aeneas/Lean base, reorder, changed source and fresh rerun; rustc and fresh Lean oracles plus weaker, missing, sorry, stale, swapped-import and axiom/concrete-model comparator mutants. Boundary: Manually assembled small fixture on same host and pins; no Anneal generator, authenticated producer manifest, independent machine, full toolchain upgrade or translation soundness proof.",anneal-3730-cross-layer-comparator-mutants-2026-09-29/REPORT.md;anneal-3730-cross-layer-comparator-mutants-2026-09-29/support/results.json;anneal-3730-cross-layer-comparator-mutants-2026-09-29/support/comparison-manifest.json;anneal-3730-cross-layer-comparator-mutants-2026-09-29/support/probe.py;anneal-3730-cross-layer-comparator-mutants-2026-09-29/support/check.py,,,,,,,,,,,,,,,,,,,,,,,,
I131,"Q. Acceptance, oracles, and adversarial test methodology",A genuinely independent batch oracle,S/X,Check exact captured proof bytes and intended imported artifacts in a fresh controlled process. Distinguish re-elaborating local source from importing previously compiled dependencies and from independent kernel rechecking. State which shared dependencies and translators remain trusted so the oracle is not described as stronger than it is.,lean-batch-diagnostic-normalization-oracle-v4-30-0-rc2;anneal-v1-contract-mutation-adequacy-2026-09-28;anneal-3725-recommendation-coverage-audit-2026-09-28,anneal-3730-vertical-acceptance-v4-30-0-rc2,anneal-3730-acceptance-oracle-matrix-2026-09-29,partial,"Two direct Lean runs: exact imported artifact/fresh proof, weak/admitted/axiom/wrong-import/missing-claim controls, killed consumer, benign tactic IO and fake-token redaction. Boundary: Synthetic Lean proposition and local LSP only; no Anneal obligation graph, human trial or independent kernel.",R44's fresh selected Lean checker passed under two compatible Charon/Aeneas bundles with one Lean pin; long-lived server equivalence under those bundle changes remains untested.,anneal-3730-lean-cross-version-equivalence-v4-29-v4-30-rc2-2026-09-29,"Cached Lean 4.29 and 4.30-rc2 tiny clean/prepared direct/Lake batch and three live launch modes; source-only and valid OLean-only mutation, theorem/axiom/goal diagnostics and file hashes. Boundary: Within-version small fixture only; batch/live select different artifact generations after mutations; not a compatible newer release or cross-version binary migration.",anneal-3730-rust-charon-aeneas-lean-golden-vertical-2026-09-29,"Pinned Cargo/Charon/Aeneas/Lean four-case three-function golden path with Rust behavior tests, cold/prepared/clean runs, manually checked cross-layer declarations, fresh Lean theorem/axiom oracle and wrong-claim/missing-obligation/sorry/stale-import/tampered-import controls. Boundary: Fixture obligations are manually chosen, not Anneal generated; lexical span correspondence not authenticated; no independent machine, general translator soundness, full dependency rebuild or upgraded cross-tool tuple.",anneal-3730-rust-charon-aeneas-lean-golden-vertical-2026-09-29/support/probe.py;anneal-3730-rust-charon-aeneas-lean-golden-vertical-2026-09-29/support/results.json;anneal-3730-rust-charon-aeneas-lean-golden-vertical-2026-09-29/support/work/base-cold/current.llbc;anneal-3730-rust-charon-aeneas-lean-golden-vertical-2026-09-29/support/work/mutated-clean/current.llbc,anneal-3730-cross-layer-comparator-mutants-2026-09-29,"Pinned Rust/Charon/Aeneas/Lean base, reorder, changed source and fresh rerun; rustc and fresh Lean oracles plus weaker, missing, sorry, stale, swapped-import and axiom/concrete-model comparator mutants. Boundary: Manually assembled small fixture on same host and pins; no Anneal generator, authenticated producer manifest, independent machine, full toolchain upgrade or translation soundness proof.",anneal-3730-cross-layer-comparator-mutants-2026-09-29/REPORT.md;anneal-3730-cross-layer-comparator-mutants-2026-09-29/support/results.json;anneal-3730-cross-layer-comparator-mutants-2026-09-29/support/comparison-manifest.json;anneal-3730-cross-layer-comparator-mutants-2026-09-29/support/probe.py;anneal-3730-cross-layer-comparator-mutants-2026-09-29/support/check.py,,,,,,,,,,,,,,,,,,,,,,anneal-3730-compatible-bundle-upgrade-golden-2026-09-29,"Two cached internally compatible Charon/Aeneas bundles, base/changed Rust, four full pipeline fresh Lean checks, negative controls and cross-pair LLBC rejection. Boundary: Small manual selected obligations on one macOS host; no Anneal generator, broad upgrade matrix, later-than-4.30 Lean or workaround deletion.",anneal-3730-compatible-bundle-upgrade-golden-2026-09-29/REPORT.md;anneal-3730-compatible-bundle-upgrade-golden-2026-09-29/support/results.json;anneal-3730-compatible-bundle-upgrade-golden-2026-09-29/support/check.py
I132,"Q. Acceptance, oracles, and adversarial test methodology",Semantic and diagnostic comparator calibration,M/X,"Define separate comparisons for text, declaration identity, proposition, assumptions, obligations, and diagnostic classes. Insert changes each comparator must detect, including a weaker theorem with the same proof status. Retain raw evidence; normalization must not erase the discrepancy under investigation.",lean-batch-diagnostic-normalization-oracle-v4-30-0-rc2;anneal-v1-contract-mutation-adequacy-2026-09-28;anneal-3725-recommendation-coverage-audit-2026-09-28,anneal-3730-vertical-acceptance-v4-30-0-rc2,anneal-3730-acceptance-oracle-matrix-2026-09-29,partial,"Two direct Lean runs: exact imported artifact/fresh proof, weak/admitted/axiom/wrong-import/missing-claim controls, killed consumer, benign tactic IO and fake-token redaction. Boundary: Synthetic Lean proposition and local LSP only; no Anneal obligation graph, human trial or independent kernel.","R44 used fresh batch Lean after paired translator changes; matched live server, cache-seeded and dirty-workspace parity for those four cross-version cases remains untested.",anneal-3730-lean-cross-version-equivalence-v4-29-v4-30-rc2-2026-09-29,"Cached Lean 4.29 and 4.30-rc2 tiny clean/prepared direct/Lake batch and three live launch modes; source-only and valid OLean-only mutation, theorem/axiom/goal diagnostics and file hashes. Boundary: Within-version small fixture only; batch/live select different artifact generations after mutations; not a compatible newer release or cross-version binary migration.",anneal-3730-rust-charon-aeneas-lean-golden-vertical-2026-09-29,"Pinned Cargo/Charon/Aeneas/Lean four-case three-function golden path with Rust behavior tests, cold/prepared/clean runs, manually checked cross-layer declarations, fresh Lean theorem/axiom oracle and wrong-claim/missing-obligation/sorry/stale-import/tampered-import controls. Boundary: Fixture obligations are manually chosen, not Anneal generated; lexical span correspondence not authenticated; no independent machine, general translator soundness, full dependency rebuild or upgraded cross-tool tuple.",anneal-3730-rust-charon-aeneas-lean-golden-vertical-2026-09-29/support/probe.py;anneal-3730-rust-charon-aeneas-lean-golden-vertical-2026-09-29/support/results.json;anneal-3730-rust-charon-aeneas-lean-golden-vertical-2026-09-29/support/work/base-cold/current.llbc;anneal-3730-rust-charon-aeneas-lean-golden-vertical-2026-09-29/support/work/mutated-clean/current.llbc,anneal-3730-cross-layer-comparator-mutants-2026-09-29,"Pinned Rust/Charon/Aeneas/Lean base, reorder, changed source and fresh rerun; rustc and fresh Lean oracles plus weaker, missing, sorry, stale, swapped-import and axiom/concrete-model comparator mutants. Boundary: Manually assembled small fixture on same host and pins; no Anneal generator, authenticated producer manifest, independent machine, full toolchain upgrade or translation soundness proof.",anneal-3730-cross-layer-comparator-mutants-2026-09-29/REPORT.md;anneal-3730-cross-layer-comparator-mutants-2026-09-29/support/results.json;anneal-3730-cross-layer-comparator-mutants-2026-09-29/support/comparison-manifest.json;anneal-3730-cross-layer-comparator-mutants-2026-09-29/support/probe.py;anneal-3730-cross-layer-comparator-mutants-2026-09-29/support/check.py,,,,,,,,,,,,,,,,,,,,,,anneal-3730-compatible-bundle-upgrade-golden-2026-09-29,"Two cached internally compatible Charon/Aeneas bundles, base/changed Rust, four full pipeline fresh Lean checks, negative controls and cross-pair LLBC rejection. Boundary: Small manual selected obligations on one macOS host; no Anneal generator, broad upgrade matrix, later-than-4.30 Lean or workaround deletion.",anneal-3730-compatible-bundle-upgrade-golden-2026-09-29/REPORT.md;anneal-3730-compatible-bundle-upgrade-golden-2026-09-29/support/results.json;anneal-3730-compatible-bundle-upgrade-golden-2026-09-29/support/check.py
I133,"Q. Acceptance, oracles, and adversarial test methodology",Fault-injection state-machine harness,M/X,"Model the engine with controllable fake stages and enumerate bounded schedules of edits, publications, failures, cancellation, and restarts. Check explicit invariants and save minimal counterexamples. Replay selected schedules against real tools; a passing model alone does not establish implementation conformance.",lean-batch-diagnostic-normalization-oracle-v4-30-0-rc2;anneal-v1-contract-mutation-adequacy-2026-09-28;anneal-3725-recommendation-coverage-audit-2026-09-28,anneal-3730-fault-model-2026-09-29,,partial,,Broader model schedules plus replay against a real engine rather than only a fake subprocess adapter.,,,,,,,,,,,,,,,,,,,,,,,,,,,,,,,,
I134,"Q. Acceptance, oracles, and adversarial test methodology",Real concurrency transcripts with causal barriers,X,"Use controllable handshakes or instrumentation to place edits and rebuilds inside actual in-flight requests. Preserve ordering evidence and request/worker identities. Separate deterministic sequential demonstrations from genuine races, then repeat and minimize failures rather than relying only on nondeterministic sleeps.",lean-batch-diagnostic-normalization-oracle-v4-30-0-rc2;anneal-v1-contract-mutation-adequacy-2026-09-28;anneal-3725-recommendation-coverage-audit-2026-09-28,anneal-3730-fault-model-2026-09-29;anneal-3730-lean-protocol-races-v4-30-0-rc2,anneal-3730-acceptance-oracle-matrix-2026-09-29,partial,"Two direct Lean runs: exact imported artifact/fresh proof, weak/admitted/axiom/wrong-import/missing-claim controls, killed consumer, benign tactic IO and fake-token redaction. Boundary: Synthetic Lean proposition and local LSP only; no Anneal obligation graph, human trial or independent kernel.",R25 supplied sequential model identity cutoff; R26 supplied a two-process candidate barrier and one stale loser. Still exercise real Anneal request/worker IDs through in-flight cross-tool rebuild/editor interleavings and late completion.,,,,,,,,,anneal-3730-cross-tool-stage-cancellation-cleanup-2026-09-29,"Eight sequential private process-group stop/kill/retry trials across Cargo, Charon, Aeneas, Lake and Lean, including delayed Cargo/Charon/Lake child snapshots; a separate synthetic generation fence rejected eight late result digests. Boundary: Independent CLI fixtures, launch-boundary stops for Aeneas/Lean, 80-ms delayed controls rather than phase barriers, no Anneal scheduler, escaped daemon or integrated pipeline.",anneal-3730-cross-tool-stage-cancellation-cleanup-2026-09-29/REPORT.md;anneal-3730-cross-tool-stage-cancellation-cleanup-2026-09-29/support/results.json;anneal-3730-cross-tool-stage-cancellation-cleanup-2026-09-29/support/fence-results.json;anneal-3730-cross-tool-stage-cancellation-cleanup-2026-09-29/support/artifacts/charon-app.llbc;anneal-3730-cross-tool-stage-cancellation-cleanup-2026-09-29/support/artifacts/lake-Probe.olean;anneal-3730-cross-tool-stage-cancellation-cleanup-2026-09-29/support/probe.py;anneal-3730-cross-tool-stage-cancellation-cleanup-2026-09-29/support/fence_oracle.py;anneal-3730-cross-tool-stage-cancellation-cleanup-2026-09-29/support/verify.py,anneal-3730-cross-tool-active-cancellation-barriers-2026-09-29,"Active FIFO output barriers stopped Charon and Aeneas with parseable/incomplete output sets; Lean run_tac blocked a Lake child after module A; process-group SIGKILL and private retry/fresh Lean oracle passed. A real old Aeneas CLI completed before an experiment-side late wrapper rejected generation 1 after generation 2 advanced. Boundary: Selected CLI phases/private roots and experiment-side authority, not Anneal scheduler; no general orphan proof, same-process API, every stage phase or transactional publication.",anneal-3730-cross-tool-active-cancellation-barriers-2026-09-29/REPORT.md;anneal-3730-cross-tool-active-cancellation-barriers-2026-09-29/support/results.json;anneal-3730-cross-tool-active-cancellation-barriers-2026-09-29/support/work/charon/base.llbc;anneal-3730-cross-tool-active-cancellation-barriers-2026-09-29/support/work/charon/base.llbc.postcard;anneal-3730-cross-tool-active-cancellation-barriers-2026-09-29/support/work/aeneas-cancel/Types.lean;anneal-3730-cross-tool-active-cancellation-barriers-2026-09-29/support/work/lake/.lake/build/lib/lean/Cancel/A.olean;anneal-3730-cross-tool-active-cancellation-barriers-2026-09-29/support/probe.py;anneal-3730-cross-tool-active-cancellation-barriers-2026-09-29/support/check.py,anneal-3730-cli-graceful-cancel-signals-2026-09-29,"Seven active-gate CLI cases compared SIGINT/SIGTERM first signals with SIGKILL at Charon partial JSON/Postcard, Aeneas Types/Funs and Lake Lean run_tac barriers; process-group, pipe/lsof, selected advisory flock, same-directory retry and fresh Charon/Lean consumer outcomes recorded. A deliberately SIGINT-ignoring supervisor exercised bounded escalation. Boundary: Selected CLI phases and immediate process-group snapshots only; advisory flock probe does not exclude other locks/orphans, synthetic supervisor does not describe ordinary Aeneas SIGINT, no Anneal scheduler or transactional publication.",anneal-3730-cli-graceful-cancel-signals-2026-09-29/REPORT.md;anneal-3730-cli-graceful-cancel-signals-2026-09-29/support/results.json.gz;anneal-3730-cli-graceful-cancel-signals-2026-09-29/support/work/charon-graceful/input.llbc;anneal-3730-cli-graceful-cancel-signals-2026-09-29/support/work/aeneas-graceful/Types.lean;anneal-3730-cli-graceful-cancel-signals-2026-09-29/support/probe.py;anneal-3730-cli-graceful-cancel-signals-2026-09-29/support/check.py;anneal-3730-cli-graceful-cancel-signals-2026-09-29/support/ignore_int_supervisor.py,,,,anneal-3730-last-good-model-signature-recovery-2026-09-29;anneal-3730-scratch-tactic-concurrency-crash-2026-09-29,"Pinned Charon→one-shot Aeneas→Lean source A (U32 add 1), failed changed-signature Rust (U64 add 2 with syntax error), and valid recovery B (U64 add 2): old LLBC retained at stable path; A proof passes provisionally, old U32 proof fails against B, adapted U64 proof passes; a late A exit-0 result is rejected by experiment-side model identity. Boundary: Sequential tiny saved-source components and experiment-side freshness policy; no Anneal scheduler/UI, unsaved overlay, live goal query, human comprehension, or in-flight race. | Two separate pinned-Lean-backed local candidate processes crossed a barrier and raced a file-lock CAS: one immutable generation published, one stale loser. Four os._exit boundaries before/after candidate check, complete generation and CURRENT pointer replacement recovered via manifest/file hashes and fresh batch; mutation controls and reader-pinned old generation passed. Boundary: Local Python prototype with one theorem/import; no Anneal service, full proposition/axiom oracle, distributed transaction, actual worker restart, power loss, GC leases or cross-tool race.",anneal-3730-last-good-model-signature-recovery-2026-09-29/REPORT.md;anneal-3730-last-good-model-signature-recovery-2026-09-29/support/results.json;anneal-3730-last-good-model-signature-recovery-2026-09-29/support/work/current.llbc;anneal-3730-last-good-model-signature-recovery-2026-09-29/support/work/recovery.llbc;anneal-3730-last-good-model-signature-recovery-2026-09-29/support/probe.py;anneal-3730-last-good-model-signature-recovery-2026-09-29/support/check.py;anneal-3730-scratch-tactic-concurrency-crash-2026-09-29/REPORT.md;anneal-3730-scratch-tactic-concurrency-crash-2026-09-29/support/results.json;anneal-3730-scratch-tactic-concurrency-crash-2026-09-29/support/artifacts/orphan-MANIFEST.json;anneal-3730-scratch-tactic-concurrency-crash-2026-09-29/support/artifacts/final-MANIFEST.json;anneal-3730-scratch-tactic-concurrency-crash-2026-09-29/support/artifacts/final-Proof.lean;anneal-3730-scratch-tactic-concurrency-crash-2026-09-29/support/probe.py;anneal-3730-scratch-tactic-concurrency-crash-2026-09-29/support/verify.py,,,,,,,,,
I135,"Q. Acceptance, oracles, and adversarial test methodology",Interaction matrix and negative controls,X,"Cover pairwise combinations of source changes, import changes, cache states, launch modes, and lifecycle events, adding higher-order cases suggested by failures. Seed stale outputs, missing obligations, wrong subjects, and changed assumptions. Verify the harness detects them before trusting green runs.",lean-batch-diagnostic-normalization-oracle-v4-30-0-rc2;anneal-v1-contract-mutation-adequacy-2026-09-28;anneal-3725-recommendation-coverage-audit-2026-09-28,anneal-3730-fault-model-2026-09-29,anneal-3730-acceptance-oracle-matrix-2026-09-29,partial,"Two direct Lean runs: exact imported artifact/fresh proof, weak/admitted/axiom/wrong-import/missing-claim controls, killed consumer, benign tactic IO and fake-token redaction. Boundary: Synthetic Lean proposition and local LSP only; no Anneal obligation graph, human trial or independent kernel.",R44 checked selected proof/axiom outputs over two paired bundles; no independent proof of translation soundness or exhaustive obligation/assumption manifest follows.,anneal-3730-lean-cross-version-equivalence-v4-29-v4-30-rc2-2026-09-29,"Cached Lean 4.29 and 4.30-rc2 tiny clean/prepared direct/Lake batch and three live launch modes; source-only and valid OLean-only mutation, theorem/axiom/goal diagnostics and file hashes. Boundary: Within-version small fixture only; batch/live select different artifact generations after mutations; not a compatible newer release or cross-version binary migration.",anneal-3730-rust-charon-aeneas-lean-golden-vertical-2026-09-29,"Pinned Cargo/Charon/Aeneas/Lean four-case three-function golden path with Rust behavior tests, cold/prepared/clean runs, manually checked cross-layer declarations, fresh Lean theorem/axiom oracle and wrong-claim/missing-obligation/sorry/stale-import/tampered-import controls. Boundary: Fixture obligations are manually chosen, not Anneal generated; lexical span correspondence not authenticated; no independent machine, general translator soundness, full dependency rebuild or upgraded cross-tool tuple.",anneal-3730-rust-charon-aeneas-lean-golden-vertical-2026-09-29/support/probe.py;anneal-3730-rust-charon-aeneas-lean-golden-vertical-2026-09-29/support/results.json;anneal-3730-rust-charon-aeneas-lean-golden-vertical-2026-09-29/support/work/base-cold/current.llbc;anneal-3730-rust-charon-aeneas-lean-golden-vertical-2026-09-29/support/work/mutated-clean/current.llbc,anneal-3730-cross-layer-comparator-mutants-2026-09-29,"Pinned Rust/Charon/Aeneas/Lean base, reorder, changed source and fresh rerun; rustc and fresh Lean oracles plus weaker, missing, sorry, stale, swapped-import and axiom/concrete-model comparator mutants. Boundary: Manually assembled small fixture on same host and pins; no Anneal generator, authenticated producer manifest, independent machine, full toolchain upgrade or translation soundness proof.",anneal-3730-cross-layer-comparator-mutants-2026-09-29/REPORT.md;anneal-3730-cross-layer-comparator-mutants-2026-09-29/support/results.json;anneal-3730-cross-layer-comparator-mutants-2026-09-29/support/comparison-manifest.json;anneal-3730-cross-layer-comparator-mutants-2026-09-29/support/probe.py;anneal-3730-cross-layer-comparator-mutants-2026-09-29/support/check.py,,,,,,,,,,,,,,,,,,,,,,anneal-3730-compatible-bundle-upgrade-golden-2026-09-29,"Two cached internally compatible Charon/Aeneas bundles, base/changed Rust, four full pipeline fresh Lean checks, negative controls and cross-pair LLBC rejection. Boundary: Small manual selected obligations on one macOS host; no Anneal generator, broad upgrade matrix, later-than-4.30 Lean or workaround deletion.",anneal-3730-compatible-bundle-upgrade-golden-2026-09-29/REPORT.md;anneal-3730-compatible-bundle-upgrade-golden-2026-09-29/support/results.json;anneal-3730-compatible-bundle-upgrade-golden-2026-09-29/support/check.py
I136,"Q. Acceptance, oracles, and adversarial test methodology",Independent reproduction and cross-version boundaries,S/X,"Reproduce the highest-consequence findings with an independent environment/operator and exact pins, then compare deliberately selected compatible toolchain upgrades. Classify fixes, regressions, unsupported tuples, and untested cells separately. Preserve old findings about old subjects rather than marking them obsolete because a new version differs.",lean-batch-diagnostic-normalization-oracle-v4-30-0-rc2;anneal-v1-contract-mutation-adequacy-2026-09-28;anneal-3725-recommendation-coverage-audit-2026-09-28,,anneal-3730-independent-vertical-reproduction-2026-09-29,partial,Second worker wrote a new driver and reran A/F/B live/batch/gated-late controls; 33/33 exact comparison fields matched. Boundary: Same host/toolchain and prior source exposure; no independent machine/operator blind study or compatible-upgrade matrix.,Reproduce on an independent machine/operator and selected compatible upgraded cross-tool tuple; the new separate clean Cargo target is on the same host and same pins.,anneal-3730-lean-cross-version-equivalence-v4-29-v4-30-rc2-2026-09-29,"Cached Lean 4.29 and 4.30-rc2 tiny clean/prepared direct/Lake batch and three live launch modes; source-only and valid OLean-only mutation, theorem/axiom/goal diagnostics and file hashes. Boundary: Within-version small fixture only; batch/live select different artifact generations after mutations; not a compatible newer release or cross-version binary migration.",anneal-3730-rust-charon-aeneas-lean-golden-vertical-2026-09-29,"Pinned Cargo/Charon/Aeneas/Lean four-case three-function golden path with Rust behavior tests, cold/prepared/clean runs, manually checked cross-layer declarations, fresh Lean theorem/axiom oracle and wrong-claim/missing-obligation/sorry/stale-import/tampered-import controls. Boundary: Fixture obligations are manually chosen, not Anneal generated; lexical span correspondence not authenticated; no independent machine, general translator soundness, full dependency rebuild or upgraded cross-tool tuple.",anneal-3730-rust-charon-aeneas-lean-golden-vertical-2026-09-29/support/probe.py;anneal-3730-rust-charon-aeneas-lean-golden-vertical-2026-09-29/support/results.json;anneal-3730-rust-charon-aeneas-lean-golden-vertical-2026-09-29/support/work/base-cold/current.llbc;anneal-3730-rust-charon-aeneas-lean-golden-vertical-2026-09-29/support/work/mutated-clean/current.llbc,,,,,,,,,,,,,,,,,,,,,,,,,,,
I137,"R. Integrated prototypes, usability, and staged decisions",Minimal embedded-proof vertical slice,X,"Build one disposable prototype that opens an unsaved Lean annotation, projects it, queries goals, applies a version-checked edit, and checks the captured result in batch. Use a prepared generated model and retain all context identities. This tests the scaffolding seam without requiring interactive Charon or Aeneas.",lsp-proof-assistant-architecture-2026-09-27;anneal-v1-end-to-end-pipeline-41f5b37;anneal-3725-recommendation-coverage-audit-2026-09-28,anneal-3730-vertical-acceptance-v4-30-0-rc2,,partial,,"Real Rust-hosted annotation with parser, projection, prepared model, exact live query/edit, and batch check.",,,,,,,,,,,,,,,,,,,,,,,,,,,,,,,,
I138,"R. Integrated prototypes, usability, and staged decisions",Full model-change vertical slice,X,"Extend the prototype with a Rust edit that changes the generated model, including a failing intermediate generation and a late obsolete result. Query before/during/after publication and compare fresh checks. Require explicit old/new/provisional states and no accidental mixture of source or imports.",lsp-proof-assistant-architecture-2026-09-27;anneal-v1-end-to-end-pipeline-41f5b37;anneal-3725-recommendation-coverage-audit-2026-09-28,anneal-3730-vertical-acceptance-v4-30-0-rc2,,partial,,Real Charon/Aeneas model-change sequence with pending/failing/late generations and before/during/after queries.,,,,,,,,,,,,,,,,,,,,,,,,,,,,,,,,
I139,"R. Integrated prototypes, usability, and staged decisions",Real parallel-test acceptance scenario,X,"Run isolated generated projects against the actual shared read-only toolchain, with model edits, scratch trials, forced restarts, and cleanup. Combine the disk inventory and concurrency sweep. Define acceptable bounds from measurements and host budgets, not a promise of zero overhead or a fixed universal worker count.",lsp-proof-assistant-architecture-2026-09-27;anneal-v1-end-to-end-pipeline-41f5b37;anneal-3725-recommendation-coverage-audit-2026-09-28,,anneal-3730-resource-economics-2026-09-29,partial,"Guarded two-Lake-consumer cold/warm run and two-server four-edit sentinel, sampled RSS/phys_footprint/disk with clean shutdown. Boundary: Tiny fixtures, no Anneal generated project, Mathlib, high-worker sweep, long soak, PSS or peak-between-polls proof.","R38 admitted four independent tiny Lean servers, isolated one malformed buffer, killed/restarted one peer and verified the other peers; eight was denied by admission. Actual parallel Anneal generated-project tests with shared imports, model edit, scratch publication, cancellation, restart and budget/fence enforcement remain unrun.",,,anneal-3730-resource-soak-contamination-2026-09-29,"Direct Lean 4.30-rc2 single-server 1/2/4 tiny file-worker guarded sweep, 25 exact-goal/diagnostic sentinels, 3 edits per cell, tree RSS/footprint, scratch bytes, latency and cleanup transcript. Boundary: 7.87-second tiny import graph; sampled summed RSS is not unique physical memory; no Mathlib-sized jobs, several servers, sustained leak result, full Anneal/MCP topology or cross-workspace conflicts.",anneal-3730-resource-soak-contamination-2026-09-29/support/probe.py;anneal-3730-resource-soak-contamination-2026-09-29/support/check.py;anneal-3730-resource-soak-contamination-2026-09-29/transcript.json,anneal-3730-lean-server-soak-context-rpc-2026-09-29,"Direct pinned Lean server handled 24 edits, four close/reopens, restarts, wrong-import sentinel, rich info reference dereference/release and client timeout; sampled processes, RSS and footprint. Boundary: Tiny direct Lean 15-second run; no Anneal broker, Mathlib scale, hours-long leak inference, unique tree memory or proof of cancellation.",anneal-3730-lean-server-soak-context-rpc-2026-09-29/REPORT.md;anneal-3730-lean-server-soak-context-rpc-2026-09-29/support/transcript.json;anneal-3730-lean-server-soak-context-rpc-2026-09-29/support/work/A/Proof.lean;anneal-3730-lean-server-soak-context-rpc-2026-09-29/support/work/B/Proof.lean;anneal-3730-lean-server-soak-context-rpc-2026-09-29/support/probe.py;anneal-3730-lean-server-soak-context-rpc-2026-09-29/support/check.py,,,,,,,,,,,,,,,,,,,anneal-3730-lean-pool-failure-isolation-2026-09-29,"Four independent pinned direct Lean LSP process groups opened tiny goals. One malformed unsaved buffer produced a local diagnostic while peers stayed clean; a second group's request was cancelled on the wire and its process group SIGKILLed, then a fresh server reopened saved proof while two peers remained responsive. Experiment-side epoch/version/hash model rejected an old candidate; eight-worker cell was denied by admission. Boundary: Cancellation delivery was not acknowledged/processed before kill; stale fencing was a model, not a late Lean reply or Anneal scheduler; no admitted eight-worker, shared-import or generated-project fault run.",anneal-3730-lean-pool-failure-isolation-2026-09-29/REPORT.md;anneal-3730-lean-pool-failure-isolation-2026-09-29/support/transcript.json;anneal-3730-lean-pool-failure-isolation-2026-09-29/support/probe.py;anneal-3730-lean-pool-failure-isolation-2026-09-29/support/verify.py,,,
I140,"R. Integrated prototypes, usability, and staged decisions",Agent proof-edit correctness and maintenance,X/U,"Give controlled authoring and repair tasks with known contracts and allowed assumptions. Compare exact goal/context access with simpler batch feedback under matched budgets. Score intended-statement preservation, stale-query errors, conflicts, intervention, and resource use—not just accepted Lean or tool-call count.",lsp-proof-assistant-architecture-2026-09-27;anneal-v1-end-to-end-pipeline-41f5b37;anneal-3725-recommendation-coverage-audit-2026-09-28,anneal-3730-agent-workflow-evaluation-v4-30-0-rc2;anneal-3730-vertical-acceptance-v4-30-0-rc2,,partial,,"Multiple controlled agent tasks with counterbalanced feedback order, matched cognitive budgets, and broader contracts.",,,,,,,,,,,,,,,,,,,,,,,,,,,,,,,,
I141,"R. Integrated prototypes, usability, and staged decisions",Human understanding of freshness and failure,X/U,"Evaluate presentation of stale models, pending imports, cancelled work, unsupported translation, approximate locations, and expired goal handles. Test whether readers choose the intended subject and a sound repair. Improve the interface without weakening result semantics or forcing ordinary Rust users into generated Lean internals.",lsp-proof-assistant-architecture-2026-09-27;anneal-v1-end-to-end-pipeline-41f5b37;anneal-3725-recommendation-coverage-audit-2026-09-28,anneal-3730-agent-workflow-evaluation-v4-30-0-rc2,,conditional,,"The validated study protocol has eight keyed scenarios and balanced empty assignments, but no rendered/frozen Anneal UI, consenting participants or outcome data; execute the human trial before classifying comprehension.",,,anneal-3730-human-freshness-study-protocol-2026-09-29,"Validated eight-scenario, two-presentation human-study protocol, neutral prompt, balanced 32 empty participant slots, consent and analysis forms. Boundary: Protocol only: zero participants, zero outcome rows, no frozen or rendered Anneal UI. Human-understanding claim remains conditional and unmeasured.",anneal-3730-human-freshness-study-protocol-2026-09-29/support/stimuli.json;anneal-3730-human-freshness-study-protocol-2026-09-29/support/assignments.csv;anneal-3730-human-freshness-study-protocol-2026-09-29/support/check.py,,,,,,,,,,,,,,,,,,,,,,,,,,,
I142,"R. Integrated prototypes, usability, and staged decisions",Measured adoption gates for optional optimizations,S/X,"Use prior results to compare subprocess reuse, finer-grained invalidation, incremental projection, shared brokers, and historical snapshot retention with their simpler baselines. Record benefits, added invariants, and failure cases. Reject or defer optimizations whose complexity is not justified by measured workloads.",lsp-proof-assistant-architecture-2026-09-27;anneal-v1-end-to-end-pipeline-41f5b37;anneal-3725-recommendation-coverage-audit-2026-09-28,,anneal-3730-architecture-contracts-2026-09-29,partial,"Pinned architecture precedent/source comparison and three runnable toy process topologies with failure, restart and collision controls. Boundary: Toy hash-and-sleep backend; not matched real Charon/Aeneas/Lean cost, upstream patch, or adopted design.","M06 adds a small Lake replay/rebuild trace but no matched real-workload adoption economics for reuse, fine invalidation, projection, broker and history; no workaround was selected for deletion.",,,,,,,,,,,,,,,,,,,,,,,,,,,,,,anneal-3730-m06-generated-lake-source-order-trace-2026-09-29,"Nine sequential Lake builds of real Aeneas-generated small modules: no-write/mtime replay; byte-different source comments rebuild affected modules; restore returns hashes. Boundary: Path and span comments changed together; no general key/normalization proof, realistic workload economics or selected workaround deletion.",anneal-3730-m06-generated-lake-source-order-trace-2026-09-29/REPORT.md;anneal-3730-m06-generated-lake-source-order-trace-2026-09-29/support/results.json;anneal-3730-m06-generated-lake-source-order-trace-2026-09-29/support/check.py
I143,"R. Integrated prototypes, usability, and staged decisions","Remote and durable execution, only if needed",S/X,"Test a small versioned proof job across an isolated remote/local boundary, including retries, authentication, cancellation, artifact identity, and result validation. Determine which local contracts already suffice. Do not introduce distributed orchestration or persistent sessions unless an actual workflow justifies them.",lsp-proof-assistant-architecture-2026-09-27;anneal-v1-end-to-end-pipeline-41f5b37;anneal-3725-recommendation-coverage-audit-2026-09-28,,,conditional,,Remote durable job is conditional on an actual measured local workflow need; no remote deployment justified by this corpus.,,,,,,,,,,,,,,,,,,,,,,,,,,,,,,,,
I144,"R. Integrated prototypes, usability, and staged decisions",Decision and regression synthesis,S,"For each tested hypothesis, record supporting evidence, counterexamples, untested stronger claims, chosen fallback, and the smallest regression probe. Identify the v2 interfaces that must change now versus later options. Keep factual reports in `reference` and adopted design in its proper authority; this synthesis must not silently adopt every prototype.",lsp-proof-assistant-architecture-2026-09-27;anneal-v1-end-to-end-pipeline-41f5b37;anneal-3725-recommendation-coverage-audit-2026-09-28,anneal-3730-vertical-acceptance-v4-30-0-rc2,anneal-3730-acceptance-oracle-matrix-2026-09-29;anneal-3730-architecture-contracts-2026-09-29,partial,"Two direct Lean runs: exact imported artifact/fresh proof, weak/admitted/axiom/wrong-import/missing-claim controls, killed consumer, benign tactic IO and fake-token redaction. Boundary: Synthetic Lean proposition and local LSP only; no Anneal obligation graph, human trial or independent kernel. | Pinned architecture precedent/source comparison and three runnable toy process topologies with failure, restart and collision controls. Boundary: Toy hash-and-sleep backend; not matched real Charon/Aeneas/Lean cost, upstream patch, or adopted design.","After remaining real integration/workload evidence, synthesize explicit v2 interface choices and smallest regression probes; new decision ledgers do not adopt a design.",,,,,,,,,,,,,,,,,,,,,,,,,,,,,,,,
I145,Scope extensions,Minimum cross-layer identity by ablation,S/M/X,"Prototype an identity tuple containing Cargo subject, exact source snapshot, Charon tool/configuration, LLBC digest, Aeneas tool/configuration, generated-tree digest, prepared Lake environment, import traces/hashes, projected URI/version/hash, server generation, file-worker incarnation, and RPC-session incarnation. Remove one dimension at a time and seek a counterexample. Keep locators constant while changing payloads at every stage; compare A→B→A, byte-identical output from different upstream histories, semantically equivalent but byte-different output, and unchanged proof text with changed imports. Distinguish monotonic causality from reusable content identity. Test a thin-adapter response envelope carrying workspace/generation, source/projected positions, current/stale status, actual environment, goal/diagnostic payload, and separately optional verification status.",anneal-interactive-pipeline-invalidation-graph-main-41f5b37;lean-server-tactic-state-v4-30-0-rc2;anneal-v1-interactive-dependency-invalidation-2026-09-28,anneal-3730-snapshot-capture-jobs-2026-09-29,,partial,,R25 showed an old A proof exit 0 after B publication would be stale under explicit model identity. Still perform full cross-layer identity ablation through actual Cargo→Charon→Aeneas→Lake→Lean→MCP responses and product freshness routing.,anneal-3730-identity-state-mutation-model-2026-09-29,"Finite 2,710-state/11,060-transition identity model and six two-writer schedules; A-B-A, version reset, alias, worker/RPC replacement and source/artifact decoupling; four forced Python writer runs. Boundary: Symbolic and Python model only; no Anneal, Cargo, Lean, filesystem watcher or actual MCP client.",,,,,,,,,,,,,,,,,,,anneal-3730-last-good-model-signature-recovery-2026-09-29,"Pinned Charon→one-shot Aeneas→Lean source A (U32 add 1), failed changed-signature Rust (U64 add 2 with syntax error), and valid recovery B (U64 add 2): old LLBC retained at stable path; A proof passes provisionally, old U32 proof fails against B, adapted U64 proof passes; a late A exit-0 result is rejected by experiment-side model identity. Boundary: Sequential tiny saved-source components and experiment-side freshness policy; no Anneal scheduler/UI, unsaved overlay, live goal query, human comprehension, or in-flight race.",anneal-3730-last-good-model-signature-recovery-2026-09-29/REPORT.md;anneal-3730-last-good-model-signature-recovery-2026-09-29/support/results.json;anneal-3730-last-good-model-signature-recovery-2026-09-29/support/work/current.llbc;anneal-3730-last-good-model-signature-recovery-2026-09-29/support/work/recovery.llbc;anneal-3730-last-good-model-signature-recovery-2026-09-29/support/probe.py;anneal-3730-last-good-model-signature-recovery-2026-09-29/support/check.py,,,,,,,,,
I146,Scope extensions,Retention versus recomputation economics,X,"Compare retaining source only; source plus projection; generated Lean; workspace-local Lake state; compiled generated modules; and live workers. Sweep 1/2/4/8/16 retained generations within host budgets. Measure disk, memory, reconstruction latency, and correctness of historical goals against old imports. Compare retained worker, reconstructed projection, fresh worker over retained artifacts, and refusal. Determine when a revision handle should expire rather than implying durable historical-query support.",lean-server-memory-and-protocol-concurrency-v4-30-0-rc2;anneal-v1-integration-test-disk-amplification-f98458e;lean-generated-file-interactive-workflows-v4-30-0-rc2,anneal-3730-retention-economics-v4-30-0-rc2,anneal-3730-resource-economics-2026-09-29,partial,"Guarded two-Lake-consumer cold/warm run and two-server four-edit sentinel, sampled RSS/phys_footprint/disk with clean shutdown. Boundary: Tiny fixtures, no Anneal generated project, Mathlib, high-worker sweep, long soak, PSS or peak-between-polls proof.","Retention tiers on actual generated outputs with memory, historical-goal latency, recomputation, and restart costs.",,,,,,,,,,,,,,,,,,,,,,,,,,,,,,,,
I147,Scope extensions,Source/artifact changes decoupled from each other,S/X,"Replace an imported `.olean` while leaving source unchanged, varying relevant timestamps; separately change source but obtain byte-identical rebuilt semantic artifacts. Include changed external models with unchanged Aeneas output. Query existing and refreshed workers and compare fresh batch controls. Determine when artifact identity forces reload, when restart is merely conservative, and which additional options/native/setup identities prevent byte equality from establishing an equivalent environment.",anneal-v1-interactive-dependency-invalidation-2026-09-28;lake-olean-invalidation-v4-30-0-rc2;lake-artifact-cache-key-semantics-v4-30-0-rc2,,,partial,,R33 fixed Aeneas-generated text while model source/OLean and old/new worker results changed; source/artifact clock and identity perturbations across compatible versions and actual producer generations remain untested.,anneal-3730-identity-state-mutation-model-2026-09-29;anneal-3730-lean-cross-version-equivalence-v4-29-v4-30-rc2-2026-09-29;anneal-3730-lean-launch-refresh-matrix-v4-30-0-rc2,"Finite 2,710-state/11,060-transition identity model and six two-writer schedules; A-B-A, version reset, alias, worker/RPC replacement and source/artifact decoupling; four forced Python writer runs. Boundary: Symbolic and Python model only; no Anneal, Cargo, Lean, filesystem watcher or actual MCP client. | Cached Lean 4.29 and 4.30-rc2 tiny clean/prepared direct/Lake batch and three live launch modes; source-only and valid OLean-only mutation, theorem/axiom/goal diagnostics and file hashes. Boundary: Within-version small fixture only; batch/live select different artifact generations after mutations; not a compatible newer release or cross-version binary migration. | Direct/Lake-env/lake-serve same imported-definition matrix: source-only and OLean-only mutations, watcher, existing/new/reopened/fresh worker, batch, six goal positions and unsaved missing-header setup-file controls. Boundary: One direct-import fixture inside Lake workspace; no transitive/option/plugin graph, exact import digest response, rich RPC or real Anneal server.",anneal-3730-lean-transitive-import-rpc-matrix-2026-09-29,"Direct Lean/Lake 4.29 and 4.30-rc2 transitive Base→Mid→Proof old/new/fresh worker, option/macro/plugin transition, actual InfoWithCtx dereference/release/stale session, causally gated duplicate-ID reply ordering. Boundary: One tiny Lake graph and native marker plugin; no Anneal envelope, complete loaded-environment attestation, rich nested tactic matrix or real crash/replacement race.",anneal-3730-lean-transitive-import-rpc-matrix-2026-09-29/support/probe.py;anneal-3730-lean-transitive-import-rpc-matrix-2026-09-29/support/transcript.json;anneal-3730-lean-transitive-import-rpc-matrix-2026-09-29/support/summary.json,anneal-3730-cross-layer-comparator-mutants-2026-09-29,"Pinned Rust/Charon/Aeneas/Lean base, reorder, changed source and fresh rerun; rustc and fresh Lean oracles plus weaker, missing, sorry, stale, swapped-import and axiom/concrete-model comparator mutants. Boundary: Manually assembled small fixture on same host and pins; no Anneal generator, authenticated producer manifest, independent machine, full toolchain upgrade or translation soundness proof.",anneal-3730-cross-layer-comparator-mutants-2026-09-29/REPORT.md;anneal-3730-cross-layer-comparator-mutants-2026-09-29/support/results.json;anneal-3730-cross-layer-comparator-mutants-2026-09-29/support/comparison-manifest.json;anneal-3730-cross-layer-comparator-mutants-2026-09-29/support/probe.py;anneal-3730-cross-layer-comparator-mutants-2026-09-29/support/check.py,,,,,,,,,,,,,,,,anneal-3730-external-model-without-codegen-change-2026-09-29,"Pinned Charon→one-shot Aeneas output for one extern Rust call stayed byte-identical while an experiment-owned external Lean model changed among correct, wrong, axiom and missing variants. Fresh batch proof/axiom results changed; forced stale OLean accepted the wrong source, and an old Lean file worker retained prior import state after rebuild while a fresh one rejected it. Boundary: External Lean source model, not compiled Aeneas registry; tiny extern and manually wired proof, no Anneal cache or full option/version matrix.",anneal-3730-external-model-without-codegen-change-2026-09-29/REPORT.md;anneal-3730-external-model-without-codegen-change-2026-09-29/support/results.json;anneal-3730-external-model-without-codegen-change-2026-09-29/support/probe.py;anneal-3730-external-model-without-codegen-change-2026-09-29/support/check.py,,,,,,
I148,Scope extensions,Translation determinism and harmless textual instability,X,"Repeat identical Charon extractions and Aeneas generations sequentially and concurrently at Anneal's intended flags, split-file layout, and parallel settings. Preserve raw LLBC and Lean and separately compare justified semantic relationships. Investigate ordering/comment/formatting changes that leave the intended model equivalent but invalidate raw hashes, Lake traces, or Lean command-prefix reuse. Measure downstream cost before normalizing keys; retain source/provenance differences that matter to editing or evidence.",aeneas-generated-source-determinism-nightly-2026-06-03;aeneas-generated-source-repeat-run-probe-nightly-2026-06-03;charon-performance-and-revision-probes-2026-09-28,anneal-3730-aeneas-process-contract-2026-09-29;anneal-3730-charon-aeneas-boundary-2026-09-29,anneal-3730-aeneas-identity-manifest-2026-09-29,partial,"Pinned one-shot Aeneas CLI input/flag/schema matrix, complete file/declaration manifest, stale output and partial-sorry failure. Boundary: No same-process library call, registered external-model mutation, authenticated cross-layer mapping or second release.","R42's five same-input LLBC hashes differed only by short-name array order; R43 obtained identical generated Lean and direct Lean acceptance for all five, plus no same-path Lake local rebuild after byte-identical source replacement. Raw LLBC identity still churns. Other Charon/Aeneas revisions, flags, layouts, parallel settings, substantive model edits and actual Anneal publication/trace cost remain untested; only this field-specific comparison is justified.",anneal-3730-charon-concurrency-interruption-2026-09-29,"Pinned Charon direct/Cargo two-process separate and shared destination trials, malformed shared JSON witnesses, controlled --format all FIFO stop after JSON, retry and stale-output failure. Boundary: At most two tiny crates; kill boundary is before regular Postcard artifact, not all extraction phases or an Anneal output transaction.",anneal-3730-aeneas-manifest-batch-oracle-2026-09-29;anneal-3730-charon-subject-output-phase-matrix-2026-09-29,"Pinned Charon one-shot Rust fixture and Aeneas CLI; changed inc propagates to caller's Lean value, schema mismatch rejects, complete declaration/file inventory, unknown external template, missing/axiom/concrete user models, fresh Lean batch positive/wrong-claim checks. Boundary: No compiled Aeneas external registry mutation, same-process/in-memory API, authenticated ID-to-range map, full Rust semantic oracle or downstream service. | Pinned Charon Cargo lib/bin/test/feature/target/flag/reorder controls; four identical --test requests invoked three driver units and alternated final test/binary LLBC despite success; regular-file 4 KiB partial output after RLIMIT_FSIZE, last-good copy and retry; two private concurrent requests. Boundary: One small crate, no unsaved overlay, installed x86 target, complete compilation-unit key, same-process library, all kill phases, real Anneal publication or shared writable target.",anneal-3730-aeneas-manifest-batch-oracle-2026-09-29/support/probe.py;anneal-3730-aeneas-manifest-batch-oracle-2026-09-29/support/results.json;anneal-3730-aeneas-manifest-batch-oracle-2026-09-29/support/declaration-manifest.json;anneal-3730-charon-subject-output-phase-matrix-2026-09-29/support/probe.py;anneal-3730-charon-subject-output-phase-matrix-2026-09-29/support/raw-results.json;anneal-3730-charon-subject-output-phase-matrix-2026-09-29/support/manifests/test-repeat-1.json;anneal-3730-charon-subject-output-phase-matrix-2026-09-29/support/manifests/test-repeat-2.json;anneal-3730-charon-subject-output-phase-matrix-2026-09-29/support/artifacts/quota-partial.llbc,anneal-3730-aeneas-trait-output-shrink-matrix-2026-09-29;anneal-3730-cross-layer-comparator-mutants-2026-09-29,"Fresh one-shot Charon/Aeneas base, reorder, shrink and unsupported-pointer requests; inventoried emitted files/declaration ranges, checked fresh Lean consumers, stale reused destination and sorryAx after translation exit 1. Boundary: One-shot CLI, lexical source/range links and locally supplied external Lean model; no compiled external registry mutation, same-process OCaml API or authenticated producer map. | Pinned Rust/Charon/Aeneas/Lean base, reorder, changed source and fresh rerun; rustc and fresh Lean oracles plus weaker, missing, sorry, stale, swapped-import and axiom/concrete-model comparator mutants. Boundary: Manually assembled small fixture on same host and pins; no Anneal generator, authenticated producer manifest, independent machine, full toolchain upgrade or translation soundness proof.",anneal-3730-aeneas-trait-output-shrink-matrix-2026-09-29/REPORT.md;anneal-3730-aeneas-trait-output-shrink-matrix-2026-09-29/support/raw-results.json;anneal-3730-aeneas-trait-output-shrink-matrix-2026-09-29/support/inputs/base/trait_probe.rs;anneal-3730-aeneas-trait-output-shrink-matrix-2026-09-29/support/outputs/base/Funs.lean;anneal-3730-aeneas-trait-output-shrink-matrix-2026-09-29/support/outputs/error/Funs.lean;anneal-3730-aeneas-trait-output-shrink-matrix-2026-09-29/support/probe.py;anneal-3730-aeneas-trait-output-shrink-matrix-2026-09-29/support/check.py;anneal-3730-cross-layer-comparator-mutants-2026-09-29/REPORT.md;anneal-3730-cross-layer-comparator-mutants-2026-09-29/support/results.json;anneal-3730-cross-layer-comparator-mutants-2026-09-29/support/comparison-manifest.json;anneal-3730-cross-layer-comparator-mutants-2026-09-29/support/probe.py;anneal-3730-cross-layer-comparator-mutants-2026-09-29/support/check.py,,,,,,,,,,,,,,,,,,,anneal-3730-charon-shortname-aeneas-impact-2026-09-29;anneal-3730-charon-warm-noop-byte-diff-2026-09-29,"Five exact R42 order-only LLBC variants went through separate pinned one-shot Aeneas CLI destinations and fresh direct Lean and Lake consumers. All four generated Lean files/declaration sets and direct Lean proof/axiom oracles matched. Five fresh Lake builds succeeded; same-project no-write and four same-path byte-identical replacements replayed all four local modules without trace/OLean changes. One fresh cross-path FunsExternal OLean hash differed because private pathname bytes were embedded. Boundary: One tiny fixture with two external dependency axioms, one-shot Aeneas, warmed cached packages and no actual Anneal generator/publisher; arbitrary short-name reordering, semantic refinement, same-process reset, substantive model edits and general cache normalization are unproved. | Five consecutive pinned Charon/Cargo requests reused the same source manifest, target, output path and flags. All five 10,936-byte LLBC files had distinct hashes/mtimes, but the only changed 225-byte field was translated.short_names array order; keyed entries, definitions, spans and remaining bytes matched. Sorting only that field yielded one byte stream. Source inspection found HashMap iteration feeding insertion-ordered SeqHashMap serialization, consistent with the observed permutations. Boundary: One tiny pinned fixture; the Charon source snapshot was not rebuilt into the tested binary, no downstream Aeneas cost/oracle was measured, arbitrary LLBC array normalization is unjustified, and revisions/path/annotation/semantic equivalence remain untested.",anneal-3730-charon-shortname-aeneas-impact-2026-09-29/REPORT.md;anneal-3730-charon-shortname-aeneas-impact-2026-09-29/support/results.json;anneal-3730-charon-shortname-aeneas-impact-2026-09-29/support/work/run-1/probe.llbc;anneal-3730-charon-shortname-aeneas-impact-2026-09-29/support/work/run-1/generated/Funs.lean;anneal-3730-charon-shortname-aeneas-impact-2026-09-29/support/work/run-5/generated/Funs.lean;anneal-3730-charon-shortname-aeneas-impact-2026-09-29/support/probe.py;anneal-3730-charon-shortname-aeneas-impact-2026-09-29/support/check.py;anneal-3730-charon-warm-noop-byte-diff-2026-09-29/REPORT.md;anneal-3730-charon-warm-noop-byte-diff-2026-09-29/support/results.json;anneal-3730-charon-warm-noop-byte-diff-2026-09-29/support/source-inspection.json;anneal-3730-charon-warm-noop-byte-diff-2026-09-29/support/artifacts/run-1.llbc;anneal-3730-charon-warm-noop-byte-diff-2026-09-29/support/artifacts/run-5.llbc;anneal-3730-charon-warm-noop-byte-diff-2026-09-29/support/probe.py;anneal-3730-charon-warm-noop-byte-diff-2026-09-29/support/verify.py,,,
I149,Scope extensions,Cross-layer declaration and generation manifest,S/X,"Prototype one machine-readable handoff manifest with subject/tool/configuration identities, source LLBC digest, complete generated file list, module/import graph, declaration identities, and coarse source provenance. Relate compiler-resolved Rust items through Charon declarations and Aeneas pure declarations to generated Lean declarations and Anneal obligations, including one-to-many helpers. Keep exact editable proof ranges separate. Test navigation, deletion, and invalidation consumers; establish what Anneal must supply at its selected Aeneas pin without assuming newer `translation.json` support.",charon-item-identity-spans-comments-nightly-2026-06-03;rust-source-span-provenance-nightly-2026-05-31;aeneas-generated-function-signatures-nightly-2026-06-03,anneal-3730-charon-aeneas-boundary-2026-09-29;anneal-3730-cross-tool-provenance-2026-09-29,anneal-3730-aeneas-identity-manifest-2026-09-29,partial,"Pinned one-shot Aeneas CLI input/flag/schema matrix, complete file/declaration manifest, stale output and partial-sorry failure. Boundary: No same-process library call, registered external-model mutation, authenticated cross-layer mapping or second release.","Pinned manifests link real LLBC source/span and Aeneas name/span comments across reorder, same-leaf and one-to-three helper cases, with stale-hash rejection. Charon def_id→Aeneas declaration→Anneal obligation keys are absent; joins are manual, not producer-authenticated.",,,anneal-3730-aeneas-manifest-batch-oracle-2026-09-29,"Pinned Charon one-shot Rust fixture and Aeneas CLI; changed inc propagates to caller's Lean value, schema mismatch rejects, complete declaration/file inventory, unknown external template, missing/axiom/concrete user models, fresh Lean batch positive/wrong-claim checks. Boundary: No compiled Aeneas external registry mutation, same-process/in-memory API, authenticated ID-to-range map, full Rust semantic oracle or downstream service.",anneal-3730-aeneas-manifest-batch-oracle-2026-09-29/support/probe.py;anneal-3730-aeneas-manifest-batch-oracle-2026-09-29/support/results.json;anneal-3730-aeneas-manifest-batch-oracle-2026-09-29/support/declaration-manifest.json,anneal-3730-aeneas-trait-output-shrink-matrix-2026-09-29;anneal-3730-cross-layer-comparator-mutants-2026-09-29,"Fresh one-shot Charon/Aeneas base, reorder, shrink and unsupported-pointer requests; inventoried emitted files/declaration ranges, checked fresh Lean consumers, stale reused destination and sorryAx after translation exit 1. Boundary: One-shot CLI, lexical source/range links and locally supplied external Lean model; no compiled external registry mutation, same-process OCaml API or authenticated producer map. | Pinned Rust/Charon/Aeneas/Lean base, reorder, changed source and fresh rerun; rustc and fresh Lean oracles plus weaker, missing, sorry, stale, swapped-import and axiom/concrete-model comparator mutants. Boundary: Manually assembled small fixture on same host and pins; no Anneal generator, authenticated producer manifest, independent machine, full toolchain upgrade or translation soundness proof.",anneal-3730-aeneas-trait-output-shrink-matrix-2026-09-29/REPORT.md;anneal-3730-aeneas-trait-output-shrink-matrix-2026-09-29/support/raw-results.json;anneal-3730-aeneas-trait-output-shrink-matrix-2026-09-29/support/inputs/base/trait_probe.rs;anneal-3730-aeneas-trait-output-shrink-matrix-2026-09-29/support/outputs/base/Funs.lean;anneal-3730-aeneas-trait-output-shrink-matrix-2026-09-29/support/outputs/error/Funs.lean;anneal-3730-aeneas-trait-output-shrink-matrix-2026-09-29/support/probe.py;anneal-3730-aeneas-trait-output-shrink-matrix-2026-09-29/support/check.py;anneal-3730-cross-layer-comparator-mutants-2026-09-29/REPORT.md;anneal-3730-cross-layer-comparator-mutants-2026-09-29/support/results.json;anneal-3730-cross-layer-comparator-mutants-2026-09-29/support/comparison-manifest.json;anneal-3730-cross-layer-comparator-mutants-2026-09-29/support/probe.py;anneal-3730-cross-layer-comparator-mutants-2026-09-29/support/check.py,,,,,,,,,,,,,,,,,,,,,,anneal-3730-pinned-cross-layer-navigation-boundary-2026-09-29,"Pinned Rust/LLBC/Aeneas/Lean/goal manifest: 15 item links, six actual generated-loop-helper links, reordered def_id and same-leaf ambiguity, seven stale-hash rejections; fresh Lean goals and selected Rust/Lean values. Boundary: Cross-tool joins and obligations are manually derived, not producer-authenticated; helper rfl proofs failed as expected; no actual Anneal agent navigation trial.",anneal-3730-pinned-cross-layer-navigation-boundary-2026-09-29/REPORT.md;anneal-3730-pinned-cross-layer-navigation-boundary-2026-09-29/support/manifest.json;anneal-3730-pinned-cross-layer-navigation-boundary-2026-09-29/support/extra-manifest.json;anneal-3730-pinned-cross-layer-navigation-boundary-2026-09-29/support/helper-manifest.json;anneal-3730-pinned-cross-layer-navigation-boundary-2026-09-29/support/results.json;anneal-3730-pinned-cross-layer-navigation-boundary-2026-09-29/support/extra-results.json;anneal-3730-pinned-cross-layer-navigation-boundary-2026-09-29/support/helper-results.json;anneal-3730-pinned-cross-layer-navigation-boundary-2026-09-29/support/check.py
I150,Scope extensions,Prepared-environment contract by operation,S/X,"Enumerate required inputs/artifacts/configuration for batch build, `lake env lean --json`, `lake serve`, per-file `setup-file`, InfoView/RPC, and native plugin/dynamic-library use. Classify producer-owned immutable state, consumer-owned mutable state, and any explicitly permitted shared-writable cache. Test the minimum source/control-plane material plus artifact cache as a reconstruction candidate and identify missing classes. Derive the identity under which pooling is valid rather than using a single unqualified “prepared” flag.",lake-server-preparation-v4-30-0-rc2;lake-readonly-relocation-offline-concurrency-v4-30-0-rc2;lake-artifact-cache-architecture-v4-30-0-rc2,anneal-3730-lake-concurrency-preparation-v4-30-0-rc2;anneal-3730-lake-identity-matrix-v4-30-0-rc2,anneal-3730-lake-prepared-contract-2026-09-29,partial,"Tiny two-package Lean/TOML clean and relocated prepared Lake fixture, no-build checks, isolated home/denied loopback, native facet and cache wrong-object/truncated-map controls. Boundary: No real Anneal archive, server query, complete plugin/native family, network syscall trace, concurrent restore or full integrity oracle.","R21 covers fresh lake serve/setup and direct batch in one tiny local graph. Complete operation-specific prepared archive inputs for build, JSON batch, InfoView/RPC and native plugin under read-only consumption.",anneal-3730-lake-plugin-artifact-identity-v4-30-0-rc2,"Pinned Lean/Lake direct batch/no-build and live plugin fixture: missing OLean/ILean/C/dylib by operation, dylib v1/v2 replacement, existing/new worker split and initializer mismatch crash. Boundary: Tiny explicit plugin; no general ABI equivalence, all search paths, generated Anneal archive or complete interactive operation inventory.",anneal-3730-lake-cache-publication-atomicity-2026-09-29,"Pinned Lake 4.30-rc2 source and tiny cache execution: actual 64-byte output-map interruption and invalid-JSON rejection/repair; artifact insertion permission failure; post-publication truncated OLean false hit and Lean crash; missing-object repair; two private read-only-cache consumers and one shared-writable overlap. Boundary: Source review covers some listed configuration/cache rows without direct perturbation; no power-loss durability, all object types, conflicting shared writers, archive, Mathlib or Anneal server.",anneal-3730-lake-cache-publication-atomicity-2026-09-29/support/probe.py;anneal-3730-lake-cache-publication-atomicity-2026-09-29/support/results.json;anneal-3730-lake-cache-publication-atomicity-2026-09-29/support/artifacts/partial-output-map.json;anneal-3730-lake-cache-publication-atomicity-2026-09-29/support/artifacts/truncated-olean.bin,,,,,,,,,,anneal-3730-lake-plugin-combined-family-mix-2026-09-29,"Pinned Lake 4.30-rc2 two-package v1/v2 controls plus one valid mixed root: v1 source/OLean/ILean/proof, v2 plugin dylib/C/setup option. File-specific setup named exact OLean/plugin paths and option; fresh lake serve showed no goals, value 7 and v2 plugin initializer; hash inventory stayed unchanged; fresh batch also returned 7. Boundary: One tiny same-pin macOS graph; v2 C is present but not consumed, OLean read has value/hash oracle rather than syscall trace; no Anneal archive, general ABI compatibility, dynamic plugin replacement, read-only consumer or cross-version claim.",anneal-3730-lake-plugin-combined-family-mix-2026-09-29/REPORT.md;anneal-3730-lake-plugin-combined-family-mix-2026-09-29/support/transcript.json;anneal-3730-lake-plugin-combined-family-mix-2026-09-29/support/artifacts/mix/olean;anneal-3730-lake-plugin-combined-family-mix-2026-09-29/support/artifacts/mix/plugin;anneal-3730-lake-plugin-combined-family-mix-2026-09-29/support/artifacts/mix/c;anneal-3730-lake-plugin-combined-family-mix-2026-09-29/support/artifacts/mix/setup;anneal-3730-lake-plugin-combined-family-mix-2026-09-29/support/probe.py;anneal-3730-lake-plugin-combined-family-mix-2026-09-29/support/check.py,,,,,,,,,,,,,,,
I151,Scope extensions,Shared writable build-tree counterexample study,M/X,"In owned disposable fixtures, compare consumers sharing one writable package directory or generated-module build directory with isolated consumers over a frozen producer. Run identical and conflicting builds and interrupt writers at controlled publication points. Check cache maps, partial outputs, subsequent reads/retries, and cross-consumer definitions. Seek the strongest valid shared-writer contract or preserve a minimal failure—not a preselected negative result. Keep artifact-cache publication distinct from shared package-directory mutation.",lake-cache-concurrency-execution-probe-v4-30-0-rc2;lake-workspace-package-mutable-state-v4-30-0-rc2;lake-artifact-cache-publication-restoration-v4-30-0-rc2,anneal-3730-lake-writer-scale-v4-30-0-rc2,anneal-3730-lake-prepared-contract-2026-09-29,partial,"Tiny two-package Lean/TOML clean and relocated prepared Lake fixture, no-build checks, isolated home/denied loopback, native facet and cache wrong-object/truncated-map controls. Boundary: No real Anneal archive, server query, complete plugin/native family, network syscall trace, concurrent restore or full integrity oracle.","Force conflicting writers in a shared writable package tree and crash schedules with integrity/recovery oracles; R15 performed only one-command local replacement, and R10 private-root cache pairs remain distinct.",anneal-3730-lake-writer-recovery-2026-09-29,"Real Lake artifact-cache writer killed during paused Dep elaboration, two consumers with one killed writer, repaired no-build/ordinary build, truncated output-map rejection and retry. Boundary: Kill precedes cache publication; no crash at mapping rename or same-package concurrent writer proof.",anneal-3730-lake-cache-publication-atomicity-2026-09-29,"Pinned Lake 4.30-rc2 source and tiny cache execution: actual 64-byte output-map interruption and invalid-JSON rejection/repair; artifact insertion permission failure; post-publication truncated OLean false hit and Lean crash; missing-object repair; two private read-only-cache consumers and one shared-writable overlap. Boundary: Source review covers some listed configuration/cache rows without direct perturbation; no power-loss durability, all object types, conflicting shared writers, archive, Mathlib or Anneal server.",anneal-3730-lake-cache-publication-atomicity-2026-09-29/support/probe.py;anneal-3730-lake-cache-publication-atomicity-2026-09-29/support/results.json;anneal-3730-lake-cache-publication-atomicity-2026-09-29/support/artifacts/partial-output-map.json;anneal-3730-lake-cache-publication-atomicity-2026-09-29/support/artifacts/truncated-olean.bin,anneal-3730-lake-same-key-artifact-writers-2026-09-29,"Three two-process same-key Lake cache-miss pairs, then real RLIMIT_FSIZE partial OLean/ILean/C object writes, no-build false-hit, direct import oracle and explicit delete/rebuild repair. Boundary: Tiny private package roots and one pinned Lake on APFS; no causally forced simultaneous artifact syscall, power loss, shared writable build tree or Anneal last-good recovery.",anneal-3730-lake-same-key-artifact-writers-2026-09-29/REPORT.md;anneal-3730-lake-same-key-artifact-writers-2026-09-29/support/results.json;anneal-3730-lake-same-key-artifact-writers-2026-09-29/support/artifacts/partial-olean.bin;anneal-3730-lake-same-key-artifact-writers-2026-09-29/support/artifacts/partial-ilean.bin;anneal-3730-lake-same-key-artifact-writers-2026-09-29/support/artifacts/partial-c.bin;anneal-3730-lake-same-key-artifact-writers-2026-09-29/support/probe.py;anneal-3730-lake-same-key-artifact-writers-2026-09-29/support/check.py,anneal-3730-lake-key-artifact-family-matrix-2026-09-29,"Six pinned Lake source/path/option/consumer-manifest variants and four valid local OLean/ILean/C/setup cross-generation replacements; no-build/setup, setup-import batch, direct local batch/server and two valid plugin initializer markers distinguished consumed bytes. Boundary: One tiny pin/host; setup returned cache OLean rather than attesting replaced local file, direct watchdogs forced down after diagnostics, prior native plugin reused; no Anneal archive or power loss.",anneal-3730-lake-key-artifact-family-matrix-2026-09-29/REPORT.md;anneal-3730-lake-key-artifact-family-matrix-2026-09-29/support/results.json;anneal-3730-lake-key-artifact-family-matrix-2026-09-29/support/artifacts/retained/base/Dep.olean;anneal-3730-lake-key-artifact-family-matrix-2026-09-29/support/artifacts/retained/mixed-olean/Dep.olean;anneal-3730-lake-key-artifact-family-matrix-2026-09-29/support/artifacts/v1/plugin__probe_Plugin.dylib;anneal-3730-lake-key-artifact-family-matrix-2026-09-29/support/artifacts/v2/plugin__probe_Plugin.dylib;anneal-3730-lake-key-artifact-family-matrix-2026-09-29/support/probe.py;anneal-3730-lake-key-artifact-family-matrix-2026-09-29/support/check.py,,,,,,,,,,,,,,,,,,,,,
I152,Scope extensions,MCP subscriptions versus polling,S/X,"On explicitly supported protocol revisions, prototype subscriptions/change streams for generation changes, diagnostics, proof readiness, and verification completion; compare polling and explicit state reconciliation. Drop or delay notifications, disconnect clients, and retry result retrieval. Determine whether subscriptions improve responsiveness while polling/reconciliation remains the correctness path, and provide a capability fallback rather than presuming every MCP client supports the same mechanism.",lean-mcp-implementations-2026-09-27;mcp-proof-assistant-architecture-2026-07-28,anneal-3730-editor-mcp-shadow-authority-v4-30-0-rc2,anneal-3730-multiclient-editor-contract-2026-09-29,partial,"One direct Lean stdio connection plus two logical local clients: unsaved source, versioned goal/diagnostics, CAS retry, dropped local event/poll, restart/rename and direct cancellation. Boundary: No actual MCP transport, editor extension, separate clients, diagnostic multiplexing or real Anneal bridge.","Actual MCP subscriptions/listen versus polling under delayed/dropped delivery, reconnect and state reconciliation; new local event model is not MCP transport.",,,,,,,,,,,,,,,,,,,,,,,,,,,,,,,,
I153,Scope extensions,"Server, MCP, and scratch-pool topology",X,"For one prepared environment, compare N open proof files under one watchdog with N independent servers. Compare one MCP process serving many sessions, environments, or repositories with per-workspace adapters and an external broker. Sweep 1/2/4/8/... prewarmed scratch documents and compare fresh scratch creation, prefix reuse, teardown, memory, latency, and process ownership. Use conflicting definitions/options/plugins to detect cross-workspace reuse; do not pool independently configured projects merely because document APIs accept their URIs.",lean-server-concurrency-experiment-v4-30-0-rc2;lean-server-multi-workspace-isolation-v4-30-0-rc2;lean-server-memory-and-protocol-concurrency-v4-30-0-rc2;mcp-proof-assistant-architecture-2026-07-28,,anneal-3730-resource-economics-2026-09-29;anneal-3730-server-topology-v4-30-0-rc2,partial,"Guarded two-Lake-consumer cold/warm run and two-server four-edit sentinel, sampled RSS/phys_footprint/disk with clean shutdown. Boundary: Tiny fixtures, no Anneal generated project, Mathlib, high-worker sweep, long soak, PSS or peak-between-polls proof. | One direct Lean watchdog versus two on conflicting same-named Dep imports; direct session invalidation after close/reopen and summed RSS. Boundary: No MCP broker, Lake launch matrix, 4/8 document sweep, unique physical memory or delayed internal-worker response.","H08 routed two direct Lean servers; R48 drove one Lake-launched server after the actual tiny Rust→Charon→Aeneas chain, then fresh batch checked the same goal. Two-worker Lake/server admission was skipped; editor/MCP/product topology and realistic capacity remain.",,,anneal-3730-resource-soak-contamination-2026-09-29,"Direct Lean 4.30-rc2 single-server 1/2/4 tiny file-worker guarded sweep, 25 exact-goal/diagnostic sentinels, 3 edits per cell, tree RSS/footprint, scratch bytes, latency and cleanup transcript. Boundary: 7.87-second tiny import graph; sampled summed RSS is not unique physical memory; no Mathlib-sized jobs, several servers, sustained leak result, full Anneal/MCP topology or cross-workspace conflicts.",anneal-3730-resource-soak-contamination-2026-09-29/support/probe.py;anneal-3730-resource-soak-contamination-2026-09-29/support/check.py;anneal-3730-resource-soak-contamination-2026-09-29/transcript.json,anneal-3730-lean-server-soak-context-rpc-2026-09-29,"Direct pinned Lean server handled 24 edits, four close/reopens, restarts, wrong-import sentinel, rich info reference dereference/release and client timeout; sampled processes, RSS and footprint. Boundary: Tiny direct Lean 15-second run; no Anneal broker, Mathlib scale, hours-long leak inference, unique tree memory or proof of cancellation.",anneal-3730-lean-server-soak-context-rpc-2026-09-29/REPORT.md;anneal-3730-lean-server-soak-context-rpc-2026-09-29/support/transcript.json;anneal-3730-lean-server-soak-context-rpc-2026-09-29/support/work/A/Proof.lean;anneal-3730-lean-server-soak-context-rpc-2026-09-29/support/work/B/Proof.lean;anneal-3730-lean-server-soak-context-rpc-2026-09-29/support/probe.py;anneal-3730-lean-server-soak-context-rpc-2026-09-29/support/check.py,anneal-3730-lean-multiminute-restart-resource-soak-2026-09-29,"Direct Lean three-minute guarded one/two/four-file-worker plus conflicting-import workspace ramp: 69 edit/goal checks, reopen/restart/session/reference controls, bidirectional request-ID collision pilot, RSS/footprint and latency samples. Boundary: One host and tiny imports, one watchdog at a time; no hours-long leak inference, unique tree memory, Anneal/MCP topology or full pipeline latency.",anneal-3730-lean-multiminute-restart-resource-soak-2026-09-29/REPORT.md;anneal-3730-lean-multiminute-restart-resource-soak-2026-09-29/support/transcript.json;anneal-3730-lean-multiminute-restart-resource-soak-2026-09-29/support/pilot-id-collision.json;anneal-3730-lean-multiminute-restart-resource-soak-2026-09-29/support/work/A/Proof0.lean;anneal-3730-lean-multiminute-restart-resource-soak-2026-09-29/support/probe.py;anneal-3730-lean-multiminute-restart-resource-soak-2026-09-29/support/check.py,,,,,,,,,,,,,anneal-3730-scratch-pool-scaling-2026-09-29,"Direct pinned Lean LSP pools with 1/2/4/8 concurrent imported tiny proof workers, serial cold local dependency builds versus warm prebuilt symlinks, open/edit/goal fanout, preflight 4.5 GiB admission, macOS per-process/group footprint/RSS samples, complete path/inode disk ledgers and owned worker cleanup. All 30 goal/edit cycles and clean shutdowns passed. Boundary: Two memory samples and one run per cell; no hard transient peak, sustained leak/CPU study, actual Anneal scratch service, MCP daemon, Mathlib-sized import or realistic CI capacity.",anneal-3730-scratch-pool-scaling-2026-09-29/REPORT.md;anneal-3730-scratch-pool-scaling-2026-09-29/support/results.json;anneal-3730-scratch-pool-scaling-2026-09-29/support/probe.py;anneal-3730-scratch-pool-scaling-2026-09-29/support/check.py,,,,anneal-3730-full-lake-server-chain-2026-09-29;anneal-3730-h08-project-switch-router-v4-30-0-rc2,"One tiny Rust→Charon→Aeneas→direct Lean→Lake build→Lake-launched server goal→fresh batch chain completed with selected proof/axiom oracle and sampled process resources. Boundary: Two-worker cell skipped by memory admission after one-worker 2,590,336-KiB sampled RSS peak; no Anneal scheduler, editor switch, hard physical peak or representative concurrent workload. | Two private real Lean servers, same-named imports, A→B→A router, unsaved A edit, warm return and cold disk reconstruction, PID/RSS cleanup. Boundary: Synthetic router; no editor extension, actual workspace-folder notification, Rust host, Lake/Anneal pool or broker.",anneal-3730-full-lake-server-chain-2026-09-29/REPORT.md;anneal-3730-full-lake-server-chain-2026-09-29/support/results.json;anneal-3730-full-lake-server-chain-2026-09-29/support/check.py;anneal-3730-full-lake-server-chain-2026-09-29/support/logs/u0-lake.stdout.gz;anneal-3730-full-lake-server-chain-2026-09-29/support/logs/u0-batch.stdout.gz;anneal-3730-h08-project-switch-router-v4-30-0-rc2/REPORT.md;anneal-3730-h08-project-switch-router-v4-30-0-rc2/support/results.json;anneal-3730-h08-project-switch-router-v4-30-0-rc2/support/check.py
I154,Scope extensions,Fixture sharing and contamination sentinels,X,"Compare one workspace per test, one per fixture with multiple phases, and one per logical suite. Give each test a unique model definition or option that makes accidental reuse observable; include conflicting plugins where supported. Run phases in different orders and parallel schedules, interrupt selected workers, then rerun subsequent tests. Measure disk/setup savings against required reset/isolation guarantees rather than replacing heavyweight sandboxes with untested shared mutable state.",anneal-v1-integration-test-disk-amplification-f98458e;cargo-rust-charon-anneal-coverage-matrix-2026-09-28,anneal-3730-lake-writer-scale-v4-30-0-rc2,anneal-3730-resource-economics-2026-09-29,partial,"Guarded two-Lake-consumer cold/warm run and two-server four-edit sentinel, sampled RSS/phys_footprint/disk with clean shutdown. Boundary: Tiny fixtures, no Anneal generated project, Mathlib, high-worker sweep, long soak, PSS or peak-between-polls proof.","Test per-test/per-fixture/per-suite contamination across plugins, ordering, restarts and imported models; R16 checked file-specific and wrong-import sentinels within tiny direct Lean workers.",,,anneal-3730-resource-soak-contamination-2026-09-29,"Direct Lean 4.30-rc2 single-server 1/2/4 tiny file-worker guarded sweep, 25 exact-goal/diagnostic sentinels, 3 edits per cell, tree RSS/footprint, scratch bytes, latency and cleanup transcript. Boundary: 7.87-second tiny import graph; sampled summed RSS is not unique physical memory; no Mathlib-sized jobs, several servers, sustained leak result, full Anneal/MCP topology or cross-workspace conflicts.",anneal-3730-resource-soak-contamination-2026-09-29/support/probe.py;anneal-3730-resource-soak-contamination-2026-09-29/support/check.py;anneal-3730-resource-soak-contamination-2026-09-29/transcript.json,anneal-3730-lean-server-soak-context-rpc-2026-09-29,"Direct pinned Lean server handled 24 edits, four close/reopens, restarts, wrong-import sentinel, rich info reference dereference/release and client timeout; sampled processes, RSS and footprint. Boundary: Tiny direct Lean 15-second run; no Anneal broker, Mathlib scale, hours-long leak inference, unique tree memory or proof of cancellation.",anneal-3730-lean-server-soak-context-rpc-2026-09-29/REPORT.md;anneal-3730-lean-server-soak-context-rpc-2026-09-29/support/transcript.json;anneal-3730-lean-server-soak-context-rpc-2026-09-29/support/work/A/Proof.lean;anneal-3730-lean-server-soak-context-rpc-2026-09-29/support/work/B/Proof.lean;anneal-3730-lean-server-soak-context-rpc-2026-09-29/support/probe.py;anneal-3730-lean-server-soak-context-rpc-2026-09-29/support/check.py,anneal-3730-lean-multiminute-restart-resource-soak-2026-09-29,"Direct Lean three-minute guarded one/two/four-file-worker plus conflicting-import workspace ramp: 69 edit/goal checks, reopen/restart/session/reference controls, bidirectional request-ID collision pilot, RSS/footprint and latency samples. Boundary: One host and tiny imports, one watchdog at a time; no hours-long leak inference, unique tree memory, Anneal/MCP topology or full pipeline latency.",anneal-3730-lean-multiminute-restart-resource-soak-2026-09-29/REPORT.md;anneal-3730-lean-multiminute-restart-resource-soak-2026-09-29/support/transcript.json;anneal-3730-lean-multiminute-restart-resource-soak-2026-09-29/support/pilot-id-collision.json;anneal-3730-lean-multiminute-restart-resource-soak-2026-09-29/support/work/A/Proof0.lean;anneal-3730-lean-multiminute-restart-resource-soak-2026-09-29/support/probe.py;anneal-3730-lean-multiminute-restart-resource-soak-2026-09-29/support/check.py,,,,,,,,,,,,,,,,,,,,,
I155,Scope extensions,Shadow files and hidden Lean-document lifecycle,S/X,"If Lean/Lake requires physical paths, distinguish internal file-backed URIs from editor-facing logical documents. Independently of backing choice, open/change/save/rename/close a Rust host and trace hidden document creation, workers, updates, and cleanup. Keep unsaved source authoritative while deliberately stale or missing shadow files exist; crash/restart and reconstruct without treating mirrors as canonical. Test whether custom URIs require shadow paths, and whether model regeneration can preserve authored proof identity while changing the environment generation.",lean-generated-file-interactive-workflows-v4-30-0-rc2;lean-server-tactic-state-v4-30-0-rc2;lsp-proof-assistant-architecture-2026-09-27,anneal-3730-editor-mcp-shadow-authority-v4-30-0-rc2,anneal-3730-multiclient-editor-contract-2026-09-29,partial,"One direct Lean stdio connection plus two logical local clients: unsaved source, versioned goal/diagnostics, CAS retry, dropped local event/poll, restart/rename and direct cancellation. Boundary: No actual MCP transport, editor extension, separate clients, diagnostic multiplexing or real Anneal bridge.",Actual Rust editor host open/change/save/rename/close through Anneal projection and hidden Lean cleanup; new invented //% host in a local broker tests only lifecycle shape.,,,,,,,,,,,,,,,,,,,,,,,,,,,,,,,,
I156,Scope extensions,Explicit backend capability negotiation,S/X,"Prototype versioned descriptors for accepting unsaved inputs, filesystem materialization requirements, concurrent requests, cancellation, deterministic output, persistent process support, and fine-grained invalidation. Test descriptors against actual implementations and unsupported combinations. Distinguish a documented promise from measured behavior; choose conservative fallback or explicit failure when capabilities are absent rather than letting a uniform logical API imply uniform implementation guarantees.",charon-toolchain-contract-0-1-210;aeneas-release-upgrade-checklist-nightly-2026-06-03;lake-behavior-upgrade-checklist-v4-30-0-rc2,anneal-3730-charon-aeneas-boundary-2026-09-29,anneal-3730-aeneas-identity-manifest-2026-09-29;anneal-3730-multiclient-editor-contract-2026-09-29,partial,"Pinned one-shot Aeneas CLI input/flag/schema matrix, complete file/declaration manifest, stale output and partial-sorry failure. Boundary: No same-process library call, registered external-model mutation, authenticated cross-layer mapping or second release. | One direct Lean stdio connection plus two logical local clients: unsaved source, versioned goal/diagnostics, CAS retry, dropped local event/poll, restart/rename and direct cancellation. Boundary: No actual MCP transport, editor extension, separate clients, diagnostic multiplexing or real Anneal bridge.",Versioned executable Charon/Aeneas/Lean capability descriptors with real adapter fallback and unsupported-call behavior; one-shot Aeneas and local broker descriptors are partial.,,,,,,,,,,,,,,,,,,,,,,,,,,,,,,,,
I157,Scope extensions,Batch and transport-free live shells over one engine,X,"Build a small batch shell and an in-process repeated edit/query driver over the same structured engine. Compare the batch shell with current CLI behavior where implemented and the live driver with fresh checks on identical captured inputs. Include model changes, cancellation, and reconstruction before adding an LSP/MCP transport. Identify divergence caused by the engine separately from adapter protocol bugs; the prototype does not claim the current CLI already implements every stage.",anneal-v1-end-to-end-pipeline-41f5b37;lsp-proof-assistant-architecture-2026-09-27,anneal-3730-snapshot-capture-jobs-2026-09-29;anneal-3730-vertical-acceptance-v4-30-0-rc2,anneal-3730-multiclient-editor-contract-2026-09-29,partial,"One direct Lean stdio connection plus two logical local clients: unsaved source, versioned goal/diagnostics, CAS retry, dropped local event/poll, restart/rename and direct cancellation. Boundary: No actual MCP transport, editor extension, separate clients, diagnostic multiplexing or real Anneal bridge.",One actual Anneal engine driven by current batch CLI and repeated in-process live shell with cancellation/reconstruction and fresh exact-input oracle; current Python prototypes are separate.,,,,,,,,,,,,,,,,,,,,,,,,,,,,,,,,
I158,Scope extensions,Minimal interactive upgrade suite and workaround deletion probes,S/X,"Derive a small retained replay suite for compatible toolchain tuples. For Lean/Lake, cover configuration ownership, workspace isolation, dependency refresh, goal versioning, server setup, and artifact families. For Charon, cover LLBC schema, span units, process lifecycle, determinism, and subject identity. For Aeneas, cover mutable globals, package layout, naming, provenance, determinism, and library/incremental APIs. Associate every manifest/trace/mtime/rewrite workaround with the exact behavior requiring it and a probe that would justify removal. Compare the examined 4.30 pin with 4.31 or another explicitly selected compatible candidate; retain accurate old-version findings and do not create a competing mutable corpus lifecycle.",charon-release-upgrade-checklist-0-1-210;aeneas-release-upgrade-checklist-nightly-2026-06-03;lake-behavior-upgrade-checklist-v4-30-0-rc2;lean-server-tactic-state-v4-30-0-rc2,anneal-3730-aeneas-process-contract-2026-09-29,anneal-3730-aeneas-identity-manifest-2026-09-29,partial,"Pinned one-shot Aeneas CLI input/flag/schema matrix, complete file/declaration manifest, stale output and partial-sorry failure. Boundary: No same-process library call, registered external-model mutation, authenticated cross-layer mapping or second release.","R44 replayed a tiny full Rust→Charon→Aeneas→Lean golden with two cached compatible bundles and rejected cross-pairs. Later Lean/Lake, realistic projects, Anneal generated workspace, independent host and explicit workaround deletion remain.",anneal-3730-lean-cross-version-equivalence-v4-29-v4-30-rc2-2026-09-29,"Cached Lean 4.29 and 4.30-rc2 tiny clean/prepared direct/Lake batch and three live launch modes; source-only and valid OLean-only mutation, theorem/axiom/goal diagnostics and file hashes. Boundary: Within-version small fixture only; batch/live select different artifact generations after mutations; not a compatible newer release or cross-version binary migration.",anneal-3730-rust-charon-aeneas-lean-golden-vertical-2026-09-29,"Pinned Cargo/Charon/Aeneas/Lean four-case three-function golden path with Rust behavior tests, cold/prepared/clean runs, manually checked cross-layer declarations, fresh Lean theorem/axiom oracle and wrong-claim/missing-obligation/sorry/stale-import/tampered-import controls. Boundary: Fixture obligations are manually chosen, not Anneal generated; lexical span correspondence not authenticated; no independent machine, general translator soundness, full dependency rebuild or upgraded cross-tool tuple.",anneal-3730-rust-charon-aeneas-lean-golden-vertical-2026-09-29/support/probe.py;anneal-3730-rust-charon-aeneas-lean-golden-vertical-2026-09-29/support/results.json;anneal-3730-rust-charon-aeneas-lean-golden-vertical-2026-09-29/support/work/base-cold/current.llbc;anneal-3730-rust-charon-aeneas-lean-golden-vertical-2026-09-29/support/work/mutated-clean/current.llbc,anneal-3730-cross-layer-comparator-mutants-2026-09-29,"Pinned Rust/Charon/Aeneas/Lean base, reorder, changed source and fresh rerun; rustc and fresh Lean oracles plus weaker, missing, sorry, stale, swapped-import and axiom/concrete-model comparator mutants. Boundary: Manually assembled small fixture on same host and pins; no Anneal generator, authenticated producer manifest, independent machine, full toolchain upgrade or translation soundness proof.",anneal-3730-cross-layer-comparator-mutants-2026-09-29/REPORT.md;anneal-3730-cross-layer-comparator-mutants-2026-09-29/support/results.json;anneal-3730-cross-layer-comparator-mutants-2026-09-29/support/comparison-manifest.json;anneal-3730-cross-layer-comparator-mutants-2026-09-29/support/probe.py;anneal-3730-cross-layer-comparator-mutants-2026-09-29/support/check.py,,,,,,,,,,,,,,,,,,,,,,anneal-3730-compatible-bundle-upgrade-golden-2026-09-29,"Two cached internally compatible Charon/Aeneas bundles, base/changed Rust, four full pipeline fresh Lean checks, negative controls and cross-pair LLBC rejection. Boundary: Small manual selected obligations on one macOS host; no Anneal generator, broad upgrade matrix, later-than-4.30 Lean or workaround deletion.",anneal-3730-compatible-bundle-upgrade-golden-2026-09-29/REPORT.md;anneal-3730-compatible-bundle-upgrade-golden-2026-09-29/support/results.json;anneal-3730-compatible-bundle-upgrade-golden-2026-09-29/support/check.py
I159,Scope extensions,Deliberately challenge the proposed architecture,M/X,"Run the following as falsification controls in the relevant existing harnesses, not twelve duplicate surveys. Build the strongest plausible simple alternative; record the smallest counterexample or exact successful preconditions. Do not assume the leading design must win.",anneal-interactive-pipeline-invalidation-graph-main-41f5b37;lean-lsp-old-version-wait-race-v4-30-0-rc2;lake-artifact-cache-publication-restoration-v4-30-0-rc2;lean-batch-diagnostic-normalization-oracle-v4-30-0-rc2,anneal-3730-fault-model-2026-09-29;anneal-3730-vertical-acceptance-v4-30-0-rc2,anneal-3730-acceptance-oracle-matrix-2026-09-29;anneal-3730-architecture-contracts-2026-09-29,partial,"Two direct Lean runs: exact imported artifact/fresh proof, weak/admitted/axiom/wrong-import/missing-claim controls, killed consumer, benign tactic IO and fake-token redaction. Boundary: Synthetic Lean proposition and local LSP only; no Anneal obligation graph, human trial or independent kernel. | Pinned architecture precedent/source comparison and three runnable toy process topologies with failure, restart and collision controls. Boundary: Toy hash-and-sleep backend; not matched real Charon/Aeneas/Lean cost, upstream patch, or adopted design.","R41 executed a synthetic generated-Lean-as-canonical proof authority and Rust-hosted projected edit/range/diagnostic round trip, with a model-change and stale/scaffold rejection. N01–N12 still need matched comparison in an implemented Anneal service using real Charon/Aeneas obligations, cross-file imports, editor/MCP clients and acceptance oracle.",anneal-3730-lean-cross-version-equivalence-v4-29-v4-30-rc2-2026-09-29;anneal-3730-lean-launch-refresh-matrix-v4-30-0-rc2,"Cached Lean 4.29 and 4.30-rc2 tiny clean/prepared direct/Lake batch and three live launch modes; source-only and valid OLean-only mutation, theorem/axiom/goal diagnostics and file hashes. Boundary: Within-version small fixture only; batch/live select different artifact generations after mutations; not a compatible newer release or cross-version binary migration. | Direct/Lake-env/lake-serve same imported-definition matrix: source-only and OLean-only mutations, watcher, existing/new/reopened/fresh worker, batch, six goal positions and unsaved missing-header setup-file controls. Boundary: One direct-import fixture inside Lake workspace; no transitive/option/plugin graph, exact import digest response, rich RPC or real Anneal server.",anneal-3730-rust-charon-aeneas-lean-golden-vertical-2026-09-29,"Pinned Cargo/Charon/Aeneas/Lean four-case three-function golden path with Rust behavior tests, cold/prepared/clean runs, manually checked cross-layer declarations, fresh Lean theorem/axiom oracle and wrong-claim/missing-obligation/sorry/stale-import/tampered-import controls. Boundary: Fixture obligations are manually chosen, not Anneal generated; lexical span correspondence not authenticated; no independent machine, general translator soundness, full dependency rebuild or upgraded cross-tool tuple.",anneal-3730-rust-charon-aeneas-lean-golden-vertical-2026-09-29/support/probe.py;anneal-3730-rust-charon-aeneas-lean-golden-vertical-2026-09-29/support/results.json;anneal-3730-rust-charon-aeneas-lean-golden-vertical-2026-09-29/support/work/base-cold/current.llbc;anneal-3730-rust-charon-aeneas-lean-golden-vertical-2026-09-29/support/work/mutated-clean/current.llbc,anneal-3730-cross-layer-comparator-mutants-2026-09-29,"Pinned Rust/Charon/Aeneas/Lean base, reorder, changed source and fresh rerun; rustc and fresh Lean oracles plus weaker, missing, sorry, stale, swapped-import and axiom/concrete-model comparator mutants. Boundary: Manually assembled small fixture on same host and pins; no Anneal generator, authenticated producer manifest, independent machine, full toolchain upgrade or translation soundness proof.",anneal-3730-cross-layer-comparator-mutants-2026-09-29/REPORT.md;anneal-3730-cross-layer-comparator-mutants-2026-09-29/support/results.json;anneal-3730-cross-layer-comparator-mutants-2026-09-29/support/comparison-manifest.json;anneal-3730-cross-layer-comparator-mutants-2026-09-29/support/probe.py;anneal-3730-cross-layer-comparator-mutants-2026-09-29/support/check.py,,,,,,,,,,,,,,,,,,,anneal-3730-generated-lean-canonical-source-challenge-2026-09-29,"Synthetic Rust-source→Lean-model fixture treated initially generated Proof.lean as canonical proof and compiled a Rust-hosted projected view. UTF-16/UTF-8 range edit after emoji, tactic/claim edits, direct canonical edit, stale/scaffold CAS rejection, mapped lean --json error, fixed-proof/model-change failure and derivative regeneration round trips passed. Boundary: Tiny manually recognized Rust subset and Python source map; no actual Charon/Aeneas-generated proof workspace, Anneal V2 editor/MCP bridge, cross-file obligation graph, two-client race or product architecture decision.",anneal-3730-generated-lean-canonical-source-challenge-2026-09-29/REPORT.md;anneal-3730-generated-lean-canonical-source-challenge-2026-09-29/support/results.json;anneal-3730-generated-lean-canonical-source-challenge-2026-09-29/support/artifacts/final-Proof.lean;anneal-3730-generated-lean-canonical-source-challenge-2026-09-29/support/artifacts/final-HostView.rs;anneal-3730-generated-lean-canonical-source-challenge-2026-09-29/support/probe.py;anneal-3730-generated-lean-canonical-source-challenge-2026-09-29/support/check.py,,,
