package,relative_file,bytes,sha256,inspection
anneal-3730-aeneas-restricted-reuse-2026-09-29,REPORT.json,1232,a91f33547b95d9f5c91625298beb68dfebc9381ffb8528fcd60d28ed218526c2,parsed JSON
anneal-3730-aeneas-restricted-reuse-2026-09-29,REPORT.md,9105,6ca521f7649bad1958b037f5cc4fbac96c0fc2ef926143f65d4598d0400872d0,62 UTF-8 lines
anneal-3730-aeneas-restricted-reuse-2026-09-29,support/check.py,1932,1eb93cee0224bf35320f9fd539bd3d10fbf6959459359151291293454433860f,36 UTF-8 lines
anneal-3730-aeneas-restricted-reuse-2026-09-29,support/inputs/base/fixture.llbc,23478,5604623aec7fbe2d2b7705ba1720eb1b252055f6900fd9a2edd357d8edf7f74c,0 UTF-8 lines
anneal-3730-aeneas-restricted-reuse-2026-09-29,support/inputs/base/fixture.rs,364,ed29b097aacbf211949aab72a03c28fbd7aab19bf8cebf18a1100f42a72ef773,10 UTF-8 lines
anneal-3730-aeneas-restricted-reuse-2026-09-29,support/inputs/body/fixture.llbc,23478,6b9e369b7250abf67afe6028c30d1525a466452de796c7a4dab986daf705089d,0 UTF-8 lines
anneal-3730-aeneas-restricted-reuse-2026-09-29,support/inputs/body/fixture.rs,364,4d2446f2b6e6fda42783eaecda2c2ff2e9cfec67ed659b423f3fd89d492a1232,10 UTF-8 lines
anneal-3730-aeneas-restricted-reuse-2026-09-29,support/inputs/signature/fixture.llbc,24613,2d189e18c1741db448adce9067859bbb78545c0d2fbe613a1c5ab68bc18e71fc,0 UTF-8 lines
anneal-3730-aeneas-restricted-reuse-2026-09-29,support/inputs/signature/fixture.rs,393,85642b32d2c9e34c100b6e87a6854652ecea7b14a228e14ea95a4c686bd5d4eb,10 UTF-8 lines
anneal-3730-aeneas-restricted-reuse-2026-09-29,support/outputs/base/Fixture.lean,20,f6d518cd848c23969e702224afa273b692578fbc0b5f3b48d2fbf31e4932d626,1 UTF-8 lines
anneal-3730-aeneas-restricted-reuse-2026-09-29,support/outputs/base/Funs.lean,2609,95ebe7eceb08b6bad387a2aed200b95dddb47f4289ce69e4b28b0e67d51c6634,51 UTF-8 lines
anneal-3730-aeneas-restricted-reuse-2026-09-29,support/outputs/base/Types.lean,895,1164c147f3b3a875b851e0031504bdcb7700e312bb6988a261223154b588c4f4,23 UTF-8 lines
anneal-3730-aeneas-restricted-reuse-2026-09-29,support/outputs/body/Fixture.lean,20,f6d518cd848c23969e702224afa273b692578fbc0b5f3b48d2fbf31e4932d626,1 UTF-8 lines
anneal-3730-aeneas-restricted-reuse-2026-09-29,support/outputs/body/Funs.lean,2609,58da7d09d475c0e7c28ac43f666315d10633d231f5fd03511d9a1efa19b8e95e,51 UTF-8 lines
anneal-3730-aeneas-restricted-reuse-2026-09-29,support/outputs/body/Types.lean,895,1164c147f3b3a875b851e0031504bdcb7700e312bb6988a261223154b588c4f4,23 UTF-8 lines
anneal-3730-aeneas-restricted-reuse-2026-09-29,support/outputs/signature/Fixture.lean,20,f6d518cd848c23969e702224afa273b692578fbc0b5f3b48d2fbf31e4932d626,1 UTF-8 lines
anneal-3730-aeneas-restricted-reuse-2026-09-29,support/outputs/signature/Funs.lean,2635,32b50304abbabfe8ed524560f59e689e55e8c26ef0b8d4e9a312a6223d7c6987,52 UTF-8 lines
anneal-3730-aeneas-restricted-reuse-2026-09-29,support/outputs/signature/Types.lean,907,42711c5cd2a12df7e3ec5f34ef0340536944b21c71b7bcf871077ab11a67b118,23 UTF-8 lines
anneal-3730-aeneas-restricted-reuse-2026-09-29,support/probe.py,9390,5c0f5e6453c601881deded14b0f54122ac5e0613d27b2b9678a5a2e7e0055981,149 UTF-8 lines
anneal-3730-aeneas-restricted-reuse-2026-09-29,support/results.json,33156,c1a7bd74f206b26adccfa0bd9fcda3bb503a0a9ae12782a27893665322dc6bb5,parsed JSON
anneal-3730-aeneas-restricted-reuse-2026-09-29,support/source-base.rs,364,ed29b097aacbf211949aab72a03c28fbd7aab19bf8cebf18a1100f42a72ef773,10 UTF-8 lines
anneal-3730-aeneas-restricted-reuse-2026-09-29,support/source-body.rs,364,4d2446f2b6e6fda42783eaecda2c2ff2e9cfec67ed659b423f3fd89d492a1232,10 UTF-8 lines
anneal-3730-aeneas-restricted-reuse-2026-09-29,support/source-signature.rs,393,85642b32d2c9e34c100b6e87a6854652ecea7b14a228e14ea95a4c686bd5d4eb,10 UTF-8 lines
anneal-3730-aeneas-restricted-reuse-2026-09-29,support/work/fixture.llbc,24613,2d189e18c1741db448adce9067859bbb78545c0d2fbe613a1c5ab68bc18e71fc,0 UTF-8 lines
anneal-3730-aeneas-restricted-reuse-2026-09-29,support/work/fixture.rs,393,85642b32d2c9e34c100b6e87a6854652ecea7b14a228e14ea95a4c686bd5d4eb,10 UTF-8 lines
anneal-3730-aeneas-restricted-reuse-2026-09-29,support/work/full-base/Fixture/Funs.lean,2609,95ebe7eceb08b6bad387a2aed200b95dddb47f4289ce69e4b28b0e67d51c6634,51 UTF-8 lines
anneal-3730-aeneas-restricted-reuse-2026-09-29,support/work/full-base/Fixture/Funs.olean,28568,4fe2828ac528dc90a9c4dd7d4f23ccac1e4d6f2d3ffb1b1fe1f1c59e00a14676,binary
anneal-3730-aeneas-restricted-reuse-2026-09-29,support/work/full-base/Fixture/Types.lean,895,1164c147f3b3a875b851e0031504bdcb7700e312bb6988a261223154b588c4f4,23 UTF-8 lines
anneal-3730-aeneas-restricted-reuse-2026-09-29,support/work/full-base/Fixture/Types.olean,30192,dd6fac27f4d7eb9e0d81fb1365a6f483f735cabc4f8ee63ad811f593528716a6,binary
anneal-3730-aeneas-restricted-reuse-2026-09-29,support/work/full-base/Fixture.lean,20,f6d518cd848c23969e702224afa273b692578fbc0b5f3b48d2fbf31e4932d626,1 UTF-8 lines
anneal-3730-aeneas-restricted-reuse-2026-09-29,support/work/full-base/Fixture.olean,1312,736ad5bb1a287c7ac6f031ac510a588a6fcbf4a4d3fca82b2b4399cc653fcf4e,binary
anneal-3730-aeneas-restricted-reuse-2026-09-29,support/work/full-base/Proof.lean,288,ed1253b0fa56125b9df8a9de210c9aa5e6a98e04842be4159d941a174d4e201f,7 UTF-8 lines
anneal-3730-aeneas-restricted-reuse-2026-09-29,support/work/full-body/Fixture/Funs.lean,2609,58da7d09d475c0e7c28ac43f666315d10633d231f5fd03511d9a1efa19b8e95e,51 UTF-8 lines
anneal-3730-aeneas-restricted-reuse-2026-09-29,support/work/full-body/Fixture/Funs.olean,28568,0f33276f2e6d5636d1b084f1a58b6019af2b5931d63c9e77b7ec3732dd63d1f1,binary
anneal-3730-aeneas-restricted-reuse-2026-09-29,support/work/full-body/Fixture/Types.lean,895,1164c147f3b3a875b851e0031504bdcb7700e312bb6988a261223154b588c4f4,23 UTF-8 lines
anneal-3730-aeneas-restricted-reuse-2026-09-29,support/work/full-body/Fixture/Types.olean,30192,dd6fac27f4d7eb9e0d81fb1365a6f483f735cabc4f8ee63ad811f593528716a6,binary
anneal-3730-aeneas-restricted-reuse-2026-09-29,support/work/full-body/Fixture.lean,20,f6d518cd848c23969e702224afa273b692578fbc0b5f3b48d2fbf31e4932d626,1 UTF-8 lines
anneal-3730-aeneas-restricted-reuse-2026-09-29,support/work/full-body/Fixture.olean,1312,736ad5bb1a287c7ac6f031ac510a588a6fcbf4a4d3fca82b2b4399cc653fcf4e,binary
anneal-3730-aeneas-restricted-reuse-2026-09-29,support/work/full-body/Proof.lean,288,7e8f792f3aa033043a23c5bdbe0ba21486e7e3544d119d19cdc2cb0d261b02e0,7 UTF-8 lines
anneal-3730-aeneas-restricted-reuse-2026-09-29,support/work/full-signature/Fixture/Funs.lean,2635,32b50304abbabfe8ed524560f59e689e55e8c26ef0b8d4e9a312a6223d7c6987,52 UTF-8 lines
anneal-3730-aeneas-restricted-reuse-2026-09-29,support/work/full-signature/Fixture/Funs.olean,29352,a1b4b0aeb2086bed6329b4544745dcb50d1ed57707b13a12d6a904ce7d393e32,binary
anneal-3730-aeneas-restricted-reuse-2026-09-29,support/work/full-signature/Fixture/Types.lean,907,42711c5cd2a12df7e3ec5f34ef0340536944b21c71b7bcf871077ab11a67b118,23 UTF-8 lines
anneal-3730-aeneas-restricted-reuse-2026-09-29,support/work/full-signature/Fixture/Types.olean,30240,969ade6205db0ba6be96aa1eb06b0cd1c492da053080ae84ba43244add501733,binary
anneal-3730-aeneas-restricted-reuse-2026-09-29,support/work/full-signature/Fixture.lean,20,f6d518cd848c23969e702224afa273b692578fbc0b5f3b48d2fbf31e4932d626,1 UTF-8 lines
anneal-3730-aeneas-restricted-reuse-2026-09-29,support/work/full-signature/Fixture.olean,1312,736ad5bb1a287c7ac6f031ac510a588a6fcbf4a4d3fca82b2b4399cc653fcf4e,binary
anneal-3730-aeneas-restricted-reuse-2026-09-29,support/work/full-signature/Proof.lean,288,ed1253b0fa56125b9df8a9de210c9aa5e6a98e04842be4159d941a174d4e201f,7 UTF-8 lines
anneal-3730-aeneas-restricted-reuse-2026-09-29,support/work/hybrid-body/Fixture/Funs.lean,2609,58da7d09d475c0e7c28ac43f666315d10633d231f5fd03511d9a1efa19b8e95e,51 UTF-8 lines
anneal-3730-aeneas-restricted-reuse-2026-09-29,support/work/hybrid-body/Fixture/Funs.olean,28568,0f33276f2e6d5636d1b084f1a58b6019af2b5931d63c9e77b7ec3732dd63d1f1,binary
anneal-3730-aeneas-restricted-reuse-2026-09-29,support/work/hybrid-body/Fixture/Types.lean,895,1164c147f3b3a875b851e0031504bdcb7700e312bb6988a261223154b588c4f4,23 UTF-8 lines
anneal-3730-aeneas-restricted-reuse-2026-09-29,support/work/hybrid-body/Fixture/Types.olean,30192,dd6fac27f4d7eb9e0d81fb1365a6f483f735cabc4f8ee63ad811f593528716a6,binary
anneal-3730-aeneas-restricted-reuse-2026-09-29,support/work/hybrid-body/Fixture.lean,20,f6d518cd848c23969e702224afa273b692578fbc0b5f3b48d2fbf31e4932d626,1 UTF-8 lines
anneal-3730-aeneas-restricted-reuse-2026-09-29,support/work/hybrid-body/Fixture.olean,1312,736ad5bb1a287c7ac6f031ac510a588a6fcbf4a4d3fca82b2b4399cc653fcf4e,binary
anneal-3730-aeneas-restricted-reuse-2026-09-29,support/work/hybrid-body/Proof.lean,288,7e8f792f3aa033043a23c5bdbe0ba21486e7e3544d119d19cdc2cb0d261b02e0,7 UTF-8 lines
anneal-3730-aeneas-restricted-reuse-2026-09-29,support/work/hybrid-signature/Fixture/Funs.lean,2635,32b50304abbabfe8ed524560f59e689e55e8c26ef0b8d4e9a312a6223d7c6987,52 UTF-8 lines
anneal-3730-aeneas-restricted-reuse-2026-09-29,support/work/hybrid-signature/Fixture/Funs.olean,29352,a1b4b0aeb2086bed6329b4544745dcb50d1ed57707b13a12d6a904ce7d393e32,binary
anneal-3730-aeneas-restricted-reuse-2026-09-29,support/work/hybrid-signature/Fixture/Types.lean,907,42711c5cd2a12df7e3ec5f34ef0340536944b21c71b7bcf871077ab11a67b118,23 UTF-8 lines
anneal-3730-aeneas-restricted-reuse-2026-09-29,support/work/hybrid-signature/Fixture/Types.olean,30240,969ade6205db0ba6be96aa1eb06b0cd1c492da053080ae84ba43244add501733,binary
anneal-3730-aeneas-restricted-reuse-2026-09-29,support/work/hybrid-signature/Fixture.lean,20,f6d518cd848c23969e702224afa273b692578fbc0b5f3b48d2fbf31e4932d626,1 UTF-8 lines
anneal-3730-aeneas-restricted-reuse-2026-09-29,support/work/hybrid-signature/Fixture.olean,1312,736ad5bb1a287c7ac6f031ac510a588a6fcbf4a4d3fca82b2b4399cc653fcf4e,binary
anneal-3730-aeneas-restricted-reuse-2026-09-29,support/work/hybrid-signature/Proof.lean,288,ed1253b0fa56125b9df8a9de210c9aa5e6a98e04842be4159d941a174d4e201f,7 UTF-8 lines
anneal-3730-aeneas-restricted-reuse-2026-09-29,support/work/unsafe-body-funs/Fixture/Funs.lean,2609,58da7d09d475c0e7c28ac43f666315d10633d231f5fd03511d9a1efa19b8e95e,51 UTF-8 lines
anneal-3730-aeneas-restricted-reuse-2026-09-29,support/work/unsafe-body-funs/Fixture/Funs.olean,28568,4fe2828ac528dc90a9c4dd7d4f23ccac1e4d6f2d3ffb1b1fe1f1c59e00a14676,binary
anneal-3730-aeneas-restricted-reuse-2026-09-29,support/work/unsafe-body-funs/Fixture/Types.lean,895,1164c147f3b3a875b851e0031504bdcb7700e312bb6988a261223154b588c4f4,23 UTF-8 lines
anneal-3730-aeneas-restricted-reuse-2026-09-29,support/work/unsafe-body-funs/Fixture/Types.olean,30192,dd6fac27f4d7eb9e0d81fb1365a6f483f735cabc4f8ee63ad811f593528716a6,binary
anneal-3730-aeneas-restricted-reuse-2026-09-29,support/work/unsafe-body-funs/Fixture.lean,20,f6d518cd848c23969e702224afa273b692578fbc0b5f3b48d2fbf31e4932d626,1 UTF-8 lines
anneal-3730-aeneas-restricted-reuse-2026-09-29,support/work/unsafe-body-funs/Fixture.olean,1312,736ad5bb1a287c7ac6f031ac510a588a6fcbf4a4d3fca82b2b4399cc653fcf4e,binary
anneal-3730-aeneas-restricted-reuse-2026-09-29,support/work/unsafe-body-funs/Proof.lean,288,7e8f792f3aa033043a23c5bdbe0ba21486e7e3544d119d19cdc2cb0d261b02e0,7 UTF-8 lines
anneal-3730-aeneas-restricted-reuse-2026-09-29,support/work/unsafe-signature-types/Fixture/Funs.lean,2635,32b50304abbabfe8ed524560f59e689e55e8c26ef0b8d4e9a312a6223d7c6987,52 UTF-8 lines
anneal-3730-aeneas-restricted-reuse-2026-09-29,support/work/unsafe-signature-types/Fixture/Types.lean,907,42711c5cd2a12df7e3ec5f34ef0340536944b21c71b7bcf871077ab11a67b118,23 UTF-8 lines
anneal-3730-aeneas-restricted-reuse-2026-09-29,support/work/unsafe-signature-types/Fixture/Types.olean,30192,dd6fac27f4d7eb9e0d81fb1365a6f483f735cabc4f8ee63ad811f593528716a6,binary
anneal-3730-aeneas-restricted-reuse-2026-09-29,support/work/unsafe-signature-types/Fixture.lean,20,f6d518cd848c23969e702224afa273b692578fbc0b5f3b48d2fbf31e4932d626,1 UTF-8 lines
anneal-3730-combined-pipeline-concurrency-2026-09-29,REPORT.json,1266,184ae074293efcce3a6b27abfdb4a9ddc9e877e6d72e37c6dcc092159dcd1a96,parsed JSON
anneal-3730-combined-pipeline-concurrency-2026-09-29,REPORT.md,9254,4393456336aa03204032a558f45de43a56debb3cfe793c220940df28aeff5d8e,50 UTF-8 lines
anneal-3730-combined-pipeline-concurrency-2026-09-29,support/__pycache__/probe.cpython-314.pyc,28171,73a53ecf2ed17920940dc85ace92a34af83db3b6bcdd6d4e6329d73c79bef84b,binary
anneal-3730-combined-pipeline-concurrency-2026-09-29,support/check.py,1931,9e73e4dc70fc37bec6d51d6cec913c3a104c060b5b6262cadc9801d71b0fb511,36 UTF-8 lines
anneal-3730-combined-pipeline-concurrency-2026-09-29,support/probe.py,13543,1112af01d3dc9a0cc7c2a17f25a0f15f9fbc19d56eba83ebc37154c8677c1f1f,242 UTF-8 lines
anneal-3730-combined-pipeline-concurrency-2026-09-29,support/results-instrumented.json,94072,c545569d5e3f1c158cae24c1c8da18945fe3546cd194c3a70d8c86dc5e07450d,parsed JSON
anneal-3730-combined-pipeline-concurrency-2026-09-29,support/results-uninstrumented.json,52251,d82e377414b01b1bb7002255e14846a08169c95057d0c763c2afbee69f992b82,parsed JSON
anneal-3730-combined-pipeline-concurrency-2026-09-29,support/work/parallel-2/u0/consumer/Current/Funs.lean,1120,9f46bcf2a3adc9f3574b5f14b607d9e11ad1de3007d6113add5f715fd6f72ce7,39 UTF-8 lines
anneal-3730-combined-pipeline-concurrency-2026-09-29,support/work/parallel-2/u0/consumer/Current/Funs.olean,23512,e04ad2a37e3f2c5d45b35d16bf468cde46e10627c83409a69cf3d920acd7df0b,binary
anneal-3730-combined-pipeline-concurrency-2026-09-29,support/work/parallel-2/u0/consumer/Current/Types.lean,542,2117be5691a2bb932beae6c2d4d68ab6025eb7ff28c29282c05215885599655e,17 UTF-8 lines
anneal-3730-combined-pipeline-concurrency-2026-09-29,support/work/parallel-2/u0/consumer/Current/Types.olean,1616,072b89a043ce77f789e8e69c6afba337a0ad8f6b9a4e241240aeaa3924f52d24,binary
anneal-3730-combined-pipeline-concurrency-2026-09-29,support/work/parallel-2/u0/consumer/Current.lean,20,c62893d039c7c93787bb4c819c5fa40e6edef71cd0c3f9be5ff843df7616f49e,1 UTF-8 lines
anneal-3730-combined-pipeline-concurrency-2026-09-29,support/work/parallel-2/u0/consumer/Current.olean,1312,34547467aa8017d1ff0efebc746e14a1b50ef6cb446e9aa1404d09cc0ffef149,binary
anneal-3730-combined-pipeline-concurrency-2026-09-29,support/work/parallel-2/u0/consumer/Proof.lean,300,487cc2eb0993a04ce40fde059b225a91d944ee6899663ef85407cb75e3c12ec1,7 UTF-8 lines
anneal-3730-combined-pipeline-concurrency-2026-09-29,support/work/parallel-2/u0/crate/Cargo.lock,161,b5a00c2a91033d879601ba08f791c7faf418067bd19a3d00224ab2f5b5e7f935,7 UTF-8 lines
anneal-3730-combined-pipeline-concurrency-2026-09-29,support/work/parallel-2/u0/crate/Cargo.toml,72,21a8dfb865578432bdf63def7e7238495b8b028e11a9b1af6e321d660487e789,4 UTF-8 lines
anneal-3730-combined-pipeline-concurrency-2026-09-29,support/work/parallel-2/u0/crate/src/lib.rs,185,1e7af22d8ddc414be834c97d11976d265767cb316fa5664ac45da948531bb622,4 UTF-8 lines
anneal-3730-combined-pipeline-concurrency-2026-09-29,support/work/parallel-2/u0/current.llbc,16101,0bd78b780eeba59325096c41a0941f498b9ff21f1bacc76ec8be1d49b76f246c,0 UTF-8 lines
anneal-3730-combined-pipeline-concurrency-2026-09-29,support/work/parallel-2/u0/generated/Current.lean,20,c62893d039c7c93787bb4c819c5fa40e6edef71cd0c3f9be5ff843df7616f49e,1 UTF-8 lines
anneal-3730-combined-pipeline-concurrency-2026-09-29,support/work/parallel-2/u0/generated/Funs.lean,1120,9f46bcf2a3adc9f3574b5f14b607d9e11ad1de3007d6113add5f715fd6f72ce7,39 UTF-8 lines
anneal-3730-combined-pipeline-concurrency-2026-09-29,support/work/parallel-2/u0/generated/Types.lean,542,2117be5691a2bb932beae6c2d4d68ab6025eb7ff28c29282c05215885599655e,17 UTF-8 lines
anneal-3730-combined-pipeline-concurrency-2026-09-29,support/work/parallel-2/u1/consumer/Current/Funs.lean,1120,9f46bcf2a3adc9f3574b5f14b607d9e11ad1de3007d6113add5f715fd6f72ce7,39 UTF-8 lines
anneal-3730-combined-pipeline-concurrency-2026-09-29,support/work/parallel-2/u1/consumer/Current/Funs.olean,23512,e04ad2a37e3f2c5d45b35d16bf468cde46e10627c83409a69cf3d920acd7df0b,binary
anneal-3730-combined-pipeline-concurrency-2026-09-29,support/work/parallel-2/u1/consumer/Current/Types.lean,542,2117be5691a2bb932beae6c2d4d68ab6025eb7ff28c29282c05215885599655e,17 UTF-8 lines
anneal-3730-combined-pipeline-concurrency-2026-09-29,support/work/parallel-2/u1/consumer/Current/Types.olean,1616,072b89a043ce77f789e8e69c6afba337a0ad8f6b9a4e241240aeaa3924f52d24,binary
anneal-3730-combined-pipeline-concurrency-2026-09-29,support/work/parallel-2/u1/consumer/Current.lean,20,c62893d039c7c93787bb4c819c5fa40e6edef71cd0c3f9be5ff843df7616f49e,1 UTF-8 lines
anneal-3730-combined-pipeline-concurrency-2026-09-29,support/work/parallel-2/u1/consumer/Current.olean,1312,34547467aa8017d1ff0efebc746e14a1b50ef6cb446e9aa1404d09cc0ffef149,binary
anneal-3730-combined-pipeline-concurrency-2026-09-29,support/work/parallel-2/u1/consumer/Proof.lean,300,487cc2eb0993a04ce40fde059b225a91d944ee6899663ef85407cb75e3c12ec1,7 UTF-8 lines
anneal-3730-combined-pipeline-concurrency-2026-09-29,support/work/parallel-2/u1/crate/Cargo.lock,161,b5a00c2a91033d879601ba08f791c7faf418067bd19a3d00224ab2f5b5e7f935,7 UTF-8 lines
anneal-3730-combined-pipeline-concurrency-2026-09-29,support/work/parallel-2/u1/crate/Cargo.toml,72,21a8dfb865578432bdf63def7e7238495b8b028e11a9b1af6e321d660487e789,4 UTF-8 lines
anneal-3730-combined-pipeline-concurrency-2026-09-29,support/work/parallel-2/u1/crate/src/lib.rs,185,1e7af22d8ddc414be834c97d11976d265767cb316fa5664ac45da948531bb622,4 UTF-8 lines
anneal-3730-combined-pipeline-concurrency-2026-09-29,support/work/parallel-2/u1/current.llbc,16101,d444abf9efcecf28eea410c10ad1beb68f8301d857c395313cc948b1450fdb00,0 UTF-8 lines
anneal-3730-combined-pipeline-concurrency-2026-09-29,support/work/parallel-2/u1/generated/Current.lean,20,c62893d039c7c93787bb4c819c5fa40e6edef71cd0c3f9be5ff843df7616f49e,1 UTF-8 lines
anneal-3730-combined-pipeline-concurrency-2026-09-29,support/work/parallel-2/u1/generated/Funs.lean,1120,9f46bcf2a3adc9f3574b5f14b607d9e11ad1de3007d6113add5f715fd6f72ce7,39 UTF-8 lines
anneal-3730-combined-pipeline-concurrency-2026-09-29,support/work/parallel-2/u1/generated/Types.lean,542,2117be5691a2bb932beae6c2d4d68ab6025eb7ff28c29282c05215885599655e,17 UTF-8 lines
anneal-3730-combined-pipeline-concurrency-2026-09-29,support/work/parallel-2-lean1/u0/consumer/Current/Funs.lean,1120,9f46bcf2a3adc9f3574b5f14b607d9e11ad1de3007d6113add5f715fd6f72ce7,39 UTF-8 lines
anneal-3730-combined-pipeline-concurrency-2026-09-29,support/work/parallel-2-lean1/u0/consumer/Current/Funs.olean,23512,e04ad2a37e3f2c5d45b35d16bf468cde46e10627c83409a69cf3d920acd7df0b,binary
anneal-3730-combined-pipeline-concurrency-2026-09-29,support/work/parallel-2-lean1/u0/consumer/Current/Types.lean,542,2117be5691a2bb932beae6c2d4d68ab6025eb7ff28c29282c05215885599655e,17 UTF-8 lines
anneal-3730-combined-pipeline-concurrency-2026-09-29,support/work/parallel-2-lean1/u0/consumer/Current/Types.olean,1616,072b89a043ce77f789e8e69c6afba337a0ad8f6b9a4e241240aeaa3924f52d24,binary
anneal-3730-combined-pipeline-concurrency-2026-09-29,support/work/parallel-2-lean1/u0/consumer/Current.lean,20,c62893d039c7c93787bb4c819c5fa40e6edef71cd0c3f9be5ff843df7616f49e,1 UTF-8 lines
anneal-3730-combined-pipeline-concurrency-2026-09-29,support/work/parallel-2-lean1/u0/consumer/Current.olean,1312,34547467aa8017d1ff0efebc746e14a1b50ef6cb446e9aa1404d09cc0ffef149,binary
anneal-3730-combined-pipeline-concurrency-2026-09-29,support/work/parallel-2-lean1/u0/consumer/Proof.lean,300,487cc2eb0993a04ce40fde059b225a91d944ee6899663ef85407cb75e3c12ec1,7 UTF-8 lines
anneal-3730-combined-pipeline-concurrency-2026-09-29,support/work/parallel-2-lean1/u0/crate/Cargo.lock,161,b5a00c2a91033d879601ba08f791c7faf418067bd19a3d00224ab2f5b5e7f935,7 UTF-8 lines
anneal-3730-combined-pipeline-concurrency-2026-09-29,support/work/parallel-2-lean1/u0/crate/Cargo.toml,72,21a8dfb865578432bdf63def7e7238495b8b028e11a9b1af6e321d660487e789,4 UTF-8 lines
anneal-3730-combined-pipeline-concurrency-2026-09-29,support/work/parallel-2-lean1/u0/crate/src/lib.rs,185,1e7af22d8ddc414be834c97d11976d265767cb316fa5664ac45da948531bb622,4 UTF-8 lines
anneal-3730-combined-pipeline-concurrency-2026-09-29,support/work/parallel-2-lean1/u0/current.llbc,16107,c9dbe65869e29ac8f0a0ddb351918b0ec069dac1236b61a84e4130d97b2c8986,0 UTF-8 lines
anneal-3730-combined-pipeline-concurrency-2026-09-29,support/work/parallel-2-lean1/u0/generated/Current.lean,20,c62893d039c7c93787bb4c819c5fa40e6edef71cd0c3f9be5ff843df7616f49e,1 UTF-8 lines
anneal-3730-combined-pipeline-concurrency-2026-09-29,support/work/parallel-2-lean1/u0/generated/Funs.lean,1120,9f46bcf2a3adc9f3574b5f14b607d9e11ad1de3007d6113add5f715fd6f72ce7,39 UTF-8 lines
anneal-3730-combined-pipeline-concurrency-2026-09-29,support/work/parallel-2-lean1/u0/generated/Types.lean,542,2117be5691a2bb932beae6c2d4d68ab6025eb7ff28c29282c05215885599655e,17 UTF-8 lines
anneal-3730-combined-pipeline-concurrency-2026-09-29,support/work/parallel-2-lean1/u1/consumer/Current/Funs.lean,1120,9f46bcf2a3adc9f3574b5f14b607d9e11ad1de3007d6113add5f715fd6f72ce7,39 UTF-8 lines
anneal-3730-combined-pipeline-concurrency-2026-09-29,support/work/parallel-2-lean1/u1/consumer/Current/Funs.olean,23512,e04ad2a37e3f2c5d45b35d16bf468cde46e10627c83409a69cf3d920acd7df0b,binary
anneal-3730-combined-pipeline-concurrency-2026-09-29,support/work/parallel-2-lean1/u1/consumer/Current/Types.lean,542,2117be5691a2bb932beae6c2d4d68ab6025eb7ff28c29282c05215885599655e,17 UTF-8 lines
anneal-3730-combined-pipeline-concurrency-2026-09-29,support/work/parallel-2-lean1/u1/consumer/Current/Types.olean,1616,072b89a043ce77f789e8e69c6afba337a0ad8f6b9a4e241240aeaa3924f52d24,binary
anneal-3730-combined-pipeline-concurrency-2026-09-29,support/work/parallel-2-lean1/u1/consumer/Current.lean,20,c62893d039c7c93787bb4c819c5fa40e6edef71cd0c3f9be5ff843df7616f49e,1 UTF-8 lines
anneal-3730-combined-pipeline-concurrency-2026-09-29,support/work/parallel-2-lean1/u1/consumer/Current.olean,1312,34547467aa8017d1ff0efebc746e14a1b50ef6cb446e9aa1404d09cc0ffef149,binary
anneal-3730-combined-pipeline-concurrency-2026-09-29,support/work/parallel-2-lean1/u1/consumer/Proof.lean,300,487cc2eb0993a04ce40fde059b225a91d944ee6899663ef85407cb75e3c12ec1,7 UTF-8 lines
anneal-3730-combined-pipeline-concurrency-2026-09-29,support/work/parallel-2-lean1/u1/crate/Cargo.lock,161,b5a00c2a91033d879601ba08f791c7faf418067bd19a3d00224ab2f5b5e7f935,7 UTF-8 lines
anneal-3730-combined-pipeline-concurrency-2026-09-29,support/work/parallel-2-lean1/u1/crate/Cargo.toml,72,21a8dfb865578432bdf63def7e7238495b8b028e11a9b1af6e321d660487e789,4 UTF-8 lines
anneal-3730-combined-pipeline-concurrency-2026-09-29,support/work/parallel-2-lean1/u1/crate/src/lib.rs,185,1e7af22d8ddc414be834c97d11976d265767cb316fa5664ac45da948531bb622,4 UTF-8 lines
anneal-3730-combined-pipeline-concurrency-2026-09-29,support/work/parallel-2-lean1/u1/current.llbc,16107,0db255b43b7d0a318c0476691bc723501197f7b594255556627b982e3fcc0c15,0 UTF-8 lines
anneal-3730-combined-pipeline-concurrency-2026-09-29,support/work/parallel-2-lean1/u1/generated/Current.lean,20,c62893d039c7c93787bb4c819c5fa40e6edef71cd0c3f9be5ff843df7616f49e,1 UTF-8 lines
anneal-3730-combined-pipeline-concurrency-2026-09-29,support/work/parallel-2-lean1/u1/generated/Funs.lean,1120,9f46bcf2a3adc9f3574b5f14b607d9e11ad1de3007d6113add5f715fd6f72ce7,39 UTF-8 lines
anneal-3730-combined-pipeline-concurrency-2026-09-29,support/work/parallel-2-lean1/u1/generated/Types.lean,542,2117be5691a2bb932beae6c2d4d68ab6025eb7ff28c29282c05215885599655e,17 UTF-8 lines
anneal-3730-combined-pipeline-concurrency-2026-09-29,support/work/serial-2/u0/consumer/Current/Funs.lean,1120,9f46bcf2a3adc9f3574b5f14b607d9e11ad1de3007d6113add5f715fd6f72ce7,39 UTF-8 lines
anneal-3730-combined-pipeline-concurrency-2026-09-29,support/work/serial-2/u0/consumer/Current/Funs.olean,23512,e04ad2a37e3f2c5d45b35d16bf468cde46e10627c83409a69cf3d920acd7df0b,binary
anneal-3730-combined-pipeline-concurrency-2026-09-29,support/work/serial-2/u0/consumer/Current/Types.lean,542,2117be5691a2bb932beae6c2d4d68ab6025eb7ff28c29282c05215885599655e,17 UTF-8 lines
anneal-3730-combined-pipeline-concurrency-2026-09-29,support/work/serial-2/u0/consumer/Current/Types.olean,1616,072b89a043ce77f789e8e69c6afba337a0ad8f6b9a4e241240aeaa3924f52d24,binary
anneal-3730-combined-pipeline-concurrency-2026-09-29,support/work/serial-2/u0/consumer/Current.lean,20,c62893d039c7c93787bb4c819c5fa40e6edef71cd0c3f9be5ff843df7616f49e,1 UTF-8 lines
anneal-3730-combined-pipeline-concurrency-2026-09-29,support/work/serial-2/u0/consumer/Current.olean,1312,34547467aa8017d1ff0efebc746e14a1b50ef6cb446e9aa1404d09cc0ffef149,binary
anneal-3730-combined-pipeline-concurrency-2026-09-29,support/work/serial-2/u0/consumer/Proof.lean,300,487cc2eb0993a04ce40fde059b225a91d944ee6899663ef85407cb75e3c12ec1,7 UTF-8 lines
anneal-3730-combined-pipeline-concurrency-2026-09-29,support/work/serial-2/u0/crate/Cargo.lock,161,b5a00c2a91033d879601ba08f791c7faf418067bd19a3d00224ab2f5b5e7f935,7 UTF-8 lines
anneal-3730-combined-pipeline-concurrency-2026-09-29,support/work/serial-2/u0/crate/Cargo.toml,72,21a8dfb865578432bdf63def7e7238495b8b028e11a9b1af6e321d660487e789,4 UTF-8 lines
anneal-3730-combined-pipeline-concurrency-2026-09-29,support/work/serial-2/u0/crate/src/lib.rs,185,1e7af22d8ddc414be834c97d11976d265767cb316fa5664ac45da948531bb622,4 UTF-8 lines
anneal-3730-combined-pipeline-concurrency-2026-09-29,support/work/serial-2/u0/current.llbc,16099,ae8d4908a4f7c84902d2da499210d58c117a264ea10c0aa1b25df9e402fd355c,0 UTF-8 lines
anneal-3730-combined-pipeline-concurrency-2026-09-29,support/work/serial-2/u0/generated/Current.lean,20,c62893d039c7c93787bb4c819c5fa40e6edef71cd0c3f9be5ff843df7616f49e,1 UTF-8 lines
anneal-3730-combined-pipeline-concurrency-2026-09-29,support/work/serial-2/u0/generated/Funs.lean,1120,9f46bcf2a3adc9f3574b5f14b607d9e11ad1de3007d6113add5f715fd6f72ce7,39 UTF-8 lines
anneal-3730-combined-pipeline-concurrency-2026-09-29,support/work/serial-2/u0/generated/Types.lean,542,2117be5691a2bb932beae6c2d4d68ab6025eb7ff28c29282c05215885599655e,17 UTF-8 lines
anneal-3730-combined-pipeline-concurrency-2026-09-29,support/work/serial-2/u1/consumer/Current/Funs.lean,1120,9f46bcf2a3adc9f3574b5f14b607d9e11ad1de3007d6113add5f715fd6f72ce7,39 UTF-8 lines
anneal-3730-combined-pipeline-concurrency-2026-09-29,support/work/serial-2/u1/consumer/Current/Funs.olean,23512,e04ad2a37e3f2c5d45b35d16bf468cde46e10627c83409a69cf3d920acd7df0b,binary
anneal-3730-combined-pipeline-concurrency-2026-09-29,support/work/serial-2/u1/consumer/Current/Types.lean,542,2117be5691a2bb932beae6c2d4d68ab6025eb7ff28c29282c05215885599655e,17 UTF-8 lines
anneal-3730-combined-pipeline-concurrency-2026-09-29,support/work/serial-2/u1/consumer/Current/Types.olean,1616,072b89a043ce77f789e8e69c6afba337a0ad8f6b9a4e241240aeaa3924f52d24,binary
anneal-3730-combined-pipeline-concurrency-2026-09-29,support/work/serial-2/u1/consumer/Current.lean,20,c62893d039c7c93787bb4c819c5fa40e6edef71cd0c3f9be5ff843df7616f49e,1 UTF-8 lines
anneal-3730-combined-pipeline-concurrency-2026-09-29,support/work/serial-2/u1/consumer/Current.olean,1312,34547467aa8017d1ff0efebc746e14a1b50ef6cb446e9aa1404d09cc0ffef149,binary
anneal-3730-combined-pipeline-concurrency-2026-09-29,support/work/serial-2/u1/consumer/Proof.lean,300,487cc2eb0993a04ce40fde059b225a91d944ee6899663ef85407cb75e3c12ec1,7 UTF-8 lines
anneal-3730-combined-pipeline-concurrency-2026-09-29,support/work/serial-2/u1/crate/Cargo.lock,161,b5a00c2a91033d879601ba08f791c7faf418067bd19a3d00224ab2f5b5e7f935,7 UTF-8 lines
anneal-3730-combined-pipeline-concurrency-2026-09-29,support/work/serial-2/u1/crate/Cargo.toml,72,21a8dfb865578432bdf63def7e7238495b8b028e11a9b1af6e321d660487e789,4 UTF-8 lines
anneal-3730-combined-pipeline-concurrency-2026-09-29,support/work/serial-2/u1/crate/src/lib.rs,185,1e7af22d8ddc414be834c97d11976d265767cb316fa5664ac45da948531bb622,4 UTF-8 lines
anneal-3730-combined-pipeline-concurrency-2026-09-29,support/work/serial-2/u1/current.llbc,16099,c6c04e6c92cd263fb9509c0a2aa6ce4fd4a61e63ae781edc1b504e11cd933ced,0 UTF-8 lines
anneal-3730-combined-pipeline-concurrency-2026-09-29,support/work/serial-2/u1/generated/Current.lean,20,c62893d039c7c93787bb4c819c5fa40e6edef71cd0c3f9be5ff843df7616f49e,1 UTF-8 lines
anneal-3730-combined-pipeline-concurrency-2026-09-29,support/work/serial-2/u1/generated/Funs.lean,1120,9f46bcf2a3adc9f3574b5f14b607d9e11ad1de3007d6113add5f715fd6f72ce7,39 UTF-8 lines
anneal-3730-combined-pipeline-concurrency-2026-09-29,support/work/serial-2/u1/generated/Types.lean,542,2117be5691a2bb932beae6c2d4d68ab6025eb7ff28c29282c05215885599655e,17 UTF-8 lines
anneal-3730-compatible-bundle-upgrade-golden-2026-09-29,REPORT.json,1176,cfb9b5a712f91f25e0a911ba38dc707998a64bd1ba6ea2db02b2ca879bdd721d,parsed JSON
anneal-3730-compatible-bundle-upgrade-golden-2026-09-29,REPORT.md,8074,42ee64ad1661045768f61d9a770d43f9a1280aa626af1acccacd2b8f13c840f8,63 UTF-8 lines
anneal-3730-compatible-bundle-upgrade-golden-2026-09-29,support/check.py,6433,38203535845d7dc9197fc2788aa541fba13f43ee93d10978513bf9c234c2c8b5,119 UTF-8 lines
anneal-3730-compatible-bundle-upgrade-golden-2026-09-29,support/fixture/Cargo.toml,68,8ee9d9618012cf8314a8c0df43bae4504b7c2f4e8b73dbb32daae46d7eeb8492,4 UTF-8 lines
anneal-3730-compatible-bundle-upgrade-golden-2026-09-29,support/fixture/src/lib.rs,310,c571b242f56aea2c4ca6227b40590d982bb3ab674d0a24b8f32467407e139293,7 UTF-8 lines
anneal-3730-compatible-bundle-upgrade-golden-2026-09-29,support/fixture/tests/behavior.rs,161,2454a5a3e4a8790b2b02503e9e606e90f3012a44b11c0be24fda22d7848018ec,8 UTF-8 lines
anneal-3730-compatible-bundle-upgrade-golden-2026-09-29,support/inventory.py,3164,2abdae305dc8fcf8a4223e4eb0df4430a30c80f6d206323a65d0be4eee486d48,62 UTF-8 lines
anneal-3730-compatible-bundle-upgrade-golden-2026-09-29,support/local-pin-inventory.json,6890,d61f8d2958746e168f38944d128212bf8e7ab52ab330bda1b1bce5bb14e588d3,parsed JSON
anneal-3730-compatible-bundle-upgrade-golden-2026-09-29,support/probe.py,13885,83a497dd104fff675182949f3c9908914f51575cac9af5577184fb003e938f96,258 UTF-8 lines
anneal-3730-compatible-bundle-upgrade-golden-2026-09-29,support/results.json,81448,dc95ef79a9e31d2f37ac48f5e73e05dc49b11cc15265be79225582347d1f73ef,parsed JSON
anneal-3730-compatible-bundle-upgrade-golden-2026-09-29,support/summary.json,510,fb5d78998ea971ab85fbe452c74b4af1aee3605429c57fb4176f33962d8461d9,parsed JSON
anneal-3730-compatible-bundle-upgrade-golden-2026-09-29,support/work/june1-base/consumer/Admitted.lean,106,ca0e6c57e34d5e6a36f36b294da2e9e25c0695bf4e136fb4d5e56cbac13c2b29,3 UTF-8 lines
anneal-3730-compatible-bundle-upgrade-golden-2026-09-29,support/work/june1-base/consumer/Current/Funs.lean,1096,9d85e4b057d5e99599114bc400dd49b5c639a078c14cd6879ebe608947cf4519,39 UTF-8 lines
anneal-3730-compatible-bundle-upgrade-golden-2026-09-29,support/work/june1-base/consumer/Current/Funs.olean,23496,ca69b5dc0c90278c5131f878f33697dc07477d6d8c3ede3f152e84919d885f09,binary
anneal-3730-compatible-bundle-upgrade-golden-2026-09-29,support/work/june1-base/consumer/Current/Types.lean,530,4af6239d04ae98fa8cad6d1930e0d91fefa2a037635e9989cb671464e33e0a13,17 UTF-8 lines
anneal-3730-compatible-bundle-upgrade-golden-2026-09-29,support/work/june1-base/consumer/Current/Types.olean,1608,d2edfb339576f29243e83d8ffd1bd6c30f7217b7d5bd8312e63bb49570e972a3,binary
anneal-3730-compatible-bundle-upgrade-golden-2026-09-29,support/work/june1-base/consumer/Current.lean,20,c62893d039c7c93787bb4c819c5fa40e6edef71cd0c3f9be5ff843df7616f49e,1 UTF-8 lines
anneal-3730-compatible-bundle-upgrade-golden-2026-09-29,support/work/june1-base/consumer/Current.olean,1312,34547467aa8017d1ff0efebc746e14a1b50ef6cb446e9aa1404d09cc0ffef149,binary
anneal-3730-compatible-bundle-upgrade-golden-2026-09-29,support/work/june1-base/consumer/Missing.lean,79,dbcc6df6060558d98f033c866aea3ec1d9785b66338fdda4ee4b95228ad7383f,2 UTF-8 lines
anneal-3730-compatible-bundle-upgrade-golden-2026-09-29,support/work/june1-base/consumer/Proof.lean,288,6ac94761f534663c710b14916d1412d9a35d252bf5b20db6be9d9ae1c25d42d5,7 UTF-8 lines
anneal-3730-compatible-bundle-upgrade-golden-2026-09-29,support/work/june1-base/consumer/Wrong.lean,82,cf76b0e1695e3583bbd1e114a6282d7db7f5c4958f54ccd5b0c0050462f7f54f,2 UTF-8 lines
anneal-3730-compatible-bundle-upgrade-golden-2026-09-29,support/work/june1-base/crate/Cargo.lock,157,8bc77d48b24f5ae4ffdbaa545acc3c9dd7cddb19038e85c93a329a9bbd1ffbdb,7 UTF-8 lines
anneal-3730-compatible-bundle-upgrade-golden-2026-09-29,support/work/june1-base/crate/Cargo.toml,68,8ee9d9618012cf8314a8c0df43bae4504b7c2f4e8b73dbb32daae46d7eeb8492,4 UTF-8 lines
anneal-3730-compatible-bundle-upgrade-golden-2026-09-29,support/work/june1-base/crate/src/lib.rs,310,c571b242f56aea2c4ca6227b40590d982bb3ab674d0a24b8f32467407e139293,7 UTF-8 lines
anneal-3730-compatible-bundle-upgrade-golden-2026-09-29,support/work/june1-base/crate/tests/behavior.rs,161,2454a5a3e4a8790b2b02503e9e606e90f3012a44b11c0be24fda22d7848018ec,8 UTF-8 lines
anneal-3730-compatible-bundle-upgrade-golden-2026-09-29,support/work/june1-base/current.llbc,16335,d821b046d03f6ff5da29c204c3fff1151382b69b3e4c80c672bd890111e7ac2b,0 UTF-8 lines
anneal-3730-compatible-bundle-upgrade-golden-2026-09-29,support/work/june1-base/generated/Current.lean,20,c62893d039c7c93787bb4c819c5fa40e6edef71cd0c3f9be5ff843df7616f49e,1 UTF-8 lines
anneal-3730-compatible-bundle-upgrade-golden-2026-09-29,support/work/june1-base/generated/Funs.lean,1096,9d85e4b057d5e99599114bc400dd49b5c639a078c14cd6879ebe608947cf4519,39 UTF-8 lines
anneal-3730-compatible-bundle-upgrade-golden-2026-09-29,support/work/june1-base/generated/Types.lean,530,4af6239d04ae98fa8cad6d1930e0d91fefa2a037635e9989cb671464e33e0a13,17 UTF-8 lines
anneal-3730-compatible-bundle-upgrade-golden-2026-09-29,support/work/june1-changed/consumer/Admitted.lean,106,ca0e6c57e34d5e6a36f36b294da2e9e25c0695bf4e136fb4d5e56cbac13c2b29,3 UTF-8 lines
anneal-3730-compatible-bundle-upgrade-golden-2026-09-29,support/work/june1-changed/consumer/Current/Funs.lean,1096,ecc34d8ba16ff2f2345c5100d4110a15399468b46356367a039379ecd9b8ca14,39 UTF-8 lines
anneal-3730-compatible-bundle-upgrade-golden-2026-09-29,support/work/june1-changed/consumer/Current/Funs.olean,24392,6785de9473752af8b4ad1a68fb6f44f1a505831889608fa919e2e43b09a4826f,binary
anneal-3730-compatible-bundle-upgrade-golden-2026-09-29,support/work/june1-changed/consumer/Current/Types.lean,530,4af6239d04ae98fa8cad6d1930e0d91fefa2a037635e9989cb671464e33e0a13,17 UTF-8 lines
anneal-3730-compatible-bundle-upgrade-golden-2026-09-29,support/work/june1-changed/consumer/Current/Types.olean,1608,d2edfb339576f29243e83d8ffd1bd6c30f7217b7d5bd8312e63bb49570e972a3,binary
anneal-3730-compatible-bundle-upgrade-golden-2026-09-29,support/work/june1-changed/consumer/Current.lean,20,c62893d039c7c93787bb4c819c5fa40e6edef71cd0c3f9be5ff843df7616f49e,1 UTF-8 lines
anneal-3730-compatible-bundle-upgrade-golden-2026-09-29,support/work/june1-changed/consumer/Current.olean,1312,34547467aa8017d1ff0efebc746e14a1b50ef6cb446e9aa1404d09cc0ffef149,binary
anneal-3730-compatible-bundle-upgrade-golden-2026-09-29,support/work/june1-changed/consumer/Missing.lean,79,791732ebce1e45bb73466fe1d243fd83a7f3e100dc73f5cc5df8efa9cca3d873,2 UTF-8 lines
anneal-3730-compatible-bundle-upgrade-golden-2026-09-29,support/work/june1-changed/consumer/Proof.lean,288,73f1c4b3b51394c010a3a9e4f3b1501aede460568974be849cb1404106a6700c,7 UTF-8 lines
anneal-3730-compatible-bundle-upgrade-golden-2026-09-29,support/work/june1-changed/consumer/Wrong.lean,82,cf76b0e1695e3583bbd1e114a6282d7db7f5c4958f54ccd5b0c0050462f7f54f,2 UTF-8 lines
anneal-3730-compatible-bundle-upgrade-golden-2026-09-29,support/work/june1-changed/crate/Cargo.lock,157,8bc77d48b24f5ae4ffdbaa545acc3c9dd7cddb19038e85c93a329a9bbd1ffbdb,7 UTF-8 lines
anneal-3730-compatible-bundle-upgrade-golden-2026-09-29,support/work/june1-changed/crate/Cargo.toml,68,8ee9d9618012cf8314a8c0df43bae4504b7c2f4e8b73dbb32daae46d7eeb8492,4 UTF-8 lines
anneal-3730-compatible-bundle-upgrade-golden-2026-09-29,support/work/june1-changed/crate/src/lib.rs,310,dbc00097eb89527ec411dee5f437701c0aa9980bed747724dabe818daa428979,7 UTF-8 lines
anneal-3730-compatible-bundle-upgrade-golden-2026-09-29,support/work/june1-changed/crate/tests/behavior.rs,160,699da3607315a2a0ae44bf47ed5b93b673edc95fa6a00037ad7d7074f4b0e2ec,6 UTF-8 lines
anneal-3730-compatible-bundle-upgrade-golden-2026-09-29,support/work/june1-changed/current.llbc,16338,eb710760439c8ba2a94e6530f05972ba610eb4184cf00ab2cad6202b053aad3b,0 UTF-8 lines
anneal-3730-compatible-bundle-upgrade-golden-2026-09-29,support/work/june1-changed/generated/Current.lean,20,c62893d039c7c93787bb4c819c5fa40e6edef71cd0c3f9be5ff843df7616f49e,1 UTF-8 lines
anneal-3730-compatible-bundle-upgrade-golden-2026-09-29,support/work/june1-changed/generated/Funs.lean,1096,ecc34d8ba16ff2f2345c5100d4110a15399468b46356367a039379ecd9b8ca14,39 UTF-8 lines
anneal-3730-compatible-bundle-upgrade-golden-2026-09-29,support/work/june1-changed/generated/Types.lean,530,4af6239d04ae98fa8cad6d1930e0d91fefa2a037635e9989cb671464e33e0a13,17 UTF-8 lines
anneal-3730-compatible-bundle-upgrade-golden-2026-09-29,support/work/june1-default-parallel-1/Current.lean,20,c62893d039c7c93787bb4c819c5fa40e6edef71cd0c3f9be5ff843df7616f49e,1 UTF-8 lines
anneal-3730-compatible-bundle-upgrade-golden-2026-09-29,support/work/june1-default-parallel-1/Funs.lean,1096,9d85e4b057d5e99599114bc400dd49b5c639a078c14cd6879ebe608947cf4519,39 UTF-8 lines
anneal-3730-compatible-bundle-upgrade-golden-2026-09-29,support/work/june1-default-parallel-1/Types.lean,530,4af6239d04ae98fa8cad6d1930e0d91fefa2a037635e9989cb671464e33e0a13,17 UTF-8 lines
anneal-3730-compatible-bundle-upgrade-golden-2026-09-29,support/work/june1-default-parallel-2/Current.lean,20,c62893d039c7c93787bb4c819c5fa40e6edef71cd0c3f9be5ff843df7616f49e,1 UTF-8 lines
anneal-3730-compatible-bundle-upgrade-golden-2026-09-29,support/work/june1-default-parallel-2/Funs.lean,1096,9d85e4b057d5e99599114bc400dd49b5c639a078c14cd6879ebe608947cf4519,39 UTF-8 lines
anneal-3730-compatible-bundle-upgrade-golden-2026-09-29,support/work/june1-default-parallel-2/Types.lean,530,4af6239d04ae98fa8cad6d1930e0d91fefa2a037635e9989cb671464e33e0a13,17 UTF-8 lines
anneal-3730-compatible-bundle-upgrade-golden-2026-09-29,support/work/june3-base/consumer/Admitted.lean,106,ca0e6c57e34d5e6a36f36b294da2e9e25c0695bf4e136fb4d5e56cbac13c2b29,3 UTF-8 lines
anneal-3730-compatible-bundle-upgrade-golden-2026-09-29,support/work/june3-base/consumer/Current/Funs.lean,1096,9d85e4b057d5e99599114bc400dd49b5c639a078c14cd6879ebe608947cf4519,39 UTF-8 lines
anneal-3730-compatible-bundle-upgrade-golden-2026-09-29,support/work/june3-base/consumer/Current/Funs.olean,23496,ca69b5dc0c90278c5131f878f33697dc07477d6d8c3ede3f152e84919d885f09,binary
anneal-3730-compatible-bundle-upgrade-golden-2026-09-29,support/work/june3-base/consumer/Current/Types.lean,530,4af6239d04ae98fa8cad6d1930e0d91fefa2a037635e9989cb671464e33e0a13,17 UTF-8 lines
anneal-3730-compatible-bundle-upgrade-golden-2026-09-29,support/work/june3-base/consumer/Current/Types.olean,1608,d2edfb339576f29243e83d8ffd1bd6c30f7217b7d5bd8312e63bb49570e972a3,binary
anneal-3730-compatible-bundle-upgrade-golden-2026-09-29,support/work/june3-base/consumer/Current.lean,20,c62893d039c7c93787bb4c819c5fa40e6edef71cd0c3f9be5ff843df7616f49e,1 UTF-8 lines
anneal-3730-compatible-bundle-upgrade-golden-2026-09-29,support/work/june3-base/consumer/Current.olean,1312,34547467aa8017d1ff0efebc746e14a1b50ef6cb446e9aa1404d09cc0ffef149,binary
anneal-3730-compatible-bundle-upgrade-golden-2026-09-29,support/work/june3-base/consumer/Missing.lean,79,dbcc6df6060558d98f033c866aea3ec1d9785b66338fdda4ee4b95228ad7383f,2 UTF-8 lines
anneal-3730-compatible-bundle-upgrade-golden-2026-09-29,support/work/june3-base/consumer/Proof.lean,288,6ac94761f534663c710b14916d1412d9a35d252bf5b20db6be9d9ae1c25d42d5,7 UTF-8 lines
anneal-3730-compatible-bundle-upgrade-golden-2026-09-29,support/work/june3-base/consumer/Wrong.lean,82,cf76b0e1695e3583bbd1e114a6282d7db7f5c4958f54ccd5b0c0050462f7f54f,2 UTF-8 lines
anneal-3730-compatible-bundle-upgrade-golden-2026-09-29,support/work/june3-base/crate/Cargo.lock,157,8bc77d48b24f5ae4ffdbaa545acc3c9dd7cddb19038e85c93a329a9bbd1ffbdb,7 UTF-8 lines
anneal-3730-compatible-bundle-upgrade-golden-2026-09-29,support/work/june3-base/crate/Cargo.toml,68,8ee9d9618012cf8314a8c0df43bae4504b7c2f4e8b73dbb32daae46d7eeb8492,4 UTF-8 lines
anneal-3730-compatible-bundle-upgrade-golden-2026-09-29,support/work/june3-base/crate/src/lib.rs,310,c571b242f56aea2c4ca6227b40590d982bb3ab674d0a24b8f32467407e139293,7 UTF-8 lines
anneal-3730-compatible-bundle-upgrade-golden-2026-09-29,support/work/june3-base/crate/tests/behavior.rs,161,2454a5a3e4a8790b2b02503e9e606e90f3012a44b11c0be24fda22d7848018ec,8 UTF-8 lines
anneal-3730-compatible-bundle-upgrade-golden-2026-09-29,support/work/june3-base/current.llbc,16361,7c7643ea2b4dbf613920d166adf3cdd26c5b040ea532b78b943ed646a944bbbd,0 UTF-8 lines
anneal-3730-compatible-bundle-upgrade-golden-2026-09-29,support/work/june3-base/generated/Current.lean,20,c62893d039c7c93787bb4c819c5fa40e6edef71cd0c3f9be5ff843df7616f49e,1 UTF-8 lines
anneal-3730-compatible-bundle-upgrade-golden-2026-09-29,support/work/june3-base/generated/Funs.lean,1096,9d85e4b057d5e99599114bc400dd49b5c639a078c14cd6879ebe608947cf4519,39 UTF-8 lines
anneal-3730-compatible-bundle-upgrade-golden-2026-09-29,support/work/june3-base/generated/Types.lean,530,4af6239d04ae98fa8cad6d1930e0d91fefa2a037635e9989cb671464e33e0a13,17 UTF-8 lines
anneal-3730-compatible-bundle-upgrade-golden-2026-09-29,support/work/june3-changed/consumer/Admitted.lean,106,ca0e6c57e34d5e6a36f36b294da2e9e25c0695bf4e136fb4d5e56cbac13c2b29,3 UTF-8 lines
anneal-3730-compatible-bundle-upgrade-golden-2026-09-29,support/work/june3-changed/consumer/Current/Funs.lean,1096,ecc34d8ba16ff2f2345c5100d4110a15399468b46356367a039379ecd9b8ca14,39 UTF-8 lines
anneal-3730-compatible-bundle-upgrade-golden-2026-09-29,support/work/june3-changed/consumer/Current/Funs.olean,24392,6785de9473752af8b4ad1a68fb6f44f1a505831889608fa919e2e43b09a4826f,binary
anneal-3730-compatible-bundle-upgrade-golden-2026-09-29,support/work/june3-changed/consumer/Current/Types.lean,530,4af6239d04ae98fa8cad6d1930e0d91fefa2a037635e9989cb671464e33e0a13,17 UTF-8 lines
anneal-3730-compatible-bundle-upgrade-golden-2026-09-29,support/work/june3-changed/consumer/Current/Types.olean,1608,d2edfb339576f29243e83d8ffd1bd6c30f7217b7d5bd8312e63bb49570e972a3,binary
anneal-3730-compatible-bundle-upgrade-golden-2026-09-29,support/work/june3-changed/consumer/Current.lean,20,c62893d039c7c93787bb4c819c5fa40e6edef71cd0c3f9be5ff843df7616f49e,1 UTF-8 lines
anneal-3730-compatible-bundle-upgrade-golden-2026-09-29,support/work/june3-changed/consumer/Current.olean,1312,34547467aa8017d1ff0efebc746e14a1b50ef6cb446e9aa1404d09cc0ffef149,binary
anneal-3730-compatible-bundle-upgrade-golden-2026-09-29,support/work/june3-changed/consumer/Missing.lean,79,791732ebce1e45bb73466fe1d243fd83a7f3e100dc73f5cc5df8efa9cca3d873,2 UTF-8 lines
anneal-3730-compatible-bundle-upgrade-golden-2026-09-29,support/work/june3-changed/consumer/Proof.lean,288,73f1c4b3b51394c010a3a9e4f3b1501aede460568974be849cb1404106a6700c,7 UTF-8 lines
anneal-3730-compatible-bundle-upgrade-golden-2026-09-29,support/work/june3-changed/consumer/Wrong.lean,82,cf76b0e1695e3583bbd1e114a6282d7db7f5c4958f54ccd5b0c0050462f7f54f,2 UTF-8 lines
anneal-3730-compatible-bundle-upgrade-golden-2026-09-29,support/work/june3-changed/crate/Cargo.lock,157,8bc77d48b24f5ae4ffdbaa545acc3c9dd7cddb19038e85c93a329a9bbd1ffbdb,7 UTF-8 lines
anneal-3730-compatible-bundle-upgrade-golden-2026-09-29,support/work/june3-changed/crate/Cargo.toml,68,8ee9d9618012cf8314a8c0df43bae4504b7c2f4e8b73dbb32daae46d7eeb8492,4 UTF-8 lines
anneal-3730-compatible-bundle-upgrade-golden-2026-09-29,support/work/june3-changed/crate/src/lib.rs,310,dbc00097eb89527ec411dee5f437701c0aa9980bed747724dabe818daa428979,7 UTF-8 lines
anneal-3730-compatible-bundle-upgrade-golden-2026-09-29,support/work/june3-changed/crate/tests/behavior.rs,160,699da3607315a2a0ae44bf47ed5b93b673edc95fa6a00037ad7d7074f4b0e2ec,6 UTF-8 lines
anneal-3730-compatible-bundle-upgrade-golden-2026-09-29,support/work/june3-changed/current.llbc,16364,5e51de06bcc0eeb1e12c73a00fad80a8fe4ccdee9b2b2d05864286bbb9647bda,0 UTF-8 lines
anneal-3730-compatible-bundle-upgrade-golden-2026-09-29,support/work/june3-changed/generated/Current.lean,20,c62893d039c7c93787bb4c819c5fa40e6edef71cd0c3f9be5ff843df7616f49e,1 UTF-8 lines
anneal-3730-compatible-bundle-upgrade-golden-2026-09-29,support/work/june3-changed/generated/Funs.lean,1096,ecc34d8ba16ff2f2345c5100d4110a15399468b46356367a039379ecd9b8ca14,39 UTF-8 lines
anneal-3730-compatible-bundle-upgrade-golden-2026-09-29,support/work/june3-changed/generated/Types.lean,530,4af6239d04ae98fa8cad6d1930e0d91fefa2a037635e9989cb671464e33e0a13,17 UTF-8 lines
anneal-3730-compatible-bundle-upgrade-golden-2026-09-29,support/work/june3-default-parallel-1/Current.lean,20,c62893d039c7c93787bb4c819c5fa40e6edef71cd0c3f9be5ff843df7616f49e,1 UTF-8 lines
anneal-3730-compatible-bundle-upgrade-golden-2026-09-29,support/work/june3-default-parallel-1/Funs.lean,1096,9d85e4b057d5e99599114bc400dd49b5c639a078c14cd6879ebe608947cf4519,39 UTF-8 lines
anneal-3730-compatible-bundle-upgrade-golden-2026-09-29,support/work/june3-default-parallel-1/Types.lean,530,4af6239d04ae98fa8cad6d1930e0d91fefa2a037635e9989cb671464e33e0a13,17 UTF-8 lines
anneal-3730-compatible-bundle-upgrade-golden-2026-09-29,support/work/june3-default-parallel-2/Current.lean,20,c62893d039c7c93787bb4c819c5fa40e6edef71cd0c3f9be5ff843df7616f49e,1 UTF-8 lines
anneal-3730-compatible-bundle-upgrade-golden-2026-09-29,support/work/june3-default-parallel-2/Funs.lean,1096,9d85e4b057d5e99599114bc400dd49b5c639a078c14cd6879ebe608947cf4519,39 UTF-8 lines
anneal-3730-compatible-bundle-upgrade-golden-2026-09-29,support/work/june3-default-parallel-2/Types.lean,530,4af6239d04ae98fa8cad6d1930e0d91fefa2a037635e9989cb671464e33e0a13,17 UTF-8 lines
anneal-3730-full-lake-server-chain-2026-09-29,REPORT.json,528,406c726b81ccccf546e984fb62e62ad1a60c1f8221e50ebac7f0ccbd06725f03,parsed JSON
anneal-3730-full-lake-server-chain-2026-09-29,REPORT.md,5772,2eb53ed235703aef1d096d36c1e15ca916676637bf2b939beb6058df6a43b931,33 UTF-8 lines
anneal-3730-full-lake-server-chain-2026-09-29,support/check.py,3257,f549dbaafb6d40d747242d8d92def4d3a0d104501b2c548020a5d3a058e44e48,50 UTF-8 lines
anneal-3730-full-lake-server-chain-2026-09-29,support/logs/u0-batch.stderr.gz,20,9ceffb7310338057cfe71a4ae1e2c98d2c485d81cdef906532a801f457a38d64,binary
anneal-3730-full-lake-server-chain-2026-09-29,support/logs/u0-batch.stdout.gz,287,588097df96f587d041783640dbe3da7a2cff98975474cbcfe04b773f4df94ff1,binary
anneal-3730-full-lake-server-chain-2026-09-29,support/logs/u0-lake.stderr.gz,20,9ceffb7310338057cfe71a4ae1e2c98d2c485d81cdef906532a801f457a38d64,binary
anneal-3730-full-lake-server-chain-2026-09-29,support/logs/u0-lake.stdout.gz,71228,8ae638968b7662c5162c154a7da7ea9605f078245fb074abf51f6364ab847e4c,binary
anneal-3730-full-lake-server-chain-2026-09-29,support/logs/u0-server.stderr.gz,20,9ceffb7310338057cfe71a4ae1e2c98d2c485d81cdef906532a801f457a38d64,binary
anneal-3730-full-lake-server-chain-2026-09-29,support/logs/u0-server.stdout.gz,20,9ceffb7310338057cfe71a4ae1e2c98d2c485d81cdef906532a801f457a38d64,binary
anneal-3730-full-lake-server-chain-2026-09-29,support/probe.py,10755,e00f7de1730142e2d5d5dfb4d1a4904a37e32af41eba22eed152be2c66505a15,160 UTF-8 lines
anneal-3730-full-lake-server-chain-2026-09-29,support/results.json,68935,8bb8a9d61054e8a6550b102c8985fc1befdac325d701c2814bc9bdc414b50f1c,parsed JSON
anneal-3730-full-lake-server-chain-2026-09-29,support/work/one/u0/consumer/Current/Funs.lean,1120,9f46bcf2a3adc9f3574b5f14b607d9e11ad1de3007d6113add5f715fd6f72ce7,39 UTF-8 lines
anneal-3730-full-lake-server-chain-2026-09-29,support/work/one/u0/consumer/Current/Funs.olean,23512,e04ad2a37e3f2c5d45b35d16bf468cde46e10627c83409a69cf3d920acd7df0b,binary
anneal-3730-full-lake-server-chain-2026-09-29,support/work/one/u0/consumer/Current/Types.lean,542,2117be5691a2bb932beae6c2d4d68ab6025eb7ff28c29282c05215885599655e,17 UTF-8 lines
anneal-3730-full-lake-server-chain-2026-09-29,support/work/one/u0/consumer/Current/Types.olean,1616,072b89a043ce77f789e8e69c6afba337a0ad8f6b9a4e241240aeaa3924f52d24,binary
anneal-3730-full-lake-server-chain-2026-09-29,support/work/one/u0/consumer/Current.lean,20,c62893d039c7c93787bb4c819c5fa40e6edef71cd0c3f9be5ff843df7616f49e,1 UTF-8 lines
anneal-3730-full-lake-server-chain-2026-09-29,support/work/one/u0/consumer/Current.olean,1312,34547467aa8017d1ff0efebc746e14a1b50ef6cb446e9aa1404d09cc0ffef149,binary
anneal-3730-full-lake-server-chain-2026-09-29,support/work/one/u0/consumer/Proof.lean,300,487cc2eb0993a04ce40fde059b225a91d944ee6899663ef85407cb75e3c12ec1,7 UTF-8 lines
anneal-3730-full-lake-server-chain-2026-09-29,support/work/one/u0/crate/Cargo.lock,161,b5a00c2a91033d879601ba08f791c7faf418067bd19a3d00224ab2f5b5e7f935,7 UTF-8 lines
anneal-3730-full-lake-server-chain-2026-09-29,support/work/one/u0/crate/Cargo.toml,72,21a8dfb865578432bdf63def7e7238495b8b028e11a9b1af6e321d660487e789,4 UTF-8 lines
anneal-3730-full-lake-server-chain-2026-09-29,support/work/one/u0/crate/src/lib.rs,185,1e7af22d8ddc414be834c97d11976d265767cb316fa5664ac45da948531bb622,4 UTF-8 lines
anneal-3730-full-lake-server-chain-2026-09-29,support/work/one/u0/current.llbc,16087,f1f3a0b3abb41b132fbfa85d0a25259b813176411df21d44c69e3cd2528c0b22,0 UTF-8 lines
anneal-3730-full-lake-server-chain-2026-09-29,support/work/one/u0/generated/Current.lean,20,c62893d039c7c93787bb4c819c5fa40e6edef71cd0c3f9be5ff843df7616f49e,1 UTF-8 lines
anneal-3730-full-lake-server-chain-2026-09-29,support/work/one/u0/generated/Funs.lean,1120,9f46bcf2a3adc9f3574b5f14b607d9e11ad1de3007d6113add5f715fd6f72ce7,39 UTF-8 lines
anneal-3730-full-lake-server-chain-2026-09-29,support/work/one/u0/generated/Types.lean,542,2117be5691a2bb932beae6c2d4d68ab6025eb7ff28c29282c05215885599655e,17 UTF-8 lines
anneal-3730-full-lake-server-chain-2026-09-29,support/work/one/u0/lake/.lake/build/ir/Current/Funs.c,5189,3fa94842679380ca9eb71deb7f0fd59c801ddbb73f051cd0754411ff1f8da425,131 UTF-8 lines
anneal-3730-full-lake-server-chain-2026-09-29,support/work/one/u0/lake/.lake/build/ir/Current/Funs.c.hash,16,42c410d9be317ce7c61708cc96a1b174d911e322f41bfb27b786a4a23346242d,0 UTF-8 lines
anneal-3730-full-lake-server-chain-2026-09-29,support/work/one/u0/lake/.lake/build/ir/Current/Funs.setup.json,1070984,d44dc96a50a36346b9467e17a8c05fb9b398743161190f6a6bc184666ee39d82,parsed JSON
anneal-3730-full-lake-server-chain-2026-09-29,support/work/one/u0/lake/.lake/build/ir/Current/Types.c,1269,1eff019778136467fd999efbe872dbd5cb05710525e4fafafa0e0da49f998eee,37 UTF-8 lines
anneal-3730-full-lake-server-chain-2026-09-29,support/work/one/u0/lake/.lake/build/ir/Current/Types.c.hash,16,16159b7013753ed3d35cc4231a70929fd81645a7c9bef5a254518dac3a00634f,0 UTF-8 lines
anneal-3730-full-lake-server-chain-2026-09-29,support/work/one/u0/lake/.lake/build/ir/Current/Types.setup.json,1070726,99a15a356716d2e95bd176d934112b97f453dfd4848fc5f4c638f418de993044,parsed JSON
anneal-3730-full-lake-server-chain-2026-09-29,support/work/one/u0/lake/.lake/build/ir/Current.c,1283,d825e8db212a98fd43f430d85ce1c599caa6550c5d5dc66f0a83a37e3f6e1491,37 UTF-8 lines
anneal-3730-full-lake-server-chain-2026-09-29,support/work/one/u0/lake/.lake/build/ir/Current.c.hash,16,598e2507980991e3e4e9450ec8013ba674c18fe0d5bb9a0072854c7dd57620d3,0 UTF-8 lines
anneal-3730-full-lake-server-chain-2026-09-29,support/work/one/u0/lake/.lake/build/ir/Current.setup.json,1071236,422d1da7708d6179c76bbc2f23300461f2fb5ee0360989a3bdae2461dbd50955,parsed JSON
anneal-3730-full-lake-server-chain-2026-09-29,support/work/one/u0/lake/.lake/build/ir/Proof.c,1264,2934ccc4635a9f2741fe42a8323494dbf91b67c653f7585768351380cb928a47,37 UTF-8 lines
anneal-3730-full-lake-server-chain-2026-09-29,support/work/one/u0/lake/.lake/build/ir/Proof.c.hash,16,38e1da6a8bf7c20f7eeb4e245126dc5b4cd88c2835b26d6aba78cca4f2767a22,0 UTF-8 lines
anneal-3730-full-lake-server-chain-2026-09-29,support/work/one/u0/lake/.lake/build/ir/Proof.setup.json,1071481,e5bf8f6143aee3f523118cdc52bcd28072027970e803baa163f8b104cf94781c,parsed JSON
anneal-3730-full-lake-server-chain-2026-09-29,support/work/one/u0/lake/.lake/build/lib/lean/Current/Funs.ilean,2289,c375d23bce34263f3a2e1d64e018b88160598a8b1ad3f39e3e78359f9bfd1c45,0 UTF-8 lines
anneal-3730-full-lake-server-chain-2026-09-29,support/work/one/u0/lake/.lake/build/lib/lean/Current/Funs.ilean.hash,16,fa17e1bb8ee576893a90740b3ae21d3f40fb4113ad5434b43141119456bc323d,0 UTF-8 lines
anneal-3730-full-lake-server-chain-2026-09-29,support/work/one/u0/lake/.lake/build/lib/lean/Current/Funs.olean,23576,a5384ea130a6f216f6d2fe965d93cd7020f47751a538d30860836b85c7c972d1,binary
anneal-3730-full-lake-server-chain-2026-09-29,support/work/one/u0/lake/.lake/build/lib/lean/Current/Funs.olean.hash,16,3288281630e2f3b6d74644d953006c6e544637b428931c6250426c9fb527b8c1,0 UTF-8 lines
anneal-3730-full-lake-server-chain-2026-09-29,support/work/one/u0/lake/.lake/build/lib/lean/Current/Funs.trace,4379,8a019ab7e1a69309d90e365ec34d73ebe37cbb21971d5c6a3b4175f067e379e4,37 UTF-8 lines
anneal-3730-full-lake-server-chain-2026-09-29,support/work/one/u0/lake/.lake/build/lib/lean/Current/Types.ilean,753,18b8daa81466228c2b3993a1f96c9c83a74513a589678165e94f06dbc217239d,0 UTF-8 lines
anneal-3730-full-lake-server-chain-2026-09-29,support/work/one/u0/lake/.lake/build/lib/lean/Current/Types.ilean.hash,16,d3f9342604d59946475e79ea470dbf16e9570a06c2a0c42a3ea62b3987b057e8,0 UTF-8 lines
anneal-3730-full-lake-server-chain-2026-09-29,support/work/one/u0/lake/.lake/build/lib/lean/Current/Types.olean,1680,6f483353fd947d3b7b4c4fb7480055955f2e98062c5e22e82afc88e39ec6db37,binary
anneal-3730-full-lake-server-chain-2026-09-29,support/work/one/u0/lake/.lake/build/lib/lean/Current/Types.olean.hash,16,cf21270ac7202784764d87314395682649d31bc802ddccc6a64e4b7eb09a824d,0 UTF-8 lines
anneal-3730-full-lake-server-chain-2026-09-29,support/work/one/u0/lake/.lake/build/lib/lean/Current/Types.trace,4251,5bd460eb218c6652d5f7edcf0536ad1baf9debc050072d57e7f7739c5d7e66a5,35 UTF-8 lines
anneal-3730-full-lake-server-chain-2026-09-29,support/work/one/u0/lake/.lake/build/lib/lean/Current.ilean,112,07949ea99b15ce288b85d84a9458f0f61b92e60664e4ab5ba6a705e791838129,0 UTF-8 lines
anneal-3730-full-lake-server-chain-2026-09-29,support/work/one/u0/lake/.lake/build/lib/lean/Current.ilean.hash,16,336dcd40b12c9b29d3887a80e0ceebcabfb65b320c4dc8072af7d3e60c4798df,0 UTF-8 lines
anneal-3730-full-lake-server-chain-2026-09-29,support/work/one/u0/lake/.lake/build/lib/lean/Current.olean,1376,bc294aee3de42592fe6aa1c666775ceb34d6ace2fca5709b3212f47326ad6f08,binary
anneal-3730-full-lake-server-chain-2026-09-29,support/work/one/u0/lake/.lake/build/lib/lean/Current.olean.hash,16,01e2dc383a6b16890c38b2888720c9558d5fb4c310e81b369ebe21f868004501,0 UTF-8 lines
anneal-3730-full-lake-server-chain-2026-09-29,support/work/one/u0/lake/.lake/build/lib/lean/Current.trace,4215,3815f4e8cfdc79d93992892ed413671f0a91797adaba08590c5b9ac1844e3236,35 UTF-8 lines
anneal-3730-full-lake-server-chain-2026-09-29,support/work/one/u0/lake/.lake/build/lib/lean/Proof.ilean,479,62ae63e8eadb8e3fac23ac28596e8ded2435a21911fb8978d70fd7385b1dbbb5,0 UTF-8 lines
anneal-3730-full-lake-server-chain-2026-09-29,support/work/one/u0/lake/.lake/build/lib/lean/Proof.ilean.hash,16,1927dd5d0c0865d242dc1ffc7849797b712683f7f5cd83bac8e13d1a8aace5d7,0 UTF-8 lines
anneal-3730-full-lake-server-chain-2026-09-29,support/work/one/u0/lake/.lake/build/lib/lean/Proof.olean,8288,8381a1159f555ae607d3568ff201fe3dfd32c7873fc9cc298101987680918fe5,binary
anneal-3730-full-lake-server-chain-2026-09-29,support/work/one/u0/lake/.lake/build/lib/lean/Proof.olean.hash,16,0652d5d53d2749e9e1f450dad2f34f76f438255e43b488c2ca573aaa11b86c61,0 UTF-8 lines
anneal-3730-full-lake-server-chain-2026-09-29,support/work/one/u0/lake/.lake/build/lib/lean/Proof.trace,4432,ca11ae848d654abb127efb2c0b5763e028dfae2649dacd49b8a2719418c88e6b,41 UTF-8 lines
anneal-3730-full-lake-server-chain-2026-09-29,support/work/one/u0/lake/.lake/config/[anonymous]/lakefile.olean,121928,c8b56c12b0a20f65aae2cd7675e4ec446ea4d202ca27632459a012d0335f73b2,binary
anneal-3730-full-lake-server-chain-2026-09-29,support/work/one/u0/lake/.lake/config/[anonymous]/lakefile.olean.trace,184,fd409470454a1b29ca52424392cb2c1571879d6074c6fe0317b44ee04b190f51,6 UTF-8 lines
anneal-3730-full-lake-server-chain-2026-09-29,support/work/one/u0/lake/Current/Funs.lean,1120,9f46bcf2a3adc9f3574b5f14b607d9e11ad1de3007d6113add5f715fd6f72ce7,39 UTF-8 lines
anneal-3730-full-lake-server-chain-2026-09-29,support/work/one/u0/lake/Current/Types.lean,542,2117be5691a2bb932beae6c2d4d68ab6025eb7ff28c29282c05215885599655e,17 UTF-8 lines
anneal-3730-full-lake-server-chain-2026-09-29,support/work/one/u0/lake/Current.lean,20,c62893d039c7c93787bb4c819c5fa40e6edef71cd0c3f9be5ff843df7616f49e,1 UTF-8 lines
anneal-3730-full-lake-server-chain-2026-09-29,support/work/one/u0/lake/Proof.lean,123,83141de8ac3cf8943ae105e5faf2eb21b0ef78a7408d323e8e0af63112449e73,5 UTF-8 lines
anneal-3730-full-lake-server-chain-2026-09-29,support/work/one/u0/lake/lake-manifest.json,3823,201bd340e8a3a13f180dd05ebe69c0b33af270940096132783719bf5d9a845ee,parsed JSON
anneal-3730-full-lake-server-chain-2026-09-29,support/work/one/u0/lake/lakefile.lean,201,0a1bfdd04091f414e9059c53d6717b1122904eaf50ba618c8afacd3839906028,7 UTF-8 lines
anneal-3730-h08-project-switch-router-v4-30-0-rc2,REPORT.json,609,85b96040ae771512f195af19db8d5fd7b929e339b3ee83cf64cad3df0240fbdc,parsed JSON
anneal-3730-h08-project-switch-router-v4-30-0-rc2,REPORT.md,6790,33e7f2e46b08f9de781516a66690f1e8e0c8bfc2cd205ee5eac8f00f1c8bc1af,55 UTF-8 lines
anneal-3730-h08-project-switch-router-v4-30-0-rc2,support/check.py,3336,f8330181495fe689b6a47f3eecf5836c738a1dbd10e54014790c8689b1bf19b1,60 UTF-8 lines
anneal-3730-h08-project-switch-router-v4-30-0-rc2,support/fixture/A/Dep.lean,25,b4313e13071af7cbf4771ea492d3ac497be251b1f99b655824ad367790ee0471,1 UTF-8 lines
anneal-3730-h08-project-switch-router-v4-30-0-rc2,support/fixture/A/Dep.olean,4456,b829d5b0080dde9fe22b17c8455d7581eee66547fff7bfc6202eac86a27ad099,binary
anneal-3730-h08-project-switch-router-v4-30-0-rc2,support/fixture/A/Proof.lean,110,c36f9e655b127f99c26e1287e253719b582d776843aae7675df5469a594d2121,6 UTF-8 lines
anneal-3730-h08-project-switch-router-v4-30-0-rc2,support/fixture/B/Dep.lean,25,d2142b6aab604f810f9544c3c25c50b02f3291e3b65d16654afbbaa775b3b057,1 UTF-8 lines
anneal-3730-h08-project-switch-router-v4-30-0-rc2,support/fixture/B/Dep.olean,4456,d28d66bfd0de6d147728317192e991fd208925fdcddb5e0f293b57a33bbc230b,binary
anneal-3730-h08-project-switch-router-v4-30-0-rc2,support/fixture/B/Proof.lean,110,8942885d6df4746e85b4717ace83e3ef5c6145c25a407ce5a5d99ead7a944513,6 UTF-8 lines
anneal-3730-h08-project-switch-router-v4-30-0-rc2,support/probe.py,10689,ba896fc49da11a09555e0d24790fd0e1b77fa245ee95d88edb1bb43c6dce6be2,198 UTF-8 lines
anneal-3730-h08-project-switch-router-v4-30-0-rc2,support/results.json,84655,3c59f9b80cc93ad034792cf0614faa273209558c3a460444e28dd7f3faf9a7af,parsed JSON
anneal-3730-h09-lsp-to-upstream-cancellation-boundaries-2026-09-29,REPORT.json,773,08d54eac64aa75fe651e8225bb012e109de6b6e9d75aedbe822ada4f1790d591,parsed JSON
anneal-3730-h09-lsp-to-upstream-cancellation-boundaries-2026-09-29,REPORT.md,6736,ca2e010de57691949eba571a13f33f08f0a700b97ab4f46d21ea13a5be36174a,49 UTF-8 lines
anneal-3730-h09-lsp-to-upstream-cancellation-boundaries-2026-09-29,support/check.py,3067,3abdb8c99a464e3e6d84a8c30180df83f9af17508e74a64f56c9a693383d050a,55 UTF-8 lines
anneal-3730-h09-lsp-to-upstream-cancellation-boundaries-2026-09-29,support/fixture/Cargo.toml,86,80f69d6473748e1f450a123684d1468222e921dbb2f13066e0d1cab0b56f4d93,5 UTF-8 lines
anneal-3730-h09-lsp-to-upstream-cancellation-boundaries-2026-09-29,support/fixture/Slow.lean,150,a0a9a0b77eaa62700033029fee8248b5315fa0c90a0c28fbbf088faf8f7cc280,7 UTF-8 lines
anneal-3730-h09-lsp-to-upstream-cancellation-boundaries-2026-09-29,support/fixture/build.rs,383,ea574cb29516fe9ebb21173ad1b0f129db8c515bd0f0b8ffef0c13ba01dd5f61,8 UTF-8 lines
anneal-3730-h09-lsp-to-upstream-cancellation-boundaries-2026-09-29,support/fixture/lib.rs,30,5e0a6af76181b77032ef291474aab99538433cb86eb2b8ad88f3c0cfb2577a51,1 UTF-8 lines
anneal-3730-h09-lsp-to-upstream-cancellation-boundaries-2026-09-29,support/probe.py,11655,bcf78de2040fb0aee0a308fddf8ecf9e40c3cfed392bca65d0318f3b3f884e24,234 UTF-8 lines
anneal-3730-h09-lsp-to-upstream-cancellation-boundaries-2026-09-29,support/results.json,28095,430a0df313a9ced2d2280c73efd87719b2bfc737ea78970f859218966f23b4aa,parsed JSON
anneal-3730-m06-generated-lake-source-order-trace-2026-09-29,REPORT.json,707,5546e9fdfbcc8b9e56f5fd0ca417140495f5064cf9be7205f54c3399d9246fd0,parsed JSON
anneal-3730-m06-generated-lake-source-order-trace-2026-09-29,REPORT.md,7359,ec5e5f1888f243888996767c0711432a06278c34a26726cc2902d23d5398a49f,43 UTF-8 lines
anneal-3730-m06-generated-lake-source-order-trace-2026-09-29,support/check.py,4787,c9e299d4d03bbf2607937a1caed0704e03e444d5861197264a1d4ad96c7dd669,92 UTF-8 lines
anneal-3730-m06-generated-lake-source-order-trace-2026-09-29,support/fixture/base/Source/Funs.lean,1689,bc15e6198147e1059c25089e94eb1399538f674a96907e3a689fe019df4a4db5,39 UTF-8 lines
anneal-3730-m06-generated-lake-source-order-trace-2026-09-29,support/fixture/base/Source/Types.lean,539,a94e4f322e62fc61af1b61447d5fd2ab70a8f789374a9813d2452e9fd662d12b,17 UTF-8 lines
anneal-3730-m06-generated-lake-source-order-trace-2026-09-29,support/fixture/base/Source.lean,19,a223e761854f37f00f33fc37d4387797f922f6dcd2ae4997d62b4e9c1225c5f0,1 UTF-8 lines
anneal-3730-m06-generated-lake-source-order-trace-2026-09-29,support/fixture/reorder/Source/Funs.lean,1698,61de570b374752a4384520d2e6a47ecbcd5004c976add6af3b7b1f9d606fbedb,39 UTF-8 lines
anneal-3730-m06-generated-lake-source-order-trace-2026-09-29,support/fixture/reorder/Source/Types.lean,539,a94e4f322e62fc61af1b61447d5fd2ab70a8f789374a9813d2452e9fd662d12b,17 UTF-8 lines
anneal-3730-m06-generated-lake-source-order-trace-2026-09-29,support/fixture/reorder/Source.lean,19,a223e761854f37f00f33fc37d4387797f922f6dcd2ae4997d62b4e9c1225c5f0,1 UTF-8 lines
anneal-3730-m06-generated-lake-source-order-trace-2026-09-29,support/logs/fresh-base.stderr.gz,20,9ceffb7310338057cfe71a4ae1e2c98d2c485d81cdef906532a801f457a38d64,binary
anneal-3730-m06-generated-lake-source-order-trace-2026-09-29,support/logs/fresh-base.stdout.gz,71130,216388da8aff07249ba30977c38dc54bb0439bd74187319a2b72d58afd74b056,binary
anneal-3730-m06-generated-lake-source-order-trace-2026-09-29,support/logs/fresh-reorder.stderr.gz,20,9ceffb7310338057cfe71a4ae1e2c98d2c485d81cdef906532a801f457a38d64,binary
anneal-3730-m06-generated-lake-source-order-trace-2026-09-29,support/logs/fresh-reorder.stdout.gz,71116,73505dc4a5c4744a32b7204cad92e4d8bed7870bfc7f89b2b03f820f7935d478,binary
anneal-3730-m06-generated-lake-source-order-trace-2026-09-29,support/logs/same-base.stderr.gz,20,9ceffb7310338057cfe71a4ae1e2c98d2c485d81cdef906532a801f457a38d64,binary
anneal-3730-m06-generated-lake-source-order-trace-2026-09-29,support/logs/same-base.stdout.gz,71100,723fd7348e7df91406304ca5c17a3c12635c8c6117e3a1a263676f5dfc4b4fb9,binary
anneal-3730-m06-generated-lake-source-order-trace-2026-09-29,support/logs/same-mtime-only.stderr.gz,20,9ceffb7310338057cfe71a4ae1e2c98d2c485d81cdef906532a801f457a38d64,binary
anneal-3730-m06-generated-lake-source-order-trace-2026-09-29,support/logs/same-mtime-only.stdout.gz,71084,03ba1b299f8127ac109674f042921d3a0c2de1646db0c6f65b12bef9b9cd6265,binary
anneal-3730-m06-generated-lake-source-order-trace-2026-09-29,support/logs/same-noop.stderr.gz,20,9ceffb7310338057cfe71a4ae1e2c98d2c485d81cdef906532a801f457a38d64,binary
anneal-3730-m06-generated-lake-source-order-trace-2026-09-29,support/logs/same-noop.stdout.gz,71090,60356a462f01440b2bc303abcda486dbba4a734c0f798696568ce00c5684875b,binary
anneal-3730-m06-generated-lake-source-order-trace-2026-09-29,support/logs/same-reorder-noop.stderr.gz,20,9ceffb7310338057cfe71a4ae1e2c98d2c485d81cdef906532a801f457a38d64,binary
anneal-3730-m06-generated-lake-source-order-trace-2026-09-29,support/logs/same-reorder-noop.stdout.gz,71036,ef52e75d973841c3a554c3d6618fcdb0a3b3533eb9fc4ee0294b6c9123c3fe7b,binary
anneal-3730-m06-generated-lake-source-order-trace-2026-09-29,support/logs/same-reorder.stderr.gz,20,9ceffb7310338057cfe71a4ae1e2c98d2c485d81cdef906532a801f457a38d64,binary
anneal-3730-m06-generated-lake-source-order-trace-2026-09-29,support/logs/same-reorder.stdout.gz,71056,7f34d1a3a18284535020450e3da92091618910ec86129b0ae4f9d60856b9052a,binary
anneal-3730-m06-generated-lake-source-order-trace-2026-09-29,support/logs/same-restore-base.stderr.gz,20,9ceffb7310338057cfe71a4ae1e2c98d2c485d81cdef906532a801f457a38d64,binary
anneal-3730-m06-generated-lake-source-order-trace-2026-09-29,support/logs/same-restore-base.stdout.gz,71079,8525845145796efb41ca644e71071c817a07890b8cabad11e459665ecdad4069,binary
anneal-3730-m06-generated-lake-source-order-trace-2026-09-29,support/logs/same-restore-noop.stderr.gz,20,9ceffb7310338057cfe71a4ae1e2c98d2c485d81cdef906532a801f457a38d64,binary
anneal-3730-m06-generated-lake-source-order-trace-2026-09-29,support/logs/same-restore-noop.stdout.gz,71030,ff46b6c1be4ec7c685b19e014df47b90b268e1aefbfa1c5811bac6b0763071ce,binary
anneal-3730-m06-generated-lake-source-order-trace-2026-09-29,support/probe.py,6542,951c908f1efbb35c76709de0ccdb5e559608920a3b7ad341394739eea57bc81f,129 UTF-8 lines
anneal-3730-m06-generated-lake-source-order-trace-2026-09-29,support/results.json,94075,438fdf4e5f851a6e7f83705e8aecacd76f2222a7bd06db40aebe7ff5e1e739e1,parsed JSON
anneal-3730-m06-generated-lake-source-order-trace-2026-09-29,support/work.tar.gz,586725,906ffcea2d45bf79af2ba3380887beb71b7fc284e07cc42847fcf892a2296e7e,binary
anneal-3730-mcp-shaped-async-task-lifecycle-2026-09-29,REPORT.json,704,7204e29aa5fba74feb840d060c0622c5c82d4838352958f67f0067fe81964cd5,parsed JSON
anneal-3730-mcp-shaped-async-task-lifecycle-2026-09-29,REPORT.md,6732,3cdfdaa6797d920322cf7607f5ac4423c1b50334c01ba2e374245b3f9be8a2a1,41 UTF-8 lines
anneal-3730-mcp-shaped-async-task-lifecycle-2026-09-29,support/bridge.py,13663,d2117cd4af11391ce24616ede9bc03da286f1ff0834fd5e015e616e3d904427f,326 UTF-8 lines
anneal-3730-mcp-shaped-async-task-lifecycle-2026-09-29,support/check.py,6429,95830313aa072a0bd6073345d126dcc3c446ecfdc0b5c579695b1f87ef88820b,124 UTF-8 lines
anneal-3730-mcp-shaped-async-task-lifecycle-2026-09-29,support/probe.py,9513,3794a74abc49100ee22d7ca1e15d0ef535b16d45a31c43217f73eef119d18297,203 UTF-8 lines
anneal-3730-mcp-shaped-async-task-lifecycle-2026-09-29,support/results.json,146004,febbff45179edacce231a96a9e992ccf7489f80aeefa67bd35c151ff82a8c2a4,parsed JSON
anneal-3730-mcp-shaped-async-task-lifecycle-2026-09-29,support/summary.json,329,997653ccebfb7312caf25866bae15e9acdf9444ede3625b623c93a351d7043b0,parsed JSON
anneal-3730-mcp-shaped-async-task-lifecycle-2026-09-29,support/work/Proof.lean,63,7f26c6edb74cf1cab89a66ddcc47530d92bdd989863ebe305c6f30c9d29bd0a3,3 UTF-8 lines
anneal-3730-mcp-shaped-async-task-lifecycle-2026-09-29,support/work/tasks/task-0e47acca20f64ebca884a1c4278fd47c/release,0,e3b0c44298fc1c149afbf4c8996fb92427ae41e4649b934ca495991b7852b855,0 UTF-8 lines
anneal-3730-mcp-shaped-async-task-lifecycle-2026-09-29,support/work/tasks/task-0e47acca20f64ebca884a1c4278fd47c/source.lean,63,7f26c6edb74cf1cab89a66ddcc47530d92bdd989863ebe305c6f30c9d29bd0a3,3 UTF-8 lines
anneal-3730-mcp-shaped-async-task-lifecycle-2026-09-29,support/work/tasks/task-0e47acca20f64ebca884a1c4278fd47c/state.json,366,06d4abfe294998a87e3b3abd196d3e4833bb129008ae9b81b8f0f135ef618fa3,parsed JSON
anneal-3730-mcp-shaped-async-task-lifecycle-2026-09-29,support/work/tasks/task-0e47acca20f64ebca884a1c4278fd47c/worker.pid,6,a1662aff8ac6b5438b16ee41c5d2aeb5ecc7127358a4e363dc5762b91e7f78ac,1 UTF-8 lines
anneal-3730-mcp-shaped-async-task-lifecycle-2026-09-29,support/work/tasks/task-0e47acca20f64ebca884a1c4278fd47c/worker.stderr,0,e3b0c44298fc1c149afbf4c8996fb92427ae41e4649b934ca495991b7852b855,0 UTF-8 lines
anneal-3730-mcp-shaped-async-task-lifecycle-2026-09-29,support/work/tasks/task-0e47acca20f64ebca884a1c4278fd47c/worker.stdout,0,e3b0c44298fc1c149afbf4c8996fb92427ae41e4649b934ca495991b7852b855,0 UTF-8 lines
anneal-3730-mcp-shaped-async-task-lifecycle-2026-09-29,support/work/tasks/task-cc38791ce67648efb1a8531284a5b003/release,0,e3b0c44298fc1c149afbf4c8996fb92427ae41e4649b934ca495991b7852b855,0 UTF-8 lines
anneal-3730-mcp-shaped-async-task-lifecycle-2026-09-29,support/work/tasks/task-cc38791ce67648efb1a8531284a5b003/source.lean,63,7f26c6edb74cf1cab89a66ddcc47530d92bdd989863ebe305c6f30c9d29bd0a3,3 UTF-8 lines
anneal-3730-mcp-shaped-async-task-lifecycle-2026-09-29,support/work/tasks/task-cc38791ce67648efb1a8531284a5b003/state.json,1625,a01814ca536c3d9821769794e8857d22049e9154cc0847f00400bbbc78465fd6,parsed JSON
anneal-3730-mcp-shaped-async-task-lifecycle-2026-09-29,support/work/tasks/task-cc38791ce67648efb1a8531284a5b003/worker.pid,6,2438e5c3e06b65443a246753af598cea2d5e26d9c4e7b1112892fda78b346e25,1 UTF-8 lines
anneal-3730-mcp-shaped-async-task-lifecycle-2026-09-29,support/work/tasks/task-cc38791ce67648efb1a8531284a5b003/worker.stderr,0,e3b0c44298fc1c149afbf4c8996fb92427ae41e4649b934ca495991b7852b855,0 UTF-8 lines
anneal-3730-mcp-shaped-async-task-lifecycle-2026-09-29,support/work/tasks/task-cc38791ce67648efb1a8531284a5b003/worker.stdout,0,e3b0c44298fc1c149afbf4c8996fb92427ae41e4649b934ca495991b7852b855,0 UTF-8 lines
anneal-3730-mcp-shaped-async-task-lifecycle-2026-09-29,support/work/tasks/task-d85b950c428a46c0aa30c5f91d52e828/cancel,0,e3b0c44298fc1c149afbf4c8996fb92427ae41e4649b934ca495991b7852b855,0 UTF-8 lines
anneal-3730-mcp-shaped-async-task-lifecycle-2026-09-29,support/work/tasks/task-d85b950c428a46c0aa30c5f91d52e828/source.lean,63,7f26c6edb74cf1cab89a66ddcc47530d92bdd989863ebe305c6f30c9d29bd0a3,3 UTF-8 lines
anneal-3730-mcp-shaped-async-task-lifecycle-2026-09-29,support/work/tasks/task-d85b950c428a46c0aa30c5f91d52e828/state.json,212,fed2ba78fbfdce153ad7e0b6ee2ec48d0ef41b81422d9279740b7b0846095def,parsed JSON
anneal-3730-mcp-shaped-async-task-lifecycle-2026-09-29,support/work/tasks/task-d85b950c428a46c0aa30c5f91d52e828/worker.pid,6,8a275ff15e9d7ecf98867840ab13a345e1ce6415c305567d4a899143fb25bfb0,1 UTF-8 lines
anneal-3730-mcp-shaped-async-task-lifecycle-2026-09-29,support/work/tasks/task-d85b950c428a46c0aa30c5f91d52e828/worker.stderr,0,e3b0c44298fc1c149afbf4c8996fb92427ae41e4649b934ca495991b7852b855,0 UTF-8 lines
anneal-3730-mcp-shaped-async-task-lifecycle-2026-09-29,support/work/tasks/task-d85b950c428a46c0aa30c5f91d52e828/worker.stdout,0,e3b0c44298fc1c149afbf4c8996fb92427ae41e4649b934ca495991b7852b855,0 UTF-8 lines
anneal-3730-mcp-shaped-async-task-lifecycle-2026-09-29,support/work/tasks/task-dec4f03cf9754cdbbea88f03025f0238/release,0,e3b0c44298fc1c149afbf4c8996fb92427ae41e4649b934ca495991b7852b855,0 UTF-8 lines
anneal-3730-mcp-shaped-async-task-lifecycle-2026-09-29,support/work/tasks/task-dec4f03cf9754cdbbea88f03025f0238/source.lean,63,7f26c6edb74cf1cab89a66ddcc47530d92bdd989863ebe305c6f30c9d29bd0a3,3 UTF-8 lines
anneal-3730-mcp-shaped-async-task-lifecycle-2026-09-29,support/work/tasks/task-dec4f03cf9754cdbbea88f03025f0238/state.json,1623,c0c2aa32f3d4190ba7cbb3654e895b1ae448f9fdbdba991a72e3206fbd852612,parsed JSON
anneal-3730-mcp-shaped-async-task-lifecycle-2026-09-29,support/work/tasks/task-dec4f03cf9754cdbbea88f03025f0238/worker.pid,6,6b38302976df366181d6ffed9fc0e43cee2100f280eab6d91ef8f089681cc9d0,1 UTF-8 lines
anneal-3730-mcp-shaped-async-task-lifecycle-2026-09-29,support/work/tasks/task-dec4f03cf9754cdbbea88f03025f0238/worker.stderr,0,e3b0c44298fc1c149afbf4c8996fb92427ae41e4649b934ca495991b7852b855,0 UTF-8 lines
anneal-3730-mcp-shaped-async-task-lifecycle-2026-09-29,support/work/tasks/task-dec4f03cf9754cdbbea88f03025f0238/worker.stdout,0,e3b0c44298fc1c149afbf4c8996fb92427ae41e4649b934ca495991b7852b855,0 UTF-8 lines
anneal-3730-pinned-cross-layer-navigation-boundary-2026-09-29,REPORT.json,1174,bc74e75c3e8ef7141365b4d9e65fc6222f2a61712af920215998093d5c6323e0,parsed JSON
anneal-3730-pinned-cross-layer-navigation-boundary-2026-09-29,REPORT.md,13883,ae0effa2c81ad9629bf32c808f60ab30034a41e3f9d4edd61dd927f446d36fb9,68 UTF-8 lines
anneal-3730-pinned-cross-layer-navigation-boundary-2026-09-29,support/__pycache__/extra_check.cpython-314.pyc,14095,c47b105c8e2d226b9e2ff40a8f55fa66d867c83cc15a3c17eabe6f15e0d78add,binary
anneal-3730-pinned-cross-layer-navigation-boundary-2026-09-29,support/__pycache__/helper_check.cpython-314.pyc,12805,a44786edde191efda8d7d635f4f6215018249b658b7af51f4326cbfd36b54889,binary
anneal-3730-pinned-cross-layer-navigation-boundary-2026-09-29,support/__pycache__/nav.cpython-314.pyc,5808,fd2a8d05301758375ea776456f4e3bea485dd834b129a1a07b7bd90669f338e2,binary
anneal-3730-pinned-cross-layer-navigation-boundary-2026-09-29,support/artifacts/base/Current/Funs.olean,23496,ca69b5dc0c90278c5131f878f33697dc07477d6d8c3ede3f152e84919d885f09,binary
anneal-3730-pinned-cross-layer-navigation-boundary-2026-09-29,support/artifacts/base/Current/Types.olean,1608,d2edfb339576f29243e83d8ffd1bd6c30f7217b7d5bd8312e63bb49570e972a3,binary
anneal-3730-pinned-cross-layer-navigation-boundary-2026-09-29,support/artifacts/base/Current.lean,20,c62893d039c7c93787bb4c819c5fa40e6edef71cd0c3f9be5ff843df7616f49e,1 UTF-8 lines
anneal-3730-pinned-cross-layer-navigation-boundary-2026-09-29,support/artifacts/base/Current.olean,1312,34547467aa8017d1ff0efebc746e14a1b50ef6cb446e9aa1404d09cc0ffef149,binary
anneal-3730-pinned-cross-layer-navigation-boundary-2026-09-29,support/artifacts/base/Funs.lean,1096,9d85e4b057d5e99599114bc400dd49b5c639a078c14cd6879ebe608947cf4519,39 UTF-8 lines
anneal-3730-pinned-cross-layer-navigation-boundary-2026-09-29,support/artifacts/base/GoalProbe.lean,265,7db4a867420442082f8c8e7410350171b48442f51a126c0766f3aa2773b10fcb,10 UTF-8 lines
anneal-3730-pinned-cross-layer-navigation-boundary-2026-09-29,support/artifacts/base/Proof.lean,288,6ac94761f534663c710b14916d1412d9a35d252bf5b20db6be9d9ae1c25d42d5,7 UTF-8 lines
anneal-3730-pinned-cross-layer-navigation-boundary-2026-09-29,support/artifacts/base/Rust.lean-input.rs,310,c571b242f56aea2c4ca6227b40590d982bb3ab674d0a24b8f32467407e139293,7 UTF-8 lines
anneal-3730-pinned-cross-layer-navigation-boundary-2026-09-29,support/artifacts/base/Types.lean,530,4af6239d04ae98fa8cad6d1930e0d91fefa2a037635e9989cb671464e33e0a13,17 UTF-8 lines
anneal-3730-pinned-cross-layer-navigation-boundary-2026-09-29,support/artifacts/base/current.llbc,16361,7c7643ea2b4dbf613920d166adf3cdd26c5b040ea532b78b943ed646a944bbbd,0 UTF-8 lines
anneal-3730-pinned-cross-layer-navigation-boundary-2026-09-29,support/artifacts/changed/Current/Funs.olean,24392,6785de9473752af8b4ad1a68fb6f44f1a505831889608fa919e2e43b09a4826f,binary
anneal-3730-pinned-cross-layer-navigation-boundary-2026-09-29,support/artifacts/changed/Current/Types.olean,1608,d2edfb339576f29243e83d8ffd1bd6c30f7217b7d5bd8312e63bb49570e972a3,binary
anneal-3730-pinned-cross-layer-navigation-boundary-2026-09-29,support/artifacts/changed/Current.lean,20,c62893d039c7c93787bb4c819c5fa40e6edef71cd0c3f9be5ff843df7616f49e,1 UTF-8 lines
anneal-3730-pinned-cross-layer-navigation-boundary-2026-09-29,support/artifacts/changed/Current.olean,1312,34547467aa8017d1ff0efebc746e14a1b50ef6cb446e9aa1404d09cc0ffef149,binary
anneal-3730-pinned-cross-layer-navigation-boundary-2026-09-29,support/artifacts/changed/Funs.lean,1096,ecc34d8ba16ff2f2345c5100d4110a15399468b46356367a039379ecd9b8ca14,39 UTF-8 lines
anneal-3730-pinned-cross-layer-navigation-boundary-2026-09-29,support/artifacts/changed/GoalProbe.lean,265,8676f5e379bfc3e52436b59779d43e37d65e742912dcd4c9737c28a62af2d2fd,10 UTF-8 lines
anneal-3730-pinned-cross-layer-navigation-boundary-2026-09-29,support/artifacts/changed/Proof.lean,288,73f1c4b3b51394c010a3a9e4f3b1501aede460568974be849cb1404106a6700c,7 UTF-8 lines
anneal-3730-pinned-cross-layer-navigation-boundary-2026-09-29,support/artifacts/changed/Rust.lean-input.rs,310,dbc00097eb89527ec411dee5f437701c0aa9980bed747724dabe818daa428979,7 UTF-8 lines
anneal-3730-pinned-cross-layer-navigation-boundary-2026-09-29,support/artifacts/changed/Types.lean,530,4af6239d04ae98fa8cad6d1930e0d91fefa2a037635e9989cb671464e33e0a13,17 UTF-8 lines
anneal-3730-pinned-cross-layer-navigation-boundary-2026-09-29,support/artifacts/changed/current.llbc,16364,5e51de06bcc0eeb1e12c73a00fad80a8fe4ccdee9b2b2d05864286bbb9647bda,0 UTF-8 lines
anneal-3730-pinned-cross-layer-navigation-boundary-2026-09-29,support/check.py,7892,5a7e94917c1185850247e90e3810c3731ea96632b7135a3af50fdac557d3a9f4,141 UTF-8 lines
anneal-3730-pinned-cross-layer-navigation-boundary-2026-09-29,support/extra-artifacts/ambiguous/Current/Funs.lean,1749,763f0ded3a3e1fcb1b63d7732f2dc43f3f9e3e58b3a18e63df4cbee8fc760062,37 UTF-8 lines
anneal-3730-pinned-cross-layer-navigation-boundary-2026-09-29,support/extra-artifacts/ambiguous/Current/Funs.olean,19848,954b2e634e5369173239f9aecd172f0b205e044b093d14fb8bc8f50b7c01a938,binary
anneal-3730-pinned-cross-layer-navigation-boundary-2026-09-29,support/extra-artifacts/ambiguous/Current/Types.lean,518,565b891027360840288b284778448b24baa0385026f4022fcf54a49162ee5b59,17 UTF-8 lines
anneal-3730-pinned-cross-layer-navigation-boundary-2026-09-29,support/extra-artifacts/ambiguous/Current/Types.olean,1608,ee0a68aac7e0b9c9056e4ffa8b458966d8f036e3eef74d59e4a935baae890265,binary
anneal-3730-pinned-cross-layer-navigation-boundary-2026-09-29,support/extra-artifacts/ambiguous/Current.lean,20,c62893d039c7c93787bb4c819c5fa40e6edef71cd0c3f9be5ff843df7616f49e,1 UTF-8 lines
anneal-3730-pinned-cross-layer-navigation-boundary-2026-09-29,support/extra-artifacts/ambiguous/Current.olean,1312,34547467aa8017d1ff0efebc746e14a1b50ef6cb446e9aa1404d09cc0ffef149,binary
anneal-3730-pinned-cross-layer-navigation-boundary-2026-09-29,support/extra-artifacts/ambiguous/Proof.lean,271,bdf5a5520d88116c429a9bb9c049cfa8b73a37ac980f6ae5e053e19e9e990a0b,10 UTF-8 lines
anneal-3730-pinned-cross-layer-navigation-boundary-2026-09-29,support/extra-artifacts/ambiguous/current.llbc,13784,024f95ad530737a4360065aaa5b79437952f1afa9369670d9dbe71d6dfc53f88,0 UTF-8 lines
anneal-3730-pinned-cross-layer-navigation-boundary-2026-09-29,support/extra-artifacts/ambiguous/generated/Current.lean,20,c62893d039c7c93787bb4c819c5fa40e6edef71cd0c3f9be5ff843df7616f49e,1 UTF-8 lines
anneal-3730-pinned-cross-layer-navigation-boundary-2026-09-29,support/extra-artifacts/ambiguous/generated/Funs.lean,1749,763f0ded3a3e1fcb1b63d7732f2dc43f3f9e3e58b3a18e63df4cbee8fc760062,37 UTF-8 lines
anneal-3730-pinned-cross-layer-navigation-boundary-2026-09-29,support/extra-artifacts/ambiguous/generated/Types.lean,518,565b891027360840288b284778448b24baa0385026f4022fcf54a49162ee5b59,17 UTF-8 lines
anneal-3730-pinned-cross-layer-navigation-boundary-2026-09-29,support/extra-artifacts/ambiguous/source.rs,362,a1a1783fe59d622e2314948ad7d234ed4a085145157a2ad977854ea8640a0e15,5 UTF-8 lines
anneal-3730-pinned-cross-layer-navigation-boundary-2026-09-29,support/extra-artifacts/reorder-base/Funs.lean,1689,bc15e6198147e1059c25089e94eb1399538f674a96907e3a689fe019df4a4db5,39 UTF-8 lines
anneal-3730-pinned-cross-layer-navigation-boundary-2026-09-29,support/extra-artifacts/reorder-base/Proof.lean,346,82d88c924ca222ee729a9be51948f02478d762ebb6b134e115b95cc584bafed3,10 UTF-8 lines
anneal-3730-pinned-cross-layer-navigation-boundary-2026-09-29,support/extra-artifacts/reorder-base/Source.llbc,16276,ee36614785a52956a4e47fad06ff7be2dd5fe984cb67c358e08e566a3a4fb087,0 UTF-8 lines
anneal-3730-pinned-cross-layer-navigation-boundary-2026-09-29,support/extra-artifacts/reorder-base/source.rs,185,1e7af22d8ddc414be834c97d11976d265767cb316fa5664ac45da948531bb622,4 UTF-8 lines
anneal-3730-pinned-cross-layer-navigation-boundary-2026-09-29,support/extra-artifacts/reorder-reorder/Funs.lean,1698,61de570b374752a4384520d2e6a47ecbcd5004c976add6af3b7b1f9d606fbedb,39 UTF-8 lines
anneal-3730-pinned-cross-layer-navigation-boundary-2026-09-29,support/extra-artifacts/reorder-reorder/Proof.lean,346,82d88c924ca222ee729a9be51948f02478d762ebb6b134e115b95cc584bafed3,10 UTF-8 lines
anneal-3730-pinned-cross-layer-navigation-boundary-2026-09-29,support/extra-artifacts/reorder-reorder/Source.llbc,16283,734568088d01882d6d09326a3b181941e9e580b451ce62a3c42279c81dcab8ec,0 UTF-8 lines
anneal-3730-pinned-cross-layer-navigation-boundary-2026-09-29,support/extra-artifacts/reorder-reorder/source.rs,185,5c47f32fcd6df5061e5e1d50ffad9eb93689ee60671aed3f873b394eca9d207f,4 UTF-8 lines
anneal-3730-pinned-cross-layer-navigation-boundary-2026-09-29,support/extra-manifest.json,20146,4a903e94ede9668f2d734fa0fe5597c2fc15e108730b71fdffbf3b16260a8942,parsed JSON
anneal-3730-pinned-cross-layer-navigation-boundary-2026-09-29,support/extra-results.json,16826,b62ca058430cdad046cc64707ea3314b5eb51f7369a3a436bf1583aba521ec22,parsed JSON
anneal-3730-pinned-cross-layer-navigation-boundary-2026-09-29,support/extra_check.py,7390,63659a74e81038ae5d0209dae299b8d1ae46ccedaea834d2964638f09a24234a,125 UTF-8 lines
anneal-3730-pinned-cross-layer-navigation-boundary-2026-09-29,support/extra_probe.py,15037,cd87fd32470132eb57578cafb8be7c5f98b0a0f4ac067eac594ec6c5be67a8cf,249 UTF-8 lines
anneal-3730-pinned-cross-layer-navigation-boundary-2026-09-29,support/helper-artifacts/base/Attempt.lean,94,6af76adf995dd9543b0e4ed2276551196a06ce4dde8ad7a539275e1b69c218d0,4 UTF-8 lines
anneal-3730-pinned-cross-layer-navigation-boundary-2026-09-29,support/helper-artifacts/base/Check.lean,127,ce42cdc7fe5190f96bd759ea2b998903bf75097f373befe166b742875442fd24,5 UTF-8 lines
anneal-3730-pinned-cross-layer-navigation-boundary-2026-09-29,support/helper-artifacts/base/Current/Funs.lean,2041,b197081a380ccbb407617fbf17493d938a7062f5cd01cdbe1ccdcca0ffbd0953,50 UTF-8 lines
anneal-3730-pinned-cross-layer-navigation-boundary-2026-09-29,support/helper-artifacts/base/Current/Funs.olean,43032,7081b67680a339122f3312b27ff57d2d30c648dd8e7374bf2adbf8dba806c787,binary
anneal-3730-pinned-cross-layer-navigation-boundary-2026-09-29,support/helper-artifacts/base/Current/Types.lean,515,6e42a6f6721b1b7154b74a61f389284eb2ffe0cb5576e4a10b20842f212d145d,17 UTF-8 lines
anneal-3730-pinned-cross-layer-navigation-boundary-2026-09-29,support/helper-artifacts/base/Current/Types.olean,1608,e914ef72b4093891eda670ea88fda5aa8e79bec08d2f3dc33aee72767145922d,binary
anneal-3730-pinned-cross-layer-navigation-boundary-2026-09-29,support/helper-artifacts/base/Current.lean,20,c62893d039c7c93787bb4c819c5fa40e6edef71cd0c3f9be5ff843df7616f49e,1 UTF-8 lines
anneal-3730-pinned-cross-layer-navigation-boundary-2026-09-29,support/helper-artifacts/base/Current.olean,1312,34547467aa8017d1ff0efebc746e14a1b50ef6cb446e9aa1404d09cc0ffef149,binary
anneal-3730-pinned-cross-layer-navigation-boundary-2026-09-29,support/helper-artifacts/base/RustOracle.rs,84,eaacb7e7e560bc255cc77e35092fa9eaee8db7832c735ceab9a7d44558570c80,2 UTF-8 lines
anneal-3730-pinned-cross-layer-navigation-boundary-2026-09-29,support/helper-artifacts/base/current.llbc,16498,b9f4ad090f10ccb428d43156f09f3d07a0c18c8f384550bedd53f784f2cc1449,0 UTF-8 lines
anneal-3730-pinned-cross-layer-navigation-boundary-2026-09-29,support/helper-artifacts/base/generated/Current.lean,20,c62893d039c7c93787bb4c819c5fa40e6edef71cd0c3f9be5ff843df7616f49e,1 UTF-8 lines
anneal-3730-pinned-cross-layer-navigation-boundary-2026-09-29,support/helper-artifacts/base/generated/Funs.lean,2041,b197081a380ccbb407617fbf17493d938a7062f5cd01cdbe1ccdcca0ffbd0953,50 UTF-8 lines
anneal-3730-pinned-cross-layer-navigation-boundary-2026-09-29,support/helper-artifacts/base/generated/Types.lean,515,6e42a6f6721b1b7154b74a61f389284eb2ffe0cb5576e4a10b20842f212d145d,17 UTF-8 lines
anneal-3730-pinned-cross-layer-navigation-boundary-2026-09-29,support/helper-artifacts/base/source.rs,154,1832cd4b44a37a5dba21751c7ecb0b4b942ff0ee9ed0aff1d06dfedf1ae9bc47,2 UTF-8 lines
anneal-3730-pinned-cross-layer-navigation-boundary-2026-09-29,support/helper-artifacts/changed/Attempt.lean,94,88b5d6172158d0f1a018390cf5ea22ccd6f3f4409115eb8343402f3de61872fc,4 UTF-8 lines
anneal-3730-pinned-cross-layer-navigation-boundary-2026-09-29,support/helper-artifacts/changed/Check.lean,127,ce42cdc7fe5190f96bd759ea2b998903bf75097f373befe166b742875442fd24,5 UTF-8 lines
anneal-3730-pinned-cross-layer-navigation-boundary-2026-09-29,support/helper-artifacts/changed/Current/Funs.lean,2054,eec47c3e67986853435c512f1b8248003428da07db148b5e6362f0a0ac788880,50 UTF-8 lines
anneal-3730-pinned-cross-layer-navigation-boundary-2026-09-29,support/helper-artifacts/changed/Current/Funs.olean,43320,c5e2e88431a91e97cfaf32b29d6d81461fba387d7bf98b6559601a8af48136a3,binary
anneal-3730-pinned-cross-layer-navigation-boundary-2026-09-29,support/helper-artifacts/changed/Current/Types.lean,515,6e42a6f6721b1b7154b74a61f389284eb2ffe0cb5576e4a10b20842f212d145d,17 UTF-8 lines
anneal-3730-pinned-cross-layer-navigation-boundary-2026-09-29,support/helper-artifacts/changed/Current/Types.olean,1608,e914ef72b4093891eda670ea88fda5aa8e79bec08d2f3dc33aee72767145922d,binary
anneal-3730-pinned-cross-layer-navigation-boundary-2026-09-29,support/helper-artifacts/changed/Current.lean,20,c62893d039c7c93787bb4c819c5fa40e6edef71cd0c3f9be5ff843df7616f49e,1 UTF-8 lines
anneal-3730-pinned-cross-layer-navigation-boundary-2026-09-29,support/helper-artifacts/changed/Current.olean,1312,34547467aa8017d1ff0efebc746e14a1b50ef6cb446e9aa1404d09cc0ffef149,binary
anneal-3730-pinned-cross-layer-navigation-boundary-2026-09-29,support/helper-artifacts/changed/RustOracle.rs,84,c1ab8198fa660dacc5fac9c86a7b6a05dc6fa7d24588feb092b06369c5577d09,2 UTF-8 lines
anneal-3730-pinned-cross-layer-navigation-boundary-2026-09-29,support/helper-artifacts/changed/current.llbc,15760,cad787a45cf2418470b38bcfe4991669136c1640093b1191d61abd7a969bc338,0 UTF-8 lines
anneal-3730-pinned-cross-layer-navigation-boundary-2026-09-29,support/helper-artifacts/changed/generated/Current.lean,20,c62893d039c7c93787bb4c819c5fa40e6edef71cd0c3f9be5ff843df7616f49e,1 UTF-8 lines
anneal-3730-pinned-cross-layer-navigation-boundary-2026-09-29,support/helper-artifacts/changed/generated/Funs.lean,2054,eec47c3e67986853435c512f1b8248003428da07db148b5e6362f0a0ac788880,50 UTF-8 lines
anneal-3730-pinned-cross-layer-navigation-boundary-2026-09-29,support/helper-artifacts/changed/generated/Types.lean,515,6e42a6f6721b1b7154b74a61f389284eb2ffe0cb5576e4a10b20842f212d145d,17 UTF-8 lines
anneal-3730-pinned-cross-layer-navigation-boundary-2026-09-29,support/helper-artifacts/changed/source.rs,154,d79691f4a311552db19d54234060665feeed79750b089576f832b3ba5b92d030,2 UTF-8 lines
anneal-3730-pinned-cross-layer-navigation-boundary-2026-09-29,support/helper-manifest.json,18354,9c0655062bc22faf3d8670fe1e9d0b5fa13c70564f6544e202fc72f71e44394c,parsed JSON
anneal-3730-pinned-cross-layer-navigation-boundary-2026-09-29,support/helper-results.json,25622,1723b6361f795cac1a6960a0a4c3768ce1263a210ddea04a0d5dcb22b300374c,parsed JSON
anneal-3730-pinned-cross-layer-navigation-boundary-2026-09-29,support/helper_check.py,6825,98b8eb33bca640fc71ddaf2c346eb820cedc61b26fb14545386c61ec746e6b9d,115 UTF-8 lines
anneal-3730-pinned-cross-layer-navigation-boundary-2026-09-29,support/helper_probe.py,12130,ed6d4e25bbff590a66c79917cf3e413b6286bb71e0b7809358b2f4a16117e1e0,199 UTF-8 lines
anneal-3730-pinned-cross-layer-navigation-boundary-2026-09-29,support/manifest.json,18679,c897830c70cd75c9c1e036fd8ef4f12cb0732d8748eadde402e09f73bbed6c37,parsed JSON
anneal-3730-pinned-cross-layer-navigation-boundary-2026-09-29,support/nav.py,3229,a78f1afdbece2878149b526c37e2dc9d9165a352f0e096ca331c3a9f544fc2f4,71 UTF-8 lines
anneal-3730-pinned-cross-layer-navigation-boundary-2026-09-29,support/probe.py,12405,7c9d69afe24cbef0f65dd6d6c3ca283eadb8b251999dd9cfa0280d71639c6a01,215 UTF-8 lines
anneal-3730-pinned-cross-layer-navigation-boundary-2026-09-29,support/results.json,11542,12e9c1b75df8db3c59837baaa84b526b3c22703af5176f1941190c25bcd886af,parsed JSON
anneal-3730-pinned-cross-layer-navigation-boundary-2026-09-29,support/summary.json,862,2bddaaf77fe1afe070f740ca372cb0931f989e7b5757db8d26733f3b9449e5ab,parsed JSON
anneal-3730-real-archive-manifest-gate-2026-09-29,REPORT.json,1096,f6464563e0c7ed4d18e776e208e0cd6626e56faea940fbce86bfc2aa0ab66e24,parsed JSON
anneal-3730-real-archive-manifest-gate-2026-09-29,REPORT.md,8293,ce8ac22390a905e9754a63a2e62c1bb427ac958757250a98d09d2a20e688d24b,50 UTF-8 lines
anneal-3730-real-archive-manifest-gate-2026-09-29,support/availability.json,2182,d837f26514e958a6ea742192b928ecf5f3bab77d6fce47cbf2d296358669c7bc,parsed JSON
anneal-3730-real-archive-manifest-gate-2026-09-29,support/check.py,1314,44bc34e7bc0e496945925c88f0ba54c035b32cbe012144a81073a6361dbb4806,25 UTF-8 lines
anneal-3730-real-archive-manifest-gate-2026-09-29,support/probe.py,6569,d1fc309aeeb98bf146cc5e2d078b2ae193c6fb4159f0b58c9dfe14c1c75414dd,125 UTF-8 lines
anneal-3730-real-archive-manifest-gate-2026-09-29,support/results.json,8727,c52a4491a6a5c588a7aaa55342f586573132bc453c920e01cd0c85ad7baa2fee,parsed JSON
anneal-3730-shared-cargo-consumer-ownership-2026-09-29,REPORT.json,526,8300c2181592b38edc3f4565f696e11c9847b99e15403635236cf651e3f3bb86,parsed JSON
anneal-3730-shared-cargo-consumer-ownership-2026-09-29,REPORT.md,4650,21dab7ce5f3cc0a38e7525ba5200bca3a55c2cad70765acb7f6640e102753851,27 UTF-8 lines
anneal-3730-shared-cargo-consumer-ownership-2026-09-29,support/check.py,2746,373bb28a4f533edea29428e345b286fa00df9e9f11f1c6019dcd032b872e9a17,40 UTF-8 lines
anneal-3730-shared-cargo-consumer-ownership-2026-09-29,support/fixture/Cargo.toml,90,0e29321d6c306c3b433544c4f318b57fc63ebfbc9fba1ff56f42d763aa6d451e,5 UTF-8 lines
anneal-3730-shared-cargo-consumer-ownership-2026-09-29,support/fixture/build.rs,493,2936b0a40b91ab74e9853cacd2ba086023c2505a78caf145e06de8b4dd72ca0c,9 UTF-8 lines
anneal-3730-shared-cargo-consumer-ownership-2026-09-29,support/fixture/src/lib.rs,30,5e0a6af76181b77032ef291474aab99538433cb86eb2b8ad88f3c0cfb2577a51,1 UTF-8 lines
anneal-3730-shared-cargo-consumer-ownership-2026-09-29,support/probe.py,5709,b700dd98207b97c53f4734283ad0aa8c7202b5ed8744b612144511a0765f8874,96 UTF-8 lines
anneal-3730-shared-cargo-consumer-ownership-2026-09-29,support/results.json,11828,aa60824511f524a9719448b001983294a2f190abb829e6faa292729aa03dcfe8,parsed JSON
anneal-3730-shared-cargo-consumer-ownership-2026-09-29,support/work/cancel-both/Cargo.lock,160,54aa881f77304b7f0e864f05404bbbfd4e4870b691ad745a1fe32765eda0bd71,7 UTF-8 lines
anneal-3730-shared-cargo-consumer-ownership-2026-09-29,support/work/cancel-both/Cargo.toml,90,0e29321d6c306c3b433544c4f318b57fc63ebfbc9fba1ff56f42d763aa6d451e,5 UTF-8 lines
anneal-3730-shared-cargo-consumer-ownership-2026-09-29,support/work/cancel-both/build.rs,493,2936b0a40b91ab74e9853cacd2ba086023c2505a78caf145e06de8b4dd72ca0c,9 UTF-8 lines
anneal-3730-shared-cargo-consumer-ownership-2026-09-29,support/work/cancel-both/entered,12,8c79b0dc05cac737d8209488dea1bd6ea1a2ab475fb84edc0ee1c3782f034ef4,1 UTF-8 lines
anneal-3730-shared-cargo-consumer-ownership-2026-09-29,support/work/cancel-both/src/lib.rs,30,5e0a6af76181b77032ef291474aab99538433cb86eb2b8ad88f3c0cfb2577a51,1 UTF-8 lines
anneal-3730-shared-cargo-consumer-ownership-2026-09-29,support/work/cancel-both/target/.rustc_info.json,1947,e54f43a0ba473413947ff43312f1a200e20fc0ba6c643dcfc288092a61d36956,parsed JSON
anneal-3730-shared-cargo-consumer-ownership-2026-09-29,support/work/cancel-both/target/CACHEDIR.TAG,177,6d9d1d216e0f83abc5e5662ca62c92b4f23009466b54fa27321a69acdb778bb2,3 UTF-8 lines
anneal-3730-shared-cargo-consumer-ownership-2026-09-29,support/work/cancel-both/target/debug/.cargo-artifact-lock,0,e3b0c44298fc1c149afbf4c8996fb92427ae41e4649b934ca495991b7852b855,0 UTF-8 lines
anneal-3730-shared-cargo-consumer-ownership-2026-09-29,support/work/cancel-both/target/debug/.cargo-build-lock,0,e3b0c44298fc1c149afbf4c8996fb92427ae41e4649b934ca495991b7852b855,0 UTF-8 lines
anneal-3730-shared-cargo-consumer-ownership-2026-09-29,support/work/cancel-both/target/debug/.cargo-lock,0,e3b0c44298fc1c149afbf4c8996fb92427ae41e4649b934ca495991b7852b855,0 UTF-8 lines
anneal-3730-shared-cargo-consumer-ownership-2026-09-29,support/work/cancel-both/target/debug/.fingerprint/shared_job_probe-4562f826e022be6e/dep-lib-shared_job_probe,30,f14f96adde2da250a05802a30e565519ea310fa1799083f7444b109fa37007fc,binary
anneal-3730-shared-cargo-consumer-ownership-2026-09-29,support/work/cancel-both/target/debug/.fingerprint/shared_job_probe-4562f826e022be6e/invoked.timestamp,48,5a109e6643e8d3e88642e3f35e85d2a83e639d07523aa6e99166c48178e965c3,0 UTF-8 lines
anneal-3730-shared-cargo-consumer-ownership-2026-09-29,support/work/cancel-both/target/debug/.fingerprint/shared_job_probe-4562f826e022be6e/lib-shared_job_probe,16,3839a18ce6ccbaabb5c651eefd811b6f87ec19b6bc16a83152648dd8a183cde2,0 UTF-8 lines
anneal-3730-shared-cargo-consumer-ownership-2026-09-29,support/work/cancel-both/target/debug/.fingerprint/shared_job_probe-4562f826e022be6e/lib-shared_job_probe.json,434,acd4e4022de1a66f749d2009253344c280eb16f48225f393603ebf000314da6c,parsed JSON
anneal-3730-shared-cargo-consumer-ownership-2026-09-29,support/work/cancel-both/target/debug/.fingerprint/shared_job_probe-4d304bd7f976d7ae/run-build-script-build-script-build,16,2afd58e2c667d9a647ef45cb64e183c29b5d724d76a2636adae5279f93f20e6d,0 UTF-8 lines
anneal-3730-shared-cargo-consumer-ownership-2026-09-29,support/work/cancel-both/target/debug/.fingerprint/shared_job_probe-4d304bd7f976d7ae/run-build-script-build-script-build.json,283,5cb8b50aef706dd6fb940e385581ebbcf1888a6701803e86c0f78fa2fee95d1c,parsed JSON
anneal-3730-shared-cargo-consumer-ownership-2026-09-29,support/work/cancel-both/target/debug/.fingerprint/shared_job_probe-f37ad3ee2e62c932/build-script-build-script-build,16,0b80b18a7306ea7436189fcc66b62baf78c7cb28c983cd022ef18625ba278721,0 UTF-8 lines
anneal-3730-shared-cargo-consumer-ownership-2026-09-29,support/work/cancel-both/target/debug/.fingerprint/shared_job_probe-f37ad3ee2e62c932/build-script-build-script-build.json,375,7804873c6558ee895653f17b27cbfe63faf85fe56e1b9151d9bf3530da219a8c,parsed JSON
anneal-3730-shared-cargo-consumer-ownership-2026-09-29,support/work/cancel-both/target/debug/.fingerprint/shared_job_probe-f37ad3ee2e62c932/dep-build-script-build-script-build,28,a71f952e7f3252ef5608298951fd55b25f3590c98bc0765ae4145e623604ee7d,binary
anneal-3730-shared-cargo-consumer-ownership-2026-09-29,support/work/cancel-both/target/debug/.fingerprint/shared_job_probe-f37ad3ee2e62c932/invoked.timestamp,48,5a109e6643e8d3e88642e3f35e85d2a83e639d07523aa6e99166c48178e965c3,0 UTF-8 lines
anneal-3730-shared-cargo-consumer-ownership-2026-09-29,support/work/cancel-both/target/debug/build/shared_job_probe-4d304bd7f976d7ae/invoked.timestamp,48,5a109e6643e8d3e88642e3f35e85d2a83e639d07523aa6e99166c48178e965c3,0 UTF-8 lines
anneal-3730-shared-cargo-consumer-ownership-2026-09-29,support/work/cancel-both/target/debug/build/shared_job_probe-4d304bd7f976d7ae/output,38,9dcbeddfb0bed95343a99dffd97d45b5d475aa64dca2089c4db0d1da0578a076,1 UTF-8 lines
anneal-3730-shared-cargo-consumer-ownership-2026-09-29,support/work/cancel-both/target/debug/build/shared_job_probe-4d304bd7f976d7ae/root-output,257,7aaf3a2a23ee0cbfd5fe65d47ff8f0c3e76bdc13dbe8d35f58f662e154d3344d,0 UTF-8 lines
anneal-3730-shared-cargo-consumer-ownership-2026-09-29,support/work/cancel-both/target/debug/build/shared_job_probe-4d304bd7f976d7ae/stderr,0,e3b0c44298fc1c149afbf4c8996fb92427ae41e4649b934ca495991b7852b855,0 UTF-8 lines
anneal-3730-shared-cargo-consumer-ownership-2026-09-29,support/work/cancel-both/target/debug/build/shared_job_probe-f37ad3ee2e62c932/build-script-build,536256,ec9a03ae0d2950deba610b98e5a97b114ca6660ecbfee0d22e4ac0222f8638a3,binary
anneal-3730-shared-cargo-consumer-ownership-2026-09-29,support/work/cancel-both/target/debug/build/shared_job_probe-f37ad3ee2e62c932/build_script_build-f37ad3ee2e62c932,536256,ec9a03ae0d2950deba610b98e5a97b114ca6660ecbfee0d22e4ac0222f8638a3,binary
anneal-3730-shared-cargo-consumer-ownership-2026-09-29,support/work/cancel-both/target/debug/build/shared_job_probe-f37ad3ee2e62c932/build_script_build-f37ad3ee2e62c932.d,614,d1cc01bcae08bd1461767cfa8568796350de48cbff903bd367e42c85b05fe321,5 UTF-8 lines
anneal-3730-shared-cargo-consumer-ownership-2026-09-29,support/work/cancel-both/target/debug/deps/libshared_job_probe-4562f826e022be6e.rlib,5880,a5295216dd7b86d20033576cd47d0212babaf658e224ebd0182b5567cad830a6,binary
anneal-3730-shared-cargo-consumer-ownership-2026-09-29,support/work/cancel-both/target/debug/deps/libshared_job_probe-4562f826e022be6e.rmeta,2495,4318def5c88becb0c204f28444bdf5aebf456cf877ccc6d52e2727326357120c,binary
anneal-3730-shared-cargo-consumer-ownership-2026-09-29,support/work/cancel-both/target/debug/deps/shared_job_probe-4562f826e022be6e.8vp1edhsaewnsvvkqkb3qq31e.1wps0vl.rcgu.o,2216,04b6c46635bca9fa2e7b0a27ec077e40c86510616743c9550bb3138221e366f3,binary
anneal-3730-shared-cargo-consumer-ownership-2026-09-29,support/work/cancel-both/target/debug/deps/shared_job_probe-4562f826e022be6e.d,829,51934be458a4e92e3c12ffe79d2786b3c440da4965b896162bf8f2bd6a71ccda,7 UTF-8 lines
anneal-3730-shared-cargo-consumer-ownership-2026-09-29,support/work/cancel-both/target/debug/incremental/build_script_build-2gqxr9ook7sac/s-hmqwdp6d52-0ty21ry-cx3rmnf36tkhdmf51ttfzp9lg/097ntzjhwfw9k8w9vrsix2xwx.o,1008,04f558051e38a4e7b8f8010fae92785a94dc7f412c90cbd4268bb039a4202cfa,binary
anneal-3730-shared-cargo-consumer-ownership-2026-09-29,support/work/cancel-both/target/debug/incremental/build_script_build-2gqxr9ook7sac/s-hmqwdp6d52-0ty21ry-cx3rmnf36tkhdmf51ttfzp9lg/0bo2ll869m8ofnym5epyii9gz.o,960,69b2344d78bd96cbda4876683e233369cceaba9c0726b01ba3814ef10a8b5368,binary
anneal-3730-shared-cargo-consumer-ownership-2026-09-29,support/work/cancel-both/target/debug/incremental/build_script_build-2gqxr9ook7sac/s-hmqwdp6d52-0ty21ry-cx3rmnf36tkhdmf51ttfzp9lg/118ynx09f3rewfuj5b4p40t6c.o,1768,4c4f2b64cd053046de5d6b68af02879f7be41187099bbe3ee510c421d296aa54,binary
anneal-3730-shared-cargo-consumer-ownership-2026-09-29,support/work/cancel-both/target/debug/incremental/build_script_build-2gqxr9ook7sac/s-hmqwdp6d52-0ty21ry-cx3rmnf36tkhdmf51ttfzp9lg/13y4zlfck0ltu982wqupe0w8x.o,1000,d5ba84593f4e623c8021abc37926bca985dab4101b8f70245f7c19f678d38f86,binary
anneal-3730-shared-cargo-consumer-ownership-2026-09-29,support/work/cancel-both/target/debug/incremental/build_script_build-2gqxr9ook7sac/s-hmqwdp6d52-0ty21ry-cx3rmnf36tkhdmf51ttfzp9lg/13ydt9fpre5z0eyrpb9207xtk.o,1992,0497373dd87d9138d4af0ab56841d6b127d2b88c4029ccecefa2b4c1647e30fd,binary
anneal-3730-shared-cargo-consumer-ownership-2026-09-29,support/work/cancel-both/target/debug/incremental/build_script_build-2gqxr9ook7sac/s-hmqwdp6d52-0ty21ry-cx3rmnf36tkhdmf51ttfzp9lg/14226mua3z7oadinr9jxyoe3l.o,1816,4ab3df8a5ddca6c5e13b548a8f801e33fdecc57607526a5396ecba47e1dc2f03,binary
anneal-3730-shared-cargo-consumer-ownership-2026-09-29,support/work/cancel-both/target/debug/incremental/build_script_build-2gqxr9ook7sac/s-hmqwdp6d52-0ty21ry-cx3rmnf36tkhdmf51ttfzp9lg/1hb8kmftl7wsq17r0p09ttfnu.o,6600,673ea7150699ce0691043374a79d9ce3235b8c23dc54dc730715123f72cf707a,binary
anneal-3730-shared-cargo-consumer-ownership-2026-09-29,support/work/cancel-both/target/debug/incremental/build_script_build-2gqxr9ook7sac/s-hmqwdp6d52-0ty21ry-cx3rmnf36tkhdmf51ttfzp9lg/1hq72kamj0d8bxtodisguevb4.o,2840,2fc1d224aade7ee45d6f842e15e03ffe63ec8619b7e38ee29cf4fa8e73a82cec,binary
anneal-3730-shared-cargo-consumer-ownership-2026-09-29,support/work/cancel-both/target/debug/incremental/build_script_build-2gqxr9ook7sac/s-hmqwdp6d52-0ty21ry-cx3rmnf36tkhdmf51ttfzp9lg/1mrutluasrjo59oardczmyfei.o,1144,ab707d221488fcdfd8074a70b1ed102f8376c02c4042c98c9fd1c78b34c5d252,binary
anneal-3730-shared-cargo-consumer-ownership-2026-09-29,support/work/cancel-both/target/debug/incremental/build_script_build-2gqxr9ook7sac/s-hmqwdp6d52-0ty21ry-cx3rmnf36tkhdmf51ttfzp9lg/1n8jh7p6embt3j4g3y5ii9y6s.o,1160,b837fbd1810ef2b5f3cfc7656226b06d96225750b655e92e3398f7bb93bb4fb0,binary
anneal-3730-shared-cargo-consumer-ownership-2026-09-29,support/work/cancel-both/target/debug/incremental/build_script_build-2gqxr9ook7sac/s-hmqwdp6d52-0ty21ry-cx3rmnf36tkhdmf51ttfzp9lg/1tnk5mg5kx6qh52vdlvoe0oc3.o,4168,db83a6d6216cbde913e51d49b566a9540ce9dbd0bf49485f386970c96e243814,binary
anneal-3730-shared-cargo-consumer-ownership-2026-09-29,support/work/cancel-both/target/debug/incremental/build_script_build-2gqxr9ook7sac/s-hmqwdp6d52-0ty21ry-cx3rmnf36tkhdmf51ttfzp9lg/1vlpkb5b61d0uiga0m72a2ihc.o,2000,27172a0c769c80a98330c240ccc47ea6b78ff99bcc7777251ff9ba9ea38710d2,binary
anneal-3730-shared-cargo-consumer-ownership-2026-09-29,support/work/cancel-both/target/debug/incremental/build_script_build-2gqxr9ook7sac/s-hmqwdp6d52-0ty21ry-cx3rmnf36tkhdmf51ttfzp9lg/20edsa39cs3mvpttysknya8b9.o,640,66113cf55bce0b0687c748ea1ec8b2c89a005beca9fd34be7ca40f62032b86b8,binary
anneal-3730-shared-cargo-consumer-ownership-2026-09-29,support/work/cancel-both/target/debug/incremental/build_script_build-2gqxr9ook7sac/s-hmqwdp6d52-0ty21ry-cx3rmnf36tkhdmf51ttfzp9lg/22qmmnfb97n15ozhyos0hubnb.o,1640,d07e64fa8d57b536ffb00a306630d9978b145352a9ff346822756f88e4cbd8c5,binary
anneal-3730-shared-cargo-consumer-ownership-2026-09-29,support/work/cancel-both/target/debug/incremental/build_script_build-2gqxr9ook7sac/s-hmqwdp6d52-0ty21ry-cx3rmnf36tkhdmf51ttfzp9lg/2pr96amtm6of8ht9pzy4tsr9a.o,1336,5fcd328d4a760ed5713ffe153274717ccda187704b33298de4614f55d703c7ed,binary
anneal-3730-shared-cargo-consumer-ownership-2026-09-29,support/work/cancel-both/target/debug/incremental/build_script_build-2gqxr9ook7sac/s-hmqwdp6d52-0ty21ry-cx3rmnf36tkhdmf51ttfzp9lg/2seydpsrftn82p9ppfgzixaqf.o,1936,2098aa4735953c50fe70f6b36a2549f119de8e05c13b8bb2bbc576b6b84f5b91,binary
anneal-3730-shared-cargo-consumer-ownership-2026-09-29,support/work/cancel-both/target/debug/incremental/build_script_build-2gqxr9ook7sac/s-hmqwdp6d52-0ty21ry-cx3rmnf36tkhdmf51ttfzp9lg/2u6swzx6bmjjcfie028ecuoml.o,1768,bd49815b91a4d427408adfb4e536f0bba45c36f48eb52ebf28decf2c78abacd3,binary
anneal-3730-shared-cargo-consumer-ownership-2026-09-29,support/work/cancel-both/target/debug/incremental/build_script_build-2gqxr9ook7sac/s-hmqwdp6d52-0ty21ry-cx3rmnf36tkhdmf51ttfzp9lg/35eq9c0zfgr0oid5e54y8srfq.o,7392,181ef81f647c7e6aeade4f044bc36f2ff63d9bb2fa114da341566a0ae89dad15,binary
anneal-3730-shared-cargo-consumer-ownership-2026-09-29,support/work/cancel-both/target/debug/incremental/build_script_build-2gqxr9ook7sac/s-hmqwdp6d52-0ty21ry-cx3rmnf36tkhdmf51ttfzp9lg/39176b1ld9p0c6lugybhgnyco.o,2216,af0da6c57f5bb76e9f9698059001777ef2d41ed5569fdf07643f61e736a03f14,binary
anneal-3730-shared-cargo-consumer-ownership-2026-09-29,support/work/cancel-both/target/debug/incremental/build_script_build-2gqxr9ook7sac/s-hmqwdp6d52-0ty21ry-cx3rmnf36tkhdmf51ttfzp9lg/3lepu29l293gj082bjm04t5ki.o,1600,60f61d5289a7a1f4b57be67246cdbf60aa6bc350a940eb80bd168a688cb4a2ca,binary
anneal-3730-shared-cargo-consumer-ownership-2026-09-29,support/work/cancel-both/target/debug/incremental/build_script_build-2gqxr9ook7sac/s-hmqwdp6d52-0ty21ry-cx3rmnf36tkhdmf51ttfzp9lg/4fu49mv8ls9fsn7r25qh73gq4.o,2680,2287e858ea9c2253cc4a7600c3deea11ece4f9f540d4446ef15f420051301049,binary
anneal-3730-shared-cargo-consumer-ownership-2026-09-29,support/work/cancel-both/target/debug/incremental/build_script_build-2gqxr9ook7sac/s-hmqwdp6d52-0ty21ry-cx3rmnf36tkhdmf51ttfzp9lg/4ngqn0m6u7uso6ymkcm2xox30.o,920,7fb0c7f373ebc34d17a6c260eb3f7b864b83a51a622877646dfaedb8c5eb7ae7,binary
anneal-3730-shared-cargo-consumer-ownership-2026-09-29,support/work/cancel-both/target/debug/incremental/build_script_build-2gqxr9ook7sac/s-hmqwdp6d52-0ty21ry-cx3rmnf36tkhdmf51ttfzp9lg/4t5ci8xq8wcu00jge0khe38l0.o,1360,0a18390a18e8ec26d6d584bea5c10964854c78e5319af4161adbe2d9012140b0,binary
anneal-3730-shared-cargo-consumer-ownership-2026-09-29,support/work/cancel-both/target/debug/incremental/build_script_build-2gqxr9ook7sac/s-hmqwdp6d52-0ty21ry-cx3rmnf36tkhdmf51ttfzp9lg/53jk09pql9fws8o3texvftnt1.o,9176,b8dcc257bc185ea82a86109ebbfaa1d05fd4f311f9a3a868a2ba8e46d072cc2b,binary
anneal-3730-shared-cargo-consumer-ownership-2026-09-29,support/work/cancel-both/target/debug/incremental/build_script_build-2gqxr9ook7sac/s-hmqwdp6d52-0ty21ry-cx3rmnf36tkhdmf51ttfzp9lg/53l4zfymluw5k7tjld5zba1tv.o,1824,ba93434ad9760ee178dd67daccc8ea7351008802a8275eb251283eb01848aefc,binary
anneal-3730-shared-cargo-consumer-ownership-2026-09-29,support/work/cancel-both/target/debug/incremental/build_script_build-2gqxr9ook7sac/s-hmqwdp6d52-0ty21ry-cx3rmnf36tkhdmf51ttfzp9lg/5dsqfvtq5ni2g7r9wvpjjysla.o,2160,e44b34bc7b2dcd9e8bfb7035a813e48867383f51c69281a5e18e8329e15521ac,binary
anneal-3730-shared-cargo-consumer-ownership-2026-09-29,support/work/cancel-both/target/debug/incremental/build_script_build-2gqxr9ook7sac/s-hmqwdp6d52-0ty21ry-cx3rmnf36tkhdmf51ttfzp9lg/6do2et170xrdftimaj1nkzfd6.o,1432,0ea7a0d8c71b548e66cba241038d730d00b1a897d803acbffd1d1177c4718c34,binary
anneal-3730-shared-cargo-consumer-ownership-2026-09-29,support/work/cancel-both/target/debug/incremental/build_script_build-2gqxr9ook7sac/s-hmqwdp6d52-0ty21ry-cx3rmnf36tkhdmf51ttfzp9lg/6h91zi4j89kd5xt1jf6if8qqe.o,760,252c8c109e486c38d42d647c4fce83c4c70b3ffac4448c0cbf79b0e20d7b3709,binary
anneal-3730-shared-cargo-consumer-ownership-2026-09-29,support/work/cancel-both/target/debug/incremental/build_script_build-2gqxr9ook7sac/s-hmqwdp6d52-0ty21ry-cx3rmnf36tkhdmf51ttfzp9lg/6igwb6n0tck2yiu80n16hqrel.o,1360,48adff7ca45dfb4d7c31cb5d09d14df815a86decb5222cd197cb0c3fa6ef353b,binary
anneal-3730-shared-cargo-consumer-ownership-2026-09-29,support/work/cancel-both/target/debug/incremental/build_script_build-2gqxr9ook7sac/s-hmqwdp6d52-0ty21ry-cx3rmnf36tkhdmf51ttfzp9lg/71knnleydfs3iagpxr3ol7w3j.o,2000,ca07007c42907434836eeb01815dc61962c5a89784fe77c8cbae135e211ca3a1,binary
anneal-3730-shared-cargo-consumer-ownership-2026-09-29,support/work/cancel-both/target/debug/incremental/build_script_build-2gqxr9ook7sac/s-hmqwdp6d52-0ty21ry-cx3rmnf36tkhdmf51ttfzp9lg/7u6tlwqzj33bpci087l4kxeml.o,584,a38772d775a2c67e69c205892394bebc2b913017b3fb631102b718991c890306,binary
anneal-3730-shared-cargo-consumer-ownership-2026-09-29,support/work/cancel-both/target/debug/incremental/build_script_build-2gqxr9ook7sac/s-hmqwdp6d52-0ty21ry-cx3rmnf36tkhdmf51ttfzp9lg/8f3sh9dfh14973dky2t5j4i5a.o,29032,b3b29677d6a741d855a2c8f7c2c0f7cea59cff2fbc16e1c467bd1ce8774c773e,binary
anneal-3730-shared-cargo-consumer-ownership-2026-09-29,support/work/cancel-both/target/debug/incremental/build_script_build-2gqxr9ook7sac/s-hmqwdp6d52-0ty21ry-cx3rmnf36tkhdmf51ttfzp9lg/9i0t8zyz16bsrkj38qi20pkmp.o,1888,dec77c87a15378f352e43b90fddc98816579255d3d95f29ba84ba3f7d8bc8790,binary
anneal-3730-shared-cargo-consumer-ownership-2026-09-29,support/work/cancel-both/target/debug/incremental/build_script_build-2gqxr9ook7sac/s-hmqwdp6d52-0ty21ry-cx3rmnf36tkhdmf51ttfzp9lg/a7z377qyqhbgd06ctrulaavxf.o,1352,2507ec345a14e92e8855d74e333eb1d8547e30212651eed40c76b3bd4cc8df82,binary
anneal-3730-shared-cargo-consumer-ownership-2026-09-29,support/work/cancel-both/target/debug/incremental/build_script_build-2gqxr9ook7sac/s-hmqwdp6d52-0ty21ry-cx3rmnf36tkhdmf51ttfzp9lg/akie53ghjzep23h5n09yvyasq.o,1328,ba9eaa871cd9f688de34c93d53039f39177f7f6be9dbb0e7d04092f965374b89,binary
anneal-3730-shared-cargo-consumer-ownership-2026-09-29,support/work/cancel-both/target/debug/incremental/build_script_build-2gqxr9ook7sac/s-hmqwdp6d52-0ty21ry-cx3rmnf36tkhdmf51ttfzp9lg/amrw8aja720xy5stho7whrnxh.o,2184,88865506bd504de6650d34359b2fa3f09e4195d7500d033157f3a309da86e3e3,binary
anneal-3730-shared-cargo-consumer-ownership-2026-09-29,support/work/cancel-both/target/debug/incremental/build_script_build-2gqxr9ook7sac/s-hmqwdp6d52-0ty21ry-cx3rmnf36tkhdmf51ttfzp9lg/b0msfzd3x3v60yua7yhlbvncm.o,960,d1983c98d7fca33a86c3b6524bc3cd7c9a782f46c1d3c717f7d94423b413edc7,binary
anneal-3730-shared-cargo-consumer-ownership-2026-09-29,support/work/cancel-both/target/debug/incremental/build_script_build-2gqxr9ook7sac/s-hmqwdp6d52-0ty21ry-cx3rmnf36tkhdmf51ttfzp9lg/b2qqf3i9djbo25pas943y1bau.o,1792,13be25f33c8e22efd254e143bc6e088ac8cee05406115fe7061d57ce7e82087d,binary
anneal-3730-shared-cargo-consumer-ownership-2026-09-29,support/work/cancel-both/target/debug/incremental/build_script_build-2gqxr9ook7sac/s-hmqwdp6d52-0ty21ry-cx3rmnf36tkhdmf51ttfzp9lg/b6euv3dkwshlfsq6gqujrkiyj.o,1288,3825e62851f6a1fb6378030756c9dd49f5d64514ffe9e49ae632ae8198903cf7,binary
anneal-3730-shared-cargo-consumer-ownership-2026-09-29,support/work/cancel-both/target/debug/incremental/build_script_build-2gqxr9ook7sac/s-hmqwdp6d52-0ty21ry-cx3rmnf36tkhdmf51ttfzp9lg/bwv1nlxbp8jna4p4bd8nj5x64.o,1968,0cd45c62082b3f13580edadda8fd4c33f1fe3958495c3dcfcee0281c0b158878,binary
anneal-3730-shared-cargo-consumer-ownership-2026-09-29,support/work/cancel-both/target/debug/incremental/build_script_build-2gqxr9ook7sac/s-hmqwdp6d52-0ty21ry-cx3rmnf36tkhdmf51ttfzp9lg/by0h7mn5t6yo5cm2d5obw4tsw.o,3400,e2708c3d21a9eafae0caa011c51e56041724ca7abf9d59f6ab02bd84cbdb6a1e,binary
anneal-3730-shared-cargo-consumer-ownership-2026-09-29,support/work/cancel-both/target/debug/incremental/build_script_build-2gqxr9ook7sac/s-hmqwdp6d52-0ty21ry-cx3rmnf36tkhdmf51ttfzp9lg/ci530dor7o43tzb9a8durvir3.o,4888,dd88cb9c778d8f898843e32ef06697bd2df02d03677854896d82d3d5909db5de,binary
anneal-3730-shared-cargo-consumer-ownership-2026-09-29,support/work/cancel-both/target/debug/incremental/build_script_build-2gqxr9ook7sac/s-hmqwdp6d52-0ty21ry-cx3rmnf36tkhdmf51ttfzp9lg/crqtf9dx35zwgonbva2v6vfzs.o,960,571da34f9660f4007eb2c1071c5939b725ed807ce23b70640809eb2e423444dd,binary
anneal-3730-shared-cargo-consumer-ownership-2026-09-29,support/work/cancel-both/target/debug/incremental/build_script_build-2gqxr9ook7sac/s-hmqwdp6d52-0ty21ry-cx3rmnf36tkhdmf51ttfzp9lg/dep-graph.bin,883212,9fe1495ed83d5a708491793b090a8ee927d6cd6b6558fe797dcb02d677e71419,binary
anneal-3730-shared-cargo-consumer-ownership-2026-09-29,support/work/cancel-both/target/debug/incremental/build_script_build-2gqxr9ook7sac/s-hmqwdp6d52-0ty21ry-cx3rmnf36tkhdmf51ttfzp9lg/dfxbmk6nwjpt3rhfar7pj39ar.o,1176,f31803113bc91b49f8e40bc684a06449959ba24b33673b2138ec6c0f4c97f64a,binary
anneal-3730-shared-cargo-consumer-ownership-2026-09-29,support/work/cancel-both/target/debug/incremental/build_script_build-2gqxr9ook7sac/s-hmqwdp6d52-0ty21ry-cx3rmnf36tkhdmf51ttfzp9lg/dhj0mfixuql6sllg5idak5ca9.o,3120,32e991d29a73c71702a96dfc2ca94d420e88ae4be70c6419d166a3e1a0884642,binary
anneal-3730-shared-cargo-consumer-ownership-2026-09-29,support/work/cancel-both/target/debug/incremental/build_script_build-2gqxr9ook7sac/s-hmqwdp6d52-0ty21ry-cx3rmnf36tkhdmf51ttfzp9lg/djofw18fft48ixrnddx2axu13.o,872,c3f2076919d8c5a4eaa517ef980f47e56a6cac314698724122e0332774457841,binary
anneal-3730-shared-cargo-consumer-ownership-2026-09-29,support/work/cancel-both/target/debug/incremental/build_script_build-2gqxr9ook7sac/s-hmqwdp6d52-0ty21ry-cx3rmnf36tkhdmf51ttfzp9lg/do1xroq3us4k4wsxcsdc2fcb6.o,2640,e4ea31248c9b909de10417d46b25350c075d57e70d6bf15d374c444d67eee04e,binary
anneal-3730-shared-cargo-consumer-ownership-2026-09-29,support/work/cancel-both/target/debug/incremental/build_script_build-2gqxr9ook7sac/s-hmqwdp6d52-0ty21ry-cx3rmnf36tkhdmf51ttfzp9lg/ew4cjedrjsv5zbjs7rxizh2kj.o,616,0091ab94dafa122847f1bc9a4f14d0883cdfe16d71a06b4bf2e450eabd33b337,binary
anneal-3730-shared-cargo-consumer-ownership-2026-09-29,support/work/cancel-both/target/debug/incremental/build_script_build-2gqxr9ook7sac/s-hmqwdp6d52-0ty21ry-cx3rmnf36tkhdmf51ttfzp9lg/query-cache.bin,368546,f090ece69e40bed6e963cee10c2a7b01f03f9bd66a6489c0176cb7f2f4c4d1f2,binary
anneal-3730-shared-cargo-consumer-ownership-2026-09-29,support/work/cancel-both/target/debug/incremental/build_script_build-2gqxr9ook7sac/s-hmqwdp6d52-0ty21ry-cx3rmnf36tkhdmf51ttfzp9lg/work-products.bin,3709,91088f46cb13fac3d93cc11a019399627dea008f55f23b820bb37aabadae7ea8,binary
anneal-3730-shared-cargo-consumer-ownership-2026-09-29,support/work/cancel-both/target/debug/incremental/build_script_build-2gqxr9ook7sac/s-hmqwdp6d52-0ty21ry.lock,0,e3b0c44298fc1c149afbf4c8996fb92427ae41e4649b934ca495991b7852b855,0 UTF-8 lines
anneal-3730-shared-cargo-consumer-ownership-2026-09-29,support/work/cancel-both/target/debug/incremental/shared_job_probe-3pctkklk5nagk/s-hmqwdqune9-1ob3pj4-4e78qx45wmhekhf488pmhoaua/8vp1edhsaewnsvvkqkb3qq31e.o,2216,04b6c46635bca9fa2e7b0a27ec077e40c86510616743c9550bb3138221e366f3,binary
anneal-3730-shared-cargo-consumer-ownership-2026-09-29,support/work/cancel-both/target/debug/incremental/shared_job_probe-3pctkklk5nagk/s-hmqwdqune9-1ob3pj4-4e78qx45wmhekhf488pmhoaua/dep-graph.bin,19876,8e3bcf6987c8951643a4632fde6572d2c202f1d64c00e9cd49ee79981175678d,binary
anneal-3730-shared-cargo-consumer-ownership-2026-09-29,support/work/cancel-both/target/debug/incremental/shared_job_probe-3pctkklk5nagk/s-hmqwdqune9-1ob3pj4-4e78qx45wmhekhf488pmhoaua/metadata.rmeta,2495,4318def5c88becb0c204f28444bdf5aebf456cf877ccc6d52e2727326357120c,binary
anneal-3730-shared-cargo-consumer-ownership-2026-09-29,support/work/cancel-both/target/debug/incremental/shared_job_probe-3pctkklk5nagk/s-hmqwdqune9-1ob3pj4-4e78qx45wmhekhf488pmhoaua/query-cache.bin,1463,cf818a021be51868eec9cb9c9fbc0b72dea3de7032cc9b22851de436f9c96b97,binary
anneal-3730-shared-cargo-consumer-ownership-2026-09-29,support/work/cancel-both/target/debug/incremental/shared_job_probe-3pctkklk5nagk/s-hmqwdqune9-1ob3pj4-4e78qx45wmhekhf488pmhoaua/work-products.bin,187,5ddcb089c73661ce7f40c392b94e733c1bc25646cadb278cdde6cd3bfc8114e4,binary
anneal-3730-shared-cargo-consumer-ownership-2026-09-29,support/work/cancel-both/target/debug/incremental/shared_job_probe-3pctkklk5nagk/s-hmqwdqune9-1ob3pj4.lock,0,e3b0c44298fc1c149afbf4c8996fb92427ae41e4649b934ca495991b7852b855,0 UTF-8 lines
anneal-3730-shared-cargo-consumer-ownership-2026-09-29,support/work/cancel-both/target/debug/libshared_job_probe.d,662,22db071d6345c24f311b4ff8949d5d4cc1d6ccc9ee39462a5f4791deaf2da36e,1 UTF-8 lines
anneal-3730-shared-cargo-consumer-ownership-2026-09-29,support/work/cancel-both/target/debug/libshared_job_probe.rlib,5880,a5295216dd7b86d20033576cd47d0212babaf658e224ebd0182b5567cad830a6,binary
anneal-3730-shared-cargo-consumer-ownership-2026-09-29,support/work/cancel-one/Cargo.lock,160,54aa881f77304b7f0e864f05404bbbfd4e4870b691ad745a1fe32765eda0bd71,7 UTF-8 lines
anneal-3730-shared-cargo-consumer-ownership-2026-09-29,support/work/cancel-one/Cargo.toml,90,0e29321d6c306c3b433544c4f318b57fc63ebfbc9fba1ff56f42d763aa6d451e,5 UTF-8 lines
anneal-3730-shared-cargo-consumer-ownership-2026-09-29,support/work/cancel-one/build.rs,493,2936b0a40b91ab74e9853cacd2ba086023c2505a78caf145e06de8b4dd72ca0c,9 UTF-8 lines
anneal-3730-shared-cargo-consumer-ownership-2026-09-29,support/work/cancel-one/entered,12,8822960dfc377c6ed1033b4e93f4d233257c062473abc48084fc4925eea93c61,1 UTF-8 lines
anneal-3730-shared-cargo-consumer-ownership-2026-09-29,support/work/cancel-one/src/lib.rs,30,5e0a6af76181b77032ef291474aab99538433cb86eb2b8ad88f3c0cfb2577a51,1 UTF-8 lines
anneal-3730-shared-cargo-consumer-ownership-2026-09-29,support/work/cancel-one/target/.rustc_info.json,1947,e54f43a0ba473413947ff43312f1a200e20fc0ba6c643dcfc288092a61d36956,parsed JSON
anneal-3730-shared-cargo-consumer-ownership-2026-09-29,support/work/cancel-one/target/CACHEDIR.TAG,177,6d9d1d216e0f83abc5e5662ca62c92b4f23009466b54fa27321a69acdb778bb2,3 UTF-8 lines
anneal-3730-shared-cargo-consumer-ownership-2026-09-29,support/work/cancel-one/target/debug/.cargo-artifact-lock,0,e3b0c44298fc1c149afbf4c8996fb92427ae41e4649b934ca495991b7852b855,0 UTF-8 lines
anneal-3730-shared-cargo-consumer-ownership-2026-09-29,support/work/cancel-one/target/debug/.cargo-build-lock,0,e3b0c44298fc1c149afbf4c8996fb92427ae41e4649b934ca495991b7852b855,0 UTF-8 lines
anneal-3730-shared-cargo-consumer-ownership-2026-09-29,support/work/cancel-one/target/debug/.cargo-lock,0,e3b0c44298fc1c149afbf4c8996fb92427ae41e4649b934ca495991b7852b855,0 UTF-8 lines
anneal-3730-shared-cargo-consumer-ownership-2026-09-29,support/work/cancel-one/target/debug/.fingerprint/shared_job_probe-4562f826e022be6e/dep-lib-shared_job_probe,30,f14f96adde2da250a05802a30e565519ea310fa1799083f7444b109fa37007fc,binary
anneal-3730-shared-cargo-consumer-ownership-2026-09-29,support/work/cancel-one/target/debug/.fingerprint/shared_job_probe-4562f826e022be6e/invoked.timestamp,48,5a109e6643e8d3e88642e3f35e85d2a83e639d07523aa6e99166c48178e965c3,0 UTF-8 lines
anneal-3730-shared-cargo-consumer-ownership-2026-09-29,support/work/cancel-one/target/debug/.fingerprint/shared_job_probe-4562f826e022be6e/lib-shared_job_probe,16,3839a18ce6ccbaabb5c651eefd811b6f87ec19b6bc16a83152648dd8a183cde2,0 UTF-8 lines
anneal-3730-shared-cargo-consumer-ownership-2026-09-29,support/work/cancel-one/target/debug/.fingerprint/shared_job_probe-4562f826e022be6e/lib-shared_job_probe.json,434,acd4e4022de1a66f749d2009253344c280eb16f48225f393603ebf000314da6c,parsed JSON
anneal-3730-shared-cargo-consumer-ownership-2026-09-29,support/work/cancel-one/target/debug/.fingerprint/shared_job_probe-4d304bd7f976d7ae/run-build-script-build-script-build,16,2afd58e2c667d9a647ef45cb64e183c29b5d724d76a2636adae5279f93f20e6d,0 UTF-8 lines
anneal-3730-shared-cargo-consumer-ownership-2026-09-29,support/work/cancel-one/target/debug/.fingerprint/shared_job_probe-4d304bd7f976d7ae/run-build-script-build-script-build.json,283,5cb8b50aef706dd6fb940e385581ebbcf1888a6701803e86c0f78fa2fee95d1c,parsed JSON
anneal-3730-shared-cargo-consumer-ownership-2026-09-29,support/work/cancel-one/target/debug/.fingerprint/shared_job_probe-f37ad3ee2e62c932/build-script-build-script-build,16,0b80b18a7306ea7436189fcc66b62baf78c7cb28c983cd022ef18625ba278721,0 UTF-8 lines
anneal-3730-shared-cargo-consumer-ownership-2026-09-29,support/work/cancel-one/target/debug/.fingerprint/shared_job_probe-f37ad3ee2e62c932/build-script-build-script-build.json,375,7804873c6558ee895653f17b27cbfe63faf85fe56e1b9151d9bf3530da219a8c,parsed JSON
anneal-3730-shared-cargo-consumer-ownership-2026-09-29,support/work/cancel-one/target/debug/.fingerprint/shared_job_probe-f37ad3ee2e62c932/dep-build-script-build-script-build,28,a71f952e7f3252ef5608298951fd55b25f3590c98bc0765ae4145e623604ee7d,binary
anneal-3730-shared-cargo-consumer-ownership-2026-09-29,support/work/cancel-one/target/debug/.fingerprint/shared_job_probe-f37ad3ee2e62c932/invoked.timestamp,48,5a109e6643e8d3e88642e3f35e85d2a83e639d07523aa6e99166c48178e965c3,0 UTF-8 lines
anneal-3730-shared-cargo-consumer-ownership-2026-09-29,support/work/cancel-one/target/debug/build/shared_job_probe-4d304bd7f976d7ae/invoked.timestamp,48,5a109e6643e8d3e88642e3f35e85d2a83e639d07523aa6e99166c48178e965c3,0 UTF-8 lines
anneal-3730-shared-cargo-consumer-ownership-2026-09-29,support/work/cancel-one/target/debug/build/shared_job_probe-4d304bd7f976d7ae/output,38,9dcbeddfb0bed95343a99dffd97d45b5d475aa64dca2089c4db0d1da0578a076,1 UTF-8 lines
anneal-3730-shared-cargo-consumer-ownership-2026-09-29,support/work/cancel-one/target/debug/build/shared_job_probe-4d304bd7f976d7ae/root-output,256,2ed285cfae7175e1c786a2b339ad23d6214e323b1dbfec39aa7691beb0a5cb54,0 UTF-8 lines
anneal-3730-shared-cargo-consumer-ownership-2026-09-29,support/work/cancel-one/target/debug/build/shared_job_probe-4d304bd7f976d7ae/stderr,0,e3b0c44298fc1c149afbf4c8996fb92427ae41e4649b934ca495991b7852b855,0 UTF-8 lines
anneal-3730-shared-cargo-consumer-ownership-2026-09-29,support/work/cancel-one/target/debug/build/shared_job_probe-f37ad3ee2e62c932/build-script-build,536256,ec9a03ae0d2950deba610b98e5a97b114ca6660ecbfee0d22e4ac0222f8638a3,binary
anneal-3730-shared-cargo-consumer-ownership-2026-09-29,support/work/cancel-one/target/debug/build/shared_job_probe-f37ad3ee2e62c932/build_script_build-f37ad3ee2e62c932,536256,ec9a03ae0d2950deba610b98e5a97b114ca6660ecbfee0d22e4ac0222f8638a3,binary
anneal-3730-shared-cargo-consumer-ownership-2026-09-29,support/work/cancel-one/target/debug/build/shared_job_probe-f37ad3ee2e62c932/build_script_build-f37ad3ee2e62c932.d,612,abc9f81f98b069bc2f9108ccab7df83cf117a184ba2efff0227d9a97f87f591c,5 UTF-8 lines
anneal-3730-shared-cargo-consumer-ownership-2026-09-29,support/work/cancel-one/target/debug/deps/libshared_job_probe-4562f826e022be6e.rlib,5880,886bb9ff257f37fc6b0f9b54d46c84e5e80eb685dc91b0f17cc6812fca0a5f94,binary
anneal-3730-shared-cargo-consumer-ownership-2026-09-29,support/work/cancel-one/target/debug/deps/libshared_job_probe-4562f826e022be6e.rmeta,2493,8fd67696839be1eea18f76f15c41480b0ba2f6b517e9fc0d84f90ac0e4501deb,binary
anneal-3730-shared-cargo-consumer-ownership-2026-09-29,support/work/cancel-one/target/debug/deps/shared_job_probe-4562f826e022be6e.8vp1edhsaewnsvvkqkb3qq31e.1p6zu19.rcgu.o,2216,ec9a2285e5896959dbf90b67d9ac788397b9c096d393b9babaa37323bb4ffcbc,binary
anneal-3730-shared-cargo-consumer-ownership-2026-09-29,support/work/cancel-one/target/debug/deps/shared_job_probe-4562f826e022be6e.d,826,1145641309cf28fa012d83d79b689b48a7072c18cee96260e7d6a093961c67f1,7 UTF-8 lines
anneal-3730-shared-cargo-consumer-ownership-2026-09-29,support/work/cancel-one/target/debug/incremental/build_script_build-2gqxr9ook7sac/s-hmqwdnbqhr-1co22eb-5c12m6wzwwiqwbr5pb0bwbdxs/097ntzjhwfw9k8w9vrsix2xwx.o,1008,04f558051e38a4e7b8f8010fae92785a94dc7f412c90cbd4268bb039a4202cfa,binary
anneal-3730-shared-cargo-consumer-ownership-2026-09-29,support/work/cancel-one/target/debug/incremental/build_script_build-2gqxr9ook7sac/s-hmqwdnbqhr-1co22eb-5c12m6wzwwiqwbr5pb0bwbdxs/0bo2ll869m8ofnym5epyii9gz.o,960,69b2344d78bd96cbda4876683e233369cceaba9c0726b01ba3814ef10a8b5368,binary
anneal-3730-shared-cargo-consumer-ownership-2026-09-29,support/work/cancel-one/target/debug/incremental/build_script_build-2gqxr9ook7sac/s-hmqwdnbqhr-1co22eb-5c12m6wzwwiqwbr5pb0bwbdxs/118ynx09f3rewfuj5b4p40t6c.o,1768,4c4f2b64cd053046de5d6b68af02879f7be41187099bbe3ee510c421d296aa54,binary
anneal-3730-shared-cargo-consumer-ownership-2026-09-29,support/work/cancel-one/target/debug/incremental/build_script_build-2gqxr9ook7sac/s-hmqwdnbqhr-1co22eb-5c12m6wzwwiqwbr5pb0bwbdxs/13y4zlfck0ltu982wqupe0w8x.o,1000,d5ba84593f4e623c8021abc37926bca985dab4101b8f70245f7c19f678d38f86,binary
anneal-3730-shared-cargo-consumer-ownership-2026-09-29,support/work/cancel-one/target/debug/incremental/build_script_build-2gqxr9ook7sac/s-hmqwdnbqhr-1co22eb-5c12m6wzwwiqwbr5pb0bwbdxs/13ydt9fpre5z0eyrpb9207xtk.o,1992,0497373dd87d9138d4af0ab56841d6b127d2b88c4029ccecefa2b4c1647e30fd,binary
anneal-3730-shared-cargo-consumer-ownership-2026-09-29,support/work/cancel-one/target/debug/incremental/build_script_build-2gqxr9ook7sac/s-hmqwdnbqhr-1co22eb-5c12m6wzwwiqwbr5pb0bwbdxs/14226mua3z7oadinr9jxyoe3l.o,1816,4ab3df8a5ddca6c5e13b548a8f801e33fdecc57607526a5396ecba47e1dc2f03,binary
anneal-3730-shared-cargo-consumer-ownership-2026-09-29,support/work/cancel-one/target/debug/incremental/build_script_build-2gqxr9ook7sac/s-hmqwdnbqhr-1co22eb-5c12m6wzwwiqwbr5pb0bwbdxs/1hb8kmftl7wsq17r0p09ttfnu.o,6600,673ea7150699ce0691043374a79d9ce3235b8c23dc54dc730715123f72cf707a,binary
anneal-3730-shared-cargo-consumer-ownership-2026-09-29,support/work/cancel-one/target/debug/incremental/build_script_build-2gqxr9ook7sac/s-hmqwdnbqhr-1co22eb-5c12m6wzwwiqwbr5pb0bwbdxs/1hq72kamj0d8bxtodisguevb4.o,2840,2fc1d224aade7ee45d6f842e15e03ffe63ec8619b7e38ee29cf4fa8e73a82cec,binary
anneal-3730-shared-cargo-consumer-ownership-2026-09-29,support/work/cancel-one/target/debug/incremental/build_script_build-2gqxr9ook7sac/s-hmqwdnbqhr-1co22eb-5c12m6wzwwiqwbr5pb0bwbdxs/1mrutluasrjo59oardczmyfei.o,1144,ab707d221488fcdfd8074a70b1ed102f8376c02c4042c98c9fd1c78b34c5d252,binary
anneal-3730-shared-cargo-consumer-ownership-2026-09-29,support/work/cancel-one/target/debug/incremental/build_script_build-2gqxr9ook7sac/s-hmqwdnbqhr-1co22eb-5c12m6wzwwiqwbr5pb0bwbdxs/1n8jh7p6embt3j4g3y5ii9y6s.o,1160,b837fbd1810ef2b5f3cfc7656226b06d96225750b655e92e3398f7bb93bb4fb0,binary
anneal-3730-shared-cargo-consumer-ownership-2026-09-29,support/work/cancel-one/target/debug/incremental/build_script_build-2gqxr9ook7sac/s-hmqwdnbqhr-1co22eb-5c12m6wzwwiqwbr5pb0bwbdxs/1tnk5mg5kx6qh52vdlvoe0oc3.o,4168,db83a6d6216cbde913e51d49b566a9540ce9dbd0bf49485f386970c96e243814,binary
anneal-3730-shared-cargo-consumer-ownership-2026-09-29,support/work/cancel-one/target/debug/incremental/build_script_build-2gqxr9ook7sac/s-hmqwdnbqhr-1co22eb-5c12m6wzwwiqwbr5pb0bwbdxs/1vlpkb5b61d0uiga0m72a2ihc.o,2000,27172a0c769c80a98330c240ccc47ea6b78ff99bcc7777251ff9ba9ea38710d2,binary
anneal-3730-shared-cargo-consumer-ownership-2026-09-29,support/work/cancel-one/target/debug/incremental/build_script_build-2gqxr9ook7sac/s-hmqwdnbqhr-1co22eb-5c12m6wzwwiqwbr5pb0bwbdxs/20edsa39cs3mvpttysknya8b9.o,640,66113cf55bce0b0687c748ea1ec8b2c89a005beca9fd34be7ca40f62032b86b8,binary
anneal-3730-shared-cargo-consumer-ownership-2026-09-29,support/work/cancel-one/target/debug/incremental/build_script_build-2gqxr9ook7sac/s-hmqwdnbqhr-1co22eb-5c12m6wzwwiqwbr5pb0bwbdxs/22qmmnfb97n15ozhyos0hubnb.o,1640,d07e64fa8d57b536ffb00a306630d9978b145352a9ff346822756f88e4cbd8c5,binary
anneal-3730-shared-cargo-consumer-ownership-2026-09-29,support/work/cancel-one/target/debug/incremental/build_script_build-2gqxr9ook7sac/s-hmqwdnbqhr-1co22eb-5c12m6wzwwiqwbr5pb0bwbdxs/2pr96amtm6of8ht9pzy4tsr9a.o,1336,5fcd328d4a760ed5713ffe153274717ccda187704b33298de4614f55d703c7ed,binary
anneal-3730-shared-cargo-consumer-ownership-2026-09-29,support/work/cancel-one/target/debug/incremental/build_script_build-2gqxr9ook7sac/s-hmqwdnbqhr-1co22eb-5c12m6wzwwiqwbr5pb0bwbdxs/2seydpsrftn82p9ppfgzixaqf.o,1936,2098aa4735953c50fe70f6b36a2549f119de8e05c13b8bb2bbc576b6b84f5b91,binary
anneal-3730-shared-cargo-consumer-ownership-2026-09-29,support/work/cancel-one/target/debug/incremental/build_script_build-2gqxr9ook7sac/s-hmqwdnbqhr-1co22eb-5c12m6wzwwiqwbr5pb0bwbdxs/2u6swzx6bmjjcfie028ecuoml.o,1768,bd49815b91a4d427408adfb4e536f0bba45c36f48eb52ebf28decf2c78abacd3,binary
anneal-3730-shared-cargo-consumer-ownership-2026-09-29,support/work/cancel-one/target/debug/incremental/build_script_build-2gqxr9ook7sac/s-hmqwdnbqhr-1co22eb-5c12m6wzwwiqwbr5pb0bwbdxs/35eq9c0zfgr0oid5e54y8srfq.o,7392,181ef81f647c7e6aeade4f044bc36f2ff63d9bb2fa114da341566a0ae89dad15,binary
anneal-3730-shared-cargo-consumer-ownership-2026-09-29,support/work/cancel-one/target/debug/incremental/build_script_build-2gqxr9ook7sac/s-hmqwdnbqhr-1co22eb-5c12m6wzwwiqwbr5pb0bwbdxs/39176b1ld9p0c6lugybhgnyco.o,2216,af0da6c57f5bb76e9f9698059001777ef2d41ed5569fdf07643f61e736a03f14,binary
anneal-3730-shared-cargo-consumer-ownership-2026-09-29,support/work/cancel-one/target/debug/incremental/build_script_build-2gqxr9ook7sac/s-hmqwdnbqhr-1co22eb-5c12m6wzwwiqwbr5pb0bwbdxs/3lepu29l293gj082bjm04t5ki.o,1600,60f61d5289a7a1f4b57be67246cdbf60aa6bc350a940eb80bd168a688cb4a2ca,binary
anneal-3730-shared-cargo-consumer-ownership-2026-09-29,support/work/cancel-one/target/debug/incremental/build_script_build-2gqxr9ook7sac/s-hmqwdnbqhr-1co22eb-5c12m6wzwwiqwbr5pb0bwbdxs/4fu49mv8ls9fsn7r25qh73gq4.o,2680,2287e858ea9c2253cc4a7600c3deea11ece4f9f540d4446ef15f420051301049,binary
anneal-3730-shared-cargo-consumer-ownership-2026-09-29,support/work/cancel-one/target/debug/incremental/build_script_build-2gqxr9ook7sac/s-hmqwdnbqhr-1co22eb-5c12m6wzwwiqwbr5pb0bwbdxs/4ngqn0m6u7uso6ymkcm2xox30.o,920,7fb0c7f373ebc34d17a6c260eb3f7b864b83a51a622877646dfaedb8c5eb7ae7,binary
anneal-3730-shared-cargo-consumer-ownership-2026-09-29,support/work/cancel-one/target/debug/incremental/build_script_build-2gqxr9ook7sac/s-hmqwdnbqhr-1co22eb-5c12m6wzwwiqwbr5pb0bwbdxs/4t5ci8xq8wcu00jge0khe38l0.o,1360,0a18390a18e8ec26d6d584bea5c10964854c78e5319af4161adbe2d9012140b0,binary
anneal-3730-shared-cargo-consumer-ownership-2026-09-29,support/work/cancel-one/target/debug/incremental/build_script_build-2gqxr9ook7sac/s-hmqwdnbqhr-1co22eb-5c12m6wzwwiqwbr5pb0bwbdxs/53jk09pql9fws8o3texvftnt1.o,9176,b8dcc257bc185ea82a86109ebbfaa1d05fd4f311f9a3a868a2ba8e46d072cc2b,binary
anneal-3730-shared-cargo-consumer-ownership-2026-09-29,support/work/cancel-one/target/debug/incremental/build_script_build-2gqxr9ook7sac/s-hmqwdnbqhr-1co22eb-5c12m6wzwwiqwbr5pb0bwbdxs/53l4zfymluw5k7tjld5zba1tv.o,1824,ba93434ad9760ee178dd67daccc8ea7351008802a8275eb251283eb01848aefc,binary
anneal-3730-shared-cargo-consumer-ownership-2026-09-29,support/work/cancel-one/target/debug/incremental/build_script_build-2gqxr9ook7sac/s-hmqwdnbqhr-1co22eb-5c12m6wzwwiqwbr5pb0bwbdxs/5dsqfvtq5ni2g7r9wvpjjysla.o,2160,e44b34bc7b2dcd9e8bfb7035a813e48867383f51c69281a5e18e8329e15521ac,binary
anneal-3730-shared-cargo-consumer-ownership-2026-09-29,support/work/cancel-one/target/debug/incremental/build_script_build-2gqxr9ook7sac/s-hmqwdnbqhr-1co22eb-5c12m6wzwwiqwbr5pb0bwbdxs/6do2et170xrdftimaj1nkzfd6.o,1432,0ea7a0d8c71b548e66cba241038d730d00b1a897d803acbffd1d1177c4718c34,binary
anneal-3730-shared-cargo-consumer-ownership-2026-09-29,support/work/cancel-one/target/debug/incremental/build_script_build-2gqxr9ook7sac/s-hmqwdnbqhr-1co22eb-5c12m6wzwwiqwbr5pb0bwbdxs/6h91zi4j89kd5xt1jf6if8qqe.o,760,252c8c109e486c38d42d647c4fce83c4c70b3ffac4448c0cbf79b0e20d7b3709,binary
anneal-3730-shared-cargo-consumer-ownership-2026-09-29,support/work/cancel-one/target/debug/incremental/build_script_build-2gqxr9ook7sac/s-hmqwdnbqhr-1co22eb-5c12m6wzwwiqwbr5pb0bwbdxs/6igwb6n0tck2yiu80n16hqrel.o,1360,48adff7ca45dfb4d7c31cb5d09d14df815a86decb5222cd197cb0c3fa6ef353b,binary
anneal-3730-shared-cargo-consumer-ownership-2026-09-29,support/work/cancel-one/target/debug/incremental/build_script_build-2gqxr9ook7sac/s-hmqwdnbqhr-1co22eb-5c12m6wzwwiqwbr5pb0bwbdxs/71knnleydfs3iagpxr3ol7w3j.o,2000,ca07007c42907434836eeb01815dc61962c5a89784fe77c8cbae135e211ca3a1,binary
anneal-3730-shared-cargo-consumer-ownership-2026-09-29,support/work/cancel-one/target/debug/incremental/build_script_build-2gqxr9ook7sac/s-hmqwdnbqhr-1co22eb-5c12m6wzwwiqwbr5pb0bwbdxs/7u6tlwqzj33bpci087l4kxeml.o,584,a38772d775a2c67e69c205892394bebc2b913017b3fb631102b718991c890306,binary
anneal-3730-shared-cargo-consumer-ownership-2026-09-29,support/work/cancel-one/target/debug/incremental/build_script_build-2gqxr9ook7sac/s-hmqwdnbqhr-1co22eb-5c12m6wzwwiqwbr5pb0bwbdxs/8f3sh9dfh14973dky2t5j4i5a.o,29032,b3b29677d6a741d855a2c8f7c2c0f7cea59cff2fbc16e1c467bd1ce8774c773e,binary
anneal-3730-shared-cargo-consumer-ownership-2026-09-29,support/work/cancel-one/target/debug/incremental/build_script_build-2gqxr9ook7sac/s-hmqwdnbqhr-1co22eb-5c12m6wzwwiqwbr5pb0bwbdxs/9i0t8zyz16bsrkj38qi20pkmp.o,1888,dec77c87a15378f352e43b90fddc98816579255d3d95f29ba84ba3f7d8bc8790,binary
anneal-3730-shared-cargo-consumer-ownership-2026-09-29,support/work/cancel-one/target/debug/incremental/build_script_build-2gqxr9ook7sac/s-hmqwdnbqhr-1co22eb-5c12m6wzwwiqwbr5pb0bwbdxs/a7z377qyqhbgd06ctrulaavxf.o,1352,2507ec345a14e92e8855d74e333eb1d8547e30212651eed40c76b3bd4cc8df82,binary
anneal-3730-shared-cargo-consumer-ownership-2026-09-29,support/work/cancel-one/target/debug/incremental/build_script_build-2gqxr9ook7sac/s-hmqwdnbqhr-1co22eb-5c12m6wzwwiqwbr5pb0bwbdxs/akie53ghjzep23h5n09yvyasq.o,1328,ba9eaa871cd9f688de34c93d53039f39177f7f6be9dbb0e7d04092f965374b89,binary
anneal-3730-shared-cargo-consumer-ownership-2026-09-29,support/work/cancel-one/target/debug/incremental/build_script_build-2gqxr9ook7sac/s-hmqwdnbqhr-1co22eb-5c12m6wzwwiqwbr5pb0bwbdxs/amrw8aja720xy5stho7whrnxh.o,2184,88865506bd504de6650d34359b2fa3f09e4195d7500d033157f3a309da86e3e3,binary
anneal-3730-shared-cargo-consumer-ownership-2026-09-29,support/work/cancel-one/target/debug/incremental/build_script_build-2gqxr9ook7sac/s-hmqwdnbqhr-1co22eb-5c12m6wzwwiqwbr5pb0bwbdxs/b0msfzd3x3v60yua7yhlbvncm.o,960,d1983c98d7fca33a86c3b6524bc3cd7c9a782f46c1d3c717f7d94423b413edc7,binary
anneal-3730-shared-cargo-consumer-ownership-2026-09-29,support/work/cancel-one/target/debug/incremental/build_script_build-2gqxr9ook7sac/s-hmqwdnbqhr-1co22eb-5c12m6wzwwiqwbr5pb0bwbdxs/b2qqf3i9djbo25pas943y1bau.o,1792,13be25f33c8e22efd254e143bc6e088ac8cee05406115fe7061d57ce7e82087d,binary
anneal-3730-shared-cargo-consumer-ownership-2026-09-29,support/work/cancel-one/target/debug/incremental/build_script_build-2gqxr9ook7sac/s-hmqwdnbqhr-1co22eb-5c12m6wzwwiqwbr5pb0bwbdxs/b6euv3dkwshlfsq6gqujrkiyj.o,1288,3825e62851f6a1fb6378030756c9dd49f5d64514ffe9e49ae632ae8198903cf7,binary
anneal-3730-shared-cargo-consumer-ownership-2026-09-29,support/work/cancel-one/target/debug/incremental/build_script_build-2gqxr9ook7sac/s-hmqwdnbqhr-1co22eb-5c12m6wzwwiqwbr5pb0bwbdxs/bwv1nlxbp8jna4p4bd8nj5x64.o,1968,0cd45c62082b3f13580edadda8fd4c33f1fe3958495c3dcfcee0281c0b158878,binary
anneal-3730-shared-cargo-consumer-ownership-2026-09-29,support/work/cancel-one/target/debug/incremental/build_script_build-2gqxr9ook7sac/s-hmqwdnbqhr-1co22eb-5c12m6wzwwiqwbr5pb0bwbdxs/by0h7mn5t6yo5cm2d5obw4tsw.o,3400,e2708c3d21a9eafae0caa011c51e56041724ca7abf9d59f6ab02bd84cbdb6a1e,binary
anneal-3730-shared-cargo-consumer-ownership-2026-09-29,support/work/cancel-one/target/debug/incremental/build_script_build-2gqxr9ook7sac/s-hmqwdnbqhr-1co22eb-5c12m6wzwwiqwbr5pb0bwbdxs/ci530dor7o43tzb9a8durvir3.o,4888,dd88cb9c778d8f898843e32ef06697bd2df02d03677854896d82d3d5909db5de,binary
anneal-3730-shared-cargo-consumer-ownership-2026-09-29,support/work/cancel-one/target/debug/incremental/build_script_build-2gqxr9ook7sac/s-hmqwdnbqhr-1co22eb-5c12m6wzwwiqwbr5pb0bwbdxs/crqtf9dx35zwgonbva2v6vfzs.o,960,571da34f9660f4007eb2c1071c5939b725ed807ce23b70640809eb2e423444dd,binary
anneal-3730-shared-cargo-consumer-ownership-2026-09-29,support/work/cancel-one/target/debug/incremental/build_script_build-2gqxr9ook7sac/s-hmqwdnbqhr-1co22eb-5c12m6wzwwiqwbr5pb0bwbdxs/dep-graph.bin,883212,ef58ff15771f61a593b9029ba79238da6f9df15dbf698d8d51e4319d88fb2bb2,binary
anneal-3730-shared-cargo-consumer-ownership-2026-09-29,support/work/cancel-one/target/debug/incremental/build_script_build-2gqxr9ook7sac/s-hmqwdnbqhr-1co22eb-5c12m6wzwwiqwbr5pb0bwbdxs/dfxbmk6nwjpt3rhfar7pj39ar.o,1176,f31803113bc91b49f8e40bc684a06449959ba24b33673b2138ec6c0f4c97f64a,binary
anneal-3730-shared-cargo-consumer-ownership-2026-09-29,support/work/cancel-one/target/debug/incremental/build_script_build-2gqxr9ook7sac/s-hmqwdnbqhr-1co22eb-5c12m6wzwwiqwbr5pb0bwbdxs/dhj0mfixuql6sllg5idak5ca9.o,3120,32e991d29a73c71702a96dfc2ca94d420e88ae4be70c6419d166a3e1a0884642,binary
anneal-3730-shared-cargo-consumer-ownership-2026-09-29,support/work/cancel-one/target/debug/incremental/build_script_build-2gqxr9ook7sac/s-hmqwdnbqhr-1co22eb-5c12m6wzwwiqwbr5pb0bwbdxs/djofw18fft48ixrnddx2axu13.o,872,c3f2076919d8c5a4eaa517ef980f47e56a6cac314698724122e0332774457841,binary
anneal-3730-shared-cargo-consumer-ownership-2026-09-29,support/work/cancel-one/target/debug/incremental/build_script_build-2gqxr9ook7sac/s-hmqwdnbqhr-1co22eb-5c12m6wzwwiqwbr5pb0bwbdxs/do1xroq3us4k4wsxcsdc2fcb6.o,2640,e4ea31248c9b909de10417d46b25350c075d57e70d6bf15d374c444d67eee04e,binary
anneal-3730-shared-cargo-consumer-ownership-2026-09-29,support/work/cancel-one/target/debug/incremental/build_script_build-2gqxr9ook7sac/s-hmqwdnbqhr-1co22eb-5c12m6wzwwiqwbr5pb0bwbdxs/ew4cjedrjsv5zbjs7rxizh2kj.o,616,0091ab94dafa122847f1bc9a4f14d0883cdfe16d71a06b4bf2e450eabd33b337,binary
anneal-3730-shared-cargo-consumer-ownership-2026-09-29,support/work/cancel-one/target/debug/incremental/build_script_build-2gqxr9ook7sac/s-hmqwdnbqhr-1co22eb-5c12m6wzwwiqwbr5pb0bwbdxs/query-cache.bin,368550,c8fae6048e65b41763cd73c55fcdff810d488ccbbf7511cd532f530498378b32,binary
anneal-3730-shared-cargo-consumer-ownership-2026-09-29,support/work/cancel-one/target/debug/incremental/build_script_build-2gqxr9ook7sac/s-hmqwdnbqhr-1co22eb-5c12m6wzwwiqwbr5pb0bwbdxs/work-products.bin,3709,91088f46cb13fac3d93cc11a019399627dea008f55f23b820bb37aabadae7ea8,binary
anneal-3730-shared-cargo-consumer-ownership-2026-09-29,support/work/cancel-one/target/debug/incremental/build_script_build-2gqxr9ook7sac/s-hmqwdnbqhr-1co22eb.lock,0,e3b0c44298fc1c149afbf4c8996fb92427ae41e4649b934ca495991b7852b855,0 UTF-8 lines
anneal-3730-shared-cargo-consumer-ownership-2026-09-29,support/work/cancel-one/target/debug/incremental/shared_job_probe-3pctkklk5nagk/s-hmqwdp3iu1-0y2bnwu-da65owdpghycxf8pxhzedqhip/8vp1edhsaewnsvvkqkb3qq31e.o,2216,ec9a2285e5896959dbf90b67d9ac788397b9c096d393b9babaa37323bb4ffcbc,binary
anneal-3730-shared-cargo-consumer-ownership-2026-09-29,support/work/cancel-one/target/debug/incremental/shared_job_probe-3pctkklk5nagk/s-hmqwdp3iu1-0y2bnwu-da65owdpghycxf8pxhzedqhip/dep-graph.bin,19876,082c826b8444d05a24a9a5f4ca4dfdd0fdf73d215ecd8aed7d3eed3c403c2a13,binary
anneal-3730-shared-cargo-consumer-ownership-2026-09-29,support/work/cancel-one/target/debug/incremental/shared_job_probe-3pctkklk5nagk/s-hmqwdp3iu1-0y2bnwu-da65owdpghycxf8pxhzedqhip/metadata.rmeta,2493,8fd67696839be1eea18f76f15c41480b0ba2f6b517e9fc0d84f90ac0e4501deb,binary
anneal-3730-shared-cargo-consumer-ownership-2026-09-29,support/work/cancel-one/target/debug/incremental/shared_job_probe-3pctkklk5nagk/s-hmqwdp3iu1-0y2bnwu-da65owdpghycxf8pxhzedqhip/query-cache.bin,1463,918e3172e3d3d54ec30319553fea9b476ab6c08b695ef8531b0542c14eef9fe9,binary
anneal-3730-shared-cargo-consumer-ownership-2026-09-29,support/work/cancel-one/target/debug/incremental/shared_job_probe-3pctkklk5nagk/s-hmqwdp3iu1-0y2bnwu-da65owdpghycxf8pxhzedqhip/work-products.bin,187,5ddcb089c73661ce7f40c392b94e733c1bc25646cadb278cdde6cd3bfc8114e4,binary
anneal-3730-shared-cargo-consumer-ownership-2026-09-29,support/work/cancel-one/target/debug/incremental/shared_job_probe-3pctkklk5nagk/s-hmqwdp3iu1-0y2bnwu.lock,0,e3b0c44298fc1c149afbf4c8996fb92427ae41e4649b934ca495991b7852b855,0 UTF-8 lines
anneal-3730-shared-cargo-consumer-ownership-2026-09-29,support/work/cancel-one/target/debug/libshared_job_probe.d,659,1ea7750945cf0e7f6be634c0af203967b080f01df1d096d948788ef80cd2b496,1 UTF-8 lines
anneal-3730-shared-cargo-consumer-ownership-2026-09-29,support/work/cancel-one/target/debug/libshared_job_probe.rlib,5880,886bb9ff257f37fc6b0f9b54d46c84e5e80eb685dc91b0f17cc6812fca0a5f94,binary
anneal-3730-shared-cargo-consumer-ownership-2026-09-29,support/work/failure/Cargo.lock,160,54aa881f77304b7f0e864f05404bbbfd4e4870b691ad745a1fe32765eda0bd71,7 UTF-8 lines
anneal-3730-shared-cargo-consumer-ownership-2026-09-29,support/work/failure/Cargo.toml,90,0e29321d6c306c3b433544c4f318b57fc63ebfbc9fba1ff56f42d763aa6d451e,5 UTF-8 lines
anneal-3730-shared-cargo-consumer-ownership-2026-09-29,support/work/failure/build.rs,493,2936b0a40b91ab74e9853cacd2ba086023c2505a78caf145e06de8b4dd72ca0c,9 UTF-8 lines
anneal-3730-shared-cargo-consumer-ownership-2026-09-29,support/work/failure/entered,12,6568beab411d9563935ef198a5758b53e12845008e99ac35e01e41b87473cb8e,1 UTF-8 lines
anneal-3730-shared-cargo-consumer-ownership-2026-09-29,support/work/failure/src/lib.rs,30,5e0a6af76181b77032ef291474aab99538433cb86eb2b8ad88f3c0cfb2577a51,1 UTF-8 lines
anneal-3730-shared-cargo-consumer-ownership-2026-09-29,support/work/failure/target/.rustc_info.json,1947,e54f43a0ba473413947ff43312f1a200e20fc0ba6c643dcfc288092a61d36956,parsed JSON
anneal-3730-shared-cargo-consumer-ownership-2026-09-29,support/work/failure/target/CACHEDIR.TAG,177,6d9d1d216e0f83abc5e5662ca62c92b4f23009466b54fa27321a69acdb778bb2,3 UTF-8 lines
anneal-3730-shared-cargo-consumer-ownership-2026-09-29,support/work/failure/target/debug/.cargo-artifact-lock,0,e3b0c44298fc1c149afbf4c8996fb92427ae41e4649b934ca495991b7852b855,0 UTF-8 lines
anneal-3730-shared-cargo-consumer-ownership-2026-09-29,support/work/failure/target/debug/.cargo-build-lock,0,e3b0c44298fc1c149afbf4c8996fb92427ae41e4649b934ca495991b7852b855,0 UTF-8 lines
anneal-3730-shared-cargo-consumer-ownership-2026-09-29,support/work/failure/target/debug/.cargo-lock,0,e3b0c44298fc1c149afbf4c8996fb92427ae41e4649b934ca495991b7852b855,0 UTF-8 lines
anneal-3730-shared-cargo-consumer-ownership-2026-09-29,support/work/failure/target/debug/.fingerprint/shared_job_probe-4562f826e022be6e/dep-lib-shared_job_probe,30,f14f96adde2da250a05802a30e565519ea310fa1799083f7444b109fa37007fc,binary
anneal-3730-shared-cargo-consumer-ownership-2026-09-29,support/work/failure/target/debug/.fingerprint/shared_job_probe-4562f826e022be6e/invoked.timestamp,48,5a109e6643e8d3e88642e3f35e85d2a83e639d07523aa6e99166c48178e965c3,0 UTF-8 lines
anneal-3730-shared-cargo-consumer-ownership-2026-09-29,support/work/failure/target/debug/.fingerprint/shared_job_probe-4562f826e022be6e/lib-shared_job_probe,16,3839a18ce6ccbaabb5c651eefd811b6f87ec19b6bc16a83152648dd8a183cde2,0 UTF-8 lines
anneal-3730-shared-cargo-consumer-ownership-2026-09-29,support/work/failure/target/debug/.fingerprint/shared_job_probe-4562f826e022be6e/lib-shared_job_probe.json,434,acd4e4022de1a66f749d2009253344c280eb16f48225f393603ebf000314da6c,parsed JSON
anneal-3730-shared-cargo-consumer-ownership-2026-09-29,support/work/failure/target/debug/.fingerprint/shared_job_probe-4d304bd7f976d7ae/run-build-script-build-script-build,16,2afd58e2c667d9a647ef45cb64e183c29b5d724d76a2636adae5279f93f20e6d,0 UTF-8 lines
anneal-3730-shared-cargo-consumer-ownership-2026-09-29,support/work/failure/target/debug/.fingerprint/shared_job_probe-4d304bd7f976d7ae/run-build-script-build-script-build.json,283,5cb8b50aef706dd6fb940e385581ebbcf1888a6701803e86c0f78fa2fee95d1c,parsed JSON
anneal-3730-shared-cargo-consumer-ownership-2026-09-29,support/work/failure/target/debug/.fingerprint/shared_job_probe-f37ad3ee2e62c932/build-script-build-script-build,16,0b80b18a7306ea7436189fcc66b62baf78c7cb28c983cd022ef18625ba278721,0 UTF-8 lines
anneal-3730-shared-cargo-consumer-ownership-2026-09-29,support/work/failure/target/debug/.fingerprint/shared_job_probe-f37ad3ee2e62c932/build-script-build-script-build.json,375,7804873c6558ee895653f17b27cbfe63faf85fe56e1b9151d9bf3530da219a8c,parsed JSON
anneal-3730-shared-cargo-consumer-ownership-2026-09-29,support/work/failure/target/debug/.fingerprint/shared_job_probe-f37ad3ee2e62c932/dep-build-script-build-script-build,28,a71f952e7f3252ef5608298951fd55b25f3590c98bc0765ae4145e623604ee7d,binary
anneal-3730-shared-cargo-consumer-ownership-2026-09-29,support/work/failure/target/debug/.fingerprint/shared_job_probe-f37ad3ee2e62c932/invoked.timestamp,48,5a109e6643e8d3e88642e3f35e85d2a83e639d07523aa6e99166c48178e965c3,0 UTF-8 lines
anneal-3730-shared-cargo-consumer-ownership-2026-09-29,support/work/failure/target/debug/build/shared_job_probe-4d304bd7f976d7ae/invoked.timestamp,48,5a109e6643e8d3e88642e3f35e85d2a83e639d07523aa6e99166c48178e965c3,0 UTF-8 lines
anneal-3730-shared-cargo-consumer-ownership-2026-09-29,support/work/failure/target/debug/build/shared_job_probe-4d304bd7f976d7ae/output,38,9dcbeddfb0bed95343a99dffd97d45b5d475aa64dca2089c4db0d1da0578a076,1 UTF-8 lines
anneal-3730-shared-cargo-consumer-ownership-2026-09-29,support/work/failure/target/debug/build/shared_job_probe-4d304bd7f976d7ae/root-output,253,fe9c6d7e31d003b591ce298e07201245b6e0885c8c25f61b519115dc6ecf9a2a,0 UTF-8 lines
anneal-3730-shared-cargo-consumer-ownership-2026-09-29,support/work/failure/target/debug/build/shared_job_probe-4d304bd7f976d7ae/stderr,0,e3b0c44298fc1c149afbf4c8996fb92427ae41e4649b934ca495991b7852b855,0 UTF-8 lines
anneal-3730-shared-cargo-consumer-ownership-2026-09-29,support/work/failure/target/debug/build/shared_job_probe-f37ad3ee2e62c932/build-script-build,536256,ec9a03ae0d2950deba610b98e5a97b114ca6660ecbfee0d22e4ac0222f8638a3,binary
anneal-3730-shared-cargo-consumer-ownership-2026-09-29,support/work/failure/target/debug/build/shared_job_probe-f37ad3ee2e62c932/build_script_build-f37ad3ee2e62c932,536256,ec9a03ae0d2950deba610b98e5a97b114ca6660ecbfee0d22e4ac0222f8638a3,binary
anneal-3730-shared-cargo-consumer-ownership-2026-09-29,support/work/failure/target/debug/build/shared_job_probe-f37ad3ee2e62c932/build_script_build-f37ad3ee2e62c932.d,606,abf3dd613ac4363245bc7eafbe2dd03bacdf60ad404553980f2caf846e4edb43,5 UTF-8 lines
anneal-3730-shared-cargo-consumer-ownership-2026-09-29,support/work/failure/target/debug/deps/libshared_job_probe-4562f826e022be6e.rlib,5872,ee6b5832ef3a61ae2890c49e72e8856b58967b5baf44fa1775a06bca3fc5a7ea,binary
anneal-3730-shared-cargo-consumer-ownership-2026-09-29,support/work/failure/target/debug/deps/libshared_job_probe-4562f826e022be6e.rmeta,2487,c49e844956ae9d701c0333d4d17f511f7e474d2051dd58679cb1b510bed0956c,binary
anneal-3730-shared-cargo-consumer-ownership-2026-09-29,support/work/failure/target/debug/deps/shared_job_probe-4562f826e022be6e.8vp1edhsaewnsvvkqkb3qq31e.1wfmhym.rcgu.o,2216,9033576ffa0777a45cf5c0af42dd498aa85239591c28ba2e7768a3a9d0a733a2,binary
anneal-3730-shared-cargo-consumer-ownership-2026-09-29,support/work/failure/target/debug/deps/shared_job_probe-4562f826e022be6e.d,817,5d1747e8029998c1259af35ec42186d3c916eb56cbd1f55a0f927cc8ae729108,7 UTF-8 lines
anneal-3730-shared-cargo-consumer-ownership-2026-09-29,support/work/failure/target/debug/incremental/build_script_build-2gqxr9ook7sac/s-hmqwdqxfj4-1r84n2l-bagl4s16unrxhl0emga4xgr59/097ntzjhwfw9k8w9vrsix2xwx.o,1008,04f558051e38a4e7b8f8010fae92785a94dc7f412c90cbd4268bb039a4202cfa,binary
anneal-3730-shared-cargo-consumer-ownership-2026-09-29,support/work/failure/target/debug/incremental/build_script_build-2gqxr9ook7sac/s-hmqwdqxfj4-1r84n2l-bagl4s16unrxhl0emga4xgr59/0bo2ll869m8ofnym5epyii9gz.o,960,69b2344d78bd96cbda4876683e233369cceaba9c0726b01ba3814ef10a8b5368,binary
anneal-3730-shared-cargo-consumer-ownership-2026-09-29,support/work/failure/target/debug/incremental/build_script_build-2gqxr9ook7sac/s-hmqwdqxfj4-1r84n2l-bagl4s16unrxhl0emga4xgr59/118ynx09f3rewfuj5b4p40t6c.o,1768,4c4f2b64cd053046de5d6b68af02879f7be41187099bbe3ee510c421d296aa54,binary
anneal-3730-shared-cargo-consumer-ownership-2026-09-29,support/work/failure/target/debug/incremental/build_script_build-2gqxr9ook7sac/s-hmqwdqxfj4-1r84n2l-bagl4s16unrxhl0emga4xgr59/13y4zlfck0ltu982wqupe0w8x.o,1000,d5ba84593f4e623c8021abc37926bca985dab4101b8f70245f7c19f678d38f86,binary
anneal-3730-shared-cargo-consumer-ownership-2026-09-29,support/work/failure/target/debug/incremental/build_script_build-2gqxr9ook7sac/s-hmqwdqxfj4-1r84n2l-bagl4s16unrxhl0emga4xgr59/13ydt9fpre5z0eyrpb9207xtk.o,1992,0497373dd87d9138d4af0ab56841d6b127d2b88c4029ccecefa2b4c1647e30fd,binary
anneal-3730-shared-cargo-consumer-ownership-2026-09-29,support/work/failure/target/debug/incremental/build_script_build-2gqxr9ook7sac/s-hmqwdqxfj4-1r84n2l-bagl4s16unrxhl0emga4xgr59/14226mua3z7oadinr9jxyoe3l.o,1816,4ab3df8a5ddca6c5e13b548a8f801e33fdecc57607526a5396ecba47e1dc2f03,binary
anneal-3730-shared-cargo-consumer-ownership-2026-09-29,support/work/failure/target/debug/incremental/build_script_build-2gqxr9ook7sac/s-hmqwdqxfj4-1r84n2l-bagl4s16unrxhl0emga4xgr59/1hb8kmftl7wsq17r0p09ttfnu.o,6600,673ea7150699ce0691043374a79d9ce3235b8c23dc54dc730715123f72cf707a,binary
anneal-3730-shared-cargo-consumer-ownership-2026-09-29,support/work/failure/target/debug/incremental/build_script_build-2gqxr9ook7sac/s-hmqwdqxfj4-1r84n2l-bagl4s16unrxhl0emga4xgr59/1hq72kamj0d8bxtodisguevb4.o,2840,2fc1d224aade7ee45d6f842e15e03ffe63ec8619b7e38ee29cf4fa8e73a82cec,binary
anneal-3730-shared-cargo-consumer-ownership-2026-09-29,support/work/failure/target/debug/incremental/build_script_build-2gqxr9ook7sac/s-hmqwdqxfj4-1r84n2l-bagl4s16unrxhl0emga4xgr59/1mrutluasrjo59oardczmyfei.o,1144,ab707d221488fcdfd8074a70b1ed102f8376c02c4042c98c9fd1c78b34c5d252,binary
anneal-3730-shared-cargo-consumer-ownership-2026-09-29,support/work/failure/target/debug/incremental/build_script_build-2gqxr9ook7sac/s-hmqwdqxfj4-1r84n2l-bagl4s16unrxhl0emga4xgr59/1n8jh7p6embt3j4g3y5ii9y6s.o,1160,b837fbd1810ef2b5f3cfc7656226b06d96225750b655e92e3398f7bb93bb4fb0,binary
anneal-3730-shared-cargo-consumer-ownership-2026-09-29,support/work/failure/target/debug/incremental/build_script_build-2gqxr9ook7sac/s-hmqwdqxfj4-1r84n2l-bagl4s16unrxhl0emga4xgr59/1tnk5mg5kx6qh52vdlvoe0oc3.o,4168,db83a6d6216cbde913e51d49b566a9540ce9dbd0bf49485f386970c96e243814,binary
anneal-3730-shared-cargo-consumer-ownership-2026-09-29,support/work/failure/target/debug/incremental/build_script_build-2gqxr9ook7sac/s-hmqwdqxfj4-1r84n2l-bagl4s16unrxhl0emga4xgr59/1vlpkb5b61d0uiga0m72a2ihc.o,2000,27172a0c769c80a98330c240ccc47ea6b78ff99bcc7777251ff9ba9ea38710d2,binary
anneal-3730-shared-cargo-consumer-ownership-2026-09-29,support/work/failure/target/debug/incremental/build_script_build-2gqxr9ook7sac/s-hmqwdqxfj4-1r84n2l-bagl4s16unrxhl0emga4xgr59/20edsa39cs3mvpttysknya8b9.o,640,66113cf55bce0b0687c748ea1ec8b2c89a005beca9fd34be7ca40f62032b86b8,binary
anneal-3730-shared-cargo-consumer-ownership-2026-09-29,support/work/failure/target/debug/incremental/build_script_build-2gqxr9ook7sac/s-hmqwdqxfj4-1r84n2l-bagl4s16unrxhl0emga4xgr59/22qmmnfb97n15ozhyos0hubnb.o,1640,d07e64fa8d57b536ffb00a306630d9978b145352a9ff346822756f88e4cbd8c5,binary
anneal-3730-shared-cargo-consumer-ownership-2026-09-29,support/work/failure/target/debug/incremental/build_script_build-2gqxr9ook7sac/s-hmqwdqxfj4-1r84n2l-bagl4s16unrxhl0emga4xgr59/2pr96amtm6of8ht9pzy4tsr9a.o,1336,5fcd328d4a760ed5713ffe153274717ccda187704b33298de4614f55d703c7ed,binary
anneal-3730-shared-cargo-consumer-ownership-2026-09-29,support/work/failure/target/debug/incremental/build_script_build-2gqxr9ook7sac/s-hmqwdqxfj4-1r84n2l-bagl4s16unrxhl0emga4xgr59/2seydpsrftn82p9ppfgzixaqf.o,1936,2098aa4735953c50fe70f6b36a2549f119de8e05c13b8bb2bbc576b6b84f5b91,binary
anneal-3730-shared-cargo-consumer-ownership-2026-09-29,support/work/failure/target/debug/incremental/build_script_build-2gqxr9ook7sac/s-hmqwdqxfj4-1r84n2l-bagl4s16unrxhl0emga4xgr59/2u6swzx6bmjjcfie028ecuoml.o,1768,bd49815b91a4d427408adfb4e536f0bba45c36f48eb52ebf28decf2c78abacd3,binary
anneal-3730-shared-cargo-consumer-ownership-2026-09-29,support/work/failure/target/debug/incremental/build_script_build-2gqxr9ook7sac/s-hmqwdqxfj4-1r84n2l-bagl4s16unrxhl0emga4xgr59/35eq9c0zfgr0oid5e54y8srfq.o,7392,181ef81f647c7e6aeade4f044bc36f2ff63d9bb2fa114da341566a0ae89dad15,binary
anneal-3730-shared-cargo-consumer-ownership-2026-09-29,support/work/failure/target/debug/incremental/build_script_build-2gqxr9ook7sac/s-hmqwdqxfj4-1r84n2l-bagl4s16unrxhl0emga4xgr59/39176b1ld9p0c6lugybhgnyco.o,2216,af0da6c57f5bb76e9f9698059001777ef2d41ed5569fdf07643f61e736a03f14,binary
anneal-3730-shared-cargo-consumer-ownership-2026-09-29,support/work/failure/target/debug/incremental/build_script_build-2gqxr9ook7sac/s-hmqwdqxfj4-1r84n2l-bagl4s16unrxhl0emga4xgr59/3lepu29l293gj082bjm04t5ki.o,1600,60f61d5289a7a1f4b57be67246cdbf60aa6bc350a940eb80bd168a688cb4a2ca,binary
anneal-3730-shared-cargo-consumer-ownership-2026-09-29,support/work/failure/target/debug/incremental/build_script_build-2gqxr9ook7sac/s-hmqwdqxfj4-1r84n2l-bagl4s16unrxhl0emga4xgr59/4fu49mv8ls9fsn7r25qh73gq4.o,2680,2287e858ea9c2253cc4a7600c3deea11ece4f9f540d4446ef15f420051301049,binary
anneal-3730-shared-cargo-consumer-ownership-2026-09-29,support/work/failure/target/debug/incremental/build_script_build-2gqxr9ook7sac/s-hmqwdqxfj4-1r84n2l-bagl4s16unrxhl0emga4xgr59/4ngqn0m6u7uso6ymkcm2xox30.o,920,7fb0c7f373ebc34d17a6c260eb3f7b864b83a51a622877646dfaedb8c5eb7ae7,binary
anneal-3730-shared-cargo-consumer-ownership-2026-09-29,support/work/failure/target/debug/incremental/build_script_build-2gqxr9ook7sac/s-hmqwdqxfj4-1r84n2l-bagl4s16unrxhl0emga4xgr59/4t5ci8xq8wcu00jge0khe38l0.o,1360,0a18390a18e8ec26d6d584bea5c10964854c78e5319af4161adbe2d9012140b0,binary
anneal-3730-shared-cargo-consumer-ownership-2026-09-29,support/work/failure/target/debug/incremental/build_script_build-2gqxr9ook7sac/s-hmqwdqxfj4-1r84n2l-bagl4s16unrxhl0emga4xgr59/53jk09pql9fws8o3texvftnt1.o,9176,b8dcc257bc185ea82a86109ebbfaa1d05fd4f311f9a3a868a2ba8e46d072cc2b,binary
anneal-3730-shared-cargo-consumer-ownership-2026-09-29,support/work/failure/target/debug/incremental/build_script_build-2gqxr9ook7sac/s-hmqwdqxfj4-1r84n2l-bagl4s16unrxhl0emga4xgr59/53l4zfymluw5k7tjld5zba1tv.o,1824,ba93434ad9760ee178dd67daccc8ea7351008802a8275eb251283eb01848aefc,binary
anneal-3730-shared-cargo-consumer-ownership-2026-09-29,support/work/failure/target/debug/incremental/build_script_build-2gqxr9ook7sac/s-hmqwdqxfj4-1r84n2l-bagl4s16unrxhl0emga4xgr59/5dsqfvtq5ni2g7r9wvpjjysla.o,2160,e44b34bc7b2dcd9e8bfb7035a813e48867383f51c69281a5e18e8329e15521ac,binary
anneal-3730-shared-cargo-consumer-ownership-2026-09-29,support/work/failure/target/debug/incremental/build_script_build-2gqxr9ook7sac/s-hmqwdqxfj4-1r84n2l-bagl4s16unrxhl0emga4xgr59/6do2et170xrdftimaj1nkzfd6.o,1432,0ea7a0d8c71b548e66cba241038d730d00b1a897d803acbffd1d1177c4718c34,binary
anneal-3730-shared-cargo-consumer-ownership-2026-09-29,support/work/failure/target/debug/incremental/build_script_build-2gqxr9ook7sac/s-hmqwdqxfj4-1r84n2l-bagl4s16unrxhl0emga4xgr59/6h91zi4j89kd5xt1jf6if8qqe.o,760,252c8c109e486c38d42d647c4fce83c4c70b3ffac4448c0cbf79b0e20d7b3709,binary
anneal-3730-shared-cargo-consumer-ownership-2026-09-29,support/work/failure/target/debug/incremental/build_script_build-2gqxr9ook7sac/s-hmqwdqxfj4-1r84n2l-bagl4s16unrxhl0emga4xgr59/6igwb6n0tck2yiu80n16hqrel.o,1360,48adff7ca45dfb4d7c31cb5d09d14df815a86decb5222cd197cb0c3fa6ef353b,binary
anneal-3730-shared-cargo-consumer-ownership-2026-09-29,support/work/failure/target/debug/incremental/build_script_build-2gqxr9ook7sac/s-hmqwdqxfj4-1r84n2l-bagl4s16unrxhl0emga4xgr59/71knnleydfs3iagpxr3ol7w3j.o,2000,ca07007c42907434836eeb01815dc61962c5a89784fe77c8cbae135e211ca3a1,binary
anneal-3730-shared-cargo-consumer-ownership-2026-09-29,support/work/failure/target/debug/incremental/build_script_build-2gqxr9ook7sac/s-hmqwdqxfj4-1r84n2l-bagl4s16unrxhl0emga4xgr59/7u6tlwqzj33bpci087l4kxeml.o,584,a38772d775a2c67e69c205892394bebc2b913017b3fb631102b718991c890306,binary
anneal-3730-shared-cargo-consumer-ownership-2026-09-29,support/work/failure/target/debug/incremental/build_script_build-2gqxr9ook7sac/s-hmqwdqxfj4-1r84n2l-bagl4s16unrxhl0emga4xgr59/8f3sh9dfh14973dky2t5j4i5a.o,29032,b3b29677d6a741d855a2c8f7c2c0f7cea59cff2fbc16e1c467bd1ce8774c773e,binary
anneal-3730-shared-cargo-consumer-ownership-2026-09-29,support/work/failure/target/debug/incremental/build_script_build-2gqxr9ook7sac/s-hmqwdqxfj4-1r84n2l-bagl4s16unrxhl0emga4xgr59/9i0t8zyz16bsrkj38qi20pkmp.o,1888,dec77c87a15378f352e43b90fddc98816579255d3d95f29ba84ba3f7d8bc8790,binary
anneal-3730-shared-cargo-consumer-ownership-2026-09-29,support/work/failure/target/debug/incremental/build_script_build-2gqxr9ook7sac/s-hmqwdqxfj4-1r84n2l-bagl4s16unrxhl0emga4xgr59/a7z377qyqhbgd06ctrulaavxf.o,1352,2507ec345a14e92e8855d74e333eb1d8547e30212651eed40c76b3bd4cc8df82,binary
anneal-3730-shared-cargo-consumer-ownership-2026-09-29,support/work/failure/target/debug/incremental/build_script_build-2gqxr9ook7sac/s-hmqwdqxfj4-1r84n2l-bagl4s16unrxhl0emga4xgr59/akie53ghjzep23h5n09yvyasq.o,1328,ba9eaa871cd9f688de34c93d53039f39177f7f6be9dbb0e7d04092f965374b89,binary
anneal-3730-shared-cargo-consumer-ownership-2026-09-29,support/work/failure/target/debug/incremental/build_script_build-2gqxr9ook7sac/s-hmqwdqxfj4-1r84n2l-bagl4s16unrxhl0emga4xgr59/amrw8aja720xy5stho7whrnxh.o,2184,88865506bd504de6650d34359b2fa3f09e4195d7500d033157f3a309da86e3e3,binary
anneal-3730-shared-cargo-consumer-ownership-2026-09-29,support/work/failure/target/debug/incremental/build_script_build-2gqxr9ook7sac/s-hmqwdqxfj4-1r84n2l-bagl4s16unrxhl0emga4xgr59/b0msfzd3x3v60yua7yhlbvncm.o,960,d1983c98d7fca33a86c3b6524bc3cd7c9a782f46c1d3c717f7d94423b413edc7,binary
anneal-3730-shared-cargo-consumer-ownership-2026-09-29,support/work/failure/target/debug/incremental/build_script_build-2gqxr9ook7sac/s-hmqwdqxfj4-1r84n2l-bagl4s16unrxhl0emga4xgr59/b2qqf3i9djbo25pas943y1bau.o,1792,13be25f33c8e22efd254e143bc6e088ac8cee05406115fe7061d57ce7e82087d,binary
anneal-3730-shared-cargo-consumer-ownership-2026-09-29,support/work/failure/target/debug/incremental/build_script_build-2gqxr9ook7sac/s-hmqwdqxfj4-1r84n2l-bagl4s16unrxhl0emga4xgr59/b6euv3dkwshlfsq6gqujrkiyj.o,1288,3825e62851f6a1fb6378030756c9dd49f5d64514ffe9e49ae632ae8198903cf7,binary
anneal-3730-shared-cargo-consumer-ownership-2026-09-29,support/work/failure/target/debug/incremental/build_script_build-2gqxr9ook7sac/s-hmqwdqxfj4-1r84n2l-bagl4s16unrxhl0emga4xgr59/bwv1nlxbp8jna4p4bd8nj5x64.o,1968,0cd45c62082b3f13580edadda8fd4c33f1fe3958495c3dcfcee0281c0b158878,binary
anneal-3730-shared-cargo-consumer-ownership-2026-09-29,support/work/failure/target/debug/incremental/build_script_build-2gqxr9ook7sac/s-hmqwdqxfj4-1r84n2l-bagl4s16unrxhl0emga4xgr59/by0h7mn5t6yo5cm2d5obw4tsw.o,3400,e2708c3d21a9eafae0caa011c51e56041724ca7abf9d59f6ab02bd84cbdb6a1e,binary
anneal-3730-shared-cargo-consumer-ownership-2026-09-29,support/work/failure/target/debug/incremental/build_script_build-2gqxr9ook7sac/s-hmqwdqxfj4-1r84n2l-bagl4s16unrxhl0emga4xgr59/ci530dor7o43tzb9a8durvir3.o,4888,dd88cb9c778d8f898843e32ef06697bd2df02d03677854896d82d3d5909db5de,binary
anneal-3730-shared-cargo-consumer-ownership-2026-09-29,support/work/failure/target/debug/incremental/build_script_build-2gqxr9ook7sac/s-hmqwdqxfj4-1r84n2l-bagl4s16unrxhl0emga4xgr59/crqtf9dx35zwgonbva2v6vfzs.o,960,571da34f9660f4007eb2c1071c5939b725ed807ce23b70640809eb2e423444dd,binary
anneal-3730-shared-cargo-consumer-ownership-2026-09-29,support/work/failure/target/debug/incremental/build_script_build-2gqxr9ook7sac/s-hmqwdqxfj4-1r84n2l-bagl4s16unrxhl0emga4xgr59/dep-graph.bin,883212,f7b7b32d3ac58a0cb62330e21d04c3a28aae1d6d24c22e0d231fe7cbbc07bff9,binary
anneal-3730-shared-cargo-consumer-ownership-2026-09-29,support/work/failure/target/debug/incremental/build_script_build-2gqxr9ook7sac/s-hmqwdqxfj4-1r84n2l-bagl4s16unrxhl0emga4xgr59/dfxbmk6nwjpt3rhfar7pj39ar.o,1176,f31803113bc91b49f8e40bc684a06449959ba24b33673b2138ec6c0f4c97f64a,binary
anneal-3730-shared-cargo-consumer-ownership-2026-09-29,support/work/failure/target/debug/incremental/build_script_build-2gqxr9ook7sac/s-hmqwdqxfj4-1r84n2l-bagl4s16unrxhl0emga4xgr59/dhj0mfixuql6sllg5idak5ca9.o,3120,32e991d29a73c71702a96dfc2ca94d420e88ae4be70c6419d166a3e1a0884642,binary
anneal-3730-shared-cargo-consumer-ownership-2026-09-29,support/work/failure/target/debug/incremental/build_script_build-2gqxr9ook7sac/s-hmqwdqxfj4-1r84n2l-bagl4s16unrxhl0emga4xgr59/djofw18fft48ixrnddx2axu13.o,872,c3f2076919d8c5a4eaa517ef980f47e56a6cac314698724122e0332774457841,binary
anneal-3730-shared-cargo-consumer-ownership-2026-09-29,support/work/failure/target/debug/incremental/build_script_build-2gqxr9ook7sac/s-hmqwdqxfj4-1r84n2l-bagl4s16unrxhl0emga4xgr59/do1xroq3us4k4wsxcsdc2fcb6.o,2640,e4ea31248c9b909de10417d46b25350c075d57e70d6bf15d374c444d67eee04e,binary
anneal-3730-shared-cargo-consumer-ownership-2026-09-29,support/work/failure/target/debug/incremental/build_script_build-2gqxr9ook7sac/s-hmqwdqxfj4-1r84n2l-bagl4s16unrxhl0emga4xgr59/ew4cjedrjsv5zbjs7rxizh2kj.o,616,0091ab94dafa122847f1bc9a4f14d0883cdfe16d71a06b4bf2e450eabd33b337,binary
anneal-3730-shared-cargo-consumer-ownership-2026-09-29,support/work/failure/target/debug/incremental/build_script_build-2gqxr9ook7sac/s-hmqwdqxfj4-1r84n2l-bagl4s16unrxhl0emga4xgr59/query-cache.bin,368551,9f7e189ad06baa4d087499b4d73da7cf1651f93d66d4126c9fabbc4cf163708f,binary
anneal-3730-shared-cargo-consumer-ownership-2026-09-29,support/work/failure/target/debug/incremental/build_script_build-2gqxr9ook7sac/s-hmqwdqxfj4-1r84n2l-bagl4s16unrxhl0emga4xgr59/work-products.bin,3709,91088f46cb13fac3d93cc11a019399627dea008f55f23b820bb37aabadae7ea8,binary
anneal-3730-shared-cargo-consumer-ownership-2026-09-29,support/work/failure/target/debug/incremental/build_script_build-2gqxr9ook7sac/s-hmqwdqxfj4-1r84n2l.lock,0,e3b0c44298fc1c149afbf4c8996fb92427ae41e4649b934ca495991b7852b855,0 UTF-8 lines
anneal-3730-shared-cargo-consumer-ownership-2026-09-29,support/work/failure/target/debug/incremental/shared_job_probe-3pctkklk5nagk/s-hmqwdtq3hv-1d9ocfj-0cl06pm8ch3k5r6r7827q52xn/8vp1edhsaewnsvvkqkb3qq31e.o,2216,9033576ffa0777a45cf5c0af42dd498aa85239591c28ba2e7768a3a9d0a733a2,binary
anneal-3730-shared-cargo-consumer-ownership-2026-09-29,support/work/failure/target/debug/incremental/shared_job_probe-3pctkklk5nagk/s-hmqwdtq3hv-1d9ocfj-0cl06pm8ch3k5r6r7827q52xn/dep-graph.bin,19876,7d6e6ce815fa58ea8b7c8794efaa68279015d797060166d7cec39cb4aab70384,binary
anneal-3730-shared-cargo-consumer-ownership-2026-09-29,support/work/failure/target/debug/incremental/shared_job_probe-3pctkklk5nagk/s-hmqwdtq3hv-1d9ocfj-0cl06pm8ch3k5r6r7827q52xn/metadata.rmeta,2487,c49e844956ae9d701c0333d4d17f511f7e474d2051dd58679cb1b510bed0956c,binary
anneal-3730-shared-cargo-consumer-ownership-2026-09-29,support/work/failure/target/debug/incremental/shared_job_probe-3pctkklk5nagk/s-hmqwdtq3hv-1d9ocfj-0cl06pm8ch3k5r6r7827q52xn/query-cache.bin,1463,08b39a0c85a333813249d51c8abd151b2363f0b7cb2424c9c07bbdd504b29339,binary
anneal-3730-shared-cargo-consumer-ownership-2026-09-29,support/work/failure/target/debug/incremental/shared_job_probe-3pctkklk5nagk/s-hmqwdtq3hv-1d9ocfj-0cl06pm8ch3k5r6r7827q52xn/work-products.bin,187,5ddcb089c73661ce7f40c392b94e733c1bc25646cadb278cdde6cd3bfc8114e4,binary
anneal-3730-shared-cargo-consumer-ownership-2026-09-29,support/work/failure/target/debug/incremental/shared_job_probe-3pctkklk5nagk/s-hmqwdtq3hv-1d9ocfj.lock,0,e3b0c44298fc1c149afbf4c8996fb92427ae41e4649b934ca495991b7852b855,0 UTF-8 lines
anneal-3730-shared-cargo-consumer-ownership-2026-09-29,support/work/failure/target/debug/libshared_job_probe.d,650,c3a5d045fe5672ef933769cfee219e60b001aee88d51ece13a7367d98aef1140,1 UTF-8 lines
anneal-3730-shared-cargo-consumer-ownership-2026-09-29,support/work/failure/target/debug/libshared_job_probe.rlib,5872,ee6b5832ef3a61ae2890c49e72e8856b58967b5baf44fa1775a06bca3fc5a7ea,binary
